METRIC;ITERATION;QUESTION;ANSWER;VISUAL_ANSWER;JUDGE_VALUE;FAILS;MUTED;NLU_OUTPUT;METRIC_SCORES
Accuracy;1;Can I go directly from q2 to q4 with a single transition?;there is no transition between q2 and q4.;[];[1.0, 1.0, 1.0, 1.0];1.0;0;False;{'user_input': 'Can I go directly from q2 to q4 with a single transition?', 'intent': 'fsa-practical', 'argument': 'transition', 'dialogue_act': 'Ta:propositionalQuestion', 'frame': {'transitions': [['q2', 'q4', '?']]}};[1.0, 1.0, 1.0, 1.0]
Accuracy;1;what is the transition from this to that?;There is no transition between q2 and q4.;[];[1.0, 1.0, 1.0, 1.0];1.0;0;False;{'user_input': 'what is the transition from this to that?', 'intent': 'fsa-practical', 'argument': 'transition', 'dialogue_act': 'Ta:request', 'frame': {'states': ['q2', 'q4']}, '_raw_frame': {'transitions': []}};[1.0, 1.0, 1.0, 1.0]
Accuracy;1;sorry, i meant the transition that goes from this to that.;There is no transition between q2 and q4.;[];[0.95, 0.9, 1.0, 1.0];0.95;0;False;{'user_input': 'sorry, i meant the transition that goes from this to that.', 'intent': 'fsa-practical', 'argument': 'transition', 'dialogue_act': 'Ta:request', 'frame': {'states': ['q2', 'q4']}, '_raw_frame': {'transitions': []}};[0.95, 0.9, 1.0, 1.0]
Accuracy;1;which states in this automaton have no transitions?;The automaton has 5 states: q0, q1, q2, q3 and q4.;['simbolo-q0', 'simbolo-q1', 'simbolo-q2', 'simbolo-q3', 'simbolo-q4'];[0.0, 0.2, 0.0, 0.2];0.0;1;False;{'user_input': 'which states in this automaton have no transitions?', 'intent': 'fsa-practical', 'argument': 'state', 'dialogue_act': 'Ta:request', 'frame': {'stateType': '?'}};[0.0, 0.2, 0.0, 0.2]
Accuracy;1;How many transitions does this automaton have?;MUTATION The automaton has 5 transitions: q0 with value 1 goes to q1, q1 with value 1 goes to q2, q2 with value 0 goes to q3, q3 with value 0 goes to q4, q4 with value 0 goes to q0.;['simbolo-q0-q1', 'simbolo-q1-q2', 'simbolo-q2-q3', 'simbolo-q3-q4', 'simbolo-q4-q0'];[1.0, 1.0, 1.0, 1.0];1.0;1;True;{'user_input': 'How many transitions does this automaton have?', 'intent': 'fsa-practical', 'argument': 'transition', 'dialogue_act': 'Ta:request', 'frame': {'numberOfTransitions': '?'}};[1.0, 1.0, 1.0, 1.0]
Accuracy;1;i want to know the number of final states of this automaton’s states, is it 5?;The automaton has 5 states: q0, q1, q2, q3 and q4.;['simbolo-q0', 'simbolo-q1', 'simbolo-q2', 'simbolo-q3', 'simbolo-q4'];[0.1, 0.2, 0.2, 0.9];0.0;2;False;{'user_input': 'i want to know the number of final states of this automaton’s states, is it 5?', 'intent': 'fsa-practical', 'argument': 'state', 'dialogue_act': 'Ta:request', 'frame': {'numberOfFinalStates': '5'}};[0.1, 0.2, 0.2, 0.9]
Accuracy;1;What is the alphabet used by this automaton, considering that it has 5 final states?;Could you be more specific?;[];[0.0, 0.1, 0.0, 1.0];0.0;3;False;{'user_input': 'What is the alphabet used by this automaton, considering that it has 5 final states?', 'intent': 'fsa-practical', 'argument': 'alphabet', 'dialogue_act': 'Ta:request', 'frame': {'alphabet': '?'}};[0.0, 0.1, 0.0, 1.0]
Accuracy;1;what is the alphabet of this automaton?;Could you be more specific?;[];[0.0, 0.1, 0.0, 1.0];0.0;4;False;{'user_input': 'what is the alphabet of this automaton?', 'intent': 'fsa-practical', 'argument': 'alphabet', 'dialogue_act': 'Ta:request', 'frame': {'alphabet': '?'}};[0.0, 0.1, 0.0, 1.0]
Accuracy;1;what is the alphabet of this automaton?;Could you be more specific?;[];[0.0, 0.1, 0.0, 1.0];0.0;5;False;{'user_input': 'what is the alphabet of this automaton?', 'intent': 'fsa-practical', 'argument': 'alphabet', 'dialogue_act': 'Ta:request', 'frame': {'alphabet': '?'}};[0.0, 0.1, 0.0, 1.0]
Accuracy;1;What is the alphabet of this automaton?;Could you be more specific?;[];[0.0, 0.1, 0.0, 1.0];0.0;6;False;{'user_input': 'What is the alphabet of this automaton?', 'intent': 'fsa-practical', 'argument': 'alphabet', 'dialogue_act': 'Ta:request', 'frame': {'alphabet': '?'}};[0.0, 0.1, 0.0, 1.0]
Accuracy;1;what is the alphabet of this automaton so that i can determine the optimal spatial representation?;Could you be more specific?;[];[0.1, 0.1, 0.1, 1.0];0.1;7;False;{'user_input': 'what is the alphabet of this automaton so that i can determine the optimal spatial representation?', 'intent': 'fsa-practical', 'argument': 'alphabet', 'dialogue_act': 'Ta:request', 'frame': {'alphabet': '?'}};[0.1, 0.1, 0.1, 1.0]
Accuracy;1;what is the alphabet of this automaton?;Could you be more specific?;[];[0.0, 0.1, 0.0, 1.0];0.0;8;False;{'user_input': 'what is the alphabet of this automaton?', 'intent': 'fsa-practical', 'argument': 'alphabet', 'dialogue_act': 'Ta:request', 'frame': {'alphabet': '?'}};[0.0, 0.1, 0.0, 1.0]
Accuracy;1;What is the alphabet of this automaton?;Could you be more specific?;[];[0.0, 0.1, 0.0, 1.0];0.0;9;False;{'user_input': 'What is the alphabet of this automaton?', 'intent': 'fsa-practical', 'argument': 'alphabet', 'dialogue_act': 'Ta:request', 'frame': {'alphabet': '?'}};[0.0, 0.1, 0.0, 1.0]
Accuracy;1;before i say goodbye, could you please tell me what the alphabet of this automaton is?;Could you be more specific?;[];[0.0, 0.1, 0.0, 1.0];0.0;10;False;{'user_input': 'before i say goodbye, could you please tell me what the alphabet of this automaton is?', 'intent': 'fsa-practical', 'argument': 'alphabet', 'dialogue_act': 'Ta:request', 'frame': {'alphabet': '?'}};[0.0, 0.1, 0.0, 1.0]
Accuracy;1;thank you, could you please tell me what the alphabet of this automaton is?;Could you be more specific?;[];[0.0, 0.1, 0.0, 1.0];0.0;11;False;{'user_input': 'thank you, could you please tell me what the alphabet of this automaton is?', 'intent': 'fsa-practical', 'argument': 'alphabet', 'dialogue_act': 'Ta:propositionalQuestion', 'frame': {'alphabet': '?'}};[0.0, 0.1, 0.0, 1.0]
Accuracy;2;What is the label of the transition that goes from q3 back toward q0?;there is no transition between q3 and q0.;[];[1.0, 1.0, 1.0, 1.0];1.0;0;False;{'user_input': 'What is the label of the transition that goes from q3 back toward q0?', 'intent': 'fsa-practical', 'argument': 'transition', 'dialogue_act': 'Ta:request', 'frame': {'transitions': [['q3', 'q0', '?']]}};[1.0, 1.0, 1.0, 1.0]
Accuracy;2;what is the symbol of the transition from that to this in this automaton?;There is no transition between q0 and q3.;[];[1.0, 1.0, 1.0, 1.0];1.0;0;False;{'user_input': 'what is the symbol of the transition from that to this in this automaton?', 'intent': 'fsa-practical', 'argument': 'transition', 'dialogue_act': 'Ta:request', 'frame': {'states': ['q0', 'q3']}, '_raw_frame': {'transitions': []}};[1.0, 1.0, 1.0, 1.0]
Accuracy;2;can you tell me the transition between states q0 and q3?;there is no transition between q0 and q3.;[];[1.0, 1.0, 1.0, 1.0];1.0;0;False;{'user_input': 'can you tell me the transition between states q0 and q3?', 'intent': 'fsa-practical', 'argument': 'transition', 'dialogue_act': 'Ta:request', 'frame': {'transitions': [['q0', 'q3', '?']]}};[1.0, 1.0, 1.0, 1.0]
Accuracy;2;can you show me the transitions of this pentagon-shaped automaton?;The automaton accepts zero or more words formed by a sequence of the type 11000. In total there are 5 states: q0, q1, q2, q3 and q4. q0 is both the initial and the final state. The transitions are: q0 with value 1 goes to q1, q1 with value 1 goes to q2, q2 with value 0 goes to q3, q3 with value 0 goes to q4, q4 with value 0 goes to q0.;[];[0.95, 0.9, 1.0, 1.0];0.95;0;False;{'user_input': 'can you show me the transitions of this pentagon-shaped automaton?', 'intent': 'fsa-practical', 'argument': 'automaton', 'dialogue_act': 'Ta:request', 'frame': {}};[0.95, 0.9, 1.0, 1.0]
Accuracy;2;Can you check if my practical question about this automaton is correct?;The automaton accepts zero or more words formed by a sequence of the type 11000. In total there are 5 states: q0, q1, q2, q3 and q4. q0 is both the initial and the final state. The transitions are: q0 with value 1 goes to q1, q1 with value 1 goes to q2, q2 with value 0 goes to q3, q3 with value 0 goes to q4, q4 with value 0 goes to q0.;[];[0.95, 0.95, 1.0, 1.0];0.95;0;False;{'user_input': 'Can you check if my practical question about this automaton is correct?', 'intent': 'fsa-practical', 'argument': 'automaton', 'dialogue_act': 'Ta:request', 'frame': {}};[0.95, 0.95, 1.0, 1.0]
Accuracy;2;This automaton is wrong. The automaton argument is not correct for the practical finite state automaton task.;The automaton accepts zero or more words formed by a sequence of the type 11000. In total there are 5 states: q0, q1, q2, q3 and q4. q0 is both the initial and the final state. The transitions are: q0 with value 1 goes to q1, q1 with value 1 goes to q2, q2 with value 0 goes to q3, q3 with value 0 goes to q4, q4 with value 0 goes to q0.;[];[0.2, 0.4, 0.3, 1.0];0.2;1;False;{'user_input': 'This automaton is wrong. The automaton argument is not correct for the practical finite state automaton task.', 'intent': 'fsa-practical', 'argument': 'automaton', 'dialogue_act': 'Ta:request', 'frame': {'automatonType': 'finiteStateAutomaton', 'input': 'input'}};[0.2, 0.4, 0.3, 1.0]
Accuracy;2;Hi, could you help me with this finite state automaton by checking what output it produces for a given input?;The automaton accepts zero or more words formed by a sequence of the type 11000. In total there are 5 states: q0, q1, q2, q3 and q4. q0 is both the initial and the final state. The transitions are: q0 with value 1 goes to q1, q1 with value 1 goes to q2, q2 with value 0 goes to q3, q3 with value 0 goes to q4, q4 with value 0 goes to q0.;[];[0.4, 0.6, 0.5, 1.0];0.4;1;False;{'user_input': 'Hi, could you help me with this finite state automaton by checking what output it produces for a given input?', 'intent': 'fsa-practical', 'argument': 'automaton', 'dialogue_act': 'Ta:request', 'frame': {}};[0.4, 0.6, 0.5, 1.0]
Accuracy;2;can you show me how this finite state automaton processes the input?;The automaton accepts zero or more words formed by a sequence of the type 11000. In total there are 5 states: q0, q1, q2, q3 and q4. q0 is both the initial and the final state. The transitions are: q0 with value 1 goes to q1, q1 with value 1 goes to q2, q2 with value 0 goes to q3, q3 with value 0 goes to q4, q4 with value 0 goes to q0.;[];[0.4, 0.6, 0.4, 1.0];0.4;1;False;{'user_input': 'can you show me how this finite state automaton processes the input?', 'intent': 'fsa-practical', 'argument': 'automaton', 'dialogue_act': 'Ta:request', 'frame': {}};[0.4, 0.6, 0.4, 1.0]
Accuracy;2;For the finite state automaton shown, what is the output for the input string 11000?;The automaton accepts zero or more words formed by a sequence of the type 11000. In total there are 5 states: q0, q1, q2, q3 and q4. q0 is both the initial and the final state. The transitions are: q0 with value 1 goes to q1, q1 with value 1 goes to q2, q2 with value 0 goes to q3, q3 with value 0 goes to q4, q4 with value 0 goes to q0.;[];[0.4, 0.6, 0.5, 1.0];0.2;2;False;{'user_input': 'For the finite state automaton shown, what is the output for the input string 11000?', 'intent': 'fsa-practical', 'argument': 'automaton', 'dialogue_act': 'Ta:request', 'frame': {'input': '11000'}};[0.4, 0.6, 0.5, 1.0]
Accuracy;2;can you tell me what the graphic representation of this automaton is, for example if it is drawn as a pentagon?;The automaton accepts zero or more words formed by a sequence of the type 11000. In total there are 5 states: q0, q1, q2, q3 and q4. q0 is both the initial and the final state. The transitions are: q0 with value 1 goes to q1, q1 with value 1 goes to q2, q2 with value 0 goes to q3, q3 with value 0 goes to q4, q4 with value 0 goes to q0.;[];[0.3, 0.4, 0.4, 1.0];0.2;3;False;{'user_input': 'can you tell me what the graphic representation of this automaton is, for example if it is drawn as a pentagon?', 'intent': 'fsa-practical', 'argument': 'automaton', 'dialogue_act': 'Ta:request', 'frame': {'graphicRepresentation': '?'}};[0.3, 0.4, 0.4, 1.0]
Accuracy;2;What is the graphical representation pattern of this finite state automaton?;Could you be more specific?;[];[0.1, 0.1, 0.1, 1.0];0.1;4;False;{'user_input': 'What is the graphical representation pattern of this finite state automaton?', 'intent': 'fsa-practical', 'argument': 'pattern', 'dialogue_act': 'Ta:request', 'frame': {'graphicRepresentation': '?'}};[0.1, 0.1, 0.1, 1.0]
Accuracy;2;Can you show me the graphic representation of the current state in this finite state automaton?;The automaton accepts zero or more words formed by a sequence of the type 11000. In total there are 5 states: q0, q1, q2, q3 and q4. q0 is both the initial and the final state. The transitions are: q0 with value 1 goes to q1, q1 with value 1 goes to q2, q2 with value 0 goes to q3, q3 with value 0 goes to q4, q4 with value 0 goes to q0.;[];[0.2, 0.3, 0.3, 1.0];0.2;5;False;{'user_input': 'Can you show me the graphic representation of the current state in this finite state automaton?', 'intent': 'fsa-practical', 'argument': None, 'dialogue_act': 'Ta:request', 'frame': {'graphicRepresentation': '?'}};[0.2, 0.3, 0.3, 1.0]
Accuracy;2;What is the graphical representation of this pattern?;Could you be more specific?;[];[0.1, 0.2, 0.1, 1.0];0.1;6;False;{'user_input': 'What is the graphical representation of this pattern?', 'intent': 'fsa-practical', 'argument': 'pattern', 'dialogue_act': 'Ta:request', 'frame': {'graphicRepresentation': '?'}};[0.1, 0.2, 0.1, 1.0]
Accuracy;2;what are the possible initial states of this automaton pattern, q1 and q2?;The automaton has 5 states: q0, q1, q2, q3 and q4.;['simbolo-q0', 'simbolo-q1', 'simbolo-q2', 'simbolo-q3', 'simbolo-q4'];[0.1, 0.2, 0.2, 0.9];0.1;7;False;{'user_input': 'what are the possible initial states of this automaton pattern, q1 and q2?', 'intent': 'fsa-practical', 'argument': 'state', 'dialogue_act': 'Ta:request', 'frame': {'initialStates': 'q1'}};[0.1, 0.2, 0.2, 0.9]
Accuracy;2;"Thank you for explaining the states; I understand that the initial state is q1.";It is not the initial state.;[];[1.0, 1.0, 1.0, 1.0];1.0;7;False;"{'user_input': 'Thank you for explaining the states; I understand that the initial state is q1.', 'intent': 'fsa-practical', 'argument': 'state', 'dialogue_act': 'Ta:propositionalQuestion', 'frame': {'initialState': 'q1'}}";[1.0, 1.0, 1.0, 1.0]
Accuracy;3;Is q0 the only final state in this automaton or are there others?;The automaton has 5 states: q0, q1, q2, q3 and q4.;['simbolo-q0', 'simbolo-q1', 'simbolo-q2', 'simbolo-q3', 'simbolo-q4'];[0.0, 0.2, 0.0, 0.3];0.0;1;False;{'user_input': 'Is q0 the only final state in this automaton or are there others?', 'intent': 'fsa-practical', 'argument': 'state', 'dialogue_act': 'Ta:request', 'frame': {'stateCount': '?'}};[0.0, 0.2, 0.0, 0.3]
Accuracy;3;how many states does this automaton have?;This automaton has 5 states;['simbolo-q0', 'simbolo-q1', 'simbolo-q2', 'simbolo-q3', 'simbolo-q4'];[1.0, 1.0, 1.0, 1.0];1.0;1;False;{'user_input': 'how many states does this automaton have?', 'intent': 'fsa-practical', 'argument': 'state', 'dialogue_act': 'Ta:request', 'frame': {'numberOfStates': '?'}};[1.0, 1.0, 1.0, 1.0]
Accuracy;3;what is the alphabet of this finite state automaton?;Could you be more specific?;[];[0.0, 0.1, 0.0, 1.0];0.0;2;False;{'user_input': 'what is the alphabet of this finite state automaton?', 'intent': 'fsa-practical', 'argument': 'alphabet', 'dialogue_act': 'Ta:request', 'frame': {'alphabet': '?'}};[0.0, 0.1, 0.0, 1.0]
Accuracy;3;what is the alphabet of this automaton?;Could you be more specific?;[];[0.0, 0.1, 0.0, 1.0];0.0;3;False;{'user_input': 'what is the alphabet of this automaton?', 'intent': 'fsa-practical', 'argument': 'alphabet', 'dialogue_act': 'Ta:request', 'frame': {'alphabet': '?'}};[0.0, 0.1, 0.0, 1.0]
Accuracy;3;Before we say goodbye, could you tell me what the alphabet of this finite state automaton is?;Could you be more specific?;[];[0.0, 0.1, 0.0, 1.0];0.0;4;False;{'user_input': 'Before we say goodbye, could you tell me what the alphabet of this finite state automaton is?', 'intent': 'fsa-practical', 'argument': 'alphabet', 'dialogue_act': 'Ta:propositionalQuestion', 'frame': {'alphabet': '?'}};[0.0, 0.1, 0.0, 1.0]
Accuracy;3;In this deterministic automaton, what is the alphabet of the language it recognizes?;Could you be more specific?;[];[0.0, 0.1, 0.0, 1.0];0.0;5;False;{'user_input': 'In this deterministic automaton, what is the alphabet of the language it recognizes?', 'intent': 'fsa-practical', 'argument': 'alphabet', 'dialogue_act': 'Ta:request', 'frame': {'alphabet': '?'}};[0.0, 0.1, 0.0, 1.0]
Accuracy;3;What is the alphabet of this automaton?;Could you be more specific?;[];[0.0, 0.1, 0.0, 1.0];0.0;6;False;{'user_input': 'What is the alphabet of this automaton?', 'intent': 'fsa-practical', 'argument': 'alphabet', 'dialogue_act': 'Ta:request', 'frame': {'alphabet': '?'}};[0.0, 0.1, 0.0, 1.0]
Accuracy;3;What is the alphabet of this deterministic automaton?;Could you be more specific?;[];[0.0, 0.1, 0.0, 1.0];0.0;7;False;{'user_input': 'What is the alphabet of this deterministic automaton?', 'intent': 'fsa-practical', 'argument': 'alphabet', 'dialogue_act': 'Ta:request', 'frame': {'alphabet': '?'}};[0.0, 0.1, 0.0, 1.0]
Accuracy;3;How many transitions are there in the automaton?;MUTATION The automaton has 5 transitions: q0 with value 1 goes to q1, q1 with value 1 goes to q2, q2 with value 0 goes to q3, q3 with value 0 goes to q4, q4 with value 0 goes to q0.;['simbolo-q0-q1', 'simbolo-q1-q2', 'simbolo-q2-q3', 'simbolo-q3-q4', 'simbolo-q4-q0'];[1.0, 1.0, 1.0, 1.0];1.0;7;True;{'user_input': 'How many transitions are there in the automaton?', 'intent': 'fsa-practical', 'argument': 'transition', 'dialogue_act': 'Ta:request', 'frame': {'numberOfTransitions': '?'}};[1.0, 1.0, 1.0, 1.0]
Accuracy;3;what is the alphabet of this finite state automaton?;Could you be more specific?;[];[0.0, 0.1, 0.0, 1.0];0.0;8;False;{'user_input': 'what is the alphabet of this finite state automaton?', 'intent': 'fsa-practical', 'argument': 'alphabet', 'dialogue_act': 'Ta:request', 'frame': {'alphabet': '?'}};[0.0, 0.1, 0.0, 1.0]
Accuracy;3;What is the alphabet of this automaton?;Could you be more specific?;[];[0.0, 0.1, 0.0, 1.0];0.0;9;False;{'user_input': 'What is the alphabet of this automaton?', 'intent': 'fsa-practical', 'argument': 'alphabet', 'dialogue_act': 'Ta:request', 'frame': {'alphabet': '?'}};[0.0, 0.1, 0.0, 1.0]
Accuracy;3;What is the alphabet of this automaton?;Could you be more specific?;[];[0.0, 0.1, 0.0, 1.0];0.0;10;False;{'user_input': 'What is the alphabet of this automaton?', 'intent': 'fsa-practical', 'argument': 'alphabet', 'dialogue_act': 'Ta:request', 'frame': {'alphabet': '?'}};[0.0, 0.1, 0.0, 1.0]
Accuracy;3;before i go, could you tell me what the alphabet of this automaton is?;Could you be more specific?;[];[0.0, 0.1, 0.0, 1.0];0.0;11;False;{'user_input': 'before i go, could you tell me what the alphabet of this automaton is?', 'intent': 'fsa-practical', 'argument': 'alphabet', 'dialogue_act': 'Ta:request', 'frame': {'alphabet': '?'}};[0.0, 0.1, 0.0, 1.0]
Accuracy;3;What is the alphabet of this automaton, is it [“1”, “0”]?;Could you be more specific?;[];[0.1, 0.1, 0.1, 1.0];0.0;12;False;{'user_input': 'What is the alphabet of this automaton, is it [“1”, “0”]?', 'intent': 'fsa-practical', 'argument': 'alphabet', 'dialogue_act': 'Ta:request', 'frame': {'alphabet': '1'}};[0.1, 0.1, 0.1, 1.0]
Accuracy;3;What is the alphabet of this automaton if it only includes the symbol 1?;Could you be more specific?;[];[0.0, 0.1, 0.0, 1.0];0.0;13;False;{'user_input': 'What is the alphabet of this automaton if it only includes the symbol 1?', 'intent': 'fsa-practical', 'argument': 'alphabet', 'dialogue_act': 'Ta:request', 'frame': {'alphabet': '1'}};[0.0, 0.1, 0.0, 1.0]
Accuracy;4;Over which alphabet is this finite state machine defined?;Could you be more specific?;[];[0.0, 0.1, 0.0, 1.0];0.0;1;False;{'user_input': 'Over which alphabet is this finite state machine defined?', 'intent': 'fsa-practical', 'argument': 'alphabet', 'dialogue_act': 'Ta:request', 'frame': {'alphabet': '?'}};[0.0, 0.1, 0.0, 1.0]
Accuracy;4;what is the alphabet of this automaton?;Could you be more specific?;[];[0.0, 0.1, 0.0, 1.0];0.0;2;False;{'user_input': 'what is the alphabet of this automaton?', 'intent': 'fsa-practical', 'argument': 'alphabet', 'dialogue_act': 'Ta:request', 'frame': {'alphabet': '?'}};[0.0, 0.1, 0.0, 1.0]
Accuracy;4;What is the alphabet of this automaton?;Could you be more specific?;[];[0.0, 0.1, 0.0, 1.0];0.0;3;False;{'user_input': 'What is the alphabet of this automaton?', 'intent': 'fsa-practical', 'argument': 'alphabet', 'dialogue_act': 'Ta:request', 'frame': {'alphabet': '?'}};[0.0, 0.1, 0.0, 1.0]
Accuracy;4;What is the alphabet of this automaton?;Could you be more specific?;[];[0.0, 0.1, 0.0, 1.0];0.0;4;False;{'user_input': 'What is the alphabet of this automaton?', 'intent': 'fsa-practical', 'argument': 'alphabet', 'dialogue_act': 'Ta:request', 'frame': {'alphabet': '?'}};[0.0, 0.1, 0.0, 1.0]
Accuracy;4;What is the alphabet of this automaton?;Could you be more specific?;[];[0.0, 0.1, 0.0, 1.0];0.0;5;False;{'user_input': 'What is the alphabet of this automaton?', 'intent': 'fsa-practical', 'argument': 'alphabet', 'dialogue_act': 'Ta:request', 'frame': {'alphabet': '?'}};[0.0, 0.1, 0.0, 1.0]
Accuracy;4;which states in this automaton have no transitions?;The state q0 exists.;['simbolo-q0'];[0.0, 0.1, 0.0, 0.2];0.0;6;False;{'user_input': 'which states in this automaton have no transitions?', 'intent': 'fsa-practical', 'argument': 'state', 'dialogue_act': 'Ta:request', 'frame': {'states': '?'}};[0.0, 0.1, 0.0, 0.2]
Accuracy;4;Hi, can you tell me what the states of this automaton are?;The state q0 exists.;['simbolo-q0'];[0.2, 0.4, 0.2, 0.9];0.2;7;False;{'user_input': 'Hi, can you tell me what the states of this automaton are?', 'intent': 'fsa-practical', 'argument': 'state', 'dialogue_act': 'Ta:request', 'frame': {'states': '?'}};[0.2, 0.4, 0.2, 0.9]
Accuracy;4;"The automaton in the image has 5 states, but I think the information about the states is wrong; can you correct the states?";There are 5 states in this automaton.;['simbolo-q0', 'simbolo-q1', 'simbolo-q2', 'simbolo-q3', 'simbolo-q4'];[0.1, 0.2, 0.1, 0.9];0.1;8;False;"{'user_input': 'The automaton in the image has 5 states, but I think the information about the states is wrong; can you correct the states?', 'intent': 'fsa-practical', 'argument': 'state', 'dialogue_act': 'Ta:request', 'frame': {'numberOfStates': '5'}}";[0.1, 0.2, 0.1, 0.9]
Accuracy;4;What is the initial state of this automaton?;The initial state is q0.;['simbolo-q0'];[1.0, 1.0, 1.0, 1.0];1.0;8;False;{'user_input': 'What is the initial state of this automaton?', 'intent': 'fsa-practical', 'argument': 'state', 'dialogue_act': 'Ta:request', 'frame': {'initialState': '?'}};[1.0, 1.0, 1.0, 1.0]
Accuracy;4;how many transitions are there in the states of this automaton?;MUTATION The automaton has 5 transitions: q0 with value 1 goes to q1, q1 with value 1 goes to q2, q2 with value 0 goes to q3, q3 with value 0 goes to q4, q4 with value 0 goes to q0.;['simbolo-q0-q1', 'simbolo-q1-q2', 'simbolo-q2-q3', 'simbolo-q3-q4', 'simbolo-q4-q0'];[1.0, 1.0, 1.0, 1.0];1.0;8;True;{'user_input': 'how many transitions are there in the states of this automaton?', 'intent': 'fsa-practical', 'argument': 'transition', 'dialogue_act': 'Ta:request', 'frame': {'numberOfTransitions': '?'}};[1.0, 1.0, 1.0, 1.0]
Accuracy;4;How many transitions are there in the states of this automaton?;MUTATION The automaton has 5 transitions: q0 with value 1 goes to q1, q1 with value 1 goes to q2, q2 with value 0 goes to q3, q3 with value 0 goes to q4, q4 with value 0 goes to q0.;['simbolo-q0-q1', 'simbolo-q1-q2', 'simbolo-q2-q3', 'simbolo-q3-q4', 'simbolo-q4-q0'];[1.0, 1.0, 1.0, 1.0];1.0;8;True;{'user_input': 'How many transitions are there in the states of this automaton?', 'intent': 'fsa-practical', 'argument': 'transition', 'dialogue_act': 'Ta:request', 'frame': {'numberOfTransitions': '?'}};[1.0, 1.0, 1.0, 1.0]
Accuracy;5;Does this automaton accept the input string 11000?;Could you be more specific?;[];[0.0, 0.1, 0.0, 1.0];0.0;1;False;{'user_input': 'Does this automaton accept the input string 11000?', 'intent': 'fsa-practical', 'argument': 'language', 'dialogue_act': 'Ta:request', 'frame': {'input': '11000'}};[0.0, 0.1, 0.0, 1.0]
Accuracy;5;What is the language accepted by this automaton for the input string 11000?;Could you be more specific?;[];[0.0, 0.1, 0.0, 1.0];0.0;2;False;{'user_input': 'What is the language accepted by this automaton for the input string 11000?', 'intent': 'fsa-practical', 'argument': 'language', 'dialogue_act': 'Ta:request', 'frame': {'input': '11000'}};[0.0, 0.1, 0.0, 1.0]
Accuracy;5;on which state does the automaton end after processing the input 11000?;The state q0 exists.;['simbolo-q0'];[0.0, 0.2, 0.0, 0.2];0.0;3;False;{'user_input': 'on which state does the automaton end after processing the input 11000?', 'intent': 'fsa-practical', 'argument': 'state', 'dialogue_act': 'Ta:request', 'frame': {'states': '?'}};[0.0, 0.2, 0.0, 0.2]
Accuracy;5;how many states does this automaton have?;This automaton has 5 states;['simbolo-q0', 'simbolo-q1', 'simbolo-q2', 'simbolo-q3', 'simbolo-q4'];[1.0, 1.0, 1.0, 1.0];1.0;3;False;{'user_input': 'how many states does this automaton have?', 'intent': 'fsa-practical', 'argument': 'state', 'dialogue_act': 'Ta:request', 'frame': {'numberOfStates': '?'}};[1.0, 1.0, 1.0, 1.0]
Accuracy;5;i’m leaving now, but before i go, could you tell me what the states of this automaton are?;The state q0 exists.;['simbolo-q0'];[0.2, 0.4, 0.2, 0.8];0.2;4;False;{'user_input': 'i’m leaving now, but before i go, could you tell me what the states of this automaton are?', 'intent': 'fsa-practical', 'argument': 'state', 'dialogue_act': 'Ta:request', 'frame': {'states': '?'}};[0.2, 0.4, 0.2, 0.8]
Accuracy;5;can you tell me what the states of this automaton are?;The state q0 exists.;['simbolo-q0'];[0.2, 0.4, 0.2, 0.9];0.2;5;False;{'user_input': 'can you tell me what the states of this automaton are?', 'intent': 'fsa-practical', 'argument': 'state', 'dialogue_act': 'Ta:request', 'frame': {'states': '?'}};[0.2, 0.4, 0.2, 0.9]
Accuracy;5;what are the states of this automaton?;The state q0 exists.;['simbolo-q0'];[0.2, 0.3, 0.2, 0.9];0.2;6;False;{'user_input': 'what are the states of this automaton?', 'intent': 'fsa-practical', 'argument': 'state', 'dialogue_act': 'Ta:request', 'frame': {'states': '?'}};[0.2, 0.3, 0.2, 0.9]
Accuracy;5;What are the states of this automaton?;The state q0 exists.;['simbolo-q0'];[0.2, 0.3, 0.2, 0.4];0.2;7;False;{'user_input': 'What are the states of this automaton?', 'intent': 'fsa-practical', 'argument': 'state', 'dialogue_act': 'Ta:request', 'frame': {'states': '?'}};[0.2, 0.3, 0.2, 0.4]
Relevancy;1;Is there any transition leaving state q2 that goes directly to q4?;there is no transition between q2 and q4.;[];[1.0, 1.0, 1.0, 1.0];1.0;0;False;{'user_input': 'Is there any transition leaving state q2 that goes directly to q4?', 'intent': 'fsa-practical', 'argument': 'transition', 'dialogue_act': 'Ta:propositionalQuestion', 'frame': {'transitions': [['q2', 'q4', '?']]}};[1.0, 1.0, 1.0, 1.0]
Relevancy;1;what is the transition from this to that?;There is no transition between q2 and q4.;[];[1.0, 1.0, 1.0, 1.0];0.2;1;False;{'user_input': 'what is the transition from this to that?', 'intent': 'fsa-practical', 'argument': 'transition', 'dialogue_act': 'Ta:request', 'frame': {'states': ['q2', 'q4']}, '_raw_frame': {'transitions': []}};[1.0, 1.0, 1.0, 1.0]
Relevancy;1;"The automaton shown has 7 transitions in total; can you confirm the number of transitions?";MUTATION The automaton has 5 transitions: q0 with value 1 goes to q1, q1 with value 1 goes to q2, q2 with value 0 goes to q3, q3 with value 0 goes to q4, q4 with value 0 goes to q0.;['simbolo-q0-q1', 'simbolo-q1-q2', 'simbolo-q2-q3', 'simbolo-q3-q4', 'simbolo-q4-q0'];[1.0, 1.0, 1.0, 1.0];1.0;1;True;"{'user_input': 'The automaton shown has 7 transitions in total; can you confirm the number of transitions?', 'intent': 'fsa-practical', 'argument': 'transition', 'dialogue_act': 'Ta:request', 'frame': {'numberOfTransitions': '7'}}";[1.0, 1.0, 1.0, 1.0]
Relevancy;1;What are the transitions that involve states q2 and q4 in this automaton?;there is no transition between q2 and q4.;[];[0.2, 0.6, 0.2, 1.0];0.4;1;False;{'user_input': 'What are the transitions that involve states q2 and q4 in this automaton?', 'intent': 'fsa-practical', 'argument': 'transition', 'dialogue_act': 'Ta:request', 'frame': {'transitions': [['q2', 'q4', '?']]}};[0.2, 0.6, 0.2, 1.0]
Relevancy;1;Can you explain the transition between states q2 and q4 in this automaton?;there is no transition between q2 and q4.;[];[1.0, 1.0, 1.0, 1.0];1.0;1;False;{'user_input': 'Can you explain the transition between states q2 and q4 in this automaton?', 'intent': 'fsa-practical', 'argument': 'transition', 'dialogue_act': 'Ta:propositionalQuestion', 'frame': {'transitions': [['q2', 'q4', '?']]}};[1.0, 1.0, 1.0, 1.0]
Relevancy;1;can you explain the transition between states q2 and q4 in this automaton?;there is no transition between q2 and q4.;[];[1.0, 1.0, 1.0, 1.0];1.0;1;False;{'user_input': 'can you explain the transition between states q2 and q4 in this automaton?', 'intent': 'fsa-practical', 'argument': 'transition', 'dialogue_act': 'Ta:request', 'frame': {'transitions': [['q2', 'q4', '?']]}};[1.0, 1.0, 1.0, 1.0]
Relevancy;1;how many final states does this automaton have?;The automaton has 5 states: q0, q1, q2, q3 and q4.;['simbolo-q0', 'simbolo-q1', 'simbolo-q2', 'simbolo-q3', 'simbolo-q4'];[0.0, 0.2, 0.0, 0.2];0.2;2;False;{'user_input': 'how many final states does this automaton have?', 'intent': 'fsa-practical', 'argument': 'state', 'dialogue_act': 'Ta:request', 'frame': {'numberOfFinalStates': '?'}};[0.0, 0.2, 0.0, 0.2]
Relevancy;1;How many final states does this automaton have?;The automaton has 5 states: q0, q1, q2, q3 and q4.;['simbolo-q0', 'simbolo-q1', 'simbolo-q2', 'simbolo-q3', 'simbolo-q4'];[0.0, 0.2, 0.0, 0.2];0.2;3;False;{'user_input': 'How many final states does this automaton have?', 'intent': 'fsa-practical', 'argument': 'state', 'dialogue_act': 'Ta:request', 'frame': {'numberOfFinalStates': '?'}};[0.0, 0.2, 0.0, 0.2]
Relevancy;1;how many final states does this automaton have?;The automaton has 5 states: q0, q1, q2, q3 and q4.;['simbolo-q0', 'simbolo-q1', 'simbolo-q2', 'simbolo-q3', 'simbolo-q4'];[0.0, 0.2, 0.0, 0.2];0.2;4;False;{'user_input': 'how many final states does this automaton have?', 'intent': 'fsa-practical', 'argument': 'state', 'dialogue_act': 'Ta:request', 'frame': {'numberOfFinalStates': '?'}};[0.0, 0.2, 0.0, 0.2]
Relevancy;1;Is there only one final state in this automaton, or are there multiple final states?;The automaton has 5 states: q0, q1, q2, q3 and q4.;['simbolo-q0', 'simbolo-q1', 'simbolo-q2', 'simbolo-q3', 'simbolo-q4'];[0.1, 0.2, 0.2, 0.9];0.2;5;False;{'user_input': 'Is there only one final state in this automaton, or are there multiple final states?', 'intent': 'fsa-practical', 'argument': 'state', 'dialogue_act': 'Ta:request', 'frame': {'numberOfFinalStates': '?'}};[0.1, 0.2, 0.2, 0.9]
Relevancy;1;Can you check how many final states this automaton has?;The automaton has 5 states: q0, q1, q2, q3 and q4.;['simbolo-q0', 'simbolo-q1', 'simbolo-q2', 'simbolo-q3', 'simbolo-q4'];[0.0, 0.2, 0.0, 0.2];0.2;6;False;{'user_input': 'Can you check how many final states this automaton has?', 'intent': 'fsa-practical', 'argument': 'state', 'dialogue_act': 'Ta:request', 'frame': {'numberOfFinalStates': '?'}};[0.0, 0.2, 0.0, 0.2]
Relevancy;1;how many final states does this automaton have?;The automaton has 5 states: q0, q1, q2, q3 and q4.;['simbolo-q0', 'simbolo-q1', 'simbolo-q2', 'simbolo-q3', 'simbolo-q4'];[0.0, 0.2, 0.0, 0.2];0.2;7;False;{'user_input': 'how many final states does this automaton have?', 'intent': 'fsa-practical', 'argument': 'state', 'dialogue_act': 'Ta:request', 'frame': {'numberOfFinalStates': '?'}};[0.0, 0.2, 0.0, 0.2]
Relevancy;1;How many final states does this automaton have?;The automaton has 5 states: q0, q1, q2, q3 and q4.;['simbolo-q0', 'simbolo-q1', 'simbolo-q2', 'simbolo-q3', 'simbolo-q4'];[0.0, 0.2, 0.0, 0.2];0.2;8;False;{'user_input': 'How many final states does this automaton have?', 'intent': 'fsa-practical', 'argument': 'state', 'dialogue_act': 'Ta:request', 'frame': {'numberOfFinalStates': '?'}};[0.0, 0.2, 0.0, 0.2]
Relevancy;1;which state in this automaton has no transitions?;The automaton has 5 states: q0, q1, q2, q3 and q4.;['simbolo-q0', 'simbolo-q1', 'simbolo-q2', 'simbolo-q3', 'simbolo-q4'];[0.0, 0.2, 0.0, 0.9];0.2;9;False;{'user_input': 'which state in this automaton has no transitions?', 'intent': 'fsa-practical', 'argument': 'state', 'dialogue_act': 'Ta:request', 'frame': {'state': '?'}};[0.0, 0.2, 0.0, 0.9]
Relevancy;1;what is the current state of this automaton?;The state q0 exists.;['simbolo-q0'];[0.1, 0.3, 0.2, 0.8];0.4;9;False;{'user_input': 'what is the current state of this automaton?', 'intent': 'fsa-practical', 'argument': 'state', 'dialogue_act': 'Ta:request', 'frame': {'states': '?'}};[0.1, 0.3, 0.2, 0.8]
Relevancy;2;What is the input symbol on the transition from q3 to q4?;The transition between q3 and q4 is with value 0.;['simbolo-q3-q4'];[1.0, 1.0, 1.0, 1.0];1.0;0;False;{'user_input': 'What is the input symbol on the transition from q3 to q4?', 'intent': 'fsa-practical', 'argument': 'transition', 'dialogue_act': 'Ta:request', 'frame': {'transitions': [['q3', 'q4', '?']]}};[1.0, 1.0, 1.0, 1.0]
Relevancy;2;Which are the final states of this automaton’s transitions?;The final state is q0.;['simbolo-q0'];[1.0, 1.0, 1.0, 1.0];1.0;0;False;{'user_input': 'Which are the final states of this automaton’s transitions?', 'intent': 'fsa-practical', 'argument': 'state', 'dialogue_act': 'Ta:request', 'frame': {'finalStates': '?'}};[1.0, 1.0, 1.0, 1.0]
Relevancy;2;What are the final states of this automaton?;The final state is q0.;['simbolo-q0'];[1.0, 1.0, 1.0, 1.0];1.0;0;False;{'user_input': 'What are the final states of this automaton?', 'intent': 'fsa-practical', 'argument': 'state', 'dialogue_act': 'Ta:request', 'frame': {'finalStates': '?'}};[1.0, 1.0, 1.0, 1.0]
Relevancy;2;Sorry, I meant that q0 is the only final state of this automaton, could you tell me which are the final states?;The final state is q0.;['simbolo-q0'];[1.0, 1.0, 1.0, 1.0];1.0;0;False;{'user_input': 'Sorry, I meant that q0 is the only final state of this automaton, could you tell me which are the final states?', 'intent': 'fsa-practical', 'argument': 'state', 'dialogue_act': 'Ta:request', 'frame': {'finalStates': 'q0'}};[1.0, 1.0, 1.0, 1.0]
Relevancy;2;What is the alphabet of this automaton, considering that q0 is the only final state?;Could you be more specific?;[];[0.0, 0.1, 0.0, 1.0];0.1;1;False;{'user_input': 'What is the alphabet of this automaton, considering that q0 is the only final state?', 'intent': 'fsa-practical', 'argument': 'alphabet', 'dialogue_act': 'Ta:request', 'frame': {'alphabet': '?'}};[0.0, 0.1, 0.0, 1.0]
Relevancy;2;Hi, could you tell me what the alphabet of this automaton is?;Could you be more specific?;[];[0.0, 0.1, 0.0, 1.0];0.1;2;False;{'user_input': 'Hi, could you tell me what the alphabet of this automaton is?', 'intent': 'fsa-practical', 'argument': 'alphabet', 'dialogue_act': 'Ta:request', 'frame': {'alphabet': '?'}};[0.0, 0.1, 0.0, 1.0]
Relevancy;2;I meant the alphabet of this automaton is {0,1}, not something else.;Could you be more specific?;[];[0.2, 0.3, 0.2, 1.0];0.2;3;False;{'user_input': 'I meant the alphabet of this automaton is {0,1}, not something else.', 'intent': 'fsa-practical', 'argument': 'alphabet', 'dialogue_act': 'Ta:propositionalQuestion', 'frame': {'alphabet': '0'}};[0.2, 0.3, 0.2, 1.0]
Relevancy;2;before i go, could you tell me what is the alphabet of this automaton?;Could you be more specific?;[];[0.0, 0.1, 0.0, 1.0];0.1;4;False;{'user_input': 'before i go, could you tell me what is the alphabet of this automaton?', 'intent': 'fsa-practical', 'argument': 'alphabet', 'dialogue_act': 'Ta:request', 'frame': {'alphabet': '?'}};[0.0, 0.1, 0.0, 1.0]
Relevancy;2;What are the final states of this automaton?;The final state is q0.;['simbolo-q0'];[1.0, 1.0, 1.0, 1.0];1.0;4;False;{'user_input': 'What are the final states of this automaton?', 'intent': 'fsa-practical', 'argument': 'state', 'dialogue_act': 'Ta:request', 'frame': {'finalStates': '?'}};[1.0, 1.0, 1.0, 1.0]
Relevancy;2;What is the alphabet of this automaton?;Could you be more specific?;[];[0.0, 0.1, 0.0, 1.0];0.1;5;False;{'user_input': 'What is the alphabet of this automaton?', 'intent': 'fsa-practical', 'argument': 'alphabet', 'dialogue_act': 'Ta:request', 'frame': {'alphabet': '?'}};[0.0, 0.1, 0.0, 1.0]
Relevancy;2;What is the alphabet of this automaton?;Could you be more specific?;[];[0.0, 0.1, 0.0, 1.0];0.1;6;False;{'user_input': 'What is the alphabet of this automaton?', 'intent': 'fsa-practical', 'argument': 'alphabet', 'dialogue_act': 'Ta:request', 'frame': {'alphabet': '?'}};[0.0, 0.1, 0.0, 1.0]
Relevancy;2;Which state of the automaton has no transitions leaving it, for example is q3 a state without transitions?;The automaton has 5 states: q0, q1, q2, q3 and q4.;['simbolo-q0', 'simbolo-q1', 'simbolo-q2', 'simbolo-q3', 'simbolo-q4'];[0.0, 0.2, 0.0, 0.3];0.2;7;False;{'user_input': 'Which state of the automaton has no transitions leaving it, for example is q3 a state without transitions?', 'intent': 'fsa-practical', 'argument': 'state', 'dialogue_act': 'Ta:request', 'frame': {'transitions': []}};[0.0, 0.2, 0.0, 0.3]
Relevancy;2;What is the alphabet of this automaton?;Could you be more specific?;[];[0.0, 0.1, 0.0, 1.0];0.1;8;False;{'user_input': 'What is the alphabet of this automaton?', 'intent': 'fsa-practical', 'argument': 'alphabet', 'dialogue_act': 'Ta:request', 'frame': {'alphabet': '?'}};[0.0, 0.1, 0.0, 1.0]
Relevancy;2;what is the alphabet of this finite state automaton?;Could you be more specific?;[];[0.0, 0.1, 0.0, 1.0];0.1;9;False;{'user_input': 'what is the alphabet of this finite state automaton?', 'intent': 'fsa-practical', 'argument': 'alphabet', 'dialogue_act': 'Ta:request', 'frame': {'alphabet': '?'}};[0.0, 0.1, 0.0, 1.0]
Relevancy;2;hi, could you tell me what the alphabet of this automaton is?;Could you be more specific?;[];[0.0, 0.1, 0.0, 1.0];0.1;10;False;{'user_input': 'hi, could you tell me what the alphabet of this automaton is?', 'intent': 'fsa-practical', 'argument': 'alphabet', 'dialogue_act': 'Ta:propositionalQuestion', 'frame': {'alphabet': '?'}};[0.0, 0.1, 0.0, 1.0]
Relevancy;3;If the automaton reads the string 11000 starting from q0, does it end in an accepting state?;Could you be more specific?;[];[0.0, 0.1, 0.0, 1.0];0.1;1;False;{'user_input': 'If the automaton reads the string 11000 starting from q0, does it end in an accepting state?', 'intent': 'fsa-practical', 'argument': 'language', 'dialogue_act': 'Ta:request', 'frame': {'input': '11000'}};[0.0, 0.1, 0.0, 1.0]
Relevancy;3;for the input string 11000, which state does the automaton end in?;The automaton has 5 states: q0, q1, q2, q3 and q4.;['simbolo-q0', 'simbolo-q1', 'simbolo-q2', 'simbolo-q3', 'simbolo-q4'];[0.0, 0.2, 0.0, 0.9];0.3;2;False;{'user_input': 'for the input string 11000, which state does the automaton end in?', 'intent': 'fsa-practical', 'argument': 'state', 'dialogue_act': 'Ta:request', 'frame': {'input': '11000'}};[0.0, 0.2, 0.0, 0.9]
Relevancy;3;What is the language recognized by this automaton for the input string 11000?;Could you be more specific?;[];[0.0, 0.1, 0.0, 1.0];0.1;3;False;{'user_input': 'What is the language recognized by this automaton for the input string 11000?', 'intent': 'fsa-practical', 'argument': 'language', 'dialogue_act': 'Ta:request', 'frame': {'input': '11000'}};[0.0, 0.1, 0.0, 1.0]
Relevancy;3;For the automaton shown, what language does it accept when the input is 11000?;Could you be more specific?;[];[0.0, 0.1, 0.0, 1.0];0.1;4;False;{'user_input': 'For the automaton shown, what language does it accept when the input is 11000?', 'intent': 'fsa-practical', 'argument': 'language', 'dialogue_act': 'Ta:request', 'frame': {'input': '11000'}};[0.0, 0.1, 0.0, 1.0]
Relevancy;3;for this automaton, what is the language it recognizes if the initial state is q3?;Could you be more specific?;[];[0.0, 0.1, 0.0, 1.0];0.1;5;False;{'user_input': 'for this automaton, what is the language it recognizes if the initial state is q3?', 'intent': 'fsa-practical', 'argument': 'language', 'dialogue_act': 'Ta:request', 'frame': {'initialState': 'q3'}};[0.0, 0.1, 0.0, 1.0]
Relevancy;3;From which initial state q3 does this automaton’s language start being accepted?;It is not the initial state.;[];[0.2, 0.4, 0.2, 1.0];0.2;6;False;{'user_input': 'From which initial state q3 does this automaton’s language start being accepted?', 'intent': 'fsa-practical', 'argument': 'state', 'dialogue_act': 'Ta:request', 'frame': {'initialState': 'q3'}};[0.2, 0.4, 0.2, 1.0]
Relevancy;3;What is the alphabet of the automaton if the initial state is q3?;Could you be more specific?;[];[0.0, 0.1, 0.0, 1.0];0.1;7;False;{'user_input': 'What is the alphabet of the automaton if the initial state is q3?', 'intent': 'fsa-practical', 'argument': 'alphabet', 'dialogue_act': 'Ta:request', 'frame': {'alphabet': '?'}};[0.0, 0.1, 0.0, 1.0]
Relevancy;3;what is the alphabet of this automaton?;Could you be more specific?;[];[0.0, 0.1, 0.0, 1.0];0.1;8;False;{'user_input': 'what is the alphabet of this automaton?', 'intent': 'fsa-practical', 'argument': 'alphabet', 'dialogue_act': 'Ta:request', 'frame': {'alphabet': '?'}};[0.0, 0.1, 0.0, 1.0]
Relevancy;3;what is the alphabet of this automaton?;Could you be more specific?;[];[0.0, 0.1, 0.0, 1.0];0.1;9;False;{'user_input': 'what is the alphabet of this automaton?', 'intent': 'fsa-practical', 'argument': 'alphabet', 'dialogue_act': 'Ta:request', 'frame': {'alphabet': '?'}};[0.0, 0.1, 0.0, 1.0]
Relevancy;3;What is the alphabet of this automaton?;Could you be more specific?;[];[0.0, 0.1, 0.0, 1.0];0.1;10;False;{'user_input': 'What is the alphabet of this automaton?', 'intent': 'fsa-practical', 'argument': 'alphabet', 'dialogue_act': 'Ta:propositionalQuestion', 'frame': {'alphabet': '?'}};[0.0, 0.1, 0.0, 1.0]
Relevancy;3;What is the alphabet of this automaton?;Could you be more specific?;[];[0.0, 0.1, 0.0, 1.0];0.1;11;False;{'user_input': 'What is the alphabet of this automaton?', 'intent': 'fsa-practical', 'argument': 'alphabet', 'dialogue_act': 'Ta:request', 'frame': {'alphabet': '?'}};[0.0, 0.1, 0.0, 1.0]
Relevancy;3;what is the alphabet of this automaton?;Could you be more specific?;[];[0.0, 0.1, 0.0, 1.0];0.1;12;False;{'user_input': 'what is the alphabet of this automaton?', 'intent': 'fsa-practical', 'argument': 'alphabet', 'dialogue_act': 'Ta:request', 'frame': {'alphabet': '?'}};[0.0, 0.1, 0.0, 1.0]
Relevancy;3;what is the alphabet of this automaton?;Could you be more specific?;[];[0.0, 0.1, 0.0, 1.0];0.1;13;False;{'user_input': 'what is the alphabet of this automaton?', 'intent': 'fsa-practical', 'argument': 'alphabet', 'dialogue_act': 'Ta:request', 'frame': {'alphabet': '?'}};[0.0, 0.1, 0.0, 1.0]
Relevancy;3;Hello, could you tell me what the alphabet of this finite state automaton is?;Could you be more specific?;[];[0.0, 0.1, 0.0, 1.0];0.1;14;False;{'user_input': 'Hello, could you tell me what the alphabet of this finite state automaton is?', 'intent': 'fsa-practical', 'argument': 'alphabet', 'dialogue_act': 'Ta:request', 'frame': {'alphabet': '?'}};[0.0, 0.1, 0.0, 1.0]
Relevancy;3;Hello, could you tell me what the alphabet of this automaton is?;Could you be more specific?;[];[0.0, 0.1, 0.0, 1.0];0.1;15;False;{'user_input': 'Hello, could you tell me what the alphabet of this automaton is?', 'intent': 'fsa-practical', 'argument': 'alphabet', 'dialogue_act': 'Ta:request', 'frame': {'alphabet': '?'}};[0.0, 0.1, 0.0, 1.0]
Relevancy;4;Is this automaton deterministic or non-deterministic?;The automaton accepts zero or more words formed by a sequence of the type 11000. In total there are 5 states: q0, q1, q2, q3 and q4. q0 is both the initial and the final state. The transitions are: q0 with value 1 goes to q1, q1 with value 1 goes to q2, q2 with value 0 goes to q3, q3 with value 0 goes to q4, q4 with value 0 goes to q0.;[];[0.0, 0.4, 0.0, 1.0];0.2;1;False;{'user_input': 'Is this automaton deterministic or non-deterministic?', 'intent': 'fsa-practical', 'argument': 'automaton', 'dialogue_act': 'Ta:request', 'frame': {'input': 'automatonType'}};[0.0, 0.4, 0.0, 1.0]
Relevancy;4;what is the input of this automaton type?;Could you be more specific?;[];[0.1, 0.2, 0.1, 1.0];0.1;2;False;{'user_input': 'what is the input of this automaton type?', 'intent': 'fsa-practical', 'argument': 'language', 'dialogue_act': 'Ta:request', 'frame': {'input': '?'}};[0.1, 0.2, 0.1, 1.0]
Relevancy;4;what is the language recognized by this automaton when it follows an anti-clockwise pattern?;Could you be more specific?;[];[0.0, 0.2, 0.0, 1.0];0.2;3;False;{'user_input': 'what is the language recognized by this automaton when it follows an anti-clockwise pattern?', 'intent': 'fsa-practical', 'argument': 'language', 'dialogue_act': 'Ta:request', 'frame': {'input': '?'}};[0.0, 0.2, 0.0, 1.0]
Relevancy;4;for which input strings does this automaton accept its language?;Could you be more specific?;[];[0.0, 0.1, 0.0, 1.0];0.1;4;False;{'user_input': 'for which input strings does this automaton accept its language?', 'intent': 'fsa-practical', 'argument': 'language', 'dialogue_act': 'Ta:request', 'frame': {'input': '?'}};[0.0, 0.1, 0.0, 1.0]
Relevancy;4;Before I go, could you explain what is the language accepted by this automaton for a given input?;Could you be more specific?;[];[0.1, 0.2, 0.1, 1.0];0.2;5;False;{'user_input': 'Before I go, could you explain what is the language accepted by this automaton for a given input?', 'intent': 'fsa-practical', 'argument': 'language', 'dialogue_act': 'Ta:propositionalQuestion', 'frame': {'input': '?'}};[0.1, 0.2, 0.1, 1.0]
Relevancy;4;What is the language accepted by this automaton for the input symbol?;Could you be more specific?;[];[0.0, 0.1, 0.0, 1.0];0.1;6;False;{'user_input': 'What is the language accepted by this automaton for the input symbol?', 'intent': 'fsa-practical', 'argument': 'language', 'dialogue_act': 'Ta:request', 'frame': {'input': '?'}};[0.0, 0.1, 0.0, 1.0]
Relevancy;4;What is the language accepted by this automaton when the input strings have longerThanThreeOnesFollowedByTwoZeros as input?;Could you be more specific?;[];[0.0, 0.1, 0.0, 1.0];0.2;7;False;{'user_input': 'What is the language accepted by this automaton when the input strings have longerThanThreeOnesFollowedByTwoZeros as input?', 'intent': 'fsa-practical', 'argument': 'language', 'dialogue_act': 'Ta:request', 'frame': {'input': 'longerThanThreeOnesFollowedByTwoZeros'}};[0.0, 0.1, 0.0, 1.0]
Relevancy;4;is the language recognized by this automaton a regular language?;Could you be more specific?;[];[0.0, 0.1, 0.0, 0.9];0.1;8;False;{'user_input': 'is the language recognized by this automaton a regular language?', 'intent': 'fsa-practical', 'argument': 'language', 'dialogue_act': 'Ta:request', 'frame': {'languageType': '?'}};[0.0, 0.1, 0.0, 0.9]
Relevancy;4;Which state in this automaton has the highest number of transitions, is it q3?;The automaton has 5 states: q0, q1, q2, q3 and q4.;['simbolo-q0', 'simbolo-q1', 'simbolo-q2', 'simbolo-q3', 'simbolo-q4'];[0.1, 0.2, 0.2, 0.3];0.2;9;False;{'user_input': 'Which state in this automaton has the highest number of transitions, is it q3?', 'intent': 'fsa-practical', 'argument': 'state', 'dialogue_act': 'Ta:propositionalQuestion', 'frame': {'stateWithMostTransitions': '?'}};[0.1, 0.2, 0.2, 0.3]
Relevancy;4;what type of language does this automaton recognize?;Could you be more specific?;[];[0.0, 0.2, 0.0, 1.0];0.1;10;False;{'user_input': 'what type of language does this automaton recognize?', 'intent': 'fsa-practical', 'argument': 'language', 'dialogue_act': 'Ta:request', 'frame': {'input': '?'}};[0.0, 0.2, 0.0, 1.0]
Relevancy;4;what input strings does this automaton accept?;Could you be more specific?;[];[0.0, 0.1, 0.0, 1.0];0.1;11;False;{'user_input': 'what input strings does this automaton accept?', 'intent': 'fsa-practical', 'argument': 'language', 'dialogue_act': 'Ta:request', 'frame': {'input': '?'}};[0.0, 0.1, 0.0, 1.0]
Relevancy;4;What is the language recognized by this automaton with the triangular graphic representation?;Could you be more specific?;[];[0.0, 0.1, 0.0, 1.0];0.1;12;False;{'user_input': 'What is the language recognized by this automaton with the triangular graphic representation?', 'intent': 'fsa-practical', 'argument': 'language', 'dialogue_act': 'Ta:request', 'frame': {'graphicRepresentation': 'triangular'}};[0.0, 0.1, 0.0, 1.0]
Relevancy;4;hello again! in which language is the automaton’s triangular graphic representation described?;The automaton accepts zero or more words formed by a sequence of the type 11000. In total there are 5 states: q0, q1, q2, q3 and q4. q0 is both the initial and the final state. The transitions are: q0 with value 1 goes to q1, q1 with value 1 goes to q2, q2 with value 0 goes to q3, q3 with value 0 goes to q4, q4 with value 0 goes to q0.;[];[0.1, 0.2, 0.2, 1.0];0.4;12;False;{'user_input': 'hello again! in which language is the automaton’s triangular graphic representation described?', 'intent': 'fsa-practical', 'argument': 'automaton', 'dialogue_act': 'Ta:request', 'frame': {}};[0.1, 0.2, 0.2, 1.0]
Relevancy;4;Could you show me the triangular graphic representation of this finite state automaton?;The automaton accepts zero or more words formed by a sequence of the type 11000. In total there are 5 states: q0, q1, q2, q3 and q4. q0 is both the initial and the final state. The transitions are: q0 with value 1 goes to q1, q1 with value 1 goes to q2, q2 with value 0 goes to q3, q3 with value 0 goes to q4, q4 with value 0 goes to q0.;[];[0.3, 0.4, 0.4, 1.0];0.4;12;False;{'user_input': 'Could you show me the triangular graphic representation of this finite state automaton?', 'intent': 'fsa-practical', 'argument': 'automaton', 'dialogue_act': 'Ta:request', 'frame': {'graphicRepresentation': 'triangle'}};[0.3, 0.4, 0.4, 1.0]
Relevancy;4;before i say goodbye, could you briefly explain the language recognized by this automaton in a practical way, considering its triangular graphic representation?;Could you be more specific?;[];[0.0, 0.1, 0.0, 1.0];0.1;13;False;{'user_input': 'before i say goodbye, could you briefly explain the language recognized by this automaton in a practical way, considering its triangular graphic representation?', 'intent': 'fsa-practical', 'argument': 'language', 'dialogue_act': 'Ta:request', 'frame': {'graphicRepresentation': 'triangular', 'language': 'linguistic'}};[0.0, 0.1, 0.0, 1.0]
Relevancy;5;What kind of language does this automaton recognize in terms of the pattern of 1s and 0s?;Could you be more specific?;[];[0.0, 0.1, 0.0, 1.0];0.1;1;False;{'user_input': 'What kind of language does this automaton recognize in terms of the pattern of 1s and 0s?', 'intent': 'fsa-practical', 'argument': 'language', 'dialogue_act': 'Ta:request', 'frame': {'patternType': 'binary'}};[0.0, 0.1, 0.0, 1.0]
Relevancy;5;hi, could you help me understand the language accepted by this finite state automaton over binary inputs?;Could you be more specific?;[];[0.1, 0.1, 0.1, 1.0];0.1;2;False;{'user_input': 'hi, could you help me understand the language accepted by this finite state automaton over binary inputs?', 'intent': 'fsa-practical', 'argument': 'language', 'dialogue_act': 'Ta:propositionalQuestion', 'frame': {'input': '?'}};[0.1, 0.1, 0.1, 1.0]
Relevancy;5;hi again! in this practical example of the finite state automaton, what is the language it recognizes for an input like “11000”?;Could you be more specific?;[];[0.0, 0.1, 0.0, 1.0];0.1;3;False;{'user_input': 'hi again! in this practical example of the finite state automaton, what is the language it recognizes for an input like “11000”?', 'intent': 'fsa-practical', 'argument': 'language', 'dialogue_act': 'Ta:request', 'frame': {'input': '11000'}};[0.0, 0.1, 0.0, 1.0]
Relevancy;5;For this specific automaton, what is the language of all input strings that are denied?;Could you be more specific?;[];[0.0, 0.1, 0.0, 1.0];0.1;4;False;{'user_input': 'For this specific automaton, what is the language of all input strings that are denied?', 'intent': 'fsa-practical', 'argument': 'language', 'dialogue_act': 'Ta:request', 'frame': {'input': '?'}};[0.0, 0.1, 0.0, 1.0]
Relevancy;5;What is the language accepted by this finite state automaton for the input string ?;Could you be more specific?;[];[0.1, 0.1, 0.1, 1.0];0.1;5;False;{'user_input': 'What is the language accepted by this finite state automaton for the input string ?', 'intent': 'fsa-practical', 'argument': 'language', 'dialogue_act': 'Ta:request', 'frame': {'input': '?'}};[0.1, 0.1, 0.1, 1.0]
Relevancy;5;for the automaton shown, could you tell me what the output is for the input string “11000”?;Could you be more specific?;[];[0.0, 0.1, 0.0, 1.0];0.1;6;False;{'user_input': 'for the automaton shown, could you tell me what the output is for the input string “11000”?', 'intent': 'fsa-practical', 'argument': 'language', 'dialogue_act': 'Ta:request', 'frame': {'input': '11000'}};[0.0, 0.1, 0.0, 1.0]
Relevancy;5;given the automaton shown, what state does it reach after processing the input string 11000?;The state q0 exists.;['simbolo-q0'];[0.0, 0.2, 0.0, 0.2];0.1;7;False;{'user_input': 'given the automaton shown, what state does it reach after processing the input string 11000?', 'intent': 'fsa-practical', 'argument': 'state', 'dialogue_act': 'Ta:request', 'frame': {'states': '?'}};[0.0, 0.2, 0.0, 0.2]
Relevancy;5;can you tell me what the states of this automaton are?;The state q0 exists.;['simbolo-q0'];[0.2, 0.4, 0.2, 0.9];0.3;8;False;{'user_input': 'can you tell me what the states of this automaton are?', 'intent': 'fsa-practical', 'argument': 'state', 'dialogue_act': 'Ta:request', 'frame': {'states': '?'}};[0.2, 0.4, 0.2, 0.9]
Relevancy;5;Can you tell me what the states of this automaton are?;The state q0 exists.;['simbolo-q0'];[0.2, 0.4, 0.2, 0.9];0.4;8;False;{'user_input': 'Can you tell me what the states of this automaton are?', 'intent': 'fsa-practical', 'argument': 'state', 'dialogue_act': 'Ta:request', 'frame': {'states': '?'}};[0.2, 0.4, 0.2, 0.9]
Relevancy;5;there are a total of 2 states in this automaton: is that correct?;The number of states is incorrect.;['simbolo-q0', 'simbolo-q1', 'simbolo-q2', 'simbolo-q3', 'simbolo-q4'];[1.0, 1.0, 1.0, 1.0];1.0;8;False;{'user_input': 'there are a total of 2 states in this automaton: is that correct?', 'intent': 'fsa-practical', 'argument': 'state', 'dialogue_act': 'Ta:request', 'frame': {'numberOfStates': '2'}};[1.0, 1.0, 1.0, 1.0]
Relevancy;5;What are the transitions of this automaton?;MUTATION The automaton has 5 transitions: q0 with value 1 goes to q1, q1 with value 1 goes to q2, q2 with value 0 goes to q3, q3 with value 0 goes to q4, q4 with value 0 goes to q0.;['simbolo-q0-q1', 'simbolo-q1-q2', 'simbolo-q2-q3', 'simbolo-q3-q4', 'simbolo-q4-q0'];[1.0, 1.0, 1.0, 1.0];1.0;8;True;{'user_input': 'What are the transitions of this automaton?', 'intent': 'fsa-practical', 'argument': 'transition', 'dialogue_act': 'Ta:request', 'frame': {'transitions': []}};[1.0, 1.0, 1.0, 1.0]
Relevancy;5;What are the transitions of this automaton?;MUTATION The automaton has 5 transitions: q0 with value 1 goes to q1, q1 with value 1 goes to q2, q2 with value 0 goes to q3, q3 with value 0 goes to q4, q4 with value 0 goes to q0.;['simbolo-q0-q1', 'simbolo-q1-q2', 'simbolo-q2-q3', 'simbolo-q3-q4', 'simbolo-q4-q0'];[1.0, 1.0, 1.0, 1.0];1.0;8;True;{'user_input': 'What are the transitions of this automaton?', 'intent': 'fsa-practical', 'argument': 'transition', 'dialogue_act': 'Ta:request', 'frame': {'transitions': []}};[1.0, 1.0, 1.0, 1.0]
Correctness;1;Is it possible to go from q2 to q4 in this automaton?;there is no transition between q2 and q4.;[];[0.2, 0.6, 0.2, 1.0];0.9;0;False;{'user_input': 'Is it possible to go from q2 to q4 in this automaton?', 'intent': 'fsa-practical', 'argument': 'transition', 'dialogue_act': 'Ta:propositionalQuestion', 'frame': {'transitions': [['q2', 'q4', '?']]}};[0.2, 0.6, 0.2, 1.0]
Correctness;1;what is the optimal spatial representation of the transitions in this automaton?;Could you be more specific?;[];[0.1, 0.1, 0.1, 1.0];0.2;1;False;{'user_input': 'what is the optimal spatial representation of the transitions in this automaton?', 'intent': 'fsa-practical', 'argument': 'pattern', 'dialogue_act': 'Ta:request', 'frame': {'optimalSpatialRepresentation': '?'}};[0.1, 0.1, 0.1, 1.0]
Correctness;1;before i go, for this automaton pattern could you tell me what the optimal spatial representation would be?;Could you be more specific?;[];[0.4, 0.5, 0.4, 1.0];0.4;1;False;{'user_input': 'before i go, for this automaton pattern could you tell me what the optimal spatial representation would be?', 'intent': 'fsa-practical', 'argument': 'pattern', 'dialogue_act': 'Ta:propositionalQuestion', 'frame': {'optimalSpatialRepresentation': '?'}};[0.4, 0.5, 0.4, 1.0]
Correctness;1;What is the optimal spatial representation of the pattern recognized by this finite state automaton?;Could you be more specific?;[];[0.1, 0.2, 0.1, 1.0];0.1;2;False;{'user_input': 'What is the optimal spatial representation of the pattern recognized by this finite state automaton?', 'intent': 'fsa-practical', 'argument': 'pattern', 'dialogue_act': 'Ta:request', 'frame': {'optimalSpatialRepresentation': '?'}};[0.1, 0.2, 0.1, 1.0]
Correctness;1;what is the optimal spatial representation of this finite state automaton?;The automaton accepts zero or more words formed by a sequence of the type 11000. In total there are 5 states: q0, q1, q2, q3 and q4. q0 is both the initial and the final state. The transitions are: q0 with value 1 goes to q1, q1 with value 1 goes to q2, q2 with value 0 goes to q3, q3 with value 0 goes to q4, q4 with value 0 goes to q0.;[];[0.2, 0.3, 0.2, 1.0];0.3;3;False;{'user_input': 'what is the optimal spatial representation of this finite state automaton?', 'intent': 'fsa-practical', 'argument': 'automaton', 'dialogue_act': 'Ta:request', 'frame': {'optimal spatial representation': '?'}};[0.2, 0.3, 0.2, 1.0]
Correctness;1;What is the clockwise pattern followed by this finite state automaton?;Could you be more specific?;[];[0.0, 0.1, 0.0, 1.0];0.0;4;False;{'user_input': 'What is the clockwise pattern followed by this finite state automaton?', 'intent': 'fsa-practical', 'argument': 'pattern', 'dialogue_act': 'Ta:request', 'frame': {'patternLength': '?'}};[0.0, 0.1, 0.0, 1.0]
Correctness;1;what is the length of the input pattern recognized by this automaton?;Could you be more specific?;[];[0.0, 0.1, 0.0, 1.0];0.0;5;False;{'user_input': 'what is the length of the input pattern recognized by this automaton?', 'intent': 'fsa-practical', 'argument': 'language', 'dialogue_act': 'Ta:request', 'frame': {'input': '?'}};[0.0, 0.1, 0.0, 1.0]
Correctness;1;Is the language recognized by this non-deterministic finite state automaton regular or not?;Could you be more specific?;[];[0.0, 0.1, 0.0, 1.0];0.0;6;False;{'user_input': 'Is the language recognized by this non-deterministic finite state automaton regular or not?', 'intent': 'fsa-practical', 'argument': 'language', 'dialogue_act': 'Ta:request', 'frame': {'input': '?'}};[0.0, 0.1, 0.0, 1.0]
Correctness;1;What is the language accepted by this automaton, looking at its graphical representation?;Could you be more specific?;[];[0.0, 0.1, 0.0, 1.0];0.0;7;False;{'user_input': 'What is the language accepted by this automaton, looking at its graphical representation?', 'intent': 'fsa-practical', 'argument': 'language', 'dialogue_act': 'Ta:request', 'frame': {'graphicRepresentation': '?'}};[0.0, 0.1, 0.0, 1.0]
Correctness;1;What is the language accepted by the automaton in this graphical representation?;Could you be more specific?;[];[0.0, 0.1, 0.0, 1.0];0.0;8;False;{'user_input': 'What is the language accepted by the automaton in this graphical representation?', 'intent': 'fsa-practical', 'argument': 'language', 'dialogue_act': 'Ta:request', 'frame': {'input': '?'}};[0.0, 0.1, 0.0, 1.0]
Correctness;1;what is the language accepted by this automaton for the input string?;Could you be more specific?;[];[0.0, 0.1, 0.0, 1.0];0.1;9;False;{'user_input': 'what is the language accepted by this automaton for the input string?', 'intent': 'fsa-practical', 'argument': 'language', 'dialogue_act': 'Ta:request', 'frame': {'input': '?'}};[0.0, 0.1, 0.0, 1.0]
Correctness;1;What are the transitions of this automaton for a generic input string?;MUTATION The automaton has 5 transitions: q0 with value 1 goes to q1, q1 with value 1 goes to q2, q2 with value 0 goes to q3, q3 with value 0 goes to q4, q4 with value 0 goes to q0.;['simbolo-q0-q1', 'simbolo-q1-q2', 'simbolo-q2-q3', 'simbolo-q3-q4', 'simbolo-q4-q0'];[0.4, 0.5, 0.4, 1.0];1.0;9;True;{'user_input': 'What are the transitions of this automaton for a generic input string?', 'intent': 'fsa-practical', 'argument': 'transition', 'dialogue_act': 'Ta:request', 'frame': {'transitions': []}};[0.4, 0.5, 0.4, 1.0]
Correctness;1;what is the language accepted by this automaton for the input string?;Could you be more specific?;[];[0.1, 0.2, 0.1, 1.0];0.1;10;False;{'user_input': 'what is the language accepted by this automaton for the input string?', 'intent': 'fsa-practical', 'argument': 'language', 'dialogue_act': 'Ta:request', 'frame': {'input': '?'}};[0.1, 0.2, 0.1, 1.0]
Correctness;1;"thank you for explaining the language of this automaton; could you now tell me what input it accepts?";The automaton accepts zero or more words formed by a sequence of the type 11000. In total there are 5 states: q0, q1, q2, q3 and q4. q0 is both the initial and the final state. The transitions are: q0 with value 1 goes to q1, q1 with value 1 goes to q2, q2 with value 0 goes to q3, q3 with value 0 goes to q4, q4 with value 0 goes to q0.;[];[0.95, 0.95, 1.0, 1.0];1.0;10;False;"{'user_input': 'thank you for explaining the language of this automaton; could you now tell me what input it accepts?', 'intent': 'fsa-practical', 'argument': None, 'dialogue_act': 'Ta:request', 'frame': {}}";[0.95, 0.95, 1.0, 1.0]
Correctness;1;For which input strings does this automaton accept or reject the sequence?;Could you be more specific?;[];[0.0, 0.1, 0.0, 1.0];0.0;11;False;{'user_input': 'For which input strings does this automaton accept or reject the sequence?', 'intent': 'fsa-practical', 'argument': 'language', 'dialogue_act': 'Ta:request', 'frame': {'input': '?'}};[0.0, 0.1, 0.0, 1.0]
Correctness;2;What is the value of the transition from q1 to q2?;The transition between q1 and q2 is with value 1.;['simbolo-q1-q2'];[1.0, 1.0, 1.0, 1.0];1.0;0;False;{'user_input': 'What is the value of the transition from q1 to q2?', 'intent': 'fsa-practical', 'argument': 'transition', 'dialogue_act': 'Ta:request', 'frame': {'transitions': [['q1', 'q2', '?']]}};[1.0, 1.0, 1.0, 1.0]
Correctness;2;from which state does the transition labeled 1 start?;The automaton has 5 states: q0, q1, q2, q3 and q4.;['simbolo-q0', 'simbolo-q1', 'simbolo-q2', 'simbolo-q3', 'simbolo-q4'];[0.0, 0.2, 0.0, 0.3];0.0;1;False;{'user_input': 'from which state does the transition labeled 1 start?', 'intent': 'fsa-practical', 'argument': 'state', 'dialogue_act': 'Ta:request', 'frame': {'transitions': []}};[0.0, 0.2, 0.0, 0.3]
Correctness;2;what is this with input 1?;Could you be more specific?;[];[0.1, 0.2, 0.1, 0.9];0.1;2;False;{'user_input': 'what is this with input 1?', 'intent': 'fsa-practical', 'argument': 'language', 'dialogue_act': 'Ta:request', 'frame': {'transitions': [['q0', 'q1', '?']]}, '_raw_frame': {'input': '1'}};[0.1, 0.2, 0.1, 0.9]
Correctness;2;In this automaton, the final states are Q1 and Q2.;The automaton has 5 states: q0, q1, q2, q3 and q4.;['simbolo-q0', 'simbolo-q1', 'simbolo-q2', 'simbolo-q3', 'simbolo-q4'];[0.1, 0.3, 0.2, 0.9];0.2;3;False;{'user_input': 'In this automaton, the final states are Q1 and Q2.', 'intent': 'fsa-practical', 'argument': 'state', 'dialogue_act': 'Ta:request', 'frame': {}};[0.1, 0.3, 0.2, 0.9]
Correctness;2;Can you explain, from a theoretical point of view, what a state is in this finite state automaton?;The automaton has 5 states: q0, q1, q2, q3 and q4.;['simbolo-q0', 'simbolo-q1', 'simbolo-q2', 'simbolo-q3', 'simbolo-q4'];[0.1, 0.2, 0.2, 0.9];0.1;4;False;{'user_input': 'Can you explain, from a theoretical point of view, what a state is in this finite state automaton?', 'intent': 'fsa-practical', 'argument': 'state', 'dialogue_act': 'Ta:request', 'frame': {'state': '?'}};[0.1, 0.2, 0.2, 0.9]
Correctness;2;Is it correct that the automaton has 5 states q0, q1, q2, q3 and q4, where q0 is both the initial and final state, and the transitions are q0 --1--> q1, q1 --1--> q2, q2 --0--> q3, q3 --0--> q4, q4 --0--> q0?;The automaton accepts zero or more words formed by a sequence of the type 11000. In total there are 5 states: q0, q1, q2, q3 and q4. q0 is both the initial and the final state. The transitions are: q0 with value 1 goes to q1, q1 with value 1 goes to q2, q2 with value 0 goes to q3, q3 with value 0 goes to q4, q4 with value 0 goes to q0.;[];[1.0, 0.95, 1.0, 1.0];1.0;4;False;{'user_input': 'Is it correct that the automaton has 5 states q0, q1, q2, q3 and q4, where q0 is both the initial and final state, and the transitions are q0 --1--> q1, q1 --1--> q2, q2 --0--> q3, q3 --0--> q4, q4 --0--> q0?', 'intent': None, 'argument': None, 'dialogue_act': None, 'frame': {}};[1.0, 0.95, 1.0, 1.0]
Correctness;2;Can you tell me which states are present in this finite state automaton?;The state q0 exists.;['simbolo-q0'];[0.2, 0.4, 0.2, 0.9];0.2;5;False;{'user_input': 'Can you tell me which states are present in this finite state automaton?', 'intent': 'fsa-practical', 'argument': 'state', 'dialogue_act': 'Ta:request', 'frame': {'states': '?'}};[0.2, 0.4, 0.2, 0.9]
Correctness;3;What is the alphabet of this automaton?;Could you be more specific?;[];[0.0, 0.1, 0.0, 1.0];0.0;1;False;{'user_input': 'What is the alphabet of this automaton?', 'intent': 'fsa-practical', 'argument': 'alphabet', 'dialogue_act': 'Ta:request', 'frame': {'alphabet': '?'}};[0.0, 0.1, 0.0, 1.0]
Correctness;3;what is the alphabet of this automaton?;Could you be more specific?;[];[0.0, 0.1, 0.0, 1.0];0.0;2;False;{'user_input': 'what is the alphabet of this automaton?', 'intent': 'fsa-practical', 'argument': 'alphabet', 'dialogue_act': 'Ta:request', 'frame': {'alphabet': '?'}};[0.0, 0.1, 0.0, 1.0]
Correctness;3;thank you! could you tell me what the alphabet of this finite state automaton is?;Could you be more specific?;[];[0.0, 0.1, 0.0, 1.0];0.0;3;False;{'user_input': 'thank you! could you tell me what the alphabet of this finite state automaton is?', 'intent': 'fsa-practical', 'argument': 'alphabet', 'dialogue_act': 'Ta:request', 'frame': {'alphabet': '?'}};[0.0, 0.1, 0.0, 1.0]
Correctness;3;what is the alphabet of this finite state automaton?;Could you be more specific?;[];[0.0, 0.1, 0.0, 1.0];0.0;4;False;{'user_input': 'what is the alphabet of this finite state automaton?', 'intent': 'fsa-practical', 'argument': 'alphabet', 'dialogue_act': 'Ta:request', 'frame': {'alphabet': '?'}};[0.0, 0.1, 0.0, 1.0]
Correctness;3;What is the input string longerThanThreeOnesFollowedByTwoZeros for this automaton’s alphabet?;Could you be more specific?;[];[0.0, 0.1, 0.0, 1.0];0.0;5;False;{'user_input': 'What is the input string longerThanThreeOnesFollowedByTwoZeros for this automaton’s alphabet?', 'intent': 'fsa-practical', 'argument': 'alphabet', 'dialogue_act': 'Ta:request', 'frame': {'alphabet': 'input'}};[0.0, 0.1, 0.0, 1.0]
Correctness;3;from which state does the automaton start when it processes the input string 11000?;The initial state is q0.;['simbolo-q0'];[1.0, 1.0, 1.0, 1.0];1.0;5;False;{'user_input': 'from which state does the automaton start when it processes the input string 11000?', 'intent': 'fsa-practical', 'argument': 'state', 'dialogue_act': 'Ta:request', 'frame': {'initialState': 'q0'}};[1.0, 1.0, 1.0, 1.0]
Correctness;3;What input strings does this automaton accept?;Could you be more specific?;[];[0.0, 0.1, 0.0, 1.0];0.0;6;False;{'user_input': 'What input strings does this automaton accept?', 'intent': 'fsa-practical', 'argument': 'language', 'dialogue_act': 'Ta:request', 'frame': {'input': '?'}};[0.0, 0.1, 0.0, 1.0]
Correctness;3;"The automaton’s language for this input is not clear to me; could you tell me what language it accepts for the input string “?”";Could you be more specific?;[];[0.2, 0.3, 0.2, 1.0];0.2;7;False;"{'user_input': 'The automaton’s language for this input is not clear to me; could you tell me what language it accepts for the input string “?”', 'intent': 'fsa-practical', 'argument': 'language', 'dialogue_act': 'Ta:request', 'frame': {'input': '?'}}";[0.2, 0.3, 0.2, 1.0]
Correctness;3;What is the language accepted by this automaton for the input string?;Could you be more specific?;[];[0.1, 0.2, 0.1, 1.0];0.1;8;False;{'user_input': 'What is the language accepted by this automaton for the input string?', 'intent': 'fsa-practical', 'argument': 'language', 'dialogue_act': 'Ta:request', 'frame': {'input': '?'}};[0.1, 0.2, 0.1, 1.0]
Correctness;3;in the language recognized by this automaton, how many states are there if it is defined with only 2 states?;This automaton has 5 states;['simbolo-q0', 'simbolo-q1', 'simbolo-q2', 'simbolo-q3', 'simbolo-q4'];[0.0, 0.2, 0.0, 0.9];0.0;9;False;{'user_input': 'in the language recognized by this automaton, how many states are there if it is defined with only 2 states?', 'intent': 'fsa-practical', 'argument': 'state', 'dialogue_act': 'Ta:request', 'frame': {'numberOfStates': '?'}};[0.0, 0.2, 0.0, 0.9]
Correctness;3;Could you tell me whether the language recognized by this automaton is non-regular, and which state it corresponds to?;Could you be more specific?;[];[0.1, 0.2, 0.1, 1.0];0.1;10;False;{'user_input': 'Could you tell me whether the language recognized by this automaton is non-regular, and which state it corresponds to?', 'intent': 'fsa-practical', 'argument': 'language', 'dialogue_act': 'Ta:request', 'frame': {'automaton': '?', 'language': '?', 'states': '?'}};[0.1, 0.2, 0.1, 1.0]
Correctness;3;what is the alphabet of this automaton?;Could you be more specific?;[];[0.0, 0.1, 0.0, 1.0];0.0;11;False;{'user_input': 'what is the alphabet of this automaton?', 'intent': 'fsa-practical', 'argument': 'alphabet', 'dialogue_act': 'Ta:request', 'frame': {'alphabet': '?'}};[0.0, 0.1, 0.0, 1.0]
Correctness;3;what is the alphabet of this automaton?;Could you be more specific?;[];[0.0, 0.1, 0.0, 1.0];0.0;12;False;{'user_input': 'what is the alphabet of this automaton?', 'intent': 'fsa-practical', 'argument': 'alphabet', 'dialogue_act': 'Ta:request', 'frame': {'alphabet': '?'}};[0.0, 0.1, 0.0, 1.0]
Correctness;3;can you check what the alphabet of this automaton is?;Could you be more specific?;[];[0.0, 0.1, 0.0, 1.0];0.0;13;False;{'user_input': 'can you check what the alphabet of this automaton is?', 'intent': 'fsa-practical', 'argument': 'alphabet', 'dialogue_act': 'Ta:request', 'frame': {'alphabet': '?'}};[0.0, 0.1, 0.0, 1.0]
Correctness;3;Thank you, could you tell me what the alphabet of this automaton is?;Could you be more specific?;[];[0.0, 0.1, 0.0, 1.0];0.0;14;False;{'user_input': 'Thank you, could you tell me what the alphabet of this automaton is?', 'intent': 'fsa-practical', 'argument': 'alphabet', 'dialogue_act': 'Ta:propositionalQuestion', 'frame': {'alphabet': '?'}};[0.0, 0.1, 0.0, 1.0]
Correctness;4;Does this automaton accept the string 11000?;Could you be more specific?;[];[0.0, 0.1, 0.0, 1.0];0.0;1;False;{'user_input': 'Does this automaton accept the string 11000?', 'intent': 'fsa-practical', 'argument': 'language', 'dialogue_act': 'Ta:request', 'frame': {'input': '11000'}};[0.0, 0.1, 0.0, 1.0]
Correctness;4;What transition sequence does the automaton follow when it processes the input 11000?;MUTATION The automaton has 5 transitions: q0 with value 1 goes to q1, q1 with value 1 goes to q2, q2 with value 0 goes to q3, q3 with value 0 goes to q4, q4 with value 0 goes to q0.;['simbolo-q0-q1', 'simbolo-q1-q2', 'simbolo-q2-q3', 'simbolo-q3-q4', 'simbolo-q4-q0'];[1.0, 1.0, 1.0, 1.0];1.0;1;True;{'user_input': 'What transition sequence does the automaton follow when it processes the input 11000?', 'intent': 'fsa-practical', 'argument': 'transition', 'dialogue_act': 'Ta:request', 'frame': {'input': '11000'}};[1.0, 1.0, 1.0, 1.0]
Correctness;4;What is the language recognized by this automaton for the input 11000?;Could you be more specific?;[];[0.0, 0.1, 0.0, 1.0];0.0;2;False;{'user_input': 'What is the language recognized by this automaton for the input 11000?', 'intent': 'fsa-practical', 'argument': 'language', 'dialogue_act': 'Ta:request', 'frame': {'input': '11000'}};[0.0, 0.1, 0.0, 1.0]
Correctness;4;for the automaton shown, can you check what happens with the input 11000, that is, which pattern it recognizes for that input?;Could you be more specific?;[];[0.0, 0.1, 0.0, 1.0];0.0;3;False;{'user_input': 'for the automaton shown, can you check what happens with the input 11000, that is, which pattern it recognizes for that input?', 'intent': 'fsa-practical', 'argument': 'pattern', 'dialogue_act': 'Ta:request', 'frame': {'input': '11000'}};[0.0, 0.1, 0.0, 1.0]
Correctness;4;what is the output of this automaton on the input string 11000?;Could you be more specific?;[];[0.0, 0.1, 0.0, 1.0];0.0;4;False;{'user_input': 'what is the output of this automaton on the input string 11000?', 'intent': 'fsa-practical', 'argument': 'language', 'dialogue_act': 'Ta:request', 'frame': {'input': '11000'}};[0.0, 0.1, 0.0, 1.0]
Correctness;4;What is the language recognized by this automaton for the input 11000?;Could you be more specific?;[];[0.0, 0.1, 0.0, 1.0];0.0;5;False;{'user_input': 'What is the language recognized by this automaton for the input 11000?', 'intent': 'fsa-practical', 'argument': 'language', 'dialogue_act': 'Ta:request', 'frame': {'input': '11000'}};[0.0, 0.1, 0.0, 1.0]
Correctness;4;What is the language accepted by this automaton that follows a clockwise pattern?;Could you be more specific?;[];[0.1, 0.2, 0.1, 1.0];0.1;6;False;{'user_input': 'What is the language accepted by this automaton that follows a clockwise pattern?', 'intent': 'fsa-practical', 'argument': 'language', 'dialogue_act': 'Ta:request', 'frame': {'clockwisePattern': '?'}};[0.1, 0.2, 0.1, 1.0]
Correctness;4;Does this automaton accept the language of all binary strings that contain the pattern 11000?;Could you be more specific?;[];[0.0, 0.1, 0.0, 1.0];0.0;7;False;{'user_input': 'Does this automaton accept the language of all binary strings that contain the pattern 11000?', 'intent': 'fsa-practical', 'argument': 'language', 'dialogue_act': 'Ta:request', 'frame': {'pattern': '11000'}};[0.0, 0.1, 0.0, 1.0]
Correctness;4;The language accepted by this automaton with 7 transitions is the set of all binary strings that contain the substring 11000.;Could you be more specific?;[];[0.0, 0.1, 0.0, 1.0];0.0;8;False;{'user_input': 'The language accepted by this automaton with 7 transitions is the set of all binary strings that contain the substring 11000.', 'intent': 'fsa-practical', 'argument': 'language', 'dialogue_act': 'Ta:request', 'frame': {'alphabet': '0', 'input': '1'}};[0.0, 0.1, 0.0, 1.0]
Correctness;4;given the automaton shown, what is the language accepted over the alphabet {0} for the input string 1?;Could you be more specific?;[];[0.0, 0.1, 0.0, 1.0];0.0;9;False;{'user_input': 'given the automaton shown, what is the language accepted over the alphabet {0} for the input string 1?', 'intent': 'fsa-practical', 'argument': 'language', 'dialogue_act': 'Ta:request', 'frame': {'alphabet': ['0'], 'input': '1'}};[0.0, 0.1, 0.0, 1.0]
Correctness;4;what is the language recognized by this automaton?;Could you be more specific?;[];[0.0, 0.1, 0.0, 1.0];0.0;10;False;{'user_input': 'what is the language recognized by this automaton?', 'intent': 'fsa-practical', 'argument': 'language', 'dialogue_act': 'Ta:request', 'frame': {'language': '?'}};[0.0, 0.1, 0.0, 1.0]
Correctness;4;What is the language accepted by this automaton for the input string?;Could you be more specific?;[];[0.1, 0.2, 0.1, 1.0];0.0;11;False;{'user_input': 'What is the language accepted by this automaton for the input string?', 'intent': 'fsa-practical', 'argument': 'language', 'dialogue_act': 'Ta:request', 'frame': {'input': '?'}};[0.1, 0.2, 0.1, 1.0]
Correctness;4;what is the input of this automaton?;Could you be more specific?;[];[0.0, 0.1, 0.0, 1.0];0.1;12;False;{'user_input': 'what is the input of this automaton?', 'intent': 'fsa-practical', 'argument': 'language', 'dialogue_act': 'Ta:request', 'frame': {'input': '?'}};[0.0, 0.1, 0.0, 1.0]
Correctness;4;what is the language accepted by this finite state automaton for an arbitrary input string?;Could you be more specific?;[];[0.0, 0.1, 0.0, 1.0];0.0;13;False;{'user_input': 'what is the language accepted by this finite state automaton for an arbitrary input string?', 'intent': 'fsa-practical', 'argument': 'language', 'dialogue_act': 'Ta:request', 'frame': {'input': '?'}};[0.0, 0.1, 0.0, 1.0]
Correctness;4;What is the language recognized by this finite state automaton with the triangular graphical representation?;Could you be more specific?;[];[0.0, 0.1, 0.0, 1.0];0.0;14;False;{'user_input': 'What is the language recognized by this finite state automaton with the triangular graphical representation?', 'intent': 'fsa-practical', 'argument': 'language', 'dialogue_act': 'Ta:request', 'frame': {'graphicRepresentation': 'triangular'}};[0.0, 0.1, 0.0, 1.0]
Correctness;5;Is this automaton deterministic or non-deterministic?;The automaton accepts zero or more words formed by a sequence of the type 11000. In total there are 5 states: q0, q1, q2, q3 and q4. q0 is both the initial and the final state. The transitions are: q0 with value 1 goes to q1, q1 with value 1 goes to q2, q2 with value 0 goes to q3, q3 with value 0 goes to q4, q4 with value 0 goes to q0.;[];[0.1, 0.3, 0.2, 1.0];0.0;1;False;{'user_input': 'Is this automaton deterministic or non-deterministic?', 'intent': 'fsa-practical', 'argument': 'automaton', 'dialogue_act': 'Ta:propositionalQuestion', 'frame': {'input': 'automatonType'}};[0.1, 0.3, 0.2, 1.0]
Correctness;5;Can you check, for this automaton, what type of automaton it is if we give it the input string 11000?;The automaton accepts zero or more words formed by a sequence of the type 11000. In total there are 5 states: q0, q1, q2, q3 and q4. q0 is both the initial and the final state. The transitions are: q0 with value 1 goes to q1, q1 with value 1 goes to q2, q2 with value 0 goes to q3, q3 with value 0 goes to q4, q4 with value 0 goes to q0.;[];[0.4, 0.6, 0.5, 1.0];0.5;1;False;{'user_input': 'Can you check, for this automaton, what type of automaton it is if we give it the input string 11000?', 'intent': 'fsa-practical', 'argument': 'automaton', 'dialogue_act': 'Ta:request', 'frame': {'input': '11000'}};[0.4, 0.6, 0.5, 1.0]
Correctness;5;what is the alphabet of this automaton, is it [“2”, “4”]?;Could you be more specific?;[];[0.0, 0.1, 0.0, 1.0];0.1;2;False;{'user_input': 'what is the alphabet of this automaton, is it [“2”, “4”]?', 'intent': 'fsa-practical', 'argument': 'alphabet', 'dialogue_act': 'Ta:propositionalQuestion', 'frame': {'alphabet': '2'}};[0.0, 0.1, 0.0, 1.0]
Correctness;5;what type of automaton is this pattern?;The automaton accepts zero or more words formed by a sequence of the type 11000. In total there are 5 states: q0, q1, q2, q3 and q4. q0 is both the initial and the final state. The transitions are: q0 with value 1 goes to q1, q1 with value 1 goes to q2, q2 with value 0 goes to q3, q3 with value 0 goes to q4, q4 with value 0 goes to q0.;[];[0.2, 0.6, 0.3, 1.0];0.3;3;False;{'user_input': 'what type of automaton is this pattern?', 'intent': 'fsa-practical', 'argument': 'automaton', 'dialogue_act': 'Ta:request', 'frame': {'patternType': '?'}};[0.2, 0.6, 0.3, 1.0]
Correctness;5;Does this automaton accept any strings that contain the pattern 1100?;Could you be more specific?;[];[0.0, 0.1, 0.0, 1.0];0.0;4;False;{'user_input': 'Does this automaton accept any strings that contain the pattern 1100?', 'intent': 'fsa-practical', 'argument': 'language', 'dialogue_act': 'Ta:request', 'frame': {'pattern': '1100'}};[0.0, 0.1, 0.0, 1.0]
Correctness;5;what is the output of this automaton when the input pattern is 1100?;Could you be more specific?;[];[0.0, 0.1, 0.0, 1.0];0.0;5;False;{'user_input': 'what is the output of this automaton when the input pattern is 1100?', 'intent': 'fsa-practical', 'argument': 'language', 'dialogue_act': 'Ta:request', 'frame': {'input': '1100'}};[0.0, 0.1, 0.0, 1.0]
Correctness;5;hello, can you please tell me what language is recognized by this finite state automaton for the input string 1100?;Could you be more specific?;[];[0.0, 0.1, 0.0, 1.0];0.0;6;False;{'user_input': 'hello, can you please tell me what language is recognized by this finite state automaton for the input string 1100?', 'intent': 'fsa-practical', 'argument': 'language', 'dialogue_act': 'Ta:request', 'frame': {'input': '1100'}};[0.0, 0.1, 0.0, 1.0]
Correctness;5;what is the language recognized by this automaton for the input string 1100?;Could you be more specific?;[];[0.0, 0.1, 0.0, 1.0];0.0;7;False;{'user_input': 'what is the language recognized by this automaton for the input string 1100?', 'intent': 'fsa-practical', 'argument': 'language', 'dialogue_act': 'Ta:request', 'frame': {'input': '1100'}};[0.0, 0.1, 0.0, 1.0]
Correctness;5;Is the language recognized by this non-deterministic finite state automaton?;Could you be more specific?;[];[0.0, 0.1, 0.0, 1.0];0.1;8;False;{'user_input': 'Is the language recognized by this non-deterministic finite state automaton?', 'intent': 'fsa-practical', 'argument': 'language', 'dialogue_act': 'Ta:request', 'frame': {'input': '?'}};[0.0, 0.1, 0.0, 1.0]
Correctness;5;for the automaton shown, does the language accept the input 1100?;Could you be more specific?;[];[0.0, 0.1, 0.0, 1.0];0.0;9;False;{'user_input': 'for the automaton shown, does the language accept the input 1100?', 'intent': 'fsa-practical', 'argument': 'language', 'dialogue_act': 'Ta:propositionalQuestion', 'frame': {'input': '1100'}};[0.0, 0.1, 0.0, 1.0]
Correctness;5;what is the language recognized by the automaton with the triangular graphic representation?;Could you be more specific?;[];[0.0, 0.1, 0.0, 1.0];0.0;10;False;{'user_input': 'what is the language recognized by the automaton with the triangular graphic representation?', 'intent': 'fsa-practical', 'argument': 'language', 'dialogue_act': 'Ta:request', 'frame': {'graphicRepresentation': 'triangular'}};[0.0, 0.1, 0.0, 1.0]
Correctness;5;could you explain, from a theoretical point of view, what is the language recognized by this finite state automaton when it is shown with a triangular graphical representation?;Could you be more specific?;[];[0.0, 0.1, 0.0, 1.0];0.1;11;False;{'user_input': 'could you explain, from a theoretical point of view, what is the language recognized by this finite state automaton when it is shown with a triangular graphical representation?', 'intent': 'fsa-practical', 'argument': 'language', 'dialogue_act': 'Ta:request', 'frame': {'graphicRepresentation': 'triangular'}};[0.0, 0.1, 0.0, 1.0]
Correctness;5;Could you explain, in theoretical terms, what language is recognized by this automaton if its graphical representation is triangular?;Could you be more specific?;[];[0.1, 0.2, 0.1, 1.0];0.1;12;False;{'user_input': 'Could you explain, in theoretical terms, what language is recognized by this automaton if its graphical representation is triangular?', 'intent': 'fsa-practical', 'argument': 'language', 'dialogue_act': 'Ta:request', 'frame': {'graphicRepresentation': 'triangular'}};[0.1, 0.2, 0.1, 1.0]
Correctness;5;Could you explain, from a theoretical point of view, what is the language recognized by this finite state automaton when its graphical representation is triangular?;Could you be more specific?;[];[0.0, 0.1, 0.0, 1.0];0.1;13;False;{'user_input': 'Could you explain, from a theoretical point of view, what is the language recognized by this finite state automaton when its graphical representation is triangular?', 'intent': 'fsa-practical', 'argument': 'language', 'dialogue_act': 'Ta:request', 'frame': {'graphicalRepresentation': 'triangular', 'input': '?'}};[0.0, 0.1, 0.0, 1.0]
Correctness;5;in this automaton, what is the language accepted when the final states are q1 and q2?;Could you be more specific?;[];[0.0, 0.1, 0.0, 1.0];0.0;14;False;{'user_input': 'in this automaton, what is the language accepted when the final states are q1 and q2?', 'intent': 'fsa-practical', 'argument': 'language', 'dialogue_act': 'Ta:request', 'frame': {'finalStates': 'q1'}};[0.0, 0.1, 0.0, 1.0]
VisualRelevancy;1;Can I go from q2 to q4 with any sequence of inputs in this automaton?;The automaton accepts zero or more words formed by a sequence of the type 11000. In total there are 5 states: q0, q1, q2, q3 and q4. q0 is both the initial and the final state. The transitions are: q0 with value 1 goes to q1, q1 with value 1 goes to q2, q2 with value 0 goes to q3, q3 with value 0 goes to q4, q4 with value 0 goes to q0.;[];[0.1, 0.4, 0.2, 1.0];1.0;0;False;{'user_input': 'Can I go from q2 to q4 with any sequence of inputs in this automaton?', 'intent': 'fsa-practical', 'argument': None, 'dialogue_act': 'Ta:propositionalQuestion', 'frame': {'pathExist': '?'}};[0.1, 0.4, 0.2, 1.0]
VisualRelevancy;1;what is the alphabet of this finite state automaton?;Could you be more specific?;[];[0.0, 0.1, 0.0, 1.0];1.0;0;False;{'user_input': 'what is the alphabet of this finite state automaton?', 'intent': 'fsa-practical', 'argument': 'alphabet', 'dialogue_act': 'Ta:request', 'frame': {'alphabet': '?'}};[0.0, 0.1, 0.0, 1.0]
VisualRelevancy;1;what is the alphabet of this automaton?;Could you be more specific?;[];[0.0, 0.1, 0.0, 1.0];1.0;0;False;{'user_input': 'what is the alphabet of this automaton?', 'intent': 'fsa-practical', 'argument': 'alphabet', 'dialogue_act': 'Ta:request', 'frame': {'alphabet': '?'}};[0.0, 0.1, 0.0, 1.0]
VisualRelevancy;1;What is the alphabet of this automaton?;Could you be more specific?;[];[0.0, 0.1, 0.0, 1.0];1.0;0;False;{'user_input': 'What is the alphabet of this automaton?', 'intent': 'fsa-practical', 'argument': 'alphabet', 'dialogue_act': 'Ta:request', 'frame': {'alphabet': '?'}};[0.0, 0.1, 0.0, 1.0]
VisualRelevancy;1;what is the alphabet of this automaton?;Could you be more specific?;[];[0.0, 0.1, 0.0, 1.0];1.0;0;False;{'user_input': 'what is the alphabet of this automaton?', 'intent': 'fsa-practical', 'argument': 'alphabet', 'dialogue_act': 'Ta:request', 'frame': {'alphabet': '?'}};[0.0, 0.1, 0.0, 1.0]
VisualRelevancy;1;what is the alphabet of this regular language for the automaton shown?;Could you be more specific?;[];[0.0, 0.1, 0.0, 1.0];1.0;0;False;{'user_input': 'what is the alphabet of this regular language for the automaton shown?', 'intent': 'fsa-practical', 'argument': 'alphabet', 'dialogue_act': 'Ta:request', 'frame': {'alphabet': '?'}};[0.0, 0.1, 0.0, 1.0]
VisualRelevancy;1;What is the alphabet of this automaton?;Could you be more specific?;[];[0.0, 0.1, 0.0, 1.0];1.0;0;False;{'user_input': 'What is the alphabet of this automaton?', 'intent': 'fsa-practical', 'argument': 'alphabet', 'dialogue_act': 'Ta:request', 'frame': {'alphabet': '?'}};[0.0, 0.1, 0.0, 1.0]
VisualRelevancy;1;hello! could you tell me what the alphabet of this automaton is?;Could you be more specific?;[];[0.0, 0.1, 0.0, 1.0];1.0;0;False;{'user_input': 'hello! could you tell me what the alphabet of this automaton is?', 'intent': 'fsa-practical', 'argument': 'alphabet', 'dialogue_act': 'Ta:request', 'frame': {'alphabet': '?'}};[0.0, 0.1, 0.0, 1.0]
VisualRelevancy;1;What is the alphabet of this automaton?;Could you be more specific?;[];[0.0, 0.1, 0.0, 1.0];1.0;0;False;{'user_input': 'What is the alphabet of this automaton?', 'intent': 'fsa-practical', 'argument': 'alphabet', 'dialogue_act': 'Ta:request', 'frame': {'alphabet': '?'}};[0.0, 0.1, 0.0, 1.0]
VisualRelevancy;1;what is the language accepted by this automaton and what is its alphabet?;Could you be more specific?;[];[0.0, 0.1, 0.0, 1.0];1.0;0;False;{'user_input': 'what is the language accepted by this automaton and what is its alphabet?', 'intent': 'fsa-practical', 'argument': 'language', 'dialogue_act': 'Ta:request', 'frame': {'alphabet': '?', 'language': '?'}};[0.0, 0.1, 0.0, 1.0]
VisualRelevancy;1;what is the language accepted by this finite state automaton and what is its alphabet?;Could you be more specific?;[];[0.0, 0.1, 0.0, 1.0];1.0;0;False;{'user_input': 'what is the language accepted by this finite state automaton and what is its alphabet?', 'intent': 'fsa-practical', 'argument': 'language', 'dialogue_act': 'Ta:propositionalQuestion', 'frame': {'alphabet': '?', 'language': '?'}};[0.0, 0.1, 0.0, 1.0]
VisualRelevancy;1;which transitions does this automaton have, and over which alphabet and language are they defined?;MUTATION The automaton has 5 transitions: q0 with value 1 goes to q1, q1 with value 1 goes to q2, q2 with value 0 goes to q3, q3 with value 0 goes to q4, q4 with value 0 goes to q0.;['simbolo-q0-q1', 'simbolo-q1-q2', 'simbolo-q2-q3', 'simbolo-q3-q4', 'simbolo-q4-q0'];[0.5, 0.6, 0.5, 1.0];1.0;0;True;{'user_input': 'which transitions does this automaton have, and over which alphabet and language are they defined?', 'intent': 'fsa-practical', 'argument': 'transition', 'dialogue_act': 'Ta:request', 'frame': {'transitions': [], 'alphabet': '?', 'language': '?'}};[0.5, 0.6, 0.5, 1.0]
VisualRelevancy;1;what is the language recognized by this finite state automaton?;Could you be more specific?;[];[0.0, 0.1, 0.0, 1.0];1.0;0;False;{'user_input': 'what is the language recognized by this finite state automaton?', 'intent': 'fsa-practical', 'argument': 'language', 'dialogue_act': 'Ta:request', 'frame': {'automatonType': 'finite'}};[0.0, 0.1, 0.0, 1.0]
VisualRelevancy;1;What is the language recognized by this finite automaton?;Could you be more specific?;[];[0.0, 0.1, 0.0, 1.0];1.0;0;False;{'user_input': 'What is the language recognized by this finite automaton?', 'intent': 'fsa-practical', 'argument': 'language', 'dialogue_act': 'Ta:request', 'frame': {'language': '?'}};[0.0, 0.1, 0.0, 1.0]
VisualRelevancy;1;goodbye. before i go, could you explain what is the language recognized by this automaton?;The automaton accepts zero or more words formed by a sequence of the type 11000. In total there are 5 states: q0, q1, q2, q3 and q4. q0 is both the initial and the final state. The transitions are: q0 with value 1 goes to q1, q1 with value 1 goes to q2, q2 with value 0 goes to q3, q3 with value 0 goes to q4, q4 with value 0 goes to q0.;[];[0.9, 1.0, 1.0, 1.0];1.0;0;False;{'user_input': 'goodbye. before i go, could you explain what is the language recognized by this automaton?', 'intent': 'fsa-practical', 'argument': None, 'dialogue_act': 'Ta:request', 'frame': {}};[0.9, 1.0, 1.0, 1.0]
VisualRelevancy;2;What is the label of the transition that goes from q1 to q2?;The transition between q1 and q2 is with value 1.;['simbolo-q1-q2'];[1.0, 1.0, 1.0, 1.0];1.0;0;False;{'user_input': 'What is the label of the transition that goes from q1 to q2?', 'intent': 'fsa-practical', 'argument': 'transition', 'dialogue_act': 'Ta:request', 'frame': {'transitions': [['q1', 'q2', '?']]}};[1.0, 1.0, 1.0, 1.0]
VisualRelevancy;2;does this automaton contain this on input 0?;Could you be more specific?;[];[0.2, 0.3, 0.2, 1.0];1.0;0;False;{'user_input': 'does this automaton contain this on input 0?', 'intent': 'fsa-practical', 'argument': 'language', 'dialogue_act': 'Ta:request', 'frame': {'transitions': [['q2', 'q3', '?']]}, '_raw_frame': {'input': '0'}};[0.2, 0.3, 0.2, 1.0]
VisualRelevancy;2;does this automaton accept the language of all binary strings that contain the pattern 11000?;Could you be more specific?;[];[0.0, 0.1, 0.0, 1.0];1.0;0;False;{'user_input': 'does this automaton accept the language of all binary strings that contain the pattern 11000?', 'intent': 'fsa-practical', 'argument': 'language', 'dialogue_act': 'Ta:request', 'frame': {'pattern': '11000'}};[0.0, 0.1, 0.0, 1.0]
VisualRelevancy;2;Can you check whether the automaton accepts the input 11000?;Could you be more specific?;[];[0.0, 0.1, 0.0, 0.9];1.0;0;False;{'user_input': 'Can you check whether the automaton accepts the input 11000?', 'intent': 'fsa-practical', 'argument': 'language', 'dialogue_act': 'Ta:propositionalQuestion', 'frame': {'input': '11000'}};[0.0, 0.1, 0.0, 0.9]
VisualRelevancy;2;what is the language recognized by this automaton over the alphabet [“2”, “4”]?;Could you be more specific?;[];[0.0, 0.1, 0.0, 1.0];1.0;0;False;{'user_input': 'what is the language recognized by this automaton over the alphabet [“2”, “4”]?', 'intent': 'fsa-practical', 'argument': 'language', 'dialogue_act': 'Ta:request', 'frame': {'alphabet': ['2', '4']}};[0.0, 0.1, 0.0, 1.0]
VisualRelevancy;2;what type of language does this finite state automaton recognize, is it a regular language?;Could you be more specific?;[];[0.0, 0.1, 0.0, 0.9];1.0;0;False;{'user_input': 'what type of language does this finite state automaton recognize, is it a regular language?', 'intent': 'fsa-practical', 'argument': 'language', 'dialogue_act': 'Ta:request', 'frame': {'typeOfLanguage': 'automatonType', 'isRegular': 'automatonType'}};[0.0, 0.1, 0.0, 0.9]
VisualRelevancy;2;is the language recognized by this automaton regular, and what type of automaton is it?;Could you be more specific?;[];[0.0, 0.1, 0.0, 1.0];1.0;0;False;{'user_input': 'is the language recognized by this automaton regular, and what type of automaton is it?', 'intent': 'fsa-practical', 'argument': 'language', 'dialogue_act': 'Ta:request', 'frame': {'input': '?'}};[0.0, 0.1, 0.0, 1.0]
VisualRelevancy;2;What is the language accepted by this finite state automaton for the input string ?;Could you be more specific?;[];[0.0, 0.1, 0.0, 1.0];1.0;0;False;{'user_input': 'What is the language accepted by this finite state automaton for the input string ?', 'intent': 'fsa-practical', 'argument': 'language', 'dialogue_act': 'Ta:request', 'frame': {'input': '?'}};[0.0, 0.1, 0.0, 1.0]
VisualRelevancy;2;What is the language accepted by this finite state automaton for an unspecified input string?;Could you be more specific?;[];[0.1, 0.2, 0.1, 1.0];1.0;0;False;{'user_input': 'What is the language accepted by this finite state automaton for an unspecified input string?', 'intent': 'fsa-practical', 'argument': 'language', 'dialogue_act': 'Ta:request', 'frame': {'input': '?'}};[0.1, 0.2, 0.1, 1.0]
VisualRelevancy;2;what is the language accepted by this automaton for the input string “?”?;Could you be more specific?;[];[0.1, 0.2, 0.1, 1.0];1.0;0;False;{'user_input': 'what is the language accepted by this automaton for the input string “?”?', 'intent': 'fsa-practical', 'argument': 'language', 'dialogue_act': 'Ta:request', 'frame': {'input': '?'}};[0.1, 0.2, 0.1, 1.0]
VisualRelevancy;2;For this automaton, what is the language of all input strings that are denied (i.e., not accepted)?;Could you be more specific?;[];[0.0, 0.1, 0.0, 1.0];1.0;0;False;{'user_input': 'For this automaton, what is the language of all input strings that are denied (i.e., not accepted)?', 'intent': 'fsa-practical', 'argument': 'language', 'dialogue_act': 'Ta:request', 'frame': {'input': '?'}};[0.0, 0.1, 0.0, 1.0]
VisualRelevancy;2;Thank you, could you explain what language this automaton accepts for the input string?;The automaton accepts zero or more words formed by a sequence of the type 11000. In total there are 5 states: q0, q1, q2, q3 and q4. q0 is both the initial and the final state. The transitions are: q0 with value 1 goes to q1, q1 with value 1 goes to q2, q2 with value 0 goes to q3, q3 with value 0 goes to q4, q4 with value 0 goes to q0.;[];[0.95, 0.95, 1.0, 1.0];1.0;0;False;{'user_input': 'Thank you, could you explain what language this automaton accepts for the input string?', 'intent': 'fsa-practical', 'argument': 'automaton', 'dialogue_act': 'Ta:request', 'frame': {}};[0.95, 0.95, 1.0, 1.0]
VisualRelevancy;2;can you tell me what the states of this automaton are?;The state q0 exists.;['simbolo-q0'];[0.2, 0.4, 0.2, 0.9];0.8;0;False;{'user_input': 'can you tell me what the states of this automaton are?', 'intent': 'fsa-practical', 'argument': 'state', 'dialogue_act': 'Ta:request', 'frame': {'states': '?'}};[0.2, 0.4, 0.2, 0.9]
VisualRelevancy;2;can you tell me what the states of this automaton are?;The state q0 exists.;['simbolo-q0'];[0.2, 0.4, 0.2, 0.9];0.9;0;False;{'user_input': 'can you tell me what the states of this automaton are?', 'intent': 'fsa-practical', 'argument': 'state', 'dialogue_act': 'Ta:request', 'frame': {'states': '?'}};[0.2, 0.4, 0.2, 0.9]
VisualRelevancy;2;Which states does this regular language automaton have?;The state q0 exists.;['simbolo-q0'];[0.2, 0.4, 0.2, 0.8];0.9;0;False;{'user_input': 'Which states does this regular language automaton have?', 'intent': 'fsa-practical', 'argument': 'state', 'dialogue_act': 'Ta:request', 'frame': {'states': '?'}};[0.2, 0.4, 0.2, 0.8]
VisualRelevancy;3;Is q0 the only final state or are there other accepting states in this automaton?;The final state is q0.;['simbolo-q0'];[1.0, 1.0, 1.0, 0.9];1.0;0;False;{'user_input': 'Is q0 the only final state or are there other accepting states in this automaton?', 'intent': 'fsa-practical', 'argument': 'state', 'dialogue_act': 'Ta:request', 'frame': {'finalStates': 'q0'}};[1.0, 1.0, 1.0, 0.9]
VisualRelevancy;3;What is the language accepted by this automaton if the only final state is q0?;Could you be more specific?;[];[0.0, 0.1, 0.0, 1.0];1.0;0;False;{'user_input': 'What is the language accepted by this automaton if the only final state is q0?', 'intent': 'fsa-practical', 'argument': 'language', 'dialogue_act': 'Ta:request', 'frame': {'input': '?'}};[0.0, 0.1, 0.0, 1.0]
VisualRelevancy;3;What is the language accepted by this automaton for an unspecified input?;Could you be more specific?;[];[0.0, 0.1, 0.0, 1.0];1.0;0;False;{'user_input': 'What is the language accepted by this automaton for an unspecified input?', 'intent': 'fsa-practical', 'argument': 'language', 'dialogue_act': 'Ta:request', 'frame': {'input': '?'}};[0.0, 0.1, 0.0, 1.0]
VisualRelevancy;3;For this finite state automaton, what is the language of strings that are denied as output?;Could you be more specific?;[];[0.0, 0.1, 0.0, 1.0];1.0;0;False;{'user_input': 'For this finite state automaton, what is the language of strings that are denied as output?', 'intent': 'fsa-practical', 'argument': 'language', 'dialogue_act': 'Ta:request', 'frame': {'language': '?'}};[0.0, 0.1, 0.0, 1.0]
VisualRelevancy;3;What is the language recognized by this automaton?;Could you be more specific?;[];[0.0, 0.1, 0.0, 1.0];1.0;0;False;{'user_input': 'What is the language recognized by this automaton?', 'intent': 'fsa-practical', 'argument': 'language', 'dialogue_act': 'Ta:request', 'frame': {'input': '?'}};[0.0, 0.1, 0.0, 1.0]
VisualRelevancy;3;What is the language accepted by this automaton for the input string “?”?;Could you be more specific?;[];[0.2, 0.4, 0.2, 1.0];1.0;0;False;{'user_input': 'What is the language accepted by this automaton for the input string “?”?', 'intent': 'fsa-practical', 'argument': 'language', 'dialogue_act': 'Ta:request', 'frame': {'input': '?'}};[0.2, 0.4, 0.2, 1.0]
VisualRelevancy;3;What is the language recognized by this automaton for the input string?;Could you be more specific?;[];[0.1, 0.2, 0.1, 0.9];1.0;0;False;{'user_input': 'What is the language recognized by this automaton for the input string?', 'intent': 'fsa-practical', 'argument': 'language', 'dialogue_act': 'Ta:request', 'frame': {'input': '?'}};[0.1, 0.2, 0.1, 0.9]
VisualRelevancy;3;what is the input of this automaton?;Could you be more specific?;[];[0.0, 0.1, 0.0, 1.0];1.0;0;False;{'user_input': 'what is the input of this automaton?', 'intent': 'fsa-practical', 'argument': 'language', 'dialogue_act': 'Ta:request', 'frame': {'input': '?'}};[0.0, 0.1, 0.0, 1.0]
VisualRelevancy;3;what is the language accepted by this automaton for the input?;Could you be more specific?;[];[0.0, 0.1, 0.0, 1.0];1.0;0;False;{'user_input': 'what is the language accepted by this automaton for the input?', 'intent': 'fsa-practical', 'argument': 'language', 'dialogue_act': 'Ta:propositionalQuestion', 'frame': {'input': '?'}};[0.0, 0.1, 0.0, 1.0]
VisualRelevancy;3;Is the language recognized by this automaton a regular language?;Could you be more specific?;[];[0.0, 0.1, 0.0, 1.0];1.0;0;False;{'user_input': 'Is the language recognized by this automaton a regular language?', 'intent': 'fsa-practical', 'argument': 'language', 'dialogue_act': 'Ta:propositionalQuestion', 'frame': {'input': '?'}};[0.0, 0.1, 0.0, 1.0]
VisualRelevancy;3;for which input strings is this automaton defined to perform a sequence of transitions?;Could you be more specific?;[];[0.0, 0.1, 0.0, 1.0];1.0;0;False;{'user_input': 'for which input strings is this automaton defined to perform a sequence of transitions?', 'intent': 'fsa-practical', 'argument': 'language', 'dialogue_act': 'Ta:propositionalQuestion', 'frame': {'input': '?'}};[0.0, 0.1, 0.0, 1.0]
VisualRelevancy;3;what is the resulting state of the automaton for the input string?;The state q0 exists.;['simbolo-q0'];[0.1, 0.3, 0.1, 0.9];0.3;1;False;{'user_input': 'what is the resulting state of the automaton for the input string?', 'intent': 'fsa-practical', 'argument': 'state', 'dialogue_act': 'Ta:request', 'frame': {'states': '?'}};[0.1, 0.3, 0.1, 0.9]
VisualRelevancy;3;thank you, could you please tell me what the states of this automaton are?;The state q0 exists.;['simbolo-q0'];[0.2, 0.4, 0.2, 0.9];0.8;1;False;{'user_input': 'thank you, could you please tell me what the states of this automaton are?', 'intent': 'fsa-practical', 'argument': 'state', 'dialogue_act': 'Ta:request', 'frame': {'states': '?'}};[0.2, 0.4, 0.2, 0.9]
VisualRelevancy;3;Can you tell me what the transitions of this automaton are?;MUTATION The automaton has 5 transitions: q0 with value 1 goes to q1, q1 with value 1 goes to q2, q2 with value 0 goes to q3, q3 with value 0 goes to q4, q4 with value 0 goes to q0.;['simbolo-q0-q1', 'simbolo-q1-q2', 'simbolo-q2-q3', 'simbolo-q3-q4', 'simbolo-q4-q0'];[1.0, 1.0, 1.0, 1.0];1.0;1;True;{'user_input': 'Can you tell me what the transitions of this automaton are?', 'intent': 'fsa-practical', 'argument': 'transition', 'dialogue_act': 'Ta:request', 'frame': {'transitions': []}};[1.0, 1.0, 1.0, 1.0]
VisualRelevancy;3;What are the states of this automaton?;The state q0 exists.;['simbolo-q0'];[0.2, 0.4, 0.2, 0.6];0.4;1;False;{'user_input': 'What are the states of this automaton?', 'intent': 'fsa-practical', 'argument': 'state', 'dialogue_act': 'Ta:request', 'frame': {'states': '?'}};[0.2, 0.4, 0.2, 0.6]
VisualRelevancy;4;What language does this automaton accept, in terms of the pattern of 1s and 0s?;Could you be more specific?;[];[0.0, 0.1, 0.0, 1.0];1.0;0;False;{'user_input': 'What language does this automaton accept, in terms of the pattern of 1s and 0s?', 'intent': 'fsa-practical', 'argument': 'language', 'dialogue_act': 'Ta:request', 'frame': {'input': '?'}};[0.0, 0.1, 0.0, 1.0]
VisualRelevancy;4;the language accepted by this automaton for the input is ?;Could you be more specific?;[];[0.0, 0.1, 0.0, 1.0];1.0;0;False;{'user_input': 'the language accepted by this automaton for the input is ?', 'intent': 'fsa-practical', 'argument': 'language', 'dialogue_act': 'Ta:propositionalQuestion', 'frame': {'input': '?'}};[0.0, 0.1, 0.0, 1.0]
VisualRelevancy;4;what is the language accepted by this automaton for the input string ?;Could you be more specific?;[];[0.1, 0.1, 0.1, 1.0];1.0;0;False;{'user_input': 'what is the language accepted by this automaton for the input string ?', 'intent': 'fsa-practical', 'argument': 'language', 'dialogue_act': 'Ta:request', 'frame': {'input': '?'}};[0.1, 0.1, 0.1, 1.0]
VisualRelevancy;4;what is the language accepted by this automaton for the input string?;Could you be more specific?;[];[0.0, 0.1, 0.0, 1.0];1.0;0;False;{'user_input': 'what is the language accepted by this automaton for the input string?', 'intent': 'fsa-practical', 'argument': 'language', 'dialogue_act': 'Ta:request', 'frame': {'input': '?'}};[0.0, 0.1, 0.0, 1.0]
VisualRelevancy;4;What language does this automaton recognize for the transition sequence from ? to Q4 with input ? in the transitions [“?”, “Q4”, “?”]?;The automaton accepts zero or more words formed by a sequence of the type 11000. In total there are 5 states: q0, q1, q2, q3 and q4. q0 is both the initial and the final state. The transitions are: q0 with value 1 goes to q1, q1 with value 1 goes to q2, q2 with value 0 goes to q3, q3 with value 0 goes to q4, q4 with value 0 goes to q0.;[];[0.3, 0.6, 0.4, 1.0];1.0;0;False;{'user_input': 'What language does this automaton recognize for the transition sequence from ? to Q4 with input ? in the transitions [“?”, “Q4”, “?”]?', 'intent': None, 'argument': None, 'dialogue_act': None, 'frame': {}};[0.3, 0.6, 0.4, 1.0]
VisualRelevancy;4;Can you show me something about this automaton?;The automaton accepts zero or more words formed by a sequence of the type 11000. In total there are 5 states: q0, q1, q2, q3 and q4. q0 is both the initial and the final state. The transitions are: q0 with value 1 goes to q1, q1 with value 1 goes to q2, q2 with value 0 goes to q3, q3 with value 0 goes to q4, q4 with value 0 goes to q0.;[];[0.95, 0.95, 0.9, 1.0];1.0;0;False;{'user_input': 'Can you show me something about this automaton?', 'intent': 'fsa-practical', 'argument': 'automaton', 'dialogue_act': 'Ta:request', 'frame': {}};[0.95, 0.95, 0.9, 1.0]
VisualRelevancy;4;Can you show me information about this automaton?;The automaton accepts zero or more words formed by a sequence of the type 11000. In total there are 5 states: q0, q1, q2, q3 and q4. q0 is both the initial and the final state. The transitions are: q0 with value 1 goes to q1, q1 with value 1 goes to q2, q2 with value 0 goes to q3, q3 with value 0 goes to q4, q4 with value 0 goes to q0.;[];[0.95, 0.95, 0.9, 1.0];1.0;0;False;{'user_input': 'Can you show me information about this automaton?', 'intent': 'fsa-practical', 'argument': 'automaton', 'dialogue_act': 'Ta:request', 'frame': {}};[0.95, 0.95, 0.9, 1.0]
VisualRelevancy;4;Can you list all the transitions of this automaton?;MUTATION The automaton has 5 transitions: q0 with value 1 goes to q1, q1 with value 1 goes to q2, q2 with value 0 goes to q3, q3 with value 0 goes to q4, q4 with value 0 goes to q0.;['simbolo-q0-q1', 'simbolo-q1-q2', 'simbolo-q2-q3', 'simbolo-q3-q4', 'simbolo-q4-q0'];[1.0, 1.0, 1.0, 1.0];1.0;0;True;{'user_input': 'Can you list all the transitions of this automaton?', 'intent': 'fsa-practical', 'argument': 'transition', 'dialogue_act': 'Ta:request', 'frame': {}};[1.0, 1.0, 1.0, 1.0]
VisualRelevancy;4;Can you list all the transitions of this automaton?;MUTATION The automaton has 5 transitions: q0 with value 1 goes to q1, q1 with value 1 goes to q2, q2 with value 0 goes to q3, q3 with value 0 goes to q4, q4 with value 0 goes to q0.;['simbolo-q0-q1', 'simbolo-q1-q2', 'simbolo-q2-q3', 'simbolo-q3-q4', 'simbolo-q4-q0'];[1.0, 1.0, 1.0, 1.0];1.0;0;True;{'user_input': 'Can you list all the transitions of this automaton?', 'intent': 'fsa-practical', 'argument': 'transition', 'dialogue_act': 'Ta:request', 'frame': {'transitions': []}};[1.0, 1.0, 1.0, 1.0]
VisualRelevancy;4;actually, the transition from q2 with input 1 should go to q3, not from q2 with input 0.;The transition between q2 and q3 is with value 0.;['simbolo-q2-q3'];[0.0, 0.9, 0.0, 0.9];0.2;1;False;{'user_input': 'actually, the transition from q2 with input 1 should go to q3, not from q2 with input 0.', 'intent': 'fsa-practical', 'argument': 'transition', 'dialogue_act': 'Ta:request', 'frame': {'transitions': [['q2', 'q3', '1']]}};[0.0, 0.9, 0.0, 0.9]
VisualRelevancy;4;What language is recognized by the automaton if we change the transition from q2 to q3 so that it is labeled with 1 instead of 0, that is, the transition (q2, q3, 1)?;Could you be more specific?;[];[0.0, 0.1, 0.0, 1.0];1.0;1;False;{'user_input': 'What language is recognized by the automaton if we change the transition from q2 to q3 so that it is labeled with 1 instead of 0, that is, the transition (q2, q3, 1)?', 'intent': 'fsa-practical', 'argument': 'language', 'dialogue_act': 'Ta:request', 'frame': {'alphabet': ['0', '1'], 'input': 'q2'}};[0.0, 0.1, 0.0, 1.0]
VisualRelevancy;4;is there a this with input symbol 1?;The transition between q2 and q3 is with value 0.;['simbolo-q2-q3'];[0.0, 0.0, 0.0, 0.2];0.2;2;False;{'user_input': 'is there a this with input symbol 1?', 'intent': 'fsa-practical', 'argument': None, 'dialogue_act': 'Ta:request', 'frame': {'transitions': [['q2', 'q3', '?']]}, '_raw_frame': {'input': '1'}};[0.0, 0.0, 0.0, 0.2]
VisualRelevancy;4;which transition goes from this to that with input symbol 0?;The transition from q1 to q2 has value 1.;['simbolo-q1-q2'];[0.0, 0.2, 0.0, 0.0];0.0;3;False;{'user_input': 'which transition goes from this to that with input symbol 0?', 'intent': 'fsa-practical', 'argument': 'transition', 'dialogue_act': 'Ta:request', 'frame': {'states': ['q1', 'q2']}, '_raw_frame': {'transitions': []}};[0.0, 0.2, 0.0, 0.0]
VisualRelevancy;4;can you show me the graphical representation of the transitions of this automaton?;MUTATION The automaton has 5 transitions: q0 with value 1 goes to q1, q1 with value 1 goes to q2, q2 with value 0 goes to q3, q3 with value 0 goes to q4, q4 with value 0 goes to q0.;['simbolo-q0-q1', 'simbolo-q1-q2', 'simbolo-q2-q3', 'simbolo-q3-q4', 'simbolo-q4-q0'];[0.9, 0.95, 1.0, 1.0];1.0;3;True;{'user_input': 'can you show me the graphical representation of the transitions of this automaton?', 'intent': 'fsa-practical', 'argument': 'transition', 'dialogue_act': 'Ta:request', 'frame': {'graphicRepresentation': '?'}};[0.9, 0.95, 1.0, 1.0]
VisualRelevancy;4;What is the transition that goes from ? to Q4 with input symbol ? in this automaton?;the transition is not defined.;[];[0.0, 0.2, 0.0, 1.0];1.0;3;False;{'user_input': 'What is the transition that goes from ? to Q4 with input symbol ? in this automaton?', 'intent': 'fsa-practical', 'argument': 'transition', 'dialogue_act': 'Ta:request', 'frame': {'transitions': [['?', 'Q4', '?']]}};[0.0, 0.2, 0.0, 1.0]
VisualRelevancy;5;Is this automaton deterministic or nondeterministic based on the transitions shown?;The automaton accepts zero or more words formed by a sequence of the type 11000. In total there are 5 states: q0, q1, q2, q3 and q4. q0 is both the initial and the final state. The transitions are: q0 with value 1 goes to q1, q1 with value 1 goes to q2, q2 with value 0 goes to q3, q3 with value 0 goes to q4, q4 with value 0 goes to q0.;[];[0.1, 0.2, 0.2, 1.0];1.0;0;False;{'user_input': 'Is this automaton deterministic or nondeterministic based on the transitions shown?', 'intent': 'fsa-practical', 'argument': 'automaton', 'dialogue_act': 'Ta:request', 'frame': {'transitions': []}};[0.1, 0.2, 0.2, 1.0]
VisualRelevancy;5;can you list all the transitions of this automaton for me?;MUTATION The automaton has 5 transitions: q0 with value 1 goes to q1, q1 with value 1 goes to q2, q2 with value 0 goes to q3, q3 with value 0 goes to q4, q4 with value 0 goes to q0.;['simbolo-q0-q1', 'simbolo-q1-q2', 'simbolo-q2-q3', 'simbolo-q3-q4', 'simbolo-q4-q0'];[1.0, 1.0, 1.0, 1.0];1.0;0;True;{'user_input': 'can you list all the transitions of this automaton for me?', 'intent': 'fsa-practical', 'argument': 'transition', 'dialogue_act': 'Ta:request', 'frame': {'transitions': []}};[1.0, 1.0, 1.0, 1.0]
VisualRelevancy;5;Can you list all the transitions of this automaton?;MUTATION The automaton has 5 transitions: q0 with value 1 goes to q1, q1 with value 1 goes to q2, q2 with value 0 goes to q3, q3 with value 0 goes to q4, q4 with value 0 goes to q0.;['simbolo-q0-q1', 'simbolo-q1-q2', 'simbolo-q2-q3', 'simbolo-q3-q4', 'simbolo-q4-q0'];[1.0, 1.0, 1.0, 1.0];1.0;0;True;{'user_input': 'Can you list all the transitions of this automaton?', 'intent': 'fsa-practical', 'argument': 'transition', 'dialogue_act': 'Ta:request', 'frame': {'transitions': []}};[1.0, 1.0, 1.0, 1.0]
VisualRelevancy;5;which transitions in the automaton lead to this?;The transition from q0 to q1 has value 1.;['simbolo-q0-q1'];[0.3, 0.4, 0.2, 0.9];0.8;0;False;{'user_input': 'which transitions in the automaton lead to this?', 'intent': 'fsa-practical', 'argument': 'transition', 'dialogue_act': 'Ta:request', 'frame': {'states': ['q1']}, '_raw_frame': {'transitions': []}};[0.3, 0.4, 0.2, 0.9]
VisualRelevancy;5;which information can you give me about this in this automaton?;The state q1 exists.;['simbolo-q1'];[0.4, 0.5, 0.2, 0.9];1.0;0;False;{'user_input': 'which information can you give me about this in this automaton?', 'intent': 'fsa-practical', 'argument': 'state', 'dialogue_act': 'Ta:request', 'frame': {'states': ['q1']}, '_raw_frame': {'states': '?'}};[0.4, 0.5, 0.2, 0.9]
VisualRelevancy;5;Thank you for explaining that transition from state q1.;the transition is not defined.;[];[0.0, 0.2, 0.0, 1.0];0.9;0;False;{'user_input': 'Thank you for explaining that transition from state q1.', 'intent': 'fsa-practical', 'argument': 'transition', 'dialogue_act': 'Ta:propositionalQuestion', 'frame': {'transitions': [['q1', '?', '?']]}};[0.0, 0.2, 0.0, 1.0]
VisualRelevancy;5;what is the alphabet of this automaton?;Could you be more specific?;[];[0.0, 0.1, 0.0, 1.0];1.0;0;False;{'user_input': 'what is the alphabet of this automaton?', 'intent': 'fsa-practical', 'argument': 'alphabet', 'dialogue_act': 'Ta:request', 'frame': {'alphabet': '?'}};[0.0, 0.1, 0.0, 1.0]
VisualRelevancy;5;Hi again! About the transitions, I’m focusing on the state q1.;The state q0 exists.;['simbolo-q0'];[0.1, 0.1, 0.1, 0.2];0.2;1;False;{'user_input': 'Hi again! About the transitions, I’m focusing on the state q1.', 'intent': 'fsa-practical', 'argument': 'state', 'dialogue_act': 'Ta:request', 'frame': {'states': 'q1'}};[0.1, 0.1, 0.1, 0.2]
VisualRelevancy;5;Goodbye, I’ve understood that you are referring to state q1 of the automaton.;The automaton has 5 states: q0, q1, q2, q3 and q4.;['simbolo-q0', 'simbolo-q1', 'simbolo-q2', 'simbolo-q3', 'simbolo-q4'];[0.4, 0.3, 0.5, 0.2];0.1;2;False;{'user_input': 'Goodbye, I’ve understood that you are referring to state q1 of the automaton.', 'intent': 'fsa-practical', 'argument': 'state', 'dialogue_act': 'Ta:request', 'frame': {'state': 'q1'}};[0.4, 0.3, 0.5, 0.2]
VisualRelevancy;5;What is the role of state q1 in this finite state automaton?;The automaton has 5 states: q0, q1, q2, q3 and q4.;['simbolo-q0', 'simbolo-q1', 'simbolo-q2', 'simbolo-q3', 'simbolo-q4'];[0.0, 0.1, 0.0, 0.3];0.9;2;False;{'user_input': 'What is the role of state q1 in this finite state automaton?', 'intent': 'fsa-practical', 'argument': 'state', 'dialogue_act': 'Ta:request', 'frame': {'state': 'q1'}};[0.0, 0.1, 0.0, 0.3]
VisualRelevancy;5;Could you explain the role of state q1 in this finite state automaton?;The state q0 exists.;['simbolo-q0'];[0.0, 0.0, 0.0, 0.2];0.2;3;False;{'user_input': 'Could you explain the role of state q1 in this finite state automaton?', 'intent': 'fsa-practical', 'argument': 'state', 'dialogue_act': 'Ta:request', 'frame': {'states': 'q1'}};[0.0, 0.0, 0.0, 0.2]
VisualRelevancy;5;how many states does this automaton have?;This automaton has 5 states;['simbolo-q0', 'simbolo-q1', 'simbolo-q2', 'simbolo-q3', 'simbolo-q4'];[1.0, 1.0, 1.0, 1.0];1.0;3;False;{'user_input': 'how many states does this automaton have?', 'intent': 'fsa-practical', 'argument': 'state', 'dialogue_act': 'Ta:request', 'frame': {'numberOfStates': '?'}};[1.0, 1.0, 1.0, 1.0]
VisualRelevancy;5;What are the transitions that start from state q1 in this automaton?;the transition is not defined.;[];[0.0, 0.2, 0.0, 1.0];1.0;3;False;{'user_input': 'What are the transitions that start from state q1 in this automaton?', 'intent': 'fsa-practical', 'argument': 'transition', 'dialogue_act': 'Ta:request', 'frame': {'transitions': [['q1', '?', '?']]}};[0.0, 0.2, 0.0, 1.0]
VisualRelevancy;5;what are the transitions that start from this in this automaton?;The transition from q0 to q1 has value 1.;['simbolo-q0-q1'];[0.4, 0.6, 0.2, 0.9];1.0;3;False;{'user_input': 'what are the transitions that start from this in this automaton?', 'intent': 'fsa-practical', 'argument': 'transition', 'dialogue_act': 'Ta:request', 'frame': {'states': ['q1']}, '_raw_frame': {'transitions': []}};[0.4, 0.6, 0.2, 0.9]
BaseLine;-9;Can I jump straight from q2 to q4 in this automaton?;there is no transition between q2 and q4.;[];[1.0, 1.0, 1.0, 1.0];-1;-1;False;{'user_input': 'Can I jump straight from q2 to q4 in this automaton?', 'intent': 'fsa-practical', 'argument': 'transition', 'dialogue_act': 'Ta:propositionalQuestion', 'frame': {'transitions': [['q2', 'q4', '?']]}};[1.0, 1.0, 1.0, 1.0]
BaseLine;-8;From q1, what symbol takes me to q2?;The transition between q1 and q2 is with value 1.;['simbolo-q1-q2'];[1.0, 1.0, 1.0, 1.0];-1;-1;False;{'user_input': 'From q1, what symbol takes me to q2?', 'intent': 'fsa-practical', 'argument': 'transition', 'dialogue_act': 'Ta:request', 'frame': {'transitions': [['q1', 'q2', '?']]}};[1.0, 1.0, 1.0, 1.0]
BaseLine;-7;Tell me which state this machine starts in.;The initial state is q0.;['simbolo-q0'];[1.0, 1.0, 1.0, 1.0];-1;-1;False;{'user_input': 'Tell me which state this machine starts in.', 'intent': 'fsa-practical', 'argument': 'state', 'dialogue_act': 'Ta:request', 'frame': {'initialState': '?'}};[1.0, 1.0, 1.0, 1.0]
BaseLine;-6;Point out every state that counts as a final state here.;The final state is q0.;['simbolo-q0'];[1.0, 1.0, 1.0, 1.0];-1;-1;False;{'user_input': 'Point out every state that counts as a final state here.', 'intent': 'fsa-practical', 'argument': 'state', 'dialogue_act': 'Ta:request', 'frame': {'finalStates': '?'}};[1.0, 1.0, 1.0, 1.0]
BaseLine;-5;How many transitions are drawn in this picture?;MUTATION The automaton has 5 transitions: q0 with value 1 goes to q1, q1 with value 1 goes to q2, q2 with value 0 goes to q3, q3 with value 0 goes to q4, q4 with value 0 goes to q0.;['simbolo-q0-q1', 'simbolo-q1-q2', 'simbolo-q2-q3', 'simbolo-q3-q4', 'simbolo-q4-q0'];[1.0, 1.0, 1.0, 1.0];-1;-1;True;{'user_input': 'How many transitions are drawn in this picture?', 'intent': 'fsa-practical', 'argument': 'transition', 'dialogue_act': 'Ta:request', 'frame': {'numberOfTransitions': '?'}};[1.0, 1.0, 1.0, 1.0]
BaseLine;-4;Does this machine accept the input string 11000?;Could you be more specific?;[];[0.0, 0.1, 0.0, 1.0];-1;-1;False;{'user_input': 'Does this machine accept the input string 11000?', 'intent': 'fsa-practical', 'argument': 'language', 'dialogue_act': 'Ta:request', 'frame': {'input': '11000'}};[0.0, 0.1, 0.0, 1.0]
BaseLine;-3;What kind of automaton is this, deterministic or something else?;The automaton accepts zero or more words formed by a sequence of the type 11000. In total there are 5 states: q0, q1, q2, q3 and q4. q0 is both the initial and the final state. The transitions are: q0 with value 1 goes to q1, q1 with value 1 goes to q2, q2 with value 0 goes to q3, q3 with value 0 goes to q4, q4 with value 0 goes to q0.;[];[0.1, 0.4, 0.2, 1.0];-1;-1;False;{'user_input': 'What kind of automaton is this, deterministic or something else?', 'intent': 'fsa-practical', 'argument': 'automaton', 'dialogue_act': 'Ta:request', 'frame': {}};[0.1, 0.4, 0.2, 1.0]
BaseLine;-2;What symbols make up the alphabet of this automaton?;Could you be more specific?;[];[0.0, 0.1, 0.0, 1.0];-1;-1;False;{'user_input': 'What symbols make up the alphabet of this automaton?', 'intent': 'fsa-practical', 'argument': 'alphabet', 'dialogue_act': 'Ta:request', 'frame': {'alphabet': '?'}};[0.0, 0.1, 0.0, 1.0]
BaseLine;-1;Which state do I end in if I start at q0 and read 11000?;The automaton has 5 states: q0, q1, q2, q3 and q4.;['simbolo-q0', 'simbolo-q1', 'simbolo-q2', 'simbolo-q3', 'simbolo-q4'];[0.0, 0.2, 0.0, 0.3];-1;-1;False;{'user_input': 'Which state do I end in if I start at q0 and read 11000?', 'intent': 'fsa-practical', 'argument': 'state', 'dialogue_act': 'Ta:request', 'frame': {'stateFinal': 'q0'}};[0.0, 0.2, 0.0, 0.3]
BaseLine;0;Is there any state here that has no outgoing transitions at all?;The state q0 exists.;['simbolo-q0'];[0.0, 0.2, 0.0, 0.2];-1;-1;False;{'user_input': 'Is there any state here that has no outgoing transitions at all?', 'intent': 'fsa-practical', 'argument': 'state', 'dialogue_act': 'Ta:request', 'frame': {'states': '?'}};[0.0, 0.2, 0.0, 0.2]
BaseLine;1;Show me the transition that brings the machine back to q0.;the transition is not defined.;[];[0.0, 0.2, 0.0, 1.0];-1;-1;False;{'user_input': 'Show me the transition that brings the machine back to q0.', 'intent': 'fsa-practical', 'argument': 'transition', 'dialogue_act': 'Ta:request', 'frame': {'transitions': [['?', 'q0', 'q0']]}};[0.0, 0.2, 0.0, 1.0]
BaseLine;2;Does this automaton recognise a regular language?;Could you be more specific?;[];[0.0, 0.1, 0.0, 1.0];-1;-1;False;{'user_input': 'Does this automaton recognise a regular language?', 'intent': 'fsa-practical', 'argument': 'language', 'dialogue_act': 'Ta:propositionalQuestion', 'frame': {'input': '?'}};[0.0, 0.1, 0.0, 1.0]
BaseLine;3;What is the total number of states shown in this diagram?;This automaton has 5 states;['simbolo-q0', 'simbolo-q1', 'simbolo-q2', 'simbolo-q3', 'simbolo-q4'];[1.0, 1.0, 1.0, 1.0];-1;-1;False;{'user_input': 'What is the total number of states shown in this diagram?', 'intent': 'fsa-practical', 'argument': 'state', 'dialogue_act': 'Ta:request', 'frame': {'numberOfStates': '?'}};[1.0, 1.0, 1.0, 1.0]
BaseLine;4;If the output is rejection, what does that mean for the input string?;Could you be more specific?;[];[0.0, 0.1, 0.0, 1.0];-1;-1;False;{'user_input': 'If the output is rejection, what does that mean for the input string?', 'intent': 'fsa-practical', 'argument': 'language', 'dialogue_act': 'Ta:propositionalQuestion', 'frame': {'output': 'rejection'}};[0.0, 0.1, 0.0, 1.0]
BaseLine;5;Explain what “final state” means for this particular machine.;The final state is q0.;['simbolo-q0'];[0.2, 0.3, 0.2, 0.9];-1;-1;False;{'user_input': 'Explain what “final state” means for this particular machine.', 'intent': 'fsa-practical', 'argument': 'state', 'dialogue_act': 'Ta:request', 'frame': {'finalStates': '?'}};[0.2, 0.3, 0.2, 0.9]
BaseLine;6;Can you tell me what q0 does in this machine?;The automaton has 5 states: q0, q1, q2, q3 and q4.;['simbolo-q0', 'simbolo-q1', 'simbolo-q2', 'simbolo-q3', 'simbolo-q4'];[0.1, 0.2, 0.2, 0.8];-1;-1;False;{'user_input': 'Can you tell me what q0 does in this machine?', 'intent': 'fsa-practical', 'argument': 'state', 'dialogue_act': 'Ta:request', 'frame': {'stateNames': 'q0'}};[0.1, 0.2, 0.2, 0.8]
BaseLine;7;From q2, where do I go if I follow the next arrow?;the transition is not defined.;[];[0.0, 0.2, 0.0, 0.9];-1;-1;False;{'user_input': 'From q2, where do I go if I follow the next arrow?', 'intent': 'fsa-practical', 'argument': 'transition', 'dialogue_act': 'Ta:request', 'frame': {'transitions': [['q2', '?', '?']]}};[0.0, 0.2, 0.0, 0.9]
BaseLine;8;What label is on the transition that leaves q1 toward q2?;The transition between q1 and q2 is with value 1.;['simbolo-q1-q2'];[1.0, 1.0, 1.0, 1.0];-1;-1;False;{'user_input': 'What label is on the transition that leaves q1 toward q2?', 'intent': 'fsa-practical', 'argument': 'transition', 'dialogue_act': 'Ta:request', 'frame': {'transitions': [['q1', 'q2', '?']]}};[1.0, 1.0, 1.0, 1.0]
BaseLine;9;Is there any way for this automaton to reach q4 starting from q0?;The automaton has 5 states: q0, q1, q2, q3 and q4.;['simbolo-q0', 'simbolo-q1', 'simbolo-q2', 'simbolo-q3', 'simbolo-q4'];[0.1, 0.2, 0.1, 0.9];-1;-1;False;{'user_input': 'Is there any way for this automaton to reach q4 starting from q0?', 'intent': 'fsa-practical', 'argument': 'state', 'dialogue_act': 'Ta:propositionalQuestion', 'frame': {'state': 'q4', 'input': '?'}};[0.1, 0.2, 0.1, 0.9]
BaseLine;10;Does this diagram show every transition of the automaton?;MUTATION The automaton has 5 transitions: q0 with value 1 goes to q1, q1 with value 1 goes to q2, q2 with value 0 goes to q3, q3 with value 0 goes to q4, q4 with value 0 goes to q0.;['simbolo-q0-q1', 'simbolo-q1-q2', 'simbolo-q2-q3', 'simbolo-q3-q4', 'simbolo-q4-q0'];[0.2, 0.6, 0.2, 0.9];-1;-1;True;{'user_input': 'Does this diagram show every transition of the automaton?', 'intent': 'fsa-practical', 'argument': 'transition', 'dialogue_act': 'Ta:propositionalQuestion', 'frame': {}};[0.2, 0.6, 0.2, 0.9]
BaseLine;11;Which state in this picture is the starting point?;The state q0 exists.;['simbolo-q0'];[0.6, 0.7, 0.6, 1.0];-1;-1;False;{'user_input': 'Which state in this picture is the starting point?', 'intent': 'fsa-practical', 'argument': 'state', 'dialogue_act': 'Ta:request', 'frame': {'states': '?'}};[0.6, 0.7, 0.6, 1.0]
BaseLine;12;Is q0 the only accepting state in this automaton?;The automaton has 5 states: q0, q1, q2, q3 and q4.;['simbolo-q0', 'simbolo-q1', 'simbolo-q2', 'simbolo-q3', 'simbolo-q4'];[0.0, 0.2, 0.0, 0.8];-1;-1;False;{'user_input': 'Is q0 the only accepting state in this automaton?', 'intent': 'fsa-practical', 'argument': 'state', 'dialogue_act': 'Ta:request', 'frame': {'state': 'q0'}};[0.0, 0.2, 0.0, 0.8]
BaseLine;13;How many different arrows are drawn between all the states here?;MUTATION The automaton has 5 transitions: q0 with value 1 goes to q1, q1 with value 1 goes to q2, q2 with value 0 goes to q3, q3 with value 0 goes to q4, q4 with value 0 goes to q0.;['simbolo-q0-q1', 'simbolo-q1-q2', 'simbolo-q2-q3', 'simbolo-q3-q4', 'simbolo-q4-q0'];[1.0, 1.0, 1.0, 1.0];-1;-1;True;{'user_input': 'How many different arrows are drawn between all the states here?', 'intent': 'fsa-practical', 'argument': 'transition', 'dialogue_act': 'Ta:request', 'frame': {'numberOfTransitions': '?'}};[1.0, 1.0, 1.0, 1.0]
BaseLine;14;What kind of language could this automaton recognize?;Could you be more specific?;[];[0.1, 0.1, 0.1, 1.0];-1;-1;False;{'user_input': 'What kind of language could this automaton recognize?', 'intent': 'fsa-practical', 'argument': 'language', 'dialogue_act': 'Ta:propositionalQuestion', 'frame': {'input': '?'}};[0.1, 0.1, 0.1, 1.0]
BaseLine;15;Is the alphabet of this automaton just 0 and 1?;Could you be more specific?;[];[0.0, 0.1, 0.0, 1.0];-1;-1;False;{'user_input': 'Is the alphabet of this automaton just 0 and 1?', 'intent': 'fsa-practical', 'argument': 'alphabet', 'dialogue_act': 'Ta:request', 'frame': {'alphabet': '0'}};[0.0, 0.1, 0.0, 1.0]
BaseLine;16;Does the machine accept the input 11000?;Could you be more specific?;[];[0.0, 0.1, 0.0, 1.0];-1;-1;False;{'user_input': 'Does the machine accept the input 11000?', 'intent': 'fsa-practical', 'argument': 'language', 'dialogue_act': 'Ta:request', 'frame': {'input': '11000'}};[0.0, 0.1, 0.0, 1.0]
BaseLine;17;What is the name for an automaton that has exactly one next state for each symbol?;The automaton accepts zero or more words formed by a sequence of the type 11000. In total there are 5 states: q0, q1, q2, q3 and q4. q0 is both the initial and the final state. The transitions are: q0 with value 1 goes to q1, q1 with value 1 goes to q2, q2 with value 0 goes to q3, q3 with value 0 goes to q4, q4 with value 0 goes to q0.;[];[0.0, 0.1, 0.0, 1.0];-1;-1;False;{'user_input': 'What is the name for an automaton that has exactly one next state for each symbol?', 'intent': 'fsa-practical', 'argument': 'automaton', 'dialogue_act': 'Ta:request', 'frame': {}};[0.0, 0.1, 0.0, 1.0]
BaseLine;18;Can you describe the pattern that the states seem to follow in this drawing?;Could you be more specific?;[];[0.1, 0.1, 0.1, 1.0];-1;-1;False;{'user_input': 'Can you describe the pattern that the states seem to follow in this drawing?', 'intent': 'fsa-practical', 'argument': 'pattern', 'dialogue_act': 'Ta:request', 'frame': {'patternType': '?'}};[0.1, 0.1, 0.1, 1.0]
BaseLine;19;Is it possible for the automaton to stay in the same state after reading a symbol?;The state q0 exists.;['simbolo-q0'];[0.0, 0.1, 0.0, 0.2];-1;-1;False;{'user_input': 'Is it possible for the automaton to stay in the same state after reading a symbol?', 'intent': 'fsa-practical', 'argument': 'state', 'dialogue_act': 'Ta:request', 'frame': {'states': '?'}};[0.0, 0.1, 0.0, 0.2]
BaseLine;20;What happens to the output of the machine when the last state reached is not final?;MUTATION The automaton has 5 transitions: q0 with value 1 goes to q1, q1 with value 1 goes to q2, q2 with value 0 goes to q3, q3 with value 0 goes to q4, q4 with value 0 goes to q0.;['simbolo-q0-q1', 'simbolo-q1-q2', 'simbolo-q2-q3', 'simbolo-q3-q4', 'simbolo-q4-q0'];[0.1, 0.2, 0.2, 0.9];-1;-1;True;{'user_input': 'What happens to the output of the machine when the last state reached is not final?', 'intent': 'fsa-practical', 'argument': 'transition', 'dialogue_act': 'Ta:request', 'frame': {'output': '?'}};[0.1, 0.2, 0.2, 0.9]
BaseLine;21;Can I reach q4 starting from q2 in this diagram?;there is no transition between q2 and q4.;[];[0.2, 0.6, 0.2, 1.0];-1;-1;False;{'user_input': 'Can I reach q4 starting from q2 in this diagram?', 'intent': 'fsa-practical', 'argument': None, 'dialogue_act': 'Ta:request', 'frame': {'transitions': [['q2', 'q4', '?']]}};[0.2, 0.6, 0.2, 1.0]
BaseLine;22;What label sits on the arrow that goes from q1 to q2?;The transition between q1 and q2 is with value 1.;['simbolo-q1-q2'];[1.0, 1.0, 1.0, 1.0];-1;-1;False;{'user_input': 'What label sits on the arrow that goes from q1 to q2?', 'intent': 'fsa-practical', 'argument': 'transition', 'dialogue_act': 'Ta:request', 'frame': {'transitions': [['q1', 'q2', '?']]}};[1.0, 1.0, 1.0, 1.0]
BaseLine;23;Tell me which states count as final in this automaton.;The state q0 exists.;['simbolo-q0'];[1.0, 1.0, 1.0, 1.0];-1;-1;False;{'user_input': 'Tell me which states count as final in this automaton.', 'intent': 'fsa-practical', 'argument': 'state', 'dialogue_act': 'Ta:request', 'frame': {'states': '?'}};[1.0, 1.0, 1.0, 1.0]
BaseLine;24;Show me the symbol set that this machine reads.;Could you be more specific?;[];[0.1, 0.1, 0.1, 1.0];-1;-1;False;{'user_input': 'Show me the symbol set that this machine reads.', 'intent': 'fsa-practical', 'argument': 'alphabet', 'dialogue_act': 'Ta:propositionalQuestion', 'frame': {'alphabet': '?'}};[0.1, 0.1, 0.1, 1.0]
BaseLine;25;From which state does the automaton begin its run?;The initial state is q0.;['simbolo-q0'];[1.0, 1.0, 1.0, 1.0];-1;-1;False;{'user_input': 'From which state does the automaton begin its run?', 'intent': 'fsa-practical', 'argument': 'state', 'dialogue_act': 'Ta:request', 'frame': {'initialState': '?'}};[1.0, 1.0, 1.0, 1.0]
BaseLine;26;Describe the transition that returns the machine back to q0.;MUTATION The automaton has 5 transitions: q0 with value 1 goes to q1, q1 with value 1 goes to q2, q2 with value 0 goes to q3, q3 with value 0 goes to q4, q4 with value 0 goes to q0.;['simbolo-q0-q1', 'simbolo-q1-q2', 'simbolo-q2-q3', 'simbolo-q3-q4', 'simbolo-q4-q0'];[0.4, 0.5, 1.0, 1.0];-1;-1;True;{'user_input': 'Describe the transition that returns the machine back to q0.', 'intent': 'fsa-practical', 'argument': 'transition', 'dialogue_act': 'Ta:request', 'frame': {'transitions': []}};[0.4, 0.5, 1.0, 1.0]
BaseLine;27;Is this automaton deterministic or something else?;The automaton accepts zero or more words formed by a sequence of the type 11000. In total there are 5 states: q0, q1, q2, q3 and q4. q0 is both the initial and the final state. The transitions are: q0 with value 1 goes to q1, q1 with value 1 goes to q2, q2 with value 0 goes to q3, q3 with value 0 goes to q4, q4 with value 0 goes to q0.;[];[0.1, 0.4, 0.2, 1.0];-1;-1;False;{'user_input': 'Is this automaton deterministic or something else?', 'intent': 'fsa-practical', 'argument': 'automaton', 'dialogue_act': 'Ta:request', 'frame': {}};[0.1, 0.4, 0.2, 1.0]
BaseLine;28;What result do I get if the input is 11000?;Could you be more specific?;[];[0.0, 0.1, 0.0, 1.0];-1;-1;False;{'user_input': 'What result do I get if the input is 11000?', 'intent': 'fsa-practical', 'argument': 'language', 'dialogue_act': 'Ta:request', 'frame': {'input': '11000'}};[0.0, 0.1, 0.0, 1.0]
BaseLine;29;Explain what kind of language this automaton recognizes.;Could you be more specific?;[];[0.0, 0.1, 0.0, 1.0];-1;-1;False;{'user_input': 'Explain what kind of language this automaton recognizes.', 'intent': 'fsa-practical', 'argument': 'language', 'dialogue_act': 'Ta:request', 'frame': {'input': '?'}};[0.0, 0.1, 0.0, 1.0]
BaseLine;30;How many arrows in total appear between all the states?;MUTATION The automaton has 5 transitions: q0 with value 1 goes to q1, q1 with value 1 goes to q2, q2 with value 0 goes to q3, q3 with value 0 goes to q4, q4 with value 0 goes to q0.;['simbolo-q0-q1', 'simbolo-q1-q2', 'simbolo-q2-q3', 'simbolo-q3-q4', 'simbolo-q4-q0'];[1.0, 1.0, 1.0, 1.0];-1;-1;True;{'user_input': 'How many arrows in total appear between all the states?', 'intent': 'fsa-practical', 'argument': 'transition', 'dialogue_act': 'Ta:request', 'frame': {'numberOfTransitions': '?'}};[1.0, 1.0, 1.0, 1.0]
BaseLine;31;Point out the state that has no outgoing arrows, if any.;The state q0 exists.;['simbolo-q0'];[0.0, 0.2, 0.0, 0.2];-1;-1;False;{'user_input': 'Point out the state that has no outgoing arrows, if any.', 'intent': 'fsa-practical', 'argument': 'state', 'dialogue_act': 'Ta:request', 'frame': {'states': '?'}};[0.0, 0.2, 0.0, 0.2]
BaseLine;32;List every state that appears in the picture of the automaton.;The state q0 exists.;['simbolo-q0'];[0.2, 0.4, 0.2, 0.8];-1;-1;False;{'user_input': 'List every state that appears in the picture of the automaton.', 'intent': 'fsa-practical', 'argument': 'state', 'dialogue_act': 'Ta:request', 'frame': {'states': '?'}};[0.2, 0.4, 0.2, 0.8]
BaseLine;33;What is the pattern of moves when the input is 110 from q0?;Could you be more specific?;[];[0.0, 0.1, 0.0, 1.0];-1;-1;False;{'user_input': 'What is the pattern of moves when the input is 110 from q0?', 'intent': 'fsa-practical', 'argument': 'pattern', 'dialogue_act': 'Ta:request', 'frame': {'patternType': '?'}};[0.0, 0.1, 0.0, 1.0]
BaseLine;34;Tell me the minimal number of final states this machine could have here.;The automaton has 5 states: q0, q1, q2, q3 and q4.;['simbolo-q0', 'simbolo-q1', 'simbolo-q2', 'simbolo-q3', 'simbolo-q4'];[0.0, 0.2, 0.0, 0.2];-1;-1;False;{'user_input': 'Tell me the minimal number of final states this machine could have here.', 'intent': 'fsa-practical', 'argument': 'state', 'dialogue_act': 'Ta:request', 'frame': {'numberOfFinalStates': '?'}};[0.0, 0.2, 0.0, 0.2]
BaseLine;35;Which state would you call q0 in the drawing?;The automaton has 5 states: q0, q1, q2, q3 and q4.;['simbolo-q0', 'simbolo-q1', 'simbolo-q2', 'simbolo-q3', 'simbolo-q4'];[0.1, 0.2, 0.2, 0.4];-1;-1;False;{'user_input': 'Which state would you call q0 in the drawing?', 'intent': 'fsa-practical', 'argument': 'state', 'dialogue_act': 'Ta:request', 'frame': {'stateNames': 'q0'}};[0.1, 0.2, 0.2, 0.4]
BaseLine;36;Can you tell me what happens to the automaton if I start in q1 and read 100?;The automaton has 5 states: q0, q1, q2, q3 and q4.;['simbolo-q0', 'simbolo-q1', 'simbolo-q2', 'simbolo-q3', 'simbolo-q4'];[0.1, 0.2, 0.1, 0.3];-1;-1;False;{'user_input': 'Can you tell me what happens to the automaton if I start in q1 and read 100?', 'intent': 'fsa-practical', 'argument': 'state', 'dialogue_act': 'Ta:propositionalQuestion', 'frame': {'input': '100'}};[0.1, 0.2, 0.1, 0.3]
BaseLine;37;From q2, which state do I reach next when the input symbol is 0?;The automaton has 5 states: q0, q1, q2, q3 and q4.;['simbolo-q0', 'simbolo-q1', 'simbolo-q2', 'simbolo-q3', 'simbolo-q4'];[0.0, 0.2, 0.0, 0.3];-1;-1;False;{'user_input': 'From q2, which state do I reach next when the input symbol is 0?', 'intent': 'fsa-practical', 'argument': 'state', 'dialogue_act': 'Ta:request', 'frame': {'transitions': [['q2', '?', '0']]}};[0.0, 0.2, 0.0, 0.3]
BaseLine;38;What is the label on the transition that goes from q0 into q1?;The transition between q0 and q1 is with value 1.;['simbolo-q0-q1'];[1.0, 1.0, 1.0, 1.0];-1;-1;False;{'user_input': 'What is the label on the transition that goes from q0 into q1?', 'intent': 'fsa-practical', 'argument': 'transition', 'dialogue_act': 'Ta:request', 'frame': {'transitions': [['q0', 'q1', '?']]}};[1.0, 1.0, 1.0, 1.0]
BaseLine;39;Is there any direct way in this automaton to end up in q4 when I am in q2?;there is no transition between q2 and q4.;[];[0.95, 0.95, 0.95, 1.0];-1;-1;False;{'user_input': 'Is there any direct way in this automaton to end up in q4 when I am in q2?', 'intent': 'fsa-practical', 'argument': 'transition', 'dialogue_act': 'Ta:propositionalQuestion', 'frame': {'transitions': [['q2', 'q4', '?']]}};[0.95, 0.95, 0.95, 1.0]
BaseLine;40;Tell me whether this machine accepts the string 11000.;Could you be more specific?;[];[0.0, 0.1, 0.0, 1.0];-1;-1;False;{'user_input': 'Tell me whether this machine accepts the string 11000.', 'intent': 'fsa-practical', 'argument': 'language', 'dialogue_act': 'Ta:request', 'frame': {'input': '11000'}};[0.0, 0.1, 0.0, 1.0]
BaseLine;41;What is the name of the first state that the automaton uses before reading any input?;The initial state is q0.;['simbolo-q0'];[1.0, 1.0, 1.0, 1.0];-1;-1;False;{'user_input': 'What is the name of the first state that the automaton uses before reading any input?', 'intent': 'fsa-practical', 'argument': 'state', 'dialogue_act': 'Ta:request', 'frame': {'initialState': '?'}};[1.0, 1.0, 1.0, 1.0]
BaseLine;42;Please say how many different states are drawn in this diagram.;This automaton has 5 states;['simbolo-q0', 'simbolo-q1', 'simbolo-q2', 'simbolo-q3', 'simbolo-q4'];[1.0, 1.0, 1.0, 1.0];-1;-1;False;{'user_input': 'Please say how many different states are drawn in this diagram.', 'intent': 'fsa-practical', 'argument': 'state', 'dialogue_act': 'Ta:request', 'frame': {'numberOfStates': '?'}};[1.0, 1.0, 1.0, 1.0]
BaseLine;43;I want to know which of these states count as final in this automaton.;The final state is q0.;['simbolo-q0'];[1.0, 1.0, 1.0, 1.0];-1;-1;False;{'user_input': 'I want to know which of these states count as final in this automaton.', 'intent': 'fsa-practical', 'argument': 'state', 'dialogue_act': 'Ta:request', 'frame': {'finalStates': '?'}};[1.0, 1.0, 1.0, 1.0]
BaseLine;44;Explain which kind of automaton this is, deterministic or something else.;The automaton accepts zero or more words formed by a sequence of the type 11000. In total there are 5 states: q0, q1, q2, q3 and q4. q0 is both the initial and the final state. The transitions are: q0 with value 1 goes to q1, q1 with value 1 goes to q2, q2 with value 0 goes to q3, q3 with value 0 goes to q4, q4 with value 0 goes to q0.;[];[0.2, 0.4, 0.2, 1.0];-1;-1;False;{'user_input': 'Explain which kind of automaton this is, deterministic or something else.', 'intent': 'fsa-practical', 'argument': 'automaton', 'dialogue_act': 'Ta:request', 'frame': {'input': '?'}};[0.2, 0.4, 0.2, 1.0]
BaseLine;45;What sort of language does this automaton recognize, in theory terms?;Could you be more specific?;[];[0.0, 0.1, 0.0, 1.0];-1;-1;False;{'user_input': 'What sort of language does this automaton recognize, in theory terms?', 'intent': 'fsa-practical', 'argument': 'language', 'dialogue_act': 'Ta:request', 'frame': {'input': '?'}};[0.0, 0.1, 0.0, 1.0]
BaseLine;46;Give me the full list of transitions that involve state q3 in any role.;MUTATION The automaton has 5 transitions: q0 with value 1 goes to q1, q1 with value 1 goes to q2, q2 with value 0 goes to q3, q3 with value 0 goes to q4, q4 with value 0 goes to q0.;['simbolo-q0-q1', 'simbolo-q1-q2', 'simbolo-q2-q3', 'simbolo-q3-q4', 'simbolo-q4-q0'];[0.4, 0.5, 0.5, 0.5];-1;-1;True;{'user_input': 'Give me the full list of transitions that involve state q3 in any role.', 'intent': 'fsa-practical', 'argument': 'transition', 'dialogue_act': 'Ta:request', 'frame': {}};[0.4, 0.5, 0.5, 0.5]
BaseLine;47;Tell me the total number of transitions that appear in the picture.;MUTATION The automaton has 5 transitions: q0 with value 1 goes to q1, q1 with value 1 goes to q2, q2 with value 0 goes to q3, q3 with value 0 goes to q4, q4 with value 0 goes to q0.;['simbolo-q0-q1', 'simbolo-q1-q2', 'simbolo-q2-q3', 'simbolo-q3-q4', 'simbolo-q4-q0'];[1.0, 1.0, 1.0, 1.0];-1;-1;True;{'user_input': 'Tell me the total number of transitions that appear in the picture.', 'intent': 'fsa-practical', 'argument': 'transition', 'dialogue_act': 'Ta:request', 'frame': {'numberOfTransitions': '?'}};[1.0, 1.0, 1.0, 1.0]
BaseLine;48;Which symbols form the alphabet for the machine that you are showing now?;Could you be more specific?;[];[0.0, 0.1, 0.0, 1.0];-1;-1;False;{'user_input': 'Which symbols form the alphabet for the machine that you are showing now?', 'intent': 'fsa-practical', 'argument': 'alphabet', 'dialogue_act': 'Ta:request', 'frame': {'alphabet': '?'}};[0.0, 0.1, 0.0, 1.0]
BaseLine;49;From q4, where do I go if the next input symbol is again 0?;the transition is not defined.;[];[0.0, 0.9, 0.0, 0.9];-1;-1;False;{'user_input': 'From q4, where do I go if the next input symbol is again 0?', 'intent': 'fsa-practical', 'argument': 'transition', 'dialogue_act': 'Ta:request', 'frame': {'transitions': [['q4', '?', '0']]}};[0.0, 0.9, 0.0, 0.9]
BaseLine;50;Is this automaton supposed to accept every possible binary string or only some of them?;The automaton accepts zero or more words formed by a sequence of the type 11000. In total there are 5 states: q0, q1, q2, q3 and q4. q0 is both the initial and the final state. The transitions are: q0 with value 1 goes to q1, q1 with value 1 goes to q2, q2 with value 0 goes to q3, q3 with value 0 goes to q4, q4 with value 0 goes to q0.;[];[0.95, 0.95, 0.95, 1.0];-1;-1;False;{'user_input': 'Is this automaton supposed to accept every possible binary string or only some of them?', 'intent': 'fsa-practical', 'argument': 'automaton', 'dialogue_act': 'Ta:propositionalQuestion', 'frame': {'input': 'type'}};[0.95, 0.95, 0.95, 1.0]
BaseLine;51;Is q0 the only state that accepts a word?;The automaton has 5 states: q0, q1, q2, q3 and q4.;['simbolo-q0', 'simbolo-q1', 'simbolo-q2', 'simbolo-q3', 'simbolo-q4'];[0.0, 0.2, 0.0, 0.8];-1;-1;False;{'user_input': 'Is q0 the only state that accepts a word?', 'intent': 'fsa-practical', 'argument': 'state', 'dialogue_act': 'Ta:request', 'frame': {'input': 'q0'}};[0.0, 0.2, 0.0, 0.8]
BaseLine;52;From q2, can I ever reach q4 in this automaton?;The automaton accepts zero or more words formed by a sequence of the type 11000. In total there are 5 states: q0, q1, q2, q3 and q4. q0 is both the initial and the final state. The transitions are: q0 with value 1 goes to q1, q1 with value 1 goes to q2, q2 with value 0 goes to q3, q3 with value 0 goes to q4, q4 with value 0 goes to q0.;[];[0.2, 0.3, 0.3, 1.0];-1;-1;False;{'user_input': 'From q2, can I ever reach q4 in this automaton?', 'intent': 'fsa-practical', 'argument': None, 'dialogue_act': 'Ta:request', 'frame': {'input': 'q2'}};[0.2, 0.3, 0.3, 1.0]
BaseLine;53;Tell me the label on the transition that leaves q1.;the transition is not defined.;[];[0.0, 0.2, 0.0, 1.0];-1;-1;False;{'user_input': 'Tell me the label on the transition that leaves q1.', 'intent': 'fsa-practical', 'argument': 'transition', 'dialogue_act': 'Ta:request', 'frame': {'transitions': [['q1', '?', '?']]}};[0.0, 0.2, 0.0, 1.0]
BaseLine;54;Show me the full list of states in this machine.;The state q0 exists.;['simbolo-q0'];[0.2, 0.3, 0.2, 0.9];-1;-1;False;{'user_input': 'Show me the full list of states in this machine.', 'intent': 'fsa-practical', 'argument': 'state', 'dialogue_act': 'Ta:request', 'frame': {'states': '?'}};[0.2, 0.3, 0.2, 0.9]
BaseLine;55;Which state do we start from when we run an input?;The initial state is q0.;['simbolo-q0'];[1.0, 1.0, 1.0, 1.0];-1;-1;False;{'user_input': 'Which state do we start from when we run an input?', 'intent': 'fsa-practical', 'argument': 'state', 'dialogue_act': 'Ta:request', 'frame': {'initialState': '?'}};[1.0, 1.0, 1.0, 1.0]
BaseLine;56;I want to know how many different transitions this automaton uses.;MUTATION The automaton has 5 transitions: q0 with value 1 goes to q1, q1 with value 1 goes to q2, q2 with value 0 goes to q3, q3 with value 0 goes to q4, q4 with value 0 goes to q0.;['simbolo-q0-q1', 'simbolo-q1-q2', 'simbolo-q2-q3', 'simbolo-q3-q4', 'simbolo-q4-q0'];[1.0, 1.0, 1.0, 1.0];-1;-1;True;{'user_input': 'I want to know how many different transitions this automaton uses.', 'intent': 'fsa-practical', 'argument': 'transition', 'dialogue_act': 'Ta:request', 'frame': {'numberOfTransitions': '?'}};[1.0, 1.0, 1.0, 1.0]
BaseLine;57;Does this automaton read words over {0,1} or something else?;Could you be more specific?;[];[0.1, 0.1, 0.1, 1.0];-1;-1;False;{'user_input': 'Does this automaton read words over {0,1} or something else?', 'intent': 'fsa-practical', 'argument': 'language', 'dialogue_act': 'Ta:propositionalQuestion', 'frame': {'input': 'alphabet'}};[0.1, 0.1, 0.1, 1.0]
BaseLine;58;Explain what kind of language this automaton is supposed to recognize.;Could you be more specific?;[];[0.0, 0.1, 0.0, 1.0];-1;-1;False;{'user_input': 'Explain what kind of language this automaton is supposed to recognize.', 'intent': 'fsa-practical', 'argument': 'language', 'dialogue_act': 'Ta:request', 'frame': {'input': '?'}};[0.0, 0.1, 0.0, 1.0]
BaseLine;59;Tell me whether this automaton is deterministic or not.;The automaton accepts zero or more words formed by a sequence of the type 11000. In total there are 5 states: q0, q1, q2, q3 and q4. q0 is both the initial and the final state. The transitions are: q0 with value 1 goes to q1, q1 with value 1 goes to q2, q2 with value 0 goes to q3, q3 with value 0 goes to q4, q4 with value 0 goes to q0.;[];[0.1, 0.3, 0.2, 1.0];-1;-1;False;{'user_input': 'Tell me whether this automaton is deterministic or not.', 'intent': 'fsa-practical', 'argument': 'automaton', 'dialogue_act': 'Ta:propositionalQuestion', 'frame': {'input': 'automatonType'}};[0.1, 0.3, 0.2, 1.0]
BaseLine;60;Which states count as final in the picture you are showing?;The final state is q0.;['simbolo-q0'];[1.0, 1.0, 1.0, 1.0];-1;-1;False;{'user_input': 'Which states count as final in the picture you are showing?', 'intent': 'fsa-practical', 'argument': 'state', 'dialogue_act': 'Ta:request', 'frame': {'finalStates': '?'}};[1.0, 1.0, 1.0, 1.0]
BaseLine;61;Give me an example of an input string that this automaton accepts.;Could you be more specific?;[];[0.0, 0.0, 0.0, 1.0];-1;-1;False;{'user_input': 'Give me an example of an input string that this automaton accepts.', 'intent': 'fsa-practical', 'argument': 'language', 'dialogue_act': 'Ta:request', 'frame': {'input': '?'}};[0.0, 0.0, 0.0, 1.0]
BaseLine;62;What output do I get when the machine finishes in q3?;The automaton has 5 states: q0, q1, q2, q3 and q4.;['simbolo-q0', 'simbolo-q1', 'simbolo-q2', 'simbolo-q3', 'simbolo-q4'];[0.0, 0.2, 0.0, 0.9];-1;-1;False;{'user_input': 'What output do I get when the machine finishes in q3?', 'intent': 'fsa-practical', 'argument': 'state', 'dialogue_act': 'Ta:request', 'frame': {'output': '?'}};[0.0, 0.2, 0.0, 0.9]
BaseLine;63;Point out the transition that sends the machine back to q0.;MUTATION The automaton has 5 transitions: q0 with value 1 goes to q1, q1 with value 1 goes to q2, q2 with value 0 goes to q3, q3 with value 0 goes to q4, q4 with value 0 goes to q0.;['simbolo-q0-q1', 'simbolo-q1-q2', 'simbolo-q2-q3', 'simbolo-q3-q4', 'simbolo-q4-q0'];[0.4, 0.5, 0.5, 1.0];-1;-1;True;{'user_input': 'Point out the transition that sends the machine back to q0.', 'intent': 'fsa-practical', 'argument': 'transition', 'dialogue_act': 'Ta:request', 'frame': {'transitions': []}};[0.4, 0.5, 0.5, 1.0]
BaseLine;64;Tell me which state has the largest number of outgoing transitions.;The state q0 exists.;['simbolo-q0'];[0.0, 0.2, 0.0, 0.5];-1;-1;False;{'user_input': 'Tell me which state has the largest number of outgoing transitions.', 'intent': 'fsa-practical', 'argument': 'state', 'dialogue_act': 'Ta:request', 'frame': {'states': '?'}};[0.0, 0.2, 0.0, 0.5]
BaseLine;65;Is there any state in this automaton that has no transitions at all?;The state q0 exists.;['simbolo-q0'];[0.0, 0.2, 0.0, 0.2];-1;-1;False;{'user_input': 'Is there any state in this automaton that has no transitions at all?', 'intent': 'fsa-practical', 'argument': 'state', 'dialogue_act': 'Ta:request', 'frame': {'states': '?'}};[0.0, 0.2, 0.0, 0.2]
