METRIC;ITERATION;QUESTION;ANSWER;VISUAL_ANSWER;JUDGE_VALUE;FAILS;MUTED;NLU_OUTPUT;METRIC_SCORES
Accuracy;1;Is it possible to go from q2 to q4 in this automaton?;there is no transition between q2 and q4.;[];[0.9, 0.9, 0.9, 1.0];0.9;0;False;{'user_input': 'Is it possible to go from q2 to q4 in this automaton?', 'intent': 'fsa-practical', 'argument': 'transition', 'dialogue_act': 'Ta:propositionalQuestion', 'frame': {'transitions': [['q2', 'q4', '?']]}};[0.9, 0.9, 0.9, 1.0]
Accuracy;1;What is the label on the transition that goes from state q2 to state q4?;there is no transition between q2 and q4.;[];[1.0, 1.0, 1.0, 1.0];1.0;0;False;{'user_input': 'What is the label on the transition that goes from state q2 to state q4?', 'intent': 'fsa-practical', 'argument': 'transition', 'dialogue_act': 'Ta:request', 'frame': {'transitions': [['q2', 'q4', '?']]}};[1.0, 1.0, 1.0, 1.0]
Accuracy;1;what is the symbol of the transition from this to that?;There is no transition between q4 and q2.;[];[1.0, 1.0, 1.0, 1.0];0.9;0;False;{'user_input': 'what is the symbol of the transition from this to that?', 'intent': 'fsa-practical', 'argument': 'transition', 'dialogue_act': 'Ta:request', 'frame': {'states': ['q4', 'q2']}, '_raw_frame': {'transitions': []}};[1.0, 1.0, 1.0, 1.0]
Accuracy;1;can you list all the transitions of this finite automaton?;The automaton has 5 transitions: q0 with value 1 goes to q1, q1 with value 1 goes to q2, q2 with value 0 goes to q3, q3 with value 0 goes to q4, q4 with value 0 goes to q0.;['simbolo-q0-q1', 'simbolo-q1-q2', 'simbolo-q2-q3', 'simbolo-q3-q4', 'simbolo-q4-q0'];[1.0, 1.0, 1.0, 1.0];1.0;0;False;{'user_input': 'can you list all the transitions of this finite automaton?', 'intent': 'fsa-practical', 'argument': 'transition', 'dialogue_act': 'Ta:request', 'frame': {}};[1.0, 1.0, 1.0, 1.0]
Accuracy;1;Which transitions in this automaton use the alphabet symbols 2 and 4?;The automaton has 5 transitions: q0 with value 1 goes to q1, q1 with value 1 goes to q2, q2 with value 0 goes to q3, q3 with value 0 goes to q4, q4 with value 0 goes to q0.;['simbolo-q0-q1', 'simbolo-q1-q2', 'simbolo-q2-q3', 'simbolo-q3-q4', 'simbolo-q4-q0'];[0.0, 0.2, 0.0, 0.2];0.0;1;False;{'user_input': 'Which transitions in this automaton use the alphabet symbols 2 and 4?', 'intent': 'fsa-practical', 'argument': 'transition', 'dialogue_act': 'Ta:request', 'frame': {'transitions': []}};[0.0, 0.2, 0.0, 0.2]
Accuracy;1;What are the final states of this automaton?;The final state is q0.;['simbolo-q0'];[1.0, 1.0, 1.0, 1.0];1.0;1;False;{'user_input': 'What are the final states of this automaton?', 'intent': 'fsa-practical', 'argument': 'state', 'dialogue_act': 'Ta:request', 'frame': {'finalStates': '?'}};[1.0, 1.0, 1.0, 1.0]
Accuracy;1;Can you list all the transitions of this automaton shown on the tablet?;The automaton has 5 transitions: q0 with value 1 goes to q1, q1 with value 1 goes to q2, q2 with value 0 goes to q3, q3 with value 0 goes to q4, q4 with value 0 goes to q0.;['simbolo-q0-q1', 'simbolo-q1-q2', 'simbolo-q2-q3', 'simbolo-q3-q4', 'simbolo-q4-q0'];[1.0, 1.0, 1.0, 1.0];1.0;1;False;{'user_input': 'Can you list all the transitions of this automaton shown on the tablet?', 'intent': 'fsa-practical', 'argument': 'transition', 'dialogue_act': 'Ta:request', 'frame': {'transitions': []}};[1.0, 1.0, 1.0, 1.0]
Accuracy;1;can you explain what the transitions of this finite state automaton are?;The automaton has 5 transitions: q0 with value 1 goes to q1, q1 with value 1 goes to q2, q2 with value 0 goes to q3, q3 with value 0 goes to q4, q4 with value 0 goes to q0.;['simbolo-q0-q1', 'simbolo-q1-q2', 'simbolo-q2-q3', 'simbolo-q3-q4', 'simbolo-q4-q0'];[1.0, 1.0, 1.0, 1.0];1.0;1;False;{'user_input': 'can you explain what the transitions of this finite state automaton are?', 'intent': 'fsa-practical', 'argument': 'transition', 'dialogue_act': 'Ta:request', 'frame': {'transitions': []}};[1.0, 1.0, 1.0, 1.0]
Accuracy;1;can you list all the transitions of this automaton for me?;The automaton has 5 transitions: q0 with value 1 goes to q1, q1 with value 1 goes to q2, q2 with value 0 goes to q3, q3 with value 0 goes to q4, q4 with value 0 goes to q0.;['simbolo-q0-q1', 'simbolo-q1-q2', 'simbolo-q2-q3', 'simbolo-q3-q4', 'simbolo-q4-q0'];[1.0, 1.0, 1.0, 1.0];1.0;1;False;{'user_input': 'can you list all the transitions of this automaton for me?', 'intent': 'fsa-practical', 'argument': 'transition', 'dialogue_act': 'Ta:request', 'frame': {'transitions': []}};[1.0, 1.0, 1.0, 1.0]
Accuracy;1;can you list all the transitions of this automaton shown on the tablet?;The automaton has 5 transitions: q0 with value 1 goes to q1, q1 with value 1 goes to q2, q2 with value 0 goes to q3, q3 with value 0 goes to q4, q4 with value 0 goes to q0.;['simbolo-q0-q1', 'simbolo-q1-q2', 'simbolo-q2-q3', 'simbolo-q3-q4', 'simbolo-q4-q0'];[1.0, 1.0, 1.0, 1.0];1.0;1;False;{'user_input': 'can you list all the transitions of this automaton shown on the tablet?', 'intent': 'fsa-practical', 'argument': 'transition', 'dialogue_act': 'Ta:request', 'frame': {'transitions': []}};[1.0, 1.0, 1.0, 1.0]
Accuracy;2;What is the value of the transition from q1 to q2?;The transition between q1 and q2 is with value 1.;['simbolo-q1-q2'];[1.0, 1.0, 1.0, 1.0];1.0;0;False;{'user_input': 'What is the value of the transition from q1 to q2?', 'intent': 'fsa-practical', 'argument': 'transition', 'dialogue_act': 'Ta:request', 'frame': {'transitions': [['q1', 'q2', '?']]}};[1.0, 1.0, 1.0, 1.0]
Accuracy;2;What is the symbol of the transition from state q1 to state q2?;The transition between q1 and q2 is with value 1.;['simbolo-q1-q2'];[1.0, 1.0, 1.0, 1.0];1.0;0;False;{'user_input': 'What is the symbol of the transition from state q1 to state q2?', 'intent': 'fsa-practical', 'argument': 'transition', 'dialogue_act': 'Ta:request', 'frame': {'transitions': [['q1', 'q2', '?']]}};[1.0, 1.0, 1.0, 1.0]
Accuracy;2;Before ending, could you tell me what is the transition from q1 to q2 in this automaton?;The transition between q1 and q2 is with value 1.;['simbolo-q1-q2'];[1.0, 1.0, 1.0, 1.0];1.0;0;False;{'user_input': 'Before ending, could you tell me what is the transition from q1 to q2 in this automaton?', 'intent': 'fsa-practical', 'argument': 'transition', 'dialogue_act': 'Ta:request', 'frame': {'transitions': [['q1', 'q2', '?']]}};[1.0, 1.0, 1.0, 1.0]
Accuracy;2;which transition starts from this in this automaton?;There is no transition between q3 and q0.;[];[0.0, 0.1, 0.0, 0.9];0.0;1;False;{'user_input': 'which transition starts from this in this automaton?', 'intent': 'fsa-practical', 'argument': 'transition', 'dialogue_act': 'Ta:request', 'frame': {'states': ['q3']}, '_raw_frame': {'transitions': []}};[0.0, 0.1, 0.0, 0.9]
Accuracy;2;The transition from state q3 in this automaton is incorrect.;the transition is not defined.;[];[0.0, 0.2, 0.0, 1.0];0.0;2;False;{'user_input': 'The transition from state q3 in this automaton is incorrect.', 'intent': 'fsa-practical', 'argument': 'transition', 'dialogue_act': 'Ta:request', 'frame': {'transitions': [['q3', '?', '?']]}};[0.0, 0.2, 0.0, 1.0]
Accuracy;2;Can you show me the transitions that start from state q2?;the transition is not defined.;[];[0.0, 0.2, 0.0, 0.9];0.0;3;False;{'user_input': 'Can you show me the transitions that start from state q2?', 'intent': 'fsa-practical', 'argument': 'transition', 'dialogue_act': 'Ta:propositionalQuestion', 'frame': {'transitions': [['q2', '?', '?']]}};[0.0, 0.2, 0.0, 0.9]
Accuracy;2;what is the transition that starts from this?;There is no transition between q2 and q0.;[];[0.0, 0.0, 0.0, 1.0];0.0;4;False;{'user_input': 'what is the transition that starts from this?', 'intent': 'fsa-practical', 'argument': 'transition', 'dialogue_act': 'Ta:request', 'frame': {'states': ['q2']}, '_raw_frame': {'transitions': []}};[0.0, 0.0, 0.0, 1.0]
Accuracy;2;What is the alphabet of this automaton?;Could you be more specific?;[];[0.0, 0.1, 0.0, 1.0];0.0;5;False;{'user_input': 'What is the alphabet of this automaton?', 'intent': 'fsa-practical', 'argument': 'alphabet', 'dialogue_act': 'Ta:request', 'frame': {'alphabet': '?'}};[0.0, 0.1, 0.0, 1.0]
Accuracy;2;what is the alphabet of this finite state automaton?;Could you be more specific?;[];[0.0, 0.1, 0.0, 1.0];0.0;6;False;{'user_input': 'what is the alphabet of this finite state automaton?', 'intent': 'fsa-practical', 'argument': 'alphabet', 'dialogue_act': 'Ta:request', 'frame': {'alphabet': '?'}};[0.0, 0.1, 0.0, 1.0]
Accuracy;2;What is the alphabet of this finite state automaton?;Could you be more specific?;[];[0.0, 0.1, 0.0, 1.0];0.0;7;False;{'user_input': 'What is the alphabet of this finite state automaton?', 'intent': 'fsa-practical', 'argument': 'alphabet', 'dialogue_act': 'Ta:request', 'frame': {'alphabet': '?'}};[0.0, 0.1, 0.0, 1.0]
Accuracy;2;what is the alphabet of this automaton?;Could you be more specific?;[];[0.0, 0.1, 0.0, 1.0];0.0;8;False;{'user_input': 'what is the alphabet of this automaton?', 'intent': 'fsa-practical', 'argument': 'alphabet', 'dialogue_act': 'Ta:request', 'frame': {'alphabet': '?'}};[0.0, 0.1, 0.0, 1.0]
Accuracy;2;What is the alphabet of the automaton if we consider Q3 as the initial state?;Could you be more specific?;[];[0.0, 0.1, 0.0, 1.0];0.0;9;False;{'user_input': 'What is the alphabet of the automaton if we consider Q3 as the initial state?', 'intent': 'fsa-practical', 'argument': 'alphabet', 'dialogue_act': 'Ta:request', 'frame': {'alphabet': 'Q3'}};[0.0, 0.1, 0.0, 1.0]
Accuracy;2;what is the alphabet of this in this automaton?;Could you be more specific?;[];[0.0, 0.1, 0.0, 1.0];0.0;10;False;{'user_input': 'what is the alphabet of this in this automaton?', 'intent': 'fsa-practical', 'argument': 'alphabet', 'dialogue_act': 'Ta:request', 'frame': {'states': ['q3']}, '_raw_frame': {'alphabet': '?'}};[0.0, 0.1, 0.0, 1.0]
Accuracy;2;Is the state q3 part of the alphabet of this automaton?;The automaton has 5 states: q0, q1, q2, q3 and q4.;['simbolo-q0', 'simbolo-q1', 'simbolo-q2', 'simbolo-q3', 'simbolo-q4'];[0.0, 0.2, 0.0, 0.9];0.2;11;False;{'user_input': 'Is the state q3 part of the alphabet of this automaton?', 'intent': 'fsa-practical', 'argument': 'state', 'dialogue_act': 'Ta:request', 'frame': {'alphabet': 'q3'}};[0.0, 0.2, 0.0, 0.9]
Accuracy;2;Which language is recognized by this automaton starting from state q3?;Could you be more specific?;[];[0.0, 0.1, 0.0, 1.0];0.0;12;False;{'user_input': 'Which language is recognized by this automaton starting from state q3?', 'intent': 'fsa-practical', 'argument': 'language', 'dialogue_act': 'Ta:request', 'frame': {'input': '?'}};[0.0, 0.1, 0.0, 1.0]
Accuracy;3;What strings of 0s and 1s does this automaton accept?;Could you be more specific?;[];[0.0, 0.1, 0.0, 1.0];0.0;1;False;{'user_input': 'What strings of 0s and 1s does this automaton accept?', 'intent': 'fsa-practical', 'argument': 'language', 'dialogue_act': 'Ta:request', 'frame': {'input': '?'}};[0.0, 0.1, 0.0, 1.0]
Accuracy;3;What is the input alphabet of this automaton?;Could you be more specific?;[];[0.0, 0.1, 0.0, 1.0];0.0;2;False;{'user_input': 'What is the input alphabet of this automaton?', 'intent': 'fsa-practical', 'argument': 'alphabet', 'dialogue_act': 'Ta:request', 'frame': {'alphabet': '?'}};[0.0, 0.1, 0.0, 1.0]
Accuracy;3;What is the alphabet of this automaton?;Could you be more specific?;[];[0.0, 0.1, 0.0, 1.0];0.0;3;False;{'user_input': 'What is the alphabet of this automaton?', 'intent': 'fsa-practical', 'argument': 'alphabet', 'dialogue_act': 'Ta:request', 'frame': {'alphabet': '?'}};[0.0, 0.1, 0.0, 1.0]
Accuracy;3;What is the alphabet of this automaton?;Could you be more specific?;[];[0.0, 0.1, 0.0, 1.0];0.0;4;False;{'user_input': 'What is the alphabet of this automaton?', 'intent': 'fsa-practical', 'argument': 'alphabet', 'dialogue_act': 'Ta:request', 'frame': {'alphabet': '?'}};[0.0, 0.1, 0.0, 1.0]
Accuracy;3;What is the alphabet of this automaton?;Could you be more specific?;[];[0.0, 0.1, 0.0, 1.0];0.0;5;False;{'user_input': 'What is the alphabet of this automaton?', 'intent': 'fsa-practical', 'argument': 'alphabet', 'dialogue_act': 'Ta:request', 'frame': {'alphabet': '?'}};[0.0, 0.1, 0.0, 1.0]
Accuracy;3;I meant to say the alphabet of this automaton is not clear: could you tell me what the alphabet is?;Could you be more specific?;[];[0.1, 0.2, 0.1, 1.0];0.1;6;False;{'user_input': 'I meant to say the alphabet of this automaton is not clear: could you tell me what the alphabet is?', 'intent': 'fsa-practical', 'argument': 'alphabet', 'dialogue_act': 'Ta:propositionalQuestion', 'frame': {'alphabet': '?'}};[0.1, 0.2, 0.1, 1.0]
Accuracy;3;which state in this automaton has no outgoing transitions, q3?;The state q0 exists.;['simbolo-q0'];[0.0, 0.1, 0.0, 0.0];0.0;7;False;{'user_input': 'which state in this automaton has no outgoing transitions, q3?', 'intent': 'fsa-practical', 'argument': 'state', 'dialogue_act': 'Ta:request', 'frame': {'states': 'q3'}};[0.0, 0.1, 0.0, 0.0]
Accuracy;3;Which information do we have about state q3 in this finite state automaton?;The state q0 exists.;['simbolo-q0'];[0.0, 0.0, 0.0, 0.0];0.0;8;False;{'user_input': 'Which information do we have about state q3 in this finite state automaton?', 'intent': 'fsa-practical', 'argument': 'state', 'dialogue_act': 'Ta:request', 'frame': {'states': 'q3'}};[0.0, 0.0, 0.0, 0.0]
Accuracy;3;What can you tell me about the state q3 in this finite state automaton?;The state q3 exists.;['simbolo-q3'];[0.2, 0.2, 0.2, 0.9];0.2;9;False;{'user_input': 'What can you tell me about the state q3 in this finite state automaton?', 'intent': 'fsa-practical', 'argument': 'state', 'dialogue_act': 'Ta:request', 'frame': {'states': ['q3']}};[0.2, 0.2, 0.2, 0.9]
Accuracy;3;which transitions start from this in this automaton?;There is no transition between q3 and q0.;[];[0.0, 0.1, 0.0, 1.0];0.0;10;False;{'user_input': 'which transitions start from this in this automaton?', 'intent': 'fsa-practical', 'argument': 'transition', 'dialogue_act': 'Ta:request', 'frame': {'states': ['q3']}, '_raw_frame': {'transitions': []}};[0.0, 0.1, 0.0, 1.0]
Accuracy;3;Can you tell me what information we have about the state q3 in this automaton?;The automaton has 5 states: q0, q1, q2, q3 and q4.;['simbolo-q0', 'simbolo-q1', 'simbolo-q2', 'simbolo-q3', 'simbolo-q4'];[0.1, 0.2, 0.2, 0.9];0.1;11;False;{'user_input': 'Can you tell me what information we have about the state q3 in this automaton?', 'intent': 'fsa-practical', 'argument': 'state', 'dialogue_act': 'Ta:request', 'frame': {'state': 'q3'}};[0.1, 0.2, 0.2, 0.9]
Accuracy;3;which transitions start from this in this automaton?;There is no transition between q3 and q0.;[];[0.0, 0.0, 0.0, 1.0];0.0;12;False;{'user_input': 'which transitions start from this in this automaton?', 'intent': 'fsa-practical', 'argument': 'transition', 'dialogue_act': 'Ta:request', 'frame': {'states': ['q3']}, '_raw_frame': {'transitions': []}};[0.0, 0.0, 0.0, 1.0]
Accuracy;3;is the transition that starts from this correct in this automaton?;There is no transition between q3 and q0.;[];[0.2, 0.2, 0.2, 1.0];0.2;13;False;{'user_input': 'is the transition that starts from this correct in this automaton?', 'intent': 'fsa-practical', 'argument': 'transition', 'dialogue_act': 'Ta:request', 'frame': {'states': ['q3']}, '_raw_frame': {'transitions': []}};[0.2, 0.2, 0.2, 1.0]
Accuracy;3;what are the transitions that involve this?;There is no transition between q3 and q0.;[];[0.1, 0.1, 0.1, 1.0];0.0;14;False;{'user_input': 'what are the transitions that involve this?', 'intent': 'fsa-practical', 'argument': 'transition', 'dialogue_act': 'Ta:request', 'frame': {'states': ['q3']}, '_raw_frame': {'transitions': []}};[0.1, 0.1, 0.1, 1.0]
Accuracy;3;Which transitions leave from state q3 in this automaton?;the transition is not defined.;[];[0.0, 0.2, 0.0, 1.0];0.0;15;False;{'user_input': 'Which transitions leave from state q3 in this automaton?', 'intent': 'fsa-practical', 'argument': 'transition', 'dialogue_act': 'Ta:request', 'frame': {'transitions': [['q3', '?', '?']]}};[0.0, 0.2, 0.0, 1.0]
Accuracy;4;Is this automaton deterministic or non-deterministic?;The automaton accepts zero or more words formed by a sequence of the type 11000. In total there are 5 states: q0, q1, q2, q3 and q4. q0 is both the initial and the final state. The transitions are: q0 with value 1 goes to q1, q1 with value 1 goes to q2, q2 with value 0 goes to q3, q3 with value 0 goes to q4, q4 with value 0 goes to q0.;[];[0.1, 0.2, 0.2, 1.0];0.0;1;False;{'user_input': 'Is this automaton deterministic or non-deterministic?', 'intent': 'fsa-practical', 'argument': 'automaton', 'dialogue_act': 'Ta:propositionalQuestion', 'frame': {'input': 'automatonType'}};[0.1, 0.2, 0.2, 1.0]
Accuracy;4;What type of automaton is this?;The automaton accepts zero or more words formed by a sequence of the type 11000. In total there are 5 states: q0, q1, q2, q3 and q4. q0 is both the initial and the final state. The transitions are: q0 with value 1 goes to q1, q1 with value 1 goes to q2, q2 with value 0 goes to q3, q3 with value 0 goes to q4, q4 with value 0 goes to q0.;[];[0.2, 0.6, 0.3, 1.0];0.2;2;False;{'user_input': 'What type of automaton is this?', 'intent': 'fsa-practical', 'argument': 'automaton', 'dialogue_act': 'Ta:request', 'frame': {}};[0.2, 0.6, 0.3, 1.0]
Accuracy;4;What is the input automaton type for this finite state machine?;The automaton accepts zero or more words formed by a sequence of the type 11000. In total there are 5 states: q0, q1, q2, q3 and q4. q0 is both the initial and the final state. The transitions are: q0 with value 1 goes to q1, q1 with value 1 goes to q2, q2 with value 0 goes to q3, q3 with value 0 goes to q4, q4 with value 0 goes to q0.;[];[0.2, 0.6, 0.3, 1.0];0.2;3;False;{'user_input': 'What is the input automaton type for this finite state machine?', 'intent': 'fsa-practical', 'argument': 'automaton', 'dialogue_act': 'Ta:request', 'frame': {'input': 'automatonType'}};[0.2, 0.6, 0.3, 1.0]
Accuracy;4;what type of automaton is this?;The automaton accepts zero or more words formed by a sequence of the type 11000. In total there are 5 states: q0, q1, q2, q3 and q4. q0 is both the initial and the final state. The transitions are: q0 with value 1 goes to q1, q1 with value 1 goes to q2, q2 with value 0 goes to q3, q3 with value 0 goes to q4, q4 with value 0 goes to q0.;[];[0.2, 0.6, 0.3, 1.0];0.2;4;False;{'user_input': 'what type of automaton is this?', 'intent': 'fsa-practical', 'argument': 'automaton', 'dialogue_act': 'Ta:request', 'frame': {}};[0.2, 0.6, 0.3, 1.0]
Accuracy;4;does this automaton accept any input strings that match a specific pattern?;Could you be more specific?;[];[0.2, 0.3, 0.2, 1.0];0.1;5;False;{'user_input': 'does this automaton accept any input strings that match a specific pattern?', 'intent': 'fsa-practical', 'argument': 'language', 'dialogue_act': 'Ta:propositionalQuestion', 'frame': {'patternType': '?'}};[0.2, 0.3, 0.2, 1.0]
Accuracy;4;What type of automaton is this?;The automaton accepts zero or more words formed by a sequence of the type 11000. In total there are 5 states: q0, q1, q2, q3 and q4. q0 is both the initial and the final state. The transitions are: q0 with value 1 goes to q1, q1 with value 1 goes to q2, q2 with value 0 goes to q3, q3 with value 0 goes to q4, q4 with value 0 goes to q0.;[];[0.2, 0.4, 0.3, 1.0];0.2;6;False;{'user_input': 'What type of automaton is this?', 'intent': 'fsa-practical', 'argument': 'automaton', 'dialogue_act': 'Ta:request', 'frame': {}};[0.2, 0.4, 0.3, 1.0]
Accuracy;5;What is the initial and only final state shown in the diagram?;The initial state is q0.;['simbolo-q0'];[0.5, 0.7, 0.5, 1.0];0.5;0;False;{'user_input': 'What is the initial and only final state shown in the diagram?', 'intent': 'fsa-practical', 'argument': 'state', 'dialogue_act': 'Ta:request', 'frame': {'initialState': '?', 'finalStates': '?'}};[0.5, 0.7, 0.5, 1.0]
Accuracy;5;So, for this automaton, what is its initial state and which are its final states?;The initial state is q0.;['simbolo-q0'];[0.5, 0.6, 0.5, 1.0];0.5;0;False;{'user_input': 'So, for this automaton, what is its initial state and which are its final states?', 'intent': 'fsa-practical', 'argument': 'state', 'dialogue_act': 'Ta:request', 'frame': {'initialState': '?', 'finalStates': '?'}};[0.5, 0.6, 0.5, 1.0]
Accuracy;5;Can you give me information about the state q2 in this automaton?;The automaton has 5 states: q0, q1, q2, q3 and q4.;['simbolo-q0', 'simbolo-q1', 'simbolo-q2', 'simbolo-q3', 'simbolo-q4'];[0.2, 0.2, 0.2, 0.4];0.2;1;False;{'user_input': 'Can you give me information about the state q2 in this automaton?', 'intent': 'fsa-practical', 'argument': 'state', 'dialogue_act': 'Ta:request', 'frame': {'state': 'q2'}};[0.2, 0.2, 0.2, 0.4]
Accuracy;5;can you show me information about the automaton when it is in this?;The automaton accepts zero or more words formed by a sequence of the type 11000. In total there are 5 states: q0, q1, q2, q3 and q4. q0 is both the initial and the final state. The transitions are: q0 with value 1 goes to q1, q1 with value 1 goes to q2, q2 with value 0 goes to q3, q3 with value 0 goes to q4, q4 with value 0 goes to q0.;[];[0.95, 0.9, 0.95, 1.0];0.9;1;False;{'user_input': 'can you show me information about the automaton when it is in this?', 'intent': 'fsa-practical', 'argument': 'automaton', 'dialogue_act': 'Ta:request', 'frame': {'states': ['q2']}, '_raw_frame': {'transitions': []}};[0.95, 0.9, 0.95, 1.0]
Accuracy;5;which language is accepted by this automaton starting from this?;Could you be more specific?;[];[0.0, 0.1, 0.0, 1.0];0.0;2;False;{'user_input': 'which language is accepted by this automaton starting from this?', 'intent': 'fsa-practical', 'argument': 'language', 'dialogue_act': 'Ta:request', 'frame': {'states': ['q2']}, '_raw_frame': {'input': '?'}};[0.0, 0.1, 0.0, 1.0]
Accuracy;5;What is the language accepted by this automaton when starting from state q2?;Could you be more specific?;[];[0.0, 0.1, 0.0, 1.0];0.0;3;False;{'user_input': 'What is the language accepted by this automaton when starting from state q2?', 'intent': 'fsa-practical', 'argument': 'language', 'dialogue_act': 'Ta:request', 'frame': {'input': '?'}};[0.0, 0.1, 0.0, 1.0]
Accuracy;5;I don’t understand what language this automaton accepts for the input string “?”.;The automaton accepts zero or more words formed by a sequence of the type 11000. In total there are 5 states: q0, q1, q2, q3 and q4. q0 is both the initial and the final state. The transitions are: q0 with value 1 goes to q1, q1 with value 1 goes to q2, q2 with value 0 goes to q3, q3 with value 0 goes to q4, q4 with value 0 goes to q0.;[];[0.95, 0.95, 1.0, 1.0];0.95;3;False;{'user_input': 'I don’t understand what language this automaton accepts for the input string “?”.', 'intent': 'fsa-practical', 'argument': None, 'dialogue_act': 'Ta:request', 'frame': {}};[0.95, 0.95, 1.0, 1.0]
Accuracy;5;what is the input alphabet of this finite state automaton?;Could you be more specific?;[];[0.0, 0.1, 0.0, 1.0];0.0;4;False;{'user_input': 'what is the input alphabet of this finite state automaton?', 'intent': 'fsa-practical', 'argument': 'alphabet', 'dialogue_act': 'Ta:request', 'frame': {'alphabet': '?'}};[0.0, 0.1, 0.0, 1.0]
Accuracy;5;what is the alphabet of this automaton?;Could you be more specific?;[];[0.0, 0.1, 0.0, 1.0];0.0;5;False;{'user_input': 'what is the alphabet of this automaton?', 'intent': 'fsa-practical', 'argument': 'alphabet', 'dialogue_act': 'Ta:request', 'frame': {'alphabet': '?'}};[0.0, 0.1, 0.0, 1.0]
Accuracy;5;What is the alphabet of this automaton?;Could you be more specific?;[];[0.0, 0.1, 0.0, 1.0];0.0;6;False;{'user_input': 'What is the alphabet of this automaton?', 'intent': 'fsa-practical', 'argument': 'alphabet', 'dialogue_act': 'Ta:request', 'frame': {'alphabet': '?'}};[0.0, 0.1, 0.0, 1.0]
Accuracy;5;What is the alphabet of this automaton?;Could you be more specific?;[];[0.0, 0.1, 0.0, 1.0];0.0;7;False;{'user_input': 'What is the alphabet of this automaton?', 'intent': 'fsa-practical', 'argument': 'alphabet', 'dialogue_act': 'Ta:request', 'frame': {'alphabet': '?'}};[0.0, 0.1, 0.0, 1.0]
Accuracy;5;what is the alphabet of this automaton?;Could you be more specific?;[];[0.0, 0.1, 0.0, 1.0];0.0;8;False;{'user_input': 'what is the alphabet of this automaton?', 'intent': 'fsa-practical', 'argument': 'alphabet', 'dialogue_act': 'Ta:request', 'frame': {'alphabet': '?'}};[0.0, 0.1, 0.0, 1.0]
Accuracy;5;what is the alphabet of this automaton?;Could you be more specific?;[];[0.0, 0.1, 0.0, 1.0];0.0;9;False;{'user_input': 'what is the alphabet of this automaton?', 'intent': 'fsa-practical', 'argument': 'alphabet', 'dialogue_act': 'Ta:request', 'frame': {'alphabet': '?'}};[0.0, 0.1, 0.0, 1.0]
Accuracy;5;i suggest we clarify the alphabet of this automaton: what is its alphabet?;Could you be more specific?;[];[0.1, 0.1, 0.1, 1.0];0.1;10;False;{'user_input': 'i suggest we clarify the alphabet of this automaton: what is its alphabet?', 'intent': 'fsa-practical', 'argument': 'alphabet', 'dialogue_act': 'Ta:request', 'frame': {'alphabet': '?'}};[0.1, 0.1, 0.1, 1.0]
Accuracy;5;what is the alphabet of this automaton if its graphical representation is a triangle?;Could you be more specific?;[];[0.0, 0.1, 0.0, 1.0];0.0;11;False;{'user_input': 'what is the alphabet of this automaton if its graphical representation is a triangle?', 'intent': 'fsa-practical', 'argument': 'alphabet', 'dialogue_act': 'Ta:request', 'frame': {'alphabet': '?'}};[0.0, 0.1, 0.0, 1.0]
Relevancy;1;Is there any transition leaving state q2 in the automaton shown?;the transition is not defined.;[];[0.0, 0.9, 0.0, 1.0];0.9;0;False;{'user_input': 'Is there any transition leaving state q2 in the automaton shown?', 'intent': 'fsa-practical', 'argument': 'transition', 'dialogue_act': 'Ta:propositionalQuestion', 'frame': {'transitions': [['q2', '?', '?']]}};[0.0, 0.9, 0.0, 1.0]
Relevancy;1;Thank you, could you tell me what the complete transition is that starts from state q2?;the transition is not defined.;[];[0.0, 0.2, 0.0, 1.0];0.1;1;False;{'user_input': 'Thank you, could you tell me what the complete transition is that starts from state q2?', 'intent': 'fsa-practical', 'argument': 'transition', 'dialogue_act': 'Ta:request', 'frame': {'transitions': [['q2', '?', '?']]}};[0.0, 0.2, 0.0, 1.0]
Relevancy;1;from this, what is the transition in the automaton?;There is no transition between q2 and q0.;[];[0.1, 0.2, 0.1, 1.0];0.2;2;False;{'user_input': 'from this, what is the transition in the automaton?', 'intent': 'fsa-practical', 'argument': 'transition', 'dialogue_act': 'Ta:request', 'frame': {'states': ['q2']}, '_raw_frame': {'transitions': []}};[0.1, 0.2, 0.1, 1.0]
Relevancy;1;What is the transition that starts from state q2 in this automaton?;the transition is not defined.;[];[0.0, 0.2, 0.0, 1.0];0.2;3;False;{'user_input': 'What is the transition that starts from state q2 in this automaton?', 'intent': 'fsa-practical', 'argument': 'transition', 'dialogue_act': 'Ta:request', 'frame': {'transitions': [['q2', '?', '?']]}};[0.0, 0.2, 0.0, 1.0]
Relevancy;1;before i leave, could you please tell me what the complete transition is that starts from this?;There is no transition between q2 and q0.;[];[0.1, 0.1, 0.1, 1.0];0.1;4;False;{'user_input': 'before i leave, could you please tell me what the complete transition is that starts from this?', 'intent': 'fsa-practical', 'argument': 'transition', 'dialogue_act': 'Ta:request', 'frame': {'states': ['q2']}, '_raw_frame': {'transitions': []}};[0.1, 0.1, 0.1, 1.0]
Relevancy;1;What are the transitions that start from state q2?;the transition is not defined.;[];[0.0, 0.2, 0.0, 1.0];0.2;5;False;{'user_input': 'What are the transitions that start from state q2?', 'intent': 'fsa-practical', 'argument': 'transition', 'dialogue_act': 'Ta:request', 'frame': {'transitions': [['q2', '?', '?']]}};[0.0, 0.2, 0.0, 1.0]
Relevancy;1;What are the transitions that start from state q2?;the transition is not defined.;[];[0.0, 0.2, 0.0, 1.0];0.2;6;False;{'user_input': 'What are the transitions that start from state q2?', 'intent': 'fsa-practical', 'argument': 'transition', 'dialogue_act': 'Ta:request', 'frame': {'transitions': [['q2', '?', '?']]}};[0.0, 0.2, 0.0, 1.0]
Relevancy;1;From state q2, what is the transition in this automaton?;the transition is not defined.;[];[0.0, 0.9, 0.0, 1.0];0.2;7;False;{'user_input': 'From state q2, what is the transition in this automaton?', 'intent': 'fsa-practical', 'argument': 'transition', 'dialogue_act': 'Ta:request', 'frame': {'transitions': [['q2', '?', '?']]}};[0.0, 0.9, 0.0, 1.0]
Relevancy;1;"i think there are 2 final states in this automaton; can you check if this transition configuration is correct?";The automaton has 5 states: q0, q1, q2, q3 and q4.;['simbolo-q0', 'simbolo-q1', 'simbolo-q2', 'simbolo-q3', 'simbolo-q4'];[0.2, 0.3, 0.2, 0.9];0.3;8;False;"{'user_input': 'i think there are 2 final states in this automaton; can you check if this transition configuration is correct?', 'intent': 'fsa-practical', 'argument': 'state', 'dialogue_act': 'Ta:request', 'frame': {'numberOfFinalStates': '2'}}";[0.2, 0.3, 0.2, 0.9]
Relevancy;1;how many states does this automaton have?;This automaton has 5 states;['simbolo-q0', 'simbolo-q1', 'simbolo-q2', 'simbolo-q3', 'simbolo-q4'];[1.0, 1.0, 1.0, 1.0];1.0;8;False;{'user_input': 'how many states does this automaton have?', 'intent': 'fsa-practical', 'argument': 'state', 'dialogue_act': 'Ta:request', 'frame': {'numberOfStates': '?'}};[1.0, 1.0, 1.0, 1.0]
Relevancy;2;What is the value on the transition from q1 to q2 in this diagram?;The transition between q1 and q2 is with value 1.;['simbolo-q1-q2'];[1.0, 1.0, 1.0, 1.0];1.0;0;False;{'user_input': 'What is the value on the transition from q1 to q2 in this diagram?', 'intent': 'fsa-practical', 'argument': 'transition', 'dialogue_act': 'Ta:request', 'frame': {'transitions': [['q1', 'q2', '?']]}};[1.0, 1.0, 1.0, 1.0]
Relevancy;2;What is the symbol on the transition from state q1 to state q2 in this automaton?;The transition between q1 and q2 is with value 1.;['simbolo-q1-q2'];[1.0, 1.0, 1.0, 1.0];1.0;0;False;{'user_input': 'What is the symbol on the transition from state q1 to state q2 in this automaton?', 'intent': 'fsa-practical', 'argument': 'transition', 'dialogue_act': 'Ta:request', 'frame': {'transitions': [['q1', 'q2', '?']]}};[1.0, 1.0, 1.0, 1.0]
Relevancy;2;what is the label of this?;The automaton has 5 states: q0, q1, q2, q3 and q4.;['simbolo-q0', 'simbolo-q1', 'simbolo-q2', 'simbolo-q3', 'simbolo-q4'];[0.2, 0.3, 0.2, 0.9];0.3;1;False;{'user_input': 'what is the label of this?', 'intent': 'fsa-practical', 'argument': 'state', 'dialogue_act': 'Ta:request', 'frame': {'transitions': [['q1', 'q2', '?']]}, '_raw_frame': {'state': '?'}};[0.2, 0.3, 0.2, 0.9]
Relevancy;2;What is the label of the transition from state q1 to state q2?;The transition between q1 and q2 is with value 1.;['simbolo-q1-q2'];[1.0, 1.0, 1.0, 1.0];1.0;1;False;{'user_input': 'What is the label of the transition from state q1 to state q2?', 'intent': 'fsa-practical', 'argument': 'transition', 'dialogue_act': 'Ta:request', 'frame': {'transitions': [['q1', 'q2', '?']]}};[1.0, 1.0, 1.0, 1.0]
Relevancy;2;What is the symbol that labels the transition from state q1 to state q2 in this automaton?;The transition between q1 and q2 is with value 1.;['simbolo-q1-q2'];[1.0, 1.0, 1.0, 1.0];1.0;1;False;{'user_input': 'What is the symbol that labels the transition from state q1 to state q2 in this automaton?', 'intent': 'fsa-practical', 'argument': 'transition', 'dialogue_act': 'Ta:request', 'frame': {'transitions': [['q1', 'q2', '?']]}};[1.0, 1.0, 1.0, 1.0]
Relevancy;2;what is the alphabet symbol for this?;Could you be more specific?;[];[0.1, 0.2, 0.1, 1.0];0.1;2;False;{'user_input': 'what is the alphabet symbol for this?', 'intent': 'fsa-practical', 'argument': 'alphabet', 'dialogue_act': 'Ta:request', 'frame': {'transitions': [['q1', 'q2', '?']]}, '_raw_frame': {'alphabet': '?'}};[0.1, 0.2, 0.1, 1.0]
Relevancy;2;what are the final states of this automaton, and is q3 one of them?;The final state is q0.;['simbolo-q0'];[0.9, 0.9, 1.0, 1.0];1.0;2;False;{'user_input': 'what are the final states of this automaton, and is q3 one of them?', 'intent': 'fsa-practical', 'argument': 'state', 'dialogue_act': 'Ta:request', 'frame': {'finalStates': '?', 'q3': 'True'}};[0.9, 0.9, 1.0, 1.0]
Relevancy;2;What is the symbol of the transition from q1 to q2 in this automaton’s alphabet?;The automaton has 5 transitions: q0 with value 1 goes to q1, q1 with value 1 goes to q2, q2 with value 0 goes to q3, q3 with value 0 goes to q4, q4 with value 0 goes to q0.;['simbolo-q0-q1', 'simbolo-q1-q2', 'simbolo-q2-q3', 'simbolo-q3-q4', 'simbolo-q4-q0'];[0.2, 0.4, 0.5, 0.9];0.4;2;False;{'user_input': 'What is the symbol of the transition from q1 to q2 in this automaton’s alphabet?', 'intent': 'fsa-practical', 'argument': 'transition', 'dialogue_act': 'Ta:request', 'frame': {'alphabet': '?'}};[0.2, 0.4, 0.5, 0.9]
Relevancy;2;hello, looking at this automaton’s alphabet, what is the label of this?;The transition between q1 and q2 is with value 1.;['simbolo-q1-q2'];[0.2, 0.2, 0.2, 0.8];0.2;3;False;{'user_input': 'hello, looking at this automaton’s alphabet, what is the label of this?', 'intent': 'fsa-practical', 'argument': None, 'dialogue_act': 'Ta:request', 'frame': {'transitions': [['q1', 'q2', '?']]}, '_raw_frame': {}};[0.2, 0.2, 0.2, 0.8]
Relevancy;2;What is the graphical representation of the alphabet used in this finite state automaton?;Could you be more specific?;[];[0.0, 0.1, 0.0, 1.0];0.1;4;False;{'user_input': 'What is the graphical representation of the alphabet used in this finite state automaton?', 'intent': 'fsa-practical', 'argument': 'alphabet', 'dialogue_act': 'Ta:request', 'frame': {'alphabet': '?'}};[0.0, 0.1, 0.0, 1.0]
Relevancy;2;What is the alphabet of this automaton?;Could you be more specific?;[];[0.0, 0.1, 0.0, 1.0];0.1;5;False;{'user_input': 'What is the alphabet of this automaton?', 'intent': 'fsa-practical', 'argument': 'alphabet', 'dialogue_act': 'Ta:propositionalQuestion', 'frame': {'alphabet': '?'}};[0.0, 0.1, 0.0, 1.0]
Relevancy;2;What is the alphabet of this finite state automaton?;Could you be more specific?;[];[0.0, 0.1, 0.0, 1.0];0.1;6;False;{'user_input': 'What is the alphabet of this finite state automaton?', 'intent': 'fsa-practical', 'argument': 'alphabet', 'dialogue_act': 'Ta:request', 'frame': {'alphabet': '?'}};[0.0, 0.1, 0.0, 1.0]
Relevancy;2;what is the language accepted by this automaton, in particular what is its alphabet?;Could you be more specific?;[];[0.0, 0.1, 0.0, 1.0];0.1;7;False;{'user_input': 'what is the language accepted by this automaton, in particular what is its alphabet?', 'intent': 'fsa-practical', 'argument': 'language', 'dialogue_act': 'Ta:request', 'frame': {'alphabet': '?'}};[0.0, 0.1, 0.0, 1.0]
Relevancy;2;what is the language (set of accepted strings) of this finite state automaton?;Could you be more specific?;[];[0.0, 0.1, 0.0, 1.0];0.1;8;False;{'user_input': 'what is the language (set of accepted strings) of this finite state automaton?', 'intent': 'fsa-practical', 'argument': 'language', 'dialogue_act': 'Ta:request', 'frame': {'language': '?'}};[0.0, 0.1, 0.0, 1.0]
Relevancy;2;What is the language recognized by the automaton if the initial state can be either Q1 or Q2?;Could you be more specific?;[];[0.1, 0.2, 0.1, 1.0];0.1;9;False;{'user_input': 'What is the language recognized by the automaton if the initial state can be either Q1 or Q2?', 'intent': 'fsa-practical', 'argument': 'language', 'dialogue_act': 'Ta:request', 'frame': {'initialStates': 'Q1'}};[0.1, 0.2, 0.1, 1.0]
Relevancy;3;If the input is 11000, does this automaton accept it or reject it?;Could you be more specific?;[];[0.0, 0.1, 0.0, 1.0];0.1;1;False;{'user_input': 'If the input is 11000, does this automaton accept it or reject it?', 'intent': 'fsa-practical', 'argument': 'language', 'dialogue_act': 'Ta:propositionalQuestion', 'frame': {'input': '11000'}};[0.0, 0.1, 0.0, 1.0]
Relevancy;3;what type of language does this deterministic finite state automaton recognize?;Could you be more specific?;[];[0.0, 0.1, 0.0, 1.0];0.1;2;False;{'user_input': 'what type of language does this deterministic finite state automaton recognize?', 'intent': 'fsa-practical', 'argument': 'language', 'dialogue_act': 'Ta:request', 'frame': {'input': 'type'}};[0.0, 0.1, 0.0, 1.0]
Relevancy;3;"thank you for explaining the language accepted by this automaton; could you also tell me the type of input it processes?";The automaton accepts zero or more words formed by a sequence of the type 11000. In total there are 5 states: q0, q1, q2, q3 and q4. q0 is both the initial and the final state. The transitions are: q0 with value 1 goes to q1, q1 with value 1 goes to q2, q2 with value 0 goes to q3, q3 with value 0 goes to q4, q4 with value 0 goes to q0.;[];[0.2, 0.4, 0.3, 1.0];0.6;2;False;"{'user_input': 'thank you for explaining the language accepted by this automaton; could you also tell me the type of input it processes?', 'intent': 'fsa-practical', 'argument': 'automaton', 'dialogue_act': 'Ta:request', 'frame': {'input': 'thank you for explaining the language accepted by this automaton; could you also tell me the type of input it processes?'}}";[0.2, 0.4, 0.3, 1.0]
Relevancy;3;in this automaton, the language consists of all strings accepted by the machine, which has 5 states in total.;Could you be more specific?;[];[0.1, 0.1, 0.1, 1.0];0.1;3;False;{'user_input': 'in this automaton, the language consists of all strings accepted by the machine, which has 5 states in total.', 'intent': 'fsa-practical', 'argument': 'language', 'dialogue_act': 'Ta:request', 'frame': {'numberOfStates': '5'}};[0.1, 0.1, 0.1, 1.0]
Relevancy;3;What is the language recognized by this automaton for the input string 1100011000?;Could you be more specific?;[];[0.0, 0.1, 0.0, 1.0];0.1;4;False;{'user_input': 'What is the language recognized by this automaton for the input string 1100011000?', 'intent': 'fsa-practical', 'argument': 'language', 'dialogue_act': 'Ta:request', 'frame': {'input': '1100011000'}};[0.0, 0.1, 0.0, 1.0]
Relevancy;3;For the automaton shown, can you tell me which state the machine ends in after processing the input 1100011000?;The final state is q0.;['simbolo-q0'];[1.0, 1.0, 1.0, 1.0];1.0;4;False;{'user_input': 'For the automaton shown, can you tell me which state the machine ends in after processing the input 1100011000?', 'intent': 'fsa-practical', 'argument': 'state', 'dialogue_act': 'Ta:request', 'frame': {'finalStates': '?'}};[1.0, 1.0, 1.0, 1.0]
Relevancy;3;which state of the automaton has the highest number of transitions?;The automaton has 5 states: q0, q1, q2, q3 and q4.;['simbolo-q0', 'simbolo-q1', 'simbolo-q2', 'simbolo-q3', 'simbolo-q4'];[0.0, 0.3, 0.0, 0.2];0.2;5;False;{'user_input': 'which state of the automaton has the highest number of transitions?', 'intent': 'fsa-practical', 'argument': 'state', 'dialogue_act': 'Ta:request', 'frame': {'stateWithMostTransitions': '?'}};[0.0, 0.3, 0.0, 0.2]
Relevancy;3;i accept the turn and i would like to know the language recognized by this automaton for the input 1100011000.;Could you be more specific?;[];[0.0, 0.1, 0.0, 1.0];0.1;6;False;{'user_input': 'i accept the turn and i would like to know the language recognized by this automaton for the input 1100011000.', 'intent': 'fsa-practical', 'argument': 'language', 'dialogue_act': 'Ta:propositionalQuestion', 'frame': {'input': '1100011000'}};[0.0, 0.1, 0.0, 1.0]
Relevancy;3;The language recognized by this automaton for the input 1100011000 is the set of all binary strings that contain the substring 11000, so with input 1100011000 the automaton accepts the string.;Could you be more specific?;[];[0.0, 0.1, 0.0, 1.0];0.1;7;False;{'user_input': 'The language recognized by this automaton for the input 1100011000 is the set of all binary strings that contain the substring 11000, so with input 1100011000 the automaton accepts the string.', 'intent': 'fsa-practical', 'argument': 'language', 'dialogue_act': 'Ta:request', 'frame': {'input': '1100011000'}};[0.0, 0.1, 0.0, 1.0]
Relevancy;3;What language is recognized by this automaton for the input string 1100011000?;Could you be more specific?;[];[0.0, 0.1, 0.0, 1.0];0.1;8;False;{'user_input': 'What language is recognized by this automaton for the input string 1100011000?', 'intent': 'fsa-practical', 'argument': 'language', 'dialogue_act': 'Ta:request', 'frame': {'input': '1100011000'}};[0.0, 0.1, 0.0, 1.0]
Relevancy;3;what is the language recognized by this automaton for the input string 1100011000?;Could you be more specific?;[];[0.0, 0.1, 0.0, 1.0];0.1;9;False;{'user_input': 'what is the language recognized by this automaton for the input string 1100011000?', 'intent': 'fsa-practical', 'argument': 'language', 'dialogue_act': 'Ta:request', 'frame': {'input': '1100011000'}};[0.0, 0.1, 0.0, 1.0]
Relevancy;3;what is the language accepted by the automaton if the only final state is q3?;Could you be more specific?;[];[0.0, 0.1, 0.0, 1.0];0.1;10;False;{'user_input': 'what is the language accepted by the automaton if the only final state is q3?', 'intent': 'fsa-practical', 'argument': 'language', 'dialogue_act': 'Ta:request', 'frame': {'finalStates': 'q3'}};[0.0, 0.1, 0.0, 1.0]
Relevancy;3;Which pattern of accepted strings does this automaton recognize if q3 is the only final state?;Could you be more specific?;[];[0.0, 0.1, 0.0, 1.0];0.1;11;False;{'user_input': 'Which pattern of accepted strings does this automaton recognize if q3 is the only final state?', 'intent': 'fsa-practical', 'argument': 'pattern', 'dialogue_act': 'Ta:request', 'frame': {'patternType': '?'}};[0.0, 0.1, 0.0, 1.0]
Relevancy;3;what type of pattern does this automaton recognize?;Could you be more specific?;[];[0.0, 0.1, 0.0, 1.0];0.1;12;False;{'user_input': 'what type of pattern does this automaton recognize?', 'intent': 'fsa-practical', 'argument': 'pattern', 'dialogue_act': 'Ta:request', 'frame': {'patternType': '?'}};[0.0, 0.1, 0.0, 1.0]
Relevancy;3;"This automaton does not seem to follow any clear pattern type; what pattern is it supposed to represent?";Could you be more specific?;[];[0.1, 0.2, 0.1, 1.0];0.1;13;False;"{'user_input': 'This automaton does not seem to follow any clear pattern type; what pattern is it supposed to represent?', 'intent': 'fsa-practical', 'argument': 'pattern', 'dialogue_act': 'Ta:request', 'frame': {'patternType': '?'}}";[0.1, 0.2, 0.1, 1.0]
Relevancy;4;What kind of language does this automaton recognize, regular or context-free?;Could you be more specific?;[];[0.0, 0.1, 0.0, 1.0];0.1;1;False;{'user_input': 'What kind of language does this automaton recognize, regular or context-free?', 'intent': 'fsa-practical', 'argument': 'language', 'dialogue_act': 'Ta:request', 'frame': {'input': '?'}};[0.0, 0.1, 0.0, 1.0]
Relevancy;4;What is the language recognized by this finite state automaton for any possible input?;Could you be more specific?;[];[0.0, 0.1, 0.0, 1.0];0.1;2;False;{'user_input': 'What is the language recognized by this finite state automaton for any possible input?', 'intent': 'fsa-practical', 'argument': 'language', 'dialogue_act': 'Ta:request', 'frame': {'input': '?'}};[0.0, 0.1, 0.0, 1.0]
Relevancy;4;I meant to ask about the language of this automaton in a practical way: what is the language it accepts for a given input string?;The automaton accepts zero or more words formed by a sequence of the type 11000. In total there are 5 states: q0, q1, q2, q3 and q4. q0 is both the initial and the final state. The transitions are: q0 with value 1 goes to q1, q1 with value 1 goes to q2, q2 with value 0 goes to q3, q3 with value 0 goes to q4, q4 with value 0 goes to q0.;[];[0.95, 0.95, 1.0, 1.0];0.95;2;False;{'user_input': 'I meant to ask about the language of this automaton in a practical way: what is the language it accepts for a given input string?', 'intent': None, 'argument': None, 'dialogue_act': None, 'frame': {}};[0.95, 0.95, 1.0, 1.0]
Relevancy;4;What is the language accepted by the automaton if the only final state is Q3?;The final state is q0.;['simbolo-q0'];[0.0, 0.1, 0.0, 0.0];0.1;3;False;{'user_input': 'What is the language accepted by the automaton if the only final state is Q3?', 'intent': 'fsa-practical', 'argument': 'state', 'dialogue_act': 'Ta:request', 'frame': {'finalStates': 'Q3'}};[0.0, 0.1, 0.0, 0.0]
Relevancy;4;is q3 a final state of the automaton?;The state q0 exists.;['simbolo-q0'];[0.0, 0.1, 0.0, 0.2];0.1;4;False;{'user_input': 'is q3 a final state of the automaton?', 'intent': 'fsa-practical', 'argument': 'state', 'dialogue_act': 'Ta:request', 'frame': {'states': 'q3'}};[0.0, 0.1, 0.0, 0.2]
Relevancy;4;is q3 one of the states in this automaton?;The state q0 exists.;['simbolo-q0'];[0.0, 0.2, 0.0, 0.2];0.0;5;False;{'user_input': 'is q3 one of the states in this automaton?', 'intent': 'fsa-practical', 'argument': 'state', 'dialogue_act': 'Ta:request', 'frame': {'states': 'q3'}};[0.0, 0.2, 0.0, 0.2]
Relevancy;4;From state q3, what are the states of the automaton?;The state q0 exists.;['simbolo-q0'];[0.0, 0.2, 0.0, 0.8];0.2;6;False;{'user_input': 'From state q3, what are the states of the automaton?', 'intent': 'fsa-practical', 'argument': 'state', 'dialogue_act': 'Ta:request', 'frame': {'states': 'q3'}};[0.0, 0.2, 0.0, 0.8]
Relevancy;4;Is q3 one of the states of this automaton?;The automaton has 5 states: q0, q1, q2, q3 and q4.;['simbolo-q0', 'simbolo-q1', 'simbolo-q2', 'simbolo-q3', 'simbolo-q4'];[1.0, 0.9, 1.0, 0.9];0.95;6;False;{'user_input': 'Is q3 one of the states of this automaton?', 'intent': 'fsa-practical', 'argument': 'state', 'dialogue_act': 'Ta:request', 'frame': {'state': 'q3'}};[1.0, 0.9, 1.0, 0.9]
Relevancy;4;can you tell me which states are present in this automaton, for example is q3 one of the states?;The state q0 exists.;['simbolo-q0'];[0.2, 0.3, 0.2, 0.8];0.3;7;False;{'user_input': 'can you tell me which states are present in this automaton, for example is q3 one of the states?', 'intent': 'fsa-practical', 'argument': 'state', 'dialogue_act': 'Ta:request', 'frame': {'states': '?'}};[0.2, 0.3, 0.2, 0.8]
Relevancy;4;hi again! could you please tell me more about this in this automaton?;The automaton accepts zero or more words formed by a sequence of the type 11000. In total there are 5 states: q0, q1, q2, q3 and q4. q0 is both the initial and the final state. The transitions are: q0 with value 1 goes to q1, q1 with value 1 goes to q2, q2 with value 0 goes to q3, q3 with value 0 goes to q4, q4 with value 0 goes to q0.;[];[0.95, 0.95, 1.0, 1.0];0.9;7;False;{'user_input': 'hi again! could you please tell me more about this in this automaton?', 'intent': 'fsa-practical', 'argument': 'automaton', 'dialogue_act': 'Ta:request', 'frame': {'states': ['q3']}, '_raw_frame': {'automatonType': '?'}};[0.95, 0.95, 1.0, 1.0]
Relevancy;4;What are the states of this automaton if the alphabet is [“2”, “4”]?;The state q0 exists.;['simbolo-q0'];[0.1, 0.3, 0.2, 0.8];0.3;8;False;{'user_input': 'What are the states of this automaton if the alphabet is [“2”, “4”]?', 'intent': 'fsa-practical', 'argument': 'state', 'dialogue_act': 'Ta:request', 'frame': {'states': '?'}};[0.1, 0.3, 0.2, 0.8]
Relevancy;5;Is this automaton deterministic or nondeterministic?;The automaton accepts zero or more words formed by a sequence of the type 11000. In total there are 5 states: q0, q1, q2, q3 and q4. q0 is both the initial and the final state. The transitions are: q0 with value 1 goes to q1, q1 with value 1 goes to q2, q2 with value 0 goes to q3, q3 with value 0 goes to q4, q4 with value 0 goes to q0.;[];[0.0, 0.2, 0.0, 1.0];0.4;0;False;{'user_input': 'Is this automaton deterministic or nondeterministic?', 'intent': 'fsa-practical', 'argument': 'automaton', 'dialogue_act': 'Ta:propositionalQuestion', 'frame': {'input': 'automatonType'}};[0.0, 0.2, 0.0, 1.0]
Relevancy;5;What type of automaton is this one?;The automaton accepts zero or more words formed by a sequence of the type 11000. In total there are 5 states: q0, q1, q2, q3 and q4. q0 is both the initial and the final state. The transitions are: q0 with value 1 goes to q1, q1 with value 1 goes to q2, q2 with value 0 goes to q3, q3 with value 0 goes to q4, q4 with value 0 goes to q0.;[];[0.2, 0.6, 0.3, 1.0];0.4;0;False;{'user_input': 'What type of automaton is this one?', 'intent': 'fsa-practical', 'argument': 'automaton', 'dialogue_act': 'Ta:request', 'frame': {'type': '?'}};[0.2, 0.6, 0.3, 1.0]
Relevancy;5;is this automaton deterministic or non-deterministic?;The automaton accepts zero or more words formed by a sequence of the type 11000. In total there are 5 states: q0, q1, q2, q3 and q4. q0 is both the initial and the final state. The transitions are: q0 with value 1 goes to q1, q1 with value 1 goes to q2, q2 with value 0 goes to q3, q3 with value 0 goes to q4, q4 with value 0 goes to q0.;[];[0.0, 0.3, 0.0, 1.0];0.3;1;False;{'user_input': 'is this automaton deterministic or non-deterministic?', 'intent': 'fsa-practical', 'argument': 'automaton', 'dialogue_act': 'Ta:propositionalQuestion', 'frame': {'input': 'automatonType'}};[0.0, 0.3, 0.0, 1.0]
Relevancy;5;What is the optimal spatial representation of this automaton?;Could you be more specific?;[];[0.1, 0.2, 0.1, 1.0];0.1;2;False;{'user_input': 'What is the optimal spatial representation of this automaton?', 'intent': 'fsa-practical', 'argument': 'pattern', 'dialogue_act': 'Ta:request', 'frame': {'patternType': '?'}};[0.1, 0.2, 0.1, 1.0]
Relevancy;5;for the input string `11000`, does this automaton produce the output accepted?;Could you be more specific?;[];[0.0, 0.1, 0.0, 1.0];0.1;3;False;{'user_input': 'for the input string `11000`, does this automaton produce the output accepted?', 'intent': 'fsa-practical', 'argument': 'language', 'dialogue_act': 'Ta:propositionalQuestion', 'frame': {'input': '11000'}};[0.0, 0.1, 0.0, 1.0]
Relevancy;5;What is the initial state of the language recognized by this automaton?;The initial state is q0.;['simbolo-q0'];[1.0, 1.0, 1.0, 1.0];1.0;3;False;{'user_input': 'What is the initial state of the language recognized by this automaton?', 'intent': 'fsa-practical', 'argument': 'state', 'dialogue_act': 'Ta:request', 'frame': {'initialState': '?'}};[1.0, 1.0, 1.0, 1.0]
Relevancy;5;given the automaton shown, what happens if we give it the input 11000?;Could you be more specific?;[];[0.0, 0.1, 0.0, 1.0];0.1;4;False;{'user_input': 'given the automaton shown, what happens if we give it the input 11000?', 'intent': 'fsa-practical', 'argument': 'language', 'dialogue_act': 'Ta:request', 'frame': {'input': '11000'}};[0.0, 0.1, 0.0, 1.0]
Relevancy;5;What is the language accepted by the automaton if the initial state is Q3?;Could you be more specific?;[];[0.0, 0.1, 0.0, 1.0];0.1;5;False;{'user_input': 'What is the language accepted by the automaton if the initial state is Q3?', 'intent': 'fsa-practical', 'argument': 'language', 'dialogue_act': 'Ta:request', 'frame': {'initialState': 'Q3'}};[0.0, 0.1, 0.0, 1.0]
Relevancy;5;In theoretical terms, what is the language accepted by this automaton if the initial state is Q3?;Could you be more specific?;[];[0.0, 0.1, 0.0, 1.0];0.1;6;False;{'user_input': 'In theoretical terms, what is the language accepted by this automaton if the initial state is Q3?', 'intent': 'fsa-practical', 'argument': 'language', 'dialogue_act': 'Ta:request', 'frame': {'initialState': 'Q3'}};[0.0, 0.1, 0.0, 1.0]
Relevancy;5;what is the language recognized by this automaton?;Could you be more specific?;[];[0.0, 0.1, 0.0, 1.0];0.1;7;False;{'user_input': 'what is the language recognized by this automaton?', 'intent': 'fsa-practical', 'argument': 'language', 'dialogue_act': 'Ta:request', 'frame': {'input': '?'}};[0.0, 0.1, 0.0, 1.0]
Relevancy;5;What language is recognized by this automaton for the input string “11000”?;Could you be more specific?;[];[0.0, 0.1, 0.0, 1.0];0.1;8;False;{'user_input': 'What language is recognized by this automaton for the input string “11000”?', 'intent': 'fsa-practical', 'argument': 'language', 'dialogue_act': 'Ta:request', 'frame': {'input': '11000'}};[0.0, 0.1, 0.0, 1.0]
Relevancy;5;What is the language accepted by this automaton for the input 11000?;Could you be more specific?;[];[0.0, 0.1, 0.0, 1.0];0.1;9;False;{'user_input': 'What is the language accepted by this automaton for the input 11000?', 'intent': 'fsa-practical', 'argument': 'language', 'dialogue_act': 'Ta:request', 'frame': {'input': '11000'}};[0.0, 0.1, 0.0, 1.0]
Relevancy;5;What is the output of this automaton when the input is 11000?;Could you be more specific?;[];[0.0, 0.1, 0.0, 1.0];0.1;10;False;{'user_input': 'What is the output of this automaton when the input is 11000?', 'intent': 'fsa-practical', 'argument': 'language', 'dialogue_act': 'Ta:request', 'frame': {'input': '11000'}};[0.0, 0.1, 0.0, 1.0]
Relevancy;5;Can you check whether the string 11000 belongs to the language recognized by this automaton?;Could you be more specific?;[];[0.0, 0.1, 0.0, 1.0];0.1;11;False;{'user_input': 'Can you check whether the string 11000 belongs to the language recognized by this automaton?', 'intent': 'fsa-practical', 'argument': 'language', 'dialogue_act': 'Ta:propositionalQuestion', 'frame': {'input': '11000'}};[0.0, 0.1, 0.0, 1.0]
Relevancy;5;What is the language accepted by this automaton for the input 11000?;Could you be more specific?;[];[0.0, 0.1, 0.0, 1.0];0.1;12;False;{'user_input': 'What is the language accepted by this automaton for the input 11000?', 'intent': 'fsa-practical', 'argument': 'language', 'dialogue_act': 'Ta:request', 'frame': {'input': '11000'}};[0.0, 0.1, 0.0, 1.0]
Correctness;1;Is it possible to go from q2 to q4 in this automaton?;there is no transition between q2 and q4.;[];[0.9, 0.9, 0.9, 1.0];0.9;0;False;{'user_input': 'Is it possible to go from q2 to q4 in this automaton?', 'intent': 'fsa-practical', 'argument': 'transition', 'dialogue_act': 'Ta:propositionalQuestion', 'frame': {'transitions': [['q2', 'q4', '?']]}};[0.9, 0.9, 0.9, 1.0]
Correctness;1;Hi again! Could you remind me what is the transition from q2 to q4 in this automaton?;there is no transition between q2 and q4.;[];[1.0, 1.0, 1.0, 1.0];1.0;0;False;{'user_input': 'Hi again! Could you remind me what is the transition from q2 to q4 in this automaton?', 'intent': 'fsa-practical', 'argument': 'transition', 'dialogue_act': 'Ta:request', 'frame': {'transitions': [['q2', 'q4', '?']]}};[1.0, 1.0, 1.0, 1.0]
Correctness;1;What are the final states of this automaton?;The final state is q0.;['simbolo-q0'];[1.0, 1.0, 1.0, 1.0];1.0;0;False;{'user_input': 'What are the final states of this automaton?', 'intent': 'fsa-practical', 'argument': 'state', 'dialogue_act': 'Ta:request', 'frame': {'finalStates': '?'}};[1.0, 1.0, 1.0, 1.0]
Correctness;1;What is the transition label from state q2 to state q4?;there is no transition between q2 and q4.;[];[1.0, 1.0, 1.0, 1.0];1.0;0;False;{'user_input': 'What is the transition label from state q2 to state q4?', 'intent': 'fsa-practical', 'argument': 'transition', 'dialogue_act': 'Ta:request', 'frame': {'transitions': [['q2', 'q4', '?']]}};[1.0, 1.0, 1.0, 1.0]
Correctness;1;What is the alphabet of this automaton, is it [“1”, “0”]?;Could you be more specific?;[];[0.0, 0.1, 0.0, 1.0];0.0;1;False;{'user_input': 'What is the alphabet of this automaton, is it [“1”, “0”]?', 'intent': 'fsa-practical', 'argument': 'alphabet', 'dialogue_act': 'Ta:propositionalQuestion', 'frame': {'alphabet': '1'}};[0.0, 0.1, 0.0, 1.0]
Correctness;1;What is the alphabet of this automaton if it only includes the symbol 1?;Could you be more specific?;[];[0.0, 0.1, 0.0, 1.0];0.0;2;False;{'user_input': 'What is the alphabet of this automaton if it only includes the symbol 1?', 'intent': 'fsa-practical', 'argument': 'alphabet', 'dialogue_act': 'Ta:request', 'frame': {'alphabet': '1'}};[0.0, 0.1, 0.0, 1.0]
Correctness;1;What is the alphabet of this automaton if it only includes the symbol 1?;Could you be more specific?;[];[0.0, 0.1, 0.0, 1.0];0.0;3;False;{'user_input': 'What is the alphabet of this automaton if it only includes the symbol 1?', 'intent': 'fsa-practical', 'argument': 'alphabet', 'dialogue_act': 'Ta:request', 'frame': {'alphabet': ['1']}};[0.0, 0.1, 0.0, 1.0]
Correctness;1;what is the alphabet of this automaton if it only uses the symbol 1?;Could you be more specific?;[];[0.0, 0.1, 0.0, 1.0];0.0;4;False;{'user_input': 'what is the alphabet of this automaton if it only uses the symbol 1?', 'intent': 'fsa-practical', 'argument': 'alphabet', 'dialogue_act': 'Ta:request', 'frame': {'alphabet': ['1']}};[0.0, 0.1, 0.0, 1.0]
Correctness;1;What is the alphabet of this automaton if it only includes the symbol 1?;Could you be more specific?;[];[0.0, 0.1, 0.0, 1.0];0.0;5;False;{'user_input': 'What is the alphabet of this automaton if it only includes the symbol 1?', 'intent': 'fsa-practical', 'argument': 'alphabet', 'dialogue_act': 'Ta:request', 'frame': {'alphabet': '1'}};[0.0, 0.1, 0.0, 1.0]
Correctness;1;Which state in this automaton has the highest number of transitions?;The automaton has 5 states: q0, q1, q2, q3 and q4.;['simbolo-q0', 'simbolo-q1', 'simbolo-q2', 'simbolo-q3', 'simbolo-q4'];[0.0, 0.3, 0.0, 0.2];0.0;6;False;{'user_input': 'Which state in this automaton has the highest number of transitions?', 'intent': 'fsa-practical', 'argument': 'state', 'dialogue_act': 'Ta:request', 'frame': {'stateWithMostTransitions': '?'}};[0.0, 0.3, 0.0, 0.2]
Correctness;1;before saying goodbye, i’d like to ask one last practical question about the automaton’s states: which state has the most transitions?;The automaton has 5 states: q0, q1, q2, q3 and q4.;['simbolo-q0', 'simbolo-q1', 'simbolo-q2', 'simbolo-q3', 'simbolo-q4'];[0.0, 0.2, 0.0, 0.8];0.0;7;False;{'user_input': 'before saying goodbye, i’d like to ask one last practical question about the automaton’s states: which state has the most transitions?', 'intent': 'fsa-practical', 'argument': 'state', 'dialogue_act': 'Ta:request', 'frame': {'stateWithMostTransitions': '?'}};[0.0, 0.2, 0.0, 0.8]
Correctness;1;which state in this automaton has the highest number of transitions?;The state q0 exists.;['simbolo-q0'];[0.0, 0.1, 0.0, 0.2];0.0;8;False;{'user_input': 'which state in this automaton has the highest number of transitions?', 'intent': 'fsa-practical', 'argument': 'state', 'dialogue_act': 'Ta:request', 'frame': {'states': '?'}};[0.0, 0.1, 0.0, 0.2]
Correctness;1;from which state does the transition labeled 1 start?;The automaton has 5 states: q0, q1, q2, q3 and q4.;['simbolo-q0', 'simbolo-q1', 'simbolo-q2', 'simbolo-q3', 'simbolo-q4'];[0.0, 0.2, 0.0, 0.3];0.0;9;False;{'user_input': 'from which state does the transition labeled 1 start?', 'intent': 'fsa-practical', 'argument': 'state', 'dialogue_act': 'Ta:request', 'frame': {'transitions': []}};[0.0, 0.2, 0.0, 0.3]
Correctness;1;Can you explain what a state is in this finite state automaton?;The state q0 exists.;['simbolo-q0'];[0.1, 0.2, 0.1, 0.8];0.1;10;False;{'user_input': 'Can you explain what a state is in this finite state automaton?', 'intent': 'fsa-practical', 'argument': 'state', 'dialogue_act': 'Ta:request', 'frame': {'states': '?'}};[0.1, 0.2, 0.1, 0.8]
Correctness;1;thank you for explaining the states of this automaton to me.;The automaton accepts zero or more words formed by a sequence of the type 11000. In total there are 5 states: q0, q1, q2, q3 and q4. q0 is both the initial and the final state. The transitions are: q0 with value 1 goes to q1, q1 with value 1 goes to q2, q2 with value 0 goes to q3, q3 with value 0 goes to q4, q4 with value 0 goes to q0.;[];[0.95, 0.9, 1.0, 1.0];0.9;10;False;{'user_input': 'thank you for explaining the states of this automaton to me.', 'intent': 'fsa-practical', 'argument': 'automaton', 'dialogue_act': 'Ta:request', 'frame': {'states': '?'}};[0.95, 0.9, 1.0, 1.0]
Correctness;2;What is the transition label from q1 to q2?;The transition between q1 and q2 is with value 1.;['simbolo-q1-q2'];[1.0, 1.0, 1.0, 1.0];1.0;0;False;{'user_input': 'What is the transition label from q1 to q2?', 'intent': 'fsa-practical', 'argument': 'transition', 'dialogue_act': 'Ta:request', 'frame': {'transitions': [['q1', 'q2', '?']]}};[1.0, 1.0, 1.0, 1.0]
Correctness;2;What is the label of the transition from q1 to q2?;The transition between q1 and q2 is with value 1.;['simbolo-q1-q2'];[1.0, 1.0, 1.0, 1.0];1.0;0;False;{'user_input': 'What is the label of the transition from q1 to q2?', 'intent': 'fsa-practical', 'argument': 'transition', 'dialogue_act': 'Ta:request', 'frame': {'transitions': [['q1', 'q2', '?']]}};[1.0, 1.0, 1.0, 1.0]
Correctness;2;I meant the transition from q1 to q2 is labeled with 1, not left unknown.;The transition between q1 and q2 is with value 1.;['simbolo-q1-q2'];[1.0, 1.0, 1.0, 0.9];1.0;0;False;{'user_input': 'I meant the transition from q1 to q2 is labeled with 1, not left unknown.', 'intent': 'fsa-practical', 'argument': 'transition', 'dialogue_act': 'Ta:request', 'frame': {'transitions': [['q1', 'q2', '1']]}};[1.0, 1.0, 1.0, 0.9]
Correctness;2;is there a this with input symbol 1 in this automaton?;The transition between q1 and q2 is with value 1.;['simbolo-q1-q2'];[0.9, 0.9, 0.9, 0.9];0.9;0;False;{'user_input': 'is there a this with input symbol 1 in this automaton?', 'intent': 'fsa-practical', 'argument': None, 'dialogue_act': 'Ta:request', 'frame': {'transitions': [['q1', 'q2', '?']]}, '_raw_frame': {'input': '1'}};[0.9, 0.9, 0.9, 0.9]
Correctness;2;what is the symbol on this in this pattern?;Could you be more specific?;[];[0.2, 0.3, 0.2, 1.0];0.2;1;False;{'user_input': 'what is the symbol on this in this pattern?', 'intent': 'fsa-practical', 'argument': 'pattern', 'dialogue_act': 'Ta:request', 'frame': {'transitions': [['q1', 'q2', '?']]}, '_raw_frame': {'patternType': '?'}};[0.2, 0.3, 0.2, 1.0]
Correctness;2;what is the label of this?;The automaton has 5 states: q0, q1, q2, q3 and q4.;['simbolo-q0', 'simbolo-q1', 'simbolo-q2', 'simbolo-q3', 'simbolo-q4'];[0.2, 0.4, 0.3, 0.9];0.2;2;False;{'user_input': 'what is the label of this?', 'intent': 'fsa-practical', 'argument': 'state', 'dialogue_act': 'Ta:request', 'frame': {'states': ['?'], 'transitions': [['q1', 'q2', '?']]}, '_raw_frame': {'states': '?'}};[0.2, 0.4, 0.3, 0.9]
Correctness;2;what is the optimal spatial representation of the states in this finite state automaton?;The automaton has 5 states: q0, q1, q2, q3 and q4.;['simbolo-q0', 'simbolo-q1', 'simbolo-q2', 'simbolo-q3', 'simbolo-q4'];[0.1, 0.2, 0.2, 0.9];0.2;3;False;{'user_input': 'what is the optimal spatial representation of the states in this finite state automaton?', 'intent': 'fsa-practical', 'argument': 'state', 'dialogue_act': 'Ta:request', 'frame': {'optimalSpatialRepresentation': '?'}};[0.1, 0.2, 0.2, 0.9]
Correctness;2;From which state does this transition start?;The initial state is q0.;['simbolo-q0'];[0.0, 0.2, 0.0, 0.2];0.0;4;False;{'user_input': 'From which state does this transition start?', 'intent': 'fsa-practical', 'argument': 'state', 'dialogue_act': 'Ta:request', 'frame': {'initialState': '?'}};[0.0, 0.2, 0.0, 0.2]
Correctness;2;from which state do we end up when the automaton processes the input string not 11100?;The final state is q0.;['simbolo-q0'];[1.0, 1.0, 1.0, 1.0];1.0;4;False;{'user_input': 'from which state do we end up when the automaton processes the input string not 11100?', 'intent': 'fsa-practical', 'argument': 'state', 'dialogue_act': 'Ta:request', 'frame': {'finalStates': '?'}};[1.0, 1.0, 1.0, 1.0]
Correctness;2;What is the initial state of this automaton?;The initial state is q0.;['simbolo-q0'];[1.0, 1.0, 1.0, 1.0];1.0;4;False;{'user_input': 'What is the initial state of this automaton?', 'intent': 'fsa-practical', 'argument': 'state', 'dialogue_act': 'Ta:request', 'frame': {'initialState': '?'}};[1.0, 1.0, 1.0, 1.0]
Correctness;2;what is the initial state of this finite state automaton?;The initial state is q0.;['simbolo-q0'];[1.0, 1.0, 1.0, 1.0];1.0;4;False;{'user_input': 'what is the initial state of this finite state automaton?', 'intent': 'fsa-practical', 'argument': 'state', 'dialogue_act': 'Ta:request', 'frame': {'initialState': '?'}};[1.0, 1.0, 1.0, 1.0]
Correctness;2;The initial state of this automaton is q0.;The initial state is q0.;['simbolo-q0'];[1.0, 1.0, 1.0, 1.0];1.0;4;False;{'user_input': 'The initial state of this automaton is q0.', 'intent': 'fsa-practical', 'argument': 'state', 'dialogue_act': 'Ta:request', 'frame': {'initialState': 'q0'}};[1.0, 1.0, 1.0, 1.0]
Correctness;2;what is the initial state of this finite state automaton?;The initial state is q0.;['simbolo-q0'];[1.0, 1.0, 1.0, 1.0];1.0;4;False;{'user_input': 'what is the initial state of this finite state automaton?', 'intent': 'fsa-practical', 'argument': 'state', 'dialogue_act': 'Ta:request', 'frame': {'initialState': '?'}};[1.0, 1.0, 1.0, 1.0]
Correctness;3;What strings of 0s and 1s does this automaton accept?;Could you be more specific?;[];[0.0, 0.1, 0.0, 1.0];0.0;1;False;{'user_input': 'What strings of 0s and 1s does this automaton accept?', 'intent': 'fsa-practical', 'argument': 'language', 'dialogue_act': 'Ta:request', 'frame': {'input': 'pattern'}};[0.0, 0.1, 0.0, 1.0]
Correctness;3;what is the language (set of strings) accepted by this automaton for the input pattern?;Could you be more specific?;[];[0.0, 0.1, 0.0, 1.0];0.0;2;False;{'user_input': 'what is the language (set of strings) accepted by this automaton for the input pattern?', 'intent': 'fsa-practical', 'argument': 'language', 'dialogue_act': 'Ta:request', 'frame': {'language': '?'}};[0.0, 0.1, 0.0, 1.0]
Correctness;3;what is the language accepted by this automaton?;Could you be more specific?;[];[0.0, 0.1, 0.0, 1.0];0.0;3;False;{'user_input': 'what is the language accepted by this automaton?', 'intent': 'fsa-practical', 'argument': 'language', 'dialogue_act': 'Ta:request', 'frame': {'input': '?'}};[0.0, 0.1, 0.0, 1.0]
Correctness;3;what is the language accepted by this finite state automaton for an input string?;Could you be more specific?;[];[0.0, 0.1, 0.0, 1.0];0.1;4;False;{'user_input': 'what is the language accepted by this finite state automaton for an input string?', 'intent': 'fsa-practical', 'argument': 'language', 'dialogue_act': 'Ta:request', 'frame': {'input': '?'}};[0.0, 0.1, 0.0, 1.0]
Correctness;3;What is the language accepted by this automaton for the input string?;Could you be more specific?;[];[0.0, 0.1, 0.0, 1.0];0.0;5;False;{'user_input': 'What is the language accepted by this automaton for the input string?', 'intent': 'fsa-practical', 'argument': 'language', 'dialogue_act': 'Ta:propositionalQuestion', 'frame': {'input': '?'}};[0.0, 0.1, 0.0, 1.0]
Correctness;3;What is the language recognized by this finite state automaton for any possible input string?;Could you be more specific?;[];[0.0, 0.1, 0.0, 1.0];0.0;6;False;{'user_input': 'What is the language recognized by this finite state automaton for any possible input string?', 'intent': 'fsa-practical', 'argument': 'language', 'dialogue_act': 'Ta:request', 'frame': {'input': '?'}};[0.0, 0.1, 0.0, 1.0]
Correctness;3;Hi, could you please tell me what is the language accepted by this finite state automaton for an input string?;Could you be more specific?;[];[0.0, 0.1, 0.0, 1.0];0.1;7;False;{'user_input': 'Hi, could you please tell me what is the language accepted by this finite state automaton for an input string?', 'intent': 'fsa-practical', 'argument': 'language', 'dialogue_act': 'Ta:request', 'frame': {'input': '?'}};[0.0, 0.1, 0.0, 1.0]
Correctness;3;What is the language accepted by this automaton for the input string?;Could you be more specific?;[];[0.1, 0.2, 0.1, 1.0];0.1;8;False;{'user_input': 'What is the language accepted by this automaton for the input string?', 'intent': 'fsa-practical', 'argument': 'language', 'dialogue_act': 'Ta:request', 'frame': {'input': '?'}};[0.1, 0.2, 0.1, 1.0]
Correctness;3;hello! for this finite state automaton, could you show me what happens on the input string?;The automaton accepts zero or more words formed by a sequence of the type 11000. In total there are 5 states: q0, q1, q2, q3 and q4. q0 is both the initial and the final state. The transitions are: q0 with value 1 goes to q1, q1 with value 1 goes to q2, q2 with value 0 goes to q3, q3 with value 0 goes to q4, q4 with value 0 goes to q0.;[];[0.4, 0.6, 0.5, 1.0];0.4;8;False;{'user_input': 'hello! for this finite state automaton, could you show me what happens on the input string?', 'intent': 'fsa-practical', 'argument': 'automaton', 'dialogue_act': 'Ta:request', 'frame': {'input': 'hello'}};[0.4, 0.6, 0.5, 1.0]
Correctness;3;what is the language accepted by this automaton for the input string?;Could you be more specific?;[];[0.0, 0.1, 0.0, 1.0];0.1;9;False;{'user_input': 'what is the language accepted by this automaton for the input string?', 'intent': 'fsa-practical', 'argument': 'language', 'dialogue_act': 'Ta:propositionalQuestion', 'frame': {'input': '?'}};[0.0, 0.1, 0.0, 1.0]
Correctness;3;what is the language accepted by this automaton for the input string?;Could you be more specific?;[];[0.0, 0.1, 0.0, 1.0];0.0;10;False;{'user_input': 'what is the language accepted by this automaton for the input string?', 'intent': 'fsa-practical', 'argument': 'language', 'dialogue_act': 'Ta:request', 'frame': {'input': '?'}};[0.0, 0.1, 0.0, 1.0]
Correctness;3;What type of language does this deterministic finite state automaton recognize?;Could you be more specific?;[];[0.0, 0.1, 0.0, 1.0];0.0;11;False;{'user_input': 'What type of language does this deterministic finite state automaton recognize?', 'intent': 'fsa-practical', 'argument': 'language', 'dialogue_act': 'Ta:request', 'frame': {'input': 'type'}};[0.0, 0.1, 0.0, 1.0]
Correctness;3;what is the language recognized by the automaton starting from this?;Could you be more specific?;[];[0.1, 0.2, 0.1, 1.0];0.1;12;False;{'user_input': 'what is the language recognized by the automaton starting from this?', 'intent': 'fsa-practical', 'argument': 'language', 'dialogue_act': 'Ta:request', 'frame': {'states': ['q2']}, '_raw_frame': {'input': '?'}};[0.1, 0.2, 0.1, 1.0]
Correctness;3;what is the optimal spatial representation of the language recognized by this finite state automaton?;Could you be more specific?;[];[0.1, 0.1, 0.1, 1.0];0.1;13;False;{'user_input': 'what is the optimal spatial representation of the language recognized by this finite state automaton?', 'intent': 'fsa-practical', 'argument': 'pattern', 'dialogue_act': 'Ta:request', 'frame': {'optimalSpatialRepresentation': '?'}};[0.1, 0.1, 0.1, 1.0]
Correctness;3;what is the optimal spatial representation of the language recognized by this finite state automaton?;Could you be more specific?;[];[0.1, 0.1, 0.1, 1.0];0.1;14;False;{'user_input': 'what is the optimal spatial representation of the language recognized by this finite state automaton?', 'intent': 'fsa-practical', 'argument': 'pattern', 'dialogue_act': 'Ta:request', 'frame': {'optimalSpatialRepresentation': '?'}};[0.1, 0.1, 0.1, 1.0]
Correctness;4;Is this automaton deterministic or non-deterministic?;The automaton accepts zero or more words formed by a sequence of the type 11000. In total there are 5 states: q0, q1, q2, q3 and q4. q0 is both the initial and the final state. The transitions are: q0 with value 1 goes to q1, q1 with value 1 goes to q2, q2 with value 0 goes to q3, q3 with value 0 goes to q4, q4 with value 0 goes to q0.;[];[0.1, 0.2, 0.2, 1.0];0.0;1;False;{'user_input': 'Is this automaton deterministic or non-deterministic?', 'intent': 'fsa-practical', 'argument': 'automaton', 'dialogue_act': 'Ta:request', 'frame': {'input': 'automatonType'}};[0.1, 0.2, 0.2, 1.0]
Correctness;4;What type of automaton is this?;The automaton accepts zero or more words formed by a sequence of the type 11000. In total there are 5 states: q0, q1, q2, q3 and q4. q0 is both the initial and the final state. The transitions are: q0 with value 1 goes to q1, q1 with value 1 goes to q2, q2 with value 0 goes to q3, q3 with value 0 goes to q4, q4 with value 0 goes to q0.;[];[0.2, 0.6, 0.3, 1.0];0.3;2;False;{'user_input': 'What type of automaton is this?', 'intent': 'fsa-practical', 'argument': 'automaton', 'dialogue_act': 'Ta:request', 'frame': {}};[0.2, 0.6, 0.3, 1.0]
Correctness;4;what type of automaton is this?;The automaton accepts zero or more words formed by a sequence of the type 11000. In total there are 5 states: q0, q1, q2, q3 and q4. q0 is both the initial and the final state. The transitions are: q0 with value 1 goes to q1, q1 with value 1 goes to q2, q2 with value 0 goes to q3, q3 with value 0 goes to q4, q4 with value 0 goes to q0.;[];[0.2, 0.6, 0.3, 1.0];0.3;3;False;{'user_input': 'what type of automaton is this?', 'intent': 'fsa-practical', 'argument': 'automaton', 'dialogue_act': 'Ta:request', 'frame': {'type': 'automatonType'}};[0.2, 0.6, 0.3, 1.0]
Correctness;4;What type of language does this automaton recognize, and is it a non-regular language?;Could you be more specific?;[];[0.0, 0.1, 0.0, 1.0];0.0;4;False;{'user_input': 'What type of language does this automaton recognize, and is it a non-regular language?', 'intent': 'fsa-practical', 'argument': 'language', 'dialogue_act': 'Ta:request', 'frame': {'input': '?'}};[0.0, 0.1, 0.0, 1.0]
Correctness;4;i meant to say: could you suggest what is the language accepted by this automaton for a given input?;The automaton accepts zero or more words formed by a sequence of the type 11000. In total there are 5 states: q0, q1, q2, q3 and q4. q0 is both the initial and the final state. The transitions are: q0 with value 1 goes to q1, q1 with value 1 goes to q2, q2 with value 0 goes to q3, q3 with value 0 goes to q4, q4 with value 0 goes to q0.;[];[0.9, 0.95, 1.0, 1.0];1.0;4;False;{'user_input': 'i meant to say: could you suggest what is the language accepted by this automaton for a given input?', 'intent': 'fsa-practical', 'argument': 'automaton', 'dialogue_act': 'Ta:request', 'frame': {'language': '?'}};[0.9, 0.95, 1.0, 1.0]
Correctness;4;let me correct myself: what is the language accepted by this automaton for the input string?;Could you be more specific?;[];[0.2, 0.3, 0.2, 1.0];0.1;5;False;{'user_input': 'let me correct myself: what is the language accepted by this automaton for the input string?', 'intent': 'fsa-practical', 'argument': 'language', 'dialogue_act': 'Ta:request', 'frame': {'input': '?'}};[0.2, 0.3, 0.2, 1.0]
Correctness;4;what is the state reached by the automaton for the input string ?;The automaton has 5 states: q0, q1, q2, q3 and q4.;['simbolo-q0', 'simbolo-q1', 'simbolo-q2', 'simbolo-q3', 'simbolo-q4'];[0.1, 0.3, 0.2, 0.2];0.2;6;False;{'user_input': 'what is the state reached by the automaton for the input string ?', 'intent': 'fsa-practical', 'argument': 'state', 'dialogue_act': 'Ta:request', 'frame': {'input': '?'}};[0.1, 0.3, 0.2, 0.2]
Correctness;4;What are the transitions of this automaton for an input string like 11000?;the transition is not defined.;[];[0.0, 0.1, 0.0, 1.0];0.0;7;False;{'user_input': 'What are the transitions of this automaton for an input string like 11000?', 'intent': 'fsa-practical', 'argument': 'transition', 'dialogue_act': 'Ta:request', 'frame': {'transitions': [['q', 'q', '?']]}};[0.0, 0.1, 0.0, 1.0]
Correctness;4;Before I say goodbye, could you please tell me the transition from q to q with which input symbol?;The automaton has 5 transitions: q0 with value 1 goes to q1, q1 with value 1 goes to q2, q2 with value 0 goes to q3, q3 with value 0 goes to q4, q4 with value 0 goes to q0.;['simbolo-q0-q1', 'simbolo-q1-q2', 'simbolo-q2-q3', 'simbolo-q3-q4', 'simbolo-q4-q0'];[1.0, 0.95, 1.0, 1.0];1.0;7;False;{'user_input': 'Before I say goodbye, could you please tell me the transition from q to q with which input symbol?', 'intent': 'fsa-practical', 'argument': 'transition', 'dialogue_act': 'Ta:request', 'frame': {'transitions': []}};[1.0, 0.95, 1.0, 1.0]
Correctness;4;What is the language recognized by the automaton given that one of its transitions is from state q to state q with an unknown input symbol?;Could you be more specific?;[];[0.1, 0.2, 0.1, 1.0];0.1;8;False;{'user_input': 'What is the language recognized by the automaton given that one of its transitions is from state q to state q with an unknown input symbol?', 'intent': 'fsa-practical', 'argument': 'language', 'dialogue_act': 'Ta:request', 'frame': {'input': '?'}};[0.1, 0.2, 0.1, 1.0]
Correctness;4;what are the transitions between the states of this automaton?;The automaton has 5 transitions: q0 with value 1 goes to q1, q1 with value 1 goes to q2, q2 with value 0 goes to q3, q3 with value 0 goes to q4, q4 with value 0 goes to q0.;['simbolo-q0-q1', 'simbolo-q1-q2', 'simbolo-q2-q3', 'simbolo-q3-q4', 'simbolo-q4-q0'];[1.0, 1.0, 1.0, 1.0];1.0;8;False;{'user_input': 'what are the transitions between the states of this automaton?', 'intent': 'fsa-practical', 'argument': 'transition', 'dialogue_act': 'Ta:request', 'frame': {'transitions': []}};[1.0, 1.0, 1.0, 1.0]
Correctness;4;What is the language accepted by the automaton for the transition from state q to state q with an unknown input symbol?;Could you be more specific?;[];[0.2, 0.3, 0.2, 1.0];0.1;9;False;{'user_input': 'What is the language accepted by the automaton for the transition from state q to state q with an unknown input symbol?', 'intent': 'fsa-practical', 'argument': 'language', 'dialogue_act': 'Ta:request', 'frame': {'transitions': [['q', 'q', '?']]}};[0.2, 0.3, 0.2, 1.0]
Correctness;4;does this automaton contain this with input 0?;Could you be more specific?;[];[0.2, 0.3, 0.2, 1.0];0.2;10;False;{'user_input': 'does this automaton contain this with input 0?', 'intent': 'fsa-practical', 'argument': 'language', 'dialogue_act': 'Ta:request', 'frame': {'transitions': [['q2', 'q3', '?']]}, '_raw_frame': {'input': '0'}};[0.2, 0.3, 0.2, 1.0]
Correctness;5;Why is q0 both an initial state and a final state in this automaton?;The final state is q0.;['simbolo-q0'];[0.1, 0.2, 0.1, 0.8];0.1;1;False;{'user_input': 'Why is q0 both an initial state and a final state in this automaton?', 'intent': 'fsa-practical', 'argument': 'state', 'dialogue_act': 'Ta:request', 'frame': {'initialStates': 'q0', 'finalStates': 'q0'}};[0.1, 0.2, 0.1, 0.8]
Correctness;5;which state is both the initial and the final state of this automaton, given that q0 is the initial state and q0 is also the final state?;The initial state is q0.;['simbolo-q0'];[1.0, 1.0, 1.0, 1.0];1.0;1;False;{'user_input': 'which state is both the initial and the final state of this automaton, given that q0 is the initial state and q0 is also the final state?', 'intent': 'fsa-practical', 'argument': 'state', 'dialogue_act': 'Ta:request', 'frame': {'initialState': 'q0', 'finalStates': ['q0']}};[1.0, 1.0, 1.0, 1.0]
Correctness;5;what is the alphabet of the automaton’s states in this finite state machine, considering that it processes the symbols “1” and “0”?;Could you be more specific?;[];[0.0, 0.1, 0.0, 1.0];0.0;2;False;{'user_input': 'what is the alphabet of the automaton’s states in this finite state machine, considering that it processes the symbols “1” and “0”?', 'intent': 'fsa-practical', 'argument': 'alphabet', 'dialogue_act': 'Ta:request', 'frame': {'alphabet': '1'}};[0.0, 0.1, 0.0, 1.0]
Correctness;5;On which transition of the automaton is the input symbol 1 used?;The automaton has 5 transitions: q0 with value 1 goes to q1, q1 with value 1 goes to q2, q2 with value 0 goes to q3, q3 with value 0 goes to q4, q4 with value 0 goes to q0.;['simbolo-q0-q1', 'simbolo-q1-q2', 'simbolo-q2-q3', 'simbolo-q3-q4', 'simbolo-q4-q0'];[0.4, 0.5, 0.5, 0.2];0.5;2;False;{'user_input': 'On which transition of the automaton is the input symbol 1 used?', 'intent': 'fsa-practical', 'argument': 'transition', 'dialogue_act': 'Ta:request', 'frame': {'transitions': []}};[0.4, 0.5, 0.5, 0.2]
Correctness;5;what is the alphabet of this automaton if it only includes the symbol 1?;Could you be more specific?;[];[0.0, 0.1, 0.0, 1.0];0.0;3;False;{'user_input': 'what is the alphabet of this automaton if it only includes the symbol 1?', 'intent': 'fsa-practical', 'argument': 'alphabet', 'dialogue_act': 'Ta:request', 'frame': {'alphabet': ['1']}};[0.0, 0.1, 0.0, 1.0]
Correctness;5;What is the alphabet of this automaton if I know that it only contains the symbol 1?;Could you be more specific?;[];[0.0, 0.1, 0.0, 1.0];0.0;4;False;{'user_input': 'What is the alphabet of this automaton if I know that it only contains the symbol 1?', 'intent': 'fsa-practical', 'argument': 'alphabet', 'dialogue_act': 'Ta:request', 'frame': {'alphabet': '1'}};[0.0, 0.1, 0.0, 1.0]
Correctness;5;what is the alphabet of this automaton?;Could you be more specific?;[];[0.0, 0.1, 0.0, 1.0];0.0;5;False;{'user_input': 'what is the alphabet of this automaton?', 'intent': 'fsa-practical', 'argument': 'alphabet', 'dialogue_act': 'Ta:request', 'frame': {'alphabet': '?'}};[0.0, 0.1, 0.0, 1.0]
Correctness;5;What is the alphabet of this automaton?;Could you be more specific?;[];[0.0, 0.1, 0.0, 1.0];0.0;6;False;{'user_input': 'What is the alphabet of this automaton?', 'intent': 'fsa-practical', 'argument': 'alphabet', 'dialogue_act': 'Ta:request', 'frame': {'alphabet': '?'}};[0.0, 0.1, 0.0, 1.0]
Correctness;5;before i go, could you tell me what the alphabet of this automaton is?;Could you be more specific?;[];[0.0, 0.1, 0.0, 1.0];0.0;7;False;{'user_input': 'before i go, could you tell me what the alphabet of this automaton is?', 'intent': 'fsa-practical', 'argument': 'alphabet', 'dialogue_act': 'Ta:propositionalQuestion', 'frame': {'alphabet': '?'}};[0.0, 0.1, 0.0, 1.0]
Correctness;5;the alphabet of this automaton is what?;Could you be more specific?;[];[0.0, 0.1, 0.0, 1.0];0.0;8;False;{'user_input': 'the alphabet of this automaton is what?', 'intent': 'fsa-practical', 'argument': 'alphabet', 'dialogue_act': 'Ta:request', 'frame': {'alphabet': '?'}};[0.0, 0.1, 0.0, 1.0]
Correctness;5;what is the alphabet of this regular language?;Could you be more specific?;[];[0.0, 0.1, 0.0, 1.0];0.0;9;False;{'user_input': 'what is the alphabet of this regular language?', 'intent': 'fsa-practical', 'argument': 'alphabet', 'dialogue_act': 'Ta:request', 'frame': {'alphabet': '?'}};[0.0, 0.1, 0.0, 1.0]
Correctness;5;The automaton shown has 7 transitions, right?;The automaton has 5 transitions: q0 with value 1 goes to q1, q1 with value 1 goes to q2, q2 with value 0 goes to q3, q3 with value 0 goes to q4, q4 with value 0 goes to q0.;['simbolo-q0-q1', 'simbolo-q1-q2', 'simbolo-q2-q3', 'simbolo-q3-q4', 'simbolo-q4-q0'];[1.0, 1.0, 1.0, 1.0];1.0;9;False;{'user_input': 'The automaton shown has 7 transitions, right?', 'intent': 'fsa-practical', 'argument': 'transition', 'dialogue_act': 'Ta:request', 'frame': {'numberOfTransitions': '7'}};[1.0, 1.0, 1.0, 1.0]
Correctness;5;What is the alphabet of an automaton with only 2 states?;Could you be more specific?;[];[0.1, 0.2, 0.1, 1.0];0.1;10;False;{'user_input': 'What is the alphabet of an automaton with only 2 states?', 'intent': 'fsa-practical', 'argument': 'alphabet', 'dialogue_act': 'Ta:request', 'frame': {'alphabet': '?'}};[0.1, 0.2, 0.1, 1.0]
Correctness;5;What is the alphabet of this automaton?;Could you be more specific?;[];[0.0, 0.1, 0.0, 1.0];0.0;11;False;{'user_input': 'What is the alphabet of this automaton?', 'intent': 'fsa-practical', 'argument': 'alphabet', 'dialogue_act': 'Ta:propositionalQuestion', 'frame': {'alphabet': '?'}};[0.0, 0.1, 0.0, 1.0]
Correctness;5;What is the alphabet of this finite state automaton?;Could you be more specific?;[];[0.0, 0.1, 0.0, 1.0];0.0;12;False;{'user_input': 'What is the alphabet of this finite state automaton?', 'intent': 'fsa-practical', 'argument': 'alphabet', 'dialogue_act': 'Ta:request', 'frame': {'alphabet': '?'}};[0.0, 0.1, 0.0, 1.0]
VisualRelevancy;1;Is there any transition leaving state q2 other than the one shown in the image?;the transition is not defined.;[];[0.2, 0.8, 0.2, 1.0];1.0;0;False;{'user_input': 'Is there any transition leaving state q2 other than the one shown in the image?', 'intent': 'fsa-practical', 'argument': 'transition', 'dialogue_act': 'Ta:propositionalQuestion', 'frame': {'transitions': [['q2', '?', '?']]}};[0.2, 0.8, 0.2, 1.0]
VisualRelevancy;1;hi, could you please tell me what the transition starting from this is, including its input symbol and destination state?;There is no transition between q2 and q0.;[];[0.0, 0.1, 0.0, 1.0];0.9;0;False;{'user_input': 'hi, could you please tell me what the transition starting from this is, including its input symbol and destination state?', 'intent': 'fsa-practical', 'argument': 'transition', 'dialogue_act': 'Ta:request', 'frame': {'states': ['q2']}, '_raw_frame': {'transitions': []}};[0.0, 0.1, 0.0, 1.0]
VisualRelevancy;1;What are the transitions that start from state q3?;the transition is not defined.;[];[0.0, 0.2, 0.0, 0.9];1.0;0;False;{'user_input': 'What are the transitions that start from state q3?', 'intent': 'fsa-practical', 'argument': 'transition', 'dialogue_act': 'Ta:request', 'frame': {'transitions': [['?', 'q3', '?']]}};[0.0, 0.2, 0.0, 0.9]
VisualRelevancy;1;there are 2 transitions leaving this in this automaton.;There is no transition between q0 and q0.;[];[0.0, 0.1, 0.0, 1.0];1.0;0;False;{'user_input': 'there are 2 transitions leaving this in this automaton.', 'intent': 'fsa-practical', 'argument': 'transition', 'dialogue_act': 'Ta:request', 'frame': {'states': ['q0']}, '_raw_frame': {}};[0.0, 0.1, 0.0, 1.0]
VisualRelevancy;1;What are the transitions that involve state q2 in this automaton?;The automaton has 5 transitions: q0 with value 1 goes to q1, q1 with value 1 goes to q2, q2 with value 0 goes to q3, q3 with value 0 goes to q4, q4 with value 0 goes to q0.;['simbolo-q0-q1', 'simbolo-q1-q2', 'simbolo-q2-q3', 'simbolo-q3-q4', 'simbolo-q4-q0'];[0.4, 0.5, 0.5, 0.5];0.5;0;False;{'user_input': 'What are the transitions that involve state q2 in this automaton?', 'intent': 'fsa-practical', 'argument': 'transition', 'dialogue_act': 'Ta:request', 'frame': {'transitions': []}};[0.4, 0.5, 0.5, 0.5]
VisualRelevancy;1;can you list all the transitions of this deterministic automaton shown on the tablet?;The automaton has 5 transitions: q0 with value 1 goes to q1, q1 with value 1 goes to q2, q2 with value 0 goes to q3, q3 with value 0 goes to q4, q4 with value 0 goes to q0.;['simbolo-q0-q1', 'simbolo-q1-q2', 'simbolo-q2-q3', 'simbolo-q3-q4', 'simbolo-q4-q0'];[1.0, 1.0, 1.0, 1.0];1.0;0;False;{'user_input': 'can you list all the transitions of this deterministic automaton shown on the tablet?', 'intent': 'fsa-practical', 'argument': 'transition', 'dialogue_act': 'Ta:request', 'frame': {'transitions': []}};[1.0, 1.0, 1.0, 1.0]
VisualRelevancy;1;What is the alphabet of this finite state automaton?;Could you be more specific?;[];[0.0, 0.1, 0.0, 1.0];1.0;0;False;{'user_input': 'What is the alphabet of this finite state automaton?', 'intent': 'fsa-practical', 'argument': 'alphabet', 'dialogue_act': 'Ta:request', 'frame': {'alphabet': '?'}};[0.0, 0.1, 0.0, 1.0]
VisualRelevancy;1;"actually, the transition from q2 is labeled 0, going to q3, not 1 as i first thought; can we correct that transition in the automaton?";The transition between q2 and q3 is with value 0.;['simbolo-q2-q3'];[0.95, 0.95, 1.0, 0.9];0.95;0;False;"{'user_input': 'actually, the transition from q2 is labeled 0, going to q3, not 1 as i first thought; can we correct that transition in the automaton?', 'intent': 'fsa-practical', 'argument': 'transition', 'dialogue_act': 'Ta:request', 'frame': {'transitions': [['q2', 'q3', '0']]}}";[0.95, 0.95, 1.0, 0.9]
VisualRelevancy;1;What is the alphabet of this finite state automaton?;Could you be more specific?;[];[0.0, 0.1, 0.0, 1.0];1.0;0;False;{'user_input': 'What is the alphabet of this finite state automaton?', 'intent': 'fsa-practical', 'argument': 'alphabet', 'dialogue_act': 'Ta:request', 'frame': {'alphabet': '?'}};[0.0, 0.1, 0.0, 1.0]
VisualRelevancy;1;What is the pattern type of the transitions in this automaton?;Could you be more specific?;[];[0.0, 0.1, 0.0, 1.0];1.0;0;False;{'user_input': 'What is the pattern type of the transitions in this automaton?', 'intent': 'fsa-practical', 'argument': 'pattern', 'dialogue_act': 'Ta:request', 'frame': {'patternType': '?'}};[0.0, 0.1, 0.0, 1.0]
VisualRelevancy;2;What is the exact transition label on the arrow from q1 to q2?;The transition between q1 and q2 is with value 1.;['simbolo-q1-q2'];[1.0, 1.0, 1.0, 1.0];1.0;0;False;{'user_input': 'What is the exact transition label on the arrow from q1 to q2?', 'intent': 'fsa-practical', 'argument': 'transition', 'dialogue_act': 'Ta:request', 'frame': {'transitions': [['q1', 'q2', '?']]}};[1.0, 1.0, 1.0, 1.0]
VisualRelevancy;2;"the automaton shown has 7 transitions; can you confirm this number of transitions for me?";The automaton has 5 transitions: q0 with value 1 goes to q1, q1 with value 1 goes to q2, q2 with value 0 goes to q3, q3 with value 0 goes to q4, q4 with value 0 goes to q0.;['simbolo-q0-q1', 'simbolo-q1-q2', 'simbolo-q2-q3', 'simbolo-q3-q4', 'simbolo-q4-q0'];[0.0, 0.9, 0.0, 0.9];1.0;0;False;"{'user_input': 'the automaton shown has 7 transitions; can you confirm this number of transitions for me?', 'intent': 'fsa-practical', 'argument': 'transition', 'dialogue_act': 'Ta:propositionalQuestion', 'frame': {'numberOfTransitions': '7'}}";[0.0, 0.9, 0.0, 0.9]
VisualRelevancy;2;i’m logging out now: the automaton i described has exactly 7 transitions.;The automaton has 5 transitions: q0 with value 1 goes to q1, q1 with value 1 goes to q2, q2 with value 0 goes to q3, q3 with value 0 goes to q4, q4 with value 0 goes to q0.;['simbolo-q0-q1', 'simbolo-q1-q2', 'simbolo-q2-q3', 'simbolo-q3-q4', 'simbolo-q4-q0'];[1.0, 1.0, 1.0, 1.0];1.0;0;False;{'user_input': 'i’m logging out now: the automaton i described has exactly 7 transitions.', 'intent': 'fsa-practical', 'argument': 'transition', 'dialogue_act': 'Ta:propositionalQuestion', 'frame': {'numberOfTransitions': '7'}};[1.0, 1.0, 1.0, 1.0]
VisualRelevancy;2;there are 7 transitions in this automaton.;The automaton has 5 transitions: q0 with value 1 goes to q1, q1 with value 1 goes to q2, q2 with value 0 goes to q3, q3 with value 0 goes to q4, q4 with value 0 goes to q0.;['simbolo-q0-q1', 'simbolo-q1-q2', 'simbolo-q2-q3', 'simbolo-q3-q4', 'simbolo-q4-q0'];[0.0, 0.9, 0.0, 1.0];1.0;0;False;{'user_input': 'there are 7 transitions in this automaton.', 'intent': 'fsa-practical', 'argument': 'transition', 'dialogue_act': 'Ta:request', 'frame': {'numberOfTransitions': '7'}};[0.0, 0.9, 0.0, 1.0]
VisualRelevancy;2;which transitions in this automaton are labeled with symbols from the alphabet {2,4}?;The automaton has 5 transitions: q0 with value 1 goes to q1, q1 with value 1 goes to q2, q2 with value 0 goes to q3, q3 with value 0 goes to q4, q4 with value 0 goes to q0.;['simbolo-q0-q1', 'simbolo-q1-q2', 'simbolo-q2-q3', 'simbolo-q3-q4', 'simbolo-q4-q0'];[0.0, 0.2, 0.0, 0.2];0.4;0;False;{'user_input': 'which transitions in this automaton are labeled with symbols from the alphabet {2,4}?', 'intent': 'fsa-practical', 'argument': 'transition', 'dialogue_act': 'Ta:request', 'frame': {'alphabet': ['2', '4']}};[0.0, 0.2, 0.0, 0.2]
VisualRelevancy;2;Can you show me the transitions that use the alphabet symbols 2 and 4?;The automaton has 5 transitions: q0 with value 1 goes to q1, q1 with value 1 goes to q2, q2 with value 0 goes to q3, q3 with value 0 goes to q4, q4 with value 0 goes to q0.;['simbolo-q0-q1', 'simbolo-q1-q2', 'simbolo-q2-q3', 'simbolo-q3-q4', 'simbolo-q4-q0'];[0.1, 0.2, 0.1, 0.1];0.0;1;False;{'user_input': 'Can you show me the transitions that use the alphabet symbols 2 and 4?', 'intent': 'fsa-practical', 'argument': 'transition', 'dialogue_act': 'Ta:request', 'frame': {'transitions': []}};[0.1, 0.2, 0.1, 0.1]
VisualRelevancy;2;What type of pattern do the transitions of this automaton follow?;Could you be more specific?;[];[0.1, 0.2, 0.1, 1.0];1.0;1;False;{'user_input': 'What type of pattern do the transitions of this automaton follow?', 'intent': 'fsa-practical', 'argument': 'pattern', 'dialogue_act': 'Ta:request', 'frame': {'patternType': '?'}};[0.1, 0.2, 0.1, 1.0]
VisualRelevancy;2;the final states of this automaton are q1 and q2.;The final state is q0.;['simbolo-q0'];[0.0, 1.0, 0.0, 1.0];1.0;1;False;{'user_input': 'the final states of this automaton are q1 and q2.', 'intent': 'fsa-practical', 'argument': 'state', 'dialogue_act': 'Ta:request', 'frame': {'finalStates': 'q1'}};[0.0, 1.0, 0.0, 1.0]
VisualRelevancy;2;can you describe all the transitions of this finite state automaton?;The automaton has 5 transitions: q0 with value 1 goes to q1, q1 with value 1 goes to q2, q2 with value 0 goes to q3, q3 with value 0 goes to q4, q4 with value 0 goes to q0.;['simbolo-q0-q1', 'simbolo-q1-q2', 'simbolo-q2-q3', 'simbolo-q3-q4', 'simbolo-q4-q0'];[1.0, 1.0, 1.0, 1.0];1.0;1;False;{'user_input': 'can you describe all the transitions of this finite state automaton?', 'intent': 'fsa-practical', 'argument': 'transition', 'dialogue_act': 'Ta:request', 'frame': {}};[1.0, 1.0, 1.0, 1.0]
VisualRelevancy;2;Can you list all the transitions of this automaton?;The automaton has 5 transitions: q0 with value 1 goes to q1, q1 with value 1 goes to q2, q2 with value 0 goes to q3, q3 with value 0 goes to q4, q4 with value 0 goes to q0.;['simbolo-q0-q1', 'simbolo-q1-q2', 'simbolo-q2-q3', 'simbolo-q3-q4', 'simbolo-q4-q0'];[1.0, 1.0, 1.0, 1.0];1.0;1;False;{'user_input': 'Can you list all the transitions of this automaton?', 'intent': 'fsa-practical', 'argument': 'transition', 'dialogue_act': 'Ta:request', 'frame': {}};[1.0, 1.0, 1.0, 1.0]
VisualRelevancy;2;can you list all the transitions of this automaton?;The automaton has 5 transitions: q0 with value 1 goes to q1, q1 with value 1 goes to q2, q2 with value 0 goes to q3, q3 with value 0 goes to q4, q4 with value 0 goes to q0.;['simbolo-q0-q1', 'simbolo-q1-q2', 'simbolo-q2-q3', 'simbolo-q3-q4', 'simbolo-q4-q0'];[1.0, 1.0, 1.0, 1.0];1.0;1;False;{'user_input': 'can you list all the transitions of this automaton?', 'intent': 'fsa-practical', 'argument': 'transition', 'dialogue_act': 'Ta:request', 'frame': {}};[1.0, 1.0, 1.0, 1.0]
VisualRelevancy;3;Can this automaton accept the empty string without reading any input?;Could you be more specific?;[];[0.0, 0.1, 0.0, 1.0];1.0;0;False;{'user_input': 'Can this automaton accept the empty string without reading any input?', 'intent': 'fsa-practical', 'argument': 'language', 'dialogue_act': 'Ta:propositionalQuestion', 'frame': {'input': ''}};[0.0, 0.1, 0.0, 1.0]
VisualRelevancy;3;Given the automaton shown, what is the resulting transition sequence when the input is 11000?;The automaton has 5 transitions: q0 with value 1 goes to q1, q1 with value 1 goes to q2, q2 with value 0 goes to q3, q3 with value 0 goes to q4, q4 with value 0 goes to q0.;['simbolo-q0-q1', 'simbolo-q1-q2', 'simbolo-q2-q3', 'simbolo-q3-q4', 'simbolo-q4-q0'];[1.0, 1.0, 1.0, 1.0];1.0;0;False;{'user_input': 'Given the automaton shown, what is the resulting transition sequence when the input is 11000?', 'intent': 'fsa-practical', 'argument': 'transition', 'dialogue_act': 'Ta:request', 'frame': {'input': '11000'}};[1.0, 1.0, 1.0, 1.0]
VisualRelevancy;3;For the automaton shown, can you run the input 11000 on it and tell me what happens?;The automaton has 5 states: q0, q1, q2, q3 and q4.;['simbolo-q0', 'simbolo-q1', 'simbolo-q2', 'simbolo-q3', 'simbolo-q4'];[0.1, 0.2, 0.1, 0.3];0.2;1;False;{'user_input': 'For the automaton shown, can you run the input 11000 on it and tell me what happens?', 'intent': 'fsa-practical', 'argument': 'state', 'dialogue_act': 'Ta:request', 'frame': {'input': '11000'}};[0.1, 0.2, 0.1, 0.3]
VisualRelevancy;3;For the automaton shown, can you run it on the input 11000 over its alphabet and tell me what happens?;The automaton accepts zero or more words formed by a sequence of the type 11000. In total there are 5 states: q0, q1, q2, q3 and q4. q0 is both the initial and the final state. The transitions are: q0 with value 1 goes to q1, q1 with value 1 goes to q2, q2 with value 0 goes to q3, q3 with value 0 goes to q4, q4 with value 0 goes to q0.;[];[0.4, 0.7, 0.5, 1.0];1.0;1;False;{'user_input': 'For the automaton shown, can you run it on the input 11000 over its alphabet and tell me what happens?', 'intent': 'fsa-practical', 'argument': 'automaton', 'dialogue_act': 'Ta:propositionalQuestion', 'frame': {'alphabet': ['0', '1'], 'input': '11000'}};[0.4, 0.7, 0.5, 1.0]
VisualRelevancy;3;i’m saying goodbye now, but before i go, could you please run this automaton on the input 11000 starting from its current state?;The automaton accepts zero or more words formed by a sequence of the type 11000. In total there are 5 states: q0, q1, q2, q3 and q4. q0 is both the initial and the final state. The transitions are: q0 with value 1 goes to q1, q1 with value 1 goes to q2, q2 with value 0 goes to q3, q3 with value 0 goes to q4, q4 with value 0 goes to q0.;[];[0.2, 0.4, 0.3, 0.9];1.0;1;False;{'user_input': 'i’m saying goodbye now, but before i go, could you please run this automaton on the input 11000 starting from its current state?', 'intent': 'fsa-practical', 'argument': None, 'dialogue_act': 'Ta:request', 'frame': {}};[0.2, 0.4, 0.3, 0.9]
VisualRelevancy;3;in this finite state automaton that recognizes a regular language, what is this?;Could you be more specific?;[];[0.1, 0.1, 0.1, 1.0];1.0;1;False;{'user_input': 'in this finite state automaton that recognizes a regular language, what is this?', 'intent': 'fsa-practical', 'argument': 'language', 'dialogue_act': 'Ta:request', 'frame': {'states': ['q2']}, '_raw_frame': {'automatonType': 'finiteStateAutomaton'}};[0.1, 0.1, 0.1, 1.0]
VisualRelevancy;3;For the automaton shown, can you process the input string 11000 and tell me what happens?;Could you be more specific?;[];[0.0, 0.1, 0.0, 1.0];1.0;1;False;{'user_input': 'For the automaton shown, can you process the input string 11000 and tell me what happens?', 'intent': 'fsa-practical', 'argument': 'language', 'dialogue_act': 'Ta:request', 'frame': {'input': '11000'}};[0.0, 0.1, 0.0, 1.0]
VisualRelevancy;3;What information can you give me about state q2 in this automaton?;The state q0 exists.;['simbolo-q0'];[0.0, 0.0, 0.0, 0.1];0.2;2;False;{'user_input': 'What information can you give me about state q2 in this automaton?', 'intent': 'fsa-practical', 'argument': 'state', 'dialogue_act': 'Ta:request', 'frame': {'states': 'q2'}};[0.0, 0.0, 0.0, 0.1]
VisualRelevancy;3;What can you tell me about the state q2 in this automaton?;The state q2 exists.;['simbolo-q2'];[0.2, 0.3, 0.1, 0.9];0.9;2;False;{'user_input': 'What can you tell me about the state q2 in this automaton?', 'intent': 'fsa-practical', 'argument': 'state', 'dialogue_act': 'Ta:request', 'frame': {'states': ['q2']}};[0.2, 0.3, 0.1, 0.9]
VisualRelevancy;3;can you tell me what information is associated with this in this automaton?;The state q2 exists.;['simbolo-q2'];[0.1, 0.2, 0.1, 0.9];0.9;2;False;{'user_input': 'can you tell me what information is associated with this in this automaton?', 'intent': 'fsa-practical', 'argument': 'state', 'dialogue_act': 'Ta:request', 'frame': {'states': ['q2']}, '_raw_frame': {'state': '?'}};[0.1, 0.2, 0.1, 0.9]
VisualRelevancy;3;what is the graphical representation of the automaton’s states?;The automaton has 5 states: q0, q1, q2, q3 and q4.;['simbolo-q0', 'simbolo-q1', 'simbolo-q2', 'simbolo-q3', 'simbolo-q4'];[0.95, 0.95, 1.0, 1.0];1.0;2;False;{'user_input': 'what is the graphical representation of the automaton’s states?', 'intent': 'fsa-practical', 'argument': 'state', 'dialogue_act': 'Ta:request', 'frame': {'graphicRepresentation': '?'}};[0.95, 0.95, 1.0, 1.0]
VisualRelevancy;3;Could you tell me which states are used in this regular language automaton?;The state q0 exists.;['simbolo-q0'];[0.2, 0.4, 0.2, 0.9];0.9;2;False;{'user_input': 'Could you tell me which states are used in this regular language automaton?', 'intent': 'fsa-practical', 'argument': 'state', 'dialogue_act': 'Ta:request', 'frame': {'states': '?'}};[0.2, 0.4, 0.2, 0.9]
VisualRelevancy;3;what is the alphabet of the automaton in this?;Could you be more specific?;[];[0.0, 0.1, 0.0, 1.0];1.0;2;False;{'user_input': 'what is the alphabet of the automaton in this?', 'intent': 'fsa-practical', 'argument': 'alphabet', 'dialogue_act': 'Ta:request', 'frame': {'states': ['q2']}, '_raw_frame': {'alphabet': '?'}};[0.0, 0.1, 0.0, 1.0]
VisualRelevancy;4;Does this automaton represent a deterministic or a nondeterministic finite state machine?;The automaton accepts zero or more words formed by a sequence of the type 11000. In total there are 5 states: q0, q1, q2, q3 and q4. q0 is both the initial and the final state. The transitions are: q0 with value 1 goes to q1, q1 with value 1 goes to q2, q2 with value 0 goes to q3, q3 with value 0 goes to q4, q4 with value 0 goes to q0.;[];[0.1, 0.4, 0.2, 1.0];1.0;0;False;{'user_input': 'Does this automaton represent a deterministic or a nondeterministic finite state machine?', 'intent': 'fsa-practical', 'argument': 'automaton', 'dialogue_act': 'Ta:request', 'frame': {}};[0.1, 0.4, 0.2, 1.0]
VisualRelevancy;4;can you check if my description of this automaton is correct?;The automaton accepts zero or more words formed by a sequence of the type 11000. In total there are 5 states: q0, q1, q2, q3 and q4. q0 is both the initial and the final state. The transitions are: q0 with value 1 goes to q1, q1 with value 1 goes to q2, q2 with value 0 goes to q3, q3 with value 0 goes to q4, q4 with value 0 goes to q0.;[];[0.95, 0.95, 0.95, 1.0];1.0;0;False;{'user_input': 'can you check if my description of this automaton is correct?', 'intent': 'fsa-practical', 'argument': 'automaton', 'dialogue_act': 'Ta:request', 'frame': {'automatonType': '?'}};[0.95, 0.95, 0.95, 1.0]
VisualRelevancy;4;what type of automaton is this finite state machine?;The automaton accepts zero or more words formed by a sequence of the type 11000. In total there are 5 states: q0, q1, q2, q3 and q4. q0 is both the initial and the final state. The transitions are: q0 with value 1 goes to q1, q1 with value 1 goes to q2, q2 with value 0 goes to q3, q3 with value 0 goes to q4, q4 with value 0 goes to q0.;[];[0.2, 0.4, 0.3, 1.0];1.0;0;False;{'user_input': 'what type of automaton is this finite state machine?', 'intent': 'fsa-practical', 'argument': 'automaton', 'dialogue_act': 'Ta:request', 'frame': {}};[0.2, 0.4, 0.3, 1.0]
VisualRelevancy;4;now i will set a practical question about the automaton shown on the tablet.;Could you be more specific?;[];[0.9, 0.9, 0.9, 1.0];1.0;0;False;{'user_input': 'now i will set a practical question about the automaton shown on the tablet.', 'intent': 'fsa-practical', 'argument': 'language', 'dialogue_act': 'Ta:propositionalQuestion', 'frame': {'input': '?'}};[0.9, 0.9, 0.9, 1.0]
VisualRelevancy;4;what input strings does this automaton accept?;Could you be more specific?;[];[0.0, 0.1, 0.0, 1.0];1.0;0;False;{'user_input': 'what input strings does this automaton accept?', 'intent': 'fsa-practical', 'argument': 'language', 'dialogue_act': 'Ta:request', 'frame': {'input': '?'}};[0.0, 0.1, 0.0, 1.0]
VisualRelevancy;4;What is the language accepted by this automaton for the input string?;Could you be more specific?;[];[0.1, 0.2, 0.1, 1.0];1.0;0;False;{'user_input': 'What is the language accepted by this automaton for the input string?', 'intent': 'fsa-practical', 'argument': 'language', 'dialogue_act': 'Ta:request', 'frame': {'input': '?'}};[0.1, 0.2, 0.1, 1.0]
VisualRelevancy;4;what is the language recognized by this finite state automaton?;Could you be more specific?;[];[0.0, 0.1, 0.0, 1.0];1.0;0;False;{'user_input': 'what is the language recognized by this finite state automaton?', 'intent': 'fsa-practical', 'argument': 'language', 'dialogue_act': 'Ta:request', 'frame': {'input': '?'}};[0.0, 0.1, 0.0, 1.0]
VisualRelevancy;4;what input strings does this automaton accept?;Could you be more specific?;[];[0.0, 0.1, 0.0, 1.0];1.0;0;False;{'user_input': 'what input strings does this automaton accept?', 'intent': 'fsa-practical', 'argument': 'language', 'dialogue_act': 'Ta:request', 'frame': {'input': '?'}};[0.0, 0.1, 0.0, 1.0]
VisualRelevancy;4;I meant to ask about the language of this finite state automaton for which the input is still unknown.;Could you be more specific?;[];[0.9, 0.9, 0.9, 1.0];1.0;0;False;{'user_input': 'I meant to ask about the language of this finite state automaton for which the input is still unknown.', 'intent': 'fsa-practical', 'argument': 'language', 'dialogue_act': 'Ta:request', 'frame': {'input': '?'}};[0.9, 0.9, 0.9, 1.0]
VisualRelevancy;4;what is the language recognized by this automaton for a generic input string?;Could you be more specific?;[];[0.1, 0.2, 0.1, 1.0];1.0;0;False;{'user_input': 'what is the language recognized by this automaton for a generic input string?', 'intent': 'fsa-practical', 'argument': 'language', 'dialogue_act': 'Ta:request', 'frame': {'input': '?'}};[0.1, 0.2, 0.1, 1.0]
VisualRelevancy;4;What is the language recognized by this finite state automaton for an input string?;Could you be more specific?;[];[0.0, 0.1, 0.0, 1.0];1.0;0;False;{'user_input': 'What is the language recognized by this finite state automaton for an input string?', 'intent': 'fsa-practical', 'argument': 'language', 'dialogue_act': 'Ta:request', 'frame': {'input': '?'}};[0.0, 0.1, 0.0, 1.0]
VisualRelevancy;4;What input strings does this automaton accept?;Could you be more specific?;[];[0.0, 0.1, 0.0, 1.0];1.0;0;False;{'user_input': 'What input strings does this automaton accept?', 'intent': 'fsa-practical', 'argument': 'language', 'dialogue_act': 'Ta:request', 'frame': {'input': '?'}};[0.0, 0.1, 0.0, 1.0]
VisualRelevancy;4;which language is accepted by this automaton when it ends in this?;Could you be more specific?;[];[0.1, 0.2, 0.1, 1.0];1.0;0;False;{'user_input': 'which language is accepted by this automaton when it ends in this?', 'intent': 'fsa-practical', 'argument': 'language', 'dialogue_act': 'Ta:request', 'frame': {'states': ['q1']}, '_raw_frame': {'input': '?'}};[0.1, 0.2, 0.1, 1.0]
VisualRelevancy;4;What is the language recognized by the automaton if the final states are Q1 and Q2?;Could you be more specific?;[];[0.0, 0.1, 0.0, 1.0];1.0;0;False;{'user_input': 'What is the language recognized by the automaton if the final states are Q1 and Q2?', 'intent': 'fsa-practical', 'argument': 'language', 'dialogue_act': 'Ta:request', 'frame': {'finalStates': 'Q1'}};[0.0, 0.1, 0.0, 1.0]
VisualRelevancy;4;is q1 a final state of this automaton?;The automaton has 5 states: q0, q1, q2, q3 and q4.;['simbolo-q0', 'simbolo-q1', 'simbolo-q2', 'simbolo-q3', 'simbolo-q4'];[0.0, 0.2, 0.0, 0.9];0.8;0;False;{'user_input': 'is q1 a final state of this automaton?', 'intent': 'fsa-practical', 'argument': 'state', 'dialogue_act': 'Ta:propositionalQuestion', 'frame': {'state': 'q1'}};[0.0, 0.2, 0.0, 0.9]
VisualRelevancy;5;What is the language recognized by this automaton in terms of the pattern of 1s and 0s?;Could you be more specific?;[];[0.0, 0.1, 0.0, 1.0];1.0;0;False;{'user_input': 'What is the language recognized by this automaton in terms of the pattern of 1s and 0s?', 'intent': 'fsa-practical', 'argument': 'language', 'dialogue_act': 'Ta:request', 'frame': {'pattern': '1'}};[0.0, 0.1, 0.0, 1.0]
VisualRelevancy;5;What is the language accepted by this automaton for the pattern “1”?;Could you be more specific?;[];[0.1, 0.2, 0.1, 1.0];1.0;0;False;{'user_input': 'What is the language accepted by this automaton for the pattern “1”?', 'intent': 'fsa-practical', 'argument': 'language', 'dialogue_act': 'Ta:request', 'frame': {'input': '1'}};[0.1, 0.2, 0.1, 1.0]
VisualRelevancy;5;given the automaton shown, what is the language accepted by this machine for the input string 1?;Could you be more specific?;[];[0.0, 0.1, 0.0, 1.0];1.0;0;False;{'user_input': 'given the automaton shown, what is the language accepted by this machine for the input string 1?', 'intent': 'fsa-practical', 'argument': 'language', 'dialogue_act': 'Ta:request', 'frame': {'input': '1'}};[0.0, 0.1, 0.0, 1.0]
VisualRelevancy;5;what transition does the automaton perform when it receives the input symbol 1?;the transition is not defined.;[];[1.0, 1.0, 1.0, 1.0];1.0;0;False;{'user_input': 'what transition does the automaton perform when it receives the input symbol 1?', 'intent': 'fsa-practical', 'argument': 'transition', 'dialogue_act': 'Ta:request', 'frame': {'transitions': [['finalStates', 'state', '?'], ['?', 'input', '1']]}};[1.0, 1.0, 1.0, 1.0]
VisualRelevancy;5;with input 1, from any final state, to which state does the automaton transition?;The automaton has 5 transitions: q0 with value 1 goes to q1, q1 with value 1 goes to q2, q2 with value 0 goes to q3, q3 with value 0 goes to q4, q4 with value 0 goes to q0.;['simbolo-q0-q1', 'simbolo-q1-q2', 'simbolo-q2-q3', 'simbolo-q3-q4', 'simbolo-q4-q0'];[0.0, 0.2, 0.2, 0.2];0.2;1;False;{'user_input': 'with input 1, from any final state, to which state does the automaton transition?', 'intent': 'fsa-practical', 'argument': 'transition', 'dialogue_act': 'Ta:request', 'frame': {'transitions': []}};[0.0, 0.2, 0.2, 0.2]
VisualRelevancy;5;What is the language accepted by this automaton?;Could you be more specific?;[];[0.0, 0.1, 0.0, 1.0];1.0;1;False;{'user_input': 'What is the language accepted by this automaton?', 'intent': 'fsa-practical', 'argument': 'language', 'dialogue_act': 'Ta:request', 'frame': {'input': '?'}};[0.0, 0.1, 0.0, 1.0]
VisualRelevancy;5;from which state does a transition start in this automaton?;The initial state is q0.;['simbolo-q0'];[0.2, 0.2, 0.2, 0.8];1.0;1;False;{'user_input': 'from which state does a transition start in this automaton?', 'intent': 'fsa-practical', 'argument': 'state', 'dialogue_act': 'Ta:request', 'frame': {'initialState': '?'}};[0.2, 0.2, 0.2, 0.8]
VisualRelevancy;5;Can you list all the transitions of this automaton?;The automaton has 5 transitions: q0 with value 1 goes to q1, q1 with value 1 goes to q2, q2 with value 0 goes to q3, q3 with value 0 goes to q4, q4 with value 0 goes to q0.;['simbolo-q0-q1', 'simbolo-q1-q2', 'simbolo-q2-q3', 'simbolo-q3-q4', 'simbolo-q4-q0'];[1.0, 1.0, 1.0, 1.0];1.0;1;False;{'user_input': 'Can you list all the transitions of this automaton?', 'intent': 'fsa-practical', 'argument': 'transition', 'dialogue_act': 'Ta:request', 'frame': {}};[1.0, 1.0, 1.0, 1.0]
VisualRelevancy;5;Can you list all the transitions of this automaton for me?;The automaton has 5 transitions: q0 with value 1 goes to q1, q1 with value 1 goes to q2, q2 with value 0 goes to q3, q3 with value 0 goes to q4, q4 with value 0 goes to q0.;['simbolo-q0-q1', 'simbolo-q1-q2', 'simbolo-q2-q3', 'simbolo-q3-q4', 'simbolo-q4-q0'];[1.0, 1.0, 1.0, 1.0];1.0;1;False;{'user_input': 'Can you list all the transitions of this automaton for me?', 'intent': 'fsa-practical', 'argument': 'transition', 'dialogue_act': 'Ta:request', 'frame': {}};[1.0, 1.0, 1.0, 1.0]
VisualRelevancy;5;which are the final states of this automaton?;The final state is q0.;['simbolo-q0'];[1.0, 1.0, 1.0, 1.0];1.0;1;False;{'user_input': 'which are the final states of this automaton?', 'intent': 'fsa-practical', 'argument': 'state', 'dialogue_act': 'Ta:request', 'frame': {'finalStates': '?'}};[1.0, 1.0, 1.0, 1.0]
BaseLine;-9;Is q0 the only state where a run can finish?;The automaton has 5 states: q0, q1, q2, q3 and q4.;['simbolo-q0', 'simbolo-q1', 'simbolo-q2', 'simbolo-q3', 'simbolo-q4'];[0.0, 0.2, 0.0, 0.6];-1;-1;False;{'user_input': 'Is q0 the only state where a run can finish?', 'intent': 'fsa-practical', 'argument': 'state', 'dialogue_act': 'Ta:propositionalQuestion', 'frame': {'onlyState': 'q0'}};[0.0, 0.2, 0.0, 0.6]
BaseLine;-8;From q2 may I ever end up in q4 by following the arrows?;The automaton accepts zero or more words formed by a sequence of the type 11000. In total there are 5 states: q0, q1, q2, q3 and q4. q0 is both the initial and the final state. The transitions are: q0 with value 1 goes to q1, q1 with value 1 goes to q2, q2 with value 0 goes to q3, q3 with value 0 goes to q4, q4 with value 0 goes to q0.;[];[0.2, 0.3, 0.3, 1.0];-1;-1;False;{'user_input': 'From q2 may I ever end up in q4 by following the arrows?', 'intent': 'fsa-practical', 'argument': None, 'dialogue_act': 'Ta:propositionalQuestion', 'frame': {'input': 'q2'}};[0.2, 0.3, 0.3, 1.0]
BaseLine;-7;Tell me the label on the arrow that goes from q1 to q2.;The transition between q1 and q2 is with value 1.;['simbolo-q1-q2'];[1.0, 1.0, 1.0, 1.0];-1;-1;False;{'user_input': 'Tell me the label on the arrow that goes from q1 to q2.', 'intent': 'fsa-practical', 'argument': 'transition', 'dialogue_act': 'Ta:request', 'frame': {'transitions': [['q1', 'q2', '?']]}};[1.0, 1.0, 1.0, 1.0]
BaseLine;-6;Show me one input string that this automaton accepts.;Could you be more specific?;[];[0.0, 0.1, 0.0, 1.0];-1;-1;False;{'user_input': 'Show me one input string that this automaton accepts.', 'intent': 'fsa-practical', 'argument': 'language', 'dialogue_act': 'Ta:request', 'frame': {'input': '?'}};[0.0, 0.1, 0.0, 1.0]
BaseLine;-5;Explain what it means that q0 is an initial state.;The initial state is q0.;['simbolo-q0'];[0.3, 0.4, 0.3, 0.9];-1;-1;False;{'user_input': 'Explain what it means that q0 is an initial state.', 'intent': 'fsa-practical', 'argument': 'state', 'dialogue_act': 'Ta:propositionalQuestion', 'frame': {'initialState': 'q0'}};[0.3, 0.4, 0.3, 0.9]
BaseLine;-4;Explain what it means that q0 is a final state.;The final state is q0.;['simbolo-q0'];[0.1, 0.2, 0.1, 0.9];-1;-1;False;{'user_input': 'Explain what it means that q0 is a final state.', 'intent': 'fsa-practical', 'argument': 'state', 'dialogue_act': 'Ta:request', 'frame': {'finalStates': 'q0'}};[0.1, 0.2, 0.1, 0.9]
BaseLine;-3;Tell me whether this automaton is deterministic or not.;The automaton accepts zero or more words formed by a sequence of the type 11000. In total there are 5 states: q0, q1, q2, q3 and q4. q0 is both the initial and the final state. The transitions are: q0 with value 1 goes to q1, q1 with value 1 goes to q2, q2 with value 0 goes to q3, q3 with value 0 goes to q4, q4 with value 0 goes to q0.;[];[0.0, 0.3, 0.0, 1.0];-1;-1;False;{'user_input': 'Tell me whether this automaton is deterministic or not.', 'intent': 'fsa-practical', 'argument': 'automaton', 'dialogue_act': 'Ta:propositionalQuestion', 'frame': {'automatonType': '?'}};[0.0, 0.3, 0.0, 1.0]
BaseLine;-2;Tell me how many transitions in total are drawn in this picture.;The automaton has 5 transitions: q0 with value 1 goes to q1, q1 with value 1 goes to q2, q2 with value 0 goes to q3, q3 with value 0 goes to q4, q4 with value 0 goes to q0.;['simbolo-q0-q1', 'simbolo-q1-q2', 'simbolo-q2-q3', 'simbolo-q3-q4', 'simbolo-q4-q0'];[1.0, 1.0, 1.0, 1.0];-1;-1;False;{'user_input': 'Tell me how many transitions in total are drawn in this picture.', 'intent': 'fsa-practical', 'argument': 'transition', 'dialogue_act': 'Ta:request', 'frame': {'numberOfTransitions': '?'}};[1.0, 1.0, 1.0, 1.0]
BaseLine;-1;Tell me how many different states appear in this automaton.;This automaton has 5 states;['simbolo-q0', 'simbolo-q1', 'simbolo-q2', 'simbolo-q3', 'simbolo-q4'];[1.0, 1.0, 1.0, 1.0];-1;-1;False;{'user_input': 'Tell me how many different states appear in this automaton.', 'intent': 'fsa-practical', 'argument': 'state', 'dialogue_act': 'Ta:request', 'frame': {'numberOfStates': '?'}};[1.0, 1.0, 1.0, 1.0]
BaseLine;0;Tell me the full list of states that I can visit here.;The state q0 exists.;['simbolo-q0'];[0.2, 0.3, 0.2, 0.9];-1;-1;False;{'user_input': 'Tell me the full list of states that I can visit here.', 'intent': 'fsa-practical', 'argument': 'state', 'dialogue_act': 'Ta:request', 'frame': {'states': '?'}};[0.2, 0.3, 0.2, 0.9]
BaseLine;1;Tell me the symbol that must be read to move from q4 back to q0.;The transition between q4 and q0 is with value 0.;['simbolo-q4-q0'];[1.0, 1.0, 1.0, 1.0];-1;-1;False;{'user_input': 'Tell me the symbol that must be read to move from q4 back to q0.', 'intent': 'fsa-practical', 'argument': 'transition', 'dialogue_act': 'Ta:request', 'frame': {'transitions': [['q4', 'q0', '?']]}};[1.0, 1.0, 1.0, 1.0]
BaseLine;2;Tell me what alphabet this machine seems to use.;Could you be more specific?;[];[0.0, 0.1, 0.0, 1.0];-1;-1;False;{'user_input': 'Tell me what alphabet this machine seems to use.', 'intent': 'fsa-practical', 'argument': 'alphabet', 'dialogue_act': 'Ta:request', 'frame': {'alphabet': '?'}};[0.0, 0.1, 0.0, 1.0]
BaseLine;3;Tell me what kind of language this automaton can recognize.;Could you be more specific?;[];[0.0, 0.1, 0.0, 1.0];-1;-1;False;{'user_input': 'Tell me what kind of language this automaton can recognize.', 'intent': 'fsa-practical', 'argument': 'language', 'dialogue_act': 'Ta:request', 'frame': {'input': '?'}};[0.0, 0.1, 0.0, 1.0]
BaseLine;4;Tell me what happens if the input is 11000 starting from q0.;The automaton has 5 transitions: q0 with value 1 goes to q1, q1 with value 1 goes to q2, q2 with value 0 goes to q3, q3 with value 0 goes to q4, q4 with value 0 goes to q0.;['simbolo-q0-q1', 'simbolo-q1-q2', 'simbolo-q2-q3', 'simbolo-q3-q4', 'simbolo-q4-q0'];[0.95, 0.9, 1.0, 1.0];-1;-1;False;{'user_input': 'Tell me what happens if the input is 11000 starting from q0.', 'intent': 'fsa-practical', 'argument': 'transition', 'dialogue_act': 'Ta:request', 'frame': {'input': '11000'}};[0.95, 0.9, 1.0, 1.0]
BaseLine;5;Tell me which state has the greatest number of outgoing arrows.;The automaton has 5 states: q0, q1, q2, q3 and q4.;['simbolo-q0', 'simbolo-q1', 'simbolo-q2', 'simbolo-q3', 'simbolo-q4'];[0.0, 0.2, 0.0, 0.3];-1;-1;False;{'user_input': 'Tell me which state has the greatest number of outgoing arrows.', 'intent': 'fsa-practical', 'argument': 'state', 'dialogue_act': 'Ta:request', 'frame': {'stateWithMostOutgoingArrows': '?'}};[0.0, 0.2, 0.0, 0.3]
BaseLine;6;Can I jump straight from q2 to q4 in this automaton?;there is no transition between q2 and q4.;[];[1.0, 1.0, 1.0, 1.0];-1;-1;False;{'user_input': 'Can I jump straight from q2 to q4 in this automaton?', 'intent': 'fsa-practical', 'argument': 'transition', 'dialogue_act': 'Ta:request', 'frame': {'transitions': [['q2', 'q4', '?']]}};[1.0, 1.0, 1.0, 1.0]
BaseLine;7;What is on the arrow that goes out of q1?;the transition is not defined.;[];[0.0, 0.2, 0.0, 1.0];-1;-1;False;{'user_input': 'What is on the arrow that goes out of q1?', 'intent': 'fsa-practical', 'argument': 'transition', 'dialogue_act': 'Ta:request', 'frame': {'transitions': [['q1', '?', '?']]}};[0.0, 0.2, 0.0, 1.0]
BaseLine;8;Tell me the state where the run begins.;The initial state is q0.;['simbolo-q0'];[1.0, 1.0, 1.0, 1.0];-1;-1;False;{'user_input': 'Tell me the state where the run begins.', 'intent': 'fsa-practical', 'argument': 'state', 'dialogue_act': 'Ta:request', 'frame': {'initialState': '?'}};[1.0, 1.0, 1.0, 1.0]
BaseLine;9;Which of these circles counts as an accepting state here?;The state q0 exists.;['simbolo-q0'];[0.95, 0.9, 1.0, 1.0];-1;-1;False;{'user_input': 'Which of these circles counts as an accepting state here?', 'intent': 'fsa-practical', 'argument': 'state', 'dialogue_act': 'Ta:request', 'frame': {'states': '?'}};[0.95, 0.9, 1.0, 1.0]
BaseLine;10;How many arrows are drawn between all the states in this picture?;The automaton has 5 transitions: q0 with value 1 goes to q1, q1 with value 1 goes to q2, q2 with value 0 goes to q3, q3 with value 0 goes to q4, q4 with value 0 goes to q0.;['simbolo-q0-q1', 'simbolo-q1-q2', 'simbolo-q2-q3', 'simbolo-q3-q4', 'simbolo-q4-q0'];[1.0, 1.0, 1.0, 1.0];-1;-1;False;{'user_input': 'How many arrows are drawn between all the states in this picture?', 'intent': 'fsa-practical', 'argument': 'transition', 'dialogue_act': 'Ta:request', 'frame': {'numberOfTransitions': '?'}};[1.0, 1.0, 1.0, 1.0]
BaseLine;11;From q0, what single symbol makes the robot move?;the transition is not defined.;[];[0.0, 0.1, 0.0, 1.0];-1;-1;False;{'user_input': 'From q0, what single symbol makes the robot move?', 'intent': 'fsa-practical', 'argument': 'transition', 'dialogue_act': 'Ta:request', 'frame': {'transitions': [['q0', '?', '?']]}};[0.0, 0.1, 0.0, 1.0]
BaseLine;12;Is there any state in this machine that has no arrows leaving it?;The state q0 exists.;['simbolo-q0'];[0.0, 0.2, 0.0, 0.2];-1;-1;False;{'user_input': 'Is there any state in this machine that has no arrows leaving it?', 'intent': 'fsa-practical', 'argument': 'state', 'dialogue_act': 'Ta:request', 'frame': {'states': '?'}};[0.0, 0.2, 0.0, 0.2]
BaseLine;13;Does this automaton accept the string 11000?;Could you be more specific?;[];[0.0, 0.1, 0.0, 1.0];-1;-1;False;{'user_input': 'Does this automaton accept the string 11000?', 'intent': 'fsa-practical', 'argument': 'language', 'dialogue_act': 'Ta:request', 'frame': {'input': '11000'}};[0.0, 0.1, 0.0, 1.0]
BaseLine;14;What kind of automaton is this, deterministic or not?;The automaton accepts zero or more words formed by a sequence of the type 11000. In total there are 5 states: q0, q1, q2, q3 and q4. q0 is both the initial and the final state. The transitions are: q0 with value 1 goes to q1, q1 with value 1 goes to q2, q2 with value 0 goes to q3, q3 with value 0 goes to q4, q4 with value 0 goes to q0.;[];[0.1, 0.3, 0.2, 1.0];-1;-1;False;{'user_input': 'What kind of automaton is this, deterministic or not?', 'intent': 'fsa-practical', 'argument': 'automaton', 'dialogue_act': 'Ta:request', 'frame': {'input': 'automatonType'}};[0.1, 0.3, 0.2, 1.0]
BaseLine;15;What symbols form the alphabet used by this machine?;Could you be more specific?;[];[0.0, 0.1, 0.0, 1.0];-1;-1;False;{'user_input': 'What symbols form the alphabet used by this machine?', 'intent': 'fsa-practical', 'argument': 'alphabet', 'dialogue_act': 'Ta:request', 'frame': {'alphabet': '?'}};[0.0, 0.1, 0.0, 1.0]
BaseLine;16;Explain what “final state” means for this kind of automaton.;The automaton has 5 states: q0, q1, q2, q3 and q4.;['simbolo-q0', 'simbolo-q1', 'simbolo-q2', 'simbolo-q3', 'simbolo-q4'];[0.0, 0.1, 0.0, 0.8];-1;-1;False;{'user_input': 'Explain what “final state” means for this kind of automaton.', 'intent': 'fsa-practical', 'argument': 'state', 'dialogue_act': 'Ta:request', 'frame': {'final state': '?'}};[0.0, 0.1, 0.0, 0.8]
BaseLine;17;Show me the full list of states that belong to this machine.;The state q0 exists.;['simbolo-q0'];[0.2, 0.3, 0.2, 0.9];-1;-1;False;{'user_input': 'Show me the full list of states that belong to this machine.', 'intent': 'fsa-practical', 'argument': 'state', 'dialogue_act': 'Ta:request', 'frame': {'states': '?'}};[0.2, 0.3, 0.2, 0.9]
BaseLine;18;Which state do I end in after reading 11000 from q0?;The state q0 exists.;['simbolo-q0'];[0.0, 0.1, 0.0, 0.2];-1;-1;False;{'user_input': 'Which state do I end in after reading 11000 from q0?', 'intent': 'fsa-practical', 'argument': 'state', 'dialogue_act': 'Ta:request', 'frame': {'states': 'q0'}};[0.0, 0.1, 0.0, 0.2]
BaseLine;19;What sort of language does this automaton recognize in theory?;Could you be more specific?;[];[0.0, 0.1, 0.0, 1.0];-1;-1;False;{'user_input': 'What sort of language does this automaton recognize in theory?', 'intent': 'fsa-practical', 'argument': 'language', 'dialogue_act': 'Ta:propositionalQuestion', 'frame': {'input': '?'}};[0.0, 0.1, 0.0, 1.0]
BaseLine;20;Which state in the drawing has the largest number of transitions?;The automaton has 5 states: q0, q1, q2, q3 and q4.;['simbolo-q0', 'simbolo-q1', 'simbolo-q2', 'simbolo-q3', 'simbolo-q4'];[0.0, 0.2, 0.0, 0.8];-1;-1;False;{'user_input': 'Which state in the drawing has the largest number of transitions?', 'intent': 'fsa-practical', 'argument': 'state', 'dialogue_act': 'Ta:request', 'frame': {'stateWithMostTransitions': '?'}};[0.0, 0.2, 0.0, 0.8]
BaseLine;21;Can I jump from q2 straight to q4 in this automaton?;there is no transition between q2 and q4.;[];[1.0, 1.0, 1.0, 1.0];-1;-1;False;{'user_input': 'Can I jump from q2 straight to q4 in this automaton?', 'intent': 'fsa-practical', 'argument': 'transition', 'dialogue_act': 'Ta:request', 'frame': {'transitions': [['q2', 'q4', '?']]}};[1.0, 1.0, 1.0, 1.0]
BaseLine;22;What label sits on the arrow that leaves q1 and reaches q2?;The transition between q1 and q2 is with value 1.;['simbolo-q1-q2'];[1.0, 1.0, 1.0, 1.0];-1;-1;False;{'user_input': 'What label sits on the arrow that leaves q1 and reaches q2?', 'intent': 'fsa-practical', 'argument': 'transition', 'dialogue_act': 'Ta:request', 'frame': {'transitions': [['q1', 'q2', '?']]}};[1.0, 1.0, 1.0, 1.0]
BaseLine;23;From which state does the 0‑transition that ends in q3 actually start?;The state q0 exists.;['simbolo-q0'];[0.0, 0.1, 0.0, 0.2];-1;-1;False;{'user_input': 'From which state does the 0‑transition that ends in q3 actually start?', 'intent': 'fsa-practical', 'argument': 'state', 'dialogue_act': 'Ta:request', 'frame': {'states': '?'}};[0.0, 0.1, 0.0, 0.2]
BaseLine;24;In this picture, which state counts as the starting point of the automaton?;The initial state is q0.;['simbolo-q0'];[1.0, 1.0, 1.0, 1.0];-1;-1;False;{'user_input': 'In this picture, which state counts as the starting point of the automaton?', 'intent': 'fsa-practical', 'argument': 'state', 'dialogue_act': 'Ta:request', 'frame': {'initialState': '?'}};[1.0, 1.0, 1.0, 1.0]
BaseLine;25;Does any state other than q0 work as a final state here?;The final state is q0.;['simbolo-q0'];[1.0, 1.0, 1.0, 1.0];-1;-1;False;{'user_input': 'Does any state other than q0 work as a final state here?', 'intent': 'fsa-practical', 'argument': 'state', 'dialogue_act': 'Ta:propositionalQuestion', 'frame': {'finalStates': '?'}};[1.0, 1.0, 1.0, 1.0]
BaseLine;26;Tell me how many arrows in total connect the states in this diagram.;The automaton has 5 transitions: q0 with value 1 goes to q1, q1 with value 1 goes to q2, q2 with value 0 goes to q3, q3 with value 0 goes to q4, q4 with value 0 goes to q0.;['simbolo-q0-q1', 'simbolo-q1-q2', 'simbolo-q2-q3', 'simbolo-q3-q4', 'simbolo-q4-q0'];[1.0, 1.0, 1.0, 1.0];-1;-1;False;{'user_input': 'Tell me how many arrows in total connect the states in this diagram.', 'intent': 'fsa-practical', 'argument': 'transition', 'dialogue_act': 'Ta:request', 'frame': {'numberOfTransitions': '?'}};[1.0, 1.0, 1.0, 1.0]
BaseLine;27;Is the machine on the tablet meant to be deterministic or something else?;The state q0 exists.;['simbolo-q0'];[0.0, 0.1, 0.0, 0.2];-1;-1;False;{'user_input': 'Is the machine on the tablet meant to be deterministic or something else?', 'intent': 'fsa-practical', 'argument': 'state', 'dialogue_act': 'Ta:request', 'frame': {'states': '?'}};[0.0, 0.1, 0.0, 0.2]
BaseLine;28;What symbols form the entire alphabet for this finite state machine?;Could you be more specific?;[];[0.0, 0.1, 0.0, 1.0];-1;-1;False;{'user_input': 'What symbols form the entire alphabet for this finite state machine?', 'intent': 'fsa-practical', 'argument': 'alphabet', 'dialogue_act': 'Ta:request', 'frame': {'alphabet': '?'}};[0.0, 0.1, 0.0, 1.0]
BaseLine;29;Which state in this automaton has the largest number of outgoing arrows?;The state q0 exists.;['simbolo-q0'];[0.0, 0.1, 0.0, 0.2];-1;-1;False;{'user_input': 'Which state in this automaton has the largest number of outgoing arrows?', 'intent': 'fsa-practical', 'argument': 'state', 'dialogue_act': 'Ta:request', 'frame': {'states': '?'}};[0.0, 0.1, 0.0, 0.2]
BaseLine;30;Is there any state in the picture that has no arrows at all?;The automaton has 5 states: q0, q1, q2, q3 and q4.;['simbolo-q0', 'simbolo-q1', 'simbolo-q2', 'simbolo-q3', 'simbolo-q4'];[0.0, 0.2, 0.0, 0.3];-1;-1;False;{'user_input': 'Is there any state in the picture that has no arrows at all?', 'intent': 'fsa-practical', 'argument': 'state', 'dialogue_act': 'Ta:request', 'frame': {'statesWithNoTransitions': '?'}};[0.0, 0.2, 0.0, 0.3]
BaseLine;31;If the input is 11000, does this automaton accept it or reject it?;Could you be more specific?;[];[0.0, 0.1, 0.0, 1.0];-1;-1;False;{'user_input': 'If the input is 11000, does this automaton accept it or reject it?', 'intent': 'fsa-practical', 'argument': 'language', 'dialogue_act': 'Ta:request', 'frame': {'input': '11000'}};[0.0, 0.1, 0.0, 1.0]
BaseLine;32;What kind of language does this machine recognize, in terms of language class?;Could you be more specific?;[];[0.0, 0.1, 0.0, 1.0];-1;-1;False;{'user_input': 'What kind of language does this machine recognize, in terms of language class?', 'intent': 'fsa-practical', 'argument': 'language', 'dialogue_act': 'Ta:request', 'frame': {'input': '?'}};[0.0, 0.1, 0.0, 1.0]
BaseLine;33;Can you describe the general pattern that the states follow when the input is 1100?;Could you be more specific?;[];[0.0, 0.1, 0.0, 1.0];-1;-1;False;{'user_input': 'Can you describe the general pattern that the states follow when the input is 1100?', 'intent': 'fsa-practical', 'argument': 'pattern', 'dialogue_act': 'Ta:request', 'frame': {'patternType': '?'}};[0.0, 0.1, 0.0, 1.0]
BaseLine;34;Is q0 the only state where a run of the machine is allowed to finish successfully?;The automaton has 5 states: q0, q1, q2, q3 and q4.;['simbolo-q0', 'simbolo-q1', 'simbolo-q2', 'simbolo-q3', 'simbolo-q4'];[0.0, 0.2, 0.0, 0.8];-1;-1;False;{'user_input': 'Is q0 the only state where a run of the machine is allowed to finish successfully?', 'intent': 'fsa-practical', 'argument': 'state', 'dialogue_act': 'Ta:request', 'frame': {'state': 'q0'}};[0.0, 0.2, 0.0, 0.8]
BaseLine;35;How many different states appear in the automaton drawn on the tablet?;This automaton has 5 states;['simbolo-q0', 'simbolo-q1', 'simbolo-q2', 'simbolo-q3', 'simbolo-q4'];[1.0, 1.0, 1.0, 1.0];-1;-1;False;{'user_input': 'How many different states appear in the automaton drawn on the tablet?', 'intent': 'fsa-practical', 'argument': 'state', 'dialogue_act': 'Ta:request', 'frame': {'numberOfStates': '?'}};[1.0, 1.0, 1.0, 1.0]
BaseLine;36;Can I reach q4 starting from q2 in this diagram?;there is no transition between q2 and q4.;[];[0.2, 0.6, 0.2, 1.0];-1;-1;False;{'user_input': 'Can I reach q4 starting from q2 in this diagram?', 'intent': 'fsa-practical', 'argument': None, 'dialogue_act': 'Ta:request', 'frame': {'transitions': [['q2', 'q4', '?']]}};[0.2, 0.6, 0.2, 1.0]
BaseLine;37;What label do you put on the arrow from q1 to q2?;The transition between q1 and q2 is with value 1.;['simbolo-q1-q2'];[1.0, 1.0, 1.0, 0.95];-1;-1;False;{'user_input': 'What label do you put on the arrow from q1 to q2?', 'intent': 'fsa-practical', 'argument': 'transition', 'dialogue_act': 'Ta:request', 'frame': {'transitions': [['q1', 'q2', '?']]}};[1.0, 1.0, 1.0, 0.95]
BaseLine;38;Tell me which state begins the run of this automaton.;The initial state is q0.;['simbolo-q0'];[1.0, 1.0, 1.0, 1.0];-1;-1;False;{'user_input': 'Tell me which state begins the run of this automaton.', 'intent': 'fsa-practical', 'argument': 'state', 'dialogue_act': 'Ta:request', 'frame': {'initialState': '?'}};[1.0, 1.0, 1.0, 1.0]
BaseLine;39;Show me every state that accepts a string in this machine.;The state q0 exists.;['simbolo-q0'];[0.3, 0.4, 0.2, 0.8];-1;-1;False;{'user_input': 'Show me every state that accepts a string in this machine.', 'intent': 'fsa-practical', 'argument': 'state', 'dialogue_act': 'Ta:request', 'frame': {'states': '?'}};[0.3, 0.4, 0.2, 0.8]
BaseLine;40;How many arrows are drawn between all the states here?;The automaton has 5 transitions: q0 with value 1 goes to q1, q1 with value 1 goes to q2, q2 with value 0 goes to q3, q3 with value 0 goes to q4, q4 with value 0 goes to q0.;['simbolo-q0-q1', 'simbolo-q1-q2', 'simbolo-q2-q3', 'simbolo-q3-q4', 'simbolo-q4-q0'];[1.0, 1.0, 1.0, 1.0];-1;-1;False;{'user_input': 'How many arrows are drawn between all the states here?', 'intent': 'fsa-practical', 'argument': 'transition', 'dialogue_act': 'Ta:request', 'frame': {'numberOfTransitions': '?'}};[1.0, 1.0, 1.0, 1.0]
BaseLine;41;Does this automaton read 11000 and end where it started?;Could you be more specific?;[];[0.0, 0.1, 0.0, 1.0];-1;-1;False;{'user_input': 'Does this automaton read 11000 and end where it started?', 'intent': 'fsa-practical', 'argument': 'language', 'dialogue_act': 'Ta:propositionalQuestion', 'frame': {'input': '11000'}};[0.0, 0.1, 0.0, 1.0]
BaseLine;42;Give me the complete list of states that appear in this picture.;The state q0 exists.;['simbolo-q0'];[0.2, 0.3, 0.2, 0.9];-1;-1;False;{'user_input': 'Give me the complete list of states that appear in this picture.', 'intent': 'fsa-practical', 'argument': 'state', 'dialogue_act': 'Ta:request', 'frame': {'states': '?'}};[0.2, 0.3, 0.2, 0.9]
BaseLine;43;Is this machine supposed to be deterministic or not?;The automaton accepts zero or more words formed by a sequence of the type 11000. In total there are 5 states: q0, q1, q2, q3 and q4. q0 is both the initial and the final state. The transitions are: q0 with value 1 goes to q1, q1 with value 1 goes to q2, q2 with value 0 goes to q3, q3 with value 0 goes to q4, q4 with value 0 goes to q0.;[];[0.1, 0.2, 0.2, 1.0];-1;-1;False;{'user_input': 'Is this machine supposed to be deterministic or not?', 'intent': 'fsa-practical', 'argument': 'automaton', 'dialogue_act': 'Ta:propositionalQuestion', 'frame': {'input': 'automatonType'}};[0.1, 0.2, 0.2, 1.0]
BaseLine;44;What kind of language do you think this automaton recognizes?;Could you be more specific?;[];[0.1, 0.1, 0.1, 1.0];-1;-1;False;{'user_input': 'What kind of language do you think this automaton recognizes?', 'intent': 'fsa-practical', 'argument': 'language', 'dialogue_act': 'Ta:request', 'frame': {'input': '?'}};[0.1, 0.1, 0.1, 1.0]
BaseLine;45;Explain what happens if the input is only one symbol 1.;The automaton accepts zero or more words formed by a sequence of the type 11000. In total there are 5 states: q0, q1, q2, q3 and q4. q0 is both the initial and the final state. The transitions are: q0 with value 1 goes to q1, q1 with value 1 goes to q2, q2 with value 0 goes to q3, q3 with value 0 goes to q4, q4 with value 0 goes to q0.;[];[0.2, 0.4, 0.3, 1.0];-1;-1;False;{'user_input': 'Explain what happens if the input is only one symbol 1.', 'intent': 'fsa-practical', 'argument': 'automaton', 'dialogue_act': 'Ta:request', 'frame': {'input': '1'}};[0.2, 0.4, 0.3, 1.0]
BaseLine;46;Point out the state that has no outgoing arrow with label 1.;The state q0 exists.;['simbolo-q0'];[0.0, 0.2, 0.0, 0.0];-1;-1;False;{'user_input': 'Point out the state that has no outgoing arrow with label 1.', 'intent': 'fsa-practical', 'argument': 'state', 'dialogue_act': 'Ta:request', 'frame': {'states': '?'}};[0.0, 0.2, 0.0, 0.0]
BaseLine;47;Tell me the pattern you see when the machine follows only 0 transitions.;Could you be more specific?;[];[0.1, 0.1, 0.1, 0.9];-1;-1;False;{'user_input': 'Tell me the pattern you see when the machine follows only 0 transitions.', 'intent': 'fsa-practical', 'argument': 'pattern', 'dialogue_act': 'Ta:request', 'frame': {'patternType': '0'}};[0.1, 0.1, 0.1, 0.9]
BaseLine;48;What is the output of the automaton after processing the string 1100?;The automaton has 5 states: q0, q1, q2, q3 and q4.;['simbolo-q0', 'simbolo-q1', 'simbolo-q2', 'simbolo-q3', 'simbolo-q4'];[0.1, 0.2, 0.2, 0.3];-1;-1;False;{'user_input': 'What is the output of the automaton after processing the string 1100?', 'intent': 'fsa-practical', 'argument': 'state', 'dialogue_act': 'Ta:request', 'frame': {'output': '?'}};[0.1, 0.2, 0.2, 0.3]
BaseLine;49;Which state do we call the initial and final one in this drawing?;The initial state is q0.;['simbolo-q0'];[0.5, 0.6, 0.5, 0.9];-1;-1;False;{'user_input': 'Which state do we call the initial and final one in this drawing?', 'intent': 'fsa-practical', 'argument': 'state', 'dialogue_act': 'Ta:request', 'frame': {'initialState': '?', 'finalStates': '?'}};[0.5, 0.6, 0.5, 0.9]
BaseLine;50;Describe the alphabet that this specific automaton actually uses.;Could you be more specific?;[];[0.0, 0.1, 0.0, 1.0];-1;-1;False;{'user_input': 'Describe the alphabet that this specific automaton actually uses.', 'intent': 'fsa-practical', 'argument': 'alphabet', 'dialogue_act': 'Ta:request', 'frame': {'alphabet': '?'}};[0.0, 0.1, 0.0, 1.0]
BaseLine;51;Can you tell me what happens from q1 if I read another 1?;there is no transition between q1 and q1.;[];[0.9, 1.0, 1.0, 1.0];-1;-1;False;{'user_input': 'Can you tell me what happens from q1 if I read another 1?', 'intent': 'fsa-practical', 'argument': 'transition', 'dialogue_act': 'Ta:request', 'frame': {'transitions': [['q1', 'q1', '?', '1']]}};[0.9, 1.0, 1.0, 1.0]
BaseLine;52;From q2, where do I end up after three zeros in a row?;the transition is not defined.;[];[0.0, 0.2, 0.0, 0.9];-1;-1;False;{'user_input': 'From q2, where do I end up after three zeros in a row?', 'intent': 'fsa-practical', 'argument': 'transition', 'dialogue_act': 'Ta:request', 'frame': {'transitions': [['q2', '?', '0']]}};[0.0, 0.2, 0.0, 0.9]
BaseLine;53;Is the only accepting state in this machine the one we start from?;The state q0 exists.;['simbolo-q0'];[0.1, 0.2, 0.1, 0.8];-1;-1;False;{'user_input': 'Is the only accepting state in this machine the one we start from?', 'intent': 'fsa-practical', 'argument': 'state', 'dialogue_act': 'Ta:request', 'frame': {'states': '?'}};[0.1, 0.2, 0.1, 0.8]
BaseLine;54;Show me the transition label that connects q3 and q4.;The transition between q3 and q4 is with value 0.;['simbolo-q3-q4'];[1.0, 1.0, 1.0, 1.0];-1;-1;False;{'user_input': 'Show me the transition label that connects q3 and q4.', 'intent': 'fsa-practical', 'argument': 'transition', 'dialogue_act': 'Ta:request', 'frame': {'transitions': [['q3', 'q4', '?']]}};[1.0, 1.0, 1.0, 1.0]
BaseLine;55;I want to know if any state here has no outgoing transitions.;The automaton has 5 transitions: q0 with value 1 goes to q1, q1 with value 1 goes to q2, q2 with value 0 goes to q3, q3 with value 0 goes to q4, q4 with value 0 goes to q0.;['simbolo-q0-q1', 'simbolo-q1-q2', 'simbolo-q2-q3', 'simbolo-q3-q4', 'simbolo-q4-q0'];[0.1, 0.3, 0.2, 1.0];-1;-1;False;{'user_input': 'I want to know if any state here has no outgoing transitions.', 'intent': 'fsa-practical', 'argument': 'transition', 'dialogue_act': 'Ta:request', 'frame': {'transitions': []}};[0.1, 0.3, 0.2, 1.0]
BaseLine;56;Which state counts as the first state in this automaton?;The initial state is q0.;['simbolo-q0'];[1.0, 1.0, 1.0, 1.0];-1;-1;False;{'user_input': 'Which state counts as the first state in this automaton?', 'intent': 'fsa-practical', 'argument': 'state', 'dialogue_act': 'Ta:request', 'frame': {'initialState': '?'}};[1.0, 1.0, 1.0, 1.0]
BaseLine;57;Tell me whether this automaton accepts the string 11000.;Could you be more specific?;[];[0.0, 0.1, 0.0, 1.0];-1;-1;False;{'user_input': 'Tell me whether this automaton accepts the string 11000.', 'intent': 'fsa-practical', 'argument': 'language', 'dialogue_act': 'Ta:request', 'frame': {'input': '11000'}};[0.0, 0.1, 0.0, 1.0]
BaseLine;58;Does this machine use just two symbols in its alphabet?;Could you be more specific?;[];[0.0, 0.1, 0.0, 1.0];-1;-1;False;{'user_input': 'Does this machine use just two symbols in its alphabet?', 'intent': 'fsa-practical', 'argument': 'alphabet', 'dialogue_act': 'Ta:request', 'frame': {'alphabetSize': '2'}};[0.0, 0.1, 0.0, 1.0]
BaseLine;59;Explain what kind of language this automaton is supposed to recognize.;Could you be more specific?;[];[0.0, 0.1, 0.0, 1.0];-1;-1;False;{'user_input': 'Explain what kind of language this automaton is supposed to recognize.', 'intent': 'fsa-practical', 'argument': 'language', 'dialogue_act': 'Ta:request', 'frame': {'input': '?'}};[0.0, 0.1, 0.0, 1.0]
BaseLine;60;Tell me the total number of arrows between states in this diagram.;The automaton has 5 transitions: q0 with value 1 goes to q1, q1 with value 1 goes to q2, q2 with value 0 goes to q3, q3 with value 0 goes to q4, q4 with value 0 goes to q0.;['simbolo-q0-q1', 'simbolo-q1-q2', 'simbolo-q2-q3', 'simbolo-q3-q4', 'simbolo-q4-q0'];[1.0, 1.0, 1.0, 1.0];-1;-1;False;{'user_input': 'Tell me the total number of arrows between states in this diagram.', 'intent': 'fsa-practical', 'argument': 'transition', 'dialogue_act': 'Ta:request', 'frame': {'numberOfTransitions': '?'}};[1.0, 1.0, 1.0, 1.0]
BaseLine;61;Point out all the states that are considered final in this system.;The final state is q0.;['simbolo-q0'];[1.0, 1.0, 1.0, 1.0];-1;-1;False;{'user_input': 'Point out all the states that are considered final in this system.', 'intent': 'fsa-practical', 'argument': 'state', 'dialogue_act': 'Ta:request', 'frame': {'finalStates': '?'}};[1.0, 1.0, 1.0, 1.0]
BaseLine;62;Is there any direct path from q2 to q4 in the picture?;The automaton accepts zero or more words formed by a sequence of the type 11000. In total there are 5 states: q0, q1, q2, q3 and q4. q0 is both the initial and the final state. The transitions are: q0 with value 1 goes to q1, q1 with value 1 goes to q2, q2 with value 0 goes to q3, q3 with value 0 goes to q4, q4 with value 0 goes to q0.;[];[0.0, 0.3, 0.0, 1.0];-1;-1;False;{'user_input': 'Is there any direct path from q2 to q4 in the picture?', 'intent': 'fsa-practical', 'argument': None, 'dialogue_act': 'Ta:propositionalQuestion', 'frame': {'graphicRepresentation': '?'}};[0.0, 0.3, 0.0, 1.0]
BaseLine;63;Say whether this automaton is deterministic or not.;The automaton accepts zero or more words formed by a sequence of the type 11000. In total there are 5 states: q0, q1, q2, q3 and q4. q0 is both the initial and the final state. The transitions are: q0 with value 1 goes to q1, q1 with value 1 goes to q2, q2 with value 0 goes to q3, q3 with value 0 goes to q4, q4 with value 0 goes to q0.;[];[0.2, 0.4, 0.3, 1.0];-1;-1;False;{'user_input': 'Say whether this automaton is deterministic or not.', 'intent': 'fsa-practical', 'argument': 'automaton', 'dialogue_act': 'Ta:propositionalQuestion', 'frame': {'input': 'automatonType'}};[0.2, 0.4, 0.3, 1.0]
BaseLine;64;Describe the pattern you see in the sequence of transitions around the loop.;Could you be more specific?;[];[0.0, 0.1, 0.0, 1.0];-1;-1;False;{'user_input': 'Describe the pattern you see in the sequence of transitions around the loop.', 'intent': 'fsa-practical', 'argument': 'pattern', 'dialogue_act': 'Ta:request', 'frame': {'patternType': '?'}};[0.0, 0.1, 0.0, 1.0]
BaseLine;65;What output do I get if the input is empty for this automaton?;The automaton accepts zero or more words formed by a sequence of the type 11000. In total there are 5 states: q0, q1, q2, q3 and q4. q0 is both the initial and the final state. The transitions are: q0 with value 1 goes to q1, q1 with value 1 goes to q2, q2 with value 0 goes to q3, q3 with value 0 goes to q4, q4 with value 0 goes to q0.;[];[0.2, 0.4, 0.3, 1.0];-1;-1;False;{'user_input': 'What output do I get if the input is empty for this automaton?', 'intent': 'fsa-practical', 'argument': None, 'dialogue_act': 'Ta:request', 'frame': {'input': ''}};[0.2, 0.4, 0.3, 1.0]
