METRIC;ITERATION;QUESTION;ANSWER;VISUAL_ANSWER;JUDGE_VALUE;FAILS;MUTED;NLU_OUTPUT;METRIC_SCORES
Accuracy;1;Is it possible to go directly from q2 to q4 in this automaton?;The automaton accepts zero or more words formed by a sequence of the type 11000. In total there are 5 states: q0, q1, q2, q3 and q4. q0 is both the initial and the final state. The transitions are: q0 with value 1 goes to q1, q1 with value 1 goes to q2, q2 with value 0 goes to q3, q3 with value 0 goes to q4, q4 with value 0 goes to q0.;[];[0.0, 0.4, 0.3, 1.0];0.1;1;False;{'user_input': 'Is it possible to go directly from q2 to q4 in this automaton?', 'intent': None, 'argument': None, 'dialogue_act': None, 'frame': {}};[0.0, 0.4, 0.3, 1.0]
Accuracy;1;describe the pattern recognized by this automaton.;Could you be more specific?;[];[0.0, 0.1, 0.0, 1.0];0.0;2;False;{'user_input': 'describe the pattern recognized by this automaton.', 'intent': 'fsa-practical', 'argument': 'pattern', 'dialogue_act': 'Ta:request', 'frame': {'patternType': '?'}};[0.0, 0.1, 0.0, 1.0]
Accuracy;1;what is the optimal spatial representation of the pattern recognized by this finite state automaton?;Could you be more specific?;[];[0.1, 0.2, 0.1, 1.0];0.1;3;False;{'user_input': 'what is the optimal spatial representation of the pattern recognized by this finite state automaton?', 'intent': 'fsa-practical', 'argument': 'pattern', 'dialogue_act': 'Ta:request', 'frame': {'optimalSpatialRepresentation': '?'}};[0.1, 0.2, 0.1, 1.0]
Accuracy;1;what is the pattern type of this automaton?;Could you be more specific?;[];[0.1, 0.1, 0.1, 1.0];0.0;4;False;{'user_input': 'what is the pattern type of this automaton?', 'intent': 'fsa-practical', 'argument': 'pattern', 'dialogue_act': 'Ta:request', 'frame': {'patternType': '?'}};[0.1, 0.1, 0.1, 1.0]
Accuracy;1;What are the final states of this automaton?;The final state is q0.;['simbolo-q0'];[1.0, 1.0, 1.0, 1.0];1.0;4;False;{'user_input': 'What are the final states of this automaton?', 'intent': 'fsa-practical', 'argument': 'state', 'dialogue_act': 'Ta:request', 'frame': {'finalStates': '?'}};[1.0, 1.0, 1.0, 1.0]
Accuracy;1;what is the pattern type of this finite state automaton?;Could you be more specific?;[];[0.1, 0.2, 0.1, 1.0];0.0;5;False;{'user_input': 'what is the pattern type of this finite state automaton?', 'intent': 'fsa-practical', 'argument': 'pattern', 'dialogue_act': 'Ta:request', 'frame': {}};[0.1, 0.2, 0.1, 1.0]
Accuracy;1;Does this automaton recognize a specific input pattern, and if so, what is that pattern?;Could you be more specific?;[];[0.0, 0.1, 0.0, 1.0];0.0;6;False;{'user_input': 'Does this automaton recognize a specific input pattern, and if so, what is that pattern?', 'intent': 'fsa-practical', 'argument': 'pattern', 'dialogue_act': 'Ta:request', 'frame': {'pattern': '?'}};[0.0, 0.1, 0.0, 1.0]
Accuracy;1;the pattern recognized by this automaton is the sequence 11000.;Could you be more specific?;[];[0.0, 0.1, 0.0, 1.0];0.0;7;False;{'user_input': 'the pattern recognized by this automaton is the sequence 11000.', 'intent': 'fsa-practical', 'argument': 'pattern', 'dialogue_act': 'Ta:request', 'frame': {'pattern': '11000'}};[0.0, 0.1, 0.0, 1.0]
Accuracy;1;what are the transitions that go from any state to q4 with any input symbol?;the transition is not defined.;[];[1.0, 1.0, 1.0, 1.0];1.0;7;False;{'user_input': 'what are the transitions that go from any state to q4 with any input symbol?', 'intent': 'fsa-practical', 'argument': 'transition', 'dialogue_act': 'Ta:request', 'frame': {'transitions': [['', '', '']]}};[1.0, 1.0, 1.0, 1.0]
Accuracy;1;does the automaton accept the input pattern 11000?;Could you be more specific?;[];[0.0, 0.1, 0.0, 1.0];0.0;8;False;{'user_input': 'does the automaton accept the input pattern 11000?', 'intent': 'fsa-practical', 'argument': 'language', 'dialogue_act': 'Ta:request', 'frame': {'input': '11000'}};[0.0, 0.1, 0.0, 1.0]
Accuracy;1;what is the language accepted by this automaton for the input 11000?;Could you be more specific?;[];[0.0, 0.1, 0.0, 1.0];0.0;9;False;{'user_input': 'what is the language accepted by this automaton for the input 11000?', 'intent': 'fsa-practical', 'argument': 'language', 'dialogue_act': 'Ta:request', 'frame': {'input': '11000'}};[0.0, 0.1, 0.0, 1.0]
Accuracy;1;"The automaton does not accept the input 11000; what is the language recognized by this automaton for the input 11000?";Could you be more specific?;[];[0.0, 0.1, 0.0, 1.0];0.0;10;False;"{'user_input': 'The automaton does not accept the input 11000; what is the language recognized by this automaton for the input 11000?', 'intent': 'fsa-practical', 'argument': 'language', 'dialogue_act': 'Ta:request', 'frame': {'input': '11000'}}";[0.0, 0.1, 0.0, 1.0]
Accuracy;1;What is the graphical representation of the language recognized by this finite state automaton?;Could you be more specific?;[];[0.0, 0.1, 0.0, 1.0];0.0;11;False;{'user_input': 'What is the graphical representation of the language recognized by this finite state automaton?', 'intent': 'fsa-practical', 'argument': 'language', 'dialogue_act': 'Ta:request', 'frame': {'graphicRepresentation': '?'}};[0.0, 0.1, 0.0, 1.0]
Accuracy;1;What is the language accepted by this automaton?;Could you be more specific?;[];[0.0, 0.1, 0.0, 1.0];0.0;12;False;{'user_input': 'What is the language accepted by this automaton?', 'intent': 'fsa-practical', 'argument': 'language', 'dialogue_act': 'Ta:propositionalQuestion', 'frame': {'input': '?'}};[0.0, 0.1, 0.0, 1.0]
Accuracy;1;In the language recognized by this automaton, is there a transition from Q1 to Q2 with input symbol 0?;Could you be more specific?;[];[0.0, 0.1, 0.0, 1.0];0.0;13;False;{'user_input': 'In the language recognized by this automaton, is there a transition from Q1 to Q2 with input symbol 0?', 'intent': 'fsa-practical', 'argument': 'language', 'dialogue_act': 'Ta:propositionalQuestion', 'frame': {'input': '0'}};[0.0, 0.1, 0.0, 1.0]
Accuracy;2;What is the value of the transition from q1 to q2?;The transition between q1 and q2 is with value 1.;['simbolo-q1-q2'];[1.0, 1.0, 1.0, 1.0];1.0;0;False;{'user_input': 'What is the value of the transition from q1 to q2?', 'intent': 'fsa-practical', 'argument': 'transition', 'dialogue_act': 'Ta:request', 'frame': {'transitions': [['q1', 'q2', '?']]}};[1.0, 1.0, 1.0, 1.0]
Accuracy;2;Hi again! Could you tell me what the transition from state q1 to state q2 is in this automaton?;The transition between q1 and q2 is with value 1.;['simbolo-q1-q2'];[1.0, 1.0, 1.0, 1.0];1.0;0;False;{'user_input': 'Hi again! Could you tell me what the transition from state q1 to state q2 is in this automaton?', 'intent': 'fsa-practical', 'argument': 'transition', 'dialogue_act': 'Ta:request', 'frame': {'transitions': [['q1', 'q2', '?']]}};[1.0, 1.0, 1.0, 1.0]
Accuracy;2;What is the label of the transition from state q1 to state q2?;The transition between q1 and q2 is with value 1.;['simbolo-q1-q2'];[1.0, 1.0, 1.0, 1.0];1.0;0;False;{'user_input': 'What is the label of the transition from state q1 to state q2?', 'intent': 'fsa-practical', 'argument': 'transition', 'dialogue_act': 'Ta:request', 'frame': {'transitions': [['q1', 'q2', '?']]}};[1.0, 1.0, 1.0, 1.0]
Accuracy;2;what is the label of this?;The transition between q1 and q2 is with value 1.;['simbolo-q1-q2'];[0.0, 0.1, 0.0, 0.1];0.2;1;False;{'user_input': 'what is the label of this?', 'intent': 'fsa-practical', 'argument': None, 'dialogue_act': 'Ta:request', 'frame': {'transitions': [['q1', 'q2', '?']]}, '_raw_frame': {}};[0.0, 0.1, 0.0, 0.1]
Accuracy;2;What is the missing input symbol for the transition from state q1 to state q2?;The automaton has 5 transitions: q0 with value 1 goes to q1, q1 with value 1 goes to q2, q2 with value 0 goes to q3, q3 with value 0 goes to q4, q4 with value 0 goes to q0.;['simbolo-q0-q1', 'simbolo-q1-q2', 'simbolo-q2-q3', 'simbolo-q3-q4', 'simbolo-q4-q0'];[0.0, 0.2, 0.0, 0.9];0.0;2;False;{'user_input': 'What is the missing input symbol for the transition from state q1 to state q2?', 'intent': 'fsa-practical', 'argument': 'transition', 'dialogue_act': 'Ta:request', 'frame': {'input': '?'}};[0.0, 0.2, 0.0, 0.9]
Accuracy;2;Which transitions start from the initial state q3 in this automaton?;the transition is not defined.;[];[0.0, 0.2, 0.0, 1.0];1.0;2;False;{'user_input': 'Which transitions start from the initial state q3 in this automaton?', 'intent': 'fsa-practical', 'argument': 'transition', 'dialogue_act': 'Ta:request', 'frame': {'transitions': [['q3', '?', '?']]}};[0.0, 0.2, 0.0, 1.0]
Accuracy;2;Set a question on the transitions of this automaton, where the input string is unknown.;The automaton accepts zero or more words formed by a sequence of the type 11000. In total there are 5 states: q0, q1, q2, q3 and q4. q0 is both the initial and the final state. The transitions are: q0 with value 1 goes to q1, q1 with value 1 goes to q2, q2 with value 0 goes to q3, q3 with value 0 goes to q4, q4 with value 0 goes to q0.;[];[0.2, 0.3, 0.3, 1.0];0.2;3;False;{'user_input': 'Set a question on the transitions of this automaton, where the input string is unknown.', 'intent': 'fsa-practical', 'argument': 'automaton', 'dialogue_act': 'Ta:propositionalQuestion', 'frame': {'transitions': []}};[0.2, 0.3, 0.3, 1.0]
Accuracy;2;Could you show me the transitions of this automaton using a triangle as the graphic representation?;The automaton has 5 transitions: q0 with value 1 goes to q1, q1 with value 1 goes to q2, q2 with value 0 goes to q3, q3 with value 0 goes to q4, q4 with value 0 goes to q0.;['simbolo-q0-q1', 'simbolo-q1-q2', 'simbolo-q2-q3', 'simbolo-q3-q4', 'simbolo-q4-q0'];[0.4, 0.5, 0.4, 0.3];0.4;3;False;{'user_input': 'Could you show me the transitions of this automaton using a triangle as the graphic representation?', 'intent': 'fsa-practical', 'argument': 'transition', 'dialogue_act': 'Ta:request', 'frame': {'graphicRepresentation': 'triangle'}};[0.4, 0.5, 0.4, 0.3]
Accuracy;2;What are the transitions for the input string?;The automaton has 5 transitions: q0 with value 1 goes to q1, q1 with value 1 goes to q2, q2 with value 0 goes to q3, q3 with value 0 goes to q4, q4 with value 0 goes to q0.;['simbolo-q0-q1', 'simbolo-q1-q2', 'simbolo-q2-q3', 'simbolo-q3-q4', 'simbolo-q4-q0'];[0.95, 0.95, 1.0, 1.0];0.95;3;False;{'user_input': 'What are the transitions for the input string?', 'intent': 'fsa-practical', 'argument': 'transition', 'dialogue_act': 'Ta:request', 'frame': {'transitions': []}};[0.95, 0.95, 1.0, 1.0]
Accuracy;2;Set a question about the transitions by asking: “What input string should I try on this automaton?”;The automaton has 5 transitions: q0 with value 1 goes to q1, q1 with value 1 goes to q2, q2 with value 0 goes to q3, q3 with value 0 goes to q4, q4 with value 0 goes to q0.;['simbolo-q0-q1', 'simbolo-q1-q2', 'simbolo-q2-q3', 'simbolo-q3-q4', 'simbolo-q4-q0'];[0.2, 0.3, 0.5, 0.9];0.2;4;False;{'user_input': 'Set a question about the transitions by asking: “What input string should I try on this automaton?”', 'intent': 'fsa-practical', 'argument': 'transition', 'dialogue_act': 'Ta:propositionalQuestion', 'frame': {'input': '?'}};[0.2, 0.3, 0.5, 0.9]
Accuracy;3;Does this automaton accept the input string 11000?;Could you be more specific?;[];[0.0, 0.1, 0.0, 1.0];0.0;1;False;{'user_input': 'Does this automaton accept the input string 11000?', 'intent': 'fsa-practical', 'argument': 'language', 'dialogue_act': 'Ta:propositionalQuestion', 'frame': {'input': '11000'}};[0.0, 0.1, 0.0, 1.0]
Accuracy;3;What is the language accepted by this automaton for the input 11000?;Could you be more specific?;[];[0.0, 0.1, 0.0, 1.0];0.0;2;False;{'user_input': 'What is the language accepted by this automaton for the input 11000?', 'intent': 'fsa-practical', 'argument': 'language', 'dialogue_act': 'Ta:request', 'frame': {'input': '11000'}};[0.0, 0.1, 0.0, 1.0]
Accuracy;3;in this automaton, which states have no outgoing transitions?;The state q0 exists.;['simbolo-q0'];[0.0, 0.2, 0.0, 0.1];0.0;3;False;{'user_input': 'in this automaton, which states have no outgoing transitions?', 'intent': 'fsa-practical', 'argument': 'state', 'dialogue_act': 'Ta:request', 'frame': {'states': '?'}};[0.0, 0.2, 0.0, 0.1]
Accuracy;3;How many states does this automaton have?;This automaton has 5 states;['simbolo-q0', 'simbolo-q1', 'simbolo-q2', 'simbolo-q3', 'simbolo-q4'];[1.0, 1.0, 1.0, 1.0];1.0;3;False;{'user_input': 'How many states does this automaton have?', 'intent': 'fsa-practical', 'argument': 'state', 'dialogue_act': 'Ta:request', 'frame': {'numberOfStates': '?'}};[1.0, 1.0, 1.0, 1.0]
Accuracy;3;what are the states of this automaton?;The state q0 exists.;['simbolo-q0'];[0.2, 0.4, 0.2, 0.8];0.2;4;False;{'user_input': 'what are the states of this automaton?', 'intent': 'fsa-practical', 'argument': 'state', 'dialogue_act': 'Ta:request', 'frame': {'states': '?'}};[0.2, 0.4, 0.2, 0.8]
Accuracy;3;given the current automaton shown on the tablet, can you tell me the resulting state for the input string 110000, or does it not match any valid computation?;The state q0 exists.;['simbolo-q0'];[0.0, 0.2, 0.0, 0.2];0.0;5;False;{'user_input': 'given the current automaton shown on the tablet, can you tell me the resulting state for the input string 110000, or does it not match any valid computation?', 'intent': 'fsa-practical', 'argument': 'state', 'dialogue_act': 'Ta:request', 'frame': {'states': '?'}};[0.0, 0.2, 0.0, 0.2]
Accuracy;3;"Oops, I misspoke about the states; can you tell me what the states of this finite state automaton are?";The state q0 exists.;['simbolo-q0'];[0.2, 0.4, 0.2, 0.9];0.2;6;False;"{'user_input': 'Oops, I misspoke about the states; can you tell me what the states of this finite state automaton are?', 'intent': 'fsa-practical', 'argument': 'state', 'dialogue_act': 'Ta:request', 'frame': {'states': '?'}}";[0.2, 0.4, 0.2, 0.9]
Accuracy;3;What is the language recognized by this automaton in the example?;Could you be more specific?;[];[0.0, 0.1, 0.0, 1.0];0.0;7;False;{'user_input': 'What is the language recognized by this automaton in the example?', 'intent': 'fsa-practical', 'argument': 'language', 'dialogue_act': 'Ta:request', 'frame': {'input': '?'}};[0.0, 0.1, 0.0, 1.0]
Accuracy;3;Which input strings does this automaton accept?;Could you be more specific?;[];[0.0, 0.1, 0.0, 1.0];0.0;8;False;{'user_input': 'Which input strings does this automaton accept?', 'intent': 'fsa-practical', 'argument': 'language', 'dialogue_act': 'Ta:request', 'frame': {'input': '?'}};[0.0, 0.1, 0.0, 1.0]
Accuracy;3;What is the language accepted by this finite state automaton for an input string?;Could you be more specific?;[];[0.0, 0.1, 0.0, 1.0];0.0;9;False;{'user_input': 'What is the language accepted by this finite state automaton for an input string?', 'intent': 'fsa-practical', 'argument': 'language', 'dialogue_act': 'Ta:request', 'frame': {'input': '?'}};[0.0, 0.1, 0.0, 1.0]
Accuracy;3;Hi again! For this automaton, what is the language it recognizes for a given input string?;Could you be more specific?;[];[0.1, 0.2, 0.1, 1.0];0.1;10;False;{'user_input': 'Hi again! For this automaton, what is the language it recognizes for a given input string?', 'intent': 'fsa-practical', 'argument': 'language', 'dialogue_act': 'Ta:request', 'frame': {'input': '?', 'output': '?'}};[0.1, 0.2, 0.1, 1.0]
Accuracy;3;what is the language accepted by this automaton for the input string ?;Could you be more specific?;[];[0.1, 0.1, 0.1, 1.0];0.0;11;False;{'user_input': 'what is the language accepted by this automaton for the input string ?', 'intent': 'fsa-practical', 'argument': 'language', 'dialogue_act': 'Ta:propositionalQuestion', 'frame': {'input': '?'}};[0.1, 0.1, 0.1, 1.0]
Accuracy;3;what is the input that this automaton accepts?;Could you be more specific?;[];[0.0, 0.1, 0.0, 1.0];0.0;12;False;{'user_input': 'what is the input that this automaton accepts?', 'intent': 'fsa-practical', 'argument': 'language', 'dialogue_act': 'Ta:request', 'frame': {'input': '?'}};[0.0, 0.1, 0.0, 1.0]
Accuracy;3;what is the language accepted by this finite state automaton for the input string ?;Could you be more specific?;[];[0.1, 0.1, 0.1, 1.0];0.0;13;False;{'user_input': 'what is the language accepted by this finite state automaton for the input string ?', 'intent': 'fsa-practical', 'argument': 'language', 'dialogue_act': 'Ta:request', 'frame': {'input': '?'}};[0.1, 0.1, 0.1, 1.0]
Accuracy;3;what is the language accepted by this automaton for the input string?;Could you be more specific?;[];[0.0, 0.1, 0.0, 1.0];0.1;14;False;{'user_input': 'what is the language accepted by this automaton for the input string?', 'intent': 'fsa-practical', 'argument': 'language', 'dialogue_act': 'Ta:request', 'frame': {'input': '?'}};[0.0, 0.1, 0.0, 1.0]
Accuracy;4;Is q0 the only final state or are there other accepting states?;MUTATION The automaton has 5 states: q0, q1, q2,;['simbolo-q0', 'simbolo-q1', 'simbolo-q2', 'simbolo-q3', 'simbolo-q4'];[0.1, 0.2, 0.1, 0.8];0.0;1;True;{'user_input': 'Is q0 the only final state or are there other accepting states?', 'intent': 'fsa-practical', 'argument': 'state', 'dialogue_act': 'Ta:request', 'frame': {'state': 'q0'}};[0.1, 0.2, 0.1, 0.8]
Accuracy;4;For the input string `11000`, what is the state of the automaton at the end of the computation if the output is denied?;The automaton accepts zero or more words formed by a sequence of the type 11000. In total there are 5 states: q0, q1, q2, q3 and q4. q0 is both the initial and the final state. The transitions are: q0 with value 1 goes to q1, q1 with value 1 goes to q2, q2 with value 0 goes to q3, q3 with value 0 goes to q4, q4 with value 0 goes to q0.;[];[0.2, 0.4, 0.3, 1.0];0.2;2;False;{'user_input': 'For the input string `11000`, what is the state of the automaton at the end of the computation if the output is denied?', 'intent': None, 'argument': None, 'dialogue_act': None, 'frame': {}};[0.2, 0.4, 0.3, 1.0]
Accuracy;4;what information can you give me about this in this automaton?;The state q0 exists.;['simbolo-q0'];[0.2, 0.3, 0.1, 0.9];0.2;3;False;{'user_input': 'what information can you give me about this in this automaton?', 'intent': 'fsa-practical', 'argument': 'state', 'dialogue_act': 'Ta:request', 'frame': {'states': ['q0']}, '_raw_frame': {'state': '?'}};[0.2, 0.3, 0.1, 0.9]
Accuracy;4;from this in this automaton, what practical information can you tell me about that?;Could you be more specific?;[];[0.2, 0.2, 0.2, 1.0];0.1;4;False;{'user_input': 'from this in this automaton, what practical information can you tell me about that?', 'intent': 'fsa-practical', 'argument': 'language', 'dialogue_act': 'Ta:request', 'frame': {'initialState': 'q0', 'states': ['q0']}, '_raw_frame': {'input': '?'}};[0.2, 0.2, 0.2, 1.0]
Accuracy;4;From the initial state q0 of this automaton, what happens next in practical terms?;The transition between q0 and q1 is with value 1.;['simbolo-q0-q1'];[1.0, 1.0, 1.0, 1.0];1.0;4;False;{'user_input': 'From the initial state q0 of this automaton, what happens next in practical terms?', 'intent': 'fsa-practical', 'argument': 'transition', 'dialogue_act': 'Ta:request', 'frame': {'transitions': [['q0', 'q1', '?']]}};[1.0, 1.0, 1.0, 1.0]
Accuracy;4;thank you for explaining the automaton and its states, especially this.;The automaton accepts zero or more words formed by a sequence of the type 11000. In total there are 5 states: q0, q1, q2, q3 and q4. q0 is both the initial and the final state. The transitions are: q0 with value 1 goes to q1, q1 with value 1 goes to q2, q2 with value 0 goes to q3, q3 with value 0 goes to q4, q4 with value 0 goes to q0.;[];[0.95, 0.9, 1.0, 1.0];0.95;4;False;{'user_input': 'thank you for explaining the automaton and its states, especially this.', 'intent': 'fsa-practical', 'argument': 'automaton', 'dialogue_act': 'Ta:propositionalQuestion', 'frame': {'states': ['q0']}, '_raw_frame': {'answer': 'thankYou'}};[0.95, 0.9, 1.0, 1.0]
Accuracy;5;What kind of language does this automaton recognize, regular or not?;Could you be more specific?;[];[0.0, 0.1, 0.0, 1.0];0.0;1;False;{'user_input': 'What kind of language does this automaton recognize, regular or not?', 'intent': 'fsa-practical', 'argument': 'language', 'dialogue_act': 'Ta:propositionalQuestion', 'frame': {'input': '?'}};[0.0, 0.1, 0.0, 1.0]
Accuracy;5;what is the number of states of the language recognized by this automaton?;This automaton has 5 states;['simbolo-q0', 'simbolo-q1', 'simbolo-q2', 'simbolo-q3', 'simbolo-q4'];[1.0, 1.0, 1.0, 1.0];1.0;1;False;{'user_input': 'what is the number of states of the language recognized by this automaton?', 'intent': 'fsa-practical', 'argument': 'state', 'dialogue_act': 'Ta:request', 'frame': {'numberOfStates': '?'}};[1.0, 1.0, 1.0, 1.0]
Accuracy;5;What is the language accepted by the automaton shown in the graphical representation?;Could you be more specific?;[];[0.0, 0.1, 0.0, 1.0];0.0;2;False;{'user_input': 'What is the language accepted by the automaton shown in the graphical representation?', 'intent': 'fsa-practical', 'argument': 'language', 'dialogue_act': 'Ta:request', 'frame': {'input': '?'}};[0.0, 0.1, 0.0, 1.0]
Accuracy;5;can you explain the difference between deterministic and non-deterministic finite state automata?;The automaton accepts zero or more words formed by a sequence of the type 11000. In total there are 5 states: q0, q1, q2, q3 and q4. q0 is both the initial and the final state. The transitions are: q0 with value 1 goes to q1, q1 with value 1 goes to q2, q2 with value 0 goes to q3, q3 with value 0 goes to q4, q4 with value 0 goes to q0.;[];[0.1, 0.1, 0.1, 1.0];0.1;3;False;{'user_input': 'can you explain the difference between deterministic and non-deterministic finite state automata?', 'intent': 'fsa-practical', 'argument': 'automaton', 'dialogue_act': 'Ta:request', 'frame': {}};[0.1, 0.1, 0.1, 1.0]
Accuracy;5;What is the language accepted by this automaton for the input string?;Could you be more specific?;[];[0.1, 0.2, 0.1, 1.0];0.1;4;False;{'user_input': 'What is the language accepted by this automaton for the input string?', 'intent': 'fsa-practical', 'argument': 'language', 'dialogue_act': 'Ta:propositionalQuestion', 'frame': {'input': '?'}};[0.1, 0.2, 0.1, 1.0]
Accuracy;5;"i think i got the language of this automaton wrong before; can you help me figure out what language it accepts for a given input string?";The automaton accepts zero or more words formed by a sequence of the type 11000. In total there are 5 states: q0, q1, q2, q3 and q4. q0 is both the initial and the final state. The transitions are: q0 with value 1 goes to q1, q1 with value 1 goes to q2, q2 with value 0 goes to q3, q3 with value 0 goes to q4, q4 with value 0 goes to q0.;[];[0.95, 1.0, 1.0, 1.0];0.95;4;False;"{'user_input': 'i think i got the language of this automaton wrong before; can you help me figure out what language it accepts for a given input string?', 'intent': 'fsa-practical', 'argument': None, 'dialogue_act': 'Ta:request', 'frame': {}}";[0.95, 1.0, 1.0, 1.0]
Accuracy;5;what input strings does this automaton accept?;Could you be more specific?;[];[0.0, 0.1, 0.0, 1.0];0.0;5;False;{'user_input': 'what input strings does this automaton accept?', 'intent': 'fsa-practical', 'argument': 'language', 'dialogue_act': 'Ta:request', 'frame': {'input': '?'}};[0.0, 0.1, 0.0, 1.0]
Accuracy;5;what is the language accepted by this automaton for an input string?;Could you be more specific?;[];[0.0, 0.1, 0.0, 1.0];0.0;6;False;{'user_input': 'what is the language accepted by this automaton for an input string?', 'intent': 'fsa-practical', 'argument': 'language', 'dialogue_act': 'Ta:request', 'frame': {'input': '?'}};[0.0, 0.1, 0.0, 1.0]
Accuracy;5;what is the language recognized by this automaton when its graphical representation is a triangle?;Could you be more specific?;[];[0.1, 0.2, 0.1, 1.0];0.0;7;False;{'user_input': 'what is the language recognized by this automaton when its graphical representation is a triangle?', 'intent': 'fsa-practical', 'argument': 'language', 'dialogue_act': 'Ta:request', 'frame': {'graphicRepresentation': 'triangle'}};[0.1, 0.2, 0.1, 1.0]
Accuracy;5;what is the language accepted by the automaton if the only final state is q3?;Could you be more specific?;[];[0.0, 0.1, 0.0, 1.0];0.0;8;False;{'user_input': 'what is the language accepted by the automaton if the only final state is q3?', 'intent': 'fsa-practical', 'argument': 'language', 'dialogue_act': 'Ta:request', 'frame': {'finalStates': 'q3'}};[0.0, 0.1, 0.0, 1.0]
Accuracy;5;what is the language accepted by the automaton if the only final state is q3?;Could you be more specific?;[];[0.0, 0.1, 0.0, 1.0];0.0;9;False;{'user_input': 'what is the language accepted by the automaton if the only final state is q3?', 'intent': 'fsa-practical', 'argument': 'language', 'dialogue_act': 'Ta:request', 'frame': {'finalStates': 'q3'}};[0.0, 0.1, 0.0, 1.0]
Accuracy;5;What is the language accepted by this automaton if the only final state is q3?;Could you be more specific?;[];[0.0, 0.1, 0.0, 1.0];0.0;10;False;{'user_input': 'What is the language accepted by this automaton if the only final state is q3?', 'intent': 'fsa-practical', 'argument': 'language', 'dialogue_act': 'Ta:request', 'frame': {'finalStates': 'q3'}};[0.0, 0.1, 0.0, 1.0]
Accuracy;5;"the language accepted by this automaton does not have q3 as a final state; the only final state is q0.";Could you be more specific?;[];[0.1, 0.1, 0.1, 1.0];0.1;11;False;"{'user_input': 'the language accepted by this automaton does not have q3 as a final state; the only final state is q0.', 'intent': 'fsa-practical', 'argument': 'language', 'dialogue_act': 'Ta:request', 'frame': {'finalStates': 'q0'}}";[0.1, 0.1, 0.1, 1.0]
Accuracy;5;which state is the final state of this automaton, q3?;The final state is q0.;['simbolo-q0'];[1.0, 1.0, 1.0, 1.0];1.0;11;False;{'user_input': 'which state is the final state of this automaton, q3?', 'intent': 'fsa-practical', 'argument': 'state', 'dialogue_act': 'Ta:request', 'frame': {'finalStates': 'q3'}};[1.0, 1.0, 1.0, 1.0]
Accuracy;5;Is q3 a final state of this automaton?;The final state is q0.;['simbolo-q0'];[0.95, 0.95, 1.0, 0.9];1.0;11;False;{'user_input': 'Is q3 a final state of this automaton?', 'intent': 'fsa-practical', 'argument': 'state', 'dialogue_act': 'Ta:request', 'frame': {'finalStates': 'q3'}};[0.95, 0.95, 1.0, 0.9]
Relevancy;1;Can I go directly from q2 to q4 in this automaton?;there is no transition between q2 and q4.;[];[1.0, 1.0, 1.0, 1.0];1.0;0;False;{'user_input': 'Can I go directly from q2 to q4 in this automaton?', 'intent': 'fsa-practical', 'argument': 'transition', 'dialogue_act': 'Ta:propositionalQuestion', 'frame': {'transitions': [['q2', 'q4', '?']]}};[1.0, 1.0, 1.0, 1.0]
Relevancy;1;to which state does the transition lead when the automaton reads a 0 from this?;The state q3 exists.;['simbolo-q3'];[0.0, 0.1, 0.0, 0.0];0.2;1;False;{'user_input': 'to which state does the transition lead when the automaton reads a 0 from this?', 'intent': 'fsa-practical', 'argument': 'state', 'dialogue_act': 'Ta:request', 'frame': {'states': ['q3']}, '_raw_frame': {}};[0.0, 0.1, 0.0, 0.0]
Relevancy;1;which states are present in this automaton, for example including this?;The state q3 exists.;['simbolo-q3'];[0.3, 0.4, 0.2, 0.9];0.4;1;False;{'user_input': 'which states are present in this automaton, for example including this?', 'intent': 'fsa-practical', 'argument': 'state', 'dialogue_act': 'Ta:request', 'frame': {'states': ['q3']}, '_raw_frame': {'states': '?'}};[0.3, 0.4, 0.2, 0.9]
Relevancy;1;Which information can you give me about the state q3 of this automaton?;The state q3 exists.;['simbolo-q3'];[0.2, 0.3, 0.2, 0.9];0.3;2;False;{'user_input': 'Which information can you give me about the state q3 of this automaton?', 'intent': 'fsa-practical', 'argument': 'state', 'dialogue_act': 'Ta:request', 'frame': {'states': ['q3']}};[0.2, 0.3, 0.2, 0.9]
Relevancy;1;Can you list all the states of the automaton starting from q3?;The state q0 exists.;['simbolo-q0'];[0.1, 0.2, 0.2, 0.8];0.2;3;False;{'user_input': 'Can you list all the states of the automaton starting from q3?', 'intent': 'fsa-practical', 'argument': 'state', 'dialogue_act': 'Ta:request', 'frame': {'states': 'q3'}};[0.1, 0.2, 0.2, 0.8]
Relevancy;1;What are the transitions that involve state Q4?;the transition is not defined.;[];[0.0, 0.2, 0.0, 1.0];0.2;4;False;{'user_input': 'What are the transitions that involve state Q4?', 'intent': 'fsa-practical', 'argument': 'transition', 'dialogue_act': 'Ta:request', 'frame': {'transitions': [['Q4', '?', '?']]}};[0.0, 0.2, 0.0, 1.0]
Relevancy;1;What is the transition that starts from state Q4?;the transition is not defined.;[];[0.0, 0.2, 0.0, 1.0];0.2;5;False;{'user_input': 'What is the transition that starts from state Q4?', 'intent': 'fsa-practical', 'argument': 'transition', 'dialogue_act': 'Ta:request', 'frame': {'transitions': [['Q4', '?', '?']]}};[0.0, 0.2, 0.0, 1.0]
Relevancy;1;Which transitions start from state q2 in this automaton?;the transition is not defined.;[];[0.0, 0.2, 0.0, 1.0];0.2;6;False;{'user_input': 'Which transitions start from state q2 in this automaton?', 'intent': 'fsa-practical', 'argument': 'transition', 'dialogue_act': 'Ta:request', 'frame': {'transitions': [['q2', '?', '?']]}};[0.0, 0.2, 0.0, 1.0]
Relevancy;1;what is the transition that starts from this?;There is no transition between q2 and q0.;[];[0.0, 0.0, 0.0, 1.0];0.0;7;False;{'user_input': 'what is the transition that starts from this?', 'intent': 'fsa-practical', 'argument': 'transition', 'dialogue_act': 'Ta:request', 'frame': {'states': ['q2']}, '_raw_frame': {'transitions': []}};[0.0, 0.0, 0.0, 1.0]
Relevancy;1;which of the two states q1 and q2 is the initial state of the automaton?;It is not the initial state.;[];[0.0, 0.2, 0.0, 1.0];0.2;8;False;{'user_input': 'which of the two states q1 and q2 is the initial state of the automaton?', 'intent': 'fsa-practical', 'argument': 'state', 'dialogue_act': 'Ta:request', 'frame': {'initialState': 'q1'}};[0.0, 0.2, 0.0, 1.0]
Relevancy;1;What is the pattern that involves the state q2 in this automaton?;Could you be more specific?;[];[0.0, 0.2, 0.0, 1.0];0.2;9;False;{'user_input': 'What is the pattern that involves the state q2 in this automaton?', 'intent': 'fsa-practical', 'argument': 'pattern', 'dialogue_act': 'Ta:request', 'frame': {'patternType': '?'}};[0.0, 0.2, 0.0, 1.0]
Relevancy;1;what are the transitions that start from this?;There is no transition between q2 and q0.;[];[0.0, 0.0, 0.0, 0.9];0.1;10;False;{'user_input': 'what are the transitions that start from this?', 'intent': 'fsa-practical', 'argument': 'transition', 'dialogue_act': 'Ta:request', 'frame': {'states': ['q2']}, '_raw_frame': {'transitions': []}};[0.0, 0.0, 0.0, 0.9]
Relevancy;1;How many final states does this automaton have?;MUTATION The automaton has 5 states: q0, q1, q2,;['simbolo-q0', 'simbolo-q1', 'simbolo-q2', 'simbolo-q3', 'simbolo-q4'];[0.0, 0.2, 0.0, 0.3];0.2;11;True;{'user_input': 'How many final states does this automaton have?', 'intent': 'fsa-practical', 'argument': 'state', 'dialogue_act': 'Ta:request', 'frame': {'numberOfFinalStates': '?'}};[0.0, 0.2, 0.0, 0.3]
Relevancy;1;What are the transitions of the automaton if the alphabet is [“2”, “4”]?;The automaton has 5 transitions: q0 with value 1 goes to q1, q1 with value 1 goes to q2, q2 with value 0 goes to q3, q3 with value 0 goes to q4, q4 with value 0 goes to q0.;['simbolo-q0-q1', 'simbolo-q1-q2', 'simbolo-q2-q3', 'simbolo-q3-q4', 'simbolo-q4-q0'];[0.0, 0.2, 0.0, 0.2];0.4;11;False;{'user_input': 'What are the transitions of the automaton if the alphabet is [“2”, “4”]?', 'intent': 'fsa-practical', 'argument': 'transition', 'dialogue_act': 'Ta:request', 'frame': {'alphabet': '2'}};[0.0, 0.2, 0.0, 0.2]
Relevancy;2;What is the symbol on the transition from q1 to q2?;The transition between q1 and q2 is with value 1.;['simbolo-q1-q2'];[1.0, 1.0, 1.0, 1.0];1.0;0;False;{'user_input': 'What is the symbol on the transition from q1 to q2?', 'intent': 'fsa-practical', 'argument': 'transition', 'dialogue_act': 'Ta:request', 'frame': {'transitions': [['q1', 'q2', '?']]}};[1.0, 1.0, 1.0, 1.0]
Relevancy;2;What is the symbol of the transition from state q1 to state q2?;The transition between q1 and q2 is with value 1.;['simbolo-q1-q2'];[1.0, 1.0, 1.0, 1.0];1.0;0;False;{'user_input': 'What is the symbol of the transition from state q1 to state q2?', 'intent': 'fsa-practical', 'argument': 'transition', 'dialogue_act': 'Ta:request', 'frame': {'transitions': [['q1', 'q2', '?']]}};[1.0, 1.0, 1.0, 1.0]
Relevancy;2;Before we say goodbye, could you tell me what the symbol is on the transition from q1 to q2?;The transition between q1 and q2 is with value 1.;['simbolo-q1-q2'];[1.0, 1.0, 1.0, 1.0];1.0;0;False;{'user_input': 'Before we say goodbye, could you tell me what the symbol is on the transition from q1 to q2?', 'intent': 'fsa-practical', 'argument': 'transition', 'dialogue_act': 'Ta:request', 'frame': {'transitions': [['q1', 'q2', '?']]}};[1.0, 1.0, 1.0, 1.0]
Relevancy;2;what is this?;Could you be more specific?;[];[0.1, 0.2, 0.1, 1.0];0.1;1;False;{'user_input': 'what is this?', 'intent': 'fsa-practical', 'argument': 'language', 'dialogue_act': 'Ta:request', 'frame': {'transitions': [['q1', 'q2', '?']]}, '_raw_frame': {'input': '?'}};[0.1, 0.2, 0.1, 1.0]
Relevancy;2;What is the label of the transition from state q1 to state q2?;The transition between q1 and q2 is with value 1.;['simbolo-q1-q2'];[1.0, 1.0, 1.0, 1.0];1.0;1;False;{'user_input': 'What is the label of the transition from state q1 to state q2?', 'intent': 'fsa-practical', 'argument': 'transition', 'dialogue_act': 'Ta:request', 'frame': {'transitions': [['q1', 'q2', '?']]}};[1.0, 1.0, 1.0, 1.0]
Relevancy;2;what is the language of the automaton for this?;Could you be more specific?;[];[0.0, 0.1, 0.0, 1.0];0.2;2;False;{'user_input': 'what is the language of the automaton for this?', 'intent': 'fsa-practical', 'argument': 'language', 'dialogue_act': 'Ta:request', 'frame': {'transitions': [['q1', 'q2', '?']]}, '_raw_frame': {'automatonType': '?'}};[0.0, 0.1, 0.0, 1.0]
Relevancy;2;"The transition label between q1 and q2 is wrong for the language of this automaton; what should it be instead of “?”?";The transition between q1 and q2 is with value 1.;['simbolo-q1-q2'];[0.0, 0.9, 0.0, 0.9];0.9;2;False;"{'user_input': 'The transition label between q1 and q2 is wrong for the language of this automaton; what should it be instead of “?”?', 'intent': 'fsa-practical', 'argument': 'transition', 'dialogue_act': 'Ta:request', 'frame': {'transitions': [['q1', 'q2', '?']]}}";[0.0, 0.9, 0.0, 0.9]
Relevancy;2;What is the language recognized by the transition from state q1 to state q2?;Could you be more specific?;[];[0.0, 0.1, 0.0, 1.0];0.1;3;False;{'user_input': 'What is the language recognized by the transition from state q1 to state q2?', 'intent': 'fsa-practical', 'argument': 'language', 'dialogue_act': 'Ta:request', 'frame': {'transitions': [['q1', 'q2', '?']]}};[0.0, 0.1, 0.0, 1.0]
Relevancy;2;what is the language accepted by the automaton if the initial state is q3?;Could you be more specific?;[];[0.0, 0.1, 0.0, 1.0];0.1;4;False;{'user_input': 'what is the language accepted by the automaton if the initial state is q3?', 'intent': 'fsa-practical', 'argument': 'language', 'dialogue_act': 'Ta:request', 'frame': {'initialState': 'q3'}};[0.0, 0.1, 0.0, 1.0]
Relevancy;2;what is the pattern type of the language recognized by this finite state automaton?;Could you be more specific?;[];[0.0, 0.1, 0.0, 1.0];0.1;5;False;{'user_input': 'what is the pattern type of the language recognized by this finite state automaton?', 'intent': 'fsa-practical', 'argument': 'pattern', 'dialogue_act': 'Ta:request', 'frame': {'patternType': '?'}};[0.0, 0.1, 0.0, 1.0]
Relevancy;2;What input pattern makes this automaton produce the denied output?;Could you be more specific?;[];[0.1, 0.2, 0.1, 1.0];0.2;6;False;{'user_input': 'What input pattern makes this automaton produce the denied output?', 'intent': 'fsa-practical', 'argument': 'pattern', 'dialogue_act': 'Ta:request', 'frame': {'input': '?'}};[0.1, 0.2, 0.1, 1.0]
Relevancy;2;Does this automaton accept all strings that contain the pattern 11000 at least once?;Could you be more specific?;[];[0.0, 0.1, 0.0, 1.0];0.1;7;False;{'user_input': 'Does this automaton accept all strings that contain the pattern 11000 at least once?', 'intent': 'fsa-practical', 'argument': 'language', 'dialogue_act': 'Ta:propositionalQuestion', 'frame': {'pattern': '11000'}};[0.0, 0.1, 0.0, 1.0]
Relevancy;2;What is the language accepted by this automaton for the input pattern 11000?;Could you be more specific?;[];[0.0, 0.1, 0.0, 1.0];0.1;8;False;{'user_input': 'What is the language accepted by this automaton for the input pattern 11000?', 'intent': 'fsa-practical', 'argument': 'language', 'dialogue_act': 'Ta:request', 'frame': {'input': '11000'}};[0.0, 0.1, 0.0, 1.0]
Relevancy;2;for this automaton, what is the language it recognizes if the initial state is q3?;Could you be more specific?;[];[0.0, 0.1, 0.0, 1.0];0.1;9;False;{'user_input': 'for this automaton, what is the language it recognizes if the initial state is q3?', 'intent': 'fsa-practical', 'argument': 'language', 'dialogue_act': 'Ta:request', 'frame': {'initialState': 'q3'}};[0.0, 0.1, 0.0, 1.0]
Relevancy;2;"I’m done asking questions about the language of this automaton; could you please confirm that the initial state is q3 so I can finish my practical exercise?";It is not the initial state.;[];[1.0, 1.0, 1.0, 1.0];1.0;9;False;"{'user_input': 'I’m done asking questions about the language of this automaton; could you please confirm that the initial state is q3 so I can finish my practical exercise?', 'intent': 'fsa-practical', 'argument': 'state', 'dialogue_act': 'Ta:request', 'frame': {'initialState': 'q3'}}";[1.0, 1.0, 1.0, 1.0]
Relevancy;3;Is q0 the only final state or are there other accepting states?;The state q0 exists.;['simbolo-q0'];[0.0, 0.1, 0.0, 0.2];0.1;1;False;{'user_input': 'Is q0 the only final state or are there other accepting states?', 'intent': 'fsa-practical', 'argument': 'state', 'dialogue_act': 'Ta:request', 'frame': {'states': '?'}};[0.0, 0.1, 0.0, 0.2]
Relevancy;3;can you tell me what the states of this automaton are?;The state q0 exists.;['simbolo-q0'];[0.2, 0.4, 0.2, 0.9];0.4;1;False;{'user_input': 'can you tell me what the states of this automaton are?', 'intent': 'fsa-practical', 'argument': 'state', 'dialogue_act': 'Ta:request', 'frame': {'states': '?'}};[0.2, 0.4, 0.2, 0.9]
Relevancy;3;Can you tell me what the states of this automaton are?;The state q0 exists.;['simbolo-q0'];[0.2, 0.3, 0.2, 0.9];0.4;1;False;{'user_input': 'Can you tell me what the states of this automaton are?', 'intent': 'fsa-practical', 'argument': 'state', 'dialogue_act': 'Ta:request', 'frame': {'states': '?'}};[0.2, 0.3, 0.2, 0.9]
Relevancy;3;the automaton has 5 states: q0, q1, q2, q3 and q4.;MUTATION The automaton has 5 states: q0, q1, q2,;['simbolo-q0', 'simbolo-q1', 'simbolo-q2', 'simbolo-q3', 'simbolo-q4'];[0.6, 0.7, 0.6, 1.0];0.8;1;True;{'user_input': 'the automaton has 5 states: q0, q1, q2, q3 and q4.', 'intent': 'fsa-practical', 'argument': 'state', 'dialogue_act': 'Ta:request', 'frame': {'stateNames': 'q0'}};[0.6, 0.7, 0.6, 1.0]
Relevancy;3;can you tell me which state the automaton ends in if the input is rejected (output denied)?;The state q0 exists.;['simbolo-q0'];[0.1, 0.2, 0.1, 0.8];0.1;2;False;{'user_input': 'can you tell me which state the automaton ends in if the input is rejected (output denied)?', 'intent': 'fsa-practical', 'argument': 'state', 'dialogue_act': 'Ta:request', 'frame': {'states': '?'}};[0.1, 0.2, 0.1, 0.8]
Relevancy;3;Can you tell me what the states of this automaton are?;The state q0 exists.;['simbolo-q0'];[0.2, 0.4, 0.2, 0.9];0.4;2;False;{'user_input': 'Can you tell me what the states of this automaton are?', 'intent': 'fsa-practical', 'argument': 'state', 'dialogue_act': 'Ta:request', 'frame': {'states': '?'}};[0.2, 0.4, 0.2, 0.9]
Relevancy;3;What are the states of this automaton?;The state q0 exists.;['simbolo-q0'];[0.2, 0.4, 0.2, 0.6];0.3;3;False;{'user_input': 'What are the states of this automaton?', 'intent': 'fsa-practical', 'argument': 'state', 'dialogue_act': 'Ta:request', 'frame': {'states': '?'}};[0.2, 0.4, 0.2, 0.6]
Relevancy;3;for the input string `11000`, what is the final state reached by the automaton and is the output accepted or denied?;The final state is q0.;['simbolo-q0'];[1.0, 1.0, 1.0, 1.0];1.0;3;False;{'user_input': 'for the input string `11000`, what is the final state reached by the automaton and is the output accepted or denied?', 'intent': 'fsa-practical', 'argument': 'state', 'dialogue_act': 'Ta:request', 'frame': {'finalStates': '?', 'output': '?'}};[1.0, 1.0, 1.0, 1.0]
Relevancy;3;what is the graphical representation of the current state in this automaton?;MUTATION The automaton has 5 states: q0, q1, q2,;['simbolo-q0', 'simbolo-q1', 'simbolo-q2', 'simbolo-q3', 'simbolo-q4'];[0.1, 0.2, 0.2, 0.1];0.2;4;True;{'user_input': 'what is the graphical representation of the current state in this automaton?', 'intent': 'fsa-practical', 'argument': 'state', 'dialogue_act': 'Ta:request', 'frame': {'graphicRepresentation': '?'}};[0.1, 0.2, 0.2, 0.1]
Relevancy;3;How many states and transitions does this automaton have if it contains exactly 7 transitions?;The automaton has 5 states and 5 transitions.;[];[0.0, 0.9, 0.0, 1.0];0.9;4;False;{'user_input': 'How many states and transitions does this automaton have if it contains exactly 7 transitions?', 'intent': 'fsa-practical', 'argument': None, 'dialogue_act': 'Ta:request', 'frame': {'numberOfStates': '?', 'numberOfTransitions': '?'}};[0.0, 0.9, 0.0, 1.0]
Correctness;4;What language does this automaton recognize over the alphabet {0,1}?;Could you be more specific?;[];[0.0, 0.1, 0.0, 1.0];0.0;1;False;{'user_input': 'What language does this automaton recognize over the alphabet {0,1}?', 'intent': 'fsa-practical', 'argument': 'language', 'dialogue_act': 'Ta:request', 'frame': {'alphabet': '0'}};[0.0, 0.1, 0.0, 1.0]
Correctness;4;What is the pattern recognized by this automaton over the alphabet {0}, and can you explain how the sequence of 0s is processed?;Could you be more specific?;[];[0.0, 0.1, 0.0, 1.0];0.0;2;False;{'user_input': 'What is the pattern recognized by this automaton over the alphabet {0}, and can you explain how the sequence of 0s is processed?', 'intent': 'fsa-practical', 'argument': 'pattern', 'dialogue_act': 'Ta:request', 'frame': {'alphabet': '{0}', 'input': '0'}};[0.0, 0.1, 0.0, 1.0]
Correctness;4;From which state does the pattern of this automaton start?;The initial state is q0.;['simbolo-q0'];[1.0, 1.0, 1.0, 1.0];1.0;2;False;{'user_input': 'From which state does the pattern of this automaton start?', 'intent': 'fsa-practical', 'argument': 'state', 'dialogue_act': 'Ta:request', 'frame': {'initialState': '?'}};[1.0, 1.0, 1.0, 1.0]
Correctness;4;for the automaton shown, using the alphabet {0}, what is the output of the automaton when the input is 0?;MUTATION The automaton has 5 states: q0, q1, q2,;['simbolo-q0', 'simbolo-q1', 'simbolo-q2', 'simbolo-q3', 'simbolo-q4'];[0.0, 0.2, 0.0, 0.1];0.0;3;True;{'user_input': 'for the automaton shown, using the alphabet {0}, what is the output of the automaton when the input is 0?', 'intent': 'fsa-practical', 'argument': 'state', 'dialogue_act': 'Ta:request', 'frame': {'alphabet': ['0']}};[0.0, 0.2, 0.0, 0.1]
Correctness;4;The automaton’s alphabet contains only the symbol 0.;Could you be more specific?;[];[0.0, 0.1, 0.0, 1.0];0.0;4;False;{'user_input': 'The automaton’s alphabet contains only the symbol 0.', 'intent': 'fsa-practical', 'argument': 'alphabet', 'dialogue_act': 'Ta:request', 'frame': {'alphabet': ['0']}};[0.0, 0.1, 0.0, 1.0]
Correctness;4;What is the alphabet of this automaton?;Could you be more specific?;[];[0.0, 0.1, 0.0, 1.0];0.0;5;False;{'user_input': 'What is the alphabet of this automaton?', 'intent': 'fsa-practical', 'argument': 'alphabet', 'dialogue_act': 'Ta:request', 'frame': {'alphabet': '?'}};[0.0, 0.1, 0.0, 1.0]
Correctness;4;Which state in this automaton has no outgoing transitions?;The state q0 exists.;['simbolo-q0'];[0.0, 0.1, 0.0, 0.2];0.0;6;False;{'user_input': 'Which state in this automaton has no outgoing transitions?', 'intent': 'fsa-practical', 'argument': 'state', 'dialogue_act': 'Ta:request', 'frame': {'states': '?'}};[0.0, 0.1, 0.0, 0.2]
Correctness;4;how many states does this automaton have?;This automaton has 5 states;['simbolo-q0', 'simbolo-q1', 'simbolo-q2', 'simbolo-q3', 'simbolo-q4'];[1.0, 1.0, 1.0, 1.0];1.0;6;False;{'user_input': 'how many states does this automaton have?', 'intent': 'fsa-practical', 'argument': 'state', 'dialogue_act': 'Ta:request', 'frame': {'numberOfStates': '?'}};[1.0, 1.0, 1.0, 1.0]
Correctness;4;what are the states of this automaton?;The state q0 exists.;['simbolo-q0'];[0.2, 0.3, 0.2, 0.9];0.2;7;False;{'user_input': 'what are the states of this automaton?', 'intent': 'fsa-practical', 'argument': 'state', 'dialogue_act': 'Ta:request', 'frame': {'states': '?'}};[0.2, 0.3, 0.2, 0.9]
Correctness;4;What are the states of this automaton?;The state q0 exists.;['simbolo-q0'];[0.2, 0.3, 0.2, 0.4];0.2;8;False;{'user_input': 'What are the states of this automaton?', 'intent': 'fsa-practical', 'argument': 'state', 'dialogue_act': 'Ta:request', 'frame': {'states': '?'}};[0.2, 0.3, 0.2, 0.4]
Correctness;4;"i think the description of the states in this automaton is wrong; can you tell me what the states are?";The state q0 exists.;['simbolo-q0'];[0.1, 0.2, 0.2, 0.3];0.2;9;False;"{'user_input': 'i think the description of the states in this automaton is wrong; can you tell me what the states are?', 'intent': 'fsa-practical', 'argument': 'state', 'dialogue_act': 'Ta:request', 'frame': {'states': '?'}}";[0.1, 0.2, 0.2, 0.3]
Correctness;4;Ok, I accept the turn and I want to know the states of this automaton: what are its states?;The state q0 exists.;['simbolo-q0'];[0.2, 0.4, 0.2, 0.9];0.2;10;False;{'user_input': 'Ok, I accept the turn and I want to know the states of this automaton: what are its states?', 'intent': 'fsa-practical', 'argument': 'state', 'dialogue_act': 'Ta:request', 'frame': {'states': '?'}};[0.2, 0.4, 0.2, 0.9]
Correctness;5;If I input 11000 starting from q0, will the string be accepted or rejected?;Could you be more specific?;[];[0.0, 0.1, 0.0, 1.0];0.0;1;False;{'user_input': 'If I input 11000 starting from q0, will the string be accepted or rejected?', 'intent': 'fsa-practical', 'argument': 'language', 'dialogue_act': 'Ta:request', 'frame': {'input': '11000'}};[0.0, 0.1, 0.0, 1.0]
Correctness;5;what is the language accepted by this automaton if it has 5 final states?;Could you be more specific?;[];[0.1, 0.2, 0.1, 1.0];0.1;2;False;{'user_input': 'what is the language accepted by this automaton if it has 5 final states?', 'intent': 'fsa-practical', 'argument': 'language', 'dialogue_act': 'Ta:request', 'frame': {'numberOfFinalStates': '5'}};[0.1, 0.2, 0.1, 1.0]
Correctness;5;Can you run this automaton on the input 11000 and tell me the result?;The automaton accepts zero or more words formed by a sequence of the type 11000. In total there are 5 states: q0, q1, q2, q3 and q4. q0 is both the initial and the final state. The transitions are: q0 with value 1 goes to q1, q1 with value 1 goes to q2, q2 with value 0 goes to q3, q3 with value 0 goes to q4, q4 with value 0 goes to q0.;[];[0.4, 0.7, 0.5, 1.0];0.3;3;False;{'user_input': 'Can you run this automaton on the input 11000 and tell me the result?', 'intent': 'fsa-practical', 'argument': 'automaton', 'dialogue_act': 'Ta:request', 'frame': {'input': '11000'}};[0.4, 0.7, 0.5, 1.0]
Correctness;5;Hi, can you help me with the language recognized by this automaton for the input 11000?;Could you be more specific?;[];[0.0, 0.1, 0.0, 1.0];0.0;4;False;{'user_input': 'Hi, can you help me with the language recognized by this automaton for the input 11000?', 'intent': 'fsa-practical', 'argument': 'language', 'dialogue_act': 'Ta:propositionalQuestion', 'frame': {'input': '11000'}};[0.0, 0.1, 0.0, 1.0]
Correctness;5;is the language recognized by this automaton the set of all strings whose processing ends with the output denied?;Could you be more specific?;[];[0.1, 0.1, 0.1, 1.0];0.1;5;False;{'user_input': 'is the language recognized by this automaton the set of all strings whose processing ends with the output denied?', 'intent': 'fsa-practical', 'argument': 'language', 'dialogue_act': 'Ta:propositionalQuestion', 'frame': {'input': '?'}};[0.1, 0.1, 0.1, 1.0]
Correctness;5;what is the language recognized by this automaton for any input that does not match the pattern 11000?;Could you be more specific?;[];[0.0, 0.1, 0.0, 1.0];0.1;6;False;{'user_input': 'what is the language recognized by this automaton for any input that does not match the pattern 11000?', 'intent': 'fsa-practical', 'argument': 'language', 'dialogue_act': 'Ta:request', 'frame': {'input': '?'}};[0.0, 0.1, 0.0, 1.0]
Correctness;5;in this automaton, what is the language recognized when there are exactly 5 states?;Could you be more specific?;[];[0.1, 0.2, 0.1, 1.0];0.1;7;False;{'user_input': 'in this automaton, what is the language recognized when there are exactly 5 states?', 'intent': 'fsa-practical', 'argument': 'language', 'dialogue_act': 'Ta:request', 'frame': {'numberOfStates': '5'}};[0.1, 0.2, 0.1, 1.0]
Correctness;5;In this automaton, how many states does the language require?;This automaton has 5 states;['simbolo-q0', 'simbolo-q1', 'simbolo-q2', 'simbolo-q3', 'simbolo-q4'];[1.0, 1.0, 1.0, 1.0];1.0;7;False;{'user_input': 'In this automaton, how many states does the language require?', 'intent': 'fsa-practical', 'argument': 'state', 'dialogue_act': 'Ta:request', 'frame': {'numberOfStates': '?'}};[1.0, 1.0, 1.0, 1.0]
Correctness;5;Given this automaton, what happens if we give it the input string 11000?;Could you be more specific?;[];[0.0, 0.1, 0.0, 1.0];0.0;8;False;{'user_input': 'Given this automaton, what happens if we give it the input string 11000?', 'intent': 'fsa-practical', 'argument': 'language', 'dialogue_act': 'Ta:request', 'frame': {'input': '11000'}};[0.0, 0.1, 0.0, 1.0]
Correctness;5;What is the language accepted by the automaton if the only final state is Q3?;The final state is q0.;['simbolo-q0'];[0.0, 0.1, 0.0, 0.2];0.0;9;False;{'user_input': 'What is the language accepted by the automaton if the only final state is Q3?', 'intent': 'fsa-practical', 'argument': 'state', 'dialogue_act': 'Ta:request', 'frame': {'finalStates': 'Q3'}};[0.0, 0.1, 0.0, 0.2]
Correctness;5;thanks, the final state is q3.;The final state is q0.;['simbolo-q0'];[0.0, 1.0, 0.0, 1.0];1.0;9;False;{'user_input': 'thanks, the final state is q3.', 'intent': 'fsa-practical', 'argument': 'state', 'dialogue_act': 'Ta:propositionalQuestion', 'frame': {'finalStates': 'q3'}};[0.0, 1.0, 0.0, 1.0]
Correctness;5;In this automaton, is Q3 one of the final states?;The final state is q0.;['simbolo-q0'];[1.0, 1.0, 1.0, 1.0];1.0;9;False;{'user_input': 'In this automaton, is Q3 one of the final states?', 'intent': 'fsa-practical', 'argument': 'state', 'dialogue_act': 'Ta:request', 'frame': {'finalStates': 'Q3'}};[1.0, 1.0, 1.0, 1.0]
Correctness;5;What are the final states of this automaton?;The final state is q0.;['simbolo-q0'];[1.0, 1.0, 1.0, 1.0];1.0;9;False;{'user_input': 'What are the final states of this automaton?', 'intent': 'fsa-practical', 'argument': 'state', 'dialogue_act': 'Ta:request', 'frame': {'finalStates': '?'}};[1.0, 1.0, 1.0, 1.0]
Correctness;5;is q3 a final state of this automaton?;The state q0 exists.;['simbolo-q0'];[0.0, 0.1, 0.0, 0.2];0.0;10;False;{'user_input': 'is q3 a final state of this automaton?', 'intent': 'fsa-practical', 'argument': 'state', 'dialogue_act': 'Ta:propositionalQuestion', 'frame': {'states': 'q3'}};[0.0, 0.1, 0.0, 0.2]
Correctness;5;what is the output of this automaton for a given input string?;Could you be more specific?;[];[0.1, 0.2, 0.1, 1.0];0.1;11;False;{'user_input': 'what is the output of this automaton for a given input string?', 'intent': 'fsa-practical', 'argument': 'language', 'dialogue_act': 'Ta:request', 'frame': {'output': '?'}};[0.1, 0.2, 0.1, 1.0]
VisualRelevancy;1;Is it possible to go from q2 directly to q4 in this automaton?;there is no transition between q2 and q4.;[];[1.0, 1.0, 1.0, 1.0];1.0;0;False;{'user_input': 'Is it possible to go from q2 directly to q4 in this automaton?', 'intent': 'fsa-practical', 'argument': 'transition', 'dialogue_act': 'Ta:propositionalQuestion', 'frame': {'transitions': [['q2', 'q4', '?']]}};[1.0, 1.0, 1.0, 1.0]
VisualRelevancy;1;What is the transition from state q2 to state q4?;there is no transition between q2 and q4.;[];[1.0, 1.0, 1.0, 1.0];1.0;0;False;{'user_input': 'What is the transition from state q2 to state q4?', 'intent': 'fsa-practical', 'argument': 'transition', 'dialogue_act': 'Ta:request', 'frame': {'transitions': [['q2', 'q4', '?']]}};[1.0, 1.0, 1.0, 1.0]
VisualRelevancy;1;What is the symbol of the transition from state q2 to state q4 in this automaton?;The automaton accepts zero or more words formed by a sequence of the type 11000. In total there are 5 states: q0, q1, q2, q3 and q4. q0 is both the initial and the final state. The transitions are: q0 with value 1 goes to q1, q1 with value 1 goes to q2, q2 with value 0 goes to q3, q3 with value 0 goes to q4, q4 with value 0 goes to q0.;[];[0.1, 0.4, 0.2, 1.0];1.0;0;False;{'user_input': 'What is the symbol of the transition from state q2 to state q4 in this automaton?', 'intent': None, 'argument': None, 'dialogue_act': None, 'frame': {}};[0.1, 0.4, 0.2, 1.0]
VisualRelevancy;1;Explain the language recognized by this automaton.;Could you be more specific?;[];[0.0, 0.1, 0.0, 1.0];1.0;0;False;{'user_input': 'Explain the language recognized by this automaton.', 'intent': 'fsa-practical', 'argument': 'language', 'dialogue_act': 'Ta:request', 'frame': {'input': '?'}};[0.0, 0.1, 0.0, 1.0]
VisualRelevancy;1;What are the transitions of this automaton for an input string?;The automaton has 5 transitions: q0 with value 1 goes to q1, q1 with value 1 goes to q2, q2 with value 0 goes to q3, q3 with value 0 goes to q4, q4 with value 0 goes to q0.;['simbolo-q0-q1', 'simbolo-q1-q2', 'simbolo-q2-q3', 'simbolo-q3-q4', 'simbolo-q4-q0'];[1.0, 1.0, 1.0, 1.0];1.0;0;False;{'user_input': 'What are the transitions of this automaton for an input string?', 'intent': 'fsa-practical', 'argument': 'transition', 'dialogue_act': 'Ta:request', 'frame': {'transitions': []}};[1.0, 1.0, 1.0, 1.0]
VisualRelevancy;1;can you tell me which states are present in this finite state automaton?;The state q0 exists.;['simbolo-q0'];[0.2, 0.4, 0.2, 0.9];0.9;0;False;{'user_input': 'can you tell me which states are present in this finite state automaton?', 'intent': 'fsa-practical', 'argument': 'state', 'dialogue_act': 'Ta:request', 'frame': {'states': '?'}};[0.2, 0.4, 0.2, 0.9]
VisualRelevancy;1;Can you tell me what the states of this automaton are?;The state q0 exists.;['simbolo-q0'];[0.2, 0.4, 0.2, 0.8];0.9;0;False;{'user_input': 'Can you tell me what the states of this automaton are?', 'intent': 'fsa-practical', 'argument': 'state', 'dialogue_act': 'Ta:request', 'frame': {'states': '?'}};[0.2, 0.4, 0.2, 0.8]
VisualRelevancy;1;what are the states of this automaton?;The state q0 exists.;['simbolo-q0'];[0.2, 0.3, 0.2, 0.9];0.9;0;False;{'user_input': 'what are the states of this automaton?', 'intent': 'fsa-practical', 'argument': 'state', 'dialogue_act': 'Ta:request', 'frame': {'states': '?'}};[0.2, 0.3, 0.2, 0.9]
VisualRelevancy;1;what is the alphabet of this automaton?;Could you be more specific?;[];[0.0, 0.1, 0.0, 1.0];1.0;0;False;{'user_input': 'what is the alphabet of this automaton?', 'intent': 'fsa-practical', 'argument': 'alphabet', 'dialogue_act': 'Ta:request', 'frame': {'alphabet': '?'}};[0.0, 0.1, 0.0, 1.0]
VisualRelevancy;1;What are the states of this automaton?;The state q0 exists.;['simbolo-q0'];[0.2, 0.3, 0.2, 0.4];0.8;0;False;{'user_input': 'What are the states of this automaton?', 'intent': 'fsa-practical', 'argument': 'state', 'dialogue_act': 'Ta:request', 'frame': {'states': '?'}};[0.2, 0.3, 0.2, 0.4]
VisualRelevancy;1;which are the states of this automaton?;The state q0 exists.;['simbolo-q0'];[0.2, 0.3, 0.2, 0.8];0.8;0;False;{'user_input': 'which are the states of this automaton?', 'intent': 'fsa-practical', 'argument': 'state', 'dialogue_act': 'Ta:request', 'frame': {'states': '?'}};[0.2, 0.3, 0.2, 0.8]
VisualRelevancy;1;does there exist a state in this automaton that appears more than once in the accepted input patterns?;MUTATION The automaton has 5 states: q0, q1, q2,;['simbolo-q0', 'simbolo-q1', 'simbolo-q2', 'simbolo-q3', 'simbolo-q4'];[0.0, 0.2, 0.0, 0.8];0.9;0;True;{'user_input': 'does there exist a state in this automaton that appears more than once in the accepted input patterns?', 'intent': 'fsa-practical', 'argument': 'state', 'dialogue_act': 'Ta:propositionalQuestion', 'frame': {'stateRedundancy': '?'}};[0.0, 0.2, 0.0, 0.8]
VisualRelevancy;1;Sorry, I meant the *states* of the automaton: how many states does this automaton have and which are they?;This automaton has 5 states;['simbolo-q0', 'simbolo-q1', 'simbolo-q2', 'simbolo-q3', 'simbolo-q4'];[1.0, 1.0, 1.0, 1.0];1.0;0;False;{'user_input': 'Sorry, I meant the *states* of the automaton: how many states does this automaton have and which are they?', 'intent': 'fsa-practical', 'argument': 'state', 'dialogue_act': 'Ta:request', 'frame': {'numberOfStates': '?', 'states': '?'}};[1.0, 1.0, 1.0, 1.0]
VisualRelevancy;1;What is the alphabet of this automaton?;Could you be more specific?;[];[0.0, 0.1, 0.0, 1.0];1.0;0;False;{'user_input': 'What is the alphabet of this automaton?', 'intent': 'fsa-practical', 'argument': 'alphabet', 'dialogue_act': 'Ta:request', 'frame': {'alphabet': '?'}};[0.0, 0.1, 0.0, 1.0]
VisualRelevancy;1;what is the language accepted by this automaton?;Could you be more specific?;[];[0.0, 0.1, 0.0, 1.0];1.0;0;False;{'user_input': 'what is the language accepted by this automaton?', 'intent': 'fsa-practical', 'argument': 'language', 'dialogue_act': 'Ta:request', 'frame': {'input': '?'}};[0.0, 0.1, 0.0, 1.0]
VisualRelevancy;2;What is the transition label from q1 to q2?;The transition between q1 and q2 is with value 1.;['simbolo-q1-q2'];[1.0, 1.0, 1.0, 1.0];1.0;0;False;{'user_input': 'What is the transition label from q1 to q2?', 'intent': 'fsa-practical', 'argument': 'transition', 'dialogue_act': 'Ta:request', 'frame': {'transitions': [['q1', 'q2', '?']]}};[1.0, 1.0, 1.0, 1.0]
VisualRelevancy;2;does this automaton contain the transition from q4 back to q0 on input 0?;The transition between q4 and q0 is with value 0.;['simbolo-q4-q0'];[1.0, 1.0, 1.0, 1.0];1.0;0;False;{'user_input': 'does this automaton contain the transition from q4 back to q0 on input 0?', 'intent': 'fsa-practical', 'argument': 'transition', 'dialogue_act': 'Ta:request', 'frame': {'transitions': [['q4', 'q0', '0']]}};[1.0, 1.0, 1.0, 1.0]
VisualRelevancy;2;what is the transition from that to this on input symbol 0 in this automaton?;The transition from q4 to q0 has value 0.;['simbolo-q4-q0'];[1.0, 1.0, 1.0, 1.0];1.0;0;False;{'user_input': 'what is the transition from that to this on input symbol 0 in this automaton?', 'intent': 'fsa-practical', 'argument': 'transition', 'dialogue_act': 'Ta:request', 'frame': {'states': ['q0', 'q4']}, '_raw_frame': {'transitions': []}};[1.0, 1.0, 1.0, 1.0]
VisualRelevancy;2;What are the states q0 and q4 in this automaton?;The state q0 exists.;['simbolo-q0'];[0.0, 0.1, 0.0, 0.8];0.2;1;False;{'user_input': 'What are the states q0 and q4 in this automaton?', 'intent': 'fsa-practical', 'argument': 'state', 'dialogue_act': 'Ta:request', 'frame': {'states': 'q0'}};[0.0, 0.1, 0.0, 0.8]
VisualRelevancy;2;could you tell me which transitions start from this in this automaton?;There is no transition between q0 and q0.;[];[0.0, 0.1, 0.0, 1.0];0.9;1;False;{'user_input': 'could you tell me which transitions start from this in this automaton?', 'intent': 'fsa-practical', 'argument': 'transition', 'dialogue_act': 'Ta:request', 'frame': {'states': ['q0']}, '_raw_frame': {'transitions': []}};[0.0, 0.1, 0.0, 1.0]
VisualRelevancy;2;Hi, could you please remind me what the state q0 is in this automaton?;The state q0 exists.;['simbolo-q0'];[0.2, 0.3, 0.2, 0.9];0.9;1;False;{'user_input': 'Hi, could you please remind me what the state q0 is in this automaton?', 'intent': 'fsa-practical', 'argument': 'state', 'dialogue_act': 'Ta:request', 'frame': {'states': ['q0']}};[0.2, 0.3, 0.2, 0.9]
VisualRelevancy;2;what is the output of this automaton for the input string 11000?;Could you be more specific?;[];[0.0, 0.1, 0.0, 1.0];1.0;1;False;{'user_input': 'what is the output of this automaton for the input string 11000?', 'intent': 'fsa-practical', 'argument': 'pattern', 'dialogue_act': 'Ta:request', 'frame': {'input': '11000'}};[0.0, 0.1, 0.0, 1.0]
VisualRelevancy;2;From state q0, what are the outgoing transitions?;the transition is not defined.;[];[0.0, 0.2, 0.0, 0.9];1.0;1;False;{'user_input': 'From state q0, what are the outgoing transitions?', 'intent': 'fsa-practical', 'argument': 'transition', 'dialogue_act': 'Ta:request', 'frame': {'transitions': [['q0', '?', '?']]}};[0.0, 0.2, 0.0, 0.9]
VisualRelevancy;2;Can you tell me which state the automaton reaches when it follows an anti-clockwise pattern?;The state q0 exists.;['simbolo-q0'];[0.2, 0.3, 0.3, 0.8];0.8;1;False;{'user_input': 'Can you tell me which state the automaton reaches when it follows an anti-clockwise pattern?', 'intent': 'fsa-practical', 'argument': 'state', 'dialogue_act': 'Ta:request', 'frame': {'states': '?'}};[0.2, 0.3, 0.3, 0.8]
VisualRelevancy;3;What strings of 0s and 1s does this automaton accept?;Could you be more specific?;[];[0.0, 0.1, 0.0, 1.0];1.0;0;False;{'user_input': 'What strings of 0s and 1s does this automaton accept?', 'intent': 'fsa-practical', 'argument': 'language', 'dialogue_act': 'Ta:request', 'frame': {'input': 'pattern'}};[0.0, 0.1, 0.0, 1.0]
VisualRelevancy;3;the input pattern is not in the language recognized by this automaton.;The automaton accepts zero or more words formed by a sequence of the type 11000. In total there are 5 states: q0, q1, q2, q3 and q4. q0 is both the initial and the final state. The transitions are: q0 with value 1 goes to q1, q1 with value 1 goes to q2, q2 with value 0 goes to q3, q3 with value 0 goes to q4, q4 with value 0 goes to q0.;[];[0.4, 0.6, 0.5, 1.0];1.0;0;False;{'user_input': 'the input pattern is not in the language recognized by this automaton.', 'intent': 'fsa-practical', 'argument': None, 'dialogue_act': 'Ta:request', 'frame': {}};[0.4, 0.6, 0.5, 1.0]
VisualRelevancy;3;Can you show me something about this automaton without going into details?;The automaton accepts zero or more words formed by a sequence of the type 11000. In total there are 5 states: q0, q1, q2, q3 and q4. q0 is both the initial and the final state. The transitions are: q0 with value 1 goes to q1, q1 with value 1 goes to q2, q2 with value 0 goes to q3, q3 with value 0 goes to q4, q4 with value 0 goes to q0.;[];[0.95, 0.95, 1.0, 1.0];1.0;0;False;{'user_input': 'Can you show me something about this automaton without going into details?', 'intent': 'fsa-practical', 'argument': 'automaton', 'dialogue_act': 'Ta:request', 'frame': {}};[0.95, 0.95, 1.0, 1.0]
VisualRelevancy;3;What is the alphabet of this automaton?;Could you be more specific?;[];[0.0, 0.1, 0.0, 1.0];1.0;0;False;{'user_input': 'What is the alphabet of this automaton?', 'intent': 'fsa-practical', 'argument': 'alphabet', 'dialogue_act': 'Ta:request', 'frame': {'alphabet': '?'}};[0.0, 0.1, 0.0, 1.0]
VisualRelevancy;3;Hello, could you tell me what the alphabet of this finite state automaton is?;Could you be more specific?;[];[0.0, 0.1, 0.0, 1.0];1.0;0;False;{'user_input': 'Hello, could you tell me what the alphabet of this finite state automaton is?', 'intent': 'fsa-practical', 'argument': 'alphabet', 'dialogue_act': 'Ta:request', 'frame': {'alphabet': '?'}};[0.0, 0.1, 0.0, 1.0]
VisualRelevancy;3;What is the alphabet of this automaton?;Could you be more specific?;[];[0.0, 0.1, 0.0, 1.0];1.0;0;False;{'user_input': 'What is the alphabet of this automaton?', 'intent': 'fsa-practical', 'argument': 'alphabet', 'dialogue_act': 'Ta:request', 'frame': {'alphabet': '?'}};[0.0, 0.1, 0.0, 1.0]
VisualRelevancy;3;what is the alphabet of the automaton that includes the transition leading to this?;Could you be more specific?;[];[0.1, 0.1, 0.1, 1.0];1.0;0;False;{'user_input': 'what is the alphabet of the automaton that includes the transition leading to this?', 'intent': 'fsa-practical', 'argument': 'alphabet', 'dialogue_act': 'Ta:request', 'frame': {'states': ['q1']}, '_raw_frame': {'alphabet': '?'}};[0.1, 0.1, 0.1, 1.0]
VisualRelevancy;3;what is the alphabet of the automaton in this?;Could you be more specific?;[];[0.0, 0.1, 0.0, 1.0];1.0;0;False;{'user_input': 'what is the alphabet of the automaton in this?', 'intent': 'fsa-practical', 'argument': 'alphabet', 'dialogue_act': 'Ta:request', 'frame': {'states': ['q1']}, '_raw_frame': {'alphabet': '?'}};[0.0, 0.1, 0.0, 1.0]
VisualRelevancy;3;what is the alphabet of the automaton in this?;Could you be more specific?;[];[0.0, 0.1, 0.0, 1.0];1.0;0;False;{'user_input': 'what is the alphabet of the automaton in this?', 'intent': 'fsa-practical', 'argument': 'alphabet', 'dialogue_act': 'Ta:request', 'frame': {'states': ['q1']}, '_raw_frame': {'alphabet': '?'}};[0.0, 0.1, 0.0, 1.0]
VisualRelevancy;3;Can you tell me what you know about state q1 in this automaton pattern?;The state q1 exists.;['simbolo-q1'];[0.2, 0.3, 0.2, 0.9];0.9;0;False;{'user_input': 'Can you tell me what you know about state q1 in this automaton pattern?', 'intent': 'fsa-practical', 'argument': 'state', 'dialogue_act': 'Ta:request', 'frame': {'states': ['q1']}};[0.2, 0.3, 0.2, 0.9]
VisualRelevancy;3;what is the theoretical role of this in this finite state automaton?;The state q1 exists.;['simbolo-q1'];[0.1, 0.2, 0.1, 0.9];0.8;0;False;{'user_input': 'what is the theoretical role of this in this finite state automaton?', 'intent': 'fsa-practical', 'argument': 'state', 'dialogue_act': 'Ta:request', 'frame': {'states': ['q1']}, '_raw_frame': {'states': '?'}};[0.1, 0.2, 0.1, 0.9]
VisualRelevancy;3;From which state does a transition labeled 1 start in this automaton?;MUTATION The automaton has 5 states: q0, q1, q2,;['simbolo-q0', 'simbolo-q1', 'simbolo-q2', 'simbolo-q3', 'simbolo-q4'];[0.0, 0.2, 0.0, 0.2];0.3;1;True;{'user_input': 'From which state does a transition labeled 1 start in this automaton?', 'intent': 'fsa-practical', 'argument': 'state', 'dialogue_act': 'Ta:request', 'frame': {'transitions': []}};[0.0, 0.2, 0.0, 0.2]
VisualRelevancy;3;Can you tell me what the states of this automaton are?;The state q0 exists.;['simbolo-q0'];[0.2, 0.3, 0.2, 0.9];0.9;1;False;{'user_input': 'Can you tell me what the states of this automaton are?', 'intent': 'fsa-practical', 'argument': 'state', 'dialogue_act': 'Ta:request', 'frame': {'states': '?'}};[0.2, 0.3, 0.2, 0.9]
VisualRelevancy;3;what are the states of this finite state automaton?;The state q0 exists.;['simbolo-q0'];[0.2, 0.3, 0.2, 0.9];0.9;1;False;{'user_input': 'what are the states of this finite state automaton?', 'intent': 'fsa-practical', 'argument': 'state', 'dialogue_act': 'Ta:request', 'frame': {'states': '?'}};[0.2, 0.3, 0.2, 0.9]
VisualRelevancy;3;Which state is the initial and final one in this deterministic automaton?;The initial state is q0.;['simbolo-q0'];[0.5, 0.6, 0.5, 0.9];0.9;1;False;{'user_input': 'Which state is the initial and final one in this deterministic automaton?', 'intent': 'fsa-practical', 'argument': 'state', 'dialogue_act': 'Ta:request', 'frame': {'initialState': '?', 'finalStates': '?'}};[0.5, 0.6, 0.5, 0.9]
VisualRelevancy;4;Is this automaton deterministic or non-deterministic?;The automaton accepts zero or more words formed by a sequence of the type 11000. In total there are 5 states: q0, q1, q2, q3 and q4. q0 is both the initial and the final state. The transitions are: q0 with value 1 goes to q1, q1 with value 1 goes to q2, q2 with value 0 goes to q3, q3 with value 0 goes to q4, q4 with value 0 goes to q0.;[];[0.1, 0.2, 0.2, 1.0];1.0;0;False;{'user_input': 'Is this automaton deterministic or non-deterministic?', 'intent': 'fsa-practical', 'argument': 'automaton', 'dialogue_act': 'Ta:propositionalQuestion', 'frame': {'automatonType': '?'}};[0.1, 0.2, 0.2, 1.0]
VisualRelevancy;4;What type of automaton is this finite state machine?;The automaton accepts zero or more words formed by a sequence of the type 11000. In total there are 5 states: q0, q1, q2, q3 and q4. q0 is both the initial and the final state. The transitions are: q0 with value 1 goes to q1, q1 with value 1 goes to q2, q2 with value 0 goes to q3, q3 with value 0 goes to q4, q4 with value 0 goes to q0.;[];[0.2, 0.4, 0.3, 1.0];1.0;0;False;{'user_input': 'What type of automaton is this finite state machine?', 'intent': 'fsa-practical', 'argument': 'automaton', 'dialogue_act': 'Ta:request', 'frame': {}};[0.2, 0.4, 0.3, 1.0]
VisualRelevancy;4;the automaton has 5 states (q0, q1, q2, q3, q4) where q0 is both the initial and final state, and the transitions are q0 --1--> q1, q1 --1--> q2, q2 --0--> q3, q3 --0--> q4, q4 --0--> q0.;The initial state is q0.;['simbolo-q0'];[1.0, 1.0, 1.0, 1.0];1.0;0;False;{'user_input': 'the automaton has 5 states (q0, q1, q2, q3, q4) where q0 is both the initial and final state, and the transitions are q0 --1--> q1, q1 --1--> q2, q2 --0--> q3, q3 --0--> q4, q4 --0--> q0.', 'intent': 'fsa-practical', 'argument': 'state', 'dialogue_act': 'Ta:request', 'frame': {'numberOfStates': '5', 'states': ['q0', 'q1', 'q2', 'q3', 'q4'], 'initialState': 'q0', 'finalStates': ['q0']}};[1.0, 1.0, 1.0, 1.0]
VisualRelevancy;4;in this automaton there are 5 states q0, q1, q2, q3 and q4, where q0 is both the initial and the final state.;MUTATION The automaton has 5 states: q0, q1, q2,;['simbolo-q0', 'simbolo-q1', 'simbolo-q2', 'simbolo-q3', 'simbolo-q4'];[0.7, 0.7, 0.6, 1.0];1.0;0;True;{'user_input': 'in this automaton there are 5 states q0, q1, q2, q3 and q4, where q0 is both the initial and the final state.', 'intent': 'fsa-practical', 'argument': 'state', 'dialogue_act': 'Ta:request', 'frame': {'q0': 'q0'}};[0.7, 0.7, 0.6, 1.0]
VisualRelevancy;4;What is the language recognized by this automaton starting and ending in state q0?;Could you be more specific?;[];[0.0, 0.1, 0.0, 1.0];1.0;0;False;{'user_input': 'What is the language recognized by this automaton starting and ending in state q0?', 'intent': 'fsa-practical', 'argument': 'language', 'dialogue_act': 'Ta:request', 'frame': {'alphabet': 'S', 'initialState': 'q0', 'finalStates': ['q0']}};[0.0, 0.1, 0.0, 1.0]
VisualRelevancy;4;What is the language accepted by the automaton over the alphabet S, given that the initial state is q0 and the only final state is q0?;Could you be more specific?;[];[0.0, 0.1, 0.0, 1.0];1.0;0;False;{'user_input': 'What is the language accepted by the automaton over the alphabet S, given that the initial state is q0 and the only final state is q0?', 'intent': 'fsa-practical', 'argument': 'language', 'dialogue_act': 'Ta:request', 'frame': {'alphabet': 'S', 'initialState': 'q0', 'finalStates': ['q0']}};[0.0, 0.1, 0.0, 1.0]
VisualRelevancy;4;what is the language recognized by the automaton over the alphabet s, given that the initial state is q0 and the only final state is q0?;Could you be more specific?;[];[0.0, 0.1, 0.0, 1.0];1.0;0;False;{'user_input': 'what is the language recognized by the automaton over the alphabet s, given that the initial state is q0 and the only final state is q0?', 'intent': 'fsa-practical', 'argument': 'language', 'dialogue_act': 'Ta:request', 'frame': {'alphabet': 's', 'initialState': 'q0', 'finalStates': ['q0']}};[0.0, 0.1, 0.0, 1.0]
VisualRelevancy;4;What is the optimal spatial representation of the language recognized by this finite state automaton?;Could you be more specific?;[];[0.1, 0.1, 0.1, 1.0];1.0;0;False;{'user_input': 'What is the optimal spatial representation of the language recognized by this finite state automaton?', 'intent': 'fsa-practical', 'argument': 'pattern', 'dialogue_act': 'Ta:request', 'frame': {'optimalSpatialRepresentation': '?'}};[0.1, 0.1, 0.1, 1.0]
VisualRelevancy;4;what is the optimal spatial representation of this automaton?;Could you be more specific?;[];[0.1, 0.2, 0.1, 1.0];1.0;0;False;{'user_input': 'what is the optimal spatial representation of this automaton?', 'intent': 'fsa-practical', 'argument': 'pattern', 'dialogue_act': 'Ta:request', 'frame': {'optimalSpatialRepresentation': '?'}};[0.1, 0.2, 0.1, 1.0]
VisualRelevancy;4;Can you check which optimal spatial representation pattern best describes this automaton?;Could you be more specific?;[];[0.1, 0.2, 0.1, 1.0];1.0;0;False;{'user_input': 'Can you check which optimal spatial representation pattern best describes this automaton?', 'intent': 'fsa-practical', 'argument': 'pattern', 'dialogue_act': 'Ta:request', 'frame': {'patternType': '?'}};[0.1, 0.2, 0.1, 1.0]
VisualRelevancy;4;What type of pattern does this automaton recognize?;Could you be more specific?;[];[0.0, 0.1, 0.0, 1.0];1.0;0;False;{'user_input': 'What type of pattern does this automaton recognize?', 'intent': 'fsa-practical', 'argument': 'pattern', 'dialogue_act': 'Ta:request', 'frame': {}};[0.0, 0.1, 0.0, 1.0]
VisualRelevancy;4;Can you explain the pattern that this finite state automaton recognizes?;Could you be more specific?;[];[0.0, 0.1, 0.0, 1.0];1.0;0;False;{'user_input': 'Can you explain the pattern that this finite state automaton recognizes?', 'intent': 'fsa-practical', 'argument': 'pattern', 'dialogue_act': 'Ta:request', 'frame': {'patternType': '?'}};[0.0, 0.1, 0.0, 1.0]
VisualRelevancy;4;Goodbye, could you tell me what type of pattern this automaton follows?;The automaton accepts zero or more words formed by a sequence of the type 11000. In total there are 5 states: q0, q1, q2, q3 and q4. q0 is both the initial and the final state. The transitions are: q0 with value 1 goes to q1, q1 with value 1 goes to q2, q2 with value 0 goes to q3, q3 with value 0 goes to q4, q4 with value 0 goes to q0.;[];[1.0, 1.0, 1.0, 1.0];1.0;0;False;{'user_input': 'Goodbye, could you tell me what type of pattern this automaton follows?', 'intent': 'fsa-practical', 'argument': None, 'dialogue_act': 'Ta:request', 'frame': {}};[1.0, 1.0, 1.0, 1.0]
VisualRelevancy;4;What is the alphabet of this automaton, is it [“2”, “4”]?;Could you be more specific?;[];[0.1, 0.2, 0.1, 1.0];1.0;0;False;{'user_input': 'What is the alphabet of this automaton, is it [“2”, “4”]?', 'intent': 'fsa-practical', 'argument': 'alphabet', 'dialogue_act': 'Ta:request', 'frame': {'alphabet': '2'}};[0.1, 0.2, 0.1, 1.0]
VisualRelevancy;4;which state does the automaton reach when processing the alphabet {0,1}?;MUTATION The automaton has 5 states: q0, q1, q2,;['simbolo-q0', 'simbolo-q1', 'simbolo-q2', 'simbolo-q3', 'simbolo-q4'];[0.1, 0.2, 0.2, 0.9];0.9;0;True;{'user_input': 'which state does the automaton reach when processing the alphabet {0,1}?', 'intent': 'fsa-practical', 'argument': 'state', 'dialogue_act': 'Ta:request', 'frame': {'alphabet': ['0', '1']}};[0.1, 0.2, 0.2, 0.9]
VisualRelevancy;5;What is the initial and only final state shown in the diagram?;The initial state is q0.;['simbolo-q0'];[0.5, 0.7, 0.5, 1.0];1.0;0;False;{'user_input': 'What is the initial and only final state shown in the diagram?', 'intent': 'fsa-practical', 'argument': 'state', 'dialogue_act': 'Ta:request', 'frame': {'initialState': '?', 'finalStates': '?'}};[0.5, 0.7, 0.5, 1.0]
VisualRelevancy;5;what are the initial and final states of this automaton?;The initial state is q0.;['simbolo-q0'];[0.5, 0.7, 0.5, 0.9];0.9;0;False;{'user_input': 'what are the initial and final states of this automaton?', 'intent': 'fsa-practical', 'argument': 'state', 'dialogue_act': 'Ta:request', 'frame': {'initialState': '?', 'finalStates': '?'}};[0.5, 0.7, 0.5, 0.9]
VisualRelevancy;5;What are the initial and final states involved in the transition from one state to another in this automaton?;The automaton has 5 transitions: q0 with value 1 goes to q1, q1 with value 1 goes to q2, q2 with value 0 goes to q3, q3 with value 0 goes to q4, q4 with value 0 goes to q0.;['simbolo-q0-q1', 'simbolo-q1-q2', 'simbolo-q2-q3', 'simbolo-q3-q4', 'simbolo-q4-q0'];[0.95, 0.9, 1.0, 1.0];0.9;0;False;{'user_input': 'What are the initial and final states involved in the transition from one state to another in this automaton?', 'intent': 'fsa-practical', 'argument': 'transition', 'dialogue_act': 'Ta:request', 'frame': {'initialState': '?', 'finalStates': '?'}};[0.95, 0.9, 1.0, 1.0]
VisualRelevancy;5;Hi, could you tell me what the transition of this automaton is, specifying the initial and final states?;The automaton has 5 transitions: q0 with value 1 goes to q1, q1 with value 1 goes to q2, q2 with value 0 goes to q3, q3 with value 0 goes to q4, q4 with value 0 goes to q0.;['simbolo-q0-q1', 'simbolo-q1-q2', 'simbolo-q2-q3', 'simbolo-q3-q4', 'simbolo-q4-q0'];[0.7, 0.8, 0.7, 1.0];1.0;0;False;{'user_input': 'Hi, could you tell me what the transition of this automaton is, specifying the initial and final states?', 'intent': 'fsa-practical', 'argument': 'transition', 'dialogue_act': 'Ta:request', 'frame': {'initialState': '?', 'finalStates': '?'}};[0.7, 0.8, 0.7, 1.0]
VisualRelevancy;5;in this automaton, what are the initial state and the final states of the pattern shown?;The initial state is q0.;['simbolo-q0'];[0.5, 0.7, 0.5, 0.9];0.9;0;False;{'user_input': 'in this automaton, what are the initial state and the final states of the pattern shown?', 'intent': 'fsa-practical', 'argument': 'state', 'dialogue_act': 'Ta:request', 'frame': {'initialState': '?', 'finalStates': '?'}};[0.5, 0.7, 0.5, 0.9]
VisualRelevancy;5;which state does the automaton go to? i want to know this.;The state q1 exists.;['simbolo-q1'];[0.1, 0.2, 0.1, 0.9];0.8;0;False;{'user_input': 'which state does the automaton go to? i want to know this.', 'intent': 'fsa-practical', 'argument': 'state', 'dialogue_act': 'Ta:request', 'frame': {'states': ['q1']}, '_raw_frame': {'state': '?'}};[0.1, 0.2, 0.1, 0.9]
VisualRelevancy;5;what can you tell me about this in this automaton?;The automaton accepts zero or more words formed by a sequence of the type 11000. In total there are 5 states: q0, q1, q2, q3 and q4. q0 is both the initial and the final state. The transitions are: q0 with value 1 goes to q1, q1 with value 1 goes to q2, q2 with value 0 goes to q3, q3 with value 0 goes to q4, q4 with value 0 goes to q0.;[];[0.95, 0.95, 0.9, 1.0];1.0;0;False;{'user_input': 'what can you tell me about this in this automaton?', 'intent': 'fsa-practical', 'argument': 'automaton', 'dialogue_act': 'Ta:request', 'frame': {'states': ['q1']}, '_raw_frame': {}};[0.95, 0.95, 0.9, 1.0]
VisualRelevancy;5;sorry, i meant this, not q0.;Could you be more specific?;[];[0.95, 0.95, 1.0, 1.0];1.0;0;False;{'user_input': 'sorry, i meant this, not q0.', 'intent': 'fsa-practical', 'argument': 'language', 'dialogue_act': 'Ta:request', 'frame': {'states': ['q1']}, '_raw_frame': {'input': '?'}};[0.95, 0.95, 1.0, 1.0]
VisualRelevancy;5;could you tell me whether the language recognized by this automaton is non-regular, focusing on its states?;The state q0 exists.;['simbolo-q0'];[0.0, 0.1, 0.0, 0.8];0.9;0;False;{'user_input': 'could you tell me whether the language recognized by this automaton is non-regular, focusing on its states?', 'intent': 'fsa-practical', 'argument': 'state', 'dialogue_act': 'Ta:request', 'frame': {'states': '?'}};[0.0, 0.1, 0.0, 0.8]
VisualRelevancy;5;which state is q1 in this finite state automaton?;The state q0 exists.;['simbolo-q0'];[0.0, 0.1, 0.0, 0.0];0.0;1;False;{'user_input': 'which state is q1 in this finite state automaton?', 'intent': 'fsa-practical', 'argument': 'state', 'dialogue_act': 'Ta:request', 'frame': {'states': 'q1'}};[0.0, 0.1, 0.0, 0.0]
VisualRelevancy;5;The state q1 is one of the five states of this automaton.;The state q0 exists.;['simbolo-q0'];[0.0, 0.2, 0.0, 0.2];0.2;2;False;{'user_input': 'The state q1 is one of the five states of this automaton.', 'intent': 'fsa-practical', 'argument': 'state', 'dialogue_act': 'Ta:request', 'frame': {'states': 'q1'}};[0.0, 0.2, 0.0, 0.2]
VisualRelevancy;5;sorry, i meant that the automaton is in this, not in the others.;The state q1 exists.;['simbolo-q1'];[0.9, 0.9, 1.0, 1.0];1.0;2;False;{'user_input': 'sorry, i meant that the automaton is in this, not in the others.', 'intent': 'fsa-practical', 'argument': 'state', 'dialogue_act': 'Ta:request', 'frame': {'states': ['q1']}, '_raw_frame': {'state': '?'}};[0.9, 0.9, 1.0, 1.0]
VisualRelevancy;5;In this regular language automaton, what is the current state after processing the input string?;The state q0 exists.;['simbolo-q0'];[0.0, 0.2, 0.0, 0.2];0.2;3;False;{'user_input': 'In this regular language automaton, what is the current state after processing the input string?', 'intent': 'fsa-practical', 'argument': 'state', 'dialogue_act': 'Ta:request', 'frame': {'states': '?'}};[0.0, 0.2, 0.0, 0.2]
VisualRelevancy;5;What is the initial state of this automaton if we start from Q3?;It is not the initial state.;[];[0.2, 0.4, 0.2, 1.0];1.0;3;False;{'user_input': 'What is the initial state of this automaton if we start from Q3?', 'intent': 'fsa-practical', 'argument': 'state', 'dialogue_act': 'Ta:request', 'frame': {'initialState': 'Q3'}};[0.2, 0.4, 0.2, 1.0]
VisualRelevancy;5;which information can you give me about this of this automaton?;The automaton accepts zero or more words formed by a sequence of the type 11000. In total there are 5 states: q0, q1, q2, q3 and q4. q0 is both the initial and the final state. The transitions are: q0 with value 1 goes to q1, q1 with value 1 goes to q2, q2 with value 0 goes to q3, q3 with value 0 goes to q4, q4 with value 0 goes to q0.;[];[0.95, 0.95, 0.9, 1.0];1.0;3;False;{'user_input': 'which information can you give me about this of this automaton?', 'intent': 'fsa-practical', 'argument': 'automaton', 'dialogue_act': 'Ta:request', 'frame': {'states': ['q1']}, '_raw_frame': {'graphicRepresentation': '?'}};[0.95, 0.95, 0.9, 1.0]
BaseLine;-9;Can I jump straight from q2 to q4 in this diagram?;there is no transition between q2 and q4.;[];[1.0, 1.0, 1.0, 1.0];-1;-1;False;{'user_input': 'Can I jump straight from q2 to q4 in this diagram?', 'intent': 'fsa-practical', 'argument': 'transition', 'dialogue_act': 'Ta:request', 'frame': {'transitions': [['q2', 'q4', '?']]}};[1.0, 1.0, 1.0, 1.0]
BaseLine;-8;What label sits on the arrow that leaves q1 and reaches q2?;The transition between q1 and q2 is with value 1.;['simbolo-q1-q2'];[1.0, 1.0, 1.0, 1.0];-1;-1;False;{'user_input': 'What label sits on the arrow that leaves q1 and reaches q2?', 'intent': 'fsa-practical', 'argument': 'transition', 'dialogue_act': 'Ta:request', 'frame': {'transitions': [['q1', 'q2', '?']]}};[1.0, 1.0, 1.0, 1.0]
BaseLine;-7;From which state does the sequence 11000 start and end here?;The initial state is q0.;['simbolo-q0'];[0.2, 0.4, 0.2, 0.6];-1;-1;False;{'user_input': 'From which state does the sequence 11000 start and end here?', 'intent': 'fsa-practical', 'argument': 'state', 'dialogue_act': 'Ta:request', 'frame': {'initialState': '?'}};[0.2, 0.4, 0.2, 0.6]
BaseLine;-6;Tell me the number of different states that appear in this automaton;This automaton has 5 states;['simbolo-q0', 'simbolo-q1', 'simbolo-q2', 'simbolo-q3', 'simbolo-q4'];[1.0, 1.0, 1.0, 1.0];-1;-1;False;{'user_input': 'Tell me the number of different states that appear in this automaton', 'intent': 'fsa-practical', 'argument': 'state', 'dialogue_act': 'Ta:request', 'frame': {'numberOfStates': '?'}};[1.0, 1.0, 1.0, 1.0]
BaseLine;-5;Point out which state counts as both the starting and accepting state;The initial state is q0.;['simbolo-q0'];[0.5, 0.8, 0.5, 0.9];-1;-1;False;{'user_input': 'Point out which state counts as both the starting and accepting state', 'intent': 'fsa-practical', 'argument': 'state', 'dialogue_act': 'Ta:request', 'frame': {'initialState': '?', 'finalStates': '?'}};[0.5, 0.8, 0.5, 0.9]
BaseLine;-4;What is the complete list of symbols that this machine can read?;Could you be more specific?;[];[0.0, 0.1, 0.0, 1.0];-1;-1;False;{'user_input': 'What is the complete list of symbols that this machine can read?', 'intent': 'fsa-practical', 'argument': 'alphabet', 'dialogue_act': 'Ta:request', 'frame': {'alphabet': '?'}};[0.0, 0.1, 0.0, 1.0]
BaseLine;-3;Say whether this automaton is deterministic or not;The automaton accepts zero or more words formed by a sequence of the type 11000. In total there are 5 states: q0, q1, q2, q3 and q4. q0 is both the initial and the final state. The transitions are: q0 with value 1 goes to q1, q1 with value 1 goes to q2, q2 with value 0 goes to q3, q3 with value 0 goes to q4, q4 with value 0 goes to q0.;[];[0.1, 0.4, 0.2, 1.0];-1;-1;False;{'user_input': 'Say whether this automaton is deterministic or not', 'intent': 'fsa-practical', 'argument': 'automaton', 'dialogue_act': 'Ta:propositionalQuestion', 'frame': {'automatonType': '?'}};[0.1, 0.4, 0.2, 1.0]
BaseLine;-2;Show me every transition that goes out from q0;the transition is not defined.;[];[0.0, 0.2, 0.0, 0.9];-1;-1;False;{'user_input': 'Show me every transition that goes out from q0', 'intent': 'fsa-practical', 'argument': 'transition', 'dialogue_act': 'Ta:request', 'frame': {'transitions': [['q0', '?', '?']]}};[0.0, 0.2, 0.0, 0.9]
BaseLine;-1;Tell me which state has no incoming arrows in this picture;MUTATION The automaton has 5 states: q0, q1, q2,;['simbolo-q0', 'simbolo-q1', 'simbolo-q2', 'simbolo-q3', 'simbolo-q4'];[0.0, 0.2, 0.0, 0.5];-1;-1;True;{'user_input': 'Tell me which state has no incoming arrows in this picture', 'intent': 'fsa-practical', 'argument': 'state', 'dialogue_act': 'Ta:request', 'frame': {'input': '?'}};[0.0, 0.2, 0.0, 0.5]
BaseLine;0;Name the state that you would call the initial one;The initial state is q0.;['simbolo-q0'];[1.0, 1.0, 1.0, 1.0];-1;-1;False;{'user_input': 'Name the state that you would call the initial one', 'intent': 'fsa-practical', 'argument': 'state', 'dialogue_act': 'Ta:request', 'frame': {'initialState': '?'}};[1.0, 1.0, 1.0, 1.0]
BaseLine;1;How many accepting states are there in the machine on the tablet?;MUTATION The automaton has 5 states: q0, q1, q2,;['simbolo-q0', 'simbolo-q1', 'simbolo-q2', 'simbolo-q3', 'simbolo-q4'];[0.1, 0.2, 0.1, 0.9];-1;-1;True;{'user_input': 'How many accepting states are there in the machine on the tablet?', 'intent': 'fsa-practical', 'argument': 'state', 'dialogue_act': 'Ta:request', 'frame': {'numberOfAcceptingStates': '?'}};[0.1, 0.2, 0.1, 0.9]
BaseLine;2;Explain what kind of language this automaton is supposed to recognize;Could you be more specific?;[];[0.0, 0.1, 0.0, 1.0];-1;-1;False;{'user_input': 'Explain what kind of language this automaton is supposed to recognize', 'intent': 'fsa-practical', 'argument': 'language', 'dialogue_act': 'Ta:request', 'frame': {'input': '?'}};[0.0, 0.1, 0.0, 1.0]
BaseLine;3;Tell me the output if I input 11000 into this automaton;Could you be more specific?;[];[0.0, 0.1, 0.0, 1.0];-1;-1;False;{'user_input': 'Tell me the output if I input 11000 into this automaton', 'intent': 'fsa-practical', 'argument': 'language', 'dialogue_act': 'Ta:request', 'frame': {'input': '11000'}};[0.0, 0.1, 0.0, 1.0]
BaseLine;4;Which pattern of zeros and ones does this machine seem designed to detect?;Could you be more specific?;[];[0.0, 0.1, 0.0, 1.0];-1;-1;False;{'user_input': 'Which pattern of zeros and ones does this machine seem designed to detect?', 'intent': 'fsa-practical', 'argument': 'pattern', 'dialogue_act': 'Ta:propositionalQuestion', 'frame': {'patternType': '?'}};[0.0, 0.1, 0.0, 1.0]
BaseLine;5;Describe the graphic shape used to draw the states in this automaton;MUTATION The automaton has 5 states: q0, q1, q2,;['simbolo-q0', 'simbolo-q1', 'simbolo-q2', 'simbolo-q3', 'simbolo-q4'];[0.1, 0.2, 0.2, 0.9];-1;-1;True;{'user_input': 'Describe the graphic shape used to draw the states in this automaton', 'intent': 'fsa-practical', 'argument': 'state', 'dialogue_act': 'Ta:request', 'frame': {'graphicShape': '?'}};[0.1, 0.2, 0.2, 0.9]
BaseLine;6;Can I jump directly from q2 to q4 in this automaton?;there is no transition between q2 and q4.;[];[1.0, 1.0, 1.0, 1.0];-1;-1;False;{'user_input': 'Can I jump directly from q2 to q4 in this automaton?', 'intent': 'fsa-practical', 'argument': 'transition', 'dialogue_act': 'Ta:request', 'frame': {'transitions': [['q2', 'q4', '?']]}};[1.0, 1.0, 1.0, 1.0]
BaseLine;7;What label sits on the arrow that goes from q1 to q2?;The transition between q1 and q2 is with value 1.;['simbolo-q1-q2'];[1.0, 1.0, 1.0, 1.0];-1;-1;False;{'user_input': 'What label sits on the arrow that goes from q1 to q2?', 'intent': 'fsa-practical', 'argument': 'transition', 'dialogue_act': 'Ta:request', 'frame': {'transitions': [['q1', 'q2', '?']]}};[1.0, 1.0, 1.0, 1.0]
BaseLine;8;Which state counts as the starting point in this picture?;The initial state is q0.;['simbolo-q0'];[1.0, 1.0, 1.0, 1.0];-1;-1;False;{'user_input': 'Which state counts as the starting point in this picture?', 'intent': 'fsa-practical', 'argument': 'state', 'dialogue_act': 'Ta:request', 'frame': {'initialState': '?'}};[1.0, 1.0, 1.0, 1.0]
BaseLine;9;Tell me which states in this automaton are accepting.;The state q0 exists.;['simbolo-q0'];[0.9, 0.9, 1.0, 1.0];-1;-1;False;{'user_input': 'Tell me which states in this automaton are accepting.', 'intent': 'fsa-practical', 'argument': 'state', 'dialogue_act': 'Ta:request', 'frame': {'states': '?'}};[0.9, 0.9, 1.0, 1.0]
BaseLine;10;How many different states are drawn in this diagram?;This automaton has 5 states;['simbolo-q0', 'simbolo-q1', 'simbolo-q2', 'simbolo-q3', 'simbolo-q4'];[1.0, 1.0, 1.0, 1.0];-1;-1;False;{'user_input': 'How many different states are drawn in this diagram?', 'intent': 'fsa-practical', 'argument': 'state', 'dialogue_act': 'Ta:request', 'frame': {'numberOfStates': '?'}};[1.0, 1.0, 1.0, 1.0]
BaseLine;11;How many arrows are there altogether between these states?;The automaton has 5 transitions: q0 with value 1 goes to q1, q1 with value 1 goes to q2, q2 with value 0 goes to q3, q3 with value 0 goes to q4, q4 with value 0 goes to q0.;['simbolo-q0-q1', 'simbolo-q1-q2', 'simbolo-q2-q3', 'simbolo-q3-q4', 'simbolo-q4-q0'];[1.0, 1.0, 1.0, 1.0];-1;-1;False;{'user_input': 'How many arrows are there altogether between these states?', 'intent': 'fsa-practical', 'argument': 'transition', 'dialogue_act': 'Ta:request', 'frame': {'numberOfTransitions': '?'}};[1.0, 1.0, 1.0, 1.0]
BaseLine;12;Does this machine ever read a symbol other than 0 or 1?;Could you be more specific?;[];[0.0, 0.1, 0.0, 1.0];-1;-1;False;{'user_input': 'Does this machine ever read a symbol other than 0 or 1?', 'intent': 'fsa-practical', 'argument': 'language', 'dialogue_act': 'Ta:request', 'frame': {'input': '?'}};[0.0, 0.1, 0.0, 1.0]
BaseLine;13;Is this automaton deterministic according to the definition we use?;The automaton accepts zero or more words formed by a sequence of the type 11000. In total there are 5 states: q0, q1, q2, q3 and q4. q0 is both the initial and the final state. The transitions are: q0 with value 1 goes to q1, q1 with value 1 goes to q2, q2 with value 0 goes to q3, q3 with value 0 goes to q4, q4 with value 0 goes to q0.;[];[0.1, 0.3, 0.2, 1.0];-1;-1;False;{'user_input': 'Is this automaton deterministic according to the definition we use?', 'intent': 'fsa-practical', 'argument': 'automaton', 'dialogue_act': 'Ta:propositionalQuestion', 'frame': {'automatonType': 'deterministic'}};[0.1, 0.3, 0.2, 1.0]
BaseLine;14;What output does the machine give after it finishes reading an input string?;Could you be more specific?;[];[0.0, 0.2, 0.0, 1.0];-1;-1;False;{'user_input': 'What output does the machine give after it finishes reading an input string?', 'intent': 'fsa-practical', 'argument': 'language', 'dialogue_act': 'Ta:request', 'frame': {'output': '?'}};[0.0, 0.2, 0.0, 1.0]
BaseLine;15;From q0, which state do I reach if the machine reads a 1?;MUTATION The automaton has 5 states: q0, q1, q2,;['simbolo-q0', 'simbolo-q1', 'simbolo-q2', 'simbolo-q3', 'simbolo-q4'];[0.1, 0.2, 0.2, 0.3];-1;-1;True;{'user_input': 'From q0, which state do I reach if the machine reads a 1?', 'intent': 'fsa-practical', 'argument': 'state', 'dialogue_act': 'Ta:request', 'frame': {'transitions': [['q0', '?', '1']]}};[0.1, 0.2, 0.2, 0.3]
BaseLine;16;Name the state that the machine returns to after three zeros from q2.;MUTATION The automaton has 5 states: q0, q1, q2,;['simbolo-q0', 'simbolo-q1', 'simbolo-q2', 'simbolo-q3', 'simbolo-q4'];[0.0, 0.2, 0.0, 0.3];-1;-1;True;{'user_input': 'Name the state that the machine returns to after three zeros from q2.', 'intent': 'fsa-practical', 'argument': 'state', 'dialogue_act': 'Ta:request', 'frame': {'state': '?'}};[0.0, 0.2, 0.0, 0.3]
BaseLine;17;What kind of language does this automaton recognize in theory?;Could you be more specific?;[];[0.0, 0.1, 0.0, 1.0];-1;-1;False;{'user_input': 'What kind of language does this automaton recognize in theory?', 'intent': 'fsa-practical', 'argument': 'language', 'dialogue_act': 'Ta:request', 'frame': {'input': '?'}};[0.0, 0.1, 0.0, 1.0]
BaseLine;18;Does the pattern of states here form a cycle or a line?;Could you be more specific?;[];[0.0, 0.1, 0.0, 1.0];-1;-1;False;{'user_input': 'Does the pattern of states here form a cycle or a line?', 'intent': 'fsa-practical', 'argument': 'pattern', 'dialogue_act': 'Ta:propositionalQuestion', 'frame': {'patternType': 'cycle'}};[0.0, 0.1, 0.0, 1.0]
BaseLine;19;Which single state here has the most transitions connected to it?;The automaton has 5 transitions: q0 with value 1 goes to q1, q1 with value 1 goes to q2, q2 with value 0 goes to q3, q3 with value 0 goes to q4, q4 with value 0 goes to q0.;['simbolo-q0-q1', 'simbolo-q1-q2', 'simbolo-q2-q3', 'simbolo-q3-q4', 'simbolo-q4-q0'];[0.0, 0.4, 0.2, 0.9];-1;-1;False;{'user_input': 'Which single state here has the most transitions connected to it?', 'intent': 'fsa-practical', 'argument': 'transition', 'dialogue_act': 'Ta:request', 'frame': {'transitions': []}};[0.0, 0.4, 0.2, 0.9]
BaseLine;20;If I want to know the language of this automaton, what exactly should I look at in the diagram?;Could you be more specific?;[];[0.1, 0.1, 0.1, 1.0];-1;-1;False;{'user_input': 'If I want to know the language of this automaton, what exactly should I look at in the diagram?', 'intent': 'fsa-practical', 'argument': 'pattern', 'dialogue_act': 'Ta:request', 'frame': {'patternType': '?'}};[0.1, 0.1, 0.1, 1.0]
BaseLine;21;Can q2 reach q4 in this automaton?;there is no transition between q2 and q4.;[];[0.2, 0.4, 0.2, 1.0];-1;-1;False;{'user_input': 'Can q2 reach q4 in this automaton?', 'intent': 'fsa-practical', 'argument': 'transition', 'dialogue_act': 'Ta:request', 'frame': {'transitions': [['q2', 'q4', '?']]}};[0.2, 0.4, 0.2, 1.0]
BaseLine;22;What label is on the arrow from q1 to q2?;The transition between q1 and q2 is with value 1.;['simbolo-q1-q2'];[1.0, 1.0, 1.0, 1.0];-1;-1;False;{'user_input': 'What label is on the arrow from q1 to q2?', 'intent': 'fsa-practical', 'argument': 'transition', 'dialogue_act': 'Ta:request', 'frame': {'transitions': [['q1', 'q2', '?']]}};[1.0, 1.0, 1.0, 1.0]
BaseLine;23;Tell me the starting state of this machine.;The initial state is q0.;['simbolo-q0'];[1.0, 1.0, 1.0, 1.0];-1;-1;False;{'user_input': 'Tell me the starting state of this machine.', 'intent': 'fsa-practical', 'argument': 'state', 'dialogue_act': 'Ta:request', 'frame': {'initialState': '?'}};[1.0, 1.0, 1.0, 1.0]
BaseLine;24;Which states count as accepting here?;The state q0 exists.;['simbolo-q0'];[0.95, 0.9, 1.0, 1.0];-1;-1;False;{'user_input': 'Which states count as accepting here?', 'intent': 'fsa-practical', 'argument': 'state', 'dialogue_act': 'Ta:request', 'frame': {'states': '?'}};[0.95, 0.9, 1.0, 1.0]
BaseLine;25;How many arrows do I see altogether in this diagram?;The automaton accepts zero or more words formed by a sequence of the type 11000. In total there are 5 states: q0, q1, q2, q3 and q4. q0 is both the initial and the final state. The transitions are: q0 with value 1 goes to q1, q1 with value 1 goes to q2, q2 with value 0 goes to q3, q3 with value 0 goes to q4, q4 with value 0 goes to q0.;[];[0.1, 0.4, 0.2, 1.0];-1;-1;False;{'user_input': 'How many arrows do I see altogether in this diagram?', 'intent': 'fsa-practical', 'argument': None, 'dialogue_act': 'Ta:request', 'frame': {'numberOfArrows': '?'}};[0.1, 0.4, 0.2, 1.0]
BaseLine;26;Is this machine deterministic or something else?;The automaton accepts zero or more words formed by a sequence of the type 11000. In total there are 5 states: q0, q1, q2, q3 and q4. q0 is both the initial and the final state. The transitions are: q0 with value 1 goes to q1, q1 with value 1 goes to q2, q2 with value 0 goes to q3, q3 with value 0 goes to q4, q4 with value 0 goes to q0.;[];[0.1, 0.4, 0.2, 1.0];-1;-1;False;{'user_input': 'Is this machine deterministic or something else?', 'intent': 'fsa-practical', 'argument': 'automaton', 'dialogue_act': 'Ta:request', 'frame': {'automatonType': '?'}};[0.1, 0.4, 0.2, 1.0]
BaseLine;27;Does the automaton read only 0 and 1 as input?;Could you be more specific?;[];[0.0, 0.1, 0.0, 1.0];-1;-1;False;{'user_input': 'Does the automaton read only 0 and 1 as input?', 'intent': 'fsa-practical', 'argument': 'pattern', 'dialogue_act': 'Ta:request', 'frame': {'patternType': 'input'}};[0.0, 0.1, 0.0, 1.0]
BaseLine;28;What happens to the machine after it reads 11000?;MUTATION The automaton has 5 states: q0, q1, q2,;['simbolo-q0', 'simbolo-q1', 'simbolo-q2', 'simbolo-q3', 'simbolo-q4'];[0.1, 0.2, 0.1, 0.9];-1;-1;True;{'user_input': 'What happens to the machine after it reads 11000?', 'intent': 'fsa-practical', 'argument': 'state', 'dialogue_act': 'Ta:request', 'frame': {'input': '11000'}};[0.1, 0.2, 0.1, 0.9]
BaseLine;29;From q3, where does the automaton go on input 1?;the transition is not defined.;[];[1.0, 1.0, 1.0, 1.0];-1;-1;False;{'user_input': 'From q3, where does the automaton go on input 1?', 'intent': 'fsa-practical', 'argument': 'transition', 'dialogue_act': 'Ta:request', 'frame': {'transitions': [['q3', '?', '1']]}};[1.0, 1.0, 1.0, 1.0]
BaseLine;30;Show me the transition that brings the machine back to q0.;the transition is not defined.;[];[0.0, 0.2, 0.0, 1.0];-1;-1;False;{'user_input': 'Show me the transition that brings the machine back to q0.', 'intent': 'fsa-practical', 'argument': 'transition', 'dialogue_act': 'Ta:request', 'frame': {'transitions': [['?', 'q0', 'q0']]}};[0.0, 0.2, 0.0, 1.0]
BaseLine;31;Is q1 ever a final state in this picture?;The final state is q0.;['simbolo-q0'];[0.95, 0.95, 1.0, 0.9];-1;-1;False;{'user_input': 'Is q1 ever a final state in this picture?', 'intent': 'fsa-practical', 'argument': 'state', 'dialogue_act': 'Ta:propositionalQuestion', 'frame': {'finalStates': 'q1'}};[0.95, 0.95, 1.0, 0.9]
BaseLine;32;What kind of language does this automaton recognize?;Could you be more specific?;[];[0.0, 0.1, 0.0, 1.0];-1;-1;False;{'user_input': 'What kind of language does this automaton recognize?', 'intent': 'fsa-practical', 'argument': 'language', 'dialogue_act': 'Ta:propositionalQuestion', 'frame': {'input': '?'}};[0.0, 0.1, 0.0, 1.0]
BaseLine;33;Explain what this whole automaton is supposed to do.;The automaton accepts zero or more words formed by a sequence of the type 11000. In total there are 5 states: q0, q1, q2, q3 and q4. q0 is both the initial and the final state. The transitions are: q0 with value 1 goes to q1, q1 with value 1 goes to q2, q2 with value 0 goes to q3, q3 with value 0 goes to q4, q4 with value 0 goes to q0.;[];[0.95, 0.95, 0.95, 1.0];-1;-1;False;{'user_input': 'Explain what this whole automaton is supposed to do.', 'intent': 'fsa-practical', 'argument': 'automaton', 'dialogue_act': 'Ta:request', 'frame': {}};[0.95, 0.95, 0.95, 1.0]
BaseLine;34;Which state has the largest number of outgoing arrows?;MUTATION The automaton has 5 states: q0, q1, q2,;['simbolo-q0', 'simbolo-q1', 'simbolo-q2', 'simbolo-q3', 'simbolo-q4'];[0.0, 0.2, 0.0, 0.8];-1;-1;True;{'user_input': 'Which state has the largest number of outgoing arrows?', 'intent': 'fsa-practical', 'argument': 'state', 'dialogue_act': 'Ta:request', 'frame': {'stateWithMostTransitions': '?'}};[0.0, 0.2, 0.0, 0.8]
BaseLine;35;Give me the list of all states that appear in this drawing.;The state q0 exists.;['simbolo-q0'];[0.2, 0.4, 0.2, 0.9];-1;-1;False;{'user_input': 'Give me the list of all states that appear in this drawing.', 'intent': 'fsa-practical', 'argument': 'state', 'dialogue_act': 'Ta:request', 'frame': {'states': '?'}};[0.2, 0.4, 0.2, 0.9]
BaseLine;36;Is q0 the only state where the run can finish?;The final state is q0.;['simbolo-q0'];[0.4, 0.6, 0.5, 0.9];-1;-1;False;{'user_input': 'Is q0 the only state where the run can finish?', 'intent': 'fsa-practical', 'argument': 'state', 'dialogue_act': 'Ta:propositionalQuestion', 'frame': {'finalStates': 'q0'}};[0.4, 0.6, 0.5, 0.9]
BaseLine;37;Can I ever reach q4 if I start from q1 and only read 1s?;The automaton accepts zero or more words formed by a sequence of the type 11000. In total there are 5 states: q0, q1, q2, q3 and q4. q0 is both the initial and the final state. The transitions are: q0 with value 1 goes to q1, q1 with value 1 goes to q2, q2 with value 0 goes to q3, q3 with value 0 goes to q4, q4 with value 0 goes to q0.;[];[0.1, 0.2, 0.2, 1.0];-1;-1;False;{'user_input': 'Can I ever reach q4 if I start from q1 and only read 1s?', 'intent': 'fsa-practical', 'argument': None, 'dialogue_act': 'Ta:propositionalQuestion', 'frame': {'input': '1'}};[0.1, 0.2, 0.2, 1.0]
BaseLine;38;Tell me the symbol on the edge that goes from q2 to q3.;The transition between q2 and q3 is with value 0.;['simbolo-q2-q3'];[1.0, 1.0, 1.0, 1.0];-1;-1;False;{'user_input': 'Tell me the symbol on the edge that goes from q2 to q3.', 'intent': 'fsa-practical', 'argument': 'transition', 'dialogue_act': 'Ta:request', 'frame': {'transitions': [['q2', 'q3', '?']]}};[1.0, 1.0, 1.0, 1.0]
BaseLine;39;From q3, what state do I land in when the automaton reads 0?;MUTATION The automaton has 5 states: q0, q1, q2,;['simbolo-q0', 'simbolo-q1', 'simbolo-q2', 'simbolo-q3', 'simbolo-q4'];[0.0, 0.1, 0.0, 0.2];-1;-1;True;{'user_input': 'From q3, what state do I land in when the automaton reads 0?', 'intent': 'fsa-practical', 'argument': 'state', 'dialogue_act': 'Ta:request', 'frame': {'transitions': [['q3', '?', '0']]}};[0.0, 0.1, 0.0, 0.2]
BaseLine;40;What kind of automaton is this, if we only look at how many arrows leave each state?;The automaton has 5 states and 5 transitions.;[];[0.1, 0.2, 0.2, 1.0];-1;-1;False;{'user_input': 'What kind of automaton is this, if we only look at how many arrows leave each state?', 'intent': 'fsa-practical', 'argument': 'automaton', 'dialogue_act': 'Ta:request', 'frame': {'numberOfStates': '?'}};[0.1, 0.2, 0.2, 1.0]
BaseLine;41;Does this machine accept any word that does not end back in q0?;Could you be more specific?;[];[0.1, 0.2, 0.1, 1.0];-1;-1;False;{'user_input': 'Does this machine accept any word that does not end back in q0?', 'intent': 'fsa-practical', 'argument': 'language', 'dialogue_act': 'Ta:propositionalQuestion', 'frame': {'input': '?'}};[0.1, 0.2, 0.1, 1.0]
BaseLine;42;Show me all the states that have no incoming arrows in this picture.;The state q0 exists.;['simbolo-q0'];[0.0, 0.2, 0.0, 0.0];-1;-1;False;{'user_input': 'Show me all the states that have no incoming arrows in this picture.', 'intent': 'fsa-practical', 'argument': 'state', 'dialogue_act': 'Ta:request', 'frame': {'states': '?'}};[0.0, 0.2, 0.0, 0.0]
BaseLine;43;How many different paths exist that start in q0 and use exactly three transitions?;The automaton accepts zero or more words formed by a sequence of the type 11000. In total there are 5 states: q0, q1, q2, q3 and q4. q0 is both the initial and the final state. The transitions are: q0 with value 1 goes to q1, q1 with value 1 goes to q2, q2 with value 0 goes to q3, q3 with value 0 goes to q4, q4 with value 0 goes to q0.;[];[0.1, 0.3, 0.2, 1.0];-1;-1;False;{'user_input': 'How many different paths exist that start in q0 and use exactly three transitions?', 'intent': 'fsa-practical', 'argument': None, 'dialogue_act': 'Ta:request', 'frame': {'numberOfPaths': '?'}};[0.1, 0.3, 0.2, 1.0]
BaseLine;44;Is there a way to go from q4 to q2 following the arrows in the diagram?;there is no transition between q4 and q2.;[];[0.2, 0.4, 0.2, 1.0];-1;-1;False;{'user_input': 'Is there a way to go from q4 to q2 following the arrows in the diagram?', 'intent': 'fsa-practical', 'argument': None, 'dialogue_act': 'Ta:request', 'frame': {'transitions': [['q4', 'q2', '?']]}};[0.2, 0.4, 0.2, 1.0]
BaseLine;45;Tell me whether the language of this automaton is regular or not.;Could you be more specific?;[];[0.0, 0.1, 0.0, 1.0];-1;-1;False;{'user_input': 'Tell me whether the language of this automaton is regular or not.', 'intent': 'fsa-practical', 'argument': 'language', 'dialogue_act': 'Ta:request', 'frame': {'input': '?'}};[0.0, 0.1, 0.0, 1.0]
BaseLine;46;What is the starting point of the run in this drawing?;The initial state is q0.;['simbolo-q0'];[1.0, 1.0, 1.0, 1.0];-1;-1;False;{'user_input': 'What is the starting point of the run in this drawing?', 'intent': 'fsa-practical', 'argument': 'state', 'dialogue_act': 'Ta:request', 'frame': {'initialState': '?'}};[1.0, 1.0, 1.0, 1.0]
BaseLine;47;List every state that the machine ever visits when it reads the input 11000.;The state q0 exists.;['simbolo-q0'];[0.0, 0.2, 0.0, 0.3];-1;-1;False;{'user_input': 'List every state that the machine ever visits when it reads the input 11000.', 'intent': 'fsa-practical', 'argument': 'state', 'dialogue_act': 'Ta:request', 'frame': {'states': '?'}};[0.0, 0.2, 0.0, 0.3]
BaseLine;48;Does the machine ever use the symbol 1 to return to q0 in this diagram?;Could you be more specific?;[];[0.0, 0.1, 0.0, 1.0];-1;-1;False;{'user_input': 'Does the machine ever use the symbol 1 to return to q0 in this diagram?', 'intent': 'fsa-practical', 'argument': 'language', 'dialogue_act': 'Ta:propositionalQuestion', 'frame': {'input': '?'}};[0.0, 0.1, 0.0, 1.0]
BaseLine;49;Tell me how many accepting states appear in this automaton.;MUTATION The automaton has 5 states: q0, q1, q2,;['simbolo-q0', 'simbolo-q1', 'simbolo-q2', 'simbolo-q3', 'simbolo-q4'];[0.0, 0.2, 0.0, 0.2];-1;-1;True;{'user_input': 'Tell me how many accepting states appear in this automaton.', 'intent': 'fsa-practical', 'argument': 'state', 'dialogue_act': 'Ta:request', 'frame': {'numberOfAcceptingStates': '?'}};[0.0, 0.2, 0.0, 0.2]
BaseLine;50;Is the alphabet here just the symbols that are written on the arrows?;Could you be more specific?;[];[0.1, 0.2, 0.1, 1.0];-1;-1;False;{'user_input': 'Is the alphabet here just the symbols that are written on the arrows?', 'intent': 'fsa-practical', 'argument': 'alphabet', 'dialogue_act': 'Ta:propositionalQuestion', 'frame': {'alphabet': '?'}};[0.1, 0.2, 0.1, 1.0]
BaseLine;51;Is q0 the only accepting state in this machine?;The state q0 exists.;['simbolo-q0'];[0.0, 0.2, 0.0, 0.3];-1;-1;False;{'user_input': 'Is q0 the only accepting state in this machine?', 'intent': 'fsa-practical', 'argument': 'state', 'dialogue_act': 'Ta:request', 'frame': {'states': 'q0'}};[0.0, 0.2, 0.0, 0.3]
BaseLine;52;From q2, can I ever reach q4 using the transitions shown?;there is no transition between q2 and q4.;[];[0.2, 0.4, 0.2, 1.0];-1;-1;False;{'user_input': 'From q2, can I ever reach q4 using the transitions shown?', 'intent': 'fsa-practical', 'argument': 'transition', 'dialogue_act': 'Ta:propositionalQuestion', 'frame': {'transitions': [['q2', 'q4', '?']]}};[0.2, 0.4, 0.2, 1.0]
BaseLine;53;Tell me the symbol on the arrow that goes from q1 to q2.;The transition between q1 and q2 is with value 1.;['simbolo-q1-q2'];[1.0, 1.0, 1.0, 1.0];-1;-1;False;{'user_input': 'Tell me the symbol on the arrow that goes from q1 to q2.', 'intent': 'fsa-practical', 'argument': 'transition', 'dialogue_act': 'Ta:request', 'frame': {'transitions': [['q1', 'q2', '?']]}};[1.0, 1.0, 1.0, 1.0]
BaseLine;54;Say which state I start in if I input a word to this automaton.;The initial state is q0.;['simbolo-q0'];[1.0, 1.0, 1.0, 1.0];-1;-1;False;{'user_input': 'Say which state I start in if I input a word to this automaton.', 'intent': 'fsa-practical', 'argument': 'state', 'dialogue_act': 'Ta:request', 'frame': {'initialState': '?'}};[1.0, 1.0, 1.0, 1.0]
BaseLine;55;Name the full set of states that appear in this diagram.;The state q0 exists.;['simbolo-q0'];[0.2, 0.4, 0.2, 0.8];-1;-1;False;{'user_input': 'Name the full set of states that appear in this diagram.', 'intent': 'fsa-practical', 'argument': 'state', 'dialogue_act': 'Ta:request', 'frame': {'states': '?'}};[0.2, 0.4, 0.2, 0.8]
BaseLine;56;Describe the transition that brings the automaton back to q0.;The automaton has 5 transitions: q0 with value 1 goes to q1, q1 with value 1 goes to q2, q2 with value 0 goes to q3, q3 with value 0 goes to q4, q4 with value 0 goes to q0.;['simbolo-q0-q1', 'simbolo-q1-q2', 'simbolo-q2-q3', 'simbolo-q3-q4', 'simbolo-q4-q0'];[0.6, 0.5, 1.0, 1.0];-1;-1;False;{'user_input': 'Describe the transition that brings the automaton back to q0.', 'intent': 'fsa-practical', 'argument': 'transition', 'dialogue_act': 'Ta:request', 'frame': {'transitions': []}};[0.6, 0.5, 1.0, 1.0]
BaseLine;57;How many different transitions leave state q0 in this picture?;The automaton has 5 transitions: q0 with value 1 goes to q1, q1 with value 1 goes to q2, q2 with value 0 goes to q3, q3 with value 0 goes to q4, q4 with value 0 goes to q0.;['simbolo-q0-q1', 'simbolo-q1-q2', 'simbolo-q2-q3', 'simbolo-q3-q4', 'simbolo-q4-q0'];[0.0, 0.3, 0.0, 0.2];-1;-1;False;{'user_input': 'How many different transitions leave state q0 in this picture?', 'intent': 'fsa-practical', 'argument': 'transition', 'dialogue_act': 'Ta:request', 'frame': {'numberOfTransitions': '?'}};[0.0, 0.3, 0.0, 0.2]
BaseLine;58;Does this automaton accept any string that ends in 000?;Could you be more specific?;[];[0.0, 0.1, 0.0, 1.0];-1;-1;False;{'user_input': 'Does this automaton accept any string that ends in 000?', 'intent': 'fsa-practical', 'argument': 'language', 'dialogue_act': 'Ta:request', 'frame': {'input': 'endsIn000'}};[0.0, 0.1, 0.0, 1.0]
BaseLine;59;Explain what kind of language this machine is supposed to recognize.;Could you be more specific?;[];[0.0, 0.1, 0.0, 1.0];-1;-1;False;{'user_input': 'Explain what kind of language this machine is supposed to recognize.', 'intent': 'fsa-practical', 'argument': 'language', 'dialogue_act': 'Ta:request', 'frame': {'input': '?'}};[0.0, 0.1, 0.0, 1.0]
BaseLine;60;Is the alphabet of this automaton just 0 and 1, or something else?;Could you be more specific?;[];[0.0, 0.1, 0.0, 1.0];-1;-1;False;{'user_input': 'Is the alphabet of this automaton just 0 and 1, or something else?', 'intent': 'fsa-practical', 'argument': 'alphabet', 'dialogue_act': 'Ta:propositionalQuestion', 'frame': {'alphabet': '0'}};[0.0, 0.1, 0.0, 1.0]
BaseLine;61;Tell me whether this diagram represents a deterministic automaton.;The automaton accepts zero or more words formed by a sequence of the type 11000. In total there are 5 states: q0, q1, q2, q3 and q4. q0 is both the initial and the final state. The transitions are: q0 with value 1 goes to q1, q1 with value 1 goes to q2, q2 with value 0 goes to q3, q3 with value 0 goes to q4, q4 with value 0 goes to q0.;[];[0.1, 0.3, 0.2, 1.0];-1;-1;False;{'user_input': 'Tell me whether this diagram represents a deterministic automaton.', 'intent': 'fsa-practical', 'argument': 'automaton', 'dialogue_act': 'Ta:request', 'frame': {'automatonType': 'deterministic'}};[0.1, 0.3, 0.2, 1.0]
BaseLine;62;What output should I expect after the machine reads the string 11000?;Could you be more specific?;[];[0.0, 0.1, 0.0, 1.0];-1;-1;False;{'user_input': 'What output should I expect after the machine reads the string 11000?', 'intent': 'fsa-practical', 'argument': 'language', 'dialogue_act': 'Ta:request', 'frame': {'input': '11000'}};[0.0, 0.1, 0.0, 1.0]
BaseLine;63;Which state has no transitions entering it in this drawing?;MUTATION The automaton has 5 states: q0, q1, q2,;['simbolo-q0', 'simbolo-q1', 'simbolo-q2', 'simbolo-q3', 'simbolo-q4'];[0.0, 0.1, 0.0, 0.2];-1;-1;True;{'user_input': 'Which state has no transitions entering it in this drawing?', 'intent': 'fsa-practical', 'argument': 'state', 'dialogue_act': 'Ta:request', 'frame': {'input': '?'}};[0.0, 0.1, 0.0, 0.2]
BaseLine;64;Show me the path the automaton follows when it reads the input 11000.;The automaton accepts zero or more words formed by a sequence of the type 11000. In total there are 5 states: q0, q1, q2, q3 and q4. q0 is both the initial and the final state. The transitions are: q0 with value 1 goes to q1, q1 with value 1 goes to q2, q2 with value 0 goes to q3, q3 with value 0 goes to q4, q4 with value 0 goes to q0.;[];[0.2, 0.4, 0.3, 0.9];-1;-1;False;{'user_input': 'Show me the path the automaton follows when it reads the input 11000.', 'intent': 'fsa-practical', 'argument': None, 'dialogue_act': 'Ta:request', 'frame': {'input': '11000'}};[0.2, 0.4, 0.3, 0.9]
BaseLine;65;Is there any missing transition from q2 that should appear in this graph?;the transition is not defined.;[];[0.2, 0.4, 0.2, 1.0];-1;-1;False;{'user_input': 'Is there any missing transition from q2 that should appear in this graph?', 'intent': 'fsa-practical', 'argument': 'transition', 'dialogue_act': 'Ta:request', 'frame': {'transitions': [['q2', '?', '?']]}};[0.2, 0.4, 0.2, 1.0]
