METRIC;ITERATION;QUESTION;ANSWER;VISUAL_ANSWER;JUDGE_VALUE;FAILS;MUTED;NLU_OUTPUT;METRIC_SCORES
Accuracy;1;Can I go directly from q2 to q4 with a single transition in this automaton?;There is no transition between q2 and q4.;[];1.0;0;False;{'user_input': 'Can I go directly from q2 to q4 with a single transition in this automaton?', 'intent': 'fsa-practical', 'argument': 'transition', 'dialogue_act': 'Ta:propositionalQuestion', 'frame': {'transitions': [['q2', 'q4', '?']]}};[1.0, 1.0, 1.0, 1.0]
Accuracy;1;what is the symbol of the transition from this to that in the automaton’s alphabet?;Could you be more specific?;[];0.2;1;False;{'user_input': 'what is the symbol of the transition from this to that in the automaton’s alphabet?', 'intent': 'fsa-practical', 'argument': 'alphabet', 'dialogue_act': 'Ta:request', 'frame': {'states': ['q2', 'q4']}, '_raw_frame': {'alphabet': '?'}};[0.2, 0.3, 0.2, 1.0]
Accuracy;1;What is the language recognized by this automaton when it starts in q2 and ends in q4?;Could you be more specific?;[];0.0;2;False;{'user_input': 'What is the language recognized by this automaton when it starts in q2 and ends in q4?', 'intent': 'fsa-practical', 'argument': 'language', 'dialogue_act': 'Ta:request', 'frame': {'input': '?'}};[0.0, 0.1, 0.0, 1.0]
Accuracy;1;what is the language accepted by this automaton for the input string?;Could you be more specific?;[];0.1;3;False;{'user_input': 'what is the language accepted by this automaton for the input string?', 'intent': 'fsa-practical', 'argument': 'language', 'dialogue_act': 'Ta:request', 'frame': {'input': '?'}};[0.1, 0.2, 0.1, 1.0]
Accuracy;1;What is the language accepted by this automaton for the input string?;Could you be more specific?;[];0.0;4;False;{'user_input': 'What is the language accepted by this automaton for the input string?', 'intent': 'fsa-practical', 'argument': 'language', 'dialogue_act': 'Ta:request', 'frame': {'input': '?'}};[0.0, 0.1, 0.0, 1.0]
Accuracy;1;which state in this automaton has the highest number of transitions?;The automaton has 5 states: q0, q1, q2, q3 and q4.;['simbolo-q0', 'simbolo-q1', 'simbolo-q2', 'simbolo-q3', 'simbolo-q4'];0.0;5;False;{'user_input': 'which state in this automaton has the highest number of transitions?', 'intent': 'fsa-practical', 'argument': 'state', 'dialogue_act': 'Ta:request', 'frame': {'stateWithMostTransitions': '?'}};[0.0, 0.2, 0.0, 0.9]
Accuracy;1;which state in this automaton has the highest number of transitions?;The automaton has 5 states: q0, q1, q2, q3 and q4.;['simbolo-q0', 'simbolo-q1', 'simbolo-q2', 'simbolo-q3', 'simbolo-q4'];0.0;6;False;{'user_input': 'which state in this automaton has the highest number of transitions?', 'intent': 'fsa-practical', 'argument': 'state', 'dialogue_act': 'Ta:request', 'frame': {'stateWithMostTransitions': '?'}};[0.0, 0.2, 0.0, 0.3]
Accuracy;1;"it is not correct that q0 is the state with the most transitions; which state actually has the most transitions in this automaton?";The automaton has 5 transitions: q0 with value 1 goes to q1, q1 with value 1 goes to q2, q2 with value 0 goes to q3, q3 with value 0 goes to q4, q4 with value 0 goes to q0.;['simbolo-q0-q1', 'simbolo-q1-q2', 'simbolo-q2-q3', 'simbolo-q3-q4', 'simbolo-q4-q0'];0.0;7;False;"{'user_input': 'it is not correct that q0 is the state with the most transitions; which state actually has the most transitions in this automaton?', 'intent': 'fsa-practical', 'argument': 'transition', 'dialogue_act': 'Ta:propositionalQuestion', 'frame': {'transitions': []}}";[0.0, 0.3, 0.0, 1.0]
Accuracy;1;set a question about the transitions of this automaton.;The automaton has 5 transitions: q0 with value 1 goes to q1, q1 with value 1 goes to q2, q2 with value 0 goes to q3, q3 with value 0 goes to q4, q4 with value 0 goes to q0.;['simbolo-q0-q1', 'simbolo-q1-q2', 'simbolo-q2-q3', 'simbolo-q3-q4', 'simbolo-q4-q0'];0.2;8;False;{'user_input': 'set a question about the transitions of this automaton.', 'intent': 'fsa-practical', 'argument': 'transition', 'dialogue_act': 'Ta:propositionalQuestion', 'frame': {'transitions': []}};[0.2, 0.2, 0.2, 0.9]
Accuracy;1;what is the output of the automaton for this sequence of transitions?;Could you be more specific?;[];0.1;9;False;{'user_input': 'what is the output of the automaton for this sequence of transitions?', 'intent': 'fsa-practical', 'argument': 'pattern', 'dialogue_act': 'Ta:request', 'frame': {'output': '?'}};[0.1, 0.1, 0.1, 1.0]
Accuracy;1;hi, could you show me the transitions of this automaton on the tablet?;MUTATION In total there are 5 states: q0, q1, q2, q3 and q4. q0 is both the initial and the final state.;[];0.3;10;True;{'user_input': 'hi, could you show me the transitions of this automaton on the tablet?', 'intent': 'fsa-practical', 'argument': 'automaton', 'dialogue_act': 'Ta:request', 'frame': {'transitions': []}};[0.3, 0.4, 0.3, 0.9]
Accuracy;1;what are the transitions of this automaton?;The automaton has 5 transitions: q0 with value 1 goes to q1, q1 with value 1 goes to q2, q2 with value 0 goes to q3, q3 with value 0 goes to q4, q4 with value 0 goes to q0.;['simbolo-q0-q1', 'simbolo-q1-q2', 'simbolo-q2-q3', 'simbolo-q3-q4', 'simbolo-q4-q0'];1.0;10;False;{'user_input': 'what are the transitions of this automaton?', 'intent': 'fsa-practical', 'argument': 'transition', 'dialogue_act': 'Ta:request', 'frame': {'transitions': []}};[1.0, 1.0, 1.0, 1.0]
Accuracy;1;if the automaton had only 2 states, how many transitions would there be?;The automaton has 5 transitions: q0 with value 1 goes to q1, q1 with value 1 goes to q2, q2 with value 0 goes to q3, q3 with value 0 goes to q4, q4 with value 0 goes to q0.;['simbolo-q0-q1', 'simbolo-q1-q2', 'simbolo-q2-q3', 'simbolo-q3-q4', 'simbolo-q4-q0'];0.0;11;False;{'user_input': 'if the automaton had only 2 states, how many transitions would there be?', 'intent': 'fsa-practical', 'argument': 'transition', 'dialogue_act': 'Ta:request', 'frame': {'numberOfStates': '2'}};[0.0, 0.2, 0.0, 0.9]
Accuracy;1;can you explain, from a theoretical point of view, what a transition is in a finite state automaton that has 2 states?;The automaton has 5 transitions: q0 with value 1 goes to q1, q1 with value 1 goes to q2, q2 with value 0 goes to q3, q3 with value 0 goes to q4, q4 with value 0 goes to q0.;['simbolo-q0-q1', 'simbolo-q1-q2', 'simbolo-q2-q3', 'simbolo-q3-q4', 'simbolo-q4-q0'];0.1;12;False;{'user_input': 'can you explain, from a theoretical point of view, what a transition is in a finite state automaton that has 2 states?', 'intent': 'fsa-practical', 'argument': 'transition', 'dialogue_act': 'Ta:request', 'frame': {'transitions': []}};[0.1, 0.2, 0.2, 0.9]
Accuracy;1;the automaton has 2 transitions.;The automaton has 5 transitions: q0 with value 1 goes to q1, q1 with value 1 goes to q2, q2 with value 0 goes to q3, q3 with value 0 goes to q4, q4 with value 0 goes to q0.;['simbolo-q0-q1', 'simbolo-q1-q2', 'simbolo-q2-q3', 'simbolo-q3-q4', 'simbolo-q4-q0'];1.0;12;False;{'user_input': 'the automaton has 2 transitions.', 'intent': 'fsa-practical', 'argument': 'transition', 'dialogue_act': 'Ta:request', 'frame': {'numberOfTransitions': '2'}};[1.0, 1.0, 1.0, 1.0]
Accuracy;2;What is the value on the transition from q1 to q2 in the diagram?;The transition between q1 and q2 is with value 1.;['simbolo-q1-q2'];1.0;0;False;{'user_input': 'What is the value on the transition from q1 to q2 in the diagram?', 'intent': 'fsa-practical', 'argument': 'transition', 'dialogue_act': 'Ta:request', 'frame': {'transitions': [['q1', 'q2', '?']]}};[1.0, 1.0, 1.0, 1.0]
Accuracy;2;The transition from q1 to q2 occurs with which input symbol?;The transition between q1 and q2 is with value 1.;['simbolo-q1-q2'];1.0;0;False;{'user_input': 'The transition from q1 to q2 occurs with which input symbol?', 'intent': 'fsa-practical', 'argument': 'transition', 'dialogue_act': 'Ta:request', 'frame': {'transitions': [['q1', 'q2', '?']]}};[1.0, 1.0, 1.0, 1.0]
Accuracy;2;which regular language do these transitions of the automaton recognize?;Could you be more specific?;[];0.0;1;False;{'user_input': 'which regular language do these transitions of the automaton recognize?', 'intent': 'fsa-practical', 'argument': 'language', 'dialogue_act': 'Ta:request', 'frame': {'alphabet': '?', 'input': '?'}};[0.0, 0.1, 0.0, 1.0]
Accuracy;2;What is the language accepted by this automaton for an input that I still have to choose?;Could you be more specific?;[];0.1;2;False;{'user_input': 'What is the language accepted by this automaton for an input that I still have to choose?', 'intent': 'fsa-practical', 'argument': 'language', 'dialogue_act': 'Ta:request', 'frame': {'input': '?'}};[0.1, 0.2, 0.1, 1.0]
Accuracy;2;What is the language accepted by this automaton for the input string?;Could you be more specific?;[];0.0;3;False;{'user_input': 'What is the language accepted by this automaton for the input string?', 'intent': 'fsa-practical', 'argument': 'language', 'dialogue_act': 'Ta:request', 'frame': {'input': '?'}};[0.0, 0.1, 0.0, 1.0]
Accuracy;2;what is the language accepted by the automaton if the initial state is either q1 or q2?;Could you be more specific?;[];0.0;4;False;{'user_input': 'what is the language accepted by the automaton if the initial state is either q1 or q2?', 'intent': 'fsa-practical', 'argument': 'language', 'dialogue_act': 'Ta:request', 'frame': {'initialStates': 'q1'}};[0.0, 0.1, 0.0, 1.0]
Accuracy;2;What is the language recognized by this automaton starting from which state?;Could you be more specific?;[];0.1;5;False;{'user_input': 'What is the language recognized by this automaton starting from which state?', 'intent': 'fsa-practical', 'argument': 'language', 'dialogue_act': 'Ta:request', 'frame': {'initialState': '?'}};[0.1, 0.2, 0.1, 1.0]
Accuracy;2;Set the practical exercise on the language of this automaton assuming that the initial state is q1.;It is not the initial state.;[];0.1;6;False;{'user_input': 'Set the practical exercise on the language of this automaton assuming that the initial state is q1.', 'intent': 'fsa-practical', 'argument': None, 'dialogue_act': 'Ta:request', 'frame': {'initialState': 'q1'}};[0.1, 0.2, 0.1, 1.0]
Accuracy;2;what is the language accepted by this automaton if the initial state is q1?;Could you be more specific?;[];0.0;7;False;{'user_input': 'what is the language accepted by this automaton if the initial state is q1?', 'intent': 'fsa-practical', 'argument': 'language', 'dialogue_act': 'Ta:request', 'frame': {'initialState': 'q1'}};[0.0, 0.1, 0.0, 1.0]
Accuracy;2;What is the language accepted by this automaton if the initial state is q1?;Could you be more specific?;[];0.0;8;False;{'user_input': 'What is the language accepted by this automaton if the initial state is q1?', 'intent': 'fsa-practical', 'argument': 'language', 'dialogue_act': 'Ta:request', 'frame': {'initialState': 'q1'}};[0.0, 0.1, 0.0, 1.0]
Accuracy;2;what is the alphabet of the automaton if the initial state is q1?;Could you be more specific?;[];0.0;9;False;{'user_input': 'what is the alphabet of the automaton if the initial state is q1?', 'intent': 'fsa-practical', 'argument': 'alphabet', 'dialogue_act': 'Ta:request', 'frame': {'alphabet': '?'}};[0.0, 0.1, 0.0, 1.0]
Accuracy;2;What is the alphabet of this automaton?;Could you be more specific?;[];0.0;10;False;{'user_input': 'What is the alphabet of this automaton?', 'intent': 'fsa-practical', 'argument': 'alphabet', 'dialogue_act': 'Ta:request', 'frame': {'alphabet': '?'}};[0.0, 0.1, 0.0, 1.0]
Accuracy;2;What is the alphabet of this finite state automaton?;Could you be more specific?;[];0.0;11;False;{'user_input': 'What is the alphabet of this finite state automaton?', 'intent': 'fsa-practical', 'argument': 'alphabet', 'dialogue_act': 'Ta:request', 'frame': {'alphabet': '?'}};[0.0, 0.1, 0.0, 1.0]
Accuracy;2;What is the alphabet of this automaton?;Could you be more specific?;[];0.0;12;False;{'user_input': 'What is the alphabet of this automaton?', 'intent': 'fsa-practical', 'argument': 'alphabet', 'dialogue_act': 'Ta:request', 'frame': {'alphabet': '?'}};[0.0, 0.1, 0.0, 1.0]
Accuracy;2;What is the alphabet of this regular language?;Could you be more specific?;[];0.0;13;False;{'user_input': 'What is the alphabet of this regular language?', 'intent': 'fsa-practical', 'argument': 'alphabet', 'dialogue_act': 'Ta:propositionalQuestion', 'frame': {'alphabet': '?'}};[0.0, 0.1, 0.0, 1.0]
Accuracy;3;If I start from q0 and read the input string 11000, do I end in an accepting state?;Could you be more specific?;[];0.0;1;False;{'user_input': 'If I start from q0 and read the input string 11000, do I end in an accepting state?', 'intent': 'fsa-practical', 'argument': 'language', 'dialogue_act': 'Ta:propositionalQuestion', 'frame': {'input': '11000'}};[0.0, 0.1, 0.0, 1.0]
Accuracy;3;What is the language recognized by this automaton following an anti-clockwise pattern?;Could you be more specific?;[];0.0;2;False;{'user_input': 'What is the language recognized by this automaton following an anti-clockwise pattern?', 'intent': 'fsa-practical', 'argument': 'language', 'dialogue_act': 'Ta:request', 'frame': {'alphabet': 'S', 'input': '?'}};[0.0, 0.1, 0.0, 1.0]
Accuracy;3;what is the language accepted by this finite state automaton over the alphabet σ, and for which input strings?;Could you be more specific?;[];0.0;3;False;{'user_input': 'what is the language accepted by this finite state automaton over the alphabet σ, and for which input strings?', 'intent': 'fsa-practical', 'argument': 'language', 'dialogue_act': 'Ta:request', 'frame': {'alphabet': 'σ', 'input': 'x'}};[0.0, 0.1, 0.0, 1.0]
Accuracy;3;Set a practical question about the language of this finite state automaton: given the alphabet σ and the input string x, what language does the automaton recognize?;Could you be more specific?;[];0.0;4;False;{'user_input': 'Set a practical question about the language of this finite state automaton: given the alphabet σ and the input string x, what language does the automaton recognize?', 'intent': 'fsa-practical', 'argument': 'language', 'dialogue_act': 'Ta:request', 'frame': {'alphabet': 'σ', 'input': 'x'}};[0.0, 0.1, 0.0, 1.0]
Accuracy;3;what is the language σ recognized by this automaton for the input string x?;Could you be more specific?;[];0.1;5;False;{'user_input': 'what is the language σ recognized by this automaton for the input string x?', 'intent': 'fsa-practical', 'argument': 'language', 'dialogue_act': 'Ta:request', 'frame': {'input': 'x'}};[0.1, 0.2, 0.1, 1.0]
Accuracy;3;what is the language \(l(a)\) recognized by this finite state automaton over the alphabet \(\sigma\) for the input string \(x\)?;Could you be more specific?;[];0.1;6;False;{'user_input': 'what is the language \\(l(a)\\) recognized by this finite state automaton over the alphabet \\(\\sigma\\) for the input string \\(x\\)?', 'intent': 'fsa-practical', 'argument': 'language', 'dialogue_act': 'Ta:request', 'frame': {'alphabet': 'à', 'input': 'x'}};[0.1, 0.2, 0.1, 1.0]
Accuracy;3;On the automaton shown, given the alphabet σ and an input string x, can you tell me which transitions are followed?;The automaton has 5 transitions: q0 with value 1 goes to q1, q1 with value 1 goes to q2, q2 with value 0 goes to q3, q3 with value 0 goes to q4, q4 with value 0 goes to q0.;['simbolo-q0-q1', 'simbolo-q1-q2', 'simbolo-q2-q3', 'simbolo-q3-q4', 'simbolo-q4-q0'];0.3;7;False;{'user_input': 'On the automaton shown, given the alphabet σ and an input string x, can you tell me which transitions are followed?', 'intent': 'fsa-practical', 'argument': 'transition', 'dialogue_act': 'Ta:request', 'frame': {'alphabet': 'σ', 'input': 'x'}};[0.3, 0.4, 0.3, 0.9]
Accuracy;3;What is the language recognized by this automaton, given that it has 5 states?;Could you be more specific?;[];0.0;8;False;{'user_input': 'What is the language recognized by this automaton, given that it has 5 states?', 'intent': 'fsa-practical', 'argument': 'language', 'dialogue_act': 'Ta:request', 'frame': {'numberOfStates': '5'}};[0.0, 0.1, 0.0, 1.0]
Accuracy;3;How many states does this automaton have?;This automaton has 5 states.;['simbolo-q0', 'simbolo-q1', 'simbolo-q2', 'simbolo-q3', 'simbolo-q4'];1.0;8;False;{'user_input': 'How many states does this automaton have?', 'intent': 'fsa-practical', 'argument': 'state', 'dialogue_act': 'Ta:request', 'frame': {'numberOfStates': '?'}};[1.0, 1.0, 1.0, 1.0]
Accuracy;3;What language is accepted by the automaton that has the transition from Q1 to Q2 with input symbol 0?;Could you be more specific?;[];0.0;9;False;{'user_input': 'What language is accepted by the automaton that has the transition from Q1 to Q2 with input symbol 0?', 'intent': 'fsa-practical', 'argument': 'language', 'dialogue_act': 'Ta:request', 'frame': {'input': '0'}};[0.0, 0.1, 0.0, 1.0]
Accuracy;3;Given the automaton shown, what language does it accept for the input string 0?;Could you be more specific?;[];0.0;10;False;{'user_input': 'Given the automaton shown, what language does it accept for the input string 0?', 'intent': 'fsa-practical', 'argument': 'language', 'dialogue_act': 'Ta:request', 'frame': {'input': '0'}};[0.0, 0.1, 0.0, 1.0]
Accuracy;3;can you run this automaton on the input 0 and tell me what happens?;MUTATION In total there are 5 states: q0, q1, q2, q3 and q4. q0 is both the initial and the final state.;[];0.2;11;True;{'user_input': 'can you run this automaton on the input 0 and tell me what happens?', 'intent': 'fsa-practical', 'argument': 'automaton', 'dialogue_act': 'Ta:request', 'frame': {'input': '0'}};[0.2, 0.3, 0.2, 1.0]
Accuracy;3;ok, now i’d like to test the automaton with the input 0.;Could you be more specific?;[];0.1;12;False;{'user_input': 'ok, now i’d like to test the automaton with the input 0.', 'intent': 'fsa-practical', 'argument': 'language', 'dialogue_act': 'Ta:request', 'frame': {'input': '0'}};[0.1, 0.1, 0.1, 0.9]
Accuracy;3;what is the language accepted by this automaton, and how many final states does it have?;Could you be more specific?;[];0.0;13;False;{'user_input': 'what is the language accepted by this automaton, and how many final states does it have?', 'intent': 'fsa-practical', 'argument': 'language', 'dialogue_act': 'Ta:request', 'frame': {'numberOfFinalStates': '?'}};[0.0, 0.1, 0.0, 1.0]
Accuracy;3;Which language is recognized by this finite automaton?;Could you be more specific?;[];0.0;14;False;{'user_input': 'Which language is recognized by this finite automaton?', 'intent': 'fsa-practical', 'argument': 'language', 'dialogue_act': 'Ta:request', 'frame': {'input': '?'}};[0.0, 0.1, 0.0, 1.0]
Accuracy;4;How can I know from this diagram whether the automaton is deterministic or nondeterministic?;MUTATION In total there are 5 states: q0, q1, q2, q3 and q4. q0 is both the initial and the final state.;[];0.1;1;True;{'user_input': 'How can I know from this diagram whether the automaton is deterministic or nondeterministic?', 'intent': 'fsa-practical', 'argument': 'automaton', 'dialogue_act': 'Ta:propositionalQuestion', 'frame': {'input': 'diagram'}};[0.1, 0.2, 0.1, 1.0]
Accuracy;4;is the input of the automaton represented in the diagram equal to 11000?;Could you be more specific?;[];0.0;2;False;{'user_input': 'is the input of the automaton represented in the diagram equal to 11000?', 'intent': 'fsa-practical', 'argument': 'language', 'dialogue_act': 'Ta:request', 'frame': {'input': '11000'}};[0.0, 0.1, 0.0, 1.0]
Accuracy;4;Set the question in language about the practical finite state automaton for the input 11000.;MUTATION In total there are 5 states: q0, q1, q2, q3 and q4. q0 is both the initial and the final state.;[];0.2;3;True;{'user_input': 'Set the question in language about the practical finite state automaton for the input 11000.', 'intent': 'fsa-practical', 'argument': 'automaton', 'dialogue_act': 'Ta:request', 'frame': {'input': '11000'}};[0.2, 0.3, 0.3, 1.0]
Accuracy;4;Sorry, I meant the language recognized by this automaton on the input 11000, not its states—can you tell me the language for the string 11000?;Could you be more specific?;[];0.1;4;False;{'user_input': 'Sorry, I meant the language recognized by this automaton on the input 11000, not its states—can you tell me the language for the string 11000?', 'intent': 'fsa-practical', 'argument': 'language', 'dialogue_act': 'Ta:request', 'frame': {'input': '11000'}};[0.1, 0.2, 0.1, 1.0]
Accuracy;4;for the automaton shown, can you run the input string 11000 and tell me what happens?;Could you be more specific?;[];0.0;5;False;{'user_input': 'for the automaton shown, can you run the input string 11000 and tell me what happens?', 'intent': 'fsa-practical', 'argument': 'language', 'dialogue_act': 'Ta:request', 'frame': {'input': '11000'}};[0.0, 0.1, 0.0, 1.0]
Accuracy;4;can you check the pattern recognized by this automaton for the input 11000?;Could you be more specific?;[];0.1;6;False;{'user_input': 'can you check the pattern recognized by this automaton for the input 11000?', 'intent': 'fsa-practical', 'argument': 'pattern', 'dialogue_act': 'Ta:request', 'frame': {'patternType': '?'}};[0.1, 0.1, 0.1, 1.0]
Accuracy;4;what is the language accepted by this automaton for the input 11000?;Could you be more specific?;[];0.0;7;False;{'user_input': 'what is the language accepted by this automaton for the input 11000?', 'intent': 'fsa-practical', 'argument': 'language', 'dialogue_act': 'Ta:request', 'frame': {'input': '11000'}};[0.0, 0.1, 0.0, 1.0]
Accuracy;4;in this automaton, how many final states does the recognized language have?;The automaton has 5 states: q0, q1, q2, q3 and q4.;['simbolo-q0', 'simbolo-q1', 'simbolo-q2', 'simbolo-q3', 'simbolo-q4'];0.0;8;False;{'user_input': 'in this automaton, how many final states does the recognized language have?', 'intent': 'fsa-practical', 'argument': 'state', 'dialogue_act': 'Ta:request', 'frame': {'numberOfFinalStates': '?'}};[0.0, 0.2, 0.0, 0.2]
Accuracy;4;how many final states does this automaton have?;The automaton has 5 states: q0, q1, q2, q3 and q4.;['simbolo-q0', 'simbolo-q1', 'simbolo-q2', 'simbolo-q3', 'simbolo-q4'];0.0;9;False;{'user_input': 'how many final states does this automaton have?', 'intent': 'fsa-practical', 'argument': 'state', 'dialogue_act': 'Ta:request', 'frame': {'numberOfFinalStates': '?'}};[0.0, 0.2, 0.0, 0.9]
Accuracy;4;hello, looking at this automaton, how many final states does it have?;The automaton has 5 states: q0, q1, q2, q3 and q4.;['simbolo-q0', 'simbolo-q1', 'simbolo-q2', 'simbolo-q3', 'simbolo-q4'];0.0;10;False;{'user_input': 'hello, looking at this automaton, how many final states does it have?', 'intent': 'fsa-practical', 'argument': 'state', 'dialogue_act': 'Ta:request', 'frame': {'numberOfFinalStates': '?'}};[0.0, 0.2, 0.0, 0.2]
Accuracy;4;How many final states does this automaton have?;The automaton has 5 states: q0, q1, q2, q3 and q4.;['simbolo-q0', 'simbolo-q1', 'simbolo-q2', 'simbolo-q3', 'simbolo-q4'];0.0;11;False;{'user_input': 'How many final states does this automaton have?', 'intent': 'fsa-practical', 'argument': 'state', 'dialogue_act': 'Ta:request', 'frame': {'numberOfFinalStates': '?'}};[0.0, 0.2, 0.0, 0.2]
Accuracy;4;hello, looking at this automaton, how many final states does it have?;The automaton has 5 states: q0, q1, q2, q3 and q4.;['simbolo-q0', 'simbolo-q1', 'simbolo-q2', 'simbolo-q3', 'simbolo-q4'];0.0;12;False;{'user_input': 'hello, looking at this automaton, how many final states does it have?', 'intent': 'fsa-practical', 'argument': 'state', 'dialogue_act': 'Ta:request', 'frame': {'numberOfFinalStates': '?'}};[0.0, 0.2, 0.0, 0.2]
Accuracy;4;before we finish, could you tell me how many final states this automaton has?;The automaton has 5 states: q0, q1, q2, q3 and q4.;['simbolo-q0', 'simbolo-q1', 'simbolo-q2', 'simbolo-q3', 'simbolo-q4'];0.0;13;False;{'user_input': 'before we finish, could you tell me how many final states this automaton has?', 'intent': 'fsa-practical', 'argument': 'state', 'dialogue_act': 'Ta:request', 'frame': {'numberOfFinalStates': '?'}};[0.0, 0.2, 0.0, 0.2]
Accuracy;4;in this automaton, i’m sure that q0 is the initial state, but i don’t know how many final states there are: could you tell me the number of final states?;The automaton has 5 states: q0, q1, q2, q3 and q4.;['simbolo-q0', 'simbolo-q1', 'simbolo-q2', 'simbolo-q3', 'simbolo-q4'];0.0;14;False;{'user_input': 'in this automaton, i’m sure that q0 is the initial state, but i don’t know how many final states there are: could you tell me the number of final states?', 'intent': 'fsa-practical', 'argument': 'state', 'dialogue_act': 'Ta:request', 'frame': {'numberOfFinalStates': '?'}};[0.0, 0.2, 0.0, 0.2]
Accuracy;4;Sorry, I meant the number of final states: how many final states does this automaton have?;The automaton has 5 states: q0, q1, q2, q3 and q4.;['simbolo-q0', 'simbolo-q1', 'simbolo-q2', 'simbolo-q3', 'simbolo-q4'];0.0;15;False;{'user_input': 'Sorry, I meant the number of final states: how many final states does this automaton have?', 'intent': 'fsa-practical', 'argument': 'state', 'dialogue_act': 'Ta:request', 'frame': {'numberOfFinalStates': '?'}};[0.0, 0.2, 0.0, 0.2]
Accuracy;5;In general, what kind of language (for example, regular or not) can a finite state automaton like this recognize?;Could you be more specific?;[];0.1;1;False;{'user_input': 'In general, what kind of language (for example, regular or not) can a finite state automaton like this recognize?', 'intent': 'fsa-practical', 'argument': 'language', 'dialogue_act': 'Ta:request', 'frame': {'input': '?'}};[0.1, 0.1, 0.1, 1.0]
Accuracy;5;What is the language accepted by this automaton for an input string?;Could you be more specific?;[];0.0;2;False;{'user_input': 'What is the language accepted by this automaton for an input string?', 'intent': 'fsa-practical', 'argument': 'language', 'dialogue_act': 'Ta:request', 'frame': {'input': '?'}};[0.0, 0.1, 0.0, 1.0]
Accuracy;5;What is the language accepted by this finite state automaton for an unspecified input string?;Could you be more specific?;[];0.0;3;False;{'user_input': 'What is the language accepted by this finite state automaton for an unspecified input string?', 'intent': 'fsa-practical', 'argument': 'language', 'dialogue_act': 'Ta:request', 'frame': {'input': '?'}};[0.0, 0.1, 0.0, 1.0]
Accuracy;5;what is the input of this automaton?;Could you be more specific?;[];0.0;4;False;{'user_input': 'what is the input of this automaton?', 'intent': 'fsa-practical', 'argument': 'language', 'dialogue_act': 'Ta:request', 'frame': {'input': '?'}};[0.0, 0.1, 0.0, 1.0]
Accuracy;5;What is the input of this automaton?;Could you be more specific?;[];0.1;5;False;{'user_input': 'What is the input of this automaton?', 'intent': 'fsa-practical', 'argument': 'language', 'dialogue_act': 'Ta:request', 'frame': {'input': '?'}};[0.1, 0.2, 0.1, 1.0]
Accuracy;5;For which input strings does this automaton define the language?;Could you be more specific?;[];0.0;6;False;{'user_input': 'For which input strings does this automaton define the language?', 'intent': 'fsa-practical', 'argument': 'language', 'dialogue_act': 'Ta:request', 'frame': {'input': '?'}};[0.0, 0.1, 0.0, 1.0]
Accuracy;5;What is the language recognized by this finite state automaton for an input string?;Could you be more specific?;[];0.0;7;False;{'user_input': 'What is the language recognized by this finite state automaton for an input string?', 'intent': 'fsa-practical', 'argument': 'language', 'dialogue_act': 'Ta:request', 'frame': {'input': '?'}};[0.0, 0.1, 0.0, 1.0]
Accuracy;5;what are the transitions of this automaton for an input string like 11000?;The automaton has 5 transitions: q0 with value 1 goes to q1, q1 with value 1 goes to q2, q2 with value 0 goes to q3, q3 with value 0 goes to q4, q4 with value 0 goes to q0.;['simbolo-q0-q1', 'simbolo-q1-q2', 'simbolo-q2-q3', 'simbolo-q3-q4', 'simbolo-q4-q0'];1.0;7;False;{'user_input': 'what are the transitions of this automaton for an input string like 11000?', 'intent': 'fsa-practical', 'argument': 'transition', 'dialogue_act': 'Ta:request', 'frame': {'transitions': []}};[1.0, 1.0, 1.0, 1.0]
Accuracy;5;What is the language accepted by this automaton for the input?;Could you be more specific?;[];0.0;8;False;{'user_input': 'What is the language accepted by this automaton for the input?', 'intent': 'fsa-practical', 'argument': 'language', 'dialogue_act': 'Ta:request', 'frame': {'input': '?'}};[0.0, 0.1, 0.0, 1.0]
Accuracy;5;"this automaton doesn’t recognize any meaningful language for the input string; what is the accepted language?";Could you be more specific?;[];0.0;9;False;"{'user_input': 'this automaton doesn’t recognize any meaningful language for the input string; what is the accepted language?', 'intent': 'fsa-practical', 'argument': 'language', 'dialogue_act': 'Ta:propositionalQuestion', 'frame': {'input': '?'}}";[0.0, 0.1, 0.0, 1.0]
Accuracy;5;What is the language accepted by this finite state automaton for an input string?;Could you be more specific?;[];0.0;10;False;{'user_input': 'What is the language accepted by this finite state automaton for an input string?', 'intent': 'fsa-practical', 'argument': 'language', 'dialogue_act': 'Ta:request', 'frame': {'input': '?'}};[0.0, 0.1, 0.0, 1.0]
Accuracy;5;What is the language recognized by this finite state automaton when its graphical representation is a triangle?;Could you be more specific?;[];0.0;11;False;{'user_input': 'What is the language recognized by this finite state automaton when its graphical representation is a triangle?', 'intent': 'fsa-practical', 'argument': 'language', 'dialogue_act': 'Ta:request', 'frame': {'graphicRepresentation': 'triangle'}};[0.0, 0.1, 0.0, 0.9]
Accuracy;5;what is the language accepted by this automaton?;Could you be more specific?;[];0.0;12;False;{'user_input': 'what is the language accepted by this automaton?', 'intent': 'fsa-practical', 'argument': 'language', 'dialogue_act': 'Ta:request', 'frame': {'input': '?'}};[0.0, 0.1, 0.0, 1.0]
Accuracy;5;can you tell me what language is recognized by this automaton for an input string?;Could you be more specific?;[];0.0;13;False;{'user_input': 'can you tell me what language is recognized by this automaton for an input string?', 'intent': 'fsa-practical', 'argument': 'language', 'dialogue_act': 'Ta:request', 'frame': {'input': '?'}};[0.0, 0.1, 0.0, 1.0]
Accuracy;5;what is the language recognized by this finite state automaton for an arbitrary input string?;Could you be more specific?;[];0.0;14;False;{'user_input': 'what is the language recognized by this finite state automaton for an arbitrary input string?', 'intent': 'fsa-practical', 'argument': 'language', 'dialogue_act': 'Ta:request', 'frame': {'input': '?'}};[0.0, 0.1, 0.0, 1.0]
Relevancy;1;Is it possible to go from q2 to q4 in this automaton?;There is no transition between q2 and q4.;[];0.9;0;False;{'user_input': 'Is it possible to go from q2 to q4 in this automaton?', 'intent': 'fsa-practical', 'argument': 'transition', 'dialogue_act': 'Ta:request', 'frame': {'transitions': [['q2', 'q4', '?']]}};[0.9, 0.9, 0.9, 1.0]
Relevancy;1;what is the optimal spatial representation of the transitions in this automaton?;Could you be more specific?;[];0.1;1;False;{'user_input': 'what is the optimal spatial representation of the transitions in this automaton?', 'intent': 'fsa-practical', 'argument': 'pattern', 'dialogue_act': 'Ta:request', 'frame': {'patternType': '?'}};[0.1, 0.1, 0.1, 1.0]
Relevancy;1;what type of pattern does this automaton follow?;Could you be more specific?;[];0.2;2;False;{'user_input': 'what type of pattern does this automaton follow?', 'intent': 'fsa-practical', 'argument': 'pattern', 'dialogue_act': 'Ta:request', 'frame': {'patternType': '?'}};[0.1, 0.2, 0.1, 1.0]
Relevancy;1;what type of pattern does this finite state automaton recognize?;Could you be more specific?;[];0.2;3;False;{'user_input': 'what type of pattern does this finite state automaton recognize?', 'intent': 'fsa-practical', 'argument': 'pattern', 'dialogue_act': 'Ta:request', 'frame': {}};[0.1, 0.2, 0.1, 1.0]
Relevancy;1;before i go, could you tell me what type of pattern this automaton recognizes?;Could you be more specific?;[];0.1;4;False;{'user_input': 'before i go, could you tell me what type of pattern this automaton recognizes?', 'intent': 'fsa-practical', 'argument': 'pattern', 'dialogue_act': 'Ta:propositionalQuestion', 'frame': {'patternType': '?'}};[0.1, 0.1, 0.1, 1.0]
Relevancy;1;Hi, could you explain what pattern type this finite state automaton follows?;Could you be more specific?;[];0.2;5;False;{'user_input': 'Hi, could you explain what pattern type this finite state automaton follows?', 'intent': 'fsa-practical', 'argument': 'pattern', 'dialogue_act': 'Ta:request', 'frame': {'patternType': '?'}};[0.1, 0.2, 0.1, 1.0]
Relevancy;1;"i think i got the pattern type of this automaton wrong before; can you tell me what pattern type it follows?";MUTATION In total there are 5 states: q0, q1, q2, q3 and q4. q0 is both the initial and the final state.;[];0.2;6;True;"{'user_input': 'i think i got the pattern type of this automaton wrong before; can you tell me what pattern type it follows?', 'intent': 'fsa-practical', 'argument': None, 'dialogue_act': 'Ta:request', 'frame': {}}";[0.1, 0.2, 0.2, 1.0]
Relevancy;1;i would like to correct myself: could you tell me what type of pattern this finite state automaton represents?;Could you be more specific?;[];0.2;7;False;{'user_input': 'i would like to correct myself: could you tell me what type of pattern this finite state automaton represents?', 'intent': 'fsa-practical', 'argument': 'pattern', 'dialogue_act': 'Ta:request', 'frame': {'patternType': '?'}};[0.1, 0.2, 0.1, 1.0]
Relevancy;1;what is the pattern type of this finite state automaton?;Could you be more specific?;[];0.2;8;False;{'user_input': 'what is the pattern type of this finite state automaton?', 'intent': 'fsa-practical', 'argument': 'pattern', 'dialogue_act': 'Ta:request', 'frame': {'patternType': '?'}};[0.1, 0.2, 0.1, 1.0]
Relevancy;1;what pattern does this finite automaton recognize?;Could you be more specific?;[];0.1;9;False;{'user_input': 'what pattern does this finite automaton recognize?', 'intent': 'fsa-practical', 'argument': 'pattern', 'dialogue_act': 'Ta:request', 'frame': {'patternType': '?'}};[0.0, 0.1, 0.0, 1.0]
Relevancy;1;What is the optimal spatial representation of this automaton’s pattern?;Could you be more specific?;[];0.2;10;False;{'user_input': 'What is the optimal spatial representation of this automaton’s pattern?', 'intent': 'fsa-practical', 'argument': 'pattern', 'dialogue_act': 'Ta:request', 'frame': {'patternType': '?'}};[0.1, 0.2, 0.1, 1.0]
Relevancy;1;Ok, I accept the turn: what kind of pattern does this automaton recognize?;Could you be more specific?;[];0.1;11;False;{'user_input': 'Ok, I accept the turn: what kind of pattern does this automaton recognize?', 'intent': 'fsa-practical', 'argument': 'pattern', 'dialogue_act': 'Ta:request', 'frame': {}};[0.1, 0.1, 0.1, 1.0]
Relevancy;1;what pattern of 1s and 0s does this automaton recognize?;Could you be more specific?;[];0.1;12;False;{'user_input': 'what pattern of 1s and 0s does this automaton recognize?', 'intent': 'fsa-practical', 'argument': 'pattern', 'dialogue_act': 'Ta:request', 'frame': {'patternType': '?'}};[0.0, 0.1, 0.0, 1.0]
Relevancy;1;What is the pattern type of this automaton?;Could you be more specific?;[];0.1;13;False;{'user_input': 'What is the pattern type of this automaton?', 'intent': 'fsa-practical', 'argument': 'pattern', 'dialogue_act': 'Ta:request', 'frame': {'patternType': '?'}};[0.0, 0.1, 0.0, 1.0]
Relevancy;1;what type of pattern does this automaton follow?;Could you be more specific?;[];0.2;14;False;{'user_input': 'what type of pattern does this automaton follow?', 'intent': 'fsa-practical', 'argument': 'pattern', 'dialogue_act': 'Ta:request', 'frame': {'patternType': '?'}};[0.1, 0.2, 0.1, 1.0]
Relevancy;2;What is the value of the transition from q1 to q2?;The transition between q1 and q2 is with value 1.;['simbolo-q1-q2'];1.0;0;False;{'user_input': 'What is the value of the transition from q1 to q2?', 'intent': 'fsa-practical', 'argument': 'transition', 'dialogue_act': 'Ta:request', 'frame': {'transitions': [['q1', 'q2', '?']]}};[1.0, 1.0, 1.0, 1.0]
Relevancy;2;"I meant to say that the transition from q1 to q2 should be labeled with 1, not with ?; can you correct this transition?";The transition between q1 and q2 is with value 1.;['simbolo-q1-q2'];1.0;0;False;"{'user_input': 'I meant to say that the transition from q1 to q2 should be labeled with 1, not with ?; can you correct this transition?', 'intent': 'fsa-practical', 'argument': 'transition', 'dialogue_act': 'Ta:request', 'frame': {'transitions': [['q1', 'q2', '1']]}}";[1.0, 1.0, 1.0, 1.0]
Relevancy;2;what is this with input symbol 1?;The automaton has 5 states: q0, q1, q2, q3 and q4.;['simbolo-q0', 'simbolo-q1', 'simbolo-q2', 'simbolo-q3', 'simbolo-q4'];0.2;1;False;{'user_input': 'what is this with input symbol 1?', 'intent': 'fsa-practical', 'argument': 'state', 'dialogue_act': 'Ta:request', 'frame': {'transitions': [['q1', 'q2', '?']]}, '_raw_frame': {'input': '1'}};[0.1, 0.2, 0.2, 0.8]
Relevancy;2;what is the output of this automaton, accepted or denied, for the input string 11000 starting from this?;Could you be more specific?;[];0.1;2;False;{'user_input': 'what is the output of this automaton, accepted or denied, for the input string 11000 starting from this?', 'intent': 'fsa-practical', 'argument': 'language', 'dialogue_act': 'Ta:request', 'frame': {'states': ['q0']}, '_raw_frame': {'input': '11000'}};[0.0, 0.1, 0.0, 1.0]
Relevancy;2;What is the language accepted by the automaton starting from state q0?;MUTATION In total there are 5 states: q0, q1, q2, q3 and q4. q0 is both the initial and the final state.;[];0.3;3;True;{'user_input': 'What is the language accepted by the automaton starting from state q0?', 'intent': None, 'argument': None, 'dialogue_act': None, 'frame': {}};[0.1, 0.3, 0.2, 1.0]
Relevancy;2;in this automaton, what is the language accepted if there are 5 final states?;Could you be more specific?;[];0.2;4;False;{'user_input': 'in this automaton, what is the language accepted if there are 5 final states?', 'intent': 'fsa-practical', 'argument': 'language', 'dialogue_act': 'Ta:request', 'frame': {'numberOfFinalStates': '5'}};[0.1, 0.2, 0.1, 1.0]
Relevancy;2;what information can you give me about this in this automaton?;Could you be more specific?;[];0.1;5;False;{'user_input': 'what information can you give me about this in this automaton?', 'intent': 'fsa-practical', 'argument': 'language', 'dialogue_act': 'Ta:request', 'frame': {'states': ['q0']}, '_raw_frame': {'input': '?'}};[0.1, 0.1, 0.1, 1.0]
Relevancy;2;what information can you give me about this in this automaton?;The automaton has 5 states: q0, q1, q2, q3 and q4.;['simbolo-q0', 'simbolo-q1', 'simbolo-q2', 'simbolo-q3', 'simbolo-q4'];0.5;5;False;{'user_input': 'what information can you give me about this in this automaton?', 'intent': 'fsa-practical', 'argument': 'state', 'dialogue_act': 'Ta:request', 'frame': {'states': ['q0']}, '_raw_frame': {'state': '?'}};[0.4, 0.5, 0.3, 0.9]
Relevancy;2;What is the language accepted by the automaton starting from state q0?;Could you be more specific?;[];0.1;6;False;{'user_input': 'What is the language accepted by the automaton starting from state q0?', 'intent': 'fsa-practical', 'argument': 'language', 'dialogue_act': 'Ta:request', 'frame': {'input': '?'}};[0.0, 0.1, 0.0, 1.0]
Relevancy;2;what is the language recognized by this finite state automaton for an arbitrary input string?;Could you be more specific?;[];0.1;7;False;{'user_input': 'what is the language recognized by this finite state automaton for an arbitrary input string?', 'intent': 'fsa-practical', 'argument': 'language', 'dialogue_act': 'Ta:request', 'frame': {'input': '?'}};[0.0, 0.1, 0.0, 1.0]
Relevancy;2;What are the transitions of this automaton for an input string?;The automaton has 5 transitions: q0 with value 1 goes to q1, q1 with value 1 goes to q2, q2 with value 0 goes to q3, q3 with value 0 goes to q4, q4 with value 0 goes to q0.;['simbolo-q0-q1', 'simbolo-q1-q2', 'simbolo-q2-q3', 'simbolo-q3-q4', 'simbolo-q4-q0'];1.0;7;False;{'user_input': 'What are the transitions of this automaton for an input string?', 'intent': 'fsa-practical', 'argument': 'transition', 'dialogue_act': 'Ta:request', 'frame': {'transitions': []}};[1.0, 1.0, 1.0, 1.0]
Relevancy;2;what is the language recognized by this automaton, in particular what kind of pattern does it accept?;Could you be more specific?;[];0.1;8;False;{'user_input': 'what is the language recognized by this automaton, in particular what kind of pattern does it accept?', 'intent': 'fsa-practical', 'argument': 'language', 'dialogue_act': 'Ta:request', 'frame': {'languageType': 'propositional', 'pattern': 'regex'}};[0.0, 0.1, 0.0, 1.0]
Relevancy;2;what is the alphabet of the language recognized by this automaton, expressed as a propositional regex?;Could you be more specific?;[];0.1;9;False;{'user_input': 'what is the alphabet of the language recognized by this automaton, expressed as a propositional regex?', 'intent': 'fsa-practical', 'argument': 'alphabet', 'dialogue_act': 'Ta:request', 'frame': {'alphabet': '?'}};[0.0, 0.1, 0.0, 1.0]
Relevancy;2;What is the anti-clockwise pattern of the alphabet in this automaton?;Could you be more specific?;[];0.2;10;False;{'user_input': 'What is the anti-clockwise pattern of the alphabet in this automaton?', 'intent': 'fsa-practical', 'argument': 'pattern', 'dialogue_act': 'Ta:request', 'frame': {'pattern': '?'}};[0.1, 0.2, 0.1, 1.0]
Relevancy;2;What is the alphabet of this automaton?;Could you be more specific?;[];0.1;11;False;{'user_input': 'What is the alphabet of this automaton?', 'intent': 'fsa-practical', 'argument': 'alphabet', 'dialogue_act': 'Ta:request', 'frame': {'alphabet': '?'}};[0.0, 0.1, 0.0, 1.0]
Relevancy;3;Does this automaton accept the input string 11000?;Could you be more specific?;[];0.1;1;False;{'user_input': 'Does this automaton accept the input string 11000?', 'intent': 'fsa-practical', 'argument': 'language', 'dialogue_act': 'Ta:propositionalQuestion', 'frame': {'input': '11000'}};[0.0, 0.1, 0.0, 1.0]
Relevancy;3;Given the automaton shown, what happens if we give it the input string 11000?;The automaton has 5 transitions: q0 with value 1 goes to q1, q1 with value 1 goes to q2, q2 with value 0 goes to q3, q3 with value 0 goes to q4, q4 with value 0 goes to q0.;['simbolo-q0-q1', 'simbolo-q1-q2', 'simbolo-q2-q3', 'simbolo-q3-q4', 'simbolo-q4-q0'];0.7;1;False;{'user_input': 'Given the automaton shown, what happens if we give it the input string 11000?', 'intent': 'fsa-practical', 'argument': 'transition', 'dialogue_act': 'Ta:request', 'frame': {'input': '11000'}};[0.4, 0.7, 0.5, 1.0]
Relevancy;3;What is the language recognized by this automaton for the input string 11000?;Could you be more specific?;[];0.1;2;False;{'user_input': 'What is the language recognized by this automaton for the input string 11000?', 'intent': 'fsa-practical', 'argument': 'language', 'dialogue_act': 'Ta:request', 'frame': {'input': '11000'}};[0.0, 0.1, 0.0, 1.0]
Relevancy;3;on the automaton shown, what is the language accepted when the input is 11000?;Could you be more specific?;[];0.1;3;False;{'user_input': 'on the automaton shown, what is the language accepted when the input is 11000?', 'intent': 'fsa-practical', 'argument': 'language', 'dialogue_act': 'Ta:request', 'frame': {'input': '11000'}};[0.0, 0.1, 0.0, 1.0]
Relevancy;3;Can you tell me what pattern the automaton recognizes for the input 11000?;Could you be more specific?;[];0.1;4;False;{'user_input': 'Can you tell me what pattern the automaton recognizes for the input 11000?', 'intent': 'fsa-practical', 'argument': 'pattern', 'dialogue_act': 'Ta:request', 'frame': {'patternType': '?'}};[0.0, 0.1, 0.0, 1.0]
Relevancy;3;what type of pattern does this automaton recognize?;Could you be more specific?;[];0.1;5;False;{'user_input': 'what type of pattern does this automaton recognize?', 'intent': 'fsa-practical', 'argument': 'pattern', 'dialogue_act': 'Ta:request', 'frame': {'patternType': '?'}};[0.0, 0.1, 0.0, 1.0]
Relevancy;3;i think i said the wrong pattern type before, can you tell me what the pattern type of this automaton is?;MUTATION In total there are 5 states: q0, q1, q2, q3 and q4. q0 is both the initial and the final state.;[];0.2;6;True;{'user_input': 'i think i said the wrong pattern type before, can you tell me what the pattern type of this automaton is?', 'intent': 'fsa-practical', 'argument': 'automaton', 'dialogue_act': 'Ta:propositionalQuestion', 'frame': {'patternType': '?'}};[0.1, 0.2, 0.2, 1.0]
Relevancy;3;Hi again! Could you tell me what pattern type this automaton follows?;Could you be more specific?;[];0.3;7;False;{'user_input': 'Hi again! Could you tell me what pattern type this automaton follows?', 'intent': 'fsa-practical', 'argument': 'pattern', 'dialogue_act': 'Ta:request', 'frame': {'patternType': '?'}};[0.2, 0.3, 0.2, 1.0]
Relevancy;3;which are the final states of this automaton?;The final state is q0.;['simbolo-q0'];1.0;7;False;{'user_input': 'which are the final states of this automaton?', 'intent': 'fsa-practical', 'argument': 'state', 'dialogue_act': 'Ta:request', 'frame': {'finalStates': '?'}};[1.0, 1.0, 1.0, 1.0]
Relevancy;3;What type of pattern does this finite state automaton recognize?;Could you be more specific?;[];0.1;8;False;{'user_input': 'What type of pattern does this finite state automaton recognize?', 'intent': 'fsa-practical', 'argument': 'pattern', 'dialogue_act': 'Ta:request', 'frame': {'patternType': '?'}};[0.0, 0.1, 0.0, 1.0]
Relevancy;3;What is the pattern type of this automaton?;Could you be more specific?;[];0.1;9;False;{'user_input': 'What is the pattern type of this automaton?', 'intent': 'fsa-practical', 'argument': 'pattern', 'dialogue_act': 'Ta:request', 'frame': {'patternType': '?'}};[0.0, 0.1, 0.0, 1.0]
Relevancy;3;from this, what is the pattern of transitions in this automaton?;The state q3 exists.;['simbolo-q3'];0.1;10;False;{'user_input': 'from this, what is the pattern of transitions in this automaton?', 'intent': 'fsa-practical', 'argument': 'transition', 'dialogue_act': 'Ta:request', 'frame': {'states': ['q3']}, '_raw_frame': {'transitions': []}};[0.0, 0.1, 0.0, 0.2]
Relevancy;3;ok, i accept the transition that starts from this.;The state q3 exists.;['simbolo-q3'];0.9;10;False;{'user_input': 'ok, i accept the transition that starts from this.', 'intent': 'fsa-practical', 'argument': 'transition', 'dialogue_act': 'Ta:request', 'frame': {'states': ['q3']}, '_raw_frame': {'transitions': []}};[0.9, 0.9, 1.0, 1.0]
Relevancy;3;The transition from state q3 is a 0-labeled edge that goes to state q4.;The transition between q3 and q4 is with value 0.;['simbolo-q3-q4'];1.0;10;False;{'user_input': 'The transition from state q3 is a 0-labeled edge that goes to state q4.', 'intent': 'fsa-practical', 'argument': 'transition', 'dialogue_act': 'Ta:request', 'frame': {'transitions': [['q3', 'q4', '0']]}};[1.0, 1.0, 1.0, 1.0]
Relevancy;3;can you list all the information you know about this in this automaton?;MUTATION In total there are 5 states: q0, q1, q2, q3 and q4. q0 is both the initial and the final state.;[];0.5;10;True;{'user_input': 'can you list all the information you know about this in this automaton?', 'intent': 'fsa-practical', 'argument': 'automaton', 'dialogue_act': 'Ta:request', 'frame': {'states': ['q3']}, '_raw_frame': {}};[0.4, 0.5, 0.3, 1.0]
Relevancy;4;Why is q0 both an initial state and a final state in this finite state machine?;The final state is q0.;['simbolo-q0'];0.2;1;False;{'user_input': 'Why is q0 both an initial state and a final state in this finite state machine?', 'intent': 'fsa-practical', 'argument': 'state', 'dialogue_act': 'Ta:request', 'frame': {'initialStates': 'q0', 'finalStates': 'q0'}};[0.1, 0.2, 0.1, 0.8]
Relevancy;4;is q0 both the initial state and the final state of this automaton?;The initial state is q0.;['simbolo-q0'];0.6;1;False;{'user_input': 'is q0 both the initial state and the final state of this automaton?', 'intent': 'fsa-practical', 'argument': 'state', 'dialogue_act': 'Ta:propositionalQuestion', 'frame': {'initialState': 'q0', 'finalStates': ['q0']}};[0.3, 0.6, 0.3, 0.9]
Relevancy;4;No, the initial state is not q0 and the final state is not q0 in this automaton.;The initial state is q0.;['simbolo-q0'];0.9;1;False;{'user_input': 'No, the initial state is not q0 and the final state is not q0 in this automaton.', 'intent': 'fsa-practical', 'argument': 'state', 'dialogue_act': 'Ta:request', 'frame': {'initialState': 'q0', 'finalStates': 'q0'}};[0.5, 0.9, 0.5, 0.9]
Relevancy;4;What is the graphical representation of the current state in this finite state automaton?;The automaton has 5 states: q0, q1, q2, q3 and q4.;['simbolo-q0', 'simbolo-q1', 'simbolo-q2', 'simbolo-q3', 'simbolo-q4'];0.2;2;False;{'user_input': 'What is the graphical representation of the current state in this finite state automaton?', 'intent': 'fsa-practical', 'argument': 'state', 'dialogue_act': 'Ta:request', 'frame': {'graphicRepresentation': '?'}};[0.1, 0.2, 0.2, 0.2]
Relevancy;4;the final states of this automaton are q1 and q2.;The final state is q0.;['simbolo-q0'];0.9;2;False;{'user_input': 'the final states of this automaton are q1 and q2.', 'intent': 'fsa-practical', 'argument': 'state', 'dialogue_act': 'Ta:request', 'frame': {'finalStates': 'q1'}};[0.0, 0.9, 0.0, 0.9]
Relevancy;4;let me correct myself about the states of this automaton: since q0 is both the initial and the final state in the graphical representation, could you confirm what the graphic representation of this automaton is?;MUTATION In total there are 5 states: q0, q1, q2, q3 and q4. q0 is both the initial and the final state.;[];0.5;2;True;{'user_input': 'let me correct myself about the states of this automaton: since q0 is both the initial and the final state in the graphical representation, could you confirm what the graphic representation of this automaton is?', 'intent': 'fsa-practical', 'argument': 'automaton', 'dialogue_act': 'Ta:request', 'frame': {'graphicRepresentation': '?'}};[0.4, 0.5, 0.4, 1.0]
Relevancy;4;can you show me the graphical representation of this automaton?;MUTATION In total there are 5 states: q0, q1, q2, q3 and q4. q0 is both the initial and the final state.;[];0.4;2;True;{'user_input': 'can you show me the graphical representation of this automaton?', 'intent': 'fsa-practical', 'argument': 'automaton', 'dialogue_act': 'Ta:request', 'frame': {'graphicRepresentation': '?'}};[0.3, 0.4, 0.3, 1.0]
Relevancy;4;There are 2 final states in this automaton.;The automaton has 5 states: q0, q1, q2, q3 and q4.;['simbolo-q0', 'simbolo-q1', 'simbolo-q2', 'simbolo-q3', 'simbolo-q4'];0.3;3;False;{'user_input': 'There are 2 final states in this automaton.', 'intent': 'fsa-practical', 'argument': 'state', 'dialogue_act': 'Ta:request', 'frame': {'numberOfFinalStates': '2'}};[0.0, 0.3, 0.0, 0.9]
Relevancy;4;What is the graphic representation of the state in this finite state automaton?;The automaton has 5 states: q0, q1, q2, q3 and q4.;['simbolo-q0', 'simbolo-q1', 'simbolo-q2', 'simbolo-q3', 'simbolo-q4'];0.5;3;False;{'user_input': 'What is the graphic representation of the state in this finite state automaton?', 'intent': 'fsa-practical', 'argument': 'state', 'dialogue_act': 'Ta:request', 'frame': {'graphicRepresentation': '?'}};[0.4, 0.5, 0.4, 0.9]
Relevancy;5;How can I know whether this automaton is deterministic or not from the diagram?;MUTATION In total there are 5 states: q0, q1, q2, q3 and q4. q0 is both the initial and the final state.;[];0.2;1;True;{'user_input': 'How can I know whether this automaton is deterministic or not from the diagram?', 'intent': 'fsa-practical', 'argument': 'automaton', 'dialogue_act': 'Ta:propositionalQuestion', 'frame': {'graphicRepresentation': '?'}};[0.1, 0.2, 0.1, 1.0]
Relevancy;5;What is the graphical representation of this automaton?;MUTATION In total there are 5 states: q0, q1, q2, q3 and q4. q0 is both the initial and the final state.;[];0.3;2;True;{'user_input': 'What is the graphical representation of this automaton?', 'intent': 'fsa-practical', 'argument': 'automaton', 'dialogue_act': 'Ta:request', 'frame': {'graphicRepresentation': '?'}};[0.2, 0.3, 0.2, 1.0]
Relevancy;5;what is the graphical representation of this automaton?;MUTATION In total there are 5 states: q0, q1, q2, q3 and q4. q0 is both the initial and the final state.;[];0.4;2;True;{'user_input': 'what is the graphical representation of this automaton?', 'intent': 'fsa-practical', 'argument': 'automaton', 'dialogue_act': 'Ta:request', 'frame': {'graphicRepresentation': '?'}};[0.3, 0.4, 0.3, 1.0]
Relevancy;5;What is the transition from state Q1 to state Q2 with input symbol 0 in this automaton?;the transition is not defined.;[];1.0;2;False;{'user_input': 'What is the transition from state Q1 to state Q2 with input symbol 0 in this automaton?', 'intent': 'fsa-practical', 'argument': 'transition', 'dialogue_act': 'Ta:request', 'frame': {'transitions': [['Q1', 'Q2', '0']]}};[1.0, 1.0, 1.0, 1.0]
Relevancy;5;What is the graphical representation of this automaton?;MUTATION In total there are 5 states: q0, q1, q2, q3 and q4. q0 is both the initial and the final state.;[];0.4;2;True;{'user_input': 'What is the graphical representation of this automaton?', 'intent': 'fsa-practical', 'argument': 'automaton', 'dialogue_act': 'Ta:request', 'frame': {'graphicRepresentation': '?'}};[0.3, 0.4, 0.3, 1.0]
Relevancy;5;What is the graphical representation of this automaton?;MUTATION In total there are 5 states: q0, q1, q2, q3 and q4. q0 is both the initial and the final state.;[];0.5;2;True;{'user_input': 'What is the graphical representation of this automaton?', 'intent': 'fsa-practical', 'argument': 'automaton', 'dialogue_act': 'Ta:request', 'frame': {'graphicRepresentation': '?'}};[0.4, 0.5, 0.4, 1.0]
Correctness;1;Is there any way in this automaton to go from q2 directly to q4?;There is no transition between q2 and q4.;[];1.0;0;False;{'user_input': 'Is there any way in this automaton to go from q2 directly to q4?', 'intent': 'fsa-practical', 'argument': 'transition', 'dialogue_act': 'Ta:propositionalQuestion', 'frame': {'transitions': [['q2', 'q4', '?']]}};[1.0, 1.0, 1.0, 1.0]
Correctness;1;what is the symbol of the transition from this to that?;There is no transition between q2 and q4.;[];1.0;0;False;{'user_input': 'what is the symbol of the transition from this to that?', 'intent': 'fsa-practical', 'argument': 'transition', 'dialogue_act': 'Ta:request', 'frame': {'states': ['q2', 'q4']}, '_raw_frame': {'transitions': []}};[1.0, 1.0, 1.0, 1.0]
Correctness;1;Which transitions exist between states q2 and q4 in this automaton?;There is no transition between q2 and q4.;[];1.0;0;False;{'user_input': 'Which transitions exist between states q2 and q4 in this automaton?', 'intent': 'fsa-practical', 'argument': 'transition', 'dialogue_act': 'Ta:request', 'frame': {'transitions': [['q2', 'q4', '?']]}};[1.0, 1.0, 1.0, 1.0]
Correctness;1;Does this automaton contain a transition from q2 to q3 with input symbol 0?;The transition between q2 and q3 is with value 0.;['simbolo-q2-q3'];1.0;0;False;{'user_input': 'Does this automaton contain a transition from q2 to q3 with input symbol 0?', 'intent': 'fsa-practical', 'argument': 'transition', 'dialogue_act': 'Ta:request', 'frame': {'transitions': [['q2', 'q3', '0']]}};[1.0, 1.0, 1.0, 1.0]
Correctness;1;Could you list all the deterministic transitions of this automaton?;The automaton has 5 transitions: q0 with value 1 goes to q1, q1 with value 1 goes to q2, q2 with value 0 goes to q3, q3 with value 0 goes to q4, q4 with value 0 goes to q0.;['simbolo-q0-q1', 'simbolo-q1-q2', 'simbolo-q2-q3', 'simbolo-q3-q4', 'simbolo-q4-q0'];1.0;0;False;{'user_input': 'Could you list all the deterministic transitions of this automaton?', 'intent': 'fsa-practical', 'argument': 'transition', 'dialogue_act': 'Ta:request', 'frame': {}};[1.0, 1.0, 1.0, 1.0]
Correctness;1;what is the alphabet of this automaton?;Could you be more specific?;[];0.0;1;False;{'user_input': 'what is the alphabet of this automaton?', 'intent': 'fsa-practical', 'argument': 'alphabet', 'dialogue_act': 'Ta:request', 'frame': {'alphabet': '?'}};[0.0, 0.1, 0.0, 1.0]
Correctness;1;what is the alphabet of this automaton?;Could you be more specific?;[];0.0;2;False;{'user_input': 'what is the alphabet of this automaton?', 'intent': 'fsa-practical', 'argument': 'alphabet', 'dialogue_act': 'Ta:request', 'frame': {'alphabet': '?'}};[0.0, 0.1, 0.0, 1.0]
Correctness;1;what is the alphabet of this finite state automaton?;Could you be more specific?;[];0.0;3;False;{'user_input': 'what is the alphabet of this finite state automaton?', 'intent': 'fsa-practical', 'argument': 'alphabet', 'dialogue_act': 'Ta:request', 'frame': {'alphabet': '?'}};[0.0, 0.1, 0.0, 1.0]
Correctness;1;What type of automaton is this, deterministic or non-deterministic?;MUTATION In total there are 5 states: q0, q1, q2, q3 and q4. q0 is both the initial and the final state.;[];0.0;4;True;{'user_input': 'What type of automaton is this, deterministic or non-deterministic?', 'intent': 'fsa-practical', 'argument': 'automaton', 'dialogue_act': 'Ta:propositionalQuestion', 'frame': {'type': 'deterministic'}};[0.0, 0.2, 0.0, 1.0]
Correctness;1;is this finite state automaton deterministic, and what is the state reached after processing the input 11000?;MUTATION In total there are 5 states: q0, q1, q2, q3 and q4. q0 is both the initial and the final state.;[];0.3;5;True;{'user_input': 'is this finite state automaton deterministic, and what is the state reached after processing the input 11000?', 'intent': 'fsa-practical', 'argument': 'automaton', 'dialogue_act': 'Ta:propositionalQuestion', 'frame': {'automatonType': 'deterministic', 'stateAfterInput': '11000'}};[0.2, 0.3, 0.3, 1.0]
Correctness;1;hi, i’d like to study this deterministic automaton: can you show me on the tablet the automaton we’re going to use for the practical finite state automata exercises?;MUTATION In total there are 5 states: q0, q1, q2, q3 and q4. q0 is both the initial and the final state.;[];0.4;5;True;{'user_input': 'hi, i’d like to study this deterministic automaton: can you show me on the tablet the automaton we’re going to use for the practical finite state automata exercises?', 'intent': 'fsa-practical', 'argument': 'automaton', 'dialogue_act': 'Ta:request', 'frame': {'automaton': 'graphic'}};[0.4, 0.5, 0.4, 0.9]
Correctness;1;is this automaton deterministic with respect to its transitions?;MUTATION In total there are 5 states: q0, q1, q2, q3 and q4. q0 is both the initial and the final state.;[];0.0;6;True;{'user_input': 'is this automaton deterministic with respect to its transitions?', 'intent': 'fsa-practical', 'argument': 'automaton', 'dialogue_act': 'Ta:propositionalQuestion', 'frame': {'transitions': []}};[0.0, 0.2, 0.0, 1.0]
Correctness;1;Goodbye, I have understood the automaton and its transitions and I’m ready to use it for the practical exercises.;MUTATION In total there are 5 states: q0, q1, q2, q3 and q4. q0 is both the initial and the final state.;[];0.4;6;True;{'user_input': 'Goodbye, I have understood the automaton and its transitions and I’m ready to use it for the practical exercises.', 'intent': 'fsa-practical', 'argument': None, 'dialogue_act': 'Ta:request', 'frame': {}};[0.4, 0.3, 0.4, 1.0]
Correctness;1;thank you for showing me this automaton on the tablet, it really helps me understand the practical aspects of finite state automata.;MUTATION In total there are 5 states: q0, q1, q2, q3 and q4. q0 is both the initial and the final state.;[];0.9;6;True;{'user_input': 'thank you for showing me this automaton on the tablet, it really helps me understand the practical aspects of finite state automata.', 'intent': 'fsa-practical', 'argument': 'automaton', 'dialogue_act': 'Ta:request', 'frame': {'automaton': 'state', 'practical': 'input'}};[0.9, 0.7, 0.9, 1.0]
Correctness;1;What are the transitions of this automaton?;The automaton has 5 transitions: q0 with value 1 goes to q1, q1 with value 1 goes to q2, q2 with value 0 goes to q3, q3 with value 0 goes to q4, q4 with value 0 goes to q0.;['simbolo-q0-q1', 'simbolo-q1-q2', 'simbolo-q2-q3', 'simbolo-q3-q4', 'simbolo-q4-q0'];1.0;6;False;{'user_input': 'What are the transitions of this automaton?', 'intent': 'fsa-practical', 'argument': 'transition', 'dialogue_act': 'Ta:request', 'frame': {'transitions': []}};[1.0, 1.0, 1.0, 1.0]
Correctness;2;What is the label of the transition from q1 to q2 in the diagram?;The transition between q1 and q2 is with value 1.;['simbolo-q1-q2'];1.0;0;False;{'user_input': 'What is the label of the transition from q1 to q2 in the diagram?', 'intent': 'fsa-practical', 'argument': 'transition', 'dialogue_act': 'Ta:request', 'frame': {'transitions': [['q1', 'q2', '?']]}};[1.0, 1.0, 1.0, 1.0]
Correctness;2;can you explain the difference between a deterministic and a non-deterministic finite state automaton in terms of their transitions?;The automaton has 5 transitions: q0 with value 1 goes to q1, q1 with value 1 goes to q2, q2 with value 0 goes to q3, q3 with value 0 goes to q4, q4 with value 0 goes to q0.;['simbolo-q0-q1', 'simbolo-q1-q2', 'simbolo-q2-q3', 'simbolo-q3-q4', 'simbolo-q4-q0'];0.1;1;False;{'user_input': 'can you explain the difference between a deterministic and a non-deterministic finite state automaton in terms of their transitions?', 'intent': 'fsa-practical', 'argument': 'transition', 'dialogue_act': 'Ta:request', 'frame': {'transitions': []}};[0.1, 0.2, 0.1, 0.9]
Correctness;2;The transitions of this automaton are: [“q0”, “q1”, “1”], [“q1”, “q2”, “1”], [“q2”, “q3”, “0”], [“q3”, “q4”, “0”], [“q4”, “q0”, “0”].;The automaton has 5 transitions: q0 with value 1 goes to q1, q1 with value 1 goes to q2, q2 with value 0 goes to q3, q3 with value 0 goes to q4, q4 with value 0 goes to q0.;['simbolo-q0-q1', 'simbolo-q1-q2', 'simbolo-q2-q3', 'simbolo-q3-q4', 'simbolo-q4-q0'];1.0;1;False;{'user_input': 'The transitions of this automaton are: [“q0”, “q1”, “1”], [“q1”, “q2”, “1”], [“q2”, “q3”, “0”], [“q3”, “q4”, “0”], [“q4”, “q0”, “0”].', 'intent': 'fsa-practical', 'argument': 'transition', 'dialogue_act': 'Ta:request', 'frame': {}};[1.0, 1.0, 1.0, 1.0]
Correctness;2;how many final states do the transitions of this automaton lead to?;The automaton has 5 states: q0, q1, q2, q3 and q4.;['simbolo-q0', 'simbolo-q1', 'simbolo-q2', 'simbolo-q3', 'simbolo-q4'];0.0;2;False;{'user_input': 'how many final states do the transitions of this automaton lead to?', 'intent': 'fsa-practical', 'argument': 'state', 'dialogue_act': 'Ta:request', 'frame': {'numberOfFinalStates': '?'}};[0.0, 0.2, 0.0, 0.9]
Correctness;2;the automaton has only one state marked as final, right? how many final states are there in this automaton?;The automaton has 5 states: q0, q1, q2, q3 and q4.;['simbolo-q0', 'simbolo-q1', 'simbolo-q2', 'simbolo-q3', 'simbolo-q4'];0.0;3;False;{'user_input': 'the automaton has only one state marked as final, right? how many final states are there in this automaton?', 'intent': 'fsa-practical', 'argument': 'state', 'dialogue_act': 'Ta:request', 'frame': {'numberOfFinalStates': '?'}};[0.0, 0.2, 0.0, 0.8]
Correctness;2;How many final states does this automaton have?;The automaton has 5 states: q0, q1, q2, q3 and q4.;['simbolo-q0', 'simbolo-q1', 'simbolo-q2', 'simbolo-q3', 'simbolo-q4'];0.0;4;False;{'user_input': 'How many final states does this automaton have?', 'intent': 'fsa-practical', 'argument': 'state', 'dialogue_act': 'Ta:request', 'frame': {'numberOfFinalStates': '?'}};[0.0, 0.2, 0.0, 0.2]
Correctness;2;What is the transition from state Q0 to state Q1 with input symbol 1?;the transition is not defined.;[];0.0;5;False;{'user_input': 'What is the transition from state Q0 to state Q1 with input symbol 1?', 'intent': 'fsa-practical', 'argument': 'transition', 'dialogue_act': 'Ta:request', 'frame': {'transitions': [['Q0', 'Q1', '1']]}};[0.0, 0.9, 0.0, 1.0]
Correctness;2;What is the transition from state Q0 to state Q1 on input symbol 1?;the transition is not defined.;[];0.0;6;False;{'user_input': 'What is the transition from state Q0 to state Q1 on input symbol 1?', 'intent': 'fsa-practical', 'argument': 'transition', 'dialogue_act': 'Ta:request', 'frame': {'transitions': [['Q0', 'Q1', '1']]}};[0.0, 0.9, 0.0, 1.0]
Correctness;2;What input strings does this automaton accept?;Could you be more specific?;[];0.0;7;False;{'user_input': 'What input strings does this automaton accept?', 'intent': 'fsa-practical', 'argument': 'language', 'dialogue_act': 'Ta:request', 'frame': {'input': '?'}};[0.0, 0.1, 0.0, 1.0]
Correctness;2;What is the language accepted by this finite state automaton for an input string?;Could you be more specific?;[];0.0;8;False;{'user_input': 'What is the language accepted by this finite state automaton for an input string?', 'intent': 'fsa-practical', 'argument': 'language', 'dialogue_act': 'Ta:request', 'frame': {'input': '?'}};[0.0, 0.1, 0.0, 1.0]
Correctness;2;i accept the turn: what is the language recognized by this automaton for a given input string?;Could you be more specific?;[];0.1;9;False;{'user_input': 'i accept the turn: what is the language recognized by this automaton for a given input string?', 'intent': 'fsa-practical', 'argument': 'language', 'dialogue_act': 'Ta:request', 'frame': {'input': '?'}};[0.1, 0.2, 0.1, 1.0]
Correctness;2;What input strings does this automaton accept?;Could you be more specific?;[];0.0;10;False;{'user_input': 'What input strings does this automaton accept?', 'intent': 'fsa-practical', 'argument': 'language', 'dialogue_act': 'Ta:request', 'frame': {'input': '?'}};[0.0, 0.1, 0.0, 1.0]
Correctness;2;What input strings does this automaton accept?;Could you be more specific?;[];0.0;11;False;{'user_input': 'What input strings does this automaton accept?', 'intent': 'fsa-practical', 'argument': 'language', 'dialogue_act': 'Ta:request', 'frame': {'input': '?'}};[0.0, 0.1, 0.0, 1.0]
Correctness;2;I don’t understand what is the language accepted by this automaton for a given input string.;Could you be more specific?;[];0.1;12;False;{'user_input': 'I don’t understand what is the language accepted by this automaton for a given input string.', 'intent': 'fsa-practical', 'argument': 'language', 'dialogue_act': 'Ta:propositionalQuestion', 'frame': {'input': '?'}};[0.1, 0.1, 0.1, 1.0]
Correctness;2;thank you, could you help me understand what language this automaton accepts for a given input?;Could you be more specific?;[];0.1;13;False;{'user_input': 'thank you, could you help me understand what language this automaton accepts for a given input?', 'intent': 'fsa-practical', 'argument': 'language', 'dialogue_act': 'Ta:request', 'frame': {'languageType': '?'}};[0.1, 0.2, 0.1, 1.0]
Correctness;3;If I input the string 11000 starting from q0, do I end in an accepting state?;Could you be more specific?;[];0.0;1;False;{'user_input': 'If I input the string 11000 starting from q0, do I end in an accepting state?', 'intent': 'fsa-practical', 'argument': 'language', 'dialogue_act': 'Ta:request', 'frame': {'input': '11000'}};[0.0, 0.1, 0.0, 1.0]
Correctness;3;What is the language recognized by the automaton in state q1?;Could you be more specific?;[];0.0;2;False;{'user_input': 'What is the language recognized by the automaton in state q1?', 'intent': 'fsa-practical', 'argument': 'language', 'dialogue_act': 'Ta:request', 'frame': {'alphabet': '?', 'input': '?'}};[0.0, 0.1, 0.0, 1.0]
Correctness;3;What is the language recognized by this automaton for the input string?;Could you be more specific?;[];0.0;3;False;{'user_input': 'What is the language recognized by this automaton for the input string?', 'intent': 'fsa-practical', 'argument': 'language', 'dialogue_act': 'Ta:request', 'frame': {'language': '?'}};[0.0, 0.1, 0.0, 1.0]
Correctness;3;what is the alphabet of this automaton?;Could you be more specific?;[];0.0;4;False;{'user_input': 'what is the alphabet of this automaton?', 'intent': 'fsa-practical', 'argument': 'alphabet', 'dialogue_act': 'Ta:request', 'frame': {'alphabet': '?'}};[0.0, 0.1, 0.0, 1.0]
Correctness;3;what is the alphabet of this automaton?;Could you be more specific?;[];0.0;5;False;{'user_input': 'what is the alphabet of this automaton?', 'intent': 'fsa-practical', 'argument': 'alphabet', 'dialogue_act': 'Ta:request', 'frame': {'alphabet': '?'}};[0.0, 0.0, 0.0, 1.0]
Correctness;3;the alphabet of this automaton is not {0,1}, right?;Could you be more specific?;[];0.1;6;False;{'user_input': 'the alphabet of this automaton is not {0,1}, right?', 'intent': 'fsa-practical', 'argument': 'alphabet', 'dialogue_act': 'Ta:propositionalQuestion', 'frame': {'alphabet': '0'}};[0.1, 0.1, 0.1, 1.0]
Correctness;3;What is the alphabet of this automaton?;Could you be more specific?;[];0.0;7;False;{'user_input': 'What is the alphabet of this automaton?', 'intent': 'fsa-practical', 'argument': 'alphabet', 'dialogue_act': 'Ta:request', 'frame': {'alphabet': '?'}};[0.0, 0.1, 0.0, 1.0]
Correctness;3;which state in this automaton has the highest number of outgoing transitions, is it q3?;The automaton has 5 states: q0, q1, q2, q3 and q4.;['simbolo-q0', 'simbolo-q1', 'simbolo-q2', 'simbolo-q3', 'simbolo-q4'];0.0;8;False;{'user_input': 'which state in this automaton has the highest number of outgoing transitions, is it q3?', 'intent': 'fsa-practical', 'argument': 'state', 'dialogue_act': 'Ta:request', 'frame': {'states': '?'}};[0.0, 0.2, 0.0, 0.8]
Correctness;3;Can you tell me whether the input longerThanThreeOnesFollowedByTwoZeros is accepted by this automaton, and which state it ends in?;Could you be more specific?;[];0.0;9;False;{'user_input': 'Can you tell me whether the input longerThanThreeOnesFollowedByTwoZeros is accepted by this automaton, and which state it ends in?', 'intent': 'fsa-practical', 'argument': 'language', 'dialogue_act': 'Ta:request', 'frame': {'input': 'longerThanThreeOnesFollowedByTwoZeros', 'automaton': 'automatonState'}};[0.0, 0.1, 0.0, 1.0]
Correctness;3;i accept the turn: in this automaton, what is the language recognized by the automatonstate for inputs that are longerthanthreeonesfollowedbytwozeros?;Could you be more specific?;[];0.0;10;False;{'user_input': 'i accept the turn: in this automaton, what is the language recognized by the automatonstate for inputs that are longerthanthreeonesfollowedbytwozeros?', 'intent': 'fsa-practical', 'argument': 'language', 'dialogue_act': 'Ta:request', 'frame': {'input': 'three ones followed by two zeros'}};[0.0, 0.1, 0.0, 1.0]
Correctness;3;in this automaton, how many final states does the accepted language have?;The automaton has 5 states: q0, q1, q2, q3 and q4.;['simbolo-q0', 'simbolo-q1', 'simbolo-q2', 'simbolo-q3', 'simbolo-q4'];0.0;11;False;{'user_input': 'in this automaton, how many final states does the accepted language have?', 'intent': 'fsa-practical', 'argument': 'state', 'dialogue_act': 'Ta:request', 'frame': {'numberOfFinalStates': '?'}};[0.0, 0.2, 0.0, 0.3]
Correctness;3;hello, about this automaton’s states: how many final states does it have?;The automaton has 5 states: q0, q1, q2, q3 and q4.;['simbolo-q0', 'simbolo-q1', 'simbolo-q2', 'simbolo-q3', 'simbolo-q4'];0.0;12;False;{'user_input': 'hello, about this automaton’s states: how many final states does it have?', 'intent': 'fsa-practical', 'argument': 'state', 'dialogue_act': 'Ta:request', 'frame': {'numberOfFinalStates': '?'}};[0.0, 0.2, 0.0, 0.2]
Correctness;3;How many final states does this automaton have?;The automaton has 5 states: q0, q1, q2, q3 and q4.;['simbolo-q0', 'simbolo-q1', 'simbolo-q2', 'simbolo-q3', 'simbolo-q4'];0.0;13;False;{'user_input': 'How many final states does this automaton have?', 'intent': 'fsa-practical', 'argument': 'state', 'dialogue_act': 'Ta:request', 'frame': {'numberOfFinalStates': '?'}};[0.0, 0.2, 0.0, 0.2]
Correctness;3;How many final states does this automaton have?;The automaton has 5 states: q0, q1, q2, q3 and q4.;['simbolo-q0', 'simbolo-q1', 'simbolo-q2', 'simbolo-q3', 'simbolo-q4'];0.0;14;False;{'user_input': 'How many final states does this automaton have?', 'intent': 'fsa-practical', 'argument': 'state', 'dialogue_act': 'Ta:request', 'frame': {'numberOfFinalStates': '?'}};[0.0, 0.2, 0.0, 0.2]
Correctness;3;what is this with input symbol 1?;The automaton has 5 states: q0, q1, q2, q3 and q4.;['simbolo-q0', 'simbolo-q1', 'simbolo-q2', 'simbolo-q3', 'simbolo-q4'];0.2;15;False;{'user_input': 'what is this with input symbol 1?', 'intent': 'fsa-practical', 'argument': 'state', 'dialogue_act': 'Ta:request', 'frame': {'transitions': [['q0', 'q1', '?']]}, '_raw_frame': {'input': '1'}};[0.1, 0.2, 0.2, 0.8]
Correctness;4;Is this automaton deterministic or nondeterministic?;MUTATION In total there are 5 states: q0, q1, q2, q3 and q4. q0 is both the initial and the final state.;[];0.2;1;True;{'user_input': 'Is this automaton deterministic or nondeterministic?', 'intent': 'fsa-practical', 'argument': 'automaton', 'dialogue_act': 'Ta:request', 'frame': {'input': 'automatonType'}};[0.1, 0.2, 0.2, 1.0]
Correctness;4;What type of automaton is this transition diagram representing?;MUTATION In total there are 5 states: q0, q1, q2, q3 and q4. q0 is both the initial and the final state.;[];0.2;2;True;{'user_input': 'What type of automaton is this transition diagram representing?', 'intent': 'fsa-practical', 'argument': 'automaton', 'dialogue_act': 'Ta:request', 'frame': {'graphicRepresentation': 'transitions'}};[0.1, 0.3, 0.2, 1.0]
Correctness;4;Can you show me the transitions of this automaton in the graphical representation?;The automaton has 5 transitions: q0 with value 1 goes to q1, q1 with value 1 goes to q2, q2 with value 0 goes to q3, q3 with value 0 goes to q4, q4 with value 0 goes to q0.;['simbolo-q0-q1', 'simbolo-q1-q2', 'simbolo-q2-q3', 'simbolo-q3-q4', 'simbolo-q4-q0'];1.0;2;False;{'user_input': 'Can you show me the transitions of this automaton in the graphical representation?', 'intent': 'fsa-practical', 'argument': 'transition', 'dialogue_act': 'Ta:request', 'frame': {}};[1.0, 0.95, 1.0, 1.0]
Correctness;4;can you show me the transitions in the graphical representation of this automaton?;The automaton has 5 transitions: q0 with value 1 goes to q1, q1 with value 1 goes to q2, q2 with value 0 goes to q3, q3 with value 0 goes to q4, q4 with value 0 goes to q0.;['simbolo-q0-q1', 'simbolo-q1-q2', 'simbolo-q2-q3', 'simbolo-q3-q4', 'simbolo-q4-q0'];1.0;2;False;{'user_input': 'can you show me the transitions in the graphical representation of this automaton?', 'intent': 'fsa-practical', 'argument': 'transition', 'dialogue_act': 'Ta:request', 'frame': {'transitions': []}};[1.0, 1.0, 1.0, 1.0]
Correctness;4;yes, i accept the turn: could you show me the transitions of this automaton in its graphical representation?;MUTATION In total there are 5 states: q0, q1, q2, q3 and q4. q0 is both the initial and the final state.;[];0.3;3;True;{'user_input': 'yes, i accept the turn: could you show me the transitions of this automaton in its graphical representation?', 'intent': 'fsa-practical', 'argument': None, 'dialogue_act': 'Ta:request', 'frame': {}};[0.2, 0.3, 0.3, 1.0]
Correctness;4;Which state does the automaton reach as the ending state after processing the input 11000?;The automaton has 5 states: q0, q1, q2, q3 and q4.;['simbolo-q0', 'simbolo-q1', 'simbolo-q2', 'simbolo-q3', 'simbolo-q4'];0.2;4;False;{'user_input': 'Which state does the automaton reach as the ending state after processing the input 11000?', 'intent': 'fsa-practical', 'argument': 'state', 'dialogue_act': 'Ta:request', 'frame': {'states': '?'}};[0.1, 0.2, 0.2, 0.9]
Correctness;4;Can you tell me which states are present in this automaton?;The automaton has 5 states: q0, q1, q2, q3 and q4.;['simbolo-q0', 'simbolo-q1', 'simbolo-q2', 'simbolo-q3', 'simbolo-q4'];1.0;4;False;{'user_input': 'Can you tell me which states are present in this automaton?', 'intent': 'fsa-practical', 'argument': 'state', 'dialogue_act': 'Ta:request', 'frame': {'states': '?'}};[1.0, 1.0, 1.0, 1.0]
Correctness;4;Which are the states of this automaton?;The automaton has 5 states: q0, q1, q2, q3 and q4.;['simbolo-q0', 'simbolo-q1', 'simbolo-q2', 'simbolo-q3', 'simbolo-q4'];1.0;4;False;{'user_input': 'Which are the states of this automaton?', 'intent': 'fsa-practical', 'argument': 'state', 'dialogue_act': 'Ta:request', 'frame': {'states': '?'}};[1.0, 1.0, 1.0, 1.0]
Correctness;4;Can you tell me about the state q1 in this automaton?;The automaton has 5 states: q0, q1, q2, q3 and q4.;['simbolo-q0', 'simbolo-q1', 'simbolo-q2', 'simbolo-q3', 'simbolo-q4'];0.3;5;False;{'user_input': 'Can you tell me about the state q1 in this automaton?', 'intent': 'fsa-practical', 'argument': 'state', 'dialogue_act': 'Ta:request', 'frame': {'states': ['q1']}};[0.2, 0.3, 0.3, 0.2]
Correctness;4;can you tell me what the states of this automaton are?;The automaton has 5 states: q0, q1, q2, q3 and q4.;['simbolo-q0', 'simbolo-q1', 'simbolo-q2', 'simbolo-q3', 'simbolo-q4'];1.0;5;False;{'user_input': 'can you tell me what the states of this automaton are?', 'intent': 'fsa-practical', 'argument': 'state', 'dialogue_act': 'Ta:request', 'frame': {'states': '?'}};[1.0, 1.0, 1.0, 1.0]
Correctness;4;how many states does this automaton have?;This automaton has 5 states.;['simbolo-q0', 'simbolo-q1', 'simbolo-q2', 'simbolo-q3', 'simbolo-q4'];1.0;5;False;{'user_input': 'how many states does this automaton have?', 'intent': 'fsa-practical', 'argument': 'state', 'dialogue_act': 'Ta:request', 'frame': {'numberOfStates': '?'}};[1.0, 1.0, 1.0, 1.0]
Correctness;5;What is the difference between the language of this specific automaton and the language of an automaton in general?;MUTATION In total there are 5 states: q0, q1, q2, q3 and q4. q0 is both the initial and the final state.;[];0.1;1;True;{'user_input': 'What is the difference between the language of this specific automaton and the language of an automaton in general?', 'intent': 'fsa-practical', 'argument': 'automaton', 'dialogue_act': 'Ta:request', 'frame': {}};[0.1, 0.2, 0.1, 1.0]
Correctness;5;For the input string `11000`, does this automaton produce the output accepted?;Could you be more specific?;[];0.0;2;False;{'user_input': 'For the input string `11000`, does this automaton produce the output accepted?', 'intent': 'fsa-practical', 'argument': 'language', 'dialogue_act': 'Ta:request', 'frame': {'input': '11000'}};[0.0, 0.1, 0.0, 1.0]
Correctness;5;what is the language accepted by this automaton for the input string 11000?;Could you be more specific?;[];0.0;3;False;{'user_input': 'what is the language accepted by this automaton for the input string 11000?', 'intent': 'fsa-practical', 'argument': 'language', 'dialogue_act': 'Ta:request', 'frame': {'input': '11000'}};[0.0, 0.1, 0.0, 1.0]
Correctness;5;on the automaton shown, what is the language accepted when the input is 11000?;Could you be more specific?;[];0.0;4;False;{'user_input': 'on the automaton shown, what is the language accepted when the input is 11000?', 'intent': 'fsa-practical', 'argument': 'language', 'dialogue_act': 'Ta:request', 'frame': {'input': '11000'}};[0.0, 0.1, 0.0, 1.0]
Correctness;5;thank you! based on the language of this automaton, could you please tell me whether the input 11000 is accepted?;MUTATION In total there are 5 states: q0, q1, q2, q3 and q4. q0 is both the initial and the final state.;[];0.2;5;True;{'user_input': 'thank you! based on the language of this automaton, could you please tell me whether the input 11000 is accepted?', 'intent': 'fsa-practical', 'argument': 'automaton', 'dialogue_act': 'Ta:request', 'frame': {'input': '11000'}};[0.1, 0.2, 0.2, 1.0]
Correctness;5;What is the language accepted by this automaton for the input 11000?;Could you be more specific?;[];0.0;6;False;{'user_input': 'What is the language accepted by this automaton for the input 11000?', 'intent': 'fsa-practical', 'argument': 'language', 'dialogue_act': 'Ta:request', 'frame': {'input': '11000'}};[0.0, 0.1, 0.0, 1.0]
Correctness;5;is the language recognized by this finite state automaton regular or non-regular?;Could you be more specific?;[];0.0;7;False;{'user_input': 'is the language recognized by this finite state automaton regular or non-regular?', 'intent': 'fsa-practical', 'argument': 'language', 'dialogue_act': 'Ta:propositionalQuestion', 'frame': {'input': '?'}};[0.0, 0.1, 0.0, 1.0]
Correctness;5;thank you, could you help me understand what language this automaton recognizes for a given input?;MUTATION In total there are 5 states: q0, q1, q2, q3 and q4. q0 is both the initial and the final state.;[];0.1;8;True;{'user_input': 'thank you, could you help me understand what language this automaton recognizes for a given input?', 'intent': 'fsa-practical', 'argument': 'automaton', 'dialogue_act': 'Ta:request', 'frame': {'alphabet': '?', 'input': '?'}};[0.1, 0.2, 0.1, 1.0]
Correctness;5;what are the transitions of this automaton?;The automaton has 5 transitions: q0 with value 1 goes to q1, q1 with value 1 goes to q2, q2 with value 0 goes to q3, q3 with value 0 goes to q4, q4 with value 0 goes to q0.;['simbolo-q0-q1', 'simbolo-q1-q2', 'simbolo-q2-q3', 'simbolo-q3-q4', 'simbolo-q4-q0'];1.0;8;False;{'user_input': 'what are the transitions of this automaton?', 'intent': 'fsa-practical', 'argument': 'transition', 'dialogue_act': 'Ta:request', 'frame': {'transitions': []}};[1.0, 1.0, 1.0, 1.0]
Correctness;5;what is the language accepted by this automaton for the input string ?;Could you be more specific?;[];0.1;9;False;{'user_input': 'what is the language accepted by this automaton for the input string ?', 'intent': 'fsa-practical', 'argument': 'language', 'dialogue_act': 'Ta:request', 'frame': {'input': '?'}};[0.1, 0.1, 0.1, 1.0]
Correctness;5;which strings belong to the language accepted by the automaton if the only final state is q3?;Could you be more specific?;[];0.0;10;False;{'user_input': 'which strings belong to the language accepted by the automaton if the only final state is q3?', 'intent': 'fsa-practical', 'argument': 'language', 'dialogue_act': 'Ta:request', 'frame': {'alphabet': 'input', 'finalStates': 'Q3'}};[0.0, 0.1, 0.0, 1.0]
Correctness;5;the language accepted by this automaton is the set of all binary strings for which the number of final states is 5.;Could you be more specific?;[];0.1;11;False;{'user_input': 'the language accepted by this automaton is the set of all binary strings for which the number of final states is 5.', 'intent': 'fsa-practical', 'argument': 'language', 'dialogue_act': 'Ta:request', 'frame': {'numberOfFinalStates': '5'}};[0.1, 0.1, 0.1, 1.0]
Correctness;5;what is the language recognized by this automaton for the input alphabet, and is q3 a final state?;Could you be more specific?;[];0.0;12;False;{'user_input': 'what is the language recognized by this automaton for the input alphabet, and is q3 a final state?', 'intent': 'fsa-practical', 'argument': 'language', 'dialogue_act': 'Ta:request', 'frame': {'alphabet': 'input', 'finalStates': 'q3'}};[0.0, 0.1, 0.0, 1.0]
Correctness;5;For the automaton shown, what is the language accepted when the input is processed starting from state q3?;Could you be more specific?;[];0.0;13;False;{'user_input': 'For the automaton shown, what is the language accepted when the input is processed starting from state q3?', 'intent': 'fsa-practical', 'argument': 'language', 'dialogue_act': 'Ta:request', 'frame': {'input': 'q3'}};[0.0, 0.1, 0.0, 1.0]
Correctness;5;"I’m done asking questions about the language of this automaton; using q3 as input was my last try.";Could you be more specific?;[];0.9;13;False;"{'user_input': 'I’m done asking questions about the language of this automaton; using q3 as input was my last try.', 'intent': 'fsa-practical', 'argument': 'language', 'dialogue_act': 'Ta:request', 'frame': {'input': 'q3'}}";[0.9, 0.9, 0.9, 1.0]
VisualRelevancy;1;Is it possible to go from q2 to q4 in the automaton shown?;There is no transition between q2 and q4.;[];1.0;0;False;{'user_input': 'Is it possible to go from q2 to q4 in the automaton shown?', 'intent': 'fsa-practical', 'argument': 'transition', 'dialogue_act': 'Ta:request', 'frame': {'transitions': [['q2', 'q4', '?']]}};[0.2, 0.6, 0.2, 1.0]
VisualRelevancy;1;what is the alphabet of this automaton?;Could you be more specific?;[];1.0;0;False;{'user_input': 'what is the alphabet of this automaton?', 'intent': 'fsa-practical', 'argument': 'alphabet', 'dialogue_act': 'Ta:request', 'frame': {'alphabet': '?'}};[0.0, 0.1, 0.0, 1.0]
VisualRelevancy;1;what is the alphabet of this automaton?;Could you be more specific?;[];1.0;0;False;{'user_input': 'what is the alphabet of this automaton?', 'intent': 'fsa-practical', 'argument': 'alphabet', 'dialogue_act': 'Ta:request', 'frame': {'alphabet': '?'}};[0.0, 0.1, 0.0, 1.0]
VisualRelevancy;1;What is the alphabet of this automaton?;Could you be more specific?;[];1.0;0;False;{'user_input': 'What is the alphabet of this automaton?', 'intent': 'fsa-practical', 'argument': 'alphabet', 'dialogue_act': 'Ta:request', 'frame': {'alphabet': '?'}};[0.0, 0.1, 0.0, 1.0]
VisualRelevancy;1;The alphabet of this automaton is what?;Could you be more specific?;[];1.0;0;False;{'user_input': 'The alphabet of this automaton is what?', 'intent': 'fsa-practical', 'argument': 'alphabet', 'dialogue_act': 'Ta:request', 'frame': {'alphabet': '?'}};[0.0, 0.1, 0.0, 1.0]
VisualRelevancy;1;what is the alphabet of this automaton?;Could you be more specific?;[];1.0;0;False;{'user_input': 'what is the alphabet of this automaton?', 'intent': 'fsa-practical', 'argument': 'alphabet', 'dialogue_act': 'Ta:request', 'frame': {'alphabet': '?'}};[0.0, 0.1, 0.0, 1.0]
VisualRelevancy;1;what is the alphabet of this finite automaton?;Could you be more specific?;[];1.0;0;False;{'user_input': 'what is the alphabet of this finite automaton?', 'intent': 'fsa-practical', 'argument': 'alphabet', 'dialogue_act': 'Ta:request', 'frame': {'alphabet': '?'}};[0.0, 0.1, 0.0, 1.0]
VisualRelevancy;1;Hi! Could you tell me what the alphabet of this automaton is?;Could you be more specific?;[];1.0;0;False;{'user_input': 'Hi! Could you tell me what the alphabet of this automaton is?', 'intent': 'fsa-practical', 'argument': 'alphabet', 'dialogue_act': 'Ta:request', 'frame': {'alphabet': '?'}};[0.0, 0.1, 0.0, 1.0]
VisualRelevancy;1;What is the alphabet of this finite state automaton?;Could you be more specific?;[];1.0;0;False;{'user_input': 'What is the alphabet of this finite state automaton?', 'intent': 'fsa-practical', 'argument': 'alphabet', 'dialogue_act': 'Ta:request', 'frame': {'alphabet': '?'}};[0.0, 0.1, 0.0, 1.0]
VisualRelevancy;1;What is the alphabet of the automaton in state q1?;Could you be more specific?;[];1.0;0;False;{'user_input': 'What is the alphabet of the automaton in state q1?', 'intent': 'fsa-practical', 'argument': 'alphabet', 'dialogue_act': 'Ta:request', 'frame': {'alphabet': '?'}};[0.0, 0.1, 0.0, 1.0]
VisualRelevancy;1;before i say goodbye, could you tell me what the alphabet of this automaton is?;Could you be more specific?;[];1.0;0;False;{'user_input': 'before i say goodbye, could you tell me what the alphabet of this automaton is?', 'intent': 'fsa-practical', 'argument': 'alphabet', 'dialogue_act': 'Ta:request', 'frame': {'alphabet': '?'}};[0.0, 0.1, 0.0, 1.0]
VisualRelevancy;1;in this automaton, is the alphabet limited to just 2 symbols?;Could you be more specific?;[];1.0;0;False;{'user_input': 'in this automaton, is the alphabet limited to just 2 symbols?', 'intent': 'fsa-practical', 'argument': 'alphabet', 'dialogue_act': 'Ta:propositionalQuestion', 'frame': {'alphabetSize': '2'}};[0.1, 0.2, 0.1, 1.0]
VisualRelevancy;1;The alphabet of this automaton is {0, 1}, so its alphabet size is 2.;Could you be more specific?;[];1.0;0;False;{'user_input': 'The alphabet of this automaton is {0, 1}, so its alphabet size is 2.', 'intent': 'fsa-practical', 'argument': 'alphabet', 'dialogue_act': 'Ta:request', 'frame': {'alphabetSize': '2'}};[0.0, 0.1, 0.0, 1.0]
VisualRelevancy;1;What is the size of the alphabet of this automaton?;Could you be more specific?;[];1.0;0;False;{'user_input': 'What is the size of the alphabet of this automaton?', 'intent': 'fsa-practical', 'argument': 'alphabet', 'dialogue_act': 'Ta:request', 'frame': {'alphabetSize': '?'}};[0.0, 0.1, 0.0, 1.0]
VisualRelevancy;1;What is the size of the alphabet of the language recognized by this automaton?;Could you be more specific?;[];1.0;0;False;{'user_input': 'What is the size of the alphabet of the language recognized by this automaton?', 'intent': 'fsa-practical', 'argument': 'alphabet', 'dialogue_act': 'Ta:request', 'frame': {'alphabetSize': '?'}};[0.0, 0.1, 0.0, 1.0]
VisualRelevancy;2;What is the value of the transition from q1 to q2 in this diagram?;The transition between q1 and q2 is with value 1.;['simbolo-q1-q2'];1.0;0;False;{'user_input': 'What is the value of the transition from q1 to q2 in this diagram?', 'intent': 'fsa-practical', 'argument': 'transition', 'dialogue_act': 'Ta:request', 'frame': {'transitions': [['q1', 'q2', '?']]}};[1.0, 1.0, 1.0, 1.0]
VisualRelevancy;2;What is the missing input symbol on the transition from state q1 to state q2 in this automaton?;Could you be more specific?;[];1.0;0;False;{'user_input': 'What is the missing input symbol on the transition from state q1 to state q2 in this automaton?', 'intent': 'fsa-practical', 'argument': 'pattern', 'dialogue_act': 'Ta:request', 'frame': {'input': '?'}};[0.0, 0.2, 0.0, 1.0]
VisualRelevancy;2;Can you tell me whether the language recognized by this automaton is non-regular?;Could you be more specific?;[];1.0;0;False;{'user_input': 'Can you tell me whether the language recognized by this automaton is non-regular?', 'intent': 'fsa-practical', 'argument': 'language', 'dialogue_act': 'Ta:request', 'frame': {'input': '?'}};[0.0, 0.1, 0.0, 1.0]
VisualRelevancy;2;Which language is recognized by this automaton if the state q3 had no outgoing transitions?;Could you be more specific?;[];1.0;0;False;{'user_input': 'Which language is recognized by this automaton if the state q3 had no outgoing transitions?', 'intent': 'fsa-practical', 'argument': 'language', 'dialogue_act': 'Ta:request', 'frame': {'input': '?'}};[0.0, 0.1, 0.0, 1.0]
VisualRelevancy;2;what is the input that this automaton accepts?;Could you be more specific?;[];1.0;0;False;{'user_input': 'what is the input that this automaton accepts?', 'intent': 'fsa-practical', 'argument': 'language', 'dialogue_act': 'Ta:request', 'frame': {'input': '?'}};[0.0, 0.1, 0.0, 1.0]
VisualRelevancy;2;What is the language accepted by this automaton for the input string?;Could you be more specific?;[];1.0;0;False;{'user_input': 'What is the language accepted by this automaton for the input string?', 'intent': 'fsa-practical', 'argument': 'language', 'dialogue_act': 'Ta:request', 'frame': {'input': '?'}};[0.1, 0.2, 0.1, 1.0]
VisualRelevancy;2;what is the language accepted by this finite state automaton for an arbitrary input string?;Could you be more specific?;[];1.0;0;False;{'user_input': 'what is the language accepted by this finite state automaton for an arbitrary input string?', 'intent': 'fsa-practical', 'argument': 'language', 'dialogue_act': 'Ta:request', 'frame': {'input': '?'}};[0.0, 0.1, 0.0, 1.0]
VisualRelevancy;2;what is the input of this automaton?;Could you be more specific?;[];1.0;0;False;{'user_input': 'what is the input of this automaton?', 'intent': 'fsa-practical', 'argument': 'language', 'dialogue_act': 'Ta:request', 'frame': {'input': '?'}};[0.1, 0.1, 0.1, 1.0]
VisualRelevancy;2;"thanks, that explanation really helped; could you now tell me what language this automaton recognizes for a given input?";Could you be more specific?;[];1.0;0;False;"{'user_input': 'thanks, that explanation really helped; could you now tell me what language this automaton recognizes for a given input?', 'intent': 'fsa-practical', 'argument': 'language', 'dialogue_act': 'Ta:request', 'frame': {'input': '?'}}";[0.1, 0.2, 0.1, 1.0]
VisualRelevancy;2;what is the language accepted by this automaton for the input string?;Could you be more specific?;[];1.0;0;False;{'user_input': 'what is the language accepted by this automaton for the input string?', 'intent': 'fsa-practical', 'argument': 'language', 'dialogue_act': 'Ta:request', 'frame': {'input': '?'}};[0.1, 0.2, 0.1, 1.0]
VisualRelevancy;2;What is the language recognized by this finite automaton?;Could you be more specific?;[];1.0;0;False;{'user_input': 'What is the language recognized by this finite automaton?', 'intent': 'fsa-practical', 'argument': 'language', 'dialogue_act': 'Ta:request', 'frame': {'input': '?'}};[0.0, 0.1, 0.0, 1.0]
VisualRelevancy;2;What is the language accepted by this finite state automaton?;Could you be more specific?;[];1.0;0;False;{'user_input': 'What is the language accepted by this finite state automaton?', 'intent': 'fsa-practical', 'argument': 'language', 'dialogue_act': 'Ta:request', 'frame': {'input': '?'}};[0.0, 0.1, 0.0, 1.0]
VisualRelevancy;2;before we say goodbye, could you explain what language this automaton accepts for an input of “?”;Could you be more specific?;[];1.0;0;False;{'user_input': 'before we say goodbye, could you explain what language this automaton accepts for an input of “?”', 'intent': 'fsa-practical', 'argument': 'language', 'dialogue_act': 'Ta:request', 'frame': {'input': '?'}};[0.2, 0.3, 0.2, 1.0]
VisualRelevancy;2;what is the language accepted by this automaton for the input string?;Could you be more specific?;[];1.0;0;False;{'user_input': 'what is the language accepted by this automaton for the input string?', 'intent': 'fsa-practical', 'argument': 'language', 'dialogue_act': 'Ta:request', 'frame': {'input': '?'}};[0.1, 0.2, 0.1, 1.0]
VisualRelevancy;2;What is the language recognized by this finite state automaton for an arbitrary input string?;Could you be more specific?;[];1.0;0;False;{'user_input': 'What is the language recognized by this finite state automaton for an arbitrary input string?', 'intent': 'fsa-practical', 'argument': 'language', 'dialogue_act': 'Ta:request', 'frame': {'alphabet': '?', 'input': '?'}};[0.0, 0.1, 0.0, 1.0]
VisualRelevancy;3;What is the language recognized by this automaton?;Could you be more specific?;[];1.0;0;False;{'user_input': 'What is the language recognized by this automaton?', 'intent': 'fsa-practical', 'argument': 'language', 'dialogue_act': 'Ta:request', 'frame': {'language': '?'}};[0.0, 0.1, 0.0, 1.0]
VisualRelevancy;3;what are the transitions of this automaton?;The automaton has 5 transitions: q0 with value 1 goes to q1, q1 with value 1 goes to q2, q2 with value 0 goes to q3, q3 with value 0 goes to q4, q4 with value 0 goes to q0.;['simbolo-q0-q1', 'simbolo-q1-q2', 'simbolo-q2-q3', 'simbolo-q3-q4', 'simbolo-q4-q0'];1.0;0;False;{'user_input': 'what are the transitions of this automaton?', 'intent': 'fsa-practical', 'argument': 'transition', 'dialogue_act': 'Ta:request', 'frame': {}};[1.0, 1.0, 1.0, 1.0]
VisualRelevancy;3;Can you explain the transitions of this automaton?;The automaton has 5 transitions: q0 with value 1 goes to q1, q1 with value 1 goes to q2, q2 with value 0 goes to q3, q3 with value 0 goes to q4, q4 with value 0 goes to q0.;['simbolo-q0-q1', 'simbolo-q1-q2', 'simbolo-q2-q3', 'simbolo-q3-q4', 'simbolo-q4-q0'];1.0;0;False;{'user_input': 'Can you explain the transitions of this automaton?', 'intent': 'fsa-practical', 'argument': 'transition', 'dialogue_act': 'Ta:request', 'frame': {}};[1.0, 0.95, 1.0, 1.0]
VisualRelevancy;3;Can you list all the transitions of this automaton?;The automaton has 5 transitions: q0 with value 1 goes to q1, q1 with value 1 goes to q2, q2 with value 0 goes to q3, q3 with value 0 goes to q4, q4 with value 0 goes to q0.;['simbolo-q0-q1', 'simbolo-q1-q2', 'simbolo-q2-q3', 'simbolo-q3-q4', 'simbolo-q4-q0'];1.0;0;False;{'user_input': 'Can you list all the transitions of this automaton?', 'intent': 'fsa-practical', 'argument': 'transition', 'dialogue_act': 'Ta:request', 'frame': {}};[1.0, 1.0, 1.0, 1.0]
VisualRelevancy;3;Can you tell me what the transitions of this automaton are?;The automaton has 5 transitions: q0 with value 1 goes to q1, q1 with value 1 goes to q2, q2 with value 0 goes to q3, q3 with value 0 goes to q4, q4 with value 0 goes to q0.;['simbolo-q0-q1', 'simbolo-q1-q2', 'simbolo-q2-q3', 'simbolo-q3-q4', 'simbolo-q4-q0'];1.0;0;False;{'user_input': 'Can you tell me what the transitions of this automaton are?', 'intent': 'fsa-practical', 'argument': 'transition', 'dialogue_act': 'Ta:request', 'frame': {}};[1.0, 1.0, 1.0, 1.0]
VisualRelevancy;3;"sorry, i misspoke about the transitions before; let me correct myself and restate the transitions of this automaton.";MUTATION In total there are 5 states: q0, q1, q2, q3 and q4. q0 is both the initial and the final state.;[];0.9;0;True;"{'user_input': 'sorry, i misspoke about the transitions before; let me correct myself and restate the transitions of this automaton.', 'intent': 'fsa-practical', 'argument': 'automaton', 'dialogue_act': 'Ta:request', 'frame': {'transitions': []}}";[0.4, 0.4, 0.4, 0.9]
VisualRelevancy;3;Can you tell me the transitions of this automaton, specifying for each one the starting state, the input symbol, and the resulting state?;The automaton has 5 transitions: q0 with value 1 goes to q1, q1 with value 1 goes to q2, q2 with value 0 goes to q3, q3 with value 0 goes to q4, q4 with value 0 goes to q0.;['simbolo-q0-q1', 'simbolo-q1-q2', 'simbolo-q2-q3', 'simbolo-q3-q4', 'simbolo-q4-q0'];1.0;0;False;{'user_input': 'Can you tell me the transitions of this automaton, specifying for each one the starting state, the input symbol, and the resulting state?', 'intent': 'fsa-practical', 'argument': 'transition', 'dialogue_act': 'Ta:request', 'frame': {'transitions': []}};[1.0, 1.0, 1.0, 1.0]
VisualRelevancy;3;The final states of the automaton are Q1 and Q2.;The final state is q0.;['simbolo-q0'];1.0;0;False;{'user_input': 'The final states of the automaton are Q1 and Q2.', 'intent': 'fsa-practical', 'argument': 'state', 'dialogue_act': 'Ta:request', 'frame': {'finalStates': 'Q1'}};[0.0, 1.0, 0.0, 1.0]
VisualRelevancy;3;How many final states does this automaton have?;The automaton has 5 states: q0, q1, q2, q3 and q4.;['simbolo-q0', 'simbolo-q1', 'simbolo-q2', 'simbolo-q3', 'simbolo-q4'];0.2;1;False;{'user_input': 'How many final states does this automaton have?', 'intent': 'fsa-practical', 'argument': 'state', 'dialogue_act': 'Ta:request', 'frame': {'numberOfFinalStates': '?'}};[0.0, 0.2, 0.0, 0.2]
VisualRelevancy;3;what is the alphabet of this automaton, is it [“1”, “0”]?;Could you be more specific?;[];1.0;1;False;{'user_input': 'what is the alphabet of this automaton, is it [“1”, “0”]?', 'intent': 'fsa-practical', 'argument': 'alphabet', 'dialogue_act': 'Ta:request', 'frame': {'alphabet': '1'}};[0.0, 0.1, 0.0, 1.0]
VisualRelevancy;3;How many final states does this automaton have?;The automaton has 5 states: q0, q1, q2, q3 and q4.;['simbolo-q0', 'simbolo-q1', 'simbolo-q2', 'simbolo-q3', 'simbolo-q4'];0.2;2;False;{'user_input': 'How many final states does this automaton have?', 'intent': 'fsa-practical', 'argument': 'state', 'dialogue_act': 'Ta:request', 'frame': {'numberOfFinalStates': '?'}};[0.0, 0.2, 0.0, 0.2]
VisualRelevancy;3;How many final states does this automaton have?;The automaton has 5 states: q0, q1, q2, q3 and q4.;['simbolo-q0', 'simbolo-q1', 'simbolo-q2', 'simbolo-q3', 'simbolo-q4'];0.9;2;False;{'user_input': 'How many final states does this automaton have?', 'intent': 'fsa-practical', 'argument': 'state', 'dialogue_act': 'Ta:request', 'frame': {'numberOfFinalStates': '?'}};[0.0, 0.2, 0.0, 0.9]
VisualRelevancy;3;How many final states does this automaton have?;The automaton has 5 states: q0, q1, q2, q3 and q4.;['simbolo-q0', 'simbolo-q1', 'simbolo-q2', 'simbolo-q3', 'simbolo-q4'];0.2;3;False;{'user_input': 'How many final states does this automaton have?', 'intent': 'fsa-practical', 'argument': 'state', 'dialogue_act': 'Ta:request', 'frame': {'numberOfFinalStates': '?'}};[0.0, 0.2, 0.0, 0.2]
VisualRelevancy;3;what is the number of final states in the language recognized by this automaton?;The automaton has 5 states: q0, q1, q2, q3 and q4.;['simbolo-q0', 'simbolo-q1', 'simbolo-q2', 'simbolo-q3', 'simbolo-q4'];0.9;3;False;{'user_input': 'what is the number of final states in the language recognized by this automaton?', 'intent': 'fsa-practical', 'argument': 'state', 'dialogue_act': 'Ta:request', 'frame': {'numberOfFinalStates': '?'}};[0.0, 0.2, 0.0, 0.9]
VisualRelevancy;3;How many final states does this automaton have?;The automaton has 5 states: q0, q1, q2, q3 and q4.;['simbolo-q0', 'simbolo-q1', 'simbolo-q2', 'simbolo-q3', 'simbolo-q4'];0.9;3;False;{'user_input': 'How many final states does this automaton have?', 'intent': 'fsa-practical', 'argument': 'state', 'dialogue_act': 'Ta:request', 'frame': {'numberOfFinalStates': '?'}};[0.0, 0.2, 0.0, 0.9]
VisualRelevancy;4;Is q0 the only final state, or are there other accepting states too?;The automaton has 5 states: q0, q1, q2, q3 and q4.;['simbolo-q0', 'simbolo-q1', 'simbolo-q2', 'simbolo-q3', 'simbolo-q4'];0.3;1;False;{'user_input': 'Is q0 the only final state, or are there other accepting states too?', 'intent': 'fsa-practical', 'argument': 'state', 'dialogue_act': 'Ta:propositionalQuestion', 'frame': {'state': 'q0'}};[0.0, 0.2, 0.0, 0.3]
VisualRelevancy;4;this is both the initial and the final state of this automaton.;The initial state is q0.;['simbolo-q0'];0.5;1;False;{'user_input': 'this is both the initial and the final state of this automaton.', 'intent': 'fsa-practical', 'argument': 'state', 'dialogue_act': 'Ta:request', 'frame': {'initialState': '?', 'finalStates': ['?'], 'states': ['q0']}, '_raw_frame': {'initialState': '?', 'finalStates': '?'}};[0.5, 0.5, 0.5, 0.5]
VisualRelevancy;4;which state is q0 in this automaton?;The automaton has 5 states: q0, q1, q2, q3 and q4.;['simbolo-q0', 'simbolo-q1', 'simbolo-q2', 'simbolo-q3', 'simbolo-q4'];0.2;2;False;{'user_input': 'which state is q0 in this automaton?', 'intent': 'fsa-practical', 'argument': 'state', 'dialogue_act': 'Ta:request', 'frame': {'states': 'q0'}};[0.1, 0.2, 0.2, 0.2]
VisualRelevancy;4;What information can you tell me about the state q0?;The automaton has 5 states: q0, q1, q2, q3 and q4.;['simbolo-q0', 'simbolo-q1', 'simbolo-q2', 'simbolo-q3', 'simbolo-q4'];0.4;2;False;{'user_input': 'What information can you tell me about the state q0?', 'intent': 'fsa-practical', 'argument': 'state', 'dialogue_act': 'Ta:request', 'frame': {'states': 'q0'}};[0.2, 0.3, 0.2, 0.4]
VisualRelevancy;4;what is the language accepted by the automaton starting from this?;Could you be more specific?;[];1.0;2;False;{'user_input': 'what is the language accepted by the automaton starting from this?', 'intent': 'fsa-practical', 'argument': 'language', 'dialogue_act': 'Ta:request', 'frame': {'states': ['q0']}, '_raw_frame': {'input': '?'}};[0.1, 0.2, 0.1, 1.0]
VisualRelevancy;4;Can you show me the pattern that involves the state q0 in this automaton?;Could you be more specific?;[];1.0;2;False;{'user_input': 'Can you show me the pattern that involves the state q0 in this automaton?', 'intent': 'fsa-practical', 'argument': 'pattern', 'dialogue_act': 'Ta:request', 'frame': {'patternType': '?'}};[0.1, 0.2, 0.1, 1.0]
VisualRelevancy;4;please tell me the state that has exactly 2 transitions.;The automaton has 5 states: q0, q1, q2, q3 and q4.;['simbolo-q0', 'simbolo-q1', 'simbolo-q2', 'simbolo-q3', 'simbolo-q4'];0.3;3;False;{'user_input': 'please tell me the state that has exactly 2 transitions.', 'intent': 'fsa-practical', 'argument': 'state', 'dialogue_act': 'Ta:request', 'frame': {'states': '?'}};[0.0, 0.2, 0.0, 0.3]
VisualRelevancy;4;can you tell me what you know about this in this finite state automaton?;MUTATION In total there are 5 states: q0, q1, q2, q3 and q4. q0 is both the initial and the final state.;[];1.0;3;True;{'user_input': 'can you tell me what you know about this in this finite state automaton?', 'intent': 'fsa-practical', 'argument': 'automaton', 'dialogue_act': 'Ta:request', 'frame': {'states': ['q0']}, '_raw_frame': {}};[0.9, 0.9, 0.4, 1.0]
VisualRelevancy;5;Does this automaton accept the input string 11000 starting from q0?;Could you be more specific?;[];1.0;0;False;{'user_input': 'Does this automaton accept the input string 11000 starting from q0?', 'intent': 'fsa-practical', 'argument': 'language', 'dialogue_act': 'Ta:request', 'frame': {'input': '11000'}};[0.0, 0.1, 0.0, 1.0]
VisualRelevancy;5;on the automaton shown, what is the language accepted for the input string 11000?;Could you be more specific?;[];1.0;0;False;{'user_input': 'on the automaton shown, what is the language accepted for the input string 11000?', 'intent': 'fsa-practical', 'argument': 'language', 'dialogue_act': 'Ta:request', 'frame': {'input': '11000'}};[0.0, 0.1, 0.0, 1.0]
VisualRelevancy;5;before i go, could you tell me what language this automaton recognizes for the input 11000?;Could you be more specific?;[];1.0;0;False;{'user_input': 'before i go, could you tell me what language this automaton recognizes for the input 11000?', 'intent': 'fsa-practical', 'argument': 'language', 'dialogue_act': 'Ta:propositionalQuestion', 'frame': {'input': '11000'}};[0.0, 0.1, 0.0, 1.0]
VisualRelevancy;5;Thanks for the explanation. Before I say goodbye, could you please tell me what is the language recognized by this automaton for the input 11000?;Could you be more specific?;[];1.0;0;False;{'user_input': 'Thanks for the explanation. Before I say goodbye, could you please tell me what is the language recognized by this automaton for the input 11000?', 'intent': 'fsa-practical', 'argument': 'language', 'dialogue_act': 'Ta:request', 'frame': {'input': '11000'}};[0.0, 0.1, 0.0, 1.0]
VisualRelevancy;5;What is the language accepted by the automaton if the only final state is Q3?;Could you be more specific?;[];1.0;0;False;{'user_input': 'What is the language accepted by the automaton if the only final state is Q3?', 'intent': 'fsa-practical', 'argument': 'language', 'dialogue_act': 'Ta:request', 'frame': {'finalStates': 'Q3'}};[0.0, 0.1, 0.0, 1.0]
VisualRelevancy;5;In this automaton, which state has no outgoing transitions, for example state q3?;The automaton has 5 states: q0, q1, q2, q3 and q4.;['simbolo-q0', 'simbolo-q1', 'simbolo-q2', 'simbolo-q3', 'simbolo-q4'];0.4;0;False;{'user_input': 'In this automaton, which state has no outgoing transitions, for example state q3?', 'intent': 'fsa-practical', 'argument': 'state', 'dialogue_act': 'Ta:request', 'frame': {'state': '?'}};[0.0, 0.2, 0.0, 0.4]
VisualRelevancy;5;what is the state of this finite-state automaton?;The automaton has 5 states: q0, q1, q2, q3 and q4.;['simbolo-q0', 'simbolo-q1', 'simbolo-q2', 'simbolo-q3', 'simbolo-q4'];0.9;0;False;{'user_input': 'what is the state of this finite-state automaton?', 'intent': 'fsa-practical', 'argument': 'state', 'dialogue_act': 'Ta:request', 'frame': {'states': '?'}};[0.2, 0.4, 0.3, 0.9]
VisualRelevancy;5;hi, could you help me understand the states of this finite state automaton?;MUTATION In total there are 5 states: q0, q1, q2, q3 and q4. q0 is both the initial and the final state.;[];1.0;0;True;{'user_input': 'hi, could you help me understand the states of this finite state automaton?', 'intent': 'fsa-practical', 'argument': 'automaton', 'dialogue_act': 'Ta:request', 'frame': {'states': '?'}};[0.9, 0.7, 0.5, 1.0]
VisualRelevancy;5;What is the state of this automaton?;The automaton has 5 states: q0, q1, q2, q3 and q4.;['simbolo-q0', 'simbolo-q1', 'simbolo-q2', 'simbolo-q3', 'simbolo-q4'];0.9;0;False;{'user_input': 'What is the state of this automaton?', 'intent': 'fsa-practical', 'argument': 'state', 'dialogue_act': 'Ta:request', 'frame': {'state': '?'}};[0.2, 0.3, 0.2, 0.9]
VisualRelevancy;5;which is this in this automaton?;The automaton has 5 states: q0, q1, q2, q3 and q4.;['simbolo-q0', 'simbolo-q1', 'simbolo-q2', 'simbolo-q3', 'simbolo-q4'];0.9;0;False;{'user_input': 'which is this in this automaton?', 'intent': 'fsa-practical', 'argument': 'state', 'dialogue_act': 'Ta:request', 'frame': {'states': ['q2']}, '_raw_frame': {'states': '?'}};[0.2, 0.3, 0.2, 0.9]
VisualRelevancy;5;which are the states of this finite state automaton?;The automaton has 5 states: q0, q1, q2, q3 and q4.;['simbolo-q0', 'simbolo-q1', 'simbolo-q2', 'simbolo-q3', 'simbolo-q4'];1.0;0;False;{'user_input': 'which are the states of this finite state automaton?', 'intent': 'fsa-practical', 'argument': 'state', 'dialogue_act': 'Ta:request', 'frame': {'states': '?'}};[1.0, 1.0, 1.0, 1.0]
BaseLine;-9;Can you tell me which state comes after q1 on the picture?;The automaton has 5 states: q0, q1, q2, q3 and q4.;['simbolo-q0', 'simbolo-q1', 'simbolo-q2', 'simbolo-q3', 'simbolo-q4'];-1;-1;False;{'user_input': 'Can you tell me which state comes after q1 on the picture?', 'intent': 'fsa-practical', 'argument': 'state', 'dialogue_act': 'Ta:request', 'frame': {'states': 'q1'}};[0.0, 0.2, 0.0, 0.3]
BaseLine;-8;From q2, what single move is shown going out?;the transition is not defined.;[];-1;-1;False;{'user_input': 'From q2, what single move is shown going out?', 'intent': 'fsa-practical', 'argument': 'transition', 'dialogue_act': 'Ta:request', 'frame': {'transitions': [['q2', '?', '?']]}};[0.0, 0.2, 0.0, 1.0]
BaseLine;-7;Which value is written on the arrow between q0 and q1?;The transition between q0 and q1 is with value 1.;['simbolo-q0-q1'];-1;-1;False;{'user_input': 'Which value is written on the arrow between q0 and q1?', 'intent': 'fsa-practical', 'argument': 'transition', 'dialogue_act': 'Ta:request', 'frame': {'transitions': [['q0', 'q1', '?']]}};[1.0, 1.0, 1.0, 1.0]
BaseLine;-6;Is there any way in this automaton to jump directly from q2 to q4?;There is no transition between q2 and q4.;[];-1;-1;False;{'user_input': 'Is there any way in this automaton to jump directly from q2 to q4?', 'intent': 'fsa-practical', 'argument': 'transition', 'dialogue_act': 'Ta:request', 'frame': {'transitions': [['q2', 'q4', '?']]}};[1.0, 1.0, 1.0, 1.0]
BaseLine;-5;What is the only state that is both initial and final in this diagram?;The final state is q0.;['simbolo-q0'];-1;-1;False;{'user_input': 'What is the only state that is both initial and final in this diagram?', 'intent': 'fsa-practical', 'argument': 'state', 'dialogue_act': 'Ta:request', 'frame': {'initialStates': '?', 'finalStates': '?'}};[1.0, 1.0, 1.0, 1.0]
BaseLine;-4;How many different states do I see in this automaton?;This automaton has 5 states.;['simbolo-q0', 'simbolo-q1', 'simbolo-q2', 'simbolo-q3', 'simbolo-q4'];-1;-1;False;{'user_input': 'How many different states do I see in this automaton?', 'intent': 'fsa-practical', 'argument': 'state', 'dialogue_act': 'Ta:request', 'frame': {'numberOfStates': '?'}};[1.0, 1.0, 1.0, 1.0]
BaseLine;-3;Does this machine ever use the symbol 2 in its alphabet?;Could you be more specific?;[];-1;-1;False;{'user_input': 'Does this machine ever use the symbol 2 in its alphabet?', 'intent': 'fsa-practical', 'argument': 'language', 'dialogue_act': 'Ta:request', 'frame': {'alphabet': ['2']}};[0.0, 0.1, 0.0, 1.0]
BaseLine;-2;What kind of automaton is this, deterministic or not?;MUTATION In total there are 5 states: q0, q1, q2, q3 and q4. q0 is both the initial and the final state.;[];-1;-1;True;{'user_input': 'What kind of automaton is this, deterministic or not?', 'intent': 'fsa-practical', 'argument': 'automaton', 'dialogue_act': 'Ta:request', 'frame': {}};[0.0, 0.2, 0.0, 1.0]
BaseLine;-1;What word does this automaton accept that ends where it started?;Could you be more specific?;[];-1;-1;False;{'user_input': 'What word does this automaton accept that ends where it started?', 'intent': 'fsa-practical', 'argument': 'pattern', 'dialogue_act': 'Ta:request', 'frame': {'patternType': '?'}};[0.0, 0.1, 0.0, 1.0]
BaseLine;0;Tell me the total number of arrows in this drawing.;MUTATION In total there are 5 states: q0, q1, q2, q3 and q4. q0 is both the initial and the final state.;[];-1;-1;True;{'user_input': 'Tell me the total number of arrows in this drawing.', 'intent': 'fsa-practical', 'argument': None, 'dialogue_act': 'Ta:request', 'frame': {}};[0.0, 0.2, 0.0, 1.0]
BaseLine;1;Which states in this picture are final, according to the notation?;The automaton has 5 states: q0, q1, q2, q3 and q4.;['simbolo-q0', 'simbolo-q1', 'simbolo-q2', 'simbolo-q3', 'simbolo-q4'];-1;-1;False;{'user_input': 'Which states in this picture are final, according to the notation?', 'intent': 'fsa-practical', 'argument': 'state', 'dialogue_act': 'Ta:request', 'frame': {'states': '?'}};[0.0, 0.2, 0.0, 0.2]
BaseLine;2;Which state do I start from if I want to follow the arrows?;The initial state is q0.;['simbolo-q0'];-1;-1;False;{'user_input': 'Which state do I start from if I want to follow the arrows?', 'intent': 'fsa-practical', 'argument': 'state', 'dialogue_act': 'Ta:request', 'frame': {'initialState': '?'}};[1.0, 1.0, 1.0, 1.0]
BaseLine;3;What is the output of this automaton when it reads 11000?;Could you be more specific?;[];-1;-1;False;{'user_input': 'What is the output of this automaton when it reads 11000?', 'intent': 'fsa-practical', 'argument': 'language', 'dialogue_act': 'Ta:request', 'frame': {'input': '11000'}};[0.0, 0.1, 0.0, 1.0]
BaseLine;4;What pattern of 1s and 0s does this machine seem designed to recognize?;Could you be more specific?;[];-1;-1;False;{'user_input': 'What pattern of 1s and 0s does this machine seem designed to recognize?', 'intent': 'fsa-practical', 'argument': 'pattern', 'dialogue_act': 'Ta:request', 'frame': {'patternType': '?'}};[0.0, 0.1, 0.0, 1.0]
BaseLine;5;Is this automaton supposed to accept a regular language or something else?;Could you be more specific?;[];-1;-1;False;{'user_input': 'Is this automaton supposed to accept a regular language or something else?', 'intent': 'fsa-practical', 'argument': 'language', 'dialogue_act': 'Ta:request', 'frame': {'input': '?'}};[0.2, 0.2, 0.2, 1.0]
BaseLine;6;Can you list all the states in this automaton?;The automaton has 5 states: q0, q1, q2, q3 and q4.;['simbolo-q0', 'simbolo-q1', 'simbolo-q2', 'simbolo-q3', 'simbolo-q4'];-1;-1;False;{'user_input': 'Can you list all the states in this automaton?', 'intent': 'fsa-practical', 'argument': 'state', 'dialogue_act': 'Ta:request', 'frame': {'states': '?'}};[1.0, 1.0, 1.0, 1.0]
BaseLine;7;From q2, where do I go if I read a 1?;the transition is not defined.;[];-1;-1;False;{'user_input': 'From q2, where do I go if I read a 1?', 'intent': 'fsa-practical', 'argument': 'transition', 'dialogue_act': 'Ta:request', 'frame': {'transitions': [['q2', '?', '1']]}};[1.0, 1.0, 1.0, 1.0]
BaseLine;8;Tell me the exact transition that leads back to q0.;The automaton has 5 transitions: q0 with value 1 goes to q1, q1 with value 1 goes to q2, q2 with value 0 goes to q3, q3 with value 0 goes to q4, q4 with value 0 goes to q0.;['simbolo-q0-q1', 'simbolo-q1-q2', 'simbolo-q2-q3', 'simbolo-q3-q4', 'simbolo-q4-q0'];-1;-1;False;{'user_input': 'Tell me the exact transition that leads back to q0.', 'intent': 'fsa-practical', 'argument': 'transition', 'dialogue_act': 'Ta:request', 'frame': {'transitions': []}};[0.2, 0.3, 0.5, 0.5]
BaseLine;9;Which state is drawn as the starting point here?;The automaton has 5 states: q0, q1, q2, q3 and q4.;['simbolo-q0', 'simbolo-q1', 'simbolo-q2', 'simbolo-q3', 'simbolo-q4'];-1;-1;False;{'user_input': 'Which state is drawn as the starting point here?', 'intent': 'fsa-practical', 'argument': 'state', 'dialogue_act': 'Ta:request', 'frame': {'state': '?'}};[0.0, 0.2, 0.2, 0.4]
BaseLine;10;Is q0 the only state that counts as final in this picture?;The final state is q0.;['simbolo-q0'];-1;-1;False;{'user_input': 'Is q0 the only state that counts as final in this picture?', 'intent': 'fsa-practical', 'argument': 'state', 'dialogue_act': 'Ta:request', 'frame': {'finalStates': 'q0'}};[0.9, 1.0, 1.0, 1.0]
BaseLine;11;How many different transitions are shown in this diagram?;The automaton has 5 transitions: q0 with value 1 goes to q1, q1 with value 1 goes to q2, q2 with value 0 goes to q3, q3 with value 0 goes to q4, q4 with value 0 goes to q0.;['simbolo-q0-q1', 'simbolo-q1-q2', 'simbolo-q2-q3', 'simbolo-q3-q4', 'simbolo-q4-q0'];-1;-1;False;{'user_input': 'How many different transitions are shown in this diagram?', 'intent': 'fsa-practical', 'argument': 'transition', 'dialogue_act': 'Ta:request', 'frame': {'numberOfTransitions': '?'}};[1.0, 1.0, 1.0, 1.0]
BaseLine;12;What output does this machine give for the input 11000?;Could you be more specific?;[];-1;-1;False;{'user_input': 'What output does this machine give for the input 11000?', 'intent': 'fsa-practical', 'argument': 'language', 'dialogue_act': 'Ta:request', 'frame': {'input': '11000'}};[0.0, 0.1, 0.0, 1.0]
BaseLine;13;Does this automaton accept any string that ends with 000?;Could you be more specific?;[];-1;-1;False;{'user_input': 'Does this automaton accept any string that ends with 000?', 'intent': 'fsa-practical', 'argument': 'language', 'dialogue_act': 'Ta:propositionalQuestion', 'frame': {'input': '000'}};[0.0, 0.1, 0.0, 0.9]
BaseLine;14;Is it possible to ever reach q4 starting from q1?;There is no transition between q1 and q4.;[];-1;-1;False;{'user_input': 'Is it possible to ever reach q4 starting from q1?', 'intent': 'fsa-practical', 'argument': 'transition', 'dialogue_act': 'Ta:request', 'frame': {'transitions': [['q1', 'q4', '?']]}};[0.2, 0.6, 0.2, 1.0]
BaseLine;15;What is the label on the arrow from q1 to q2?;The transition between q1 and q2 is with value 1.;['simbolo-q1-q2'];-1;-1;False;{'user_input': 'What is the label on the arrow from q1 to q2?', 'intent': 'fsa-practical', 'argument': 'transition', 'dialogue_act': 'Ta:request', 'frame': {'transitions': [['q1', 'q2', '?']]}};[1.0, 1.0, 1.0, 1.0]
BaseLine;16;Is the alphabet of this automaton just 0 and 1?;Could you be more specific?;[];-1;-1;False;{'user_input': 'Is the alphabet of this automaton just 0 and 1?', 'intent': 'fsa-practical', 'argument': 'alphabet', 'dialogue_act': 'Ta:request', 'frame': {'alphabet': '0'}};[0.0, 0.1, 0.0, 1.0]
BaseLine;17;Would you call this automaton deterministic or not?;MUTATION In total there are 5 states: q0, q1, q2, q3 and q4. q0 is both the initial and the final state.;[];-1;-1;True;{'user_input': 'Would you call this automaton deterministic or not?', 'intent': 'fsa-practical', 'argument': 'automaton', 'dialogue_act': 'Ta:request', 'frame': {}};[0.0, 0.2, 0.0, 1.0]
BaseLine;18;Does this diagram represent a machine for a regular language?;Could you be more specific?;[];-1;-1;False;{'user_input': 'Does this diagram represent a machine for a regular language?', 'intent': 'fsa-practical', 'argument': 'language', 'dialogue_act': 'Ta:request', 'frame': {'input': '?'}};[0.0, 0.1, 0.0, 1.0]
BaseLine;19;Which state has the largest number of arrows touching it?;The automaton has 5 states: q0, q1, q2, q3 and q4.;['simbolo-q0', 'simbolo-q1', 'simbolo-q2', 'simbolo-q3', 'simbolo-q4'];-1;-1;False;{'user_input': 'Which state has the largest number of arrows touching it?', 'intent': 'fsa-practical', 'argument': 'state', 'dialogue_act': 'Ta:request', 'frame': {'stateWithMostTransitions': '?'}};[0.0, 0.3, 0.0, 0.8]
BaseLine;20;Show me the full list of transitions for this automaton.;The automaton has 5 transitions: q0 with value 1 goes to q1, q1 with value 1 goes to q2, q2 with value 0 goes to q3, q3 with value 0 goes to q4, q4 with value 0 goes to q0.;['simbolo-q0-q1', 'simbolo-q1-q2', 'simbolo-q2-q3', 'simbolo-q3-q4', 'simbolo-q4-q0'];-1;-1;False;{'user_input': 'Show me the full list of transitions for this automaton.', 'intent': 'fsa-practical', 'argument': 'transition', 'dialogue_act': 'Ta:request', 'frame': {'transitions': []}};[1.0, 1.0, 1.0, 1.0]
BaseLine;21;Can I jump directly from q2 to q4 in this automaton?;There is no transition between q2 and q4.;[];-1;-1;False;{'user_input': 'Can I jump directly from q2 to q4 in this automaton?', 'intent': 'fsa-practical', 'argument': 'transition', 'dialogue_act': 'Ta:request', 'frame': {'transitions': [['q2', 'q4', '?']]}};[1.0, 1.0, 1.0, 0.9]
BaseLine;22;What label sits on the arrow that goes from q1 to q2?;The transition between q1 and q2 is with value 1.;['simbolo-q1-q2'];-1;-1;False;{'user_input': 'What label sits on the arrow that goes from q1 to q2?', 'intent': 'fsa-practical', 'argument': 'transition', 'dialogue_act': 'Ta:request', 'frame': {'transitions': [['q1', 'q2', '?']]}};[1.0, 1.0, 1.0, 1.0]
BaseLine;23;Which of these five states is drawn as the starting point?;The initial state is q0.;['simbolo-q0'];-1;-1;False;{'user_input': 'Which of these five states is drawn as the starting point?', 'intent': 'fsa-practical', 'argument': 'state', 'dialogue_act': 'Ta:request', 'frame': {'initialState': '?'}};[1.0, 1.0, 1.0, 1.0]
BaseLine;24;Is q0 the only state that counts as accepting here?;The automaton has 5 states: q0, q1, q2, q3 and q4.;['simbolo-q0', 'simbolo-q1', 'simbolo-q2', 'simbolo-q3', 'simbolo-q4'];-1;-1;False;{'user_input': 'Is q0 the only state that counts as accepting here?', 'intent': 'fsa-practical', 'argument': 'state', 'dialogue_act': 'Ta:propositionalQuestion', 'frame': {'state': 'q0'}};[0.0, 0.2, 0.0, 0.3]
BaseLine;25;Tell me how many arrows total appear between all the states.;The automaton has 5 transitions: q0 with value 1 goes to q1, q1 with value 1 goes to q2, q2 with value 0 goes to q3, q3 with value 0 goes to q4, q4 with value 0 goes to q0.;['simbolo-q0-q1', 'simbolo-q1-q2', 'simbolo-q2-q3', 'simbolo-q3-q4', 'simbolo-q4-q0'];-1;-1;False;{'user_input': 'Tell me how many arrows total appear between all the states.', 'intent': 'fsa-practical', 'argument': 'transition', 'dialogue_act': 'Ta:request', 'frame': {'numberOfTransitions': '?'}};[1.0, 1.0, 1.0, 1.0]
BaseLine;26;What kind of automaton is this supposed to be, deterministic or not?;MUTATION In total there are 5 states: q0, q1, q2, q3 and q4. q0 is both the initial and the final state.;[];-1;-1;True;{'user_input': 'What kind of automaton is this supposed to be, deterministic or not?', 'intent': 'fsa-practical', 'argument': 'automaton', 'dialogue_act': 'Ta:request', 'frame': {}};[0.0, 0.2, 0.0, 1.0]
BaseLine;27;Does this machine accept the input string 11000?;Could you be more specific?;[];-1;-1;False;{'user_input': 'Does this machine accept the input string 11000?', 'intent': 'fsa-practical', 'argument': 'language', 'dialogue_act': 'Ta:request', 'frame': {'input': '11000'}};[0.0, 0.1, 0.0, 1.0]
BaseLine;28;What is the full alphabet that these transitions use?;Could you be more specific?;[];-1;-1;False;{'user_input': 'What is the full alphabet that these transitions use?', 'intent': 'fsa-practical', 'argument': 'alphabet', 'dialogue_act': 'Ta:request', 'frame': {'alphabet': '?'}};[0.0, 0.1, 0.0, 1.0]
BaseLine;29;From which state do I read the very first symbol of any input?;The initial state is q0.;['simbolo-q0'];-1;-1;False;{'user_input': 'From which state do I read the very first symbol of any input?', 'intent': 'fsa-practical', 'argument': 'state', 'dialogue_act': 'Ta:request', 'frame': {'initialState': '?'}};[1.0, 1.0, 1.0, 1.0]
BaseLine;-9;Can you tell me which state comes after q1 on the picture?;The automaton has 5 states: q0, q1, q2, q3 and q4.;['simbolo-q0', 'simbolo-q1', 'simbolo-q2', 'simbolo-q3', 'simbolo-q4'];-1;-1;False;{'user_input': 'Can you tell me which state comes after q1 on the picture?', 'intent': 'fsa-practical', 'argument': 'state', 'dialogue_act': 'Ta:request', 'frame': {'states': 'q1'}};[0.0, 0.2, 0.0, 0.3]
BaseLine;-8;From q2, what single move is shown going out?;the transition is not defined.;[];-1;-1;False;{'user_input': 'From q2, what single move is shown going out?', 'intent': 'fsa-practical', 'argument': 'transition', 'dialogue_act': 'Ta:request', 'frame': {'transitions': [['q2', '?', '?']]}};[0.0, 0.2, 0.0, 1.0]
BaseLine;-7;Which value is written on the arrow between q0 and q1?;The transition between q0 and q1 is with value 1.;['simbolo-q0-q1'];-1;-1;False;{'user_input': 'Which value is written on the arrow between q0 and q1?', 'intent': 'fsa-practical', 'argument': 'transition', 'dialogue_act': 'Ta:request', 'frame': {'transitions': [['q0', 'q1', '?']]}};[1.0, 1.0, 1.0, 1.0]
BaseLine;-6;Is there any way in this automaton to jump directly from q2 to q4?;There is no transition between q2 and q4.;[];-1;-1;False;{'user_input': 'Is there any way in this automaton to jump directly from q2 to q4?', 'intent': 'fsa-practical', 'argument': 'transition', 'dialogue_act': 'Ta:request', 'frame': {'transitions': [['q2', 'q4', '?']]}};[1.0, 1.0, 1.0, 1.0]
BaseLine;-5;What is the only state that is both initial and final in this diagram?;The final state is q0.;['simbolo-q0'];-1;-1;False;{'user_input': 'What is the only state that is both initial and final in this diagram?', 'intent': 'fsa-practical', 'argument': 'state', 'dialogue_act': 'Ta:request', 'frame': {'initialStates': '?', 'finalStates': '?'}};[1.0, 1.0, 1.0, 1.0]
BaseLine;-4;How many different states do I see in this automaton?;This automaton has 5 states.;['simbolo-q0', 'simbolo-q1', 'simbolo-q2', 'simbolo-q3', 'simbolo-q4'];-1;-1;False;{'user_input': 'How many different states do I see in this automaton?', 'intent': 'fsa-practical', 'argument': 'state', 'dialogue_act': 'Ta:request', 'frame': {'numberOfStates': '?'}};[1.0, 1.0, 1.0, 1.0]
BaseLine;-3;Does this machine ever use the symbol 2 in its alphabet?;Could you be more specific?;[];-1;-1;False;{'user_input': 'Does this machine ever use the symbol 2 in its alphabet?', 'intent': 'fsa-practical', 'argument': 'language', 'dialogue_act': 'Ta:request', 'frame': {'alphabet': ['2']}};[0.0, 0.1, 0.0, 1.0]
BaseLine;-2;What kind of automaton is this, deterministic or not?;MUTATION In total there are 5 states: q0, q1, q2, q3 and q4. q0 is both the initial and the final state.;[];-1;-1;True;{'user_input': 'What kind of automaton is this, deterministic or not?', 'intent': 'fsa-practical', 'argument': 'automaton', 'dialogue_act': 'Ta:request', 'frame': {}};[0.0, 0.2, 0.0, 1.0]
BaseLine;-1;What word does this automaton accept that ends where it started?;Could you be more specific?;[];-1;-1;False;{'user_input': 'What word does this automaton accept that ends where it started?', 'intent': 'fsa-practical', 'argument': 'pattern', 'dialogue_act': 'Ta:request', 'frame': {'patternType': '?'}};[0.0, 0.1, 0.0, 1.0]
BaseLine;0;Tell me the total number of arrows in this drawing.;MUTATION In total there are 5 states: q0, q1, q2, q3 and q4. q0 is both the initial and the final state.;[];-1;-1;True;{'user_input': 'Tell me the total number of arrows in this drawing.', 'intent': 'fsa-practical', 'argument': None, 'dialogue_act': 'Ta:request', 'frame': {}};[0.0, 0.2, 0.0, 1.0]
BaseLine;1;Which states in this picture are final, according to the notation?;The automaton has 5 states: q0, q1, q2, q3 and q4.;['simbolo-q0', 'simbolo-q1', 'simbolo-q2', 'simbolo-q3', 'simbolo-q4'];-1;-1;False;{'user_input': 'Which states in this picture are final, according to the notation?', 'intent': 'fsa-practical', 'argument': 'state', 'dialogue_act': 'Ta:request', 'frame': {'states': '?'}};[0.0, 0.2, 0.0, 0.2]
BaseLine;2;Which state do I start from if I want to follow the arrows?;The initial state is q0.;['simbolo-q0'];-1;-1;False;{'user_input': 'Which state do I start from if I want to follow the arrows?', 'intent': 'fsa-practical', 'argument': 'state', 'dialogue_act': 'Ta:request', 'frame': {'initialState': '?'}};[1.0, 1.0, 1.0, 1.0]
BaseLine;3;What is the output of this automaton when it reads 11000?;Could you be more specific?;[];-1;-1;False;{'user_input': 'What is the output of this automaton when it reads 11000?', 'intent': 'fsa-practical', 'argument': 'language', 'dialogue_act': 'Ta:request', 'frame': {'input': '11000'}};[0.0, 0.1, 0.0, 1.0]
BaseLine;4;What pattern of 1s and 0s does this machine seem designed to recognize?;Could you be more specific?;[];-1;-1;False;{'user_input': 'What pattern of 1s and 0s does this machine seem designed to recognize?', 'intent': 'fsa-practical', 'argument': 'pattern', 'dialogue_act': 'Ta:request', 'frame': {'patternType': '?'}};[0.0, 0.1, 0.0, 1.0]
BaseLine;5;Is this automaton supposed to accept a regular language or something else?;Could you be more specific?;[];-1;-1;False;{'user_input': 'Is this automaton supposed to accept a regular language or something else?', 'intent': 'fsa-practical', 'argument': 'language', 'dialogue_act': 'Ta:request', 'frame': {'input': '?'}};[0.2, 0.2, 0.2, 1.0]
BaseLine;6;Can you list all the states in this automaton?;The automaton has 5 states: q0, q1, q2, q3 and q4.;['simbolo-q0', 'simbolo-q1', 'simbolo-q2', 'simbolo-q3', 'simbolo-q4'];-1;-1;False;{'user_input': 'Can you list all the states in this automaton?', 'intent': 'fsa-practical', 'argument': 'state', 'dialogue_act': 'Ta:request', 'frame': {'states': '?'}};[1.0, 1.0, 1.0, 1.0]
BaseLine;7;From q2, where do I go if I read a 1?;the transition is not defined.;[];-1;-1;False;{'user_input': 'From q2, where do I go if I read a 1?', 'intent': 'fsa-practical', 'argument': 'transition', 'dialogue_act': 'Ta:request', 'frame': {'transitions': [['q2', '?', '1']]}};[1.0, 1.0, 1.0, 1.0]
BaseLine;8;Tell me the exact transition that leads back to q0.;The automaton has 5 transitions: q0 with value 1 goes to q1, q1 with value 1 goes to q2, q2 with value 0 goes to q3, q3 with value 0 goes to q4, q4 with value 0 goes to q0.;['simbolo-q0-q1', 'simbolo-q1-q2', 'simbolo-q2-q3', 'simbolo-q3-q4', 'simbolo-q4-q0'];-1;-1;False;{'user_input': 'Tell me the exact transition that leads back to q0.', 'intent': 'fsa-practical', 'argument': 'transition', 'dialogue_act': 'Ta:request', 'frame': {'transitions': []}};[0.2, 0.3, 0.5, 0.5]
BaseLine;9;Which state is drawn as the starting point here?;The automaton has 5 states: q0, q1, q2, q3 and q4.;['simbolo-q0', 'simbolo-q1', 'simbolo-q2', 'simbolo-q3', 'simbolo-q4'];-1;-1;False;{'user_input': 'Which state is drawn as the starting point here?', 'intent': 'fsa-practical', 'argument': 'state', 'dialogue_act': 'Ta:request', 'frame': {'state': '?'}};[0.0, 0.2, 0.2, 0.4]
BaseLine;10;Is q0 the only state that counts as final in this picture?;The final state is q0.;['simbolo-q0'];-1;-1;False;{'user_input': 'Is q0 the only state that counts as final in this picture?', 'intent': 'fsa-practical', 'argument': 'state', 'dialogue_act': 'Ta:request', 'frame': {'finalStates': 'q0'}};[0.9, 1.0, 1.0, 1.0]
BaseLine;11;How many different transitions are shown in this diagram?;The automaton has 5 transitions: q0 with value 1 goes to q1, q1 with value 1 goes to q2, q2 with value 0 goes to q3, q3 with value 0 goes to q4, q4 with value 0 goes to q0.;['simbolo-q0-q1', 'simbolo-q1-q2', 'simbolo-q2-q3', 'simbolo-q3-q4', 'simbolo-q4-q0'];-1;-1;False;{'user_input': 'How many different transitions are shown in this diagram?', 'intent': 'fsa-practical', 'argument': 'transition', 'dialogue_act': 'Ta:request', 'frame': {'numberOfTransitions': '?'}};[1.0, 1.0, 1.0, 1.0]
BaseLine;12;What output does this machine give for the input 11000?;Could you be more specific?;[];-1;-1;False;{'user_input': 'What output does this machine give for the input 11000?', 'intent': 'fsa-practical', 'argument': 'language', 'dialogue_act': 'Ta:request', 'frame': {'input': '11000'}};[0.0, 0.1, 0.0, 1.0]
BaseLine;13;Does this automaton accept any string that ends with 000?;Could you be more specific?;[];-1;-1;False;{'user_input': 'Does this automaton accept any string that ends with 000?', 'intent': 'fsa-practical', 'argument': 'language', 'dialogue_act': 'Ta:propositionalQuestion', 'frame': {'input': '000'}};[0.0, 0.1, 0.0, 0.9]
BaseLine;14;Is it possible to ever reach q4 starting from q1?;There is no transition between q1 and q4.;[];-1;-1;False;{'user_input': 'Is it possible to ever reach q4 starting from q1?', 'intent': 'fsa-practical', 'argument': 'transition', 'dialogue_act': 'Ta:request', 'frame': {'transitions': [['q1', 'q4', '?']]}};[0.2, 0.6, 0.2, 1.0]
BaseLine;15;What is the label on the arrow from q1 to q2?;The transition between q1 and q2 is with value 1.;['simbolo-q1-q2'];-1;-1;False;{'user_input': 'What is the label on the arrow from q1 to q2?', 'intent': 'fsa-practical', 'argument': 'transition', 'dialogue_act': 'Ta:request', 'frame': {'transitions': [['q1', 'q2', '?']]}};[1.0, 1.0, 1.0, 1.0]
BaseLine;16;Is the alphabet of this automaton just 0 and 1?;Could you be more specific?;[];-1;-1;False;{'user_input': 'Is the alphabet of this automaton just 0 and 1?', 'intent': 'fsa-practical', 'argument': 'alphabet', 'dialogue_act': 'Ta:request', 'frame': {'alphabet': '0'}};[0.0, 0.1, 0.0, 1.0]
BaseLine;17;Would you call this automaton deterministic or not?;MUTATION In total there are 5 states: q0, q1, q2, q3 and q4. q0 is both the initial and the final state.;[];-1;-1;True;{'user_input': 'Would you call this automaton deterministic or not?', 'intent': 'fsa-practical', 'argument': 'automaton', 'dialogue_act': 'Ta:request', 'frame': {}};[0.0, 0.2, 0.0, 1.0]
BaseLine;18;Does this diagram represent a machine for a regular language?;Could you be more specific?;[];-1;-1;False;{'user_input': 'Does this diagram represent a machine for a regular language?', 'intent': 'fsa-practical', 'argument': 'language', 'dialogue_act': 'Ta:request', 'frame': {'input': '?'}};[0.0, 0.1, 0.0, 1.0]
BaseLine;19;Which state has the largest number of arrows touching it?;The automaton has 5 states: q0, q1, q2, q3 and q4.;['simbolo-q0', 'simbolo-q1', 'simbolo-q2', 'simbolo-q3', 'simbolo-q4'];-1;-1;False;{'user_input': 'Which state has the largest number of arrows touching it?', 'intent': 'fsa-practical', 'argument': 'state', 'dialogue_act': 'Ta:request', 'frame': {'stateWithMostTransitions': '?'}};[0.0, 0.3, 0.0, 0.8]
BaseLine;20;Show me the full list of transitions for this automaton.;The automaton has 5 transitions: q0 with value 1 goes to q1, q1 with value 1 goes to q2, q2 with value 0 goes to q3, q3 with value 0 goes to q4, q4 with value 0 goes to q0.;['simbolo-q0-q1', 'simbolo-q1-q2', 'simbolo-q2-q3', 'simbolo-q3-q4', 'simbolo-q4-q0'];-1;-1;False;{'user_input': 'Show me the full list of transitions for this automaton.', 'intent': 'fsa-practical', 'argument': 'transition', 'dialogue_act': 'Ta:request', 'frame': {'transitions': []}};[1.0, 1.0, 1.0, 1.0]
BaseLine;21;Can I jump directly from q2 to q4 in this automaton?;There is no transition between q2 and q4.;[];-1;-1;False;{'user_input': 'Can I jump directly from q2 to q4 in this automaton?', 'intent': 'fsa-practical', 'argument': 'transition', 'dialogue_act': 'Ta:request', 'frame': {'transitions': [['q2', 'q4', '?']]}};[1.0, 1.0, 1.0, 0.9]
BaseLine;22;What label sits on the arrow that goes from q1 to q2?;The transition between q1 and q2 is with value 1.;['simbolo-q1-q2'];-1;-1;False;{'user_input': 'What label sits on the arrow that goes from q1 to q2?', 'intent': 'fsa-practical', 'argument': 'transition', 'dialogue_act': 'Ta:request', 'frame': {'transitions': [['q1', 'q2', '?']]}};[1.0, 1.0, 1.0, 1.0]
BaseLine;23;Which of these five states is drawn as the starting point?;The initial state is q0.;['simbolo-q0'];-1;-1;False;{'user_input': 'Which of these five states is drawn as the starting point?', 'intent': 'fsa-practical', 'argument': 'state', 'dialogue_act': 'Ta:request', 'frame': {'initialState': '?'}};[1.0, 1.0, 1.0, 1.0]
BaseLine;24;Is q0 the only state that counts as accepting here?;The automaton has 5 states: q0, q1, q2, q3 and q4.;['simbolo-q0', 'simbolo-q1', 'simbolo-q2', 'simbolo-q3', 'simbolo-q4'];-1;-1;False;{'user_input': 'Is q0 the only state that counts as accepting here?', 'intent': 'fsa-practical', 'argument': 'state', 'dialogue_act': 'Ta:propositionalQuestion', 'frame': {'state': 'q0'}};[0.0, 0.2, 0.0, 0.3]
BaseLine;25;Tell me how many arrows total appear between all the states.;The automaton has 5 transitions: q0 with value 1 goes to q1, q1 with value 1 goes to q2, q2 with value 0 goes to q3, q3 with value 0 goes to q4, q4 with value 0 goes to q0.;['simbolo-q0-q1', 'simbolo-q1-q2', 'simbolo-q2-q3', 'simbolo-q3-q4', 'simbolo-q4-q0'];-1;-1;False;{'user_input': 'Tell me how many arrows total appear between all the states.', 'intent': 'fsa-practical', 'argument': 'transition', 'dialogue_act': 'Ta:request', 'frame': {'numberOfTransitions': '?'}};[1.0, 1.0, 1.0, 1.0]
BaseLine;26;What kind of automaton is this supposed to be, deterministic or not?;MUTATION In total there are 5 states: q0, q1, q2, q3 and q4. q0 is both the initial and the final state.;[];-1;-1;True;{'user_input': 'What kind of automaton is this supposed to be, deterministic or not?', 'intent': 'fsa-practical', 'argument': 'automaton', 'dialogue_act': 'Ta:request', 'frame': {}};[0.0, 0.2, 0.0, 1.0]
