METRIC;ITERATION;QUESTION;ANSWER;VISUAL_ANSWER;JUDGE_VALUE;FAILS;MUTED;NLU_OUTPUT
Accuracy;1;Is it possible to go from q2 directly to q4 in this automaton?;the transition is not defined.;[];1.0;0;False;{'user_input': 'Is it possible to go from q2 directly to q4 in this automaton?', 'intent': 'fsa-practical', 'argument': 'transition', 'dialogue_act': 'Ta:propositionalQuestion', 'frame': {'transitions': [['q2', 'q4', '?']]}}
Accuracy;1;in this automaton, how many transitions are there if it has only 2 states?;The automaton has 5 transitions: q0 with value 1 goes to q1, q1 with value 1 goes to q2, q2 with value 0 goes to q3, q3 with value 0 goes to q4, q4 with value 0 goes to q0.;['simbolo-q0-q1', 'simbolo-q1-q2', 'simbolo-q2-q3', 'simbolo-q3-q4', 'simbolo-q4-q0'];0.0;1;False;{'user_input': 'in this automaton, how many transitions are there if it has only 2 states?', 'intent': 'fsa-practical', 'argument': 'transition', 'dialogue_act': 'Ta:request', 'frame': {'numberOfTransitions': '?'}}
Accuracy;1;how many transitions does this have in this automaton?;There is no transition between q0 and q0.;[];0.0;2;False;{'user_input': 'how many transitions does this have in this automaton?', 'intent': 'fsa-practical', 'argument': 'transition', 'dialogue_act': 'Ta:request', 'frame': {'states': ['q0']}, '_raw_frame': {'numberOfTransitions': '?'}}
Accuracy;1;what is the alphabet of the automaton that only has this?;Could you be more specific?;[];0.1;3;False;{'user_input': 'what is the alphabet of the automaton that only has this?', 'intent': 'fsa-practical', 'argument': 'alphabet', 'dialogue_act': 'Ta:request', 'frame': {'states': ['q0']}, '_raw_frame': {'alphabet': '?'}}
Accuracy;1;can you tell me which pattern is associated with this in this automaton?;Could you be more specific?;[];0.1;4;False;{'user_input': 'can you tell me which pattern is associated with this in this automaton?', 'intent': 'fsa-practical', 'argument': 'pattern', 'dialogue_act': 'Ta:request', 'frame': {'states': ['q0']}, '_raw_frame': {'patternType': '?'}}
Accuracy;1;which transitions leave from this in this automaton?;There is no transition between q0 and q0.;[];0.0;5;False;{'user_input': 'which transitions leave from this in this automaton?', 'intent': 'fsa-practical', 'argument': 'transition', 'dialogue_act': 'Ta:request', 'frame': {'states': ['q0']}, '_raw_frame': {'transitions': []}}
Accuracy;1;What is the alphabet of the automaton that only has the state q0?;Could you be more specific?;[];0.0;6;False;{'user_input': 'What is the alphabet of the automaton that only has the state q0?', 'intent': 'fsa-practical', 'argument': 'alphabet', 'dialogue_act': 'Ta:request', 'frame': {'alphabet': 'q0'}}
Accuracy;1;the alphabet of this automaton is q0.;Could you be more specific?;[];0.1;7;False;{'user_input': 'the alphabet of this automaton is q0.', 'intent': 'fsa-practical', 'argument': 'alphabet', 'dialogue_act': 'Ta:request', 'frame': {'alphabet': 'q0'}}
Accuracy;1;what is the alphabet of this automaton, and are there any states without transitions?;Could you be more specific?;[];0.0;8;False;{'user_input': 'what is the alphabet of this automaton, and are there any states without transitions?', 'intent': 'fsa-practical', 'argument': 'alphabet', 'dialogue_act': 'Ta:request', 'frame': {'alphabet': '?', 'statesWithoutTransitions': '?'}}
Accuracy;1;What is the alphabet of this automaton and are there any states without outgoing transitions?;Could you be more specific?;[];0.0;9;False;{'user_input': 'What is the alphabet of this automaton and are there any states without outgoing transitions?', 'intent': 'fsa-practical', 'argument': 'alphabet', 'dialogue_act': 'Ta:request', 'frame': {'alphabet': '?', 'statesWithoutTransitions': '?'}}
Accuracy;1;what is the alphabet of this automaton, is it [“2”, “4”]?;Could you be more specific?;[];0.1;10;False;{'user_input': 'what is the alphabet of this automaton, is it [“2”, “4”]?', 'intent': 'fsa-practical', 'argument': 'alphabet', 'dialogue_act': 'Ta:request', 'frame': {'alphabet': '2'}}
Accuracy;1;What is the pattern recognized by this automaton, and what is its alphabet and which states have no transitions?;Could you be more specific?;[];0.0;11;False;{'user_input': 'What is the pattern recognized by this automaton, and what is its alphabet and which states have no transitions?', 'intent': 'fsa-practical', 'argument': 'pattern', 'dialogue_act': 'Ta:request', 'frame': {'patternType': '?', 'alphabet': '?', 'statesWithoutTransitions': '?'}}
Accuracy;1;Can you tell me what type of pattern this automaton’s transitions follow, what its alphabet is, and whether there are any states without outgoing transitions?;Could you be more specific?;[];0.0;12;False;{'user_input': 'Can you tell me what type of pattern this automaton’s transitions follow, what its alphabet is, and whether there are any states without outgoing transitions?', 'intent': 'fsa-practical', 'argument': 'pattern', 'dialogue_act': 'Ta:request', 'frame': {'alphabet': '?', 'transitions': [], 'noOutgoingStates': '?'}}
Accuracy;1;Which input pattern over the alphabet ? leads the automaton, following the listed transitions, to end in a state with no outgoing transitions?;Could you be more specific?;[];0.0;13;False;{'user_input': 'Which input pattern over the alphabet ? leads the automaton, following the listed transitions, to end in a state with no outgoing transitions?', 'intent': 'fsa-practical', 'argument': 'pattern', 'dialogue_act': 'Ta:request', 'frame': {'alphabet': '?'}}
Accuracy;1;how many transitions does this finite state automaton have?;The automaton has 5 transitions: q0 with value 1 goes to q1, q1 with value 1 goes to q2, q2 with value 0 goes to q3, q3 with value 0 goes to q4, q4 with value 0 goes to q0.;['simbolo-q0-q1', 'simbolo-q1-q2', 'simbolo-q2-q3', 'simbolo-q3-q4', 'simbolo-q4-q0'];1.0;13;False;{'user_input': 'how many transitions does this finite state automaton have?', 'intent': 'fsa-practical', 'argument': 'transition', 'dialogue_act': 'Ta:request', 'frame': {'numberOfTransitions': '?'}}
Accuracy;2;What is the value of the transition from q1 to q2 in the diagram?;the transition is not defined.;[];0.0;1;False;{'user_input': 'What is the value of the transition from q1 to q2 in the diagram?', 'intent': 'fsa-practical', 'argument': 'transition', 'dialogue_act': 'Ta:request', 'frame': {'transitions': [['q1', 'q2', '?']]}}
Accuracy;2;For this automaton, if I input the string 11000, is the output accepted?;Could you be more specific?;[];0.0;2;False;{'user_input': 'For this automaton, if I input the string 11000, is the output accepted?', 'intent': 'fsa-practical', 'argument': 'language', 'dialogue_act': 'Ta:propositionalQuestion', 'frame': {'input': '11000'}}
Accuracy;2;Given the automaton shown, what is the output when the input string is 11000?;Could you be more specific?;[];0.0;3;False;{'user_input': 'Given the automaton shown, what is the output when the input string is 11000?', 'intent': 'fsa-practical', 'argument': 'language', 'dialogue_act': 'Ta:request', 'frame': {'input': '11000'}}
Accuracy;2;What is the language accepted by this automaton for the input 11000?;Could you be more specific?;[];0.0;4;False;{'user_input': 'What is the language accepted by this automaton for the input 11000?', 'intent': 'fsa-practical', 'argument': 'language', 'dialogue_act': 'Ta:request', 'frame': {'input': '11000'}}
Accuracy;2;How many transitions are there in the language recognized by this automaton?;The automaton has 5 transitions: q0 with value 1 goes to q1, q1 with value 1 goes to q2, q2 with value 0 goes to q3, q3 with value 0 goes to q4, q4 with value 0 goes to q0.;['simbolo-q0-q1', 'simbolo-q1-q2', 'simbolo-q2-q3', 'simbolo-q3-q4', 'simbolo-q4-q0'];0.2;5;False;{'user_input': 'How many transitions are there in the language recognized by this automaton?', 'intent': 'fsa-practical', 'argument': 'transition', 'dialogue_act': 'Ta:request', 'frame': {'numberOfTransitions': '?'}}
Accuracy;2;What is the language recognized by this finite state automaton, given its current graphical representation?;Could you be more specific?;[];0.0;6;False;{'user_input': 'What is the language recognized by this finite state automaton, given its current graphical representation?', 'intent': 'fsa-practical', 'argument': 'language', 'dialogue_act': 'Ta:request', 'frame': {'graphicRepresentation': '?'}}
Accuracy;2;What is the language accepted by this automaton when starting from state q2?;Could you be more specific?;[];0.0;7;False;{'user_input': 'What is the language accepted by this automaton when starting from state q2?', 'intent': 'fsa-practical', 'argument': 'language', 'dialogue_act': 'Ta:request', 'frame': {'input': '?'}}
Accuracy;2;For which input strings does this automaton accept the language?;Could you be more specific?;[];0.0;8;False;{'user_input': 'For which input strings does this automaton accept the language?', 'intent': 'fsa-practical', 'argument': 'language', 'dialogue_act': 'Ta:request', 'frame': {'input': '?'}}
Accuracy;2;what is the input of this automaton?;Could you be more specific?;[];0.0;9;False;{'user_input': 'what is the input of this automaton?', 'intent': 'fsa-practical', 'argument': 'language', 'dialogue_act': 'Ta:request', 'frame': {'input': '?'}}
Accuracy;2;what is the language recognized by the automaton for the sequence of transitions [“q1”, “q2”, “?”]?;Could you be more specific?;[];0.1;10;False;{'user_input': 'what is the language recognized by the automaton for the sequence of transitions [“q1”, “q2”, “?”]?', 'intent': 'fsa-practical', 'argument': 'language', 'dialogue_act': 'Ta:request', 'frame': {'input': '?'}}
Accuracy;2;What state does the automaton end in after processing the input string?;The state q0 exists.;['simbolo-q0'];0.1;11;False;{'user_input': 'What state does the automaton end in after processing the input string?', 'intent': 'fsa-practical', 'argument': 'state', 'dialogue_act': 'Ta:request', 'frame': {'states': '?'}}
Accuracy;2;what is the language accepted by this finite state automaton for an unspecified input string?;Could you be more specific?;[];0.1;12;False;{'user_input': 'what is the language accepted by this finite state automaton for an unspecified input string?', 'intent': 'fsa-practical', 'argument': 'language', 'dialogue_act': 'Ta:request', 'frame': {'input': '?'}}
Accuracy;2;given the automaton shown, can you tell me what the output is (accepted or rejected) for the input string “11000”?;Could you be more specific?;[];0.0;13;False;{'user_input': 'given the automaton shown, can you tell me what the output is (accepted or rejected) for the input string “11000”?', 'intent': 'fsa-practical', 'argument': 'language', 'dialogue_act': 'Ta:propositionalQuestion', 'frame': {'input': '11000'}}
Accuracy;2;given the input string 11000, which state does the automaton end in?;The automaton has 5 states: q0, q1, q2, q3 and q4.;['simbolo-q0', 'simbolo-q1', 'simbolo-q2', 'simbolo-q3', 'simbolo-q4'];0.1;14;False;{'user_input': 'given the input string 11000, which state does the automaton end in?', 'intent': 'fsa-practical', 'argument': 'state', 'dialogue_act': 'Ta:request', 'frame': {'input': '11000'}}
Accuracy;2;what language is recognized by this automaton for the input string 11000?;Could you be more specific?;[];0.0;15;False;{'user_input': 'what language is recognized by this automaton for the input string 11000?', 'intent': 'fsa-practical', 'argument': 'language', 'dialogue_act': 'Ta:request', 'frame': {'input': '11000'}}
Accuracy;3;What is the alphabet of this automaton?;Could you be more specific?;[];0.0;1;False;{'user_input': 'What is the alphabet of this automaton?', 'intent': 'fsa-practical', 'argument': 'alphabet', 'dialogue_act': 'Ta:request', 'frame': {'alphabet': '?'}}
Accuracy;3;What is the pattern recognized by this automaton and what is its alphabet?;Could you be more specific?;[];0.0;2;False;{'user_input': 'What is the pattern recognized by this automaton and what is its alphabet?', 'intent': 'fsa-practical', 'argument': 'pattern', 'dialogue_act': 'Ta:request', 'frame': {'patternType': '?', 'alphabet': '?'}}
Accuracy;3;what are the final states of this automaton?;The final state is q0.;['simbolo-q0'];1.0;2;False;{'user_input': 'what are the final states of this automaton?', 'intent': 'fsa-practical', 'argument': 'state', 'dialogue_act': 'Ta:request', 'frame': {'finalStates': '?'}}
Accuracy;3;What pattern type does this finite state automaton recognize, and over which alphabet?;Could you be more specific?;[];0.0;3;False;{'user_input': 'What pattern type does this finite state automaton recognize, and over which alphabet?', 'intent': 'fsa-practical', 'argument': 'pattern', 'dialogue_act': 'Ta:request', 'frame': {'patternType': '?', 'alphabet': '?'}}
Accuracy;3;What pattern type and alphabet does this finite state automaton recognize?;Could you be more specific?;[];0.0;4;False;{'user_input': 'What pattern type and alphabet does this finite state automaton recognize?', 'intent': 'fsa-practical', 'argument': 'pattern', 'dialogue_act': 'Ta:request', 'frame': {'patternType': '?', 'alphabet': '?'}}
Accuracy;3;What pattern type and alphabet does this finite state automaton accept?;Could you be more specific?;[];0.0;5;False;{'user_input': 'What pattern type and alphabet does this finite state automaton accept?', 'intent': 'fsa-practical', 'argument': 'pattern', 'dialogue_act': 'Ta:request', 'frame': {'patternType': '?', 'alphabet': '?'}}
Accuracy;3;What is the pattern type of this automaton and what is its alphabet?;Could you be more specific?;[];0.0;6;False;{'user_input': 'What is the pattern type of this automaton and what is its alphabet?', 'intent': 'fsa-practical', 'argument': 'pattern', 'dialogue_act': 'Ta:request', 'frame': {'alphabet': '?', 'patternType': '?'}}
Accuracy;3;What is the pattern type of this finite state automaton and what is its alphabet?;Could you be more specific?;[];0.0;7;False;{'user_input': 'What is the pattern type of this finite state automaton and what is its alphabet?', 'intent': 'fsa-practical', 'argument': 'pattern', 'dialogue_act': 'Ta:request', 'frame': {'patternType': '?', 'alphabet': '?'}}
Accuracy;3;this automaton doesn’t match the pattern i expected: what type of pattern does it follow and what is its alphabet?;Could you be more specific?;[];0.1;8;False;{'user_input': 'this automaton doesn’t match the pattern i expected: what type of pattern does it follow and what is its alphabet?', 'intent': 'fsa-practical', 'argument': 'language', 'dialogue_act': 'Ta:request', 'frame': {'alphabet': '?', 'type': 'Pattern'}}
Accuracy;3;what is this with input symbol 0?;MUTATION The transition between q1 and q2 is with value 1.;['simbolo-q1-q2'];0.0;9;True;{'user_input': 'what is this with input symbol 0?', 'intent': 'fsa-practical', 'argument': 'state', 'dialogue_act': 'Ta:request', 'frame': {'transitions': [['q1', 'q2', '?']]}, '_raw_frame': {'input': '0'}}
Accuracy;3;how many final states does this automaton have?;The automaton has 5 states: q0, q1, q2, q3 and q4.;['simbolo-q0', 'simbolo-q1', 'simbolo-q2', 'simbolo-q3', 'simbolo-q4'];0.0;10;False;{'user_input': 'how many final states does this automaton have?', 'intent': 'fsa-practical', 'argument': 'state', 'dialogue_act': 'Ta:request', 'frame': {'numberOfFinalStates': '?'}}
Accuracy;3;How many final states does this automaton have?;The automaton has 5 states: q0, q1, q2, q3 and q4.;['simbolo-q0', 'simbolo-q1', 'simbolo-q2', 'simbolo-q3', 'simbolo-q4'];0.0;11;False;{'user_input': 'How many final states does this automaton have?', 'intent': 'fsa-practical', 'argument': 'state', 'dialogue_act': 'Ta:request', 'frame': {'numberOfFinalStates': '?'}}
Accuracy;3;how many final states does this automaton have?;The automaton has 5 states: q0, q1, q2, q3 and q4.;['simbolo-q0', 'simbolo-q1', 'simbolo-q2', 'simbolo-q3', 'simbolo-q4'];0.0;12;False;{'user_input': 'how many final states does this automaton have?', 'intent': 'fsa-practical', 'argument': 'state', 'dialogue_act': 'Ta:request', 'frame': {'numberOfFinalStates': '?'}}
Accuracy;3;Hi, looking at this automaton on the tablet, could you tell me how many final states it has?;The automaton has 5 states: q0, q1, q2, q3 and q4.;['simbolo-q0', 'simbolo-q1', 'simbolo-q2', 'simbolo-q3', 'simbolo-q4'];0.0;13;False;{'user_input': 'Hi, looking at this automaton on the tablet, could you tell me how many final states it has?', 'intent': 'fsa-practical', 'argument': 'state', 'dialogue_act': 'Ta:request', 'frame': {'numberOfFinalStates': '?'}}
Accuracy;3;How many final states does this automaton have?;The automaton has 5 states: q0, q1, q2, q3 and q4.;['simbolo-q0', 'simbolo-q1', 'simbolo-q2', 'simbolo-q3', 'simbolo-q4'];0.0;14;False;{'user_input': 'How many final states does this automaton have?', 'intent': 'fsa-practical', 'argument': 'state', 'dialogue_act': 'Ta:request', 'frame': {'numberOfFinalStates': '?'}}
Accuracy;4;Does this automaton accept the input string 11000?;Could you be more specific?;[];0.0;1;False;{'user_input': 'Does this automaton accept the input string 11000?', 'intent': 'fsa-practical', 'argument': 'language', 'dialogue_act': 'Ta:propositionalQuestion', 'frame': {'input': '11000'}}
Accuracy;4;can you check the language recognized by this automaton for the input 11000?;Could you be more specific?;[];0.0;2;False;{'user_input': 'can you check the language recognized by this automaton for the input 11000?', 'intent': 'fsa-practical', 'argument': 'language', 'dialogue_act': 'Ta:request', 'frame': {'input': '11000'}}
Accuracy;4;Could you tell me whether the language recognized by this automaton is non-regular?;Could you be more specific?;[];0.0;3;False;{'user_input': 'Could you tell me whether the language recognized by this automaton is non-regular?', 'intent': 'fsa-practical', 'argument': 'language', 'dialogue_act': 'Ta:request', 'frame': {'input': '?'}}
Accuracy;4;What is the language recognized by this automaton for the input string?;Could you be more specific?;[];0.1;4;False;{'user_input': 'What is the language recognized by this automaton for the input string?', 'intent': 'fsa-practical', 'argument': 'language', 'dialogue_act': 'Ta:request', 'frame': {'input': '?'}}
Accuracy;4;What is the language accepted by this automaton for the input string?;Could you be more specific?;[];0.1;5;False;{'user_input': 'What is the language accepted by this automaton for the input string?', 'intent': 'fsa-practical', 'argument': 'language', 'dialogue_act': 'Ta:propositionalQuestion', 'frame': {'language': '?'}}
Accuracy;4;What is the language accepted by this finite state automaton for an unspecified input?;Could you be more specific?;[];0.1;6;False;{'user_input': 'What is the language accepted by this finite state automaton for an unspecified input?', 'intent': 'fsa-practical', 'argument': 'language', 'dialogue_act': 'Ta:request', 'frame': {'input': '?'}}
Accuracy;4;what is the language accepted by this automaton for the input string?;Could you be more specific?;[];0.1;7;False;{'user_input': 'what is the language accepted by this automaton for the input string?', 'intent': 'fsa-practical', 'argument': 'language', 'dialogue_act': 'Ta:request', 'frame': {'input': '?'}}
Accuracy;4;In this automaton’s language, how many final states are there?;The automaton has 5 states: q0, q1, q2, q3 and q4.;['simbolo-q0', 'simbolo-q1', 'simbolo-q2', 'simbolo-q3', 'simbolo-q4'];0.0;8;False;{'user_input': 'In this automaton’s language, how many final states are there?', 'intent': 'fsa-practical', 'argument': 'state', 'dialogue_act': 'Ta:request', 'frame': {'numberOfFinalStates': '?'}}
Accuracy;4;How many final states does this automaton have?;The automaton has 5 states: q0, q1, q2, q3 and q4.;['simbolo-q0', 'simbolo-q1', 'simbolo-q2', 'simbolo-q3', 'simbolo-q4'];0.0;9;False;{'user_input': 'How many final states does this automaton have?', 'intent': 'fsa-practical', 'argument': 'state', 'dialogue_act': 'Ta:request', 'frame': {'numberOfFinalStates': '?'}}
Accuracy;4;"The automaton I’m looking at has 5 final states; can you tell me which states are final?";The final state is q0.;['simbolo-q0'];0.2;10;False;"{'user_input': 'The automaton I’m looking at has 5 final states; can you tell me which states are final?', 'intent': 'fsa-practical', 'argument': 'state', 'dialogue_act': 'Ta:request', 'frame': {'finalStates': '?'}}"
Accuracy;4;How many final states does this automaton have?;The automaton has 5 states: q0, q1, q2, q3 and q4.;['simbolo-q0', 'simbolo-q1', 'simbolo-q2', 'simbolo-q3', 'simbolo-q4'];0.0;11;False;{'user_input': 'How many final states does this automaton have?', 'intent': 'fsa-practical', 'argument': 'state', 'dialogue_act': 'Ta:request', 'frame': {'numberOfFinalStates': '?'}}
Accuracy;4;how many final states does this automaton have?;The automaton has 5 states: q0, q1, q2, q3 and q4.;['simbolo-q0', 'simbolo-q1', 'simbolo-q2', 'simbolo-q3', 'simbolo-q4'];0.0;12;False;{'user_input': 'how many final states does this automaton have?', 'intent': 'fsa-practical', 'argument': 'state', 'dialogue_act': 'Ta:request', 'frame': {'numberOfFinalStates': '?'}}
Accuracy;4;How many final states does this automaton have?;The automaton has 5 states: q0, q1, q2, q3 and q4.;['simbolo-q0', 'simbolo-q1', 'simbolo-q2', 'simbolo-q3', 'simbolo-q4'];0.0;13;False;{'user_input': 'How many final states does this automaton have?', 'intent': 'fsa-practical', 'argument': 'state', 'dialogue_act': 'Ta:request', 'frame': {'numberOfFinalStates': '?'}}
Accuracy;4;how many final states does this automaton have?;The automaton has 5 states: q0, q1, q2, q3 and q4.;['simbolo-q0', 'simbolo-q1', 'simbolo-q2', 'simbolo-q3', 'simbolo-q4'];0.0;14;False;{'user_input': 'how many final states does this automaton have?', 'intent': 'fsa-practical', 'argument': 'state', 'dialogue_act': 'Ta:request', 'frame': {'numberOfFinalStates': '?'}}
Accuracy;4;how many final states does this automaton have?;The automaton has 5 states: q0, q1, q2, q3 and q4.;['simbolo-q0', 'simbolo-q1', 'simbolo-q2', 'simbolo-q3', 'simbolo-q4'];0.0;15;False;{'user_input': 'how many final states does this automaton have?', 'intent': 'fsa-practical', 'argument': 'state', 'dialogue_act': 'Ta:request', 'frame': {'numberOfFinalStates': '?'}}
Accuracy;5;What type of language does this finite state automaton recognize?;Could you be more specific?;[];0.0;1;False;{'user_input': 'What type of language does this finite state automaton recognize?', 'intent': 'fsa-practical', 'argument': 'language', 'dialogue_act': 'Ta:request', 'frame': {'input': 'type'}}
Accuracy;5;what is the input alphabet of this automaton?;Could you be more specific?;[];0.0;2;False;{'user_input': 'what is the input alphabet of this automaton?', 'intent': 'fsa-practical', 'argument': 'alphabet', 'dialogue_act': 'Ta:request', 'frame': {'alphabet': '?'}}
Accuracy;5;What is the graphic representation of this automaton?;The automaton accepts zero or more words formed by a sequence of the type 11000. In total there are 5 states: q0, q1, q2, q3 and q4. q0 is both the initial and the final state. The transitions are: q0 with value 1 goes to q1, q1 with value 1 goes to q2, q2 with value 0 goes to q3, q3 with value 0 goes to q4, q4 with value 0 goes to q0.;[];0.4;2;False;{'user_input': 'What is the graphic representation of this automaton?', 'intent': 'fsa-practical', 'argument': 'automaton', 'dialogue_act': 'Ta:request', 'frame': {}}
Accuracy;5;what is the alphabet of this regular automaton?;Could you be more specific?;[];0.0;3;False;{'user_input': 'what is the alphabet of this regular automaton?', 'intent': 'fsa-practical', 'argument': 'alphabet', 'dialogue_act': 'Ta:request', 'frame': {'alphabet': '?'}}
Accuracy;5;The alphabet of this automaton is {0, 1}.;Could you be more specific?;[];0.0;4;False;{'user_input': 'The alphabet of this automaton is {0, 1}.', 'intent': 'fsa-practical', 'argument': 'alphabet', 'dialogue_act': 'Ta:request', 'frame': {'alphabet': '0'}}
Accuracy;5;the alphabet of this automaton is {0}.;Could you be more specific?;[];0.0;5;False;{'user_input': 'the alphabet of this automaton is {0}.', 'intent': 'fsa-practical', 'argument': 'alphabet', 'dialogue_act': 'Ta:request', 'frame': {'alphabet': '0'}}
Accuracy;5;what is the alphabet of this automaton if we only consider the symbol 0?;Could you be more specific?;[];0.0;6;False;{'user_input': 'what is the alphabet of this automaton if we only consider the symbol 0?', 'intent': 'fsa-practical', 'argument': 'alphabet', 'dialogue_act': 'Ta:request', 'frame': {'alphabet': '0'}}
Accuracy;5;what is the alphabet of this automaton?;Could you be more specific?;[];0.0;7;False;{'user_input': 'what is the alphabet of this automaton?', 'intent': 'fsa-practical', 'argument': 'alphabet', 'dialogue_act': 'Ta:request', 'frame': {'alphabet': '?'}}
Accuracy;5;What is the alphabet of this automaton?;Could you be more specific?;[];0.0;8;False;{'user_input': 'What is the alphabet of this automaton?', 'intent': 'fsa-practical', 'argument': 'alphabet', 'dialogue_act': 'Ta:request', 'frame': {'alphabet': '?'}}
Accuracy;5;what is the alphabet of this automaton?;Could you be more specific?;[];0.0;9;False;{'user_input': 'what is the alphabet of this automaton?', 'intent': 'fsa-practical', 'argument': 'alphabet', 'dialogue_act': 'Ta:request', 'frame': {'alphabet': '?'}}
Accuracy;5;what is the alphabet of this finite state automaton?;Could you be more specific?;[];0.0;10;False;{'user_input': 'what is the alphabet of this finite state automaton?', 'intent': 'fsa-practical', 'argument': 'alphabet', 'dialogue_act': 'Ta:request', 'frame': {'alphabet': '?'}}
Accuracy;5;What are the final states of this automaton?;The final state is q0.;['simbolo-q0'];1.0;10;False;{'user_input': 'What are the final states of this automaton?', 'intent': 'fsa-practical', 'argument': 'state', 'dialogue_act': 'Ta:request', 'frame': {'finalStates': '?'}}
Accuracy;5;Sorry, the alphabet of this automaton is wrong: can you tell me what the alphabet is?;Could you be more specific?;[];0.0;11;False;{'user_input': 'Sorry, the alphabet of this automaton is wrong: can you tell me what the alphabet is?', 'intent': 'fsa-practical', 'argument': 'alphabet', 'dialogue_act': 'Ta:propositionalQuestion', 'frame': {'alphabet': '?'}}
Accuracy;5;Which state of this automaton has the highest number of transitions?;The automaton has 5 states: q0, q1, q2, q3 and q4.;['simbolo-q0', 'simbolo-q1', 'simbolo-q2', 'simbolo-q3', 'simbolo-q4'];0.0;12;False;{'user_input': 'Which state of this automaton has the highest number of transitions?', 'intent': 'fsa-practical', 'argument': 'state', 'dialogue_act': 'Ta:request', 'frame': {'stateWithMostTransitions': '?'}}
Accuracy;5;Which state of this automaton has the highest number of transitions?;The automaton has 5 states: q0, q1, q2, q3 and q4.;['simbolo-q0', 'simbolo-q1', 'simbolo-q2', 'simbolo-q3', 'simbolo-q4'];0.0;13;False;{'user_input': 'Which state of this automaton has the highest number of transitions?', 'intent': 'fsa-practical', 'argument': 'state', 'dialogue_act': 'Ta:request', 'frame': {'stateWithMostTransitions': '?'}}
Relevancy;1;Is there any transition leaving state q2 on input 1?;the transition is not defined.;[];1.0;0;False;{'user_input': 'Is there any transition leaving state q2 on input 1?', 'intent': 'fsa-practical', 'argument': 'transition', 'dialogue_act': 'Ta:request', 'frame': {'transitions': [['q2', '?', '1']]}}
Relevancy;1;the transition from this with input 1 goes to which state?;There is no transition between q2 and q0.;[];0.2;1;False;{'user_input': 'the transition from this with input 1 goes to which state?', 'intent': 'fsa-practical', 'argument': 'transition', 'dialogue_act': 'Ta:request', 'frame': {'states': ['q2'], 'transitions': [['?', '?', '1']]}, '_raw_frame': {'transitions': [['?', '?', '1']]}}
Relevancy;1;what is the transition that starts from this on input symbol 1?;There is no transition between q2 and q0.;[];0.1;2;False;{'user_input': 'what is the transition that starts from this on input symbol 1?', 'intent': 'fsa-practical', 'argument': 'transition', 'dialogue_act': 'Ta:request', 'frame': {'states': ['q2']}, '_raw_frame': {}}
Relevancy;1;What are the outgoing transitions from state q2 in this automaton?;the transition is not defined.;[];0.2;3;False;{'user_input': 'What are the outgoing transitions from state q2 in this automaton?', 'intent': 'fsa-practical', 'argument': 'transition', 'dialogue_act': 'Ta:request', 'frame': {'transitions': [['q2', '?', '?']]}}
Relevancy;1;What are the transitions that start from state q2?;the transition is not defined.;[];0.2;4;False;{'user_input': 'What are the transitions that start from state q2?', 'intent': 'fsa-practical', 'argument': 'transition', 'dialogue_act': 'Ta:request', 'frame': {'transitions': [['q2', '?', '?']]}}
Relevancy;1;What are the transitions that start from state q2?;The automaton has 5 transitions: q0 with value 1 goes to q1, q1 with value 1 goes to q2, q2 with value 0 goes to q3, q3 with value 0 goes to q4, q4 with value 0 goes to q0.;['simbolo-q0-q1', 'simbolo-q1-q2', 'simbolo-q2-q3', 'simbolo-q3-q4', 'simbolo-q4-q0'];0.5;4;False;{'user_input': 'What are the transitions that start from state q2?', 'intent': 'fsa-practical', 'argument': 'transition', 'dialogue_act': 'Ta:request', 'frame': {'transitions': []}}
Relevancy;1;what is the alphabet of the automaton in this?;Could you be more specific?;[];0.1;5;False;{'user_input': 'what is the alphabet of the automaton in this?', 'intent': 'fsa-practical', 'argument': 'alphabet', 'dialogue_act': 'Ta:request', 'frame': {'states': ['q2']}, '_raw_frame': {'alphabet': '?'}}
Relevancy;1;can you tell me what information we have about this in this automaton?;The automaton accepts zero or more words formed by a sequence of the type 11000. In total there are 5 states: q0, q1, q2, q3 and q4. q0 is both the initial and the final state. The transitions are: q0 with value 1 goes to q1, q1 with value 1 goes to q2, q2 with value 0 goes to q3, q3 with value 0 goes to q4, q4 with value 0 goes to q0.;[];0.95;5;False;{'user_input': 'can you tell me what information we have about this in this automaton?', 'intent': 'fsa-practical', 'argument': 'automaton', 'dialogue_act': 'Ta:request', 'frame': {'states': ['q2']}, '_raw_frame': {'input': '?'}}
Relevancy;1;Before I go, could you remind me which states are included in the automaton’s alphabet, for example is q2 part of it?;Could you be more specific?;[];0.1;6;False;{'user_input': 'Before I go, could you remind me which states are included in the automaton’s alphabet, for example is q2 part of it?', 'intent': 'fsa-practical', 'argument': 'alphabet', 'dialogue_act': 'Ta:propositionalQuestion', 'frame': {'alphabet': '?'}}
Relevancy;1;What is the alphabet of this automaton?;Could you be more specific?;[];0.1;7;False;{'user_input': 'What is the alphabet of this automaton?', 'intent': 'fsa-practical', 'argument': 'alphabet', 'dialogue_act': 'Ta:propositionalQuestion', 'frame': {'alphabet': '?'}}
Relevancy;1;what is the alphabet of this automaton?;Could you be more specific?;[];0.1;8;False;{'user_input': 'what is the alphabet of this automaton?', 'intent': 'fsa-practical', 'argument': 'alphabet', 'dialogue_act': 'Ta:request', 'frame': {'alphabet': '?'}}
Relevancy;1;I meant to say that the alphabet of this automaton is still unclear to me: could you tell me what the alphabet is?;Could you be more specific?;[];0.1;9;False;{'user_input': 'I meant to say that the alphabet of this automaton is still unclear to me: could you tell me what the alphabet is?', 'intent': 'fsa-practical', 'argument': 'alphabet', 'dialogue_act': 'Ta:propositionalQuestion', 'frame': {'alphabet': '?'}}
Relevancy;1;What is the alphabet of this automaton?;Could you be more specific?;[];0.1;10;False;{'user_input': 'What is the alphabet of this automaton?', 'intent': 'fsa-practical', 'argument': 'alphabet', 'dialogue_act': 'Ta:request', 'frame': {'alphabet': '?'}}
Relevancy;1;What is the alphabet of this automaton?;Could you be more specific?;[];0.1;11;False;{'user_input': 'What is the alphabet of this automaton?', 'intent': 'fsa-practical', 'argument': 'alphabet', 'dialogue_act': 'Ta:request', 'frame': {'alphabet': '?'}}
Relevancy;1;What is the alphabet of this automaton?;Could you be more specific?;[];0.1;12;False;{'user_input': 'What is the alphabet of this automaton?', 'intent': 'fsa-practical', 'argument': 'alphabet', 'dialogue_act': 'Ta:request', 'frame': {'alphabet': '?'}}
Relevancy;2;What is the alphabet of this automaton?;Could you be more specific?;[];0.1;1;False;{'user_input': 'What is the alphabet of this automaton?', 'intent': 'fsa-practical', 'argument': 'alphabet', 'dialogue_act': 'Ta:request', 'frame': {'alphabet': '?'}}
Relevancy;2;What is the alphabet of the automaton that has a transition going to state q1?;Could you be more specific?;[];0.1;2;False;{'user_input': 'What is the alphabet of the automaton that has a transition going to state q1?', 'intent': 'fsa-practical', 'argument': 'alphabet', 'dialogue_act': 'Ta:request', 'frame': {'alphabet': '?'}}
Relevancy;2;Thank you, could you please tell me what the alphabet of this automaton is?;Could you be more specific?;[];0.1;3;False;{'user_input': 'Thank you, could you please tell me what the alphabet of this automaton is?', 'intent': 'fsa-practical', 'argument': 'alphabet', 'dialogue_act': 'Ta:propositionalQuestion', 'frame': {'alphabet': '?'}}
Relevancy;2;sorry, i meant to ask about the alphabet of this automaton: what is its alphabet?;Could you be more specific?;[];0.1;4;False;{'user_input': 'sorry, i meant to ask about the alphabet of this automaton: what is its alphabet?', 'intent': 'fsa-practical', 'argument': 'alphabet', 'dialogue_act': 'Ta:request', 'frame': {'alphabet': '?'}}
Relevancy;2;what is the alphabet of this automaton?;Could you be more specific?;[];0.1;5;False;{'user_input': 'what is the alphabet of this automaton?', 'intent': 'fsa-practical', 'argument': 'alphabet', 'dialogue_act': 'Ta:request', 'frame': {'alphabet': '?'}}
Relevancy;2;What is the alphabet of this automaton?;Could you be more specific?;[];0.1;6;False;{'user_input': 'What is the alphabet of this automaton?', 'intent': 'fsa-practical', 'argument': 'alphabet', 'dialogue_act': 'Ta:request', 'frame': {'alphabet': '?'}}
Relevancy;2;what is the alphabet of this automaton?;Could you be more specific?;[];0.1;7;False;{'user_input': 'what is the alphabet of this automaton?', 'intent': 'fsa-practical', 'argument': 'alphabet', 'dialogue_act': 'Ta:request', 'frame': {'alphabet': '?'}}
Relevancy;2;What is the alphabet of this automaton if it has 5 final states?;Could you be more specific?;[];0.2;8;False;{'user_input': 'What is the alphabet of this automaton if it has 5 final states?', 'intent': 'fsa-practical', 'argument': 'alphabet', 'dialogue_act': 'Ta:request', 'frame': {'alphabet': '?'}}
Relevancy;2;what is the alphabet of this automaton?;Could you be more specific?;[];0.1;9;False;{'user_input': 'what is the alphabet of this automaton?', 'intent': 'fsa-practical', 'argument': 'alphabet', 'dialogue_act': 'Ta:request', 'frame': {'alphabet': '?'}}
Relevancy;2;what is the alphabet of this finite state automaton?;Could you be more specific?;[];0.1;10;False;{'user_input': 'what is the alphabet of this finite state automaton?', 'intent': 'fsa-practical', 'argument': 'alphabet', 'dialogue_act': 'Ta:request', 'frame': {'alphabet': '?'}}
Relevancy;2;What is the alphabet of this automaton?;Could you be more specific?;[];0.1;11;False;{'user_input': 'What is the alphabet of this automaton?', 'intent': 'fsa-practical', 'argument': 'alphabet', 'dialogue_act': 'Ta:request', 'frame': {'alphabet': '?'}}
Relevancy;2;Hi, could you tell me what the alphabet of this automaton is?;Could you be more specific?;[];0.1;12;False;{'user_input': 'Hi, could you tell me what the alphabet of this automaton is?', 'intent': 'fsa-practical', 'argument': 'alphabet', 'dialogue_act': 'Ta:request', 'frame': {'alphabet': '?'}}
Relevancy;2;what are the final states of this automaton?;The final state is q0.;['simbolo-q0'];1.0;12;False;{'user_input': 'what are the final states of this automaton?', 'intent': 'fsa-practical', 'argument': 'state', 'dialogue_act': 'Ta:request', 'frame': {'finalStates': '?'}}
Relevancy;2;What is the graphic representation of this finite-state automaton?;The automaton accepts zero or more words formed by a sequence of the type 11000. In total there are 5 states: q0, q1, q2, q3 and q4. q0 is both the initial and the final state. The transitions are: q0 with value 1 goes to q1, q1 with value 1 goes to q2, q2 with value 0 goes to q3, q3 with value 0 goes to q4, q4 with value 0 goes to q0.;[];0.6;12;False;{'user_input': 'What is the graphic representation of this finite-state automaton?', 'intent': 'fsa-practical', 'argument': 'automaton', 'dialogue_act': 'Ta:request', 'frame': {'graphicRepresentation': '?'}}
Relevancy;2;before i say goodbye, could you tell me what the alphabet of this automaton is?;Could you be more specific?;[];0.1;13;False;{'user_input': 'before i say goodbye, could you tell me what the alphabet of this automaton is?', 'intent': 'fsa-practical', 'argument': 'alphabet', 'dialogue_act': 'Ta:propositionalQuestion', 'frame': {'alphabet': '?'}}
Relevancy;3;From which state does the transition labeled 0 that arrives in q3 start?;MUTATION there is no transition between q3 and q0.;[];0.1;1;True;{'user_input': 'From which state does the transition labeled 0 that arrives in q3 start?', 'intent': 'fsa-practical', 'argument': 'state', 'dialogue_act': 'Ta:request', 'frame': {'transitions': [['q3', '?', '0']]}}
Relevancy;3;What is the regular language recognized by this deterministic automaton, considering its states and transitions?;Could you be more specific?;[];0.1;2;False;{'user_input': 'What is the regular language recognized by this deterministic automaton, considering its states and transitions?', 'intent': 'fsa-practical', 'argument': 'language', 'dialogue_act': 'Ta:request', 'frame': {'alphabet': ['a', 'b', 'c'], 'states': 'Q', 'transitions': []}}
Relevancy;3;what is the language recognized by this automaton if the alphabet is {a, b, c} and the set of states is q?;Could you be more specific?;[];0.1;3;False;{'user_input': 'what is the language recognized by this automaton if the alphabet is {a, b, c} and the set of states is q?', 'intent': 'fsa-practical', 'argument': 'language', 'dialogue_act': 'Ta:request', 'frame': {'alphabet': '{a,b,c}', 'states': 'q'}}
Relevancy;3;Could you list the transitions of this finite state automaton with alphabet {a,b,c} and states q?;There is no transition between q0 and q0.;[];0.1;4;False;{'user_input': 'Could you list the transitions of this finite state automaton with alphabet {a,b,c} and states q?', 'intent': 'fsa-practical', 'argument': 'transition', 'dialogue_act': 'Ta:request', 'frame': {'alphabet': '{a,b,c}', 'states': 'q', 'transitions': []}}
Relevancy;3;can you list all the transitions of this automaton, given that the alphabet is {a,b,c} and the states are q?;The automaton has 5 transitions: q0 with value 1 goes to q1, q1 with value 1 goes to q2, q2 with value 0 goes to q3, q3 with value 0 goes to q4, q4 with value 0 goes to q0.;['simbolo-q0-q1', 'simbolo-q1-q2', 'simbolo-q2-q3', 'simbolo-q3-q4', 'simbolo-q4-q0'];0.4;4;False;{'user_input': 'can you list all the transitions of this automaton, given that the alphabet is {a,b,c} and the states are q?', 'intent': 'fsa-practical', 'argument': 'transition', 'dialogue_act': 'Ta:request', 'frame': {'transitions': []}}
Relevancy;3;which states in this automaton have no outgoing transitions?;The state q0 exists.;['simbolo-q0'];0.2;5;False;{'user_input': 'which states in this automaton have no outgoing transitions?', 'intent': 'fsa-practical', 'argument': 'state', 'dialogue_act': 'Ta:request', 'frame': {'states': '?'}}
Relevancy;3;what are the transitions of this finite state automaton with alphabet {a,b,c} and states q?;There is no transition between q0 and q0.;[];0.1;6;False;{'user_input': 'what are the transitions of this finite state automaton with alphabet {a,b,c} and states q?', 'intent': 'fsa-practical', 'argument': 'transition', 'dialogue_act': 'Ta:request', 'frame': {'alphabet': '{a,b,c}', 'states': 'q'}}
Relevancy;3;What is the alphabet {a,b,c} of the automaton whose states are q?;Could you be more specific?;[];0.1;7;False;{'user_input': 'What is the alphabet {a,b,c} of the automaton whose states are q?', 'intent': 'fsa-practical', 'argument': 'alphabet', 'dialogue_act': 'Ta:request', 'frame': {'alphabet': 'a'}}
Relevancy;3;What is the alphabet of this automaton, is it just {a}?;Could you be more specific?;[];0.1;8;False;{'user_input': 'What is the alphabet of this automaton, is it just {a}?', 'intent': 'fsa-practical', 'argument': 'alphabet', 'dialogue_act': 'Ta:propositionalQuestion', 'frame': {'alphabet': 'a'}}
Relevancy;3;The alphabet of this automaton is not “a”, it should be {0,1}, right?;Could you be more specific?;[];0.1;9;False;{'user_input': 'The alphabet of this automaton is not “a”, it should be {0,1}, right?', 'intent': 'fsa-practical', 'argument': 'alphabet', 'dialogue_act': 'Ta:propositionalQuestion', 'frame': {'alphabet': ['0', '1']}}
Relevancy;3;What is the alphabet of this finite state automaton, is it {0,1}?;Could you be more specific?;[];0.2;10;False;{'user_input': 'What is the alphabet of this finite state automaton, is it {0,1}?', 'intent': 'fsa-practical', 'argument': 'alphabet', 'dialogue_act': 'Ta:request', 'frame': {'alphabet': '0'}}
Relevancy;3;What is the alphabet of this finite state automaton?;Could you be more specific?;[];0.1;11;False;{'user_input': 'What is the alphabet of this finite state automaton?', 'intent': 'fsa-practical', 'argument': 'alphabet', 'dialogue_act': 'Ta:request', 'frame': {'alphabet': '?'}}
Relevancy;3;thank you, could you tell me what the alphabet of this automaton is?;Could you be more specific?;[];0.1;12;False;{'user_input': 'thank you, could you tell me what the alphabet of this automaton is?', 'intent': 'fsa-practical', 'argument': 'alphabet', 'dialogue_act': 'Ta:request', 'frame': {'alphabet': '?'}}
Relevancy;3;How many states are there in this automaton?;This automaton has 5 states;['simbolo-q0', 'simbolo-q1', 'simbolo-q2', 'simbolo-q3', 'simbolo-q4'];1.0;12;False;{'user_input': 'How many states are there in this automaton?', 'intent': 'fsa-practical', 'argument': 'state', 'dialogue_act': 'Ta:request', 'frame': {'numberOfStates': '?'}}
Relevancy;3;what is the alphabet of this automaton?;Could you be more specific?;[];0.1;13;False;{'user_input': 'what is the alphabet of this automaton?', 'intent': 'fsa-practical', 'argument': 'alphabet', 'dialogue_act': 'Ta:request', 'frame': {'alphabet': '?'}}
Relevancy;4;Is q4 a final state in this automaton?;The final state is q0.;['simbolo-q0'];1.0;0;False;{'user_input': 'Is q4 a final state in this automaton?', 'intent': 'fsa-practical', 'argument': 'state', 'dialogue_act': 'Ta:request', 'frame': {'finalStates': 'q4'}}
Relevancy;4;the final state of this automaton is q4.;The final state is q0.;['simbolo-q0'];1.0;0;False;{'user_input': 'the final state of this automaton is q4.', 'intent': 'fsa-practical', 'argument': 'state', 'dialogue_act': 'Ta:request', 'frame': {'finalStates': 'q4'}}
Relevancy;4;What are the final states of this automaton, specifically is q4 a final state?;The final state is q0.;['simbolo-q0'];1.0;0;False;{'user_input': 'What are the final states of this automaton, specifically is q4 a final state?', 'intent': 'fsa-practical', 'argument': 'state', 'dialogue_act': 'Ta:request', 'frame': {'finalStates': 'q4'}}
Relevancy;4;so, in this automaton the only final state is q4.;The final state is q0.;['simbolo-q0'];1.0;0;False;{'user_input': 'so, in this automaton the only final state is q4.', 'intent': 'fsa-practical', 'argument': 'state', 'dialogue_act': 'Ta:request', 'frame': {'finalStates': 'q4'}}
Relevancy;4;which state is the final state of the automaton? i think it is q4.;The final state is q0.;['simbolo-q0'];1.0;0;False;{'user_input': 'which state is the final state of the automaton? i think it is q4.', 'intent': 'fsa-practical', 'argument': 'state', 'dialogue_act': 'Ta:propositionalQuestion', 'frame': {'finalStates': 'q4'}}
Relevancy;4;Which state does the automaton reach as a final state after following the transition sequence that ends in q4?;The final state is q0.;['simbolo-q0'];0.2;1;False;{'user_input': 'Which state does the automaton reach as a final state after following the transition sequence that ends in q4?', 'intent': 'fsa-practical', 'argument': 'state', 'dialogue_act': 'Ta:request', 'frame': {'finalStates': 'q4'}}
Relevancy;4;the final state of this automaton is q4.;The final state is q0.;['simbolo-q0'];1.0;1;False;{'user_input': 'the final state of this automaton is q4.', 'intent': 'fsa-practical', 'argument': 'state', 'dialogue_act': 'Ta:request', 'frame': {'finalStates': 'q4'}}
Relevancy;4;hi again! referring to the automaton on your tablet, the final state is q4, right?;The final state is q0.;['simbolo-q0'];1.0;1;False;{'user_input': 'hi again! referring to the automaton on your tablet, the final state is q4, right?', 'intent': 'fsa-practical', 'argument': 'state', 'dialogue_act': 'Ta:request', 'frame': {'finalStates': 'q4'}}
Relevancy;4;Which is the final state of this finite state automaton, is it q4?;The final state is q0.;['simbolo-q0'];1.0;1;False;{'user_input': 'Which is the final state of this finite state automaton, is it q4?', 'intent': 'fsa-practical', 'argument': 'state', 'dialogue_act': 'Ta:request', 'frame': {'finalStates': 'q4'}}
Relevancy;4;thank you for explaining that in this automaton the final state is q4.;The final state is q0.;['simbolo-q0'];1.0;1;False;{'user_input': 'thank you for explaining that in this automaton the final state is q4.', 'intent': 'fsa-practical', 'argument': 'state', 'dialogue_act': 'Ta:propositionalQuestion', 'frame': {'finalStates': 'q4'}}
Relevancy;4;there are a total of 5 states in this automaton: q0, q1, q2, q3 and q4.;There are 5 states in this automaton.;['simbolo-q0', 'simbolo-q1', 'simbolo-q2', 'simbolo-q3', 'simbolo-q4'];1.0;1;False;{'user_input': 'there are a total of 5 states in this automaton: q0, q1, q2, q3 and q4.', 'intent': 'fsa-practical', 'argument': 'state', 'dialogue_act': 'Ta:request', 'frame': {'numberOfStates': '5'}}
Relevancy;5;What language does this automaton accept in general, not just for the example shown?;Could you be more specific?;[];0.1;1;False;{'user_input': 'What language does this automaton accept in general, not just for the example shown?', 'intent': 'fsa-practical', 'argument': 'language', 'dialogue_act': 'Ta:request', 'frame': {'language': '?'}}
Relevancy;5;what is the language accepted by this automaton?;Could you be more specific?;[];0.1;2;False;{'user_input': 'what is the language accepted by this automaton?', 'intent': 'fsa-practical', 'argument': 'language', 'dialogue_act': 'Ta:request', 'frame': {'input': '?'}}
Relevancy;5;What is the transition function of this automaton for an unspecified input string?;The automaton has 5 transitions: q0 with value 1 goes to q1, q1 with value 1 goes to q2, q2 with value 0 goes to q3, q3 with value 0 goes to q4, q4 with value 0 goes to q0.;['simbolo-q0-q1', 'simbolo-q1-q2', 'simbolo-q2-q3', 'simbolo-q3-q4', 'simbolo-q4-q0'];0.95;2;False;{'user_input': 'What is the transition function of this automaton for an unspecified input string?', 'intent': 'fsa-practical', 'argument': 'transition', 'dialogue_act': 'Ta:request', 'frame': {'transitions': []}}
Relevancy;5;what is the language accepted by this automaton for the input string?;Could you be more specific?;[];0.2;3;False;{'user_input': 'what is the language accepted by this automaton for the input string?', 'intent': 'fsa-practical', 'argument': 'language', 'dialogue_act': 'Ta:request', 'frame': {'input': '?'}}
Relevancy;5;What input strings does this automaton accept?;Could you be more specific?;[];0.1;4;False;{'user_input': 'What input strings does this automaton accept?', 'intent': 'fsa-practical', 'argument': 'language', 'dialogue_act': 'Ta:request', 'frame': {'input': '?'}}
Relevancy;5;What input strings does this automaton accept over its alphabet?;Could you be more specific?;[];0.1;5;False;{'user_input': 'What input strings does this automaton accept over its alphabet?', 'intent': 'fsa-practical', 'argument': 'language', 'dialogue_act': 'Ta:request', 'frame': {'input': '?'}}
Relevancy;5;What is the language accepted by this automaton for the input string?;Could you be more specific?;[];0.2;6;False;{'user_input': 'What is the language accepted by this automaton for the input string?', 'intent': 'fsa-practical', 'argument': 'language', 'dialogue_act': 'Ta:request', 'frame': {'input': '?'}}
Relevancy;5;what is the language accepted by this automaton if the final states are q1 and q2?;Could you be more specific?;[];0.1;7;False;{'user_input': 'what is the language accepted by this automaton if the final states are q1 and q2?', 'intent': 'fsa-practical', 'argument': 'language', 'dialogue_act': 'Ta:request', 'frame': {'finalStates': 'q1'}}
Relevancy;5;Is q1 a final state of this automaton?;The final state is q0.;['simbolo-q0'];0.95;7;False;{'user_input': 'Is q1 a final state of this automaton?', 'intent': 'fsa-practical', 'argument': 'state', 'dialogue_act': 'Ta:request', 'frame': {'finalStates': 'q1'}}
Relevancy;5;What is the language accepted by the automaton if the only final state is q1?;Could you be more specific?;[];0.1;8;False;{'user_input': 'What is the language accepted by the automaton if the only final state is q1?', 'intent': 'fsa-practical', 'argument': 'language', 'dialogue_act': 'Ta:request', 'frame': {'finalStates': 'q1'}}
Relevancy;5;what is the language accepted by the automaton if the only final state is q1?;Could you be more specific?;[];0.1;9;False;{'user_input': 'what is the language accepted by the automaton if the only final state is q1?', 'intent': 'fsa-practical', 'argument': 'language', 'dialogue_act': 'Ta:request', 'frame': {'alphabet': 'a', 'input': '?', 'transitions': [], 'initialState': 'q1', 'finalStates': ['q1']}}
Relevancy;5;What is the language of the automaton over the alphabet {a} that starts and ends in state q1 and for which I want to check whether the input is accepted?;The automaton accepts zero or more words formed by a sequence of the type 11000. In total there are 5 states: q0, q1, q2, q3 and q4. q0 is both the initial and the final state. The transitions are: q0 with value 1 goes to q1, q1 with value 1 goes to q2, q2 with value 0 goes to q3, q3 with value 0 goes to q4, q4 with value 0 goes to q0.;[];0.4;9;False;{'user_input': 'What is the language of the automaton over the alphabet {a} that starts and ends in state q1 and for which I want to check whether the input is accepted?', 'intent': None, 'argument': None, 'dialogue_act': None, 'frame': {}}
Relevancy;5;Goodbye, I would like to ask about the language recognized by this automaton in a practical way: assuming the alphabet is “a”, what is the input string, what are the transitions, and which are the initial and final states if the initial state is q1 and the only final state is q1?;It is not the initial state.;[];0.1;10;False;{'user_input': 'Goodbye, I would like to ask about the language recognized by this automaton in a practical way: assuming the alphabet is “a”, what is the input string, what are the transitions, and which are the initial and final states if the initial state is q1 and the only final state is q1?', 'intent': 'fsa-practical', 'argument': 'state', 'dialogue_act': 'Ta:request', 'frame': {'alphabet': 'a', 'inputString': '?', 'transitions': [], 'initialState': 'q1', 'finalStates': '[q1]'}}
Correctness;1;What is the value of the transition from q1 to q2?;the transition is not defined.;[];0.0;1;False;{'user_input': 'What is the value of the transition from q1 to q2?', 'intent': 'fsa-practical', 'argument': 'transition', 'dialogue_act': 'Ta:request', 'frame': {'transitions': [['q1', 'q2', '?']]}}
Correctness;1;"sorry, i meant this has label 1, not 0; can you correct the transition q1 → q2 to have input symbol 1?";the transition is not defined.;[];0.0;2;False;"{'user_input': 'sorry, i meant this has label 1, not 0; can you correct the transition q1 → q2 to have input symbol 1?', 'intent': 'fsa-practical', 'argument': 'transition', 'dialogue_act': 'Ta:request', 'frame': {'transitions': [['q1', 'q2', '1']]}, '_raw_frame': {'transitions': [['q1', 'q2', '1']]}}"
Correctness;1;What is the transition from q1 to q2 labeled with 1 in this automaton?;the transition is not defined.;[];0.0;3;False;{'user_input': 'What is the transition from q1 to q2 labeled with 1 in this automaton?', 'intent': 'fsa-practical', 'argument': 'transition', 'dialogue_act': 'Ta:request', 'frame': {'transitions': [['q1', 'q2', '1']]}}
Correctness;1;what is this on input symbol 1 in this automaton?;MUTATION The transition between q1 and q2 is with value 1.;['simbolo-q1-q2'];1.0;3;True;{'user_input': 'what is this on input symbol 1 in this automaton?', 'intent': 'fsa-practical', 'argument': 'state', 'dialogue_act': 'Ta:request', 'frame': {'transitions': [['q1', 'q2', '?']]}, '_raw_frame': {'input': '1'}}
Correctness;1;Which transition connects state q1 to state q2 with input symbol 1 in this automaton?;The automaton has 5 transitions: q0 with value 1 goes to q1, q1 with value 1 goes to q2, q2 with value 0 goes to q3, q3 with value 0 goes to q4, q4 with value 0 goes to q0.;['simbolo-q0-q1', 'simbolo-q1-q2', 'simbolo-q2-q3', 'simbolo-q3-q4', 'simbolo-q4-q0'];0.5;3;False;{'user_input': 'Which transition connects state q1 to state q2 with input symbol 1 in this automaton?', 'intent': 'fsa-practical', 'argument': 'transition', 'dialogue_act': 'Ta:request', 'frame': {'transitions': []}}
Correctness;1;What is the transition from state q1 to state q2 with input symbol 1?;the transition is not defined.;[];0.0;4;False;{'user_input': 'What is the transition from state q1 to state q2 with input symbol 1?', 'intent': 'fsa-practical', 'argument': 'transition', 'dialogue_act': 'Ta:request', 'frame': {'transitions': [['q1', 'q2', '1']]}}
Correctness;1;what is this with input symbol 1 in this automaton?;MUTATION The transition between q1 and q2 is with value 1.;['simbolo-q1-q2'];0.2;5;True;{'user_input': 'what is this with input symbol 1 in this automaton?', 'intent': 'fsa-practical', 'argument': 'state', 'dialogue_act': 'Ta:request', 'frame': {'transitions': [['q1', 'q2', '?']]}, '_raw_frame': {'state': '?'}}
Correctness;1;Before I go, let me tell you one of the transitions of this automaton: from q1 to q2 there is a transition labeled with 1.;the transition is not defined.;[];0.0;6;False;{'user_input': 'Before I go, let me tell you one of the transitions of this automaton: from q1 to q2 there is a transition labeled with 1.', 'intent': 'fsa-practical', 'argument': 'transition', 'dialogue_act': 'Ta:request', 'frame': {'transitions': [['q1', 'q2', '1']]}}
Correctness;1;What is the transition from state q1 to state q2 on input 1?;the transition is not defined.;[];0.0;7;False;{'user_input': 'What is the transition from state q1 to state q2 on input 1?', 'intent': 'fsa-practical', 'argument': 'transition', 'dialogue_act': 'Ta:request', 'frame': {'transitions': [['q1', 'q2', '1']]}}
Correctness;1;From which state do the transitions of this automaton start?;The initial state is q0.;['simbolo-q0'];1.0;7;False;{'user_input': 'From which state do the transitions of this automaton start?', 'intent': 'fsa-practical', 'argument': 'state', 'dialogue_act': 'Ta:request', 'frame': {'initialState': '?'}}
Correctness;1;Is there a transition from q1 to q2 labeled with 1 in this automaton?;the transition is not defined.;[];0.0;8;False;{'user_input': 'Is there a transition from q1 to q2 labeled with 1 in this automaton?', 'intent': 'fsa-practical', 'argument': 'transition', 'dialogue_act': 'Ta:propositionalQuestion', 'frame': {'transitions': [['q1', 'q2', '1']]}}
Correctness;1;from this, what transition is defined in this automaton?;There is no transition between q2 and q0.;[];0.0;9;False;{'user_input': 'from this, what transition is defined in this automaton?', 'intent': 'fsa-practical', 'argument': 'transition', 'dialogue_act': 'Ta:request', 'frame': {'states': ['q2']}, '_raw_frame': {'transitions': []}}
Correctness;1;The final states of this automaton are Q1 and Q2.;The automaton has 5 states: q0, q1, q2, q3 and q4.;['simbolo-q0', 'simbolo-q1', 'simbolo-q2', 'simbolo-q3', 'simbolo-q4'];0.2;10;False;{'user_input': 'The final states of this automaton are Q1 and Q2.', 'intent': 'fsa-practical', 'argument': 'state', 'dialogue_act': 'Ta:request', 'frame': {}}
Correctness;1;Which transitions leave from state q2 in this automaton?;The automaton has 5 transitions: q0 with value 1 goes to q1, q1 with value 1 goes to q2, q2 with value 0 goes to q3, q3 with value 0 goes to q4, q4 with value 0 goes to q0.;['simbolo-q0-q1', 'simbolo-q1-q2', 'simbolo-q2-q3', 'simbolo-q3-q4', 'simbolo-q4-q0'];0.5;10;False;{'user_input': 'Which transitions leave from state q2 in this automaton?', 'intent': 'fsa-practical', 'argument': 'transition', 'dialogue_act': 'Ta:request', 'frame': {'transitions': []}}
Correctness;1;What are the outgoing transitions from state q2?;the transition is not defined.;[];0.0;11;False;{'user_input': 'What are the outgoing transitions from state q2?', 'intent': 'fsa-practical', 'argument': 'transition', 'dialogue_act': 'Ta:request', 'frame': {'transitions': [['q2', '?', '?']]}}
Correctness;2;Is it possible to go directly from q2 to q4 in this automaton?;the transition is not defined.;[];1.0;0;False;{'user_input': 'Is it possible to go directly from q2 to q4 in this automaton?', 'intent': 'fsa-practical', 'argument': 'transition', 'dialogue_act': 'Ta:propositionalQuestion', 'frame': {'transitions': [['q2', 'q4', '?']]}}
Correctness;2;"i meant the transition from q2 to q4; what is the missing input symbol on that transition?";the transition is not defined.;[];1.0;0;False;"{'user_input': 'i meant the transition from q2 to q4; what is the missing input symbol on that transition?', 'intent': 'fsa-practical', 'argument': 'transition', 'dialogue_act': 'Ta:request', 'frame': {'transitions': [['q2', 'q4', '?']]}}"
Correctness;2;What is the transition label from state q2 to state q4 in this automaton?;the transition is not defined.;[];1.0;0;False;{'user_input': 'What is the transition label from state q2 to state q4 in this automaton?', 'intent': 'fsa-practical', 'argument': 'transition', 'dialogue_act': 'Ta:request', 'frame': {'transitions': [['q2', 'q4', '?']]}}
Correctness;2;Hi, could you tell me what the transition is from state q2 to state q4 in this automaton?;the transition is not defined.;[];1.0;0;False;{'user_input': 'Hi, could you tell me what the transition is from state q2 to state q4 in this automaton?', 'intent': 'fsa-practical', 'argument': 'transition', 'dialogue_act': 'Ta:request', 'frame': {'transitions': [['q2', 'q4', '?']]}}
Correctness;2;what is the symbol of the transition from this to that?;There is no transition between q2 and q4.;[];1.0;0;False;{'user_input': 'what is the symbol of the transition from this to that?', 'intent': 'fsa-practical', 'argument': 'transition', 'dialogue_act': 'Ta:request', 'frame': {'states': ['q2', 'q4']}, '_raw_frame': {'transitions': []}}
Correctness;2;which transitions connect this to that in this automaton?;There is no transition between q2 and q4.;[];0.2;1;False;{'user_input': 'which transitions connect this to that in this automaton?', 'intent': 'fsa-practical', 'argument': 'transition', 'dialogue_act': 'Ta:request', 'frame': {'states': ['q2', 'q4']}, '_raw_frame': {'transitions': []}}
Correctness;2;What is the optimal spatial representation of the transitions in this finite state automaton?;The automaton has 5 transitions: q0 with value 1 goes to q1, q1 with value 1 goes to q2, q2 with value 0 goes to q3, q3 with value 0 goes to q4, q4 with value 0 goes to q0.;['simbolo-q0-q1', 'simbolo-q1-q2', 'simbolo-q2-q3', 'simbolo-q3-q4', 'simbolo-q4-q0'];0.3;2;False;{'user_input': 'What is the optimal spatial representation of the transitions in this finite state automaton?', 'intent': 'fsa-practical', 'argument': 'transition', 'dialogue_act': 'Ta:request', 'frame': {'transitions': []}}
Correctness;2;Can you explain the transition between states q2 and q4 in this automaton?;the transition is not defined.;[];1.0;2;False;{'user_input': 'Can you explain the transition between states q2 and q4 in this automaton?', 'intent': 'fsa-practical', 'argument': 'transition', 'dialogue_act': 'Ta:propositionalQuestion', 'frame': {'transitions': [['q2', 'q4', '?']]}}
Correctness;2;can you list the states q2 and q4 of this automaton for me?;The state q2 exists.;['simbolo-q2'];0.2;3;False;{'user_input': 'can you list the states q2 and q4 of this automaton for me?', 'intent': 'fsa-practical', 'argument': 'state', 'dialogue_act': 'Ta:request', 'frame': {'states': ['q2', 'q4']}}
Correctness;2;Which is the current state of this regular automaton?;The automaton has 5 states: q0, q1, q2, q3 and q4.;['simbolo-q0', 'simbolo-q1', 'simbolo-q2', 'simbolo-q3', 'simbolo-q4'];0.2;4;False;{'user_input': 'Which is the current state of this regular automaton?', 'intent': 'fsa-practical', 'argument': 'state', 'dialogue_act': 'Ta:request', 'frame': {'state': '?'}}
Correctness;2;Which state is the automaton currently in?;The state q0 exists.;['simbolo-q0'];0.0;5;False;{'user_input': 'Which state is the automaton currently in?', 'intent': 'fsa-practical', 'argument': 'state', 'dialogue_act': 'Ta:request', 'frame': {'states': '?'}}
Correctness;2;Can you tell me what the states of this automaton are?;The state q0 exists.;['simbolo-q0'];0.2;6;False;{'user_input': 'Can you tell me what the states of this automaton are?', 'intent': 'fsa-practical', 'argument': 'state', 'dialogue_act': 'Ta:request', 'frame': {'states': '?'}}
Correctness;2;from this, which state does the automaton transition to?;The state q3 exists.;['simbolo-q3'];0.0;7;False;{'user_input': 'from this, which state does the automaton transition to?', 'intent': 'fsa-practical', 'argument': 'state', 'dialogue_act': 'Ta:request', 'frame': {'states': ['q3']}, '_raw_frame': {'transitions': []}}
Correctness;2;Which state in this automaton has no transitions?;The state q0 exists.;['simbolo-q0'];0.0;8;False;{'user_input': 'Which state in this automaton has no transitions?', 'intent': 'fsa-practical', 'argument': 'state', 'dialogue_act': 'Ta:request', 'frame': {'states': '?'}}
Correctness;2;Could you explain what is meant by a “state” in this finite state automaton?;The state q0 exists.;['simbolo-q0'];0.0;9;False;{'user_input': 'Could you explain what is meant by a “state” in this finite state automaton?', 'intent': 'fsa-practical', 'argument': 'state', 'dialogue_act': 'Ta:request', 'frame': {'states': '?'}}
Correctness;3;What is the language recognized by this automaton?;Could you be more specific?;[];0.0;1;False;{'user_input': 'What is the language recognized by this automaton?', 'intent': 'fsa-practical', 'argument': 'language', 'dialogue_act': 'Ta:request', 'frame': {'language': '?'}}
Correctness;3;What is the language accepted by the automaton starting from state q3?;Could you be more specific?;[];0.0;2;False;{'user_input': 'What is the language accepted by the automaton starting from state q3?', 'intent': 'fsa-practical', 'argument': 'language', 'dialogue_act': 'Ta:request', 'frame': {'initialState': 'q3', 'finalStates': 'q3'}}
Correctness;3;for this automaton, what is the language it recognizes when the initial state is q3 and the only final state is q3?;Could you be more specific?;[];0.0;3;False;{'user_input': 'for this automaton, what is the language it recognizes when the initial state is q3 and the only final state is q3?', 'intent': 'fsa-practical', 'argument': 'language', 'dialogue_act': 'Ta:request', 'frame': {'alphabet': 's', 'initialState': 'q3', 'finalStates': ['q3']}}
Correctness;3;what is the language accepted by the automaton over the alphabet {s}, if the initial state is q3 and the only final state is q3?;Could you be more specific?;[];0.0;4;False;{'user_input': 'what is the language accepted by the automaton over the alphabet {s}, if the initial state is q3 and the only final state is q3?', 'intent': 'fsa-practical', 'argument': 'language', 'dialogue_act': 'Ta:request', 'frame': {}}
Correctness;3;sorry, i meant to ask about the language recognized by this automaton in a more practical way.;Could you be more specific?;[];0.9;4;False;{'user_input': 'sorry, i meant to ask about the language recognized by this automaton in a more practical way.', 'intent': 'fsa-practical', 'argument': 'language', 'dialogue_act': 'Ta:request', 'frame': {'input': '?'}}
Correctness;3;What is the language recognized by this automaton?;Could you be more specific?;[];0.0;5;False;{'user_input': 'What is the language recognized by this automaton?', 'intent': 'fsa-practical', 'argument': 'language', 'dialogue_act': 'Ta:request', 'frame': {'language': '?'}}
Correctness;3;What is the language recognized by this automaton?;Could you be more specific?;[];0.0;6;False;{'user_input': 'What is the language recognized by this automaton?', 'intent': 'fsa-practical', 'argument': 'language', 'dialogue_act': 'Ta:request', 'frame': {'language': '?'}}
Correctness;3;what is the language accepted by this automaton?;Could you be more specific?;[];0.0;7;False;{'user_input': 'what is the language accepted by this automaton?', 'intent': 'fsa-practical', 'argument': 'language', 'dialogue_act': 'Ta:request', 'frame': {'alphabet': 'S', 'input': '?'}}
Correctness;3;What is the optimal spatial representation of the language recognized by this finite state automaton?;The automaton accepts zero or more words formed by a sequence of the type 11000. In total there are 5 states: q0, q1, q2, q3 and q4. q0 is both the initial and the final state. The transitions are: q0 with value 1 goes to q1, q1 with value 1 goes to q2, q2 with value 0 goes to q3, q3 with value 0 goes to q4, q4 with value 0 goes to q0.;[];0.5;7;False;{'user_input': 'What is the optimal spatial representation of the language recognized by this finite state automaton?', 'intent': 'fsa-practical', 'argument': None, 'dialogue_act': 'Ta:request', 'frame': {'optimal spatial representation': '?'}}
Correctness;3;set the question about the language of this finite state automaton and ask what input strings over the alphabet σ should be used to determine its language.;Could you be more specific?;[];0.0;8;False;{'user_input': 'set the question about the language of this finite state automaton and ask what input strings over the alphabet σ should be used to determine its language.', 'intent': 'fsa-practical', 'argument': 'language', 'dialogue_act': 'Ta:request', 'frame': {'alphabet': '?'}}
Correctness;3;The language accepted by this automaton is defined over which alphabet?;Could you be more specific?;[];0.0;9;False;{'user_input': 'The language accepted by this automaton is defined over which alphabet?', 'intent': 'fsa-practical', 'argument': 'alphabet', 'dialogue_act': 'Ta:request', 'frame': {'alphabet': '?'}}
Correctness;3;what is the alphabet of the automaton in this?;Could you be more specific?;[];0.0;10;False;{'user_input': 'what is the alphabet of the automaton in this?', 'intent': 'fsa-practical', 'argument': 'alphabet', 'dialogue_act': 'Ta:request', 'frame': {'states': ['q2']}, '_raw_frame': {'alphabet': '?'}}
Correctness;3;what is the alphabet of this automaton?;Could you be more specific?;[];0.0;11;False;{'user_input': 'what is the alphabet of this automaton?', 'intent': 'fsa-practical', 'argument': 'alphabet', 'dialogue_act': 'Ta:request', 'frame': {'alphabet': '?'}}
Correctness;3;what is the deterministic language type (alphabet) of this automaton?;Could you be more specific?;[];0.0;12;False;{'user_input': 'what is the deterministic language type (alphabet) of this automaton?', 'intent': 'fsa-practical', 'argument': 'alphabet', 'dialogue_act': 'Ta:request', 'frame': {'alphabet': '?'}}
Correctness;3;the alphabet of this automaton is {0, 1}.;Could you be more specific?;[];0.0;13;False;{'user_input': 'the alphabet of this automaton is {0, 1}.', 'intent': 'fsa-practical', 'argument': 'alphabet', 'dialogue_act': 'Ta:request', 'frame': {'alphabet': '0'}}
Correctness;4;How can I know if this automaton is deterministic or not?;The automaton accepts zero or more words formed by a sequence of the type 11000. In total there are 5 states: q0, q1, q2, q3 and q4. q0 is both the initial and the final state. The transitions are: q0 with value 1 goes to q1, q1 with value 1 goes to q2, q2 with value 0 goes to q3, q3 with value 0 goes to q4, q4 with value 0 goes to q0.;[];0.1;1;False;{'user_input': 'How can I know if this automaton is deterministic or not?', 'intent': 'fsa-practical', 'argument': 'automaton', 'dialogue_act': 'Ta:request', 'frame': {'deterministic': '?'}}
Correctness;4;what is the alphabet of this automaton?;Could you be more specific?;[];0.0;2;False;{'user_input': 'what is the alphabet of this automaton?', 'intent': 'fsa-practical', 'argument': 'alphabet', 'dialogue_act': 'Ta:request', 'frame': {'alphabet': '?'}}
Correctness;4;Can you tell me what the alphabet of this automaton is?;Could you be more specific?;[];0.0;3;False;{'user_input': 'Can you tell me what the alphabet of this automaton is?', 'intent': 'fsa-practical', 'argument': 'alphabet', 'dialogue_act': 'Ta:request', 'frame': {'alphabet': '?'}}
Correctness;4;what is the alphabet of this automaton?;Could you be more specific?;[];0.0;4;False;{'user_input': 'what is the alphabet of this automaton?', 'intent': 'fsa-practical', 'argument': 'alphabet', 'dialogue_act': 'Ta:request', 'frame': {'alphabet': '?'}}
Correctness;4;What is the alphabet of this automaton?;Could you be more specific?;[];0.0;5;False;{'user_input': 'What is the alphabet of this automaton?', 'intent': 'fsa-practical', 'argument': 'alphabet', 'dialogue_act': 'Ta:request', 'frame': {'alphabet': '?'}}
Correctness;4;what is the number of final states of this automaton?;The automaton has 5 states: q0, q1, q2, q3 and q4.;['simbolo-q0', 'simbolo-q1', 'simbolo-q2', 'simbolo-q3', 'simbolo-q4'];0.0;6;False;{'user_input': 'what is the number of final states of this automaton?', 'intent': 'fsa-practical', 'argument': 'state', 'dialogue_act': 'Ta:request', 'frame': {'numberOfFinalStates': '?'}}
Correctness;4;how many final states does this automaton have?;The automaton has 5 states: q0, q1, q2, q3 and q4.;['simbolo-q0', 'simbolo-q1', 'simbolo-q2', 'simbolo-q3', 'simbolo-q4'];0.0;7;False;{'user_input': 'how many final states does this automaton have?', 'intent': 'fsa-practical', 'argument': 'state', 'dialogue_act': 'Ta:request', 'frame': {'numberOfFinalStates': '?'}}
Correctness;4;How many final states does this automaton have?;The automaton has 5 states: q0, q1, q2, q3 and q4.;['simbolo-q0', 'simbolo-q1', 'simbolo-q2', 'simbolo-q3', 'simbolo-q4'];0.0;8;False;{'user_input': 'How many final states does this automaton have?', 'intent': 'fsa-practical', 'argument': 'state', 'dialogue_act': 'Ta:request', 'frame': {'numberOfFinalStates': '?'}}
Correctness;4;How many final states does this automaton have?;The automaton has 5 states: q0, q1, q2, q3 and q4.;['simbolo-q0', 'simbolo-q1', 'simbolo-q2', 'simbolo-q3', 'simbolo-q4'];0.0;9;False;{'user_input': 'How many final states does this automaton have?', 'intent': 'fsa-practical', 'argument': 'state', 'dialogue_act': 'Ta:request', 'frame': {'numberOfFinalStates': '?'}}
Correctness;4;the automaton currently shown has 2 final states, is that correct?;The automaton has 5 states: q0, q1, q2, q3 and q4.;['simbolo-q0', 'simbolo-q1', 'simbolo-q2', 'simbolo-q3', 'simbolo-q4'];0.2;10;False;{'user_input': 'the automaton currently shown has 2 final states, is that correct?', 'intent': 'fsa-practical', 'argument': 'state', 'dialogue_act': 'Ta:request', 'frame': {'numberOfFinalStates': '2'}}
Correctness;4;which state is q2 in this automaton?;The automaton has 5 states: q0, q1, q2, q3 and q4.;['simbolo-q0', 'simbolo-q1', 'simbolo-q2', 'simbolo-q3', 'simbolo-q4'];0.2;11;False;{'user_input': 'which state is q2 in this automaton?', 'intent': 'fsa-practical', 'argument': 'state', 'dialogue_act': 'Ta:request', 'frame': {'state': 'q2'}}
Correctness;4;how many final states does this automaton have?;The automaton has 5 states: q0, q1, q2, q3 and q4.;['simbolo-q0', 'simbolo-q1', 'simbolo-q2', 'simbolo-q3', 'simbolo-q4'];0.0;12;False;{'user_input': 'how many final states does this automaton have?', 'intent': 'fsa-practical', 'argument': 'state', 'dialogue_act': 'Ta:request', 'frame': {'numberOfFinalStates': '?'}}
Correctness;4;How many final states does this automaton have?;The automaton has 5 states: q0, q1, q2, q3 and q4.;['simbolo-q0', 'simbolo-q1', 'simbolo-q2', 'simbolo-q3', 'simbolo-q4'];0.0;13;False;{'user_input': 'How many final states does this automaton have?', 'intent': 'fsa-practical', 'argument': 'state', 'dialogue_act': 'Ta:request', 'frame': {'numberOfFinalStates': '?'}}
Correctness;4;How many final states does this automaton have?;The automaton has 5 states: q0, q1, q2, q3 and q4.;['simbolo-q0', 'simbolo-q1', 'simbolo-q2', 'simbolo-q3', 'simbolo-q4'];0.0;14;False;{'user_input': 'How many final states does this automaton have?', 'intent': 'fsa-practical', 'argument': 'state', 'dialogue_act': 'Ta:request', 'frame': {'numberOfFinalStates': '?'}}
Correctness;4;How many final states does this automaton have?;The automaton has 5 states: q0, q1, q2, q3 and q4.;['simbolo-q0', 'simbolo-q1', 'simbolo-q2', 'simbolo-q3', 'simbolo-q4'];0.0;15;False;{'user_input': 'How many final states does this automaton have?', 'intent': 'fsa-practical', 'argument': 'state', 'dialogue_act': 'Ta:request', 'frame': {'numberOfFinalStates': '?'}}
Correctness;5;From which state does the automaton start when it reads an input string?;The initial state is q0.;['simbolo-q0'];1.0;0;False;{'user_input': 'From which state does the automaton start when it reads an input string?', 'intent': 'fsa-practical', 'argument': 'state', 'dialogue_act': 'Ta:request', 'frame': {'initialState': '?'}}
Correctness;5;Thanks, that helped me understand that q0 is the initial state of this automaton.;The initial state is q0.;['simbolo-q0'];1.0;0;False;{'user_input': 'Thanks, that helped me understand that q0 is the initial state of this automaton.', 'intent': 'fsa-practical', 'argument': 'state', 'dialogue_act': 'Ta:propositionalQuestion', 'frame': {'initialState': 'q0'}}
Correctness;5;What is the initial state of this automaton?;The initial state is q0.;['simbolo-q0'];1.0;0;False;{'user_input': 'What is the initial state of this automaton?', 'intent': 'fsa-practical', 'argument': 'state', 'dialogue_act': 'Ta:request', 'frame': {'initialState': '?'}}
Correctness;5;What is the initial state of this automaton?;The initial state is q0.;['simbolo-q0'];1.0;0;False;{'user_input': 'What is the initial state of this automaton?', 'intent': 'fsa-practical', 'argument': 'state', 'dialogue_act': 'Ta:request', 'frame': {'initialState': '?'}}
Correctness;5;Hi, looking at this automaton, what is the initial state?;The initial state is q0.;['simbolo-q0'];1.0;0;False;{'user_input': 'Hi, looking at this automaton, what is the initial state?', 'intent': 'fsa-practical', 'argument': 'state', 'dialogue_act': 'Ta:request', 'frame': {'initialState': '?'}}
Correctness;5;can you tell me which states are present in this finite automaton?;The state q0 exists.;['simbolo-q0'];0.2;1;False;{'user_input': 'can you tell me which states are present in this finite automaton?', 'intent': 'fsa-practical', 'argument': 'state', 'dialogue_act': 'Ta:request', 'frame': {'states': '?'}}
Correctness;5;can you tell me what the states of this automaton are?;The state q0 exists.;['simbolo-q0'];0.2;2;False;{'user_input': 'can you tell me what the states of this automaton are?', 'intent': 'fsa-practical', 'argument': 'state', 'dialogue_act': 'Ta:request', 'frame': {'states': '?'}}
Correctness;5;hi, could you tell me what the states of this automaton are?;The state q0 exists.;['simbolo-q0'];0.2;3;False;{'user_input': 'hi, could you tell me what the states of this automaton are?', 'intent': 'fsa-practical', 'argument': 'state', 'dialogue_act': 'Ta:request', 'frame': {'states': '?'}}
Correctness;5;Hi again! Could you tell me what the states of this automaton are?;The state q0 exists.;['simbolo-q0'];0.2;4;False;{'user_input': 'Hi again! Could you tell me what the states of this automaton are?', 'intent': 'fsa-practical', 'argument': 'state', 'dialogue_act': 'Ta:request', 'frame': {'states': '?'}}
Correctness;5;Which are the states of this automaton?;The state q0 exists.;['simbolo-q0'];0.2;5;False;{'user_input': 'Which are the states of this automaton?', 'intent': 'fsa-practical', 'argument': 'state', 'dialogue_act': 'Ta:request', 'frame': {'states': '?'}}
Correctness;5;The automaton is in state q0 after exactly 2 transitions.;the transition is not defined.;[];0.0;6;False;{'user_input': 'The automaton is in state q0 after exactly 2 transitions.', 'intent': 'fsa-practical', 'argument': 'transition', 'dialogue_act': 'Ta:request', 'frame': {'transitions': [['q0', 'q1', '?'], ['q1', 'q0', '?']]}}
Correctness;5;i want to set the transitions of this automaton: from q0 to q1 with label “?” and from q1 to q0 with label “?”.;the transition is not defined.;[];0.2;7;False;{'user_input': 'i want to set the transitions of this automaton: from q0 to q1 with label “?” and from q1 to q0 with label “?”.', 'intent': 'fsa-practical', 'argument': 'transition', 'dialogue_act': 'Ta:request', 'frame': {'transitions': [['q0', 'q1', '?'], ['q1', 'q0', '?']]}}
Correctness;5;what are the transitions from q0 to q1 and from q1 to q0 in this automaton?;the transition is not defined.;[];1.0;7;False;{'user_input': 'what are the transitions from q0 to q1 and from q1 to q0 in this automaton?', 'intent': 'fsa-practical', 'argument': 'transition', 'dialogue_act': 'Ta:request', 'frame': {'transitions': [['q0', 'q1', '?'], ['q1', 'q0', '?']]}}
Correctness;5;What are the transitions from q0 to q1 and from q1 to q0 in this automaton?;the transition is not defined.;[];1.0;7;False;{'user_input': 'What are the transitions from q0 to q1 and from q1 to q0 in this automaton?', 'intent': 'fsa-practical', 'argument': 'transition', 'dialogue_act': 'Ta:request', 'frame': {'transitions': [['q0', 'q1', '?'], ['q1', 'q0', '?']]}}
Correctness;5;What are the transitions from q0 to q1 and from q1 to q0 in this automaton?;the transition is not defined.;[];1.0;7;False;{'user_input': 'What are the transitions from q0 to q1 and from q1 to q0 in this automaton?', 'intent': 'fsa-practical', 'argument': 'transition', 'dialogue_act': 'Ta:request', 'frame': {'transitions': [['q0', 'q1', '?'], ['q1', 'q0', '?']]}}
VisualRelevancy;1;Can I go directly from q2 to q4 in this automaton?;the transition is not defined.;[];1.0;0;False;{'user_input': 'Can I go directly from q2 to q4 in this automaton?', 'intent': 'fsa-practical', 'argument': 'transition', 'dialogue_act': 'Ta:propositionalQuestion', 'frame': {'transitions': [['q2', 'q4', '?']]}}
VisualRelevancy;1;What is the value of the transition from state q2 to state q4?;the transition is not defined.;[];1.0;0;False;{'user_input': 'What is the value of the transition from state q2 to state q4?', 'intent': 'fsa-practical', 'argument': 'transition', 'dialogue_act': 'Ta:request', 'frame': {'transitions': [['q2', 'q4', '?']]}}
VisualRelevancy;1;Can you list all the transitions of this non-deterministic automaton?;The automaton has 5 transitions: q0 with value 1 goes to q1, q1 with value 1 goes to q2, q2 with value 0 goes to q3, q3 with value 0 goes to q4, q4 with value 0 goes to q0.;['simbolo-q0-q1', 'simbolo-q1-q2', 'simbolo-q2-q3', 'simbolo-q3-q4', 'simbolo-q4-q0'];1.0;0;False;{'user_input': 'Can you list all the transitions of this non-deterministic automaton?', 'intent': 'fsa-practical', 'argument': 'transition', 'dialogue_act': 'Ta:request', 'frame': {'transitions': []}}
VisualRelevancy;1;What are the transitions of this automaton?;The automaton has 5 transitions: q0 with value 1 goes to q1, q1 with value 1 goes to q2, q2 with value 0 goes to q3, q3 with value 0 goes to q4, q4 with value 0 goes to q0.;['simbolo-q0-q1', 'simbolo-q1-q2', 'simbolo-q2-q3', 'simbolo-q3-q4', 'simbolo-q4-q0'];1.0;0;False;{'user_input': 'What are the transitions of this automaton?', 'intent': 'fsa-practical', 'argument': 'transition', 'dialogue_act': 'Ta:request', 'frame': {'transitions': []}}
VisualRelevancy;1;Can you list all the transitions of this automaton for me?;The automaton has 5 transitions: q0 with value 1 goes to q1, q1 with value 1 goes to q2, q2 with value 0 goes to q3, q3 with value 0 goes to q4, q4 with value 0 goes to q0.;['simbolo-q0-q1', 'simbolo-q1-q2', 'simbolo-q2-q3', 'simbolo-q3-q4', 'simbolo-q4-q0'];1.0;0;False;{'user_input': 'Can you list all the transitions of this automaton for me?', 'intent': 'fsa-practical', 'argument': 'transition', 'dialogue_act': 'Ta:request', 'frame': {'transitions': []}}
VisualRelevancy;1;The transitions of this automaton are: q0→q1 with 1, q1→q2 with 1, q2→q3 with 0, q3→q4 with 0, and q4→q0 with 0.;the transition is not defined.;[];1.0;0;False;{'user_input': 'The transitions of this automaton are: q0→q1 with 1, q1→q2 with 1, q2→q3 with 0, q3→q4 with 0, and q4→q0 with 0.', 'intent': 'fsa-practical', 'argument': 'transition', 'dialogue_act': 'Ta:request', 'frame': {'transitions': [['q0', 'q1', '1'], ['q1', 'q2', '1'], ['q2', 'q3', '0'], ['q3', 'q4', '0'], ['q4', 'q0', '0']]}}
VisualRelevancy;1;in this automaton, the transitions are: from q0 to q1 with input 1, from q1 to q2 with input 1, from q2 to q3 with input 0, from q3 to q4 with input 0, and from q4 back to q0 with input 0.;the transition is not defined.;[];1.0;0;False;{'user_input': 'in this automaton, the transitions are: from q0 to q1 with input 1, from q1 to q2 with input 1, from q2 to q3 with input 0, from q3 to q4 with input 0, and from q4 back to q0 with input 0.', 'intent': 'fsa-practical', 'argument': 'transition', 'dialogue_act': 'Ta:request', 'frame': {'transitions': [['q0', 'q1', '1'], ['q1', 'q2', '1'], ['q2', 'q3', '0'], ['q3', 'q4', '0'], ['q4', 'q0', '0']]}}
VisualRelevancy;1;Which transition leads to the state q3 that has no outgoing transitions?;the transition is not defined.;[];1.0;0;False;{'user_input': 'Which transition leads to the state q3 that has no outgoing transitions?', 'intent': 'fsa-practical', 'argument': 'transition', 'dialogue_act': 'Ta:request', 'frame': {'transitions': [['?', 'q3', '?']]}}
VisualRelevancy;1;which spatial arrangement of the transitions would be optimal for representing this automaton?;Could you be more specific?;[];1.0;0;False;{'user_input': 'which spatial arrangement of the transitions would be optimal for representing this automaton?', 'intent': 'fsa-practical', 'argument': 'pattern', 'dialogue_act': 'Ta:request', 'frame': {'optimalSpatialArrangement': '?'}}
VisualRelevancy;1;what is the optimal spatial arrangement of this pattern in the automaton?;Could you be more specific?;[];1.0;0;False;{'user_input': 'what is the optimal spatial arrangement of this pattern in the automaton?', 'intent': 'fsa-practical', 'argument': 'pattern', 'dialogue_act': 'Ta:request', 'frame': {'optimalSpatialArrangement': '?'}}
VisualRelevancy;1;can you tell me what language is recognized by this automaton, considering its optimal spatial arrangement?;Could you be more specific?;[];1.0;0;False;{'user_input': 'can you tell me what language is recognized by this automaton, considering its optimal spatial arrangement?', 'intent': 'fsa-practical', 'argument': 'language', 'dialogue_act': 'Ta:request', 'frame': {'optimalSpatialArrangement': '?'}}
VisualRelevancy;1;What is the language recognized by this automaton, considering its optimal spatial arrangement?;Could you be more specific?;[];1.0;0;False;{'user_input': 'What is the language recognized by this automaton, considering its optimal spatial arrangement?', 'intent': 'fsa-practical', 'argument': 'language', 'dialogue_act': 'Ta:request', 'frame': {'optimalSpatialArrangement': '?'}}
VisualRelevancy;1;what is the language accepted by this finite state automaton, in particular considering its optimal spatial arrangement?;Could you be more specific?;[];1.0;0;False;{'user_input': 'what is the language accepted by this finite state automaton, in particular considering its optimal spatial arrangement?', 'intent': 'fsa-practical', 'argument': 'language', 'dialogue_act': 'Ta:request', 'frame': {'alphabet': '?', 'input': '?', 'optimalSpatialArrangement': '?'}}
VisualRelevancy;1;What is the initial state of this automaton’s language?;The initial state is q0.;['simbolo-q0'];1.0;0;False;{'user_input': 'What is the initial state of this automaton’s language?', 'intent': 'fsa-practical', 'argument': 'state', 'dialogue_act': 'Ta:request', 'frame': {'initialState': '?'}}
VisualRelevancy;1;What are the final states of this automaton?;The final state is q0.;['simbolo-q0'];1.0;0;False;{'user_input': 'What are the final states of this automaton?', 'intent': 'fsa-practical', 'argument': 'state', 'dialogue_act': 'Ta:request', 'frame': {'finalStates': '?'}}
VisualRelevancy;2;What is the value of the transition from q1 to q2?;the transition is not defined.;[];1.0;0;False;{'user_input': 'What is the value of the transition from q1 to q2?', 'intent': 'fsa-practical', 'argument': 'transition', 'dialogue_act': 'Ta:request', 'frame': {'transitions': [['q1', 'q2', '?']]}}
VisualRelevancy;2;what is the transition label from this to that?;The transition from q1 to q2 has value 1.;['simbolo-q1-q2'];1.0;0;False;{'user_input': 'what is the transition label from this to that?', 'intent': 'fsa-practical', 'argument': 'transition', 'dialogue_act': 'Ta:request', 'frame': {'states': ['q1', 'q2']}, '_raw_frame': {'transitions': []}}
VisualRelevancy;2;The transition goes from state q1 to state q2.;the transition is not defined.;[];1.0;0;False;{'user_input': 'The transition goes from state q1 to state q2.', 'intent': 'fsa-practical', 'argument': 'transition', 'dialogue_act': 'Ta:request', 'frame': {'transitions': [['q1', 'q2', '?']]}}
VisualRelevancy;2;What is the language accepted by the automaton for the transition from q1 to q2 with unknown input symbol?;Could you be more specific?;[];0.9;0;False;{'user_input': 'What is the language accepted by the automaton for the transition from q1 to q2 with unknown input symbol?', 'intent': 'fsa-practical', 'argument': 'language', 'dialogue_act': 'Ta:request', 'frame': {'transitions': [['q1', 'q2', '?']]}}
VisualRelevancy;2;what is the symbol on this in the language of this automaton?;MUTATION The transition between q1 and q2 is with value 1.;['simbolo-q1-q2'];1.0;0;True;{'user_input': 'what is the symbol on this in the language of this automaton?', 'intent': 'fsa-practical', 'argument': 'state', 'dialogue_act': 'Ta:request', 'frame': {'transitions': [['q1', 'q2', '?']]}, '_raw_frame': {'input': '?'}}
VisualRelevancy;2;what is the label of this in the language of this automaton?;Could you be more specific?;[];1.0;0;False;{'user_input': 'what is the label of this in the language of this automaton?', 'intent': 'fsa-practical', 'argument': 'alphabet', 'dialogue_act': 'Ta:request', 'frame': {'transitions': [['q1', 'q2', '?']]}, '_raw_frame': {'alphabet': '?'}}
VisualRelevancy;2;Before saying goodbye, in this automaton with states q0–q4, what is the missing input symbol for the transition from q1 to q2?;the transition is not defined.;[];1.0;0;False;{'user_input': 'Before saying goodbye, in this automaton with states q0–q4, what is the missing input symbol for the transition from q1 to q2?', 'intent': 'fsa-practical', 'argument': 'transition', 'dialogue_act': 'Ta:request', 'frame': {'transitions': [['q1', 'q2', '?']]}}
VisualRelevancy;2;What is the symbol of the transition from state q1 to state q2 in the language of this automaton?;the transition is not defined.;[];1.0;0;False;{'user_input': 'What is the symbol of the transition from state q1 to state q2 in the language of this automaton?', 'intent': 'fsa-practical', 'argument': 'transition', 'dialogue_act': 'Ta:request', 'frame': {'transitions': [['q1', 'q2', '?']]}}
VisualRelevancy;2;What is the language accepted by the automaton if the transition from q1 to q2 has an unknown input symbol?;Could you be more specific?;[];1.0;0;False;{'user_input': 'What is the language accepted by the automaton if the transition from q1 to q2 has an unknown input symbol?', 'intent': 'fsa-practical', 'argument': 'language', 'dialogue_act': 'Ta:request', 'frame': {'input': '?'}}
VisualRelevancy;3;Is this automaton deterministic or non-deterministic?;The automaton accepts zero or more words formed by a sequence of the type 11000. In total there are 5 states: q0, q1, q2, q3 and q4. q0 is both the initial and the final state. The transitions are: q0 with value 1 goes to q1, q1 with value 1 goes to q2, q2 with value 0 goes to q3, q3 with value 0 goes to q4, q4 with value 0 goes to q0.;[];1.0;0;False;{'user_input': 'Is this automaton deterministic or non-deterministic?', 'intent': 'fsa-practical', 'argument': 'automaton', 'dialogue_act': 'Ta:request', 'frame': {}}
VisualRelevancy;3;this automaton is wrong. the automaton shown on the tablet is not correct and does not properly recognize the intended language.;The automaton accepts zero or more words formed by a sequence of the type 11000. In total there are 5 states: q0, q1, q2, q3 and q4. q0 is both the initial and the final state. The transitions are: q0 with value 1 goes to q1, q1 with value 1 goes to q2, q2 with value 0 goes to q3, q3 with value 0 goes to q4, q4 with value 0 goes to q0.;[];1.0;0;False;{'user_input': 'this automaton is wrong. the automaton shown on the tablet is not correct and does not properly recognize the intended language.', 'intent': 'fsa-practical', 'argument': 'automaton', 'dialogue_act': 'Ta:request', 'frame': {'automatonType': 'propositional', 'language': 'unknown'}}
VisualRelevancy;3;Can you tell me what kind of propositional automaton this is and what language it recognizes?;The automaton accepts zero or more words formed by a sequence of the type 11000. In total there are 5 states: q0, q1, q2, q3 and q4. q0 is both the initial and the final state. The transitions are: q0 with value 1 goes to q1, q1 with value 1 goes to q2, q2 with value 0 goes to q3, q3 with value 0 goes to q4, q4 with value 0 goes to q0.;[];1.0;0;False;{'user_input': 'Can you tell me what kind of propositional automaton this is and what language it recognizes?', 'intent': 'fsa-practical', 'argument': 'automaton', 'dialogue_act': 'Ta:request', 'frame': {'input': '?'}}
VisualRelevancy;3;From which state does this transition of the automaton start?;The initial state is q0.;['simbolo-q0'];0.8;0;False;{'user_input': 'From which state does this transition of the automaton start?', 'intent': 'fsa-practical', 'argument': 'state', 'dialogue_act': 'Ta:request', 'frame': {'initialState': '?'}}
VisualRelevancy;3;What is the alphabet of this automaton?;Could you be more specific?;[];1.0;0;False;{'user_input': 'What is the alphabet of this automaton?', 'intent': 'fsa-practical', 'argument': 'alphabet', 'dialogue_act': 'Ta:request', 'frame': {'alphabet': '?'}}
VisualRelevancy;3;can you tell me which state in this anti‑clockwise automaton i am currently in?;The automaton has 5 states: q0, q1, q2, q3 and q4.;['simbolo-q0', 'simbolo-q1', 'simbolo-q2', 'simbolo-q3', 'simbolo-q4'];0.1;1;False;{'user_input': 'can you tell me which state in this anti‑clockwise automaton i am currently in?', 'intent': 'fsa-practical', 'argument': 'state', 'dialogue_act': 'Ta:request', 'frame': {'state': '?'}}
VisualRelevancy;3;before we say goodbye, could you briefly tell me what the current state of the automaton is?;The automaton has 5 states: q0, q1, q2, q3 and q4.;['simbolo-q0', 'simbolo-q1', 'simbolo-q2', 'simbolo-q3', 'simbolo-q4'];0.2;2;False;{'user_input': 'before we say goodbye, could you briefly tell me what the current state of the automaton is?', 'intent': 'fsa-practical', 'argument': 'state', 'dialogue_act': 'Ta:request', 'frame': {'state': '?'}}
VisualRelevancy;3;What are the states of this automaton?;The state q0 exists.;['simbolo-q0'];0.9;2;False;{'user_input': 'What are the states of this automaton?', 'intent': 'fsa-practical', 'argument': 'state', 'dialogue_act': 'Ta:request', 'frame': {'states': '?'}}
VisualRelevancy;3;What is the state of the automaton?;The automaton has 5 states: q0, q1, q2, q3 and q4.;['simbolo-q0', 'simbolo-q1', 'simbolo-q2', 'simbolo-q3', 'simbolo-q4'];0.9;2;False;{'user_input': 'What is the state of the automaton?', 'intent': 'fsa-practical', 'argument': 'state', 'dialogue_act': 'Ta:request', 'frame': {'state': '?'}}
VisualRelevancy;3;Hi, could you please tell me which state is the initial and final one in this automaton?;The initial state is q0.;['simbolo-q0'];0.9;2;False;{'user_input': 'Hi, could you please tell me which state is the initial and final one in this automaton?', 'intent': 'fsa-practical', 'argument': 'state', 'dialogue_act': 'Ta:request', 'frame': {'initialState': '?', 'finalStates': '?'}}
VisualRelevancy;3;how many states does this automaton have?;This automaton has 5 states;['simbolo-q0', 'simbolo-q1', 'simbolo-q2', 'simbolo-q3', 'simbolo-q4'];1.0;2;False;{'user_input': 'how many states does this automaton have?', 'intent': 'fsa-practical', 'argument': 'state', 'dialogue_act': 'Ta:request', 'frame': {'numberOfStates': '?'}}
VisualRelevancy;4;Which strings of 0s and 1s are accepted by this automaton?;Could you be more specific?;[];1.0;0;False;{'user_input': 'Which strings of 0s and 1s are accepted by this automaton?', 'intent': 'fsa-practical', 'argument': 'language', 'dialogue_act': 'Ta:request', 'frame': {'input': '?'}}
VisualRelevancy;4;what is the initial state of this automaton’s language?;The initial state is q0.;['simbolo-q0'];1.0;0;False;{'user_input': 'what is the initial state of this automaton’s language?', 'intent': 'fsa-practical', 'argument': 'state', 'dialogue_act': 'Ta:request', 'frame': {'initialState': '?'}}
VisualRelevancy;4;What is the initial state of this automaton?;The initial state is q0.;['simbolo-q0'];1.0;0;False;{'user_input': 'What is the initial state of this automaton?', 'intent': 'fsa-practical', 'argument': 'state', 'dialogue_act': 'Ta:request', 'frame': {'initialState': '?'}}
VisualRelevancy;4;What is the initial state of this automaton?;The initial state is q0.;['simbolo-q0'];1.0;0;False;{'user_input': 'What is the initial state of this automaton?', 'intent': 'fsa-practical', 'argument': 'state', 'dialogue_act': 'Ta:request', 'frame': {'initialState': '?'}}
VisualRelevancy;4;What is the initial state of this automaton?;The initial state is q0.;['simbolo-q0'];1.0;0;False;{'user_input': 'What is the initial state of this automaton?', 'intent': 'fsa-practical', 'argument': 'state', 'dialogue_act': 'Ta:request', 'frame': {'initialState': '?'}}
VisualRelevancy;4;what is the initial state of this automaton?;The initial state is q0.;['simbolo-q0'];1.0;0;False;{'user_input': 'what is the initial state of this automaton?', 'intent': 'fsa-practical', 'argument': 'state', 'dialogue_act': 'Ta:request', 'frame': {'initialState': '?'}}
VisualRelevancy;4;hi, could you tell me what the initial state of this finite state automaton is?;The initial state is q0.;['simbolo-q0'];1.0;0;False;{'user_input': 'hi, could you tell me what the initial state of this finite state automaton is?', 'intent': 'fsa-practical', 'argument': 'state', 'dialogue_act': 'Ta:request', 'frame': {'initialState': '?'}}
VisualRelevancy;4;what is the initial state of this finite state automaton?;The initial state is q0.;['simbolo-q0'];1.0;0;False;{'user_input': 'what is the initial state of this finite state automaton?', 'intent': 'fsa-practical', 'argument': 'state', 'dialogue_act': 'Ta:request', 'frame': {'initialState': '?'}}
VisualRelevancy;4;What is the initial state of this automaton?;The initial state is q0.;['simbolo-q0'];1.0;0;False;{'user_input': 'What is the initial state of this automaton?', 'intent': 'fsa-practical', 'argument': 'state', 'dialogue_act': 'Ta:request', 'frame': {'initialState': '?'}}
VisualRelevancy;4;Is the initial state of this automaton q0 or a different state?;The initial state is q0.;['simbolo-q0'];1.0;0;False;{'user_input': 'Is the initial state of this automaton q0 or a different state?', 'intent': 'fsa-practical', 'argument': 'state', 'dialogue_act': 'Ta:propositionalQuestion', 'frame': {'initialState': 'q0'}}
VisualRelevancy;4;What is the initial state of this automaton?;The initial state is q0.;['simbolo-q0'];1.0;0;False;{'user_input': 'What is the initial state of this automaton?', 'intent': 'fsa-practical', 'argument': 'state', 'dialogue_act': 'Ta:request', 'frame': {'initialState': '?'}}
VisualRelevancy;4;what is the initial state of this automaton?;The initial state is q0.;['simbolo-q0'];1.0;0;False;{'user_input': 'what is the initial state of this automaton?', 'intent': 'fsa-practical', 'argument': 'state', 'dialogue_act': 'Ta:request', 'frame': {'initialState': '?'}}
VisualRelevancy;4;what is the initial state of this automaton?;The initial state is q0.;['simbolo-q0'];1.0;0;False;{'user_input': 'what is the initial state of this automaton?', 'intent': 'fsa-practical', 'argument': 'state', 'dialogue_act': 'Ta:request', 'frame': {'initialState': '?'}}
VisualRelevancy;4;what is the initial state of this finite state automaton?;The initial state is q0.;['simbolo-q0'];1.0;0;False;{'user_input': 'what is the initial state of this finite state automaton?', 'intent': 'fsa-practical', 'argument': 'state', 'dialogue_act': 'Ta:request', 'frame': {'initialState': '?'}}
VisualRelevancy;4;what is the initial state of this finite state automaton?;The initial state is q0.;['simbolo-q0'];1.0;0;False;{'user_input': 'what is the initial state of this finite state automaton?', 'intent': 'fsa-practical', 'argument': 'state', 'dialogue_act': 'Ta:request', 'frame': {'initialState': '?'}}
VisualRelevancy;5;If I start from q0 and read the input 11000, do I end in a final state?;Could you be more specific?;[];0.9;0;False;{'user_input': 'If I start from q0 and read the input 11000, do I end in a final state?', 'intent': 'fsa-practical', 'argument': 'language', 'dialogue_act': 'Ta:request', 'frame': {'input': '11000'}}
VisualRelevancy;5;can you run this automaton on the input 11000 and tell me what happens?;The automaton accepts zero or more words formed by a sequence of the type 11000. In total there are 5 states: q0, q1, q2, q3 and q4. q0 is both the initial and the final state. The transitions are: q0 with value 1 goes to q1, q1 with value 1 goes to q2, q2 with value 0 goes to q3, q3 with value 0 goes to q4, q4 with value 0 goes to q0.;[];1.0;0;False;{'user_input': 'can you run this automaton on the input 11000 and tell me what happens?', 'intent': 'fsa-practical', 'argument': 'automaton', 'dialogue_act': 'Ta:request', 'frame': {'input': '11000'}}
VisualRelevancy;5;please run the automaton on the input string 11000 and tell me what language word that is.;Could you be more specific?;[];1.0;0;False;{'user_input': 'please run the automaton on the input string 11000 and tell me what language word that is.', 'intent': 'fsa-practical', 'argument': 'language', 'dialogue_act': 'Ta:request', 'frame': {'input': '11000'}}
VisualRelevancy;5;What is the language recognized by this automaton for the input 11000?;Could you be more specific?;[];1.0;0;False;{'user_input': 'What is the language recognized by this automaton for the input 11000?', 'intent': 'fsa-practical', 'argument': 'language', 'dialogue_act': 'Ta:request', 'frame': {'input': '11000'}}
VisualRelevancy;5;what is the optimal spatial representation of the language recognized by this finite state automaton?;The automaton accepts zero or more words formed by a sequence of the type 11000. In total there are 5 states: q0, q1, q2, q3 and q4. q0 is both the initial and the final state. The transitions are: q0 with value 1 goes to q1, q1 with value 1 goes to q2, q2 with value 0 goes to q3, q3 with value 0 goes to q4, q4 with value 0 goes to q0.;[];1.0;0;False;{'user_input': 'what is the optimal spatial representation of the language recognized by this finite state automaton?', 'intent': 'fsa-practical', 'argument': None, 'dialogue_act': 'Ta:request', 'frame': {'optimal spatial representation': '?'}}
VisualRelevancy;5;before we say goodbye, could you please tell me what language is recognized by this automaton for the input 11000?;Could you be more specific?;[];1.0;0;False;{'user_input': 'before we say goodbye, could you please tell me what language is recognized by this automaton for the input 11000?', 'intent': 'fsa-practical', 'argument': 'language', 'dialogue_act': 'Ta:request', 'frame': {'input': '11000'}}
BaseLine;5;Does this automaton define a regular language or something else?;Could you be more specific?;[];-1;-1;False;{'user_input': 'Does this automaton define a regular language or something else?', 'intent': 'fsa-practical', 'argument': 'language', 'dialogue_act': 'Ta:propositionalQuestion', 'frame': {'input': '?'}};[0.0, 0.1, 0.0, 1.0]
BaseLine;6;Can you list every transition that leaves q0?;The automaton has 5 transitions: q0 with value 1 goes to q1, q1 with value 1 goes to q2, q2 with value 0 goes to q3, q3 with value 0 goes to q4, q4 with value 0 goes to q0.;['simbolo-q0-q1', 'simbolo-q1-q2', 'simbolo-q2-q3', 'simbolo-q3-q4', 'simbolo-q4-q0'];-1;-1;False;{'user_input': 'Can you list every transition that leaves q0?', 'intent': 'fsa-practical', 'argument': 'transition', 'dialogue_act': 'Ta:request', 'frame': {'transitions': []}};[0.2, 0.4, 0.5, 0.2]
BaseLine;7;What label is written on the arrow from q1 to q2?;the transition is not defined.;[];-1;-1;False;{'user_input': 'What label is written on the arrow from q1 to q2?', 'intent': 'fsa-practical', 'argument': 'transition', 'dialogue_act': 'Ta:request', 'frame': {'transitions': [['q1', 'q2', '?']]}};[0.0, 0.2, 0.0, 1.0]
BaseLine;8;From q2, is there any way at all to reach q4 using the shown transitions?;the transition is not defined.;[];-1;-1;False;{'user_input': 'From q2, is there any way at all to reach q4 using the shown transitions?', 'intent': 'fsa-practical', 'argument': 'transition', 'dialogue_act': 'Ta:propositionalQuestion', 'frame': {'transitions': [['q2', 'q4', '?']]}};[0.1, 0.2, 0.1, 0.9]
BaseLine;9;Tell me which states are accepting in this machine.;The state q0 exists.;['simbolo-q0'];-1;-1;False;{'user_input': 'Tell me which states are accepting in this machine.', 'intent': 'fsa-practical', 'argument': 'state', 'dialogue_act': 'Ta:request', 'frame': {'states': '?'}};[0.2, 0.4, 0.2, 0.9]
BaseLine;10;Which state do we start in when we run this automaton?;The initial state is q0.;['simbolo-q0'];-1;-1;False;{'user_input': 'Which state do we start in when we run this automaton?', 'intent': 'fsa-practical', 'argument': 'state', 'dialogue_act': 'Ta:request', 'frame': {'initialState': '?'}};[1.0, 1.0, 1.0, 1.0]
BaseLine;11;How many different states appear in this picture?;This automaton has 5 states;['simbolo-q0', 'simbolo-q1', 'simbolo-q2', 'simbolo-q3', 'simbolo-q4'];-1;-1;False;{'user_input': 'How many different states appear in this picture?', 'intent': 'fsa-practical', 'argument': 'state', 'dialogue_act': 'Ta:request', 'frame': {'numberOfStates': '?'}};[1.0, 1.0, 1.0, 1.0]
BaseLine;12;Does this automaton accept any input that does not contain the pattern 11000?;Could you be more specific?;[];-1;-1;False;{'user_input': 'Does this automaton accept any input that does not contain the pattern 11000?', 'intent': 'fsa-practical', 'argument': 'language', 'dialogue_act': 'Ta:request', 'frame': {'input': '!pattern'}};[0.0, 0.1, 0.0, 1.0]
BaseLine;13;For the input string 11000, tell me if the automaton accepts or rejects it.;Could you be more specific?;[];-1;-1;False;{'user_input': 'For the input string 11000, tell me if the automaton accepts or rejects it.', 'intent': 'fsa-practical', 'argument': 'language', 'dialogue_act': 'Ta:request', 'frame': {'input': '11000'}};[0.0, 0.1, 0.0, 1.0]
BaseLine;14;What is the smallest nonempty string that sends the automaton back to q0?;The automaton accepts zero or more words formed by a sequence of the type 11000. In total there are 5 states: q0, q1, q2, q3 and q4. q0 is both the initial and the final state. The transitions are: q0 with value 1 goes to q1, q1 with value 1 goes to q2, q2 with value 0 goes to q3, q3 with value 0 goes to q4, q4 with value 0 goes to q0.;[];-1;-1;False;{'user_input': 'What is the smallest nonempty string that sends the automaton back to q0?', 'intent': 'fsa-practical', 'argument': None, 'dialogue_act': 'Ta:request', 'frame': {'input': '?'}};[0.2, 0.4, 0.3, 1.0]
BaseLine;15;Is the alphabet of this automaton just {0,1} or something else?;Could you be more specific?;[];-1;-1;False;{'user_input': 'Is the alphabet of this automaton just {0,1} or something else?', 'intent': 'fsa-practical', 'argument': 'alphabet', 'dialogue_act': 'Ta:request', 'frame': {'alphabet': '{0,1}'}};[0.0, 0.1, 0.0, 1.0]
BaseLine;16;Would you call this automaton deterministic or nondeterministic?;The automaton accepts zero or more words formed by a sequence of the type 11000. In total there are 5 states: q0, q1, q2, q3 and q4. q0 is both the initial and the final state. The transitions are: q0 with value 1 goes to q1, q1 with value 1 goes to q2, q2 with value 0 goes to q3, q3 with value 0 goes to q4, q4 with value 0 goes to q0.;[];-1;-1;False;{'user_input': 'Would you call this automaton deterministic or nondeterministic?', 'intent': 'fsa-practical', 'argument': 'automaton', 'dialogue_act': 'Ta:request', 'frame': {'input': 'automatonType'}};[0.1, 0.3, 0.2, 1.0]
BaseLine;17;Which state in this diagram has the greatest number of incoming or outgoing arrows?;The automaton has 5 states: q0, q1, q2, q3 and q4.;['simbolo-q0', 'simbolo-q1', 'simbolo-q2', 'simbolo-q3', 'simbolo-q4'];-1;-1;False;{'user_input': 'Which state in this diagram has the greatest number of incoming or outgoing arrows?', 'intent': 'fsa-practical', 'argument': 'state', 'dialogue_act': 'Ta:request', 'frame': {'input': '?'}};[0.0, 0.2, 0.0, 0.9]
BaseLine;18;Is there a state here that has no outgoing transitions at all?;The state q0 exists.;['simbolo-q0'];-1;-1;False;{'user_input': 'Is there a state here that has no outgoing transitions at all?', 'intent': 'fsa-practical', 'argument': 'state', 'dialogue_act': 'Ta:request', 'frame': {'states': '?'}};[0.0, 0.1, 0.0, 0.0]
BaseLine;19;Show me a string that is rejected by this automaton even though it contains 11000.;Could you be more specific?;[];-1;-1;False;{'user_input': 'Show me a string that is rejected by this automaton even though it contains 11000.', 'intent': 'fsa-practical', 'argument': 'pattern', 'dialogue_act': 'Ta:request', 'frame': {'input': '11000'}};[0.0, 0.1, 0.0, 0.9]
BaseLine;20;What kind of language, in formal language theory terms, does this automaton recognize?;Could you be more specific?;[];-1;-1;False;{'user_input': 'What kind of language, in formal language theory terms, does this automaton recognize?', 'intent': 'fsa-practical', 'argument': 'language', 'dialogue_act': 'Ta:request', 'frame': {'input': '?'}};[0.0, 0.1, 0.0, 1.0]
BaseLine;21;Can I jump directly from q2 to q4 in this diagram?;the transition is not defined.;[];-1;-1;False;{'user_input': 'Can I jump directly from q2 to q4 in this diagram?', 'intent': 'fsa-practical', 'argument': 'transition', 'dialogue_act': 'Ta:request', 'frame': {'transitions': [['q2', 'q4', '?']]}};[1.0, 1.0, 1.0, 1.0]
BaseLine;22;What is the label on the arrow that leaves q1?;the transition is not defined.;[];-1;-1;False;{'user_input': 'What is the label on the arrow that leaves q1?', 'intent': 'fsa-practical', 'argument': 'transition', 'dialogue_act': 'Ta:request', 'frame': {'transitions': [['q1', '?', '?']]}};[0.0, 0.2, 0.0, 1.0]
BaseLine;23;Tell me the total count of arrows between all the states.;The automaton has 5 transitions: q0 with value 1 goes to q1, q1 with value 1 goes to q2, q2 with value 0 goes to q3, q3 with value 0 goes to q4, q4 with value 0 goes to q0.;['simbolo-q0-q1', 'simbolo-q1-q2', 'simbolo-q2-q3', 'simbolo-q3-q4', 'simbolo-q4-q0'];-1;-1;False;{'user_input': 'Tell me the total count of arrows between all the states.', 'intent': 'fsa-practical', 'argument': 'transition', 'dialogue_act': 'Ta:request', 'frame': {'numberOfTransitions': '?'}};[1.0, 1.0, 1.0, 1.0]
BaseLine;24;Which states are accepting in this automaton?;The state q0 exists.;['simbolo-q0'];-1;-1;False;{'user_input': 'Which states are accepting in this automaton?', 'intent': 'fsa-practical', 'argument': 'state', 'dialogue_act': 'Ta:request', 'frame': {'states': '?'}};[0.9, 0.9, 1.0, 0.9]
BaseLine;25;From which state does the machine start its run?;The initial state is q0.;['simbolo-q0'];-1;-1;False;{'user_input': 'From which state does the machine start its run?', 'intent': 'fsa-practical', 'argument': 'state', 'dialogue_act': 'Ta:request', 'frame': {'initialState': '?'}};[1.0, 1.0, 1.0, 1.0]
BaseLine;26;Does this automaton read any symbol other than 0 and 1?;The automaton accepts zero or more words formed by a sequence of the type 11000. In total there are 5 states: q0, q1, q2, q3 and q4. q0 is both the initial and the final state. The transitions are: q0 with value 1 goes to q1, q1 with value 1 goes to q2, q2 with value 0 goes to q3, q3 with value 0 goes to q4, q4 with value 0 goes to q0.;[];-1;-1;False;{'user_input': 'Does this automaton read any symbol other than 0 and 1?', 'intent': 'fsa-practical', 'argument': 'automaton', 'dialogue_act': 'Ta:propositionalQuestion', 'frame': {'input': '?'}};[0.2, 0.4, 0.3, 1.0]
BaseLine;27;Tell me whether this automaton is deterministic.;The automaton accepts zero or more words formed by a sequence of the type 11000. In total there are 5 states: q0, q1, q2, q3 and q4. q0 is both the initial and the final state. The transitions are: q0 with value 1 goes to q1, q1 with value 1 goes to q2, q2 with value 0 goes to q3, q3 with value 0 goes to q4, q4 with value 0 goes to q0.;[];-1;-1;False;{'user_input': 'Tell me whether this automaton is deterministic.', 'intent': 'fsa-practical', 'argument': 'automaton', 'dialogue_act': 'Ta:request', 'frame': {}};[0.2, 0.6, 0.3, 1.0]
BaseLine;28;What kind of language does this machine recognize in theory?;Could you be more specific?;[];-1;-1;False;{'user_input': 'What kind of language does this machine recognize in theory?', 'intent': 'fsa-practical', 'argument': 'language', 'dialogue_act': 'Ta:request', 'frame': {'input': '?'}};[0.0, 0.1, 0.0, 1.0]
BaseLine;29;Show me what the machine does with the input 11000.;Could you be more specific?;[];-1;-1;False;{'user_input': 'Show me what the machine does with the input 11000.', 'intent': 'fsa-practical', 'argument': 'pattern', 'dialogue_act': 'Ta:request', 'frame': {'input': '11000'}};[0.0, 0.1, 0.0, 1.0]
BaseLine;30;Which state do we reach after reading 110 from q0?;The automaton has 5 states: q0, q1, q2, q3 and q4.;['simbolo-q0', 'simbolo-q1', 'simbolo-q2', 'simbolo-q3', 'simbolo-q4'];-1;-1;False;{'user_input': 'Which state do we reach after reading 110 from q0?', 'intent': 'fsa-practical', 'argument': 'state', 'dialogue_act': 'Ta:request', 'frame': {'input': '110'}};[0.1, 0.2, 0.2, 0.3]
BaseLine;31;Name the state that has no outgoing arrows, if any.;The state q0 exists.;['simbolo-q0'];-1;-1;False;{'user_input': 'Name the state that has no outgoing arrows, if any.', 'intent': 'fsa-practical', 'argument': 'state', 'dialogue_act': 'Ta:request', 'frame': {'states': '?'}};[0.0, 0.2, 0.0, 0.2]
BaseLine;32;Is q0 the only state where the machine can stop and accept?;The automaton has 5 states: q0, q1, q2, q3 and q4.;['simbolo-q0', 'simbolo-q1', 'simbolo-q2', 'simbolo-q3', 'simbolo-q4'];-1;-1;False;{'user_input': 'Is q0 the only state where the machine can stop and accept?', 'intent': 'fsa-practical', 'argument': 'state', 'dialogue_act': 'Ta:request', 'frame': {'state': 'q0'}};[0.0, 0.2, 0.0, 0.8]
BaseLine;33;Explain what pattern of bits this automaton is checking for.;Could you be more specific?;[];-1;-1;False;{'user_input': 'Explain what pattern of bits this automaton is checking for.', 'intent': 'fsa-practical', 'argument': 'pattern', 'dialogue_act': 'Ta:request', 'frame': {'patternType': '?'}};[0.0, 0.1, 0.0, 1.0]
BaseLine;34;How many different states appear in this picture?;This automaton has 5 states;['simbolo-q0', 'simbolo-q1', 'simbolo-q2', 'simbolo-q3', 'simbolo-q4'];-1;-1;False;{'user_input': 'How many different states appear in this picture?', 'intent': 'fsa-practical', 'argument': 'state', 'dialogue_act': 'Ta:request', 'frame': {'numberOfStates': '?'}};[1.0, 1.0, 1.0, 1.0]
BaseLine;35;Describe the full list of transitions that involve state q3.;The automaton has 5 transitions: q0 with value 1 goes to q1, q1 with value 1 goes to q2, q2 with value 0 goes to q3, q3 with value 0 goes to q4, q4 with value 0 goes to q0.;['simbolo-q0-q1', 'simbolo-q1-q2', 'simbolo-q2-q3', 'simbolo-q3-q4', 'simbolo-q4-q0'];-1;-1;False;{'user_input': 'Describe the full list of transitions that involve state q3.', 'intent': 'fsa-practical', 'argument': 'transition', 'dialogue_act': 'Ta:request', 'frame': {'transitions': []}};[0.4, 0.5, 0.5, 1.0]
BaseLine;36;Can you tell me how this machine gets back to q0 after leaving it?;the transition is not defined.;[];-1;-1;False;{'user_input': 'Can you tell me how this machine gets back to q0 after leaving it?', 'intent': 'fsa-practical', 'argument': 'transition', 'dialogue_act': 'Ta:request', 'frame': {'transitions': [['q0', '?', 'q0'], '?', 'q0']}};[0.0, 0.2, 0.0, 1.0]
BaseLine;37;From q2, what single transition do I follow next in this picture?;The automaton has 5 transitions: q0 with value 1 goes to q1, q1 with value 1 goes to q2, q2 with value 0 goes to q3, q3 with value 0 goes to q4, q4 with value 0 goes to q0.;['simbolo-q0-q1', 'simbolo-q1-q2', 'simbolo-q2-q3', 'simbolo-q3-q4', 'simbolo-q4-q0'];-1;-1;False;{'user_input': 'From q2, what single transition do I follow next in this picture?', 'intent': 'fsa-practical', 'argument': 'transition', 'dialogue_act': 'Ta:request', 'frame': {'transitions': []}};[0.2, 0.3, 1.0, 0.2]
BaseLine;38;What is the label on the arrow that goes from q1 to q2 here?;the transition is not defined.;[];-1;-1;False;{'user_input': 'What is the label on the arrow that goes from q1 to q2 here?', 'intent': 'fsa-practical', 'argument': 'transition', 'dialogue_act': 'Ta:request', 'frame': {'transitions': [['q1', 'q2', '?']]}};[0.0, 0.2, 0.0, 1.0]
BaseLine;39;Is there any way, using just one move, to jump directly from q2 to q4 in this automaton?;the transition is not defined.;[];-1;-1;False;{'user_input': 'Is there any way, using just one move, to jump directly from q2 to q4 in this automaton?', 'intent': 'fsa-practical', 'argument': 'transition', 'dialogue_act': 'Ta:propositionalQuestion', 'frame': {'transitions': [['q2', 'q4', '?']]}};[1.0, 1.0, 1.0, 1.0]
BaseLine;40;Which states in this diagram count as final states, exactly?;The final state is q0.;['simbolo-q0'];-1;-1;False;{'user_input': 'Which states in this diagram count as final states, exactly?', 'intent': 'fsa-practical', 'argument': 'state', 'dialogue_act': 'Ta:request', 'frame': {'finalStates': '?'}};[1.0, 1.0, 1.0, 1.0]
BaseLine;41;How many different arrows in total do I see between all the states on this screen?;The automaton has 5 transitions: q0 with value 1 goes to q1, q1 with value 1 goes to q2, q2 with value 0 goes to q3, q3 with value 0 goes to q4, q4 with value 0 goes to q0.;['simbolo-q0-q1', 'simbolo-q1-q2', 'simbolo-q2-q3', 'simbolo-q3-q4', 'simbolo-q4-q0'];-1;-1;False;{'user_input': 'How many different arrows in total do I see between all the states on this screen?', 'intent': 'fsa-practical', 'argument': 'transition', 'dialogue_act': 'Ta:request', 'frame': {'numberOfTransitions': '?'}};[1.0, 1.0, 1.0, 1.0]
BaseLine;42;What kind of automaton is this supposed to be, deterministic or not?;The automaton accepts zero or more words formed by a sequence of the type 11000. In total there are 5 states: q0, q1, q2, q3 and q4. q0 is both the initial and the final state. The transitions are: q0 with value 1 goes to q1, q1 with value 1 goes to q2, q2 with value 0 goes to q3, q3 with value 0 goes to q4, q4 with value 0 goes to q0.;[];-1;-1;False;{'user_input': 'What kind of automaton is this supposed to be, deterministic or not?', 'intent': 'fsa-practical', 'argument': 'automaton', 'dialogue_act': 'Ta:request', 'frame': {'input': 'automatonType'}};[0.1, 0.3, 0.2, 1.0]
BaseLine;43;Does this machine accept the input 11000 when it starts in q0?;Could you be more specific?;[];-1;-1;False;{'user_input': 'Does this machine accept the input 11000 when it starts in q0?', 'intent': 'fsa-practical', 'argument': 'language', 'dialogue_act': 'Ta:propositionalQuestion', 'frame': {'input': '11000'}};[0.0, 0.1, 0.0, 1.0]
BaseLine;44;What set of symbols forms the alphabet of the automaton you are showing me?;Could you be more specific?;[];-1;-1;False;{'user_input': 'What set of symbols forms the alphabet of the automaton you are showing me?', 'intent': 'fsa-practical', 'argument': 'alphabet', 'dialogue_act': 'Ta:request', 'frame': {'alphabet': '?'}};[0.0, 0.1, 0.0, 1.0]
BaseLine;45;Tell me how many states are in this automaton without naming them.;This automaton has 5 states;['simbolo-q0', 'simbolo-q1', 'simbolo-q2', 'simbolo-q3', 'simbolo-q4'];-1;-1;False;{'user_input': 'Tell me how many states are in this automaton without naming them.', 'intent': 'fsa-practical', 'argument': 'state', 'dialogue_act': 'Ta:request', 'frame': {'numberOfStates': '?'}};[1.0, 1.0, 1.0, 0.9]
BaseLine;46;Which state should I consider as the only starting point of this machine?;The initial state is q0.;['simbolo-q0'];-1;-1;False;{'user_input': 'Which state should I consider as the only starting point of this machine?', 'intent': 'fsa-practical', 'argument': 'state', 'dialogue_act': 'Ta:request', 'frame': {'initialState': '?'}};[1.0, 1.0, 1.0, 1.0]
BaseLine;47;What is the output of the automaton if I give it the string 11100?;Could you be more specific?;[];-1;-1;False;{'user_input': 'What is the output of the automaton if I give it the string 11100?', 'intent': 'fsa-practical', 'argument': 'language', 'dialogue_act': 'Ta:request', 'frame': {'input': '11100'}};[0.0, 0.1, 0.0, 1.0]
BaseLine;48;Is the language recognized by this automaton regular according to theory?;Could you be more specific?;[];-1;-1;False;{'user_input': 'Is the language recognized by this automaton regular according to theory?', 'intent': 'fsa-practical', 'argument': 'language', 'dialogue_act': 'Ta:request', 'frame': {'automatonType': '?'}};[0.0, 0.1, 0.0, 1.0]
BaseLine;49;Show me the full list of transitions for this automaton as you understand them.;The automaton has 5 transitions: q0 with value 1 goes to q1, q1 with value 1 goes to q2, q2 with value 0 goes to q3, q3 with value 0 goes to q4, q4 with value 0 goes to q0.;['simbolo-q0-q1', 'simbolo-q1-q2', 'simbolo-q2-q3', 'simbolo-q3-q4', 'simbolo-q4-q0'];-1;-1;False;{'user_input': 'Show me the full list of transitions for this automaton as you understand them.', 'intent': 'fsa-practical', 'argument': 'transition', 'dialogue_act': 'Ta:request', 'frame': {}};[1.0, 1.0, 1.0, 1.0]
BaseLine;50;Which state in this diagram has the greatest number of transitions connected to it?;The state q0 exists.;['simbolo-q0'];-1;-1;False;{'user_input': 'Which state in this diagram has the greatest number of transitions connected to it?', 'intent': 'fsa-practical', 'argument': 'state', 'dialogue_act': 'Ta:request', 'frame': {'states': '?'}};[0.0, 0.2, 0.0, 0.8]
BaseLine;51;Can I loop back to q0 from q2 using any input?;the transition is not defined.;[];-1;-1;False;{'user_input': 'Can I loop back to q0 from q2 using any input?', 'intent': 'fsa-practical', 'argument': 'transition', 'dialogue_act': 'Ta:request', 'frame': {'transitions': [['q2', 'q0', '?']]}};[1.0, 1.0, 1.0, 1.0]
BaseLine;52;What label sits on the arrow that goes from q1 to q2?;the transition is not defined.;[];-1;-1;False;{'user_input': 'What label sits on the arrow that goes from q1 to q2?', 'intent': 'fsa-practical', 'argument': 'transition', 'dialogue_act': 'Ta:request', 'frame': {'transitions': [['q1', 'q2', '?']]}};[0.0, 0.2, 0.0, 1.0]
BaseLine;53;Tell me which states in this automaton count as final.;The final state is q0.;['simbolo-q0'];-1;-1;False;{'user_input': 'Tell me which states in this automaton count as final.', 'intent': 'fsa-practical', 'argument': 'state', 'dialogue_act': 'Ta:request', 'frame': {'finalStates': '?'}};[1.0, 1.0, 1.0, 1.0]
BaseLine;54;Show me the shortest input that starts at q0 and ends at q4.;The automaton accepts zero or more words formed by a sequence of the type 11000. In total there are 5 states: q0, q1, q2, q3 and q4. q0 is both the initial and the final state. The transitions are: q0 with value 1 goes to q1, q1 with value 1 goes to q2, q2 with value 0 goes to q3, q3 with value 0 goes to q4, q4 with value 0 goes to q0.;[];-1;-1;False;{'user_input': 'Show me the shortest input that starts at q0 and ends at q4.', 'intent': 'fsa-practical', 'argument': None, 'dialogue_act': 'Ta:request', 'frame': {'input': '?'}};[0.1, 0.3, 0.2, 1.0]
BaseLine;55;Is there any way to move directly from q2 to q4 in this diagram?;The automaton accepts zero or more words formed by a sequence of the type 11000. In total there are 5 states: q0, q1, q2, q3 and q4. q0 is both the initial and the final state. The transitions are: q0 with value 1 goes to q1, q1 with value 1 goes to q2, q2 with value 0 goes to q3, q3 with value 0 goes to q4, q4 with value 0 goes to q0.;[];-1;-1;False;{'user_input': 'Is there any way to move directly from q2 to q4 in this diagram?', 'intent': 'fsa-practical', 'argument': None, 'dialogue_act': 'Ta:propositionalQuestion', 'frame': {'graphicInput': 'Q2'}};[0.2, 0.3, 0.3, 1.0]
BaseLine;56;Explain what kind of strings this machine accepts in general.;Could you be more specific?;[];-1;-1;False;{'user_input': 'Explain what kind of strings this machine accepts in general.', 'intent': 'fsa-practical', 'argument': 'language', 'dialogue_act': 'Ta:request', 'frame': {'input': '?'}};[0.0, 0.1, 0.0, 1.0]
BaseLine;57;I want to know how many transitions leave state q0.;The automaton has 5 transitions: q0 with value 1 goes to q1, q1 with value 1 goes to q2, q2 with value 0 goes to q3, q3 with value 0 goes to q4, q4 with value 0 goes to q0.;['simbolo-q0-q1', 'simbolo-q1-q2', 'simbolo-q2-q3', 'simbolo-q3-q4', 'simbolo-q4-q0'];-1;-1;False;{'user_input': 'I want to know how many transitions leave state q0.', 'intent': 'fsa-practical', 'argument': 'transition', 'dialogue_act': 'Ta:request', 'frame': {'numberOfTransitions': '?'}};[0.0, 0.4, 0.2, 0.2]
BaseLine;58;What is the total number of states drawn in this automaton?;This automaton has 5 states;['simbolo-q0', 'simbolo-q1', 'simbolo-q2', 'simbolo-q3', 'simbolo-q4'];-1;-1;False;{'user_input': 'What is the total number of states drawn in this automaton?', 'intent': 'fsa-practical', 'argument': 'state', 'dialogue_act': 'Ta:request', 'frame': {'numberOfStates': '?'}};[1.0, 1.0, 1.0, 1.0]
BaseLine;59;Tell me whether this machine is deterministic or not.;The automaton accepts zero or more words formed by a sequence of the type 11000. In total there are 5 states: q0, q1, q2, q3 and q4. q0 is both the initial and the final state. The transitions are: q0 with value 1 goes to q1, q1 with value 1 goes to q2, q2 with value 0 goes to q3, q3 with value 0 goes to q4, q4 with value 0 goes to q0.;[];-1;-1;False;{'user_input': 'Tell me whether this machine is deterministic or not.', 'intent': 'fsa-practical', 'argument': 'automaton', 'dialogue_act': 'Ta:request', 'frame': {}};[0.0, 0.4, 0.2, 1.0]
BaseLine;60;Give me one example of an input that this automaton rejects.;Could you be more specific?;[];-1;-1;False;{'user_input': 'Give me one example of an input that this automaton rejects.', 'intent': 'fsa-practical', 'argument': 'language', 'dialogue_act': 'Ta:request', 'frame': {'input': '?'}};[0.0, 0.1, 0.0, 1.0]
BaseLine;61;Which state do we begin in when we start running the machine?;The initial state is q0.;['simbolo-q0'];-1;-1;False;{'user_input': 'Which state do we begin in when we start running the machine?', 'intent': 'fsa-practical', 'argument': 'state', 'dialogue_act': 'Ta:request', 'frame': {'initialState': '?'}};[1.0, 1.0, 1.0, 1.0]
BaseLine;62;Tell me the full alphabet that this automaton uses.;Could you be more specific?;[];-1;-1;False;{'user_input': 'Tell me the full alphabet that this automaton uses.', 'intent': 'fsa-practical', 'argument': 'alphabet', 'dialogue_act': 'Ta:request', 'frame': {'alphabet': '?'}};[0.0, 0.1, 0.0, 1.0]
BaseLine;63;Does every state in this automaton have at least one outgoing transition?;The automaton has 5 transitions: q0 with value 1 goes to q1, q1 with value 1 goes to q2, q2 with value 0 goes to q3, q3 with value 0 goes to q4, q4 with value 0 goes to q0.;['simbolo-q0-q1', 'simbolo-q1-q2', 'simbolo-q2-q3', 'simbolo-q3-q4', 'simbolo-q4-q0'];-1;-1;False;{'user_input': 'Does every state in this automaton have at least one outgoing transition?', 'intent': 'fsa-practical', 'argument': 'transition', 'dialogue_act': 'Ta:request', 'frame': {'transitions': []}};[0.2, 0.4, 0.5, 1.0]
BaseLine;64;Say whether the language of this machine is regular or something else.;Could you be more specific?;[];-1;-1;False;{'user_input': 'Say whether the language of this machine is regular or something else.', 'intent': 'fsa-practical', 'argument': 'language', 'dialogue_act': 'Ta:request', 'frame': {'languageType': '?'}};[0.0, 0.1, 0.0, 1.0]
BaseLine;65;Point out the state that has no incoming transitions in this picture.;The state q0 exists.;['simbolo-q0'];-1;-1;False;{'user_input': 'Point out the state that has no incoming transitions in this picture.', 'intent': 'fsa-practical', 'argument': 'state', 'dialogue_act': 'Ta:request', 'frame': {'states': '?'}};[0.0, 0.1, 0.0, 0.0]
BaseLine;-6;Which states count as accepting in this diagram?;The state q0 exists.;['simbolo-q0'];-1;-1;False;{'user_input': 'Which states count as accepting in this diagram?', 'intent': 'fsa-practical', 'argument': 'state', 'dialogue_act': 'Ta:request', 'frame': {'states': '?'}};[0.9, 0.9, 1.0, 1.0]
BaseLine;-5;How many arrows, in total, leave from all the states here?;The automaton has 5 transitions: q0 with value 1 goes to q1, q1 with value 1 goes to q2, q2 with value 0 goes to q3, q3 with value 0 goes to q4, q4 with value 0 goes to q0.;['simbolo-q0-q1', 'simbolo-q1-q2', 'simbolo-q2-q3', 'simbolo-q3-q4', 'simbolo-q4-q0'];-1;-1;False;{'user_input': 'How many arrows, in total, leave from all the states here?', 'intent': 'fsa-practical', 'argument': 'transition', 'dialogue_act': 'Ta:request', 'frame': {'numberOfTransitions': '?'}};[1.0, 1.0, 1.0, 1.0]
BaseLine;-4;What is the symbol on the transition that goes from q1 to q2?;the transition is not defined.;[];-1;-1;False;{'user_input': 'What is the symbol on the transition that goes from q1 to q2?', 'intent': 'fsa-practical', 'argument': 'transition', 'dialogue_act': 'Ta:request', 'frame': {'transitions': [['q1', 'q2', '?']]}};[0.0, 0.2, 0.0, 1.0]
BaseLine;-3;Does this automaton read words made only of zeros and ones, or something else?;Could you be more specific?;[];-1;-1;False;{'user_input': 'Does this automaton read words made only of zeros and ones, or something else?', 'intent': 'fsa-practical', 'argument': 'language', 'dialogue_act': 'Ta:propositionalQuestion', 'frame': {'input': '0'}};[0.1, 0.1, 0.1, 1.0]
BaseLine;-2;Is q0 the only final state, or are there others that accept too?;The automaton has 5 states: q0, q1, q2, q3 and q4.;['simbolo-q0', 'simbolo-q1', 'simbolo-q2', 'simbolo-q3', 'simbolo-q4'];-1;-1;False;{'user_input': 'Is q0 the only final state, or are there others that accept too?', 'intent': 'fsa-practical', 'argument': 'state', 'dialogue_act': 'Ta:request', 'frame': {'state': 'q0'}};[0.0, 0.2, 0.0, 0.3]
BaseLine;-1;From q3, what single input sends the machine to the next state?;The automaton has 5 transitions: q0 with value 1 goes to q1, q1 with value 1 goes to q2, q2 with value 0 goes to q3, q3 with value 0 goes to q4, q4 with value 0 goes to q0.;['simbolo-q0-q1', 'simbolo-q1-q2', 'simbolo-q2-q3', 'simbolo-q3-q4', 'simbolo-q4-q0'];-1;-1;False;{'user_input': 'From q3, what single input sends the machine to the next state?', 'intent': 'fsa-practical', 'argument': 'transition', 'dialogue_act': 'Ta:request', 'frame': {'transitions': []}};[0.2, 0.4, 0.5, 0.9]
BaseLine;0;What type of automaton is this, deterministic or not?;The automaton accepts zero or more words formed by a sequence of the type 11000. In total there are 5 states: q0, q1, q2, q3 and q4. q0 is both the initial and the final state. The transitions are: q0 with value 1 goes to q1, q1 with value 1 goes to q2, q2 with value 0 goes to q3, q3 with value 0 goes to q4, q4 with value 0 goes to q0.;[];-1;-1;False;{'user_input': 'What type of automaton is this, deterministic or not?', 'intent': 'fsa-practical', 'argument': 'automaton', 'dialogue_act': 'Ta:request', 'frame': {'type': 'deterministic'}};[0.0, 0.4, 0.0, 1.0]
BaseLine;1;Give me the full list of states that appear in this machine.;The state q0 exists.;['simbolo-q0'];-1;-1;False;{'user_input': 'Give me the full list of states that appear in this machine.', 'intent': 'fsa-practical', 'argument': 'state', 'dialogue_act': 'Ta:request', 'frame': {'states': '?'}};[0.2, 0.3, 0.2, 0.9]
BaseLine;2;How many different states does the machine visit while reading the word 11000 from q0?;This automaton has 5 states;['simbolo-q0', 'simbolo-q1', 'simbolo-q2', 'simbolo-q3', 'simbolo-q4'];-1;-1;False;{'user_input': 'How many different states does the machine visit while reading the word 11000 from q0?', 'intent': 'fsa-practical', 'argument': 'state', 'dialogue_act': 'Ta:request', 'frame': {'numberOfStates': '?'}};[0.0, 0.4, 0.0, 1.0]
BaseLine;3;What output does the automaton give when it finishes reading a word in q1?;The automaton has 5 states: q0, q1, q2, q3 and q4.;['simbolo-q0', 'simbolo-q1', 'simbolo-q2', 'simbolo-q3', 'simbolo-q4'];-1;-1;False;{'user_input': 'What output does the automaton give when it finishes reading a word in q1?', 'intent': 'fsa-practical', 'argument': 'state', 'dialogue_act': 'Ta:request', 'frame': {'output': '?'}};[0.0, 0.2, 0.0, 0.3]
BaseLine;4;Is the circular layout of the states here an essential part of the automaton definition?;Could you be more specific?;[];-1;-1;False;{'user_input': 'Is the circular layout of the states here an essential part of the automaton definition?', 'intent': 'fsa-practical', 'argument': 'pattern', 'dialogue_act': 'Ta:request', 'frame': {'patternType': 'input'}};[0.1, 0.2, 0.1, 1.0]
BaseLine;5;Which state in this diagram has the greatest number of transitions connected to it?;The automaton has 5 states: q0, q1, q2, q3 and q4.;['simbolo-q0', 'simbolo-q1', 'simbolo-q2', 'simbolo-q3', 'simbolo-q4'];-1;-1;False;{'user_input': 'Which state in this diagram has the greatest number of transitions connected to it?', 'intent': 'fsa-practical', 'argument': 'state', 'dialogue_act': 'Ta:request', 'frame': {'stateWithMostTransitions': '?'}};[0.0, 0.2, 0.0, 0.9]
BaseLine;6;Is q0 the only accepting state in this automaton?;The automaton has 5 states: q0, q1, q2, q3 and q4.;['simbolo-q0', 'simbolo-q1', 'simbolo-q2', 'simbolo-q3', 'simbolo-q4'];-1;-1;False;{'user_input': 'Is q0 the only accepting state in this automaton?', 'intent': 'fsa-practical', 'argument': 'state', 'dialogue_act': 'Ta:request', 'frame': {'state': 'q0'}};[0.0, 0.2, 0.2, 0.9]
BaseLine;7;Tell me the label on the arrow that leaves q1 and reaches q2.;the transition is not defined.;[];-1;-1;False;{'user_input': 'Tell me the label on the arrow that leaves q1 and reaches q2.', 'intent': 'fsa-practical', 'argument': 'transition', 'dialogue_act': 'Ta:request', 'frame': {'transitions': [['q1', 'q2', '?']]}};[0.0, 0.2, 0.0, 0.9]
