METRIC;ITERATION;QUESTION;ANSWER;VISUAL_ANSWER;JUDGE_VALUE;FAILS;MUTED;NLU_OUTPUT;METRIC_SCORES
Accuracy;1;Is it possible to go from q2 directly to q4 in this automaton?;There is no transition between q2 and q4.;[];1.0;0;False;{'user_input': 'Is it possible to go from q2 directly to q4 in this automaton?', 'intent': 'fsa-practical', 'argument': 'transition', 'dialogue_act': 'Ta:propositionalQuestion', 'frame': {'transitions': [['q2', 'q4', '?']]}};[1.0, 1.0, 1.0, 1.0]
Accuracy;1;what is the symbol on the transition from this to that?;There is no transition between q4 and q2.;[];0.9;0;False;{'user_input': 'what is the symbol on the transition from this to that?', 'intent': 'fsa-practical', 'argument': 'transition', 'dialogue_act': 'Ta:request', 'frame': {'states': ['q4', 'q2']}, '_raw_frame': {'symbol': '?'}};[0.9, 0.9, 1.0, 1.0]
Accuracy;1;Which states of the automaton are q4 and q2?;MUTATION The automaton accepts zero or more words formed by a sequence of the type 11000. In total there are 5 states: q0, q1, q2, q3 and q4. q0 is both the initial and the final state. The transitions are: q0 with value 1 goes to q1, q1 with value 1 goes to q2, q2 with value 0 goes to q3, q3 with value 0 goes to q4, q4 with value 0 goes to q0.;[];0.2;1;True;{'user_input': 'Which states of the automaton are q4 and q2?', 'intent': 'fsa-practical', 'argument': 'state', 'dialogue_act': 'Ta:request', 'frame': {'states': ['q4', 'q2']}};[0.2, 0.4, 0.3, 0.9]
Accuracy;1;which of the states q4 and q2 in this finite state automaton can be considered final or accepting states, and how are states like q4 and q2 formally defined in automata theory?;MUTATION The automaton accepts zero or more words formed by a sequence of the type 11000. In total there are 5 states: q0, q1, q2, q3 and q4. q0 is both the initial and the final state. The transitions are: q0 with value 1 goes to q1, q1 with value 1 goes to q2, q2 with value 0 goes to q3, q3 with value 0 goes to q4, q4 with value 0 goes to q0.;[];0.2;2;True;{'user_input': 'which of the states q4 and q2 in this finite state automaton can be considered final or accepting states, and how are states like q4 and q2 formally defined in automata theory?', 'intent': 'fsa-practical', 'argument': 'state', 'dialogue_act': 'Ta:request', 'frame': {'states': ['q4', 'q2']}};[0.2, 0.3, 0.2, 1.0]
Accuracy;1;what are the transitions that start from this?;The state q1 exists.;['simbolo-q1'];0.0;3;False;{'user_input': 'what are the transitions that start from this?', 'intent': 'fsa-practical', 'argument': 'transition', 'dialogue_act': 'Ta:request', 'frame': {'states': ['q1']}, '_raw_frame': {'transitions': []}};[0.0, 0.1, 0.0, 0.2]
Accuracy;1;Which transitions start from state q1 in this automaton?;the transition is not defined.;[];0.0;4;False;{'user_input': 'Which transitions start from state q1 in this automaton?', 'intent': 'fsa-practical', 'argument': 'transition', 'dialogue_act': 'Ta:request', 'frame': {'transitions': [['q1', '?', '?']]}};[0.0, 0.2, 0.0, 1.0]
Accuracy;1;What is the transition that starts from state q1?;the transition is not defined.;[];0.0;5;False;{'user_input': 'What is the transition that starts from state q1?', 'intent': 'fsa-practical', 'argument': 'transition', 'dialogue_act': 'Ta:request', 'frame': {'transitions': [['q1', '?', '?']]}};[0.0, 0.2, 0.0, 1.0]
Accuracy;1;What is the transition that starts from state q1?;the transition is not defined.;[];0.0;6;False;{'user_input': 'What is the transition that starts from state q1?', 'intent': 'fsa-practical', 'argument': 'transition', 'dialogue_act': 'Ta:request', 'frame': {'transitions': [['q1', '?', '?']]}};[0.0, 0.2, 0.0, 1.0]
Accuracy;1;Does this automaton contain a transition from q2 to q3 on input 0?;The transition between q2 and q3 is with value 0.;['simbolo-q2-q3'];1.0;6;False;{'user_input': 'Does this automaton contain a transition from q2 to q3 on input 0?', 'intent': 'fsa-practical', 'argument': 'transition', 'dialogue_act': 'Ta:propositionalQuestion', 'frame': {'transitions': [['q2', 'q3', '0']]}};[1.0, 1.0, 1.0, 1.0]
Accuracy;1;Thanks, could you please tell me what transition starts from state q1?;the transition is not defined.;[];0.0;7;False;{'user_input': 'Thanks, could you please tell me what transition starts from state q1?', 'intent': 'fsa-practical', 'argument': 'transition', 'dialogue_act': 'Ta:request', 'frame': {'transitions': [['q1', '?', '?']]}};[0.0, 0.2, 0.0, 1.0]
Accuracy;1;the transition from q1 is q1 → q2 with input symbol 1.;The transition between q1 and q2 is with value 1.;['simbolo-q1-q2'];1.0;7;False;{'user_input': 'the transition from q1 is q1 → q2 with input symbol 1.', 'intent': 'fsa-practical', 'argument': 'transition', 'dialogue_act': 'Ta:request', 'frame': {'transitions': [['q1', 'q2', '1']]}};[1.0, 1.0, 1.0, 1.0]
Accuracy;1;What is the transition that starts from state q1?;the transition is not defined.;[];0.0;8;False;{'user_input': 'What is the transition that starts from state q1?', 'intent': 'fsa-practical', 'argument': 'transition', 'dialogue_act': 'Ta:request', 'frame': {'transitions': [['q1', '?', '?']]}};[0.0, 0.2, 0.0, 1.0]
Accuracy;1;before we say goodbye, could you tell me the transition that starts from this?;The state q1 exists.;['simbolo-q1'];0.0;9;False;{'user_input': 'before we say goodbye, could you tell me the transition that starts from this?', 'intent': 'fsa-practical', 'argument': 'transition', 'dialogue_act': 'Ta:request', 'frame': {'states': ['q1']}, '_raw_frame': {'transitions': []}};[0.0, 0.1, 0.0, 0.2]
Accuracy;1;what are the transitions that start from this?;The state q1 exists.;['simbolo-q1'];0.0;10;False;{'user_input': 'what are the transitions that start from this?', 'intent': 'fsa-practical', 'argument': 'transition', 'dialogue_act': 'Ta:request', 'frame': {'states': ['q1']}, '_raw_frame': {'transitions': []}};[0.0, 0.1, 0.0, 0.2]
Accuracy;1;which transitions start from this in this automaton?;The state q1 exists.;['simbolo-q1'];0.0;11;False;{'user_input': 'which transitions start from this in this automaton?', 'intent': 'fsa-practical', 'argument': 'transition', 'dialogue_act': 'Ta:request', 'frame': {'states': ['q1']}, '_raw_frame': {'transitions': []}};[0.0, 0.1, 0.0, 0.2]
Accuracy;2;What is the value of the transition from q1 to q2 in the diagram?;The transition between q1 and q2 is with value 1.;['simbolo-q1-q2'];1.0;0;False;{'user_input': 'What is the value of the transition from q1 to q2 in the diagram?', 'intent': 'fsa-practical', 'argument': 'transition', 'dialogue_act': 'Ta:request', 'frame': {'transitions': [['q1', 'q2', '?']]}};[1.0, 1.0, 1.0, 1.0]
Accuracy;2;To which state does the transition lead from q3 on input 0?;the transition is not defined.;[];0.0;1;False;{'user_input': 'To which state does the transition lead from q3 on input 0?', 'intent': 'fsa-practical', 'argument': 'transition', 'dialogue_act': 'Ta:request', 'frame': {'transitions': [['q3', '?', '0']]}};[0.0, 0.9, 0.0, 1.0]
Accuracy;2;hi, could you tell me which state the automaton goes to from q3 with input 0?;MUTATION The automaton accepts zero or more words formed by a sequence of the type 11000. In total there are 5 states: q0, q1, q2, q3 and q4. q0 is both the initial and the final state. The transitions are: q0 with value 1 goes to q1, q1 with value 1 goes to q2, q2 with value 0 goes to q3, q3 with value 0 goes to q4, q4 with value 0 goes to q0.;[];0.2;2;True;{'user_input': 'hi, could you tell me which state the automaton goes to from q3 with input 0?', 'intent': 'fsa-practical', 'argument': 'state', 'dialogue_act': 'Ta:request', 'frame': {'states': ['q3']}};[0.2, 0.4, 0.5, 1.0]
Accuracy;2;what is the transition from this with input symbol 0?;The state q3 exists.;['simbolo-q3'];0.0;3;False;{'user_input': 'what is the transition from this with input symbol 0?', 'intent': 'fsa-practical', 'argument': 'transition', 'dialogue_act': 'Ta:request', 'frame': {'states': ['q3']}, '_raw_frame': {}};[0.0, 0.2, 0.0, 0.2]
Accuracy;2;from which state does this transition start?;The initial state is q0.;['simbolo-q0'];0.0;4;False;{'user_input': 'from which state does this transition start?', 'intent': 'fsa-practical', 'argument': 'state', 'dialogue_act': 'Ta:request', 'frame': {'initialState': '?'}};[0.0, 0.2, 0.0, 0.2]
Accuracy;2;What is the initial state of this automaton?;The initial state is q0.;['simbolo-q0'];1.0;4;False;{'user_input': 'What is the initial state of this automaton?', 'intent': 'fsa-practical', 'argument': 'state', 'dialogue_act': 'Ta:request', 'frame': {'initialState': '?'}};[1.0, 1.0, 1.0, 1.0]
Accuracy;2;What are the transitions of this automaton?;The automaton has 5 transitions: q0 with value 1 goes to q1, q1 with value 1 goes to q2, q2 with value 0 goes to q3, q3 with value 0 goes to q4, q4 with value 0 goes to q0.;['simbolo-q0-q1', 'simbolo-q1-q2', 'simbolo-q2-q3', 'simbolo-q3-q4', 'simbolo-q4-q0'];1.0;4;False;{'user_input': 'What are the transitions of this automaton?', 'intent': 'fsa-practical', 'argument': 'transition', 'dialogue_act': 'Ta:request', 'frame': {'transitions': []}};[1.0, 1.0, 1.0, 1.0]
Accuracy;2;What is the initial state of this automaton?;The initial state is q0.;['simbolo-q0'];1.0;4;False;{'user_input': 'What is the initial state of this automaton?', 'intent': 'fsa-practical', 'argument': 'state', 'dialogue_act': 'Ta:request', 'frame': {'initialState': '?'}};[1.0, 1.0, 1.0, 1.0]
Accuracy;2;Given the automaton shown, what state does it reach when the input is [0,1]?;MUTATION The automaton accepts zero or more words formed by a sequence of the type 11000. In total there are 5 states: q0, q1, q2, q3 and q4. q0 is both the initial and the final state. The transitions are: q0 with value 1 goes to q1, q1 with value 1 goes to q2, q2 with value 0 goes to q3, q3 with value 0 goes to q4, q4 with value 0 goes to q0.;[];0.0;5;True;{'user_input': 'Given the automaton shown, what state does it reach when the input is [0,1]?', 'intent': 'fsa-practical', 'argument': 'state', 'dialogue_act': 'Ta:request', 'frame': {'input': [0, 1]}};[0.0, 0.3, 0.2, 0.9]
Accuracy;2;Given the input alphabet [0, 1], what are all the possible states that this finite state automaton can reach?;MUTATION The automaton accepts zero or more words formed by a sequence of the type 11000. In total there are 5 states: q0, q1, q2, q3 and q4. q0 is both the initial and the final state. The transitions are: q0 with value 1 goes to q1, q1 with value 1 goes to q2, q2 with value 0 goes to q3, q3 with value 0 goes to q4, q4 with value 0 goes to q0.;[];0.4;5;True;{'user_input': 'Given the input alphabet [0, 1], what are all the possible states that this finite state automaton can reach?', 'intent': 'fsa-practical', 'argument': 'state', 'dialogue_act': 'Ta:request', 'frame': {'states': '?'}};[0.4, 0.7, 0.5, 1.0]
Accuracy;2;Can you tell me what happens in this automaton when the input string is [0, 1]?;The automaton has 5 transitions: q0 with value 1 goes to q1, q1 with value 1 goes to q2, q2 with value 0 goes to q3, q3 with value 0 goes to q4, q4 with value 0 goes to q0.;['simbolo-q0-q1', 'simbolo-q1-q2', 'simbolo-q2-q3', 'simbolo-q3-q4', 'simbolo-q4-q0'];0.0;6;False;{'user_input': 'Can you tell me what happens in this automaton when the input string is [0, 1]?', 'intent': 'fsa-practical', 'argument': 'transition', 'dialogue_act': 'Ta:request', 'frame': {'input': [0, 1]}};[0.0, 0.2, 0.0, 0.0]
Accuracy;2;Set a question about the transitions of this automaton using the input symbols 0 and 1.;the transition is not defined.;[];0.0;7;False;{'user_input': 'Set a question about the transitions of this automaton using the input symbols 0 and 1.', 'intent': 'fsa-practical', 'argument': 'transition', 'dialogue_act': 'Ta:propositionalQuestion', 'frame': {'transitions': [['0', '1', '?'], ['1', '0', '?']]}};[0.0, 0.1, 0.0, 1.0]
Accuracy;2;Are the transitions of this automaton correct if from state q0 on input 1 it goes to q1, from q1 on input 1 it goes to q2, from q2 on input 0 it goes to q3, from q3 on input 0 it goes to q4, and from q4 on input 0 it goes back to q0?;The transition between q0 and q1 is with value 1.;['simbolo-q0-q1'];0.2;8;False;{'user_input': 'Are the transitions of this automaton correct if from state q0 on input 1 it goes to q1, from q1 on input 1 it goes to q2, from q2 on input 0 it goes to q3, from q3 on input 0 it goes to q4, and from q4 on input 0 it goes back to q0?', 'intent': 'fsa-practical', 'argument': 'transition', 'dialogue_act': 'Ta:request', 'frame': {'transitions': [['q0', 'q1', '1'], ['q1', 'q2', '1'], ['q2', 'q3', '0'], ['q3', 'q4', '0'], ['q4', 'q0', '0']]}};[0.2, 0.3, 0.2, 0.9]
Accuracy;2;which state in this automaton has the highest number of transitions, is it q3?;MUTATION The automaton accepts zero or more words formed by a sequence of the type 11000. In total there are 5 states: q0, q1, q2, q3 and q4. q0 is both the initial and the final state. The transitions are: q0 with value 1 goes to q1, q1 with value 1 goes to q2, q2 with value 0 goes to q3, q3 with value 0 goes to q4, q4 with value 0 goes to q0.;[];0.1;9;True;{'user_input': 'which state in this automaton has the highest number of transitions, is it q3?', 'intent': 'fsa-practical', 'argument': 'state', 'dialogue_act': 'Ta:propositionalQuestion', 'frame': {'stateWithMostTransitions': 'q3'}};[0.1, 0.3, 0.2, 1.0]
Accuracy;2;hi, could you please tell me what the transitions are from state 0 to state 1 and from state 1 to state 0 in this automaton?;the transition is not defined.;[];1.0;9;False;{'user_input': 'hi, could you please tell me what the transitions are from state 0 to state 1 and from state 1 to state 0 in this automaton?', 'intent': 'fsa-practical', 'argument': 'transition', 'dialogue_act': 'Ta:request', 'frame': {'transitions': [['0', '1', '?'], ['1', '0', '?']]}};[1.0, 1.0, 1.0, 1.0]
Accuracy;3;Does this automaton accept the input string 11000 starting from q0?;Could you be more specific?;[];0.0;1;False;{'user_input': 'Does this automaton accept the input string 11000 starting from q0?', 'intent': 'fsa-practical', 'argument': 'language', 'dialogue_act': 'Ta:propositionalQuestion', 'frame': {'input': '11000'}};[0.0, 0.1, 0.0, 1.0]
Accuracy;3;What pattern does the automaton recognize for the input string 11000?;Could you be more specific?;[];0.0;2;False;{'user_input': 'What pattern does the automaton recognize for the input string 11000?', 'intent': 'fsa-practical', 'argument': 'pattern', 'dialogue_act': 'Ta:request', 'frame': {'pattern': '?'}};[0.0, 0.1, 0.0, 1.0]
Accuracy;3;what is the pattern recognized by this automaton?;Could you be more specific?;[];0.0;3;False;{'user_input': 'what is the pattern recognized by this automaton?', 'intent': 'fsa-practical', 'argument': 'pattern', 'dialogue_act': 'Ta:request', 'frame': {'patternType': '?'}};[0.0, 0.1, 0.0, 1.0]
Accuracy;3;what type of pattern does this automaton recognize?;Could you be more specific?;[];0.1;4;False;{'user_input': 'what type of pattern does this automaton recognize?', 'intent': 'fsa-practical', 'argument': 'pattern', 'dialogue_act': 'Ta:request', 'frame': {'patternType': '?'}};[0.1, 0.1, 0.1, 1.0]
Accuracy;3;what is the pattern type of this automaton?;Could you be more specific?;[];0.1;5;False;{'user_input': 'what is the pattern type of this automaton?', 'intent': 'fsa-practical', 'argument': 'pattern', 'dialogue_act': 'Ta:request', 'frame': {'patternType': '?'}};[0.1, 0.2, 0.1, 1.0]
Accuracy;3;what is the pattern type of this finite state automaton?;Could you be more specific?;[];0.1;6;False;{'user_input': 'what is the pattern type of this finite state automaton?', 'intent': 'fsa-practical', 'argument': 'pattern', 'dialogue_act': 'Ta:request', 'frame': {'patternType': '?'}};[0.1, 0.2, 0.1, 1.0]
Accuracy;3;Hello, can you explain what pattern type this automaton follows?;The automaton has 5 states and 5 transitions.;[];0.1;7;False;{'user_input': 'Hello, can you explain what pattern type this automaton follows?', 'intent': 'fsa-practical', 'argument': 'automaton', 'dialogue_act': 'Ta:request', 'frame': {}};[0.1, 0.2, 0.1, 1.0]
Accuracy;3;What is the optimal spatial representation of this automaton’s pattern?;Could you be more specific?;[];0.1;8;False;{'user_input': 'What is the optimal spatial representation of this automaton’s pattern?', 'intent': 'fsa-practical', 'argument': 'pattern', 'dialogue_act': 'Ta:request', 'frame': {'patternType': '?'}};[0.1, 0.2, 0.1, 0.9]
Accuracy;4;How can I know if this automaton is deterministic just by looking at the picture?;The automaton has 5 states and 5 transitions.;[];0.1;1;False;{'user_input': 'How can I know if this automaton is deterministic just by looking at the picture?', 'intent': 'fsa-practical', 'argument': 'automaton', 'dialogue_act': 'Ta:propositionalQuestion', 'frame': {'visualisation': '?'}};[0.1, 0.1, 0.1, 1.0]
Accuracy;4;What does the visualisation of this automaton represent?;The automaton has 5 states and 5 transitions.;[];0.2;2;False;{'user_input': 'What does the visualisation of this automaton represent?', 'intent': 'fsa-practical', 'argument': 'automaton', 'dialogue_act': 'Ta:request', 'frame': {'visualisation': '?'}};[0.2, 0.3, 0.2, 1.0]
Accuracy;4;what does the graphical representation of this automaton look like?;The automaton has 5 states and 5 transitions.;[];0.2;3;False;{'user_input': 'what does the graphical representation of this automaton look like?', 'intent': 'fsa-practical', 'argument': 'automaton', 'dialogue_act': 'Ta:request', 'frame': {'graphicRepresentation': '?'}};[0.2, 0.3, 0.2, 1.0]
Accuracy;4;what is the language recognized by this automaton?;Could you be more specific?;[];0.0;4;False;{'user_input': 'what is the language recognized by this automaton?', 'intent': 'fsa-practical', 'argument': 'language', 'dialogue_act': 'Ta:request', 'frame': {'input': '?'}};[0.0, 0.1, 0.0, 1.0]
Accuracy;4;What is the language accepted by this automaton for a given input string?;Could you be more specific?;[];0.1;5;False;{'user_input': 'What is the language accepted by this automaton for a given input string?', 'intent': 'fsa-practical', 'argument': 'language', 'dialogue_act': 'Ta:propositionalQuestion', 'frame': {'input': '?'}};[0.1, 0.2, 0.1, 1.0]
Accuracy;4;"I accept the turn; can you help me understand what language this finite state automaton recognizes for a given input?";Could you be more specific?;[];0.1;6;False;"{'user_input': 'I accept the turn; can you help me understand what language this finite state automaton recognizes for a given input?', 'intent': 'fsa-practical', 'argument': 'language', 'dialogue_act': 'Ta:propositionalQuestion', 'frame': {'input': '?'}}";[0.1, 0.1, 0.1, 1.0]
Accuracy;4;What is the language accepted by this automaton if the initial state is Q3?;Could you be more specific?;[];0.0;7;False;{'user_input': 'What is the language accepted by this automaton if the initial state is Q3?', 'intent': 'fsa-practical', 'argument': 'language', 'dialogue_act': 'Ta:request', 'frame': {'initialState': 'Q3'}};[0.0, 0.1, 0.0, 1.0]
Accuracy;4;what is the pattern recognized by the automaton if the initial state is q3?;Could you be more specific?;[];0.0;8;False;{'user_input': 'what is the pattern recognized by the automaton if the initial state is q3?', 'intent': 'fsa-practical', 'argument': 'pattern', 'dialogue_act': 'Ta:request', 'frame': {'patternType': '?'}};[0.0, 0.1, 0.0, 1.0]
Accuracy;4;Before I say goodbye, could you please tell me what the pattern type of this automaton is?;Could you be more specific?;[];0.1;9;False;{'user_input': 'Before I say goodbye, could you please tell me what the pattern type of this automaton is?', 'intent': 'fsa-practical', 'argument': 'pattern', 'dialogue_act': 'Ta:request', 'frame': {'patternType': '?'}};[0.1, 0.2, 0.1, 1.0]
Accuracy;4;"this automaton doesn’t seem to follow any recognizable pattern type; what is the pattern type supposed to be?";Could you be more specific?;[];0.1;10;False;"{'user_input': 'this automaton doesn’t seem to follow any recognizable pattern type; what is the pattern type supposed to be?', 'intent': 'fsa-practical', 'argument': 'pattern', 'dialogue_act': 'Ta:request', 'frame': {'patternType': '?'}}";[0.1, 0.2, 0.1, 1.0]
Accuracy;4;What type of pattern does this finite state automaton recognize?;Could you be more specific?;[];0.0;11;False;{'user_input': 'What type of pattern does this finite state automaton recognize?', 'intent': 'fsa-practical', 'argument': 'pattern', 'dialogue_act': 'Ta:request', 'frame': {'patternType': '?'}};[0.0, 0.1, 0.0, 1.0]
Accuracy;4;what is the pattern type of this automaton?;Could you be more specific?;[];0.1;12;False;{'user_input': 'what is the pattern type of this automaton?', 'intent': 'fsa-practical', 'argument': 'pattern', 'dialogue_act': 'Ta:request', 'frame': {'patternType': '?'}};[0.1, 0.2, 0.1, 1.0]
Accuracy;4;What type of pattern does this automaton recognize?;Could you be more specific?;[];0.1;13;False;{'user_input': 'What type of pattern does this automaton recognize?', 'intent': 'fsa-practical', 'argument': 'pattern', 'dialogue_act': 'Ta:request', 'frame': {'patternType': '?'}};[0.1, 0.1, 0.1, 1.0]
Accuracy;4;What kind of pattern does this automaton follow in its transitions, is it a clockwise pattern?;Could you be more specific?;[];0.2;14;False;{'user_input': 'What kind of pattern does this automaton follow in its transitions, is it a clockwise pattern?', 'intent': 'fsa-practical', 'argument': 'pattern', 'dialogue_act': 'Ta:request', 'frame': {'patternType': 'clockwise'}};[0.2, 0.3, 0.2, 1.0]
Accuracy;4;What is the pattern type followed by the sequence of states in this finite state automaton?;Could you be more specific?;[];0.0;15;False;{'user_input': 'What is the pattern type followed by the sequence of states in this finite state automaton?', 'intent': 'fsa-practical', 'argument': 'pattern', 'dialogue_act': 'Ta:request', 'frame': {'patternType': '?', 'states': '?'}};[0.0, 0.1, 0.0, 1.0]
Accuracy;5;What is the difference between a final state and a non-final state in a finite state machine?;MUTATION The automaton accepts zero or more words formed by a sequence of the type 11000. In total there are 5 states: q0, q1, q2, q3 and q4. q0 is both the initial and the final state. The transitions are: q0 with value 1 goes to q1, q1 with value 1 goes to q2, q2 with value 0 goes to q3, q3 with value 0 goes to q4, q4 with value 0 goes to q0.;[];0.0;1;True;{'user_input': 'What is the difference between a final state and a non-final state in a finite state machine?', 'intent': 'fsa-practical', 'argument': 'state', 'dialogue_act': 'Ta:request', 'frame': {'stateType': 'final'}};[0.0, 0.1, 0.0, 1.0]
Accuracy;5;which state of this automaton is a final state?;The final state is q0.;['simbolo-q0'];1.0;1;False;{'user_input': 'which state of this automaton is a final state?', 'intent': 'fsa-practical', 'argument': 'state', 'dialogue_act': 'Ta:request', 'frame': {'finalStates': '?'}};[1.0, 1.0, 1.0, 1.0]
Accuracy;5;In this automaton, which states are final?;The final state is q0.;['simbolo-q0'];1.0;1;False;{'user_input': 'In this automaton, which states are final?', 'intent': 'fsa-practical', 'argument': 'state', 'dialogue_act': 'Ta:request', 'frame': {'finalStates': '?'}};[1.0, 1.0, 1.0, 1.0]
Accuracy;5;Hello again! In this automaton, which state is the final one?;The final state is q0.;['simbolo-q0'];1.0;1;False;{'user_input': 'Hello again! In this automaton, which state is the final one?', 'intent': 'fsa-practical', 'argument': 'state', 'dialogue_act': 'Ta:request', 'frame': {'finalStates': '?'}};[1.0, 1.0, 1.0, 1.0]
Accuracy;5;no, the only final state of this automaton is q0, not the other states.;The final state is q0.;['simbolo-q0'];1.0;1;False;{'user_input': 'no, the only final state of this automaton is q0, not the other states.', 'intent': 'fsa-practical', 'argument': 'state', 'dialogue_act': 'Ta:request', 'frame': {'finalStates': 'q0'}};[1.0, 1.0, 1.0, 1.0]
Accuracy;5;Which states of this automaton are final states?;The final state is q0.;['simbolo-q0'];1.0;1;False;{'user_input': 'Which states of this automaton are final states?', 'intent': 'fsa-practical', 'argument': 'state', 'dialogue_act': 'Ta:request', 'frame': {'finalStates': '?'}};[1.0, 1.0, 1.0, 1.0]
Relevancy;1;Is there any way to go directly from q2 to q4 in this automaton?;There is no transition between q2 and q4.;[];1.0;0;False;{'user_input': 'Is there any way to go directly from q2 to q4 in this automaton?', 'intent': 'fsa-practical', 'argument': 'transition', 'dialogue_act': 'Ta:propositionalQuestion', 'frame': {'transitions': [['q2', 'q4', '?']]}};[1.0, 1.0, 1.0, 1.0]
Relevancy;1;in the pentagon-shaped graphical representation of this automaton, which transition connects two states?;The automaton has 5 transitions: q0 with value 1 goes to q1, q1 with value 1 goes to q2, q2 with value 0 goes to q3, q3 with value 0 goes to q4, q4 with value 0 goes to q0.;['simbolo-q0-q1', 'simbolo-q1-q2', 'simbolo-q2-q3', 'simbolo-q3-q4', 'simbolo-q4-q0'];0.5;0;False;{'user_input': 'in the pentagon-shaped graphical representation of this automaton, which transition connects two states?', 'intent': 'fsa-practical', 'argument': 'transition', 'dialogue_act': 'Ta:request', 'frame': {'transitions': []}};[0.4, 0.5, 0.5, 0.9]
Relevancy;1;can you tell me the pattern of transitions of this automaton?;Could you be more specific?;[];0.1;1;False;{'user_input': 'can you tell me the pattern of transitions of this automaton?', 'intent': 'fsa-practical', 'argument': 'pattern', 'dialogue_act': 'Ta:request', 'frame': {'patternOfTransitions': '?'}};[0.0, 0.1, 0.0, 1.0]
Relevancy;1;what is the pattern that starts from this in this automaton?;Could you be more specific?;[];0.3;2;False;{'user_input': 'what is the pattern that starts from this in this automaton?', 'intent': 'fsa-practical', 'argument': 'pattern', 'dialogue_act': 'Ta:request', 'frame': {'states': ['q2']}, '_raw_frame': {'patternType': '?'}};[0.2, 0.3, 0.2, 1.0]
Relevancy;1;What is the optimal spatial representation of this automaton’s pattern?;Could you be more specific?;[];0.2;3;False;{'user_input': 'What is the optimal spatial representation of this automaton’s pattern?', 'intent': 'fsa-practical', 'argument': 'pattern', 'dialogue_act': 'Ta:request', 'frame': {'optimalSpatialRepresentation': '?'}};[0.1, 0.2, 0.1, 1.0]
Relevancy;1;what is the pattern of transitions followed by this automaton?;Could you be more specific?;[];0.1;4;False;{'user_input': 'what is the pattern of transitions followed by this automaton?', 'intent': 'fsa-practical', 'argument': 'pattern', 'dialogue_act': 'Ta:request', 'frame': {'patternOfTransitions': '?'}};[0.0, 0.1, 0.0, 1.0]
Relevancy;1;Can you check whether I have correctly identified the pattern of transitions in this automaton?;Could you be more specific?;[];0.2;5;False;{'user_input': 'Can you check whether I have correctly identified the pattern of transitions in this automaton?', 'intent': 'fsa-practical', 'argument': 'pattern', 'dialogue_act': 'Ta:propositionalQuestion', 'frame': {'patternType': '?'}};[0.1, 0.2, 0.1, 1.0]
Relevancy;1;What is the pattern of transitions followed by this automaton?;Could you be more specific?;[];0.1;6;False;{'user_input': 'What is the pattern of transitions followed by this automaton?', 'intent': 'fsa-practical', 'argument': 'pattern', 'dialogue_act': 'Ta:request', 'frame': {'patternOfTransitions': '?'}};[0.0, 0.1, 0.0, 1.0]
Relevancy;1;the pattern of transitions in this automaton is: q0 --1→ q1, q1 --1→ q2, q2 --0→ q3, q3 --0→ q4, q4 --0→ q0.;The transition between q0 and q1 is with value 1.;['simbolo-q0-q1'];0.95;6;False;{'user_input': 'the pattern of transitions in this automaton is: q0 --1→ q1, q1 --1→ q2, q2 --0→ q3, q3 --0→ q4, q4 --0→ q0.', 'intent': 'fsa-practical', 'argument': 'transition', 'dialogue_act': 'Ta:request', 'frame': {'transitions': [['q0', 'q1', '-1'], ['q1', 'q2', '-1'], ['q2', 'q3', '0'], ['q3', 'q4', '0'], ['q4', 'q0', '0']]}};[1.0, 0.95, 1.0, 1.0]
Relevancy;1;thanks, now that i’ve seen this pattern of transitions, could you please tell me what the pattern of transitions in this automaton is?;The automaton has 5 states and 5 transitions.;[];0.3;7;False;{'user_input': 'thanks, now that i’ve seen this pattern of transitions, could you please tell me what the pattern of transitions in this automaton is?', 'intent': 'fsa-practical', 'argument': 'automaton', 'dialogue_act': 'Ta:request', 'frame': {'patternOfTransitions': '?'}};[0.2, 0.3, 0.2, 1.0]
Relevancy;1;what is the pattern of transitions followed by this automaton?;Could you be more specific?;[];0.1;8;False;{'user_input': 'what is the pattern of transitions followed by this automaton?', 'intent': 'fsa-practical', 'argument': 'pattern', 'dialogue_act': 'Ta:request', 'frame': {'patternOfTransitions': '?'}};[0.0, 0.1, 0.0, 1.0]
Relevancy;1;What is the pattern of transitions in this automaton?;Could you be more specific?;[];0.1;9;False;{'user_input': 'What is the pattern of transitions in this automaton?', 'intent': 'fsa-practical', 'argument': 'pattern', 'dialogue_act': 'Ta:request', 'frame': {'patternOfTransitions': '?'}};[0.0, 0.1, 0.0, 1.0]
Relevancy;1;What is the pattern of transitions followed by this finite state automaton?;The automaton has 5 transitions: q0 with value 1 goes to q1, q1 with value 1 goes to q2, q2 with value 0 goes to q3, q3 with value 0 goes to q4, q4 with value 0 goes to q0.;['simbolo-q0-q1', 'simbolo-q1-q2', 'simbolo-q2-q3', 'simbolo-q3-q4', 'simbolo-q4-q0'];0.5;9;False;{'user_input': 'What is the pattern of transitions followed by this finite state automaton?', 'intent': 'fsa-practical', 'argument': 'transition', 'dialogue_act': 'Ta:request', 'frame': {'transitions': []}};[0.4, 0.5, 0.4, 0.9]
Relevancy;1;What is the alphabet of this automaton?;Could you be more specific?;[];0.1;10;False;{'user_input': 'What is the alphabet of this automaton?', 'intent': 'fsa-practical', 'argument': 'alphabet', 'dialogue_act': 'Ta:request', 'frame': {'alphabet': '?'}};[0.0, 0.1, 0.0, 1.0]
Relevancy;1;What is the number of final states of this automaton?;MUTATION The automaton accepts zero or more words formed by a sequence of the type 11000. In total there are 5 states: q0, q1, q2, q3 and q4. q0 is both the initial and the final state. The transitions are: q0 with value 1 goes to q1, q1 with value 1 goes to q2, q2 with value 0 goes to q3, q3 with value 0 goes to q4, q4 with value 0 goes to q0.;[];0.4;10;True;{'user_input': 'What is the number of final states of this automaton?', 'intent': 'fsa-practical', 'argument': 'state', 'dialogue_act': 'Ta:request', 'frame': {'numberOfFinalStates': '?'}};[0.2, 0.4, 0.3, 1.0]
Relevancy;2;What is the label of the transition from q1 to q2?;The transition between q1 and q2 is with value 1.;['simbolo-q1-q2'];1.0;0;False;{'user_input': 'What is the label of the transition from q1 to q2?', 'intent': 'fsa-practical', 'argument': 'transition', 'dialogue_act': 'Ta:request', 'frame': {'transitions': [['q1', 'q2', '?']]}};[1.0, 1.0, 1.0, 1.0]
Relevancy;2;can you explain the transitions that start from this?;The state q1 exists.;['simbolo-q1'];0.2;1;False;{'user_input': 'can you explain the transitions that start from this?', 'intent': 'fsa-practical', 'argument': 'transition', 'dialogue_act': 'Ta:request', 'frame': {'states': ['q1']}, '_raw_frame': {'transitions': []}};[0.1, 0.2, 0.1, 0.8]
Relevancy;2;What is the optimal spatial representation of the automaton’s transitions?;The automaton has 5 transitions: q0 with value 1 goes to q1, q1 with value 1 goes to q2, q2 with value 0 goes to q3, q3 with value 0 goes to q4, q4 with value 0 goes to q0.;['simbolo-q0-q1', 'simbolo-q1-q2', 'simbolo-q2-q3', 'simbolo-q3-q4', 'simbolo-q4-q0'];0.4;1;False;{'user_input': 'What is the optimal spatial representation of the automaton’s transitions?', 'intent': 'fsa-practical', 'argument': 'transition', 'dialogue_act': 'Ta:request', 'frame': {'transitions': []}};[0.3, 0.4, 0.4, 0.9]
Relevancy;2;ciao, potresti spiegarmi la transizione che parte dallo stato q1?;the transition is not defined.;[];0.2;2;False;{'user_input': 'ciao, potresti spiegarmi la transizione che parte dallo stato q1?', 'intent': 'fsa-practical', 'argument': 'transition', 'dialogue_act': 'Ta:request', 'frame': {'transitions': [['q1', '?', '?']]}};[0.0, 0.2, 0.0, 1.0]
Relevancy;2;which state in this automaton has the highest number of transitions?;MUTATION The automaton accepts zero or more words formed by a sequence of the type 11000. In total there are 5 states: q0, q1, q2, q3 and q4. q0 is both the initial and the final state. The transitions are: q0 with value 1 goes to q1, q1 with value 1 goes to q2, q2 with value 0 goes to q3, q3 with value 0 goes to q4, q4 with value 0 goes to q0.;[];0.2;3;True;{'user_input': 'which state in this automaton has the highest number of transitions?', 'intent': 'fsa-practical', 'argument': 'state', 'dialogue_act': 'Ta:request', 'frame': {'stateWithMostTransitions': '?'}};[0.1, 0.2, 0.2, 1.0]
Relevancy;2;how many transitions are there in the automaton?;The automaton has 5 transitions: q0 with value 1 goes to q1, q1 with value 1 goes to q2, q2 with value 0 goes to q3, q3 with value 0 goes to q4, q4 with value 0 goes to q0.;['simbolo-q0-q1', 'simbolo-q1-q2', 'simbolo-q2-q3', 'simbolo-q3-q4', 'simbolo-q4-q0'];1.0;3;False;{'user_input': 'how many transitions are there in the automaton?', 'intent': 'fsa-practical', 'argument': 'transition', 'dialogue_act': 'Ta:request', 'frame': {'numberOfTransitions': '?'}};[1.0, 1.0, 1.0, 1.0]
Relevancy;2;Which state does this regular automaton end in after processing the input?;MUTATION The automaton accepts zero or more words formed by a sequence of the type 11000. In total there are 5 states: q0, q1, q2, q3 and q4. q0 is both the initial and the final state. The transitions are: q0 with value 1 goes to q1, q1 with value 1 goes to q2, q2 with value 0 goes to q3, q3 with value 0 goes to q4, q4 with value 0 goes to q0.;[];0.4;3;True;{'user_input': 'Which state does this regular automaton end in after processing the input?', 'intent': 'fsa-practical', 'argument': 'state', 'dialogue_act': 'Ta:request', 'frame': {'states': '?'}};[0.2, 0.4, 0.3, 1.0]
Relevancy;2;which state in this finite state automaton has the highest number of transitions?;MUTATION The automaton accepts zero or more words formed by a sequence of the type 11000. In total there are 5 states: q0, q1, q2, q3 and q4. q0 is both the initial and the final state. The transitions are: q0 with value 1 goes to q1, q1 with value 1 goes to q2, q2 with value 0 goes to q3, q3 with value 0 goes to q4, q4 with value 0 goes to q0.;[];0.2;4;True;{'user_input': 'which state in this finite state automaton has the highest number of transitions?', 'intent': 'fsa-practical', 'argument': 'state', 'dialogue_act': 'Ta:request', 'frame': {'stateWithMostTransitions': '?'}};[0.0, 0.2, 0.0, 1.0]
Relevancy;2;which state of this automaton has the highest number of transitions?;MUTATION The automaton accepts zero or more words formed by a sequence of the type 11000. In total there are 5 states: q0, q1, q2, q3 and q4. q0 is both the initial and the final state. The transitions are: q0 with value 1 goes to q1, q1 with value 1 goes to q2, q2 with value 0 goes to q3, q3 with value 0 goes to q4, q4 with value 0 goes to q0.;[];0.2;5;True;{'user_input': 'which state of this automaton has the highest number of transitions?', 'intent': 'fsa-practical', 'argument': 'state', 'dialogue_act': 'Ta:request', 'frame': {'stateWithMostTransitions': '?'}};[0.1, 0.2, 0.2, 1.0]
Relevancy;2;Which state of this automaton has the highest number of transitions?;MUTATION The automaton accepts zero or more words formed by a sequence of the type 11000. In total there are 5 states: q0, q1, q2, q3 and q4. q0 is both the initial and the final state. The transitions are: q0 with value 1 goes to q1, q1 with value 1 goes to q2, q2 with value 0 goes to q3, q3 with value 0 goes to q4, q4 with value 0 goes to q0.;[];0.2;6;True;{'user_input': 'Which state of this automaton has the highest number of transitions?', 'intent': 'fsa-practical', 'argument': 'state', 'dialogue_act': 'Ta:request', 'frame': {'stateWithMostTransitions': '?'}};[0.0, 0.2, 0.0, 1.0]
Relevancy;2;What is the initial state of this automaton if I start from state q3?;It is not the initial state.;[];0.4;6;False;{'user_input': 'What is the initial state of this automaton if I start from state q3?', 'intent': 'fsa-practical', 'argument': 'state', 'dialogue_act': 'Ta:request', 'frame': {'initialState': 'q3'}};[0.2, 0.4, 0.2, 1.0]
Relevancy;2;which state in this finite state automaton has the highest number of transitions?;MUTATION The automaton accepts zero or more words formed by a sequence of the type 11000. In total there are 5 states: q0, q1, q2, q3 and q4. q0 is both the initial and the final state. The transitions are: q0 with value 1 goes to q1, q1 with value 1 goes to q2, q2 with value 0 goes to q3, q3 with value 0 goes to q4, q4 with value 0 goes to q0.;[];0.2;7;True;{'user_input': 'which state in this finite state automaton has the highest number of transitions?', 'intent': 'fsa-practical', 'argument': 'state', 'dialogue_act': 'Ta:request', 'frame': {'stateWithMostTransitions': '?'}};[0.0, 0.2, 0.0, 1.0]
Relevancy;2;which state in this automaton has the highest number of transitions?;MUTATION The automaton accepts zero or more words formed by a sequence of the type 11000. In total there are 5 states: q0, q1, q2, q3 and q4. q0 is both the initial and the final state. The transitions are: q0 with value 1 goes to q1, q1 with value 1 goes to q2, q2 with value 0 goes to q3, q3 with value 0 goes to q4, q4 with value 0 goes to q0.;[];0.2;8;True;{'user_input': 'which state in this automaton has the highest number of transitions?', 'intent': 'fsa-practical', 'argument': 'state', 'dialogue_act': 'Ta:request', 'frame': {'states': '?'}};[0.0, 0.2, 0.0, 1.0]
Relevancy;2;which states in this automaton have no transitions associated with them?;MUTATION The automaton accepts zero or more words formed by a sequence of the type 11000. In total there are 5 states: q0, q1, q2, q3 and q4. q0 is both the initial and the final state. The transitions are: q0 with value 1 goes to q1, q1 with value 1 goes to q2, q2 with value 0 goes to q3, q3 with value 0 goes to q4, q4 with value 0 goes to q0.;[];0.2;9;True;{'user_input': 'which states in this automaton have no transitions associated with them?', 'intent': 'fsa-practical', 'argument': 'state', 'dialogue_act': 'Ta:request', 'frame': {'states': '?'}};[0.0, 0.2, 0.0, 1.0]
Relevancy;2;"Thank you for explaining the states; could you tell me what the states of this automaton are?";MUTATION The automaton accepts zero or more words formed by a sequence of the type 11000. In total there are 5 states: q0, q1, q2, q3 and q4. q0 is both the initial and the final state. The transitions are: q0 with value 1 goes to q1, q1 with value 1 goes to q2, q2 with value 0 goes to q3, q3 with value 0 goes to q4, q4 with value 0 goes to q0.;[];0.9;9;True;"{'user_input': 'Thank you for explaining the states; could you tell me what the states of this automaton are?', 'intent': 'fsa-practical', 'argument': 'state', 'dialogue_act': 'Ta:request', 'frame': {'states': '?'}}";[0.9, 0.9, 1.0, 1.0]
Relevancy;3;If I start in q0 and the input is 11000, does the automaton accept or reject it?;MUTATION The automaton accepts zero or more words formed by a sequence of the type 11000. In total there are 5 states: q0, q1, q2, q3 and q4. q0 is both the initial and the final state. The transitions are: q0 with value 1 goes to q1, q1 with value 1 goes to q2, q2 with value 0 goes to q3, q3 with value 0 goes to q4, q4 with value 0 goes to q0.;[];0.7;0;True;{'user_input': 'If I start in q0 and the input is 11000, does the automaton accept or reject it?', 'intent': 'fsa-practical', 'argument': 'state', 'dialogue_act': 'Ta:request', 'frame': {'input': '11000'}};[0.4, 0.7, 0.5, 1.0]
Relevancy;3;what is the output of this automaton when the input string is 11000?;Could you be more specific?;[];0.1;1;False;{'user_input': 'what is the output of this automaton when the input string is 11000?', 'intent': 'fsa-practical', 'argument': 'language', 'dialogue_act': 'Ta:request', 'frame': {'input': '11000'}};[0.0, 0.1, 0.0, 1.0]
Relevancy;3;Given the automaton shown, can you compute the transition sequence when the input is 11000?;The automaton has 5 transitions: q0 with value 1 goes to q1, q1 with value 1 goes to q2, q2 with value 0 goes to q3, q3 with value 0 goes to q4, q4 with value 0 goes to q0.;['simbolo-q0-q1', 'simbolo-q1-q2', 'simbolo-q2-q3', 'simbolo-q3-q4', 'simbolo-q4-q0'];0.95;1;False;{'user_input': 'Given the automaton shown, can you compute the transition sequence when the input is 11000?', 'intent': 'fsa-practical', 'argument': 'transition', 'dialogue_act': 'Ta:request', 'frame': {'input': '11000'}};[0.95, 0.95, 1.0, 1.0]
Relevancy;3;can you run this automaton on the input 11000?;The automaton has 5 states and 5 transitions.;[];0.2;2;False;{'user_input': 'can you run this automaton on the input 11000?', 'intent': 'fsa-practical', 'argument': 'automaton', 'dialogue_act': 'Ta:request', 'frame': {'input': '11000'}};[0.1, 0.2, 0.1, 0.9]
Relevancy;3;i meant to ask about the language recognized by this automaton when the input is 11000.;Could you be more specific?;[];0.2;3;False;{'user_input': 'i meant to ask about the language recognized by this automaton when the input is 11000.', 'intent': 'fsa-practical', 'argument': 'language', 'dialogue_act': 'Ta:request', 'frame': {'input': '11000'}};[0.1, 0.2, 0.1, 1.0]
Relevancy;3;What is the language accepted by this automaton for the input 11000?;Could you be more specific?;[];0.1;4;False;{'user_input': 'What is the language accepted by this automaton for the input 11000?', 'intent': 'fsa-practical', 'argument': 'language', 'dialogue_act': 'Ta:request', 'frame': {'input': '11000'}};[0.0, 0.1, 0.0, 1.0]
Relevancy;3;what are the final states of the language recognized by this automaton?;The final state is q0.;['simbolo-q0'];1.0;4;False;{'user_input': 'what are the final states of the language recognized by this automaton?', 'intent': 'fsa-practical', 'argument': 'state', 'dialogue_act': 'Ta:request', 'frame': {'finalStates': '?'}};[1.0, 1.0, 1.0, 1.0]
Relevancy;3;For the automaton shown, what language is accepted for the input string 11000?;Could you be more specific?;[];0.1;5;False;{'user_input': 'For the automaton shown, what language is accepted for the input string 11000?', 'intent': 'fsa-practical', 'argument': 'language', 'dialogue_act': 'Ta:request', 'frame': {'input': '11000'}};[0.0, 0.1, 0.0, 1.0]
Relevancy;3;What language is recognized by this automaton for the input string 11000?;Could you be more specific?;[];0.1;6;False;{'user_input': 'What language is recognized by this automaton for the input string 11000?', 'intent': 'fsa-practical', 'argument': 'language', 'dialogue_act': 'Ta:request', 'frame': {'input': '11000'}};[0.0, 0.1, 0.0, 1.0]
Relevancy;3;What is the language accepted by this automaton for the input string 11000?;Could you be more specific?;[];0.1;7;False;{'user_input': 'What is the language accepted by this automaton for the input string 11000?', 'intent': 'fsa-practical', 'argument': 'language', 'dialogue_act': 'Ta:request', 'frame': {'input': '11000'}};[0.0, 0.1, 0.0, 1.0]
Relevancy;3;What is the pattern type of the language recognized by this finite state automaton?;Could you be more specific?;[];0.1;8;False;{'user_input': 'What is the pattern type of the language recognized by this finite state automaton?', 'intent': 'fsa-practical', 'argument': 'pattern', 'dialogue_act': 'Ta:request', 'frame': {'patternType': '?'}};[0.0, 0.1, 0.0, 1.0]
Relevancy;3;Hi, looking at this finite state machine, can you tell me what type of pattern it represents?;Could you be more specific?;[];0.2;9;False;{'user_input': 'Hi, looking at this finite state machine, can you tell me what type of pattern it represents?', 'intent': 'fsa-practical', 'argument': 'pattern', 'dialogue_act': 'Ta:propositionalQuestion', 'frame': {'patternType': '?'}};[0.1, 0.2, 0.1, 1.0]
Relevancy;3;what type of pattern does this finite state automaton recognize?;Could you be more specific?;[];0.1;10;False;{'user_input': 'what type of pattern does this finite state automaton recognize?', 'intent': 'fsa-practical', 'argument': 'pattern', 'dialogue_act': 'Ta:request', 'frame': {'patternType': '?'}};[0.0, 0.1, 0.0, 1.0]
Relevancy;3;which state in this automaton has the highest number of transitions, is it q3?;MUTATION The automaton accepts zero or more words formed by a sequence of the type 11000. In total there are 5 states: q0, q1, q2, q3 and q4. q0 is both the initial and the final state. The transitions are: q0 with value 1 goes to q1, q1 with value 1 goes to q2, q2 with value 0 goes to q3, q3 with value 0 goes to q4, q4 with value 0 goes to q0.;[];0.4;10;True;{'user_input': 'which state in this automaton has the highest number of transitions, is it q3?', 'intent': 'fsa-practical', 'argument': 'state', 'dialogue_act': 'Ta:propositionalQuestion', 'frame': {'stateWithMostTransitions': 'q3'}};[0.2, 0.4, 0.3, 1.0]
Relevancy;3;What type of pattern does this finite state automaton recognize?;Could you be more specific?;[];0.1;11;False;{'user_input': 'What type of pattern does this finite state automaton recognize?', 'intent': 'fsa-practical', 'argument': 'pattern', 'dialogue_act': 'Ta:request', 'frame': {'patternType': '?'}};[0.0, 0.1, 0.0, 1.0]
Relevancy;4;Is q0 the only final state, or could another state also be final in this automaton?;The final state is q0.;['simbolo-q0'];0.8;0;False;{'user_input': 'Is q0 the only final state, or could another state also be final in this automaton?', 'intent': 'fsa-practical', 'argument': 'state', 'dialogue_act': 'Ta:request', 'frame': {'finalStates': 'q0'}};[0.2, 0.8, 0.2, 0.9]
Relevancy;4;Is q0 the only final state of this automaton?;The final state is q0.;['simbolo-q0'];1.0;0;False;{'user_input': 'Is q0 the only final state of this automaton?', 'intent': 'fsa-practical', 'argument': 'state', 'dialogue_act': 'Ta:request', 'frame': {'finalStates': 'q0'}};[1.0, 1.0, 1.0, 1.0]
Relevancy;4;given the automaton shown, can you tell me the state reached after processing the input 1100011000?;MUTATION The automaton accepts zero or more words formed by a sequence of the type 11000. In total there are 5 states: q0, q1, q2, q3 and q4. q0 is both the initial and the final state. The transitions are: q0 with value 1 goes to q1, q1 with value 1 goes to q2, q2 with value 0 goes to q3, q3 with value 0 goes to q4, q4 with value 0 goes to q0.;[];0.4;0;True;{'user_input': 'given the automaton shown, can you tell me the state reached after processing the input 1100011000?', 'intent': 'fsa-practical', 'argument': 'state', 'dialogue_act': 'Ta:request', 'frame': {'states': '?'}};[0.1, 0.4, 0.2, 1.0]
Relevancy;4;There are 5 states in the automaton: q0, q1, q2, q3 and q4.;There are 5 states in this automaton.;['simbolo-q0', 'simbolo-q1', 'simbolo-q2', 'simbolo-q3', 'simbolo-q4'];1.0;0;False;{'user_input': 'There are 5 states in the automaton: q0, q1, q2, q3 and q4.', 'intent': 'fsa-practical', 'argument': 'state', 'dialogue_act': 'Ta:request', 'frame': {'numberOfStates': '5'}};[1.0, 1.0, 1.0, 1.0]
Relevancy;4;can you tell me what the states of this automaton are?;MUTATION The automaton accepts zero or more words formed by a sequence of the type 11000. In total there are 5 states: q0, q1, q2, q3 and q4. q0 is both the initial and the final state. The transitions are: q0 with value 1 goes to q1, q1 with value 1 goes to q2, q2 with value 0 goes to q3, q3 with value 0 goes to q4, q4 with value 0 goes to q0.;[];0.9;0;True;{'user_input': 'can you tell me what the states of this automaton are?', 'intent': 'fsa-practical', 'argument': 'state', 'dialogue_act': 'Ta:request', 'frame': {'states': '?'}};[0.95, 0.9, 1.0, 1.0]
Relevancy;4;Does this automaton contain a state q4?;MUTATION The automaton accepts zero or more words formed by a sequence of the type 11000. In total there are 5 states: q0, q1, q2, q3 and q4. q0 is both the initial and the final state. The transitions are: q0 with value 1 goes to q1, q1 with value 1 goes to q2, q2 with value 0 goes to q3, q3 with value 0 goes to q4, q4 with value 0 goes to q0.;[];0.95;0;True;{'user_input': 'Does this automaton contain a state q4?', 'intent': 'fsa-practical', 'argument': 'state', 'dialogue_act': 'Ta:request', 'frame': {'state': 'q4'}};[1.0, 0.95, 1.0, 1.0]
Relevancy;4;What are the states of this automaton?;MUTATION The automaton accepts zero or more words formed by a sequence of the type 11000. In total there are 5 states: q0, q1, q2, q3 and q4. q0 is both the initial and the final state. The transitions are: q0 with value 1 goes to q1, q1 with value 1 goes to q2, q2 with value 0 goes to q3, q3 with value 0 goes to q4, q4 with value 0 goes to q0.;[];0.9;0;True;{'user_input': 'What are the states of this automaton?', 'intent': 'fsa-practical', 'argument': 'state', 'dialogue_act': 'Ta:request', 'frame': {'states': '?'}};[0.95, 0.9, 1.0, 1.0]
Relevancy;4;How many states does this automaton have?;This automaton has 5 states.;['simbolo-q0', 'simbolo-q1', 'simbolo-q2', 'simbolo-q3', 'simbolo-q4'];1.0;0;False;{'user_input': 'How many states does this automaton have?', 'intent': 'fsa-practical', 'argument': 'state', 'dialogue_act': 'Ta:request', 'frame': {'numberOfStates': '?'}};[1.0, 1.0, 1.0, 1.0]
Relevancy;5;In general, how can I know if this finite state machine is deterministic or nondeterministic just by looking at its diagram?;The automaton has 5 states and 5 transitions.;[];0.1;1;False;{'user_input': 'In general, how can I know if this finite state machine is deterministic or nondeterministic just by looking at its diagram?', 'intent': 'fsa-practical', 'argument': 'automaton', 'dialogue_act': 'Ta:propositionalQuestion', 'frame': {'graphicInput': '?'}};[0.1, 0.1, 0.1, 1.0]
Relevancy;5;what is the automaton represented by this finite state machine?;The automaton has 5 states and 5 transitions.;[];0.3;2;False;{'user_input': 'what is the automaton represented by this finite state machine?', 'intent': 'fsa-practical', 'argument': 'automaton', 'dialogue_act': 'Ta:request', 'frame': {'automatonType': '?'}};[0.2, 0.3, 0.2, 1.0]
Relevancy;5;what are the transitions of this automaton shown on the tablet?;The automaton has 5 transitions: q0 with value 1 goes to q1, q1 with value 1 goes to q2, q2 with value 0 goes to q3, q3 with value 0 goes to q4, q4 with value 0 goes to q0.;['simbolo-q0-q1', 'simbolo-q1-q2', 'simbolo-q2-q3', 'simbolo-q3-q4', 'simbolo-q4-q0'];1.0;2;False;{'user_input': 'what are the transitions of this automaton shown on the tablet?', 'intent': 'fsa-practical', 'argument': 'transition', 'dialogue_act': 'Ta:request', 'frame': {'transitions': []}};[1.0, 1.0, 1.0, 1.0]
Relevancy;5;what does this automaton represent in the graphic input?;The automaton has 5 states and 5 transitions.;[];0.2;3;False;{'user_input': 'what does this automaton represent in the graphic input?', 'intent': 'fsa-practical', 'argument': 'automaton', 'dialogue_act': 'Ta:request', 'frame': {'graphicInput': '?'}};[0.1, 0.2, 0.1, 0.9]
Relevancy;5;what are the transitions of the automaton shown in the graphic?;The automaton has 5 transitions: q0 with value 1 goes to q1, q1 with value 1 goes to q2, q2 with value 0 goes to q3, q3 with value 0 goes to q4, q4 with value 0 goes to q0.;['simbolo-q0-q1', 'simbolo-q1-q2', 'simbolo-q2-q3', 'simbolo-q3-q4', 'simbolo-q4-q0'];1.0;3;False;{'user_input': 'what are the transitions of the automaton shown in the graphic?', 'intent': 'fsa-practical', 'argument': 'transition', 'dialogue_act': 'Ta:request', 'frame': {'transitions': []}};[1.0, 1.0, 1.0, 1.0]
Relevancy;5;"thanks for showing me this automaton; could you please help me with a practical exercise on this automaton using the graphic input?";The automaton has 5 states and 5 transitions.;[];0.2;4;False;"{'user_input': 'thanks for showing me this automaton; could you please help me with a practical exercise on this automaton using the graphic input?', 'intent': 'fsa-practical', 'argument': 'automaton', 'dialogue_act': 'Ta:propositionalQuestion', 'frame': {'graphicInput': '?'}}";[0.2, 0.2, 0.2, 1.0]
Correctness;1;Is it possible to reach q4 starting from q2 with a single transition?;The automaton has 5 states: q0, q1, q2, q3 and q4.;['simbolo-q0', 'simbolo-q1', 'simbolo-q2', 'simbolo-q3', 'simbolo-q4'];0.0;1;False;{'user_input': 'Is it possible to reach q4 starting from q2 with a single transition?', 'intent': None, 'argument': None, 'dialogue_act': None, 'frame': {}};[0.0, 0.2, 0.0, 0.4]
Correctness;1;what is the graphical representation of this automaton?;The automaton has 5 states and 5 transitions.;[];0.2;2;False;{'user_input': 'what is the graphical representation of this automaton?', 'intent': 'fsa-practical', 'argument': 'automaton', 'dialogue_act': 'Ta:request', 'frame': {'graphicRepresentation': '?'}};[0.2, 0.3, 0.2, 1.0]
Correctness;1;Explain to me from a theoretical point of view how this finite state automaton works and what language it recognizes, without asking for or giving specific numeric details about its states or transitions.;The automaton has 5 states and 5 transitions.;[];0.1;3;False;{'user_input': 'Explain to me from a theoretical point of view how this finite state automaton works and what language it recognizes, without asking for or giving specific numeric details about its states or transitions.', 'intent': 'fsa-practical', 'argument': 'automaton', 'dialogue_act': 'Ta:request', 'frame': {'alphabet': 'alphabet', 'initialState': 'initialState', 'finalStates': 'finalStates', 'transitions': []}};[0.1, 0.2, 0.1, 1.0]
Correctness;1;thank you so much!;MUTATION The automaton accepts zero or more words formed by a sequence of the type 11000. In total there are 5 states: q0, q1, q2, q3 and q4. q0 is both the initial and the final state. The transitions are: q0 with value 1 goes to q1, q1 with value 1 goes to q2, q2 with value 0 goes to q3, q3 with value 0 goes to q4, q4 with value 0 goes to q0.;[];1.0;3;True;{'user_input': 'thank you so much!', 'intent': 'fsa-practical', 'argument': None, 'dialogue_act': 'Ta:request', 'frame': {'answer': 'thankYou'}};[0.95, 0.95, 1.0, 1.0]
Correctness;1;i’m done for now, goodbye.;The automaton has 5 states: q0, q1, q2, q3 and q4.;['simbolo-q0', 'simbolo-q1', 'simbolo-q2', 'simbolo-q3', 'simbolo-q4'];0.9;3;False;{'user_input': 'i’m done for now, goodbye.', 'intent': 'fsa-practical', 'argument': None, 'dialogue_act': 'Ta:request', 'frame': {}};[0.9, 0.9, 0.9, 0.9]
Correctness;1;The alphabet of this automaton is [“1”, “0”].;Could you be more specific?;[];0.0;4;False;{'user_input': 'The alphabet of this automaton is [“1”, “0”].', 'intent': 'fsa-practical', 'argument': 'alphabet', 'dialogue_act': 'Ta:request', 'frame': {'alphabet': '1'}};[0.0, 0.1, 0.0, 1.0]
Correctness;1;Which states of the automaton can be reached by reading the symbol 1?;MUTATION The automaton accepts zero or more words formed by a sequence of the type 11000. In total there are 5 states: q0, q1, q2, q3 and q4. q0 is both the initial and the final state. The transitions are: q0 with value 1 goes to q1, q1 with value 1 goes to q2, q2 with value 0 goes to q3, q3 with value 0 goes to q4, q4 with value 0 goes to q0.;[];0.2;5;True;{'user_input': 'Which states of the automaton can be reached by reading the symbol 1?', 'intent': 'fsa-practical', 'argument': 'state', 'dialogue_act': 'Ta:propositionalQuestion', 'frame': {'states': '?'}};[0.1, 0.3, 0.2, 1.0]
Correctness;1;What is the alphabet of this automaton if it only includes the symbol 1?;Could you be more specific?;[];0.0;6;False;{'user_input': 'What is the alphabet of this automaton if it only includes the symbol 1?', 'intent': 'fsa-practical', 'argument': 'alphabet', 'dialogue_act': 'Ta:request', 'frame': {'alphabet': '1'}};[0.0, 0.1, 0.0, 1.0]
Correctness;1;What is the alphabet of this automaton, if I only see the symbol 1 in its transitions?;Could you be more specific?;[];0.0;7;False;{'user_input': 'What is the alphabet of this automaton, if I only see the symbol 1 in its transitions?', 'intent': 'fsa-practical', 'argument': 'alphabet', 'dialogue_act': 'Ta:request', 'frame': {'alphabet': '1'}};[0.0, 0.1, 0.0, 1.0]
Correctness;1;What is the alphabet of this automaton if it only includes the symbol 1?;Could you be more specific?;[];0.0;8;False;{'user_input': 'What is the alphabet of this automaton if it only includes the symbol 1?', 'intent': 'fsa-practical', 'argument': 'alphabet', 'dialogue_act': 'Ta:request', 'frame': {'alphabet': '1'}};[0.0, 0.1, 0.0, 1.0]
Correctness;1;no, scusa, mi correggo: l’unico simbolo dell’alfabeto di questo automa è 1.;Could you be more specific?;[];0.2;9;False;{'user_input': 'no, scusa, mi correggo: l’unico simbolo dell’alfabeto di questo automa è 1.', 'intent': 'fsa-practical', 'argument': 'alphabet', 'dialogue_act': 'Ta:request', 'frame': {'alphabet': ['1']}};[0.2, 0.2, 0.2, 1.0]
Correctness;1;What is the alphabet of this automaton if it only includes the symbol 1?;Could you be more specific?;[];0.0;10;False;{'user_input': 'What is the alphabet of this automaton if it only includes the symbol 1?', 'intent': 'fsa-practical', 'argument': 'alphabet', 'dialogue_act': 'Ta:request', 'frame': {'alphabet': '1'}};[0.0, 0.1, 0.0, 1.0]
Correctness;1;What is the alphabet of this automaton?;Could you be more specific?;[];0.0;11;False;{'user_input': 'What is the alphabet of this automaton?', 'intent': 'fsa-practical', 'argument': 'alphabet', 'dialogue_act': 'Ta:request', 'frame': {'alphabet': '?'}};[0.0, 0.1, 0.0, 1.0]
Correctness;1;what is the alphabet of this automaton?;Could you be more specific?;[];0.0;12;False;{'user_input': 'what is the alphabet of this automaton?', 'intent': 'fsa-practical', 'argument': 'alphabet', 'dialogue_act': 'Ta:request', 'frame': {'alphabet': '?'}};[0.0, 0.1, 0.0, 1.0]
Correctness;1;What is the alphabet of this automaton?;Could you be more specific?;[];0.0;13;False;{'user_input': 'What is the alphabet of this automaton?', 'intent': 'fsa-practical', 'argument': 'alphabet', 'dialogue_act': 'Ta:request', 'frame': {'alphabet': '?'}};[0.0, 0.1, 0.0, 1.0]
Correctness;2;What is the value on the transition from q1 to q2?;The transition between q1 and q2 is with value 1.;['simbolo-q1-q2'];1.0;0;False;{'user_input': 'What is the value on the transition from q1 to q2?', 'intent': 'fsa-practical', 'argument': 'transition', 'dialogue_act': 'Ta:request', 'frame': {'transitions': [['q1', 'q2', '?']]}};[1.0, 1.0, 1.0, 1.0]
Correctness;2;Given the input string 11000, does this transition sequence lead the automaton back to q0 with the output accepted?;The automaton has 5 transitions: q0 with value 1 goes to q1, q1 with value 1 goes to q2, q2 with value 0 goes to q3, q3 with value 0 goes to q4, q4 with value 0 goes to q0.;['simbolo-q0-q1', 'simbolo-q1-q2', 'simbolo-q2-q3', 'simbolo-q3-q4', 'simbolo-q4-q0'];0.3;1;False;{'user_input': 'Given the input string 11000, does this transition sequence lead the automaton back to q0 with the output accepted?', 'intent': 'fsa-practical', 'argument': 'transition', 'dialogue_act': 'Ta:request', 'frame': {'input': '11000'}};[0.2, 0.5, 0.3, 1.0]
Correctness;2;How many transitions are there in this automaton?;The automaton has 5 transitions: q0 with value 1 goes to q1, q1 with value 1 goes to q2, q2 with value 0 goes to q3, q3 with value 0 goes to q4, q4 with value 0 goes to q0.;['simbolo-q0-q1', 'simbolo-q1-q2', 'simbolo-q2-q3', 'simbolo-q3-q4', 'simbolo-q4-q0'];1.0;1;False;{'user_input': 'How many transitions are there in this automaton?', 'intent': 'fsa-practical', 'argument': 'transition', 'dialogue_act': 'Ta:request', 'frame': {'numberOfTransitions': '?'}};[1.0, 1.0, 1.0, 1.0]
Correctness;2;from which state does this transition start?;The initial state is q0.;['simbolo-q0'];0.0;2;False;{'user_input': 'from which state does this transition start?', 'intent': 'fsa-practical', 'argument': 'state', 'dialogue_act': 'Ta:request', 'frame': {'initialState': '?'}};[0.0, 0.2, 0.0, 0.2]
Correctness;2;what is the initial state of the language recognized by this automaton?;The initial state is q0.;['simbolo-q0'];1.0;2;False;{'user_input': 'what is the initial state of the language recognized by this automaton?', 'intent': 'fsa-practical', 'argument': 'state', 'dialogue_act': 'Ta:request', 'frame': {'initialState': '?'}};[1.0, 1.0, 1.0, 1.0]
Correctness;2;what is the initial state of this automaton?;The initial state is q0.;['simbolo-q0'];1.0;2;False;{'user_input': 'what is the initial state of this automaton?', 'intent': 'fsa-practical', 'argument': 'state', 'dialogue_act': 'Ta:request', 'frame': {'initialState': '?'}};[1.0, 1.0, 1.0, 1.0]
Correctness;2;i accept the turn: what is the initial state of this finite state automaton?;The initial state is q0.;['simbolo-q0'];1.0;2;False;{'user_input': 'i accept the turn: what is the initial state of this finite state automaton?', 'intent': 'fsa-practical', 'argument': 'state', 'dialogue_act': 'Ta:request', 'frame': {'initialState': '?'}};[1.0, 1.0, 1.0, 1.0]
Correctness;2;What is the initial state of this finite state automaton?;The initial state is q0.;['simbolo-q0'];1.0;2;False;{'user_input': 'What is the initial state of this finite state automaton?', 'intent': 'fsa-practical', 'argument': 'state', 'dialogue_act': 'Ta:request', 'frame': {'initialState': '?'}};[1.0, 1.0, 1.0, 1.0]
Correctness;2;what is the initial state of this automaton?;The initial state is q0.;['simbolo-q0'];1.0;2;False;{'user_input': 'what is the initial state of this automaton?', 'intent': 'fsa-practical', 'argument': 'state', 'dialogue_act': 'Ta:request', 'frame': {'initialState': '?'}};[1.0, 1.0, 1.0, 1.0]
Correctness;3;Does this automaton accept the input string 11000?;Could you be more specific?;[];0.0;1;False;{'user_input': 'Does this automaton accept the input string 11000?', 'intent': 'fsa-practical', 'argument': 'language', 'dialogue_act': 'Ta:request', 'frame': {'input': '11000'}};[0.0, 0.1, 0.0, 1.0]
Correctness;3;what is the language accepted by this automaton for the input string 11000?;Could you be more specific?;[];0.0;2;False;{'user_input': 'what is the language accepted by this automaton for the input string 11000?', 'intent': 'fsa-practical', 'argument': 'language', 'dialogue_act': 'Ta:request', 'frame': {'input': '11000'}};[0.0, 0.1, 0.0, 1.0]
Correctness;3;What is the language accepted by this automaton for the input [0,1]?;Could you be more specific?;[];0.0;3;False;{'user_input': 'What is the language accepted by this automaton for the input [0,1]?', 'intent': 'fsa-practical', 'argument': 'language', 'dialogue_act': 'Ta:request', 'frame': {'input': ['0', '1']}};[0.0, 0.1, 0.0, 1.0]
Correctness;3;what is the optimal spatial representation of the language recognized by this finite state automaton?;Could you be more specific?;[];0.1;4;False;{'user_input': 'what is the optimal spatial representation of the language recognized by this finite state automaton?', 'intent': 'fsa-practical', 'argument': 'pattern', 'dialogue_act': 'Ta:request', 'frame': {'optimalSpatialRepresentation': '?'}};[0.1, 0.2, 0.1, 0.9]
Correctness;3;can you tell me which input patterns over the alphabet {0,1} are accepted by this finite-state automaton if i try the strings 0 and 1 as input?;Could you be more specific?;[];0.0;5;False;{'user_input': 'can you tell me which input patterns over the alphabet {0,1} are accepted by this finite-state automaton if i try the strings 0 and 1 as input?', 'intent': 'fsa-practical', 'argument': 'language', 'dialogue_act': 'Ta:request', 'frame': {'input': '0'}};[0.0, 0.1, 0.0, 1.0]
Correctness;3;can you run the automaton with the input string 0?;The automaton has 5 states and 5 transitions.;[];0.1;6;False;{'user_input': 'can you run the automaton with the input string 0?', 'intent': 'fsa-practical', 'argument': 'automaton', 'dialogue_act': 'Ta:request', 'frame': {'input': '0'}};[0.1, 0.2, 0.1, 0.9]
Correctness;3;what is the language accepted by this automaton for the input string 0?;Could you be more specific?;[];0.0;7;False;{'user_input': 'what is the language accepted by this automaton for the input string 0?', 'intent': 'fsa-practical', 'argument': 'language', 'dialogue_act': 'Ta:request', 'frame': {'input': '0'}};[0.0, 0.1, 0.0, 1.0]
Correctness;3;sorry, i meant the language recognized by this automaton on the input 0.;Could you be more specific?;[];0.1;8;False;{'user_input': 'sorry, i meant the language recognized by this automaton on the input 0.', 'intent': 'fsa-practical', 'argument': 'language', 'dialogue_act': 'Ta:request', 'frame': {'input': '0'}};[0.1, 0.2, 0.1, 1.0]
Correctness;3;What is the language accepted by this automaton for the input string 0?;Could you be more specific?;[];0.0;9;False;{'user_input': 'What is the language accepted by this automaton for the input string 0?', 'intent': 'fsa-practical', 'argument': 'language', 'dialogue_act': 'Ta:request', 'frame': {'input': '0'}};[0.0, 0.1, 0.0, 1.0]
Correctness;3;what language does this automaton accept for the input string 0?;Could you be more specific?;[];0.0;10;False;{'user_input': 'what language does this automaton accept for the input string 0?', 'intent': 'fsa-practical', 'argument': 'language', 'dialogue_act': 'Ta:request', 'frame': {'input': '0'}};[0.0, 0.1, 0.0, 1.0]
Correctness;3;Hi again! For this automaton’s language, can you try the input `0`?;Could you be more specific?;[];0.1;11;False;{'user_input': 'Hi again! For this automaton’s language, can you try the input `0`?', 'intent': 'fsa-practical', 'argument': 'language', 'dialogue_act': 'Ta:request', 'frame': {'input': '0'}};[0.1, 0.2, 0.1, 1.0]
Correctness;3;What language does the automaton recognize for the input string 0?;Could you be more specific?;[];0.0;12;False;{'user_input': 'What language does the automaton recognize for the input string 0?', 'intent': 'fsa-practical', 'argument': 'language', 'dialogue_act': 'Ta:request', 'frame': {'input': '0'}};[0.0, 0.1, 0.0, 1.0]
Correctness;3;What is the language accepted by the automaton starting from state q2?;Could you be more specific?;[];0.0;13;False;{'user_input': 'What is the language accepted by the automaton starting from state q2?', 'intent': 'fsa-practical', 'argument': 'language', 'dialogue_act': 'Ta:request', 'frame': {'initialState': 'q2'}};[0.0, 0.1, 0.0, 1.0]
Correctness;3;what is the language accepted by this automaton if it recognizes a clockwise pattern?;Could you be more specific?;[];0.1;14;False;{'user_input': 'what is the language accepted by this automaton if it recognizes a clockwise pattern?', 'intent': 'fsa-practical', 'argument': 'language', 'dialogue_act': 'Ta:request', 'frame': {'input': 'pattern'}};[0.1, 0.2, 0.1, 1.0]
Correctness;3;In this automaton, if we start from the initial state q2, what will be the behavior of the machine for a given input string?;MUTATION The automaton accepts zero or more words formed by a sequence of the type 11000. In total there are 5 states: q0, q1, q2, q3 and q4. q0 is both the initial and the final state. The transitions are: q0 with value 1 goes to q1, q1 with value 1 goes to q2, q2 with value 0 goes to q3, q3 with value 0 goes to q4, q4 with value 0 goes to q0.;[];0.3;15;True;{'user_input': 'In this automaton, if we start from the initial state q2, what will be the behavior of the machine for a given input string?', 'intent': 'fsa-practical', 'argument': 'state', 'dialogue_act': 'Ta:request', 'frame': {'initialState': 'q2', 'states': 'q2'}};[0.2, 0.3, 0.3, 1.0]
Correctness;4;How can I know whether this automaton is deterministic or not just by looking at the diagram?;Could you be more specific?;[];0.0;1;False;{'user_input': 'How can I know whether this automaton is deterministic or not just by looking at the diagram?', 'intent': 'fsa-practical', 'argument': 'pattern', 'dialogue_act': 'Ta:propositionalQuestion', 'frame': {'automatonType': 'deterministic'}};[0.0, 0.1, 0.0, 1.0]
Correctness;4;in this deterministic automaton, what is the language it recognizes?;Could you be more specific?;[];0.1;2;False;{'user_input': 'in this deterministic automaton, what is the language it recognizes?', 'intent': 'fsa-practical', 'argument': 'language', 'dialogue_act': 'Ta:request', 'frame': {'language': '?'}};[0.1, 0.2, 0.1, 1.0]
Correctness;4;In a deterministic finite state automaton like this one, what pattern of input symbols does the machine theoretically recognize?;Could you be more specific?;[];0.0;3;False;{'user_input': 'In a deterministic finite state automaton like this one, what pattern of input symbols does the machine theoretically recognize?', 'intent': 'fsa-practical', 'argument': 'pattern', 'dialogue_act': 'Ta:propositionalQuestion', 'frame': {'patternOfInput': '?'}};[0.0, 0.1, 0.0, 1.0]
Correctness;4;what is the alphabet of this automaton?;Could you be more specific?;[];0.0;4;False;{'user_input': 'what is the alphabet of this automaton?', 'intent': 'fsa-practical', 'argument': 'alphabet', 'dialogue_act': 'Ta:request', 'frame': {'alphabet': '?'}};[0.0, 0.1, 0.0, 1.0]
Correctness;4;what is the alphabet of this automaton?;Could you be more specific?;[];0.0;5;False;{'user_input': 'what is the alphabet of this automaton?', 'intent': 'fsa-practical', 'argument': 'alphabet', 'dialogue_act': 'Ta:request', 'frame': {'alphabet': '?'}};[0.0, 0.1, 0.0, 1.0]
Correctness;4;What is the alphabet of this automaton?;Could you be more specific?;[];0.0;6;False;{'user_input': 'What is the alphabet of this automaton?', 'intent': 'fsa-practical', 'argument': 'alphabet', 'dialogue_act': 'Ta:request', 'frame': {'alphabet': '?'}};[0.0, 0.1, 0.0, 1.0]
Correctness;4;what is the alphabet of this automaton?;Could you be more specific?;[];0.0;7;False;{'user_input': 'what is the alphabet of this automaton?', 'intent': 'fsa-practical', 'argument': 'alphabet', 'dialogue_act': 'Ta:request', 'frame': {'alphabet': '?'}};[0.0, 0.1, 0.0, 1.0]
Correctness;4;what is the alphabet of this automaton?;Could you be more specific?;[];0.0;8;False;{'user_input': 'what is the alphabet of this automaton?', 'intent': 'fsa-practical', 'argument': 'alphabet', 'dialogue_act': 'Ta:request', 'frame': {'alphabet': '?'}};[0.0, 0.1, 0.0, 1.0]
Correctness;4;What is the alphabet of this automaton?;Could you be more specific?;[];0.0;9;False;{'user_input': 'What is the alphabet of this automaton?', 'intent': 'fsa-practical', 'argument': 'alphabet', 'dialogue_act': 'Ta:request', 'frame': {'alphabet': '?'}};[0.0, 0.1, 0.0, 1.0]
Correctness;4;what is the alphabet of this automaton?;Could you be more specific?;[];0.0;10;False;{'user_input': 'what is the alphabet of this automaton?', 'intent': 'fsa-practical', 'argument': 'alphabet', 'dialogue_act': 'Ta:request', 'frame': {'alphabet': '?'}};[0.0, 0.1, 0.0, 1.0]
Correctness;4;which symbol of the alphabet leads to this having no outgoing transitions?;Could you be more specific?;[];0.1;11;False;{'user_input': 'which symbol of the alphabet leads to this having no outgoing transitions?', 'intent': 'fsa-practical', 'argument': 'alphabet', 'dialogue_act': 'Ta:request', 'frame': {'states': ['q3']}, '_raw_frame': {'alphabet': '?'}};[0.1, 0.2, 0.1, 1.0]
Correctness;4;What is the alphabet of this automaton if it has 2 final states?;Could you be more specific?;[];0.0;12;False;{'user_input': 'What is the alphabet of this automaton if it has 2 final states?', 'intent': 'fsa-practical', 'argument': 'alphabet', 'dialogue_act': 'Ta:request', 'frame': {'alphabet': '?'}};[0.0, 0.1, 0.0, 1.0]
Correctness;4;Sorry, I meant to say: the alphabet of this automaton is {0,1}, right?;Could you be more specific?;[];0.1;13;False;{'user_input': 'Sorry, I meant to say: the alphabet of this automaton is {0,1}, right?', 'intent': 'fsa-practical', 'argument': 'alphabet', 'dialogue_act': 'Ta:propositionalQuestion', 'frame': {'alphabet': '0'}};[0.1, 0.1, 0.1, 1.0]
Correctness;4;what is the alphabet of this automaton?;Could you be more specific?;[];0.0;14;False;{'user_input': 'what is the alphabet of this automaton?', 'intent': 'fsa-practical', 'argument': 'alphabet', 'dialogue_act': 'Ta:request', 'frame': {'alphabet': '?'}};[0.0, 0.1, 0.0, 1.0]
Correctness;4;what is the alphabet of this automaton?;Could you be more specific?;[];0.0;15;False;{'user_input': 'what is the alphabet of this automaton?', 'intent': 'fsa-practical', 'argument': 'alphabet', 'dialogue_act': 'Ta:request', 'frame': {'alphabet': '?'}};[0.0, 0.1, 0.0, 1.0]
Correctness;5;What is the difference between the language of an automaton and the set of its states?;MUTATION The automaton accepts zero or more words formed by a sequence of the type 11000. In total there are 5 states: q0, q1, q2, q3 and q4. q0 is both the initial and the final state. The transitions are: q0 with value 1 goes to q1, q1 with value 1 goes to q2, q2 with value 0 goes to q3, q3 with value 0 goes to q4, q4 with value 0 goes to q0.;[];0.1;1;True;{'user_input': 'What is the difference between the language of an automaton and the set of its states?', 'intent': 'fsa-practical', 'argument': None, 'dialogue_act': 'Ta:request', 'frame': {'input': '?'}};[0.1, 0.2, 0.1, 0.9]
Correctness;5;which states in this automaton do not have any transitions?;MUTATION The automaton accepts zero or more words formed by a sequence of the type 11000. In total there are 5 states: q0, q1, q2, q3 and q4. q0 is both the initial and the final state. The transitions are: q0 with value 1 goes to q1, q1 with value 1 goes to q2, q2 with value 0 goes to q3, q3 with value 0 goes to q4, q4 with value 0 goes to q0.;[];0.0;2;True;{'user_input': 'which states in this automaton do not have any transitions?', 'intent': 'fsa-practical', 'argument': 'state', 'dialogue_act': 'Ta:request', 'frame': {'state': '?'}};[0.0, 0.2, 0.0, 1.0]
Correctness;5;Which states are the initial states of this automaton, q1 and q2?;MUTATION The automaton accepts zero or more words formed by a sequence of the type 11000. In total there are 5 states: q0, q1, q2, q3 and q4. q0 is both the initial and the final state. The transitions are: q0 with value 1 goes to q1, q1 with value 1 goes to q2, q2 with value 0 goes to q3, q3 with value 0 goes to q4, q4 with value 0 goes to q0.;[];0.2;3;True;{'user_input': 'Which states are the initial states of this automaton, q1 and q2?', 'intent': 'fsa-practical', 'argument': 'state', 'dialogue_act': 'Ta:request', 'frame': {'initialStates': 'q1'}};[0.1, 0.2, 0.2, 1.0]
Correctness;5;What is the optimal spatial representation of the states in this automaton?;Could you be more specific?;[];0.1;4;False;{'user_input': 'What is the optimal spatial representation of the states in this automaton?', 'intent': 'fsa-practical', 'argument': 'pattern', 'dialogue_act': 'Ta:request', 'frame': {'optimalSpatialRepresentation': '?'}};[0.1, 0.2, 0.1, 1.0]
Correctness;5;The current state of the automaton is which state?;MUTATION The automaton accepts zero or more words formed by a sequence of the type 11000. In total there are 5 states: q0, q1, q2, q3 and q4. q0 is both the initial and the final state. The transitions are: q0 with value 1 goes to q1, q1 with value 1 goes to q2, q2 with value 0 goes to q3, q3 with value 0 goes to q4, q4 with value 0 goes to q0.;[];0.3;5;True;{'user_input': 'The current state of the automaton is which state?', 'intent': 'fsa-practical', 'argument': 'state', 'dialogue_act': 'Ta:request', 'frame': {'states': '?'}};[0.1, 0.3, 0.3, 1.0]
Correctness;5;i think there are exactly 2 transitions leaving from this state.;The automaton has 5 transitions: q0 with value 1 goes to q1, q1 with value 1 goes to q2, q2 with value 0 goes to q3, q3 with value 0 goes to q4, q4 with value 0 goes to q0.;['simbolo-q0-q1', 'simbolo-q1-q2', 'simbolo-q2-q3', 'simbolo-q3-q4', 'simbolo-q4-q0'];0.3;6;False;{'user_input': 'i think there are exactly 2 transitions leaving from this state.', 'intent': 'fsa-practical', 'argument': 'transition', 'dialogue_act': 'Ta:request', 'frame': {'numberOfTransitions': '2'}};[0.2, 0.3, 0.3, 0.9]
Correctness;5;What is the pattern recognized by this automaton?;Could you be more specific?;[];0.0;7;False;{'user_input': 'What is the pattern recognized by this automaton?', 'intent': 'fsa-practical', 'argument': 'pattern', 'dialogue_act': 'Ta:request', 'frame': {'patternType': '?'}};[0.0, 0.1, 0.0, 1.0]
Correctness;5;Hi! Could you tell me what pattern type this automaton follows?;The automaton has 5 states: q0, q1, q2, q3 and q4.;['simbolo-q0', 'simbolo-q1', 'simbolo-q2', 'simbolo-q3', 'simbolo-q4'];0.2;8;False;{'user_input': 'Hi! Could you tell me what pattern type this automaton follows?', 'intent': 'fsa-practical', 'argument': None, 'dialogue_act': 'Ta:request', 'frame': {}};[0.1, 0.2, 0.2, 0.9]
Correctness;5;what type of pattern does this automaton follow?;Could you be more specific?;[];0.1;9;False;{'user_input': 'what type of pattern does this automaton follow?', 'intent': 'fsa-practical', 'argument': 'pattern', 'dialogue_act': 'Ta:request', 'frame': {'patternType': '?'}};[0.1, 0.2, 0.1, 1.0]
Correctness;5;What is the pattern type of this automaton?;Could you be more specific?;[];0.0;10;False;{'user_input': 'What is the pattern type of this automaton?', 'intent': 'fsa-practical', 'argument': 'pattern', 'dialogue_act': 'Ta:request', 'frame': {'patternType': '?'}};[0.0, 0.1, 0.0, 1.0]
Correctness;5;hi, looking at this automaton, could you tell me what type of pattern it recognizes?;Could you be more specific?;[];0.1;11;False;{'user_input': 'hi, looking at this automaton, could you tell me what type of pattern it recognizes?', 'intent': 'fsa-practical', 'argument': 'pattern', 'dialogue_act': 'Ta:propositionalQuestion', 'frame': {'patternType': '?'}};[0.1, 0.1, 0.1, 1.0]
Correctness;5;What pattern does the automaton recognize when it reaches state q2?;Could you be more specific?;[];0.0;12;False;{'user_input': 'What pattern does the automaton recognize when it reaches state q2?', 'intent': 'fsa-practical', 'argument': 'pattern', 'dialogue_act': 'Ta:request', 'frame': {'patternType': '?'}};[0.0, 0.1, 0.0, 1.0]
Correctness;5;Could you tell me the transition from state Q1 to state Q2 with input symbol 0?;the transition is not defined.;[];1.0;12;False;{'user_input': 'Could you tell me the transition from state Q1 to state Q2 with input symbol 0?', 'intent': 'fsa-practical', 'argument': 'transition', 'dialogue_act': 'Ta:request', 'frame': {'transitions': [['Q1', 'Q2', '0']]}};[1.0, 1.0, 1.0, 1.0]
Correctness;5;what is the pattern type of this automaton?;Could you be more specific?;[];0.1;13;False;{'user_input': 'what is the pattern type of this automaton?', 'intent': 'fsa-practical', 'argument': 'pattern', 'dialogue_act': 'Ta:request', 'frame': {'patternType': '?'}};[0.1, 0.2, 0.1, 1.0]
Correctness;5;what is the pattern type of this finite state automaton?;Could you be more specific?;[];0.0;14;False;{'user_input': 'what is the pattern type of this finite state automaton?', 'intent': 'fsa-practical', 'argument': 'pattern', 'dialogue_act': 'Ta:request', 'frame': {'patternType': '?'}};[0.0, 0.1, 0.0, 1.0]
VisualRelevancy;1;Is it possible to go directly from q2 to q4 in this automaton?;There is no transition between q2 and q4.;[];1.0;0;False;{'user_input': 'Is it possible to go directly from q2 to q4 in this automaton?', 'intent': 'fsa-practical', 'argument': 'transition', 'dialogue_act': 'Ta:request', 'frame': {'transitions': [['q2', 'q4', '?']]}};[1.0, 1.0, 1.0, 1.0]
VisualRelevancy;1;which state in this automaton has the highest number of transitions, is it q3?;MUTATION The automaton accepts zero or more words formed by a sequence of the type 11000. In total there are 5 states: q0, q1, q2, q3 and q4. q0 is both the initial and the final state. The transitions are: q0 with value 1 goes to q1, q1 with value 1 goes to q2, q2 with value 0 goes to q3, q3 with value 0 goes to q4, q4 with value 0 goes to q0.;[];1.0;0;True;{'user_input': 'which state in this automaton has the highest number of transitions, is it q3?', 'intent': 'fsa-practical', 'argument': 'state', 'dialogue_act': 'Ta:propositionalQuestion', 'frame': {'stateWithMostTransitions': 'q3'}};[0.1, 0.3, 0.2, 1.0]
VisualRelevancy;1;which state in this automaton has the most transitions, is it q3?;MUTATION The automaton accepts zero or more words formed by a sequence of the type 11000. In total there are 5 states: q0, q1, q2, q3 and q4. q0 is both the initial and the final state. The transitions are: q0 with value 1 goes to q1, q1 with value 1 goes to q2, q2 with value 0 goes to q3, q3 with value 0 goes to q4, q4 with value 0 goes to q0.;[];1.0;0;True;{'user_input': 'which state in this automaton has the most transitions, is it q3?', 'intent': 'fsa-practical', 'argument': 'state', 'dialogue_act': 'Ta:request', 'frame': {'stateWithMostTransitions': 'q3'}};[0.0, 0.2, 0.2, 1.0]
VisualRelevancy;1;Which is the state with the most transitions in this finite state automaton?;MUTATION The automaton accepts zero or more words formed by a sequence of the type 11000. In total there are 5 states: q0, q1, q2, q3 and q4. q0 is both the initial and the final state. The transitions are: q0 with value 1 goes to q1, q1 with value 1 goes to q2, q2 with value 0 goes to q3, q3 with value 0 goes to q4, q4 with value 0 goes to q0.;[];1.0;0;True;{'user_input': 'Which is the state with the most transitions in this finite state automaton?', 'intent': 'fsa-practical', 'argument': 'state', 'dialogue_act': 'Ta:propositionalQuestion', 'frame': {'stateWithMostTransitions': '?'}};[0.0, 0.2, 0.0, 1.0]
VisualRelevancy;1;from which state does this transition start?;MUTATION The automaton accepts zero or more words formed by a sequence of the type 11000. In total there are 5 states: q0, q1, q2, q3 and q4. q0 is both the initial and the final state. The transitions are: q0 with value 1 goes to q1, q1 with value 1 goes to q2, q2 with value 0 goes to q3, q3 with value 0 goes to q4, q4 with value 0 goes to q0.;[];1.0;0;True;{'user_input': 'from which state does this transition start?', 'intent': 'fsa-practical', 'argument': 'state', 'dialogue_act': 'Ta:request', 'frame': {'states': '?'}};[0.1, 0.2, 0.2, 1.0]
VisualRelevancy;1;what is this with input 1?;Could you be more specific?;[];0.9;0;False;{'user_input': 'what is this with input 1?', 'intent': 'fsa-practical', 'argument': 'language', 'dialogue_act': 'Ta:request', 'frame': {'transitions': [['q0', 'q1', '?']]}, '_raw_frame': {'input': '1'}};[0.1, 0.2, 0.1, 0.9]
VisualRelevancy;1;In terms of the language recognized by this automaton, which state is the one without outgoing transitions, specifically q3?;MUTATION The automaton accepts zero or more words formed by a sequence of the type 11000. In total there are 5 states: q0, q1, q2, q3 and q4. q0 is both the initial and the final state. The transitions are: q0 with value 1 goes to q1, q1 with value 1 goes to q2, q2 with value 0 goes to q3, q3 with value 0 goes to q4, q4 with value 0 goes to q0.;[];1.0;0;True;{'user_input': 'In terms of the language recognized by this automaton, which state is the one without outgoing transitions, specifically q3?', 'intent': 'fsa-practical', 'argument': 'state', 'dialogue_act': 'Ta:request', 'frame': {'transitions': []}};[0.2, 0.4, 0.3, 1.0]
VisualRelevancy;1;What is the transition from state q0 to state q1 in this automaton?;The transition between q0 and q1 is with value 1.;['simbolo-q0-q1'];1.0;0;False;{'user_input': 'What is the transition from state q0 to state q1 in this automaton?', 'intent': 'fsa-practical', 'argument': 'transition', 'dialogue_act': 'Ta:request', 'frame': {'transitions': [['q0', 'q1', '?']]}};[1.0, 1.0, 1.0, 1.0]
VisualRelevancy;1;what is the language accepted by this automaton, and how many final states does it have?;Could you be more specific?;[];1.0;0;False;{'user_input': 'what is the language accepted by this automaton, and how many final states does it have?', 'intent': 'fsa-practical', 'argument': 'language', 'dialogue_act': 'Ta:request', 'frame': {'language': '?', 'numberOfFinalStates': '?'}};[0.0, 0.1, 0.0, 1.0]
VisualRelevancy;1;What is the language accepted by the automaton given that there is a transition from q0 to q1 with an unknown input symbol?;Could you be more specific?;[];1.0;0;False;{'user_input': 'What is the language accepted by the automaton given that there is a transition from q0 to q1 with an unknown input symbol?', 'intent': 'fsa-practical', 'argument': 'language', 'dialogue_act': 'Ta:request', 'frame': {'alphabet': '?', 'input': '?'}};[0.1, 0.2, 0.1, 1.0]
VisualRelevancy;1;What is the label of the transition that goes from state q0 to state q1?;The transition between q0 and q1 is with value 1.;['simbolo-q0-q1'];1.0;0;False;{'user_input': 'What is the label of the transition that goes from state q0 to state q1?', 'intent': 'fsa-practical', 'argument': 'transition', 'dialogue_act': 'Ta:request', 'frame': {'transitions': [['q0', 'q1', '?']]}};[1.0, 1.0, 1.0, 1.0]
VisualRelevancy;2;What is the exact transition label from state q1 to state q2?;The transition between q1 and q2 is with value 1.;['simbolo-q1-q2'];1.0;0;False;{'user_input': 'What is the exact transition label from state q1 to state q2?', 'intent': 'fsa-practical', 'argument': 'transition', 'dialogue_act': 'Ta:request', 'frame': {'transitions': [['q1', 'q2', '?']]}};[1.0, 1.0, 1.0, 1.0]
VisualRelevancy;2;The transition from state q1 to state q2 has which input symbol?;The transition between q1 and q2 is with value 1.;['simbolo-q1-q2'];1.0;0;False;{'user_input': 'The transition from state q1 to state q2 has which input symbol?', 'intent': 'fsa-practical', 'argument': 'transition', 'dialogue_act': 'Ta:request', 'frame': {'transitions': [['q1', 'q2', '?']]}};[1.0, 1.0, 1.0, 1.0]
VisualRelevancy;2;hi, could you tell me what this is in this automaton?;The automaton has 5 states and 5 transitions.;[];0.9;0;False;{'user_input': 'hi, could you tell me what this is in this automaton?', 'intent': 'fsa-practical', 'argument': 'automaton', 'dialogue_act': 'Ta:request', 'frame': {'transitions': [['q1', 'q2', '?']]}, '_raw_frame': {}};[0.2, 0.3, 0.3, 0.9]
VisualRelevancy;2;what is the label of the transition that goes from this to that in this automaton?;The transition from q1 to q2 has value 1.;['simbolo-q1-q2'];1.0;0;False;{'user_input': 'what is the label of the transition that goes from this to that in this automaton?', 'intent': 'fsa-practical', 'argument': 'transition', 'dialogue_act': 'Ta:request', 'frame': {'states': ['q1', 'q2']}, '_raw_frame': {'transitions': []}};[1.0, 1.0, 1.0, 1.0]
VisualRelevancy;2;What is the language recognized by the transition from state q1 to state q2?;Could you be more specific?;[];1.0;0;False;{'user_input': 'What is the language recognized by the transition from state q1 to state q2?', 'intent': 'fsa-practical', 'argument': 'language', 'dialogue_act': 'Ta:request', 'frame': {'transitions': [['q1', 'q2', '?']]}};[0.0, 0.1, 0.0, 1.0]
VisualRelevancy;2;What are the final states of this automaton?;The final state is q0.;['simbolo-q0'];1.0;0;False;{'user_input': 'What are the final states of this automaton?', 'intent': 'fsa-practical', 'argument': 'state', 'dialogue_act': 'Ta:request', 'frame': {'finalStates': '?'}};[1.0, 1.0, 1.0, 1.0]
VisualRelevancy;2;The transition from q1 to q2 in the automaton is labeled with which symbol?;The transition between q1 and q2 is with value 1.;['simbolo-q1-q2'];1.0;0;False;{'user_input': 'The transition from q1 to q2 in the automaton is labeled with which symbol?', 'intent': 'fsa-practical', 'argument': 'transition', 'dialogue_act': 'Ta:request', 'frame': {'transitions': [['q1', 'q2', '?']]}};[1.0, 1.0, 1.0, 1.0]
VisualRelevancy;2;What is the label of the transition from state q1 to state q2 in this automaton?;The transition between q1 and q2 is with value 1.;['simbolo-q1-q2'];0.95;0;False;{'user_input': 'What is the label of the transition from state q1 to state q2 in this automaton?', 'intent': 'fsa-practical', 'argument': 'transition', 'dialogue_act': 'Ta:request', 'frame': {'transitions': [['q1', 'q2', '?']]}};[1.0, 1.0, 1.0, 0.95]
VisualRelevancy;3;Does this automaton accept the input string 11000 starting from q0?;Could you be more specific?;[];1.0;0;False;{'user_input': 'Does this automaton accept the input string 11000 starting from q0?', 'intent': 'fsa-practical', 'argument': 'language', 'dialogue_act': 'Ta:propositionalQuestion', 'frame': {'input': '11000'}};[0.0, 0.1, 0.0, 1.0]
VisualRelevancy;3;Thanks! For this automaton’s language, could you show me whether the input 11000 is accepted or rejected?;Could you be more specific?;[];1.0;0;False;{'user_input': 'Thanks! For this automaton’s language, could you show me whether the input 11000 is accepted or rejected?', 'intent': 'fsa-practical', 'argument': 'language', 'dialogue_act': 'Ta:request', 'frame': {'input': '11000'}};[0.0, 0.1, 0.0, 1.0]
VisualRelevancy;3;Can you tell me what pattern the automaton recognizes for the input string 11000?;Could you be more specific?;[];1.0;0;False;{'user_input': 'Can you tell me what pattern the automaton recognizes for the input string 11000?', 'intent': 'fsa-practical', 'argument': 'pattern', 'dialogue_act': 'Ta:request', 'frame': {'pattern': '?'}};[0.0, 0.1, 0.0, 1.0]
VisualRelevancy;3;What is the output of this automaton for the given input string?;Could you be more specific?;[];1.0;0;False;{'user_input': 'What is the output of this automaton for the given input string?', 'intent': 'fsa-practical', 'argument': 'language', 'dialogue_act': 'Ta:request', 'frame': {'input': '?'}};[0.0, 0.1, 0.0, 1.0]
VisualRelevancy;3;what is the language accepted by this automaton for an unspecified input?;Could you be more specific?;[];1.0;0;False;{'user_input': 'what is the language accepted by this automaton for an unspecified input?', 'intent': 'fsa-practical', 'argument': 'language', 'dialogue_act': 'Ta:propositionalQuestion', 'frame': {'input': '?'}};[0.1, 0.2, 0.1, 1.0]
VisualRelevancy;3;what is the language accepted by the automaton for the transition sequence [“q1”, “q2”, “?”]?;Could you be more specific?;[];1.0;0;False;{'user_input': 'what is the language accepted by the automaton for the transition sequence [“q1”, “q2”, “?”]?', 'intent': 'fsa-practical', 'argument': 'language', 'dialogue_act': 'Ta:request', 'frame': {'transitions': [['q1', 'q2', '?']]}};[0.0, 0.1, 0.0, 1.0]
VisualRelevancy;3;What is the optimal spatial representation of the language recognized by this automaton?;Could you be more specific?;[];1.0;0;False;{'user_input': 'What is the optimal spatial representation of the language recognized by this automaton?', 'intent': 'fsa-practical', 'argument': 'language', 'dialogue_act': 'Ta:request', 'frame': {'optimalSpatialRepresentation': '?'}};[0.1, 0.2, 0.1, 1.0]
VisualRelevancy;3;what is the language accepted by this finite state automaton, and what would be the optimal spatial representation for it on the screen?;Could you be more specific?;[];1.0;0;False;{'user_input': 'what is the language accepted by this finite state automaton, and what would be the optimal spatial representation for it on the screen?', 'intent': 'fsa-practical', 'argument': 'language', 'dialogue_act': 'Ta:request', 'frame': {'input': '?', 'output': '?'}};[0.0, 0.1, 0.0, 1.0]
VisualRelevancy;3;what is the output of this automaton for the input string 11000?;Could you be more specific?;[];1.0;0;False;{'user_input': 'what is the output of this automaton for the input string 11000?', 'intent': 'fsa-practical', 'argument': 'language', 'dialogue_act': 'Ta:request', 'frame': {'input': '11000'}};[0.0, 0.1, 0.0, 1.0]
VisualRelevancy;3;Which state does the automaton end in after processing the input 11000?;MUTATION The automaton accepts zero or more words formed by a sequence of the type 11000. In total there are 5 states: q0, q1, q2, q3 and q4. q0 is both the initial and the final state. The transitions are: q0 with value 1 goes to q1, q1 with value 1 goes to q2, q2 with value 0 goes to q3, q3 with value 0 goes to q4, q4 with value 0 goes to q0.;[];0.9;0;True;{'user_input': 'Which state does the automaton end in after processing the input 11000?', 'intent': 'fsa-practical', 'argument': 'state', 'dialogue_act': 'Ta:request', 'frame': {'states': '?'}};[0.2, 0.4, 0.3, 0.9]
VisualRelevancy;3;what are the states of this automaton?;MUTATION The automaton accepts zero or more words formed by a sequence of the type 11000. In total there are 5 states: q0, q1, q2, q3 and q4. q0 is both the initial and the final state. The transitions are: q0 with value 1 goes to q1, q1 with value 1 goes to q2, q2 with value 0 goes to q3, q3 with value 0 goes to q4, q4 with value 0 goes to q0.;[];1.0;0;True;{'user_input': 'what are the states of this automaton?', 'intent': 'fsa-practical', 'argument': 'state', 'dialogue_act': 'Ta:request', 'frame': {'states': '?'}};[0.95, 0.9, 1.0, 1.0]
VisualRelevancy;3;What are the states of this automaton?;MUTATION The automaton accepts zero or more words formed by a sequence of the type 11000. In total there are 5 states: q0, q1, q2, q3 and q4. q0 is both the initial and the final state. The transitions are: q0 with value 1 goes to q1, q1 with value 1 goes to q2, q2 with value 0 goes to q3, q3 with value 0 goes to q4, q4 with value 0 goes to q0.;[];1.0;0;True;{'user_input': 'What are the states of this automaton?', 'intent': 'fsa-practical', 'argument': 'state', 'dialogue_act': 'Ta:request', 'frame': {'states': '?'}};[0.9, 0.8, 1.0, 1.0]
VisualRelevancy;3;Before ending, could you summarise all the states of this automaton for me?;MUTATION The automaton accepts zero or more words formed by a sequence of the type 11000. In total there are 5 states: q0, q1, q2, q3 and q4. q0 is both the initial and the final state. The transitions are: q0 with value 1 goes to q1, q1 with value 1 goes to q2, q2 with value 0 goes to q3, q3 with value 0 goes to q4, q4 with value 0 goes to q0.;[];1.0;0;True;{'user_input': 'Before ending, could you summarise all the states of this automaton for me?', 'intent': 'fsa-practical', 'argument': 'state', 'dialogue_act': 'Ta:request', 'frame': {'states': '?'}};[0.9, 0.9, 1.0, 1.0]
VisualRelevancy;3;What are the states of this automaton?;MUTATION The automaton accepts zero or more words formed by a sequence of the type 11000. In total there are 5 states: q0, q1, q2, q3 and q4. q0 is both the initial and the final state. The transitions are: q0 with value 1 goes to q1, q1 with value 1 goes to q2, q2 with value 0 goes to q3, q3 with value 0 goes to q4, q4 with value 0 goes to q0.;[];1.0;0;True;{'user_input': 'What are the states of this automaton?', 'intent': 'fsa-practical', 'argument': 'state', 'dialogue_act': 'Ta:request', 'frame': {'states': '?'}};[0.7, 0.8, 0.7, 1.0]
VisualRelevancy;3;what are the states of this automaton?;MUTATION The automaton accepts zero or more words formed by a sequence of the type 11000. In total there are 5 states: q0, q1, q2, q3 and q4. q0 is both the initial and the final state. The transitions are: q0 with value 1 goes to q1, q1 with value 1 goes to q2, q2 with value 0 goes to q3, q3 with value 0 goes to q4, q4 with value 0 goes to q0.;[];1.0;0;True;{'user_input': 'what are the states of this automaton?', 'intent': 'fsa-practical', 'argument': 'state', 'dialogue_act': 'Ta:request', 'frame': {'states': '?'}};[0.9, 0.8, 1.0, 1.0]
VisualRelevancy;4;Is this automaton deterministic or nondeterministic based on the diagram?;The automaton has 5 states and 5 transitions.;[];1.0;0;False;{'user_input': 'Is this automaton deterministic or nondeterministic based on the diagram?', 'intent': 'fsa-practical', 'argument': 'automaton', 'dialogue_act': 'Ta:request', 'frame': {'input': '?'}};[0.0, 0.2, 0.0, 1.0]
VisualRelevancy;4;What are the transitions between states Q1 and Q2 in this automaton?;the transition is not defined.;[];1.0;0;False;{'user_input': 'What are the transitions between states Q1 and Q2 in this automaton?', 'intent': 'fsa-practical', 'argument': 'transition', 'dialogue_act': 'Ta:request', 'frame': {'transitions': [['Q1', 'Q2', '?']]}};[0.0, 0.2, 0.0, 1.0]
VisualRelevancy;4;What is the label of the transition that goes from state Q1 to state Q2?;the transition is not defined.;[];1.0;0;False;{'user_input': 'What is the label of the transition that goes from state Q1 to state Q2?', 'intent': 'fsa-practical', 'argument': 'transition', 'dialogue_act': 'Ta:request', 'frame': {'transitions': [['Q1', 'Q2', '?']]}};[0.0, 0.2, 0.0, 1.0]
VisualRelevancy;4;Thank you, could you please tell me what the transition from Q1 to Q2 is?;the transition is not defined.;[];1.0;0;False;{'user_input': 'Thank you, could you please tell me what the transition from Q1 to Q2 is?', 'intent': 'fsa-practical', 'argument': 'transition', 'dialogue_act': 'Ta:propositionalQuestion', 'frame': {'transitions': [['Q1', 'Q2', '?']]}};[0.0, 0.2, 0.0, 1.0]
VisualRelevancy;4;What is the symbol of the transition from state Q1 to state Q2 in the alphabet?;The automaton has 5 transitions: q0 with value 1 goes to q1, q1 with value 1 goes to q2, q2 with value 0 goes to q3, q3 with value 0 goes to q4, q4 with value 0 goes to q0.;['simbolo-q0-q1', 'simbolo-q1-q2', 'simbolo-q2-q3', 'simbolo-q3-q4', 'simbolo-q4-q0'];0.9;0;False;{'user_input': 'What is the symbol of the transition from state Q1 to state Q2 in the alphabet?', 'intent': 'fsa-practical', 'argument': 'transition', 'dialogue_act': 'Ta:request', 'frame': {'alphabet': '?'}};[0.2, 0.4, 0.5, 0.9]
VisualRelevancy;4;what is the alphabet of this finite state automaton?;Could you be more specific?;[];1.0;0;False;{'user_input': 'what is the alphabet of this finite state automaton?', 'intent': 'fsa-practical', 'argument': 'alphabet', 'dialogue_act': 'Ta:request', 'frame': {'alphabet': '?'}};[0.0, 0.1, 0.0, 1.0]
VisualRelevancy;4;what are the final states of this automaton’s transitions?;The final state is q0.;['simbolo-q0'];1.0;0;False;{'user_input': 'what are the final states of this automaton’s transitions?', 'intent': 'fsa-practical', 'argument': 'state', 'dialogue_act': 'Ta:request', 'frame': {'finalStates': '?'}};[1.0, 1.0, 1.0, 1.0]
VisualRelevancy;4;The alphabet of this automaton, based on its transitions, is {0, 1}.;Could you be more specific?;[];1.0;0;False;{'user_input': 'The alphabet of this automaton, based on its transitions, is {0, 1}.', 'intent': 'fsa-practical', 'argument': 'alphabet', 'dialogue_act': 'Ta:request', 'frame': {'alphabet': '0'}};[0.0, 0.1, 0.0, 1.0]
VisualRelevancy;4;the alphabet of this automaton’s transitions is not clear to me from the diagram: could you tell me what the alphabet is?;Could you be more specific?;[];1.0;0;False;{'user_input': 'the alphabet of this automaton’s transitions is not clear to me from the diagram: could you tell me what the alphabet is?', 'intent': 'fsa-practical', 'argument': 'alphabet', 'dialogue_act': 'Ta:propositionalQuestion', 'frame': {'alphabet': '?'}};[0.0, 0.1, 0.0, 1.0]
VisualRelevancy;4;What is the alphabet of this automaton?;Could you be more specific?;[];1.0;0;False;{'user_input': 'What is the alphabet of this automaton?', 'intent': 'fsa-practical', 'argument': 'alphabet', 'dialogue_act': 'Ta:request', 'frame': {'alphabet': '?'}};[0.0, 0.1, 0.0, 1.0]
VisualRelevancy;5;What is the difference between an initial state and a final state in a finite state machine?;The initial state is q0.;['simbolo-q0'];0.8;0;False;{'user_input': 'What is the difference between an initial state and a final state in a finite state machine?', 'intent': 'fsa-practical', 'argument': 'state', 'dialogue_act': 'Ta:request', 'frame': {'initialState': '?', 'finalState': '?'}};[0.1, 0.2, 0.1, 0.8]
VisualRelevancy;5;what is the alphabet of this automaton?;Could you be more specific?;[];1.0;0;False;{'user_input': 'what is the alphabet of this automaton?', 'intent': 'fsa-practical', 'argument': 'alphabet', 'dialogue_act': 'Ta:request', 'frame': {'alphabet': '?'}};[0.0, 0.1, 0.0, 1.0]
VisualRelevancy;5;what are the initial and final states of this automaton?;The initial state is q0.;['simbolo-q0'];0.9;0;False;{'user_input': 'what are the initial and final states of this automaton?', 'intent': 'fsa-practical', 'argument': 'state', 'dialogue_act': 'Ta:request', 'frame': {'initialState': '?', 'finalStates': '?'}};[0.5, 0.7, 0.5, 0.9]
VisualRelevancy;5;What are the initial and final states of the pattern recognized by this automaton?;The initial state is q0.;['simbolo-q0'];0.9;0;False;{'user_input': 'What are the initial and final states of the pattern recognized by this automaton?', 'intent': 'fsa-practical', 'argument': 'state', 'dialogue_act': 'Ta:request', 'frame': {'initialState': '?', 'finalStates': '?'}};[0.5, 0.6, 0.5, 0.9]
VisualRelevancy;5;What are the initial and final states of this automaton?;The initial state is q0.;['simbolo-q0'];0.9;0;False;{'user_input': 'What are the initial and final states of this automaton?', 'intent': 'fsa-practical', 'argument': 'state', 'dialogue_act': 'Ta:request', 'frame': {'initialState': '?', 'finalStates': '?'}};[0.5, 0.7, 0.5, 0.9]
VisualRelevancy;5;for the input string `11000`, does the automaton end in an accepted state?;Could you be more specific?;[];1.0;0;False;{'user_input': 'for the input string `11000`, does the automaton end in an accepted state?', 'intent': 'fsa-practical', 'argument': 'language', 'dialogue_act': 'Ta:propositionalQuestion', 'frame': {'input': '11000'}};[0.0, 0.1, 0.0, 1.0]
