TEST_CASE_NUMBER;TEST CASE;FOLLOW UP;TEST CASE TEXT;TEST CASE MULTI;FOLLOW UP TEXT;FOLLOW UP MULTI;COMPARE TEXT;COMPARE MULTI
1;hi ;Mmm hi ;Potresti essere più specifico?;[];Potresti essere più specifico?;[];True;True
2;describe the automaton ;Describe mmm the automaton ;The automaton accepts zero or more words formed by a sequence of the type 110. In total there are 4 states: q0, q1, q2 e q4. q0 is both the initial and the final state.Le transizioni sono: q0 with value 1 goes goes q1, q1 with value 1 goes goes q2, q4 with value 0 goes to q0.;[];The automaton accepts zero or more words formed by a sequence of the type 110. In total there are 4 states: q0, q1, q2 e q4. q0 is both the initial and the final state.Le transizioni sono: q0 with value 1 goes goes q1, q1 with value 1 goes goes q2, q4 with value 0 goes to q0.;[];True;True
2;describe the automaton ;Mmm describe eh the automaton ;The automaton accepts zero or more words formed by a sequence of the type 110. In total there are 4 states: q0, q1, q2 e q4. q0 is both the initial and the final state.Le transizioni sono: q0 with value 1 goes goes q1, q1 with value 1 goes goes q2, q4 with value 0 goes to q0.;[];The automaton accepts zero or more words formed by a sequence of the type 110. In total there are 4 states: q0, q1, q2 e q4. q0 is both the initial and the final state.Le transizioni sono: q0 with value 1 goes goes q1, q1 with value 1 goes goes q2, q4 with value 0 goes to q0.;[];True;True
2;describe the automaton ;Uhm describe uhm the mmm automaton ;The automaton accepts zero or more words formed by a sequence of the type 110. In total there are 4 states: q0, q1, q2 e q4. q0 is both the initial and the final state.Le transizioni sono: q0 with value 1 goes goes q1, q1 with value 1 goes goes q2, q4 with value 0 goes to q0.;[];The automaton accepts zero or more words formed by a sequence of the type 110. In total there are 4 states: q0, q1, q2 e q4. q0 is both the initial and the final state.Le transizioni sono: q0 with value 1 goes goes q1, q1 with value 1 goes goes q2, q4 with value 0 goes to q0.;[];True;True
3;There is a transition between q2 and q0 ;There is eh a transition between q2 and q0 ;there is no transition between q2 and q0.;[];there is no transition between q2 and q0.;[];True;True
3;There is a transition between q2 and q0 ;There mmm is a transition between q2 eh and q0 ;there is no transition between q2 and q0.;[];there is no transition between q2 and q0.;[];True;True
3;There is a transition between q2 and q0 ;There is mmm a mmm transition between q2 and uhm q0 ;there is no transition between q2 and q0.;[];there is no transition between q2 and q0.;[];True;True
3;There is a transition between q2 and q0 ;Uhm there mmm is mmm a transition mmm between q2 and q0 ;there is no transition between q2 and q0.;[];there is no transition between q2 and q0.;[];True;True
3;There is a transition between q2 and q0 ;Uhm there mmm is a transition mmm between q2 mmm and mmm q0 ;there is no transition between q2 and q0.;[];there is no transition between q2 and q0.;[];True;True
3;There is a transition between q2 and q0 ;There mmm is a uhm transition eh between uhm q2 uhm and uhm q0 ;there is no transition between q2 and q0.;[];there is no transition between q2 and q0.;[];True;True
3;There is a transition between q2 and q0 ;Uhm there uhm is eh a transition mmm between uhm q2 uhm and eh q0 ;there is no transition between q2 and q0.;[];there is no transition between q2 and q0.;[];True;True
3;There is a transition between q2 and q0 ;Uhm there eh is mmm a mmm transition eh between uhm q2 eh and mmm q0 ;there is no transition between q2 and q0.;[];there is no transition between q2 and q0.;[];True;True
4;There is a transition between q5 and q7 ;There eh is a transition between q5 and q7 ;the transition is not defined.;[];the transition is not defined.;[];True;True
4;There is a transition between q5 and q7 ;There is a transition between eh q5 and mmm q7 ;the transition is not defined.;[];the transition is not defined.;[];True;True
4;There is a transition between q5 and q7 ;There uhm is mmm a transition between mmm q5 and q7 ;the transition is not defined.;[];the transition is not defined.;[];True;True
4;There is a transition between q5 and q7 ;There eh is eh a transition mmm between q5 eh and q7 ;the transition is not defined.;[];the transition is not defined.;[];True;True
4;There is a transition between q5 and q7 ;Mmm there eh is a uhm transition uhm between q5 mmm and q7 ;the transition is not defined.;[];the transition is not defined.;[];True;True
4;There is a transition between q5 and q7 ;Uhm there eh is eh a transition between eh q5 uhm and mmm q7 ;the transition is not defined.;[];the transition is not defined.;[];True;True
4;There is a transition between q5 and q7 ;Mmm there mmm is mmm a uhm transition mmm between q5 mmm and mmm q7 ;the transition is not defined.;[];the transition is not defined.;[];True;True
4;There is a transition between q5 and q7 ;Eh there uhm is mmm a eh transition uhm between eh q5 uhm and uhm q7 ;the transition is not defined.;[];the transition is not defined.;[];True;True
5;Describe it please ;Eh describe it please ;Potresti essere più specifico?;[];Potresti essere più specifico?;[];True;True
5;Describe it please ;Uhm describe eh it please ;Potresti essere più specifico?;[];Potresti essere più specifico?;[];True;True
5;Describe it please ;Eh describe eh it uhm please ;Potresti essere più specifico?;[];Potresti essere più specifico?;[];True;True
6;How many transitions does the automaton contain ;How many transitions does mmm the automaton contain ;The automaton has 3 transitions: q0 con valore 1 va in q1, q1 con valore 1 va in q2, q4 con valore 0 va in q0.;[('simbolo-q0-q1', '#04ed00', 'stroke'), ('simbolo-q1-q2', '#04ed00', 'stroke'), ('simbolo-q4-q0', '#04ed00', 'stroke')];The automaton has 3 transitions: q0 con valore 1 va in q1, q1 con valore 1 va in q2, q4 con valore 0 va in q0.;[('simbolo-q0-q1', '#04ed00', 'stroke'), ('simbolo-q1-q2', '#04ed00', 'stroke'), ('simbolo-q4-q0', '#04ed00', 'stroke')];True;True
6;How many transitions does the automaton contain ;Uhm how mmm many transitions does the automaton contain ;The automaton has 3 transitions: q0 con valore 1 va in q1, q1 con valore 1 va in q2, q4 con valore 0 va in q0.;[('simbolo-q0-q1', '#04ed00', 'stroke'), ('simbolo-q1-q2', '#04ed00', 'stroke'), ('simbolo-q4-q0', '#04ed00', 'stroke')];The automaton has 3 transitions: q0 con valore 1 va in q1, q1 con valore 1 va in q2, q4 con valore 0 va in q0.;[('simbolo-q0-q1', '#04ed00', 'stroke'), ('simbolo-q1-q2', '#04ed00', 'stroke'), ('simbolo-q4-q0', '#04ed00', 'stroke')];True;True
6;How many transitions does the automaton contain ;How uhm many transitions does uhm the eh automaton contain ;The automaton has 3 transitions: q0 con valore 1 va in q1, q1 con valore 1 va in q2, q4 con valore 0 va in q0.;[('simbolo-q0-q1', '#04ed00', 'stroke'), ('simbolo-q1-q2', '#04ed00', 'stroke'), ('simbolo-q4-q0', '#04ed00', 'stroke')];The automaton has 3 transitions: q0 con valore 1 va in q1, q1 con valore 1 va in q2, q4 con valore 0 va in q0.;[('simbolo-q0-q1', '#04ed00', 'stroke'), ('simbolo-q1-q2', '#04ed00', 'stroke'), ('simbolo-q4-q0', '#04ed00', 'stroke')];True;True
6;How many transitions does the automaton contain ;How uhm many uhm transitions does eh the automaton uhm contain ;The automaton has 3 transitions: q0 con valore 1 va in q1, q1 con valore 1 va in q2, q4 con valore 0 va in q0.;[('simbolo-q0-q1', '#04ed00', 'stroke'), ('simbolo-q1-q2', '#04ed00', 'stroke'), ('simbolo-q4-q0', '#04ed00', 'stroke')];The automaton has 3 transitions: q0 con valore 1 va in q1, q1 con valore 1 va in q2, q4 con valore 0 va in q0.;[('simbolo-q0-q1', '#04ed00', 'stroke'), ('simbolo-q1-q2', '#04ed00', 'stroke'), ('simbolo-q4-q0', '#04ed00', 'stroke')];True;True
6;How many transitions does the automaton contain ;Eh how eh many uhm transitions eh does the uhm automaton contain ;The automaton has 3 transitions: q0 con valore 1 va in q1, q1 con valore 1 va in q2, q4 con valore 0 va in q0.;[('simbolo-q0-q1', '#04ed00', 'stroke'), ('simbolo-q1-q2', '#04ed00', 'stroke'), ('simbolo-q4-q0', '#04ed00', 'stroke')];The automaton has 3 transitions: q0 con valore 1 va in q1, q1 con valore 1 va in q2, q4 con valore 0 va in q0.;[('simbolo-q0-q1', '#04ed00', 'stroke'), ('simbolo-q1-q2', '#04ed00', 'stroke'), ('simbolo-q4-q0', '#04ed00', 'stroke')];True;True
6;How many transitions does the automaton contain ;Uhm how many uhm transitions mmm does uhm the eh automaton uhm contain ;The automaton has 3 transitions: q0 con valore 1 va in q1, q1 con valore 1 va in q2, q4 con valore 0 va in q0.;[('simbolo-q0-q1', '#04ed00', 'stroke'), ('simbolo-q1-q2', '#04ed00', 'stroke'), ('simbolo-q4-q0', '#04ed00', 'stroke')];The automaton has 3 transitions: q0 con valore 1 va in q1, q1 con valore 1 va in q2, q4 con valore 0 va in q0.;[('simbolo-q0-q1', '#04ed00', 'stroke'), ('simbolo-q1-q2', '#04ed00', 'stroke'), ('simbolo-q4-q0', '#04ed00', 'stroke')];True;True
6;How many transitions does the automaton contain ;Uhm how uhm many eh transitions eh does uhm the mmm automaton eh contain ;The automaton has 3 transitions: q0 con valore 1 va in q1, q1 con valore 1 va in q2, q4 con valore 0 va in q0.;[('simbolo-q0-q1', '#04ed00', 'stroke'), ('simbolo-q1-q2', '#04ed00', 'stroke'), ('simbolo-q4-q0', '#04ed00', 'stroke')];The automaton has 3 transitions: q0 con valore 1 va in q1, q1 con valore 1 va in q2, q4 con valore 0 va in q0.;[('simbolo-q0-q1', '#04ed00', 'stroke'), ('simbolo-q1-q2', '#04ed00', 'stroke'), ('simbolo-q4-q0', '#04ed00', 'stroke')];True;True
7;there is a particular pattern among them ;There is a particular pattern uhm among them ;Potresti essere più specifico?;[];Potresti essere più specifico?;[];True;True
7;there is a particular pattern among them ;There is a eh particular uhm pattern among them ;Potresti essere più specifico?;[];Potresti essere più specifico?;[];True;True
7;there is a particular pattern among them ;There eh is a particular eh pattern among eh them ;Potresti essere più specifico?;[];Potresti essere più specifico?;[];True;True
7;there is a particular pattern among them ;Uhm there is mmm a particular eh pattern eh among them ;Potresti essere più specifico?;[];Potresti essere più specifico?;[];True;True
7;there is a particular pattern among them ;Mmm there uhm is uhm a particular mmm pattern among uhm them ;Potresti essere più specifico?;[];Potresti essere più specifico?;[];True;True
7;there is a particular pattern among them ;Eh there mmm is eh a particular uhm pattern uhm among mmm them ;Potresti essere più specifico?;[];Potresti essere più specifico?;[];True;True
7;there is a particular pattern among them ;Uhm there mmm is eh a uhm particular mmm pattern uhm among uhm them ;Potresti essere più specifico?;[];Potresti essere più specifico?;[];True;True
8;What is the alphabet ;What mmm is the alphabet ;Potresti essere più specifico?;[];Potresti essere più specifico?;[];True;True
8;What is the alphabet ;Uhm what is the mmm alphabet ;Potresti essere più specifico?;[];Potresti essere più specifico?;[];True;True
8;What is the alphabet ;Uhm what eh is eh the alphabet ;Potresti essere più specifico?;[];Potresti essere più specifico?;[];True;True
8;What is the alphabet ;Eh what mmm is mmm the eh alphabet ;Potresti essere più specifico?;[];Potresti essere più specifico?;[];True;True
9;What are the transitions ;What mmm are the transitions ;there is no transition between q0 and q0.;[];there is no transition between q0 and q0.;[];True;True
9;What are the transitions ;What eh are the mmm transitions ;there is no transition between q0 and q0.;[];there is no transition between q0 and q0.;[];True;True
9;What are the transitions ;Eh what uhm are eh the transitions ;there is no transition between q0 and q0.;[];there is no transition between q0 and q0.;[];True;True
9;What are the transitions ;Uhm what uhm are eh the eh transitions ;there is no transition between q0 and q0.;[];there is no transition between q0 and q0.;[];True;True
10;What are the states ;What are the eh states ;The state q0 exists.;[('simbolo-q0', '#04ed00', 'stroke')];The state q0 exists.;[('simbolo-q0', '#04ed00', 'stroke')];True;True
10;What are the states ;What are eh the uhm states ;The state q0 exists.;[('simbolo-q0', '#04ed00', 'stroke')];The state q0 exists.;[('simbolo-q0', '#04ed00', 'stroke')];True;True
10;What are the states ;Uhm what are uhm the eh states ;The state q0 exists.;[('simbolo-q0', '#04ed00', 'stroke')];The state q0 exists.;[('simbolo-q0', '#04ed00', 'stroke')];True;True
10;What are the states ;Mmm what mmm are uhm the mmm states ;The state q0 exists.;[('simbolo-q0', '#04ed00', 'stroke')];The state q0 exists.;[('simbolo-q0', '#04ed00', 'stroke')];True;True
11;What is q1 ;What is eh q1 ;The state q0 exists.;[('simbolo-q0', '#04ed00', 'stroke')];The state q0 exists.;[('simbolo-q0', '#04ed00', 'stroke')];True;True
11;What is q1 ;What mmm is uhm q1 ;The state q0 exists.;[('simbolo-q0', '#04ed00', 'stroke')];Potresti essere più specifico?;[];False;False
11;What is q1 ;Uhm what eh is uhm q1 ;The state q0 exists.;[('simbolo-q0', '#04ed00', 'stroke')];Potresti essere più specifico?;[];False;False
12;how many states and edges ;Eh how many states and edges ;This automaton has 4 states;[('simbolo-q0', '#04ed00', 'stroke'), ('simbolo-q1', '#04ed00', 'stroke'), ('simbolo-q2', '#04ed00', 'stroke'), ('simbolo-q4', '#04ed00', 'stroke')];This automaton has 4 states;[('simbolo-q0', '#04ed00', 'stroke'), ('simbolo-q1', '#04ed00', 'stroke'), ('simbolo-q2', '#04ed00', 'stroke'), ('simbolo-q4', '#04ed00', 'stroke')];True;True
12;how many states and edges ;Uhm how many eh states and edges ;This automaton has 4 states;[('simbolo-q0', '#04ed00', 'stroke'), ('simbolo-q1', '#04ed00', 'stroke'), ('simbolo-q2', '#04ed00', 'stroke'), ('simbolo-q4', '#04ed00', 'stroke')];This automaton has 4 states;[('simbolo-q0', '#04ed00', 'stroke'), ('simbolo-q1', '#04ed00', 'stroke'), ('simbolo-q2', '#04ed00', 'stroke'), ('simbolo-q4', '#04ed00', 'stroke')];True;True
12;how many states and edges ;How mmm many states mmm and uhm edges ;This automaton has 4 states;[('simbolo-q0', '#04ed00', 'stroke'), ('simbolo-q1', '#04ed00', 'stroke'), ('simbolo-q2', '#04ed00', 'stroke'), ('simbolo-q4', '#04ed00', 'stroke')];This automaton has 4 states;[('simbolo-q0', '#04ed00', 'stroke'), ('simbolo-q1', '#04ed00', 'stroke'), ('simbolo-q2', '#04ed00', 'stroke'), ('simbolo-q4', '#04ed00', 'stroke')];True;True
12;how many states and edges ;Mmm how many mmm states mmm and uhm edges ;This automaton has 4 states;[('simbolo-q0', '#04ed00', 'stroke'), ('simbolo-q1', '#04ed00', 'stroke'), ('simbolo-q2', '#04ed00', 'stroke'), ('simbolo-q4', '#04ed00', 'stroke')];This automaton has 4 states;[('simbolo-q0', '#04ed00', 'stroke'), ('simbolo-q1', '#04ed00', 'stroke'), ('simbolo-q2', '#04ed00', 'stroke'), ('simbolo-q4', '#04ed00', 'stroke')];True;True
12;how many states and edges ;Uhm how mmm many mmm states uhm and eh edges ;This automaton has 4 states;[('simbolo-q0', '#04ed00', 'stroke'), ('simbolo-q1', '#04ed00', 'stroke'), ('simbolo-q2', '#04ed00', 'stroke'), ('simbolo-q4', '#04ed00', 'stroke')];This automaton has 4 states;[('simbolo-q0', '#04ed00', 'stroke'), ('simbolo-q1', '#04ed00', 'stroke'), ('simbolo-q2', '#04ed00', 'stroke'), ('simbolo-q4', '#04ed00', 'stroke')];True;True
13;is it directed ;Mmm is it directed ;Potresti essere più specifico?;[];Potresti essere più specifico?;[];True;True
13;is it directed ;Uhm is it eh directed ;Potresti essere più specifico?;[];Potresti essere più specifico?;[];True;True
13;is it directed ;Uhm is eh it eh directed ;Potresti essere più specifico?;[];Potresti essere più specifico?;[];True;True
14;How is the automaton represented ;How is mmm the automaton represented ;The automaton accepts zero or more words formed by a sequence of the type 110. In total there are 4 states: q0, q1, q2 e q4. q0 is both the initial and the final state.Le transizioni sono: q0 with value 1 goes goes q1, q1 with value 1 goes goes q2, q4 with value 0 goes to q0.;[];The automaton accepts zero or more words formed by a sequence of the type 110. In total there are 4 states: q0, q1, q2 e q4. q0 is both the initial and the final state.Le transizioni sono: q0 with value 1 goes goes q1, q1 with value 1 goes goes q2, q4 with value 0 goes to q0.;[];True;True
14;How is the automaton represented ;How uhm is eh the automaton represented ;The automaton accepts zero or more words formed by a sequence of the type 110. In total there are 4 states: q0, q1, q2 e q4. q0 is both the initial and the final state.Le transizioni sono: q0 with value 1 goes goes q1, q1 with value 1 goes goes q2, q4 with value 0 goes to q0.;[];The automaton accepts zero or more words formed by a sequence of the type 110. In total there are 4 states: q0, q1, q2 e q4. q0 is both the initial and the final state.Le transizioni sono: q0 with value 1 goes goes q1, q1 with value 1 goes goes q2, q4 with value 0 goes to q0.;[];True;True
14;How is the automaton represented ;Eh how is mmm the uhm automaton represented ;The automaton accepts zero or more words formed by a sequence of the type 110. In total there are 4 states: q0, q1, q2 e q4. q0 is both the initial and the final state.Le transizioni sono: q0 with value 1 goes goes q1, q1 with value 1 goes goes q2, q4 with value 0 goes to q0.;[];The automaton accepts zero or more words formed by a sequence of the type 110. In total there are 4 states: q0, q1, q2 e q4. q0 is both the initial and the final state.Le transizioni sono: q0 with value 1 goes goes q1, q1 with value 1 goes goes q2, q4 with value 0 goes to q0.;[];True;True
14;How is the automaton represented ;How eh is mmm the eh automaton mmm represented ;The automaton accepts zero or more words formed by a sequence of the type 110. In total there are 4 states: q0, q1, q2 e q4. q0 is both the initial and the final state.Le transizioni sono: q0 with value 1 goes goes q1, q1 with value 1 goes goes q2, q4 with value 0 goes to q0.;[];The automaton accepts zero or more words formed by a sequence of the type 110. In total there are 4 states: q0, q1, q2 e q4. q0 is both the initial and the final state.Le transizioni sono: q0 with value 1 goes goes q1, q1 with value 1 goes goes q2, q4 with value 0 goes to q0.;[];True;True
14;How is the automaton represented ;Mmm how eh is uhm the mmm automaton uhm represented ;The automaton accepts zero or more words formed by a sequence of the type 110. In total there are 4 states: q0, q1, q2 e q4. q0 is both the initial and the final state.Le transizioni sono: q0 with value 1 goes goes q1, q1 with value 1 goes goes q2, q4 with value 0 goes to q0.;[];The automaton accepts zero or more words formed by a sequence of the type 110. In total there are 4 states: q0, q1, q2 e q4. q0 is both the initial and the final state.Le transizioni sono: q0 with value 1 goes goes q1, q1 with value 1 goes goes q2, q4 with value 0 goes to q0.;[];True;True
15;has it cycles ;Eh has it cycles ;Potresti essere più specifico?;[];Potresti essere più specifico?;[];True;True
15;has it cycles ;Eh has it eh cycles ;Potresti essere più specifico?;[];Potresti essere più specifico?;[];True;True
15;has it cycles ;Uhm has mmm it uhm cycles ;Potresti essere più specifico?;[];Potresti essere più specifico?;[];True;True
16;Describe the automaton ;Eh describe the automaton ;The automaton accepts zero or more words formed by a sequence of the type 110. In total there are 4 states: q0, q1, q2 e q4. q0 is both the initial and the final state.Le transizioni sono: q0 with value 1 goes goes q1, q1 with value 1 goes goes q2, q4 with value 0 goes to q0.;[];The automaton accepts zero or more words formed by a sequence of the type 110. In total there are 4 states: q0, q1, q2 e q4. q0 is both the initial and the final state.Le transizioni sono: q0 with value 1 goes goes q1, q1 with value 1 goes goes q2, q4 with value 0 goes to q0.;[];True;True
16;Describe the automaton ;Eh describe uhm the automaton ;The automaton accepts zero or more words formed by a sequence of the type 110. In total there are 4 states: q0, q1, q2 e q4. q0 is both the initial and the final state.Le transizioni sono: q0 with value 1 goes goes q1, q1 with value 1 goes goes q2, q4 with value 0 goes to q0.;[];The automaton accepts zero or more words formed by a sequence of the type 110. In total there are 4 states: q0, q1, q2 e q4. q0 is both the initial and the final state.Le transizioni sono: q0 with value 1 goes goes q1, q1 with value 1 goes goes q2, q4 with value 0 goes to q0.;[];True;True
16;Describe the automaton ;Mmm describe eh the uhm automaton ;The automaton accepts zero or more words formed by a sequence of the type 110. In total there are 4 states: q0, q1, q2 e q4. q0 is both the initial and the final state.Le transizioni sono: q0 with value 1 goes goes q1, q1 with value 1 goes goes q2, q4 with value 0 goes to q0.;[];The automaton accepts zero or more words formed by a sequence of the type 110. In total there are 4 states: q0, q1, q2 e q4. q0 is both the initial and the final state.Le transizioni sono: q0 with value 1 goes goes q1, q1 with value 1 goes goes q2, q4 with value 0 goes to q0.;[];True;True
17;The automaton accepts a language allowing words made of an odd number of 0s and 1s ;The automaton accepts a language allowing words made mmm of an odd number of 0s and 1s ;Potresti essere più specifico?;[];Potresti essere più specifico?;[];True;True
17;The automaton accepts a language allowing words made of an odd number of 0s and 1s ;The automaton accepts a mmm language allowing words made of an odd number mmm of 0s and 1s ;Potresti essere più specifico?;[];Potresti essere più specifico?;[];True;True
17;The automaton accepts a language allowing words made of an odd number of 0s and 1s ;Uhm the automaton accepts a language allowing uhm words made of an odd number mmm of 0s and 1s ;Potresti essere più specifico?;[];Potresti essere più specifico?;[];True;True
17;The automaton accepts a language allowing words made of an odd number of 0s and 1s ;The automaton accepts a uhm language uhm allowing words mmm made of an odd number of 0s and eh 1s ;Potresti essere più specifico?;[];Potresti essere più specifico?;[];True;True
17;The automaton accepts a language allowing words made of an odd number of 0s and 1s ;Uhm the eh automaton accepts eh a language uhm allowing words made of an odd eh number of 0s and 1s ;Potresti essere più specifico?;[];Potresti essere più specifico?;[];True;True
17;The automaton accepts a language allowing words made of an odd number of 0s and 1s ;Mmm the eh automaton accepts uhm a eh language allowing words made mmm of an odd number of 0s eh and 1s ;Potresti essere più specifico?;[];Potresti essere più specifico?;[];True;True
17;The automaton accepts a language allowing words made of an odd number of 0s and 1s ;Mmm the mmm automaton uhm accepts a uhm language allowing words made of uhm an odd number mmm of uhm 0s and 1s ;Potresti essere più specifico?;[];Potresti essere più specifico?;[];True;True
17;The automaton accepts a language allowing words made of an odd number of 0s and 1s ;The automaton eh accepts a language mmm allowing uhm words uhm made of an mmm odd uhm number of uhm 0s and uhm 1s ;Potresti essere più specifico?;[];Potresti essere più specifico?;[];True;True
17;The automaton accepts a language allowing words made of an odd number of 0s and 1s ;Mmm the mmm automaton mmm accepts mmm a language uhm allowing mmm words made mmm of an odd number uhm of 0s mmm and 1s ;Potresti essere più specifico?;[];The automaton accepts zero or more words formed by a sequence of the type 110. In total there are 4 states: q0, q1, q2 e q4. q0 is both the initial and the final state.Le transizioni sono: q0 with value 1 goes goes q1, q1 with value 1 goes goes q2, q4 with value 0 goes to q0.;[];False;True
17;The automaton accepts a language allowing words made of an odd number of 0s and 1s ;The mmm automaton eh accepts eh a language eh allowing uhm words made uhm of an mmm odd number of uhm 0s uhm and mmm 1s ;Potresti essere più specifico?;[];The automaton accepts zero or more words formed by a sequence of the type 110. In total there are 4 states: q0, q1, q2 e q4. q0 is both the initial and the final state.Le transizioni sono: q0 with value 1 goes goes q1, q1 with value 1 goes goes q2, q4 with value 0 goes to q0.;[];False;True
17;The automaton accepts a language allowing words made of an odd number of 0s and 1s ;Uhm the automaton uhm accepts a language mmm allowing mmm words uhm made eh of eh an eh odd number uhm of eh 0s and mmm 1s ;Potresti essere più specifico?;[];Potresti essere più specifico?;[];True;True
17;The automaton accepts a language allowing words made of an odd number of 0s and 1s ;Mmm the eh automaton uhm accepts eh a uhm language uhm allowing words made mmm of uhm an odd eh number eh of mmm 0s and uhm 1s ;Potresti essere più specifico?;[];Potresti essere più specifico?;[];True;True
17;The automaton accepts a language allowing words made of an odd number of 0s and 1s ;Uhm the uhm automaton uhm accepts a language uhm allowing words eh made uhm of uhm an eh odd uhm number eh of mmm 0s mmm and mmm 1s ;Potresti essere più specifico?;[];Potresti essere più specifico?;[];True;True
17;The automaton accepts a language allowing words made of an odd number of 0s and 1s ;Eh the eh automaton mmm accepts a mmm language uhm allowing uhm words uhm made mmm of mmm an uhm odd mmm number mmm of 0s uhm and uhm 1s ;Potresti essere più specifico?;[];Potresti essere più specifico?;[];True;True
17;The automaton accepts a language allowing words made of an odd number of 0s and 1s ;Mmm the automaton uhm accepts mmm a eh language mmm allowing mmm words eh made uhm of mmm an uhm odd eh number eh of mmm 0s uhm and uhm 1s ;Potresti essere più specifico?;[];Potresti essere più specifico?;[];True;True
17;The automaton accepts a language allowing words made of an odd number of 0s and 1s ;Mmm the mmm automaton uhm accepts eh a mmm language uhm allowing mmm words eh made eh of mmm an uhm odd mmm number eh of mmm 0s mmm and uhm 1s ;Potresti essere più specifico?;[];Potresti essere più specifico?;[];True;True
18;is it possible repetitive pattern in the transactions ;Is it possible repetitive mmm pattern in the transactions ;Potresti essere più specifico?;[];Potresti essere più specifico?;[];True;True
18;is it possible repetitive pattern in the transactions ;Is it possible repetitive pattern mmm in eh the transactions ;Potresti essere più specifico?;[];Potresti essere più specifico?;[];True;True
18;is it possible repetitive pattern in the transactions ;Eh is it possible repetitive eh pattern in mmm the transactions ;Potresti essere più specifico?;[];Potresti essere più specifico?;[];True;True
18;is it possible repetitive pattern in the transactions ;Is eh it possible eh repetitive eh pattern in the mmm transactions ;Potresti essere più specifico?;[];Potresti essere più specifico?;[];True;True
18;is it possible repetitive pattern in the transactions ;Is it mmm possible repetitive uhm pattern uhm in eh the eh transactions ;Potresti essere più specifico?;[];Potresti essere più specifico?;[];True;True
18;is it possible repetitive pattern in the transactions ;Uhm is eh it possible eh repetitive eh pattern mmm in the mmm transactions ;Potresti essere più specifico?;[];Potresti essere più specifico?;[];True;True
18;is it possible repetitive pattern in the transactions ;Mmm is it eh possible mmm repetitive uhm pattern uhm in uhm the mmm transactions ;Potresti essere più specifico?;[];Potresti essere più specifico?;[];True;True
18;is it possible repetitive pattern in the transactions ;Uhm is eh it mmm possible uhm repetitive eh pattern eh in eh the mmm transactions ;Potresti essere più specifico?;[];Potresti essere più specifico?;[];True;True
19;If q2 is the final state the language accepted by the automaton is the same ;If q2 is the final state the mmm language accepted by the automaton is the same ;The final state is q0.;[('simbolo-q0', '#04ed00', 'stroke')];The final state is q0.;[('simbolo-q0', '#04ed00', 'stroke')];True;True
19;If q2 is the final state the language accepted by the automaton is the same ;If q2 is the final state uhm the language accepted by the automaton is the mmm same ;The final state is q0.;[('simbolo-q0', '#04ed00', 'stroke')];The final state is q0.;[('simbolo-q0', '#04ed00', 'stroke')];True;True
19;If q2 is the final state the language accepted by the automaton is the same ;If eh q2 is the final eh state the language accepted by the automaton uhm is the same ;The final state is q0.;[('simbolo-q0', '#04ed00', 'stroke')];Potresti essere più specifico?;[];False;False
19;If q2 is the final state the language accepted by the automaton is the same ;If mmm q2 eh is the final mmm state the language accepted eh by the automaton is the same ;The final state is q0.;[('simbolo-q0', '#04ed00', 'stroke')];The final state is q0.;[('simbolo-q0', '#04ed00', 'stroke')];True;True
19;If q2 is the final state the language accepted by the automaton is the same ;If uhm q2 is the final uhm state the eh language mmm accepted by the automaton eh is the same ;The final state is q0.;[('simbolo-q0', '#04ed00', 'stroke')];The final state is q0.;[('simbolo-q0', '#04ed00', 'stroke')];True;True
19;If q2 is the final state the language accepted by the automaton is the same ;Uhm if q2 is eh the final state eh the mmm language uhm accepted by mmm the automaton is the same ;The final state is q0.;[('simbolo-q0', '#04ed00', 'stroke')];Potresti essere più specifico?;[];False;False
19;If q2 is the final state the language accepted by the automaton is the same ;Uhm if q2 uhm is uhm the final mmm state the language accepted by the uhm automaton eh is uhm the same ;The final state is q0.;[('simbolo-q0', '#04ed00', 'stroke')];The final state is q0.;[('simbolo-q0', '#04ed00', 'stroke')];True;True
19;If q2 is the final state the language accepted by the automaton is the same ;If q2 eh is eh the eh final state eh the language mmm accepted eh by the eh automaton eh is the same ;The final state is q0.;[('simbolo-q0', '#04ed00', 'stroke')];The final state is q0.;[('simbolo-q0', '#04ed00', 'stroke')];True;True
19;If q2 is the final state the language accepted by the automaton is the same ;If uhm q2 mmm is uhm the final uhm state mmm the language accepted by the uhm automaton uhm is mmm the eh same ;The final state is q0.;[('simbolo-q0', '#04ed00', 'stroke')];Potresti essere più specifico?;[];False;False
19;If q2 is the final state the language accepted by the automaton is the same ;Eh if uhm q2 eh is mmm the eh final state eh the language accepted mmm by the eh automaton eh is the eh same ;The final state is q0.;[('simbolo-q0', '#04ed00', 'stroke')];Potresti essere più specifico?;[];False;False
19;If q2 is the final state the language accepted by the automaton is the same ;Mmm if mmm q2 uhm is eh the mmm final eh state the eh language accepted uhm by eh the eh automaton is uhm the same ;The final state is q0.;[('simbolo-q0', '#04ed00', 'stroke')];Potresti essere più specifico?;[];False;False
19;If q2 is the final state the language accepted by the automaton is the same ;Uhm if uhm q2 is uhm the uhm final eh state the language mmm accepted mmm by mmm the mmm automaton uhm is uhm the mmm same ;The final state is q0.;[('simbolo-q0', '#04ed00', 'stroke')];The final state is q0.;[('simbolo-q0', '#04ed00', 'stroke')];True;True
19;If q2 is the final state the language accepted by the automaton is the same ;Uhm if uhm q2 eh is eh the eh final state eh the language eh accepted uhm by mmm the mmm automaton eh is uhm the eh same ;The final state is q0.;[('simbolo-q0', '#04ed00', 'stroke')];The final state is q0.;[('simbolo-q0', '#04ed00', 'stroke')];True;True
19;If q2 is the final state the language accepted by the automaton is the same ;Uhm if mmm q2 eh is uhm the eh final eh state eh the uhm language eh accepted eh by mmm the uhm automaton eh is the eh same ;The final state is q0.;[('simbolo-q0', '#04ed00', 'stroke')];Potresti essere più specifico?;[];False;False
19;If q2 is the final state the language accepted by the automaton is the same ;Uhm if mmm q2 uhm is uhm the uhm final eh state uhm the uhm language eh accepted mmm by eh the mmm automaton uhm is uhm the eh same ;The final state is q0.;[('simbolo-q0', '#04ed00', 'stroke')];Potresti essere più specifico?;[];False;False
20;Briefly describe the automaton ;Briefly mmm describe the automaton ;The automaton accepts zero or more words formed by a sequence of the type 110. In total there are 4 states: q0, q1, q2 e q4. q0 is both the initial and the final state.Le transizioni sono: q0 with value 1 goes goes q1, q1 with value 1 goes goes q2, q4 with value 0 goes to q0.;[];The automaton accepts zero or more words formed by a sequence of the type 110. In total there are 4 states: q0, q1, q2 e q4. q0 is both the initial and the final state.Le transizioni sono: q0 with value 1 goes goes q1, q1 with value 1 goes goes q2, q4 with value 0 goes to q0.;[];True;True
20;Briefly describe the automaton ;Uhm briefly eh describe the automaton ;The automaton accepts zero or more words formed by a sequence of the type 110. In total there are 4 states: q0, q1, q2 e q4. q0 is both the initial and the final state.Le transizioni sono: q0 with value 1 goes goes q1, q1 with value 1 goes goes q2, q4 with value 0 goes to q0.;[];The automaton accepts zero or more words formed by a sequence of the type 110. In total there are 4 states: q0, q1, q2 e q4. q0 is both the initial and the final state.Le transizioni sono: q0 with value 1 goes goes q1, q1 with value 1 goes goes q2, q4 with value 0 goes to q0.;[];True;True
20;Briefly describe the automaton ;Eh briefly describe mmm the mmm automaton ;The automaton accepts zero or more words formed by a sequence of the type 110. In total there are 4 states: q0, q1, q2 e q4. q0 is both the initial and the final state.Le transizioni sono: q0 with value 1 goes goes q1, q1 with value 1 goes goes q2, q4 with value 0 goes to q0.;[];The automaton accepts zero or more words formed by a sequence of the type 110. In total there are 4 states: q0, q1, q2 e q4. q0 is both the initial and the final state.Le transizioni sono: q0 with value 1 goes goes q1, q1 with value 1 goes goes q2, q4 with value 0 goes to q0.;[];True;True
20;Briefly describe the automaton ;Eh briefly eh describe uhm the mmm automaton ;The automaton accepts zero or more words formed by a sequence of the type 110. In total there are 4 states: q0, q1, q2 e q4. q0 is both the initial and the final state.Le transizioni sono: q0 with value 1 goes goes q1, q1 with value 1 goes goes q2, q4 with value 0 goes to q0.;[];The automaton accepts zero or more words formed by a sequence of the type 110. In total there are 4 states: q0, q1, q2 e q4. q0 is both the initial and the final state.Le transizioni sono: q0 with value 1 goes goes q1, q1 with value 1 goes goes q2, q4 with value 0 goes to q0.;[];True;True
21;Does it only accept 1s and 0s ;Does it only accept 1s eh and 0s ;Potresti essere più specifico?;[];Potresti essere più specifico?;[];True;True
21;Does it only accept 1s and 0s ;Mmm does it only eh accept 1s and 0s ;Potresti essere più specifico?;[];Potresti essere più specifico?;[];True;True
21;Does it only accept 1s and 0s ;Uhm does it mmm only accept 1s and uhm 0s ;Potresti essere più specifico?;[];Potresti essere più specifico?;[];True;True
21;Does it only accept 1s and 0s ;Does uhm it uhm only eh accept mmm 1s and 0s ;Potresti essere più specifico?;[];Potresti essere più specifico?;[];True;True
21;Does it only accept 1s and 0s ;Mmm does eh it only mmm accept uhm 1s and uhm 0s ;Potresti essere più specifico?;[];Potresti essere più specifico?;[];True;True
21;Does it only accept 1s and 0s ;Mmm does mmm it only eh accept uhm 1s uhm and mmm 0s ;Potresti essere più specifico?;[];Potresti essere più specifico?;[];True;True
21;Does it only accept 1s and 0s ;Uhm does uhm it mmm only uhm accept eh 1s eh and mmm 0s ;Potresti essere più specifico?;[];Potresti essere più specifico?;[];True;True
22;How is the automaton represented ;How is the automaton eh represented ;The automaton accepts zero or more words formed by a sequence of the type 110. In total there are 4 states: q0, q1, q2 e q4. q0 is both the initial and the final state.Le transizioni sono: q0 with value 1 goes goes q1, q1 with value 1 goes goes q2, q4 with value 0 goes to q0.;[];The automaton accepts zero or more words formed by a sequence of the type 110. In total there are 4 states: q0, q1, q2 e q4. q0 is both the initial and the final state.Le transizioni sono: q0 with value 1 goes goes q1, q1 with value 1 goes goes q2, q4 with value 0 goes to q0.;[];True;True
22;How is the automaton represented ;Uhm how uhm is the automaton represented ;The automaton accepts zero or more words formed by a sequence of the type 110. In total there are 4 states: q0, q1, q2 e q4. q0 is both the initial and the final state.Le transizioni sono: q0 with value 1 goes goes q1, q1 with value 1 goes goes q2, q4 with value 0 goes to q0.;[];The automaton accepts zero or more words formed by a sequence of the type 110. In total there are 4 states: q0, q1, q2 e q4. q0 is both the initial and the final state.Le transizioni sono: q0 with value 1 goes goes q1, q1 with value 1 goes goes q2, q4 with value 0 goes to q0.;[];True;True
22;How is the automaton represented ;Eh how eh is the automaton mmm represented ;The automaton accepts zero or more words formed by a sequence of the type 110. In total there are 4 states: q0, q1, q2 e q4. q0 is both the initial and the final state.Le transizioni sono: q0 with value 1 goes goes q1, q1 with value 1 goes goes q2, q4 with value 0 goes to q0.;[];The automaton accepts zero or more words formed by a sequence of the type 110. In total there are 4 states: q0, q1, q2 e q4. q0 is both the initial and the final state.Le transizioni sono: q0 with value 1 goes goes q1, q1 with value 1 goes goes q2, q4 with value 0 goes to q0.;[];True;True
22;How is the automaton represented ;Mmm how is eh the eh automaton uhm represented ;The automaton accepts zero or more words formed by a sequence of the type 110. In total there are 4 states: q0, q1, q2 e q4. q0 is both the initial and the final state.Le transizioni sono: q0 with value 1 goes goes q1, q1 with value 1 goes goes q2, q4 with value 0 goes to q0.;[];The automaton accepts zero or more words formed by a sequence of the type 110. In total there are 4 states: q0, q1, q2 e q4. q0 is both the initial and the final state.Le transizioni sono: q0 with value 1 goes goes q1, q1 with value 1 goes goes q2, q4 with value 0 goes to q0.;[];True;True
22;How is the automaton represented ;Mmm how mmm is mmm the uhm automaton eh represented ;The automaton accepts zero or more words formed by a sequence of the type 110. In total there are 4 states: q0, q1, q2 e q4. q0 is both the initial and the final state.Le transizioni sono: q0 with value 1 goes goes q1, q1 with value 1 goes goes q2, q4 with value 0 goes to q0.;[];Potresti essere più specifico?;[];False;True
23;And how about the arrows ;Eh and how about the arrows ;there is no transition between q0 and q0.;[];there is no transition between q0 and q0.;[];True;True
23;And how about the arrows ;Uhm and how eh about the arrows ;there is no transition between q0 and q0.;[];there is no transition between q0 and q0.;[];True;True
23;And how about the arrows ;Uhm and mmm how mmm about the arrows ;there is no transition between q0 and q0.;[];there is no transition between q0 and q0.;[];True;True
23;And how about the arrows ;Uhm and eh how about uhm the mmm arrows ;there is no transition between q0 and q0.;[];the transition is not defined.;[];False;True
23;And how about the arrows ;Eh and uhm how eh about mmm the mmm arrows ;there is no transition between q0 and q0.;[];the transition is not defined.;[];False;True
24;Which is the initial state ;Which is mmm the initial state ;The initial state is q0.;[('simbolo-q0', '#04ed00', 'stroke')];The initial state is q0.;[('simbolo-q0', '#04ed00', 'stroke')];True;True
24;Which is the initial state ;Uhm which is eh the initial state ;The initial state is q0.;[('simbolo-q0', '#04ed00', 'stroke')];The initial state is q0.;[('simbolo-q0', '#04ed00', 'stroke')];True;True
24;Which is the initial state ;Eh which eh is the eh initial state ;The initial state is q0.;[('simbolo-q0', '#04ed00', 'stroke')];The initial state is q0.;[('simbolo-q0', '#04ed00', 'stroke')];True;True
24;Which is the initial state ;Eh which uhm is the eh initial uhm state ;The initial state is q0.;[('simbolo-q0', '#04ed00', 'stroke')];The initial state is q0.;[('simbolo-q0', '#04ed00', 'stroke')];True;True
24;Which is the initial state ;Uhm which uhm is mmm the eh initial uhm state ;The initial state is q0.;[('simbolo-q0', '#04ed00', 'stroke')];The initial state is q0.;[('simbolo-q0', '#04ed00', 'stroke')];True;True
25;Does it have 5 states then ;Does it have 5 states uhm then ;The automaton has 4 states: q0, q1, q2 e q4.;[('simbolo-q0', '#04ed00', 'stroke'), ('simbolo-q1', '#04ed00', 'stroke'), ('simbolo-q2', '#04ed00', 'stroke'), ('simbolo-q4', '#04ed00', 'stroke')];There are 5 states in this automaton.;[('simbolo-q0', '#04ed00', 'stroke'), ('simbolo-q1', '#04ed00', 'stroke'), ('simbolo-q2', '#04ed00', 'stroke'), ('simbolo-q3', '#04ed00', 'stroke'), ('simbolo-q4', '#04ed00', 'stroke')];False;False
25;Does it have 5 states then ;Does mmm it have eh 5 states then ;The automaton has 4 states: q0, q1, q2 e q4.;[('simbolo-q0', '#04ed00', 'stroke'), ('simbolo-q1', '#04ed00', 'stroke'), ('simbolo-q2', '#04ed00', 'stroke'), ('simbolo-q4', '#04ed00', 'stroke')];There are 5 states in this automaton.;[('simbolo-q0', '#04ed00', 'stroke'), ('simbolo-q1', '#04ed00', 'stroke'), ('simbolo-q2', '#04ed00', 'stroke'), ('simbolo-q3', '#04ed00', 'stroke'), ('simbolo-q4', '#04ed00', 'stroke')];False;False
25;Does it have 5 states then ;Mmm does mmm it mmm have 5 states then ;The automaton has 4 states: q0, q1, q2 e q4.;[('simbolo-q0', '#04ed00', 'stroke'), ('simbolo-q1', '#04ed00', 'stroke'), ('simbolo-q2', '#04ed00', 'stroke'), ('simbolo-q4', '#04ed00', 'stroke')];There are 5 states in this automaton.;[('simbolo-q0', '#04ed00', 'stroke'), ('simbolo-q1', '#04ed00', 'stroke'), ('simbolo-q2', '#04ed00', 'stroke'), ('simbolo-q3', '#04ed00', 'stroke'), ('simbolo-q4', '#04ed00', 'stroke')];False;False
25;Does it have 5 states then ;Does mmm it mmm have mmm 5 states eh then ;The automaton has 4 states: q0, q1, q2 e q4.;[('simbolo-q0', '#04ed00', 'stroke'), ('simbolo-q1', '#04ed00', 'stroke'), ('simbolo-q2', '#04ed00', 'stroke'), ('simbolo-q4', '#04ed00', 'stroke')];There are 5 states in this automaton.;[('simbolo-q0', '#04ed00', 'stroke'), ('simbolo-q1', '#04ed00', 'stroke'), ('simbolo-q2', '#04ed00', 'stroke'), ('simbolo-q3', '#04ed00', 'stroke'), ('simbolo-q4', '#04ed00', 'stroke')];False;False
25;Does it have 5 states then ;Mmm does eh it eh have uhm 5 eh states then ;The automaton has 4 states: q0, q1, q2 e q4.;[('simbolo-q0', '#04ed00', 'stroke'), ('simbolo-q1', '#04ed00', 'stroke'), ('simbolo-q2', '#04ed00', 'stroke'), ('simbolo-q4', '#04ed00', 'stroke')];There are 5 states in this automaton.;[('simbolo-q0', '#04ed00', 'stroke'), ('simbolo-q1', '#04ed00', 'stroke'), ('simbolo-q2', '#04ed00', 'stroke'), ('simbolo-q3', '#04ed00', 'stroke'), ('simbolo-q4', '#04ed00', 'stroke')];False;False
25;Does it have 5 states then ;Uhm does uhm it uhm have uhm 5 eh states mmm then ;The automaton has 4 states: q0, q1, q2 e q4.;[('simbolo-q0', '#04ed00', 'stroke'), ('simbolo-q1', '#04ed00', 'stroke'), ('simbolo-q2', '#04ed00', 'stroke'), ('simbolo-q4', '#04ed00', 'stroke')];There are 5 states in this automaton.;[('simbolo-q0', '#04ed00', 'stroke'), ('simbolo-q1', '#04ed00', 'stroke'), ('simbolo-q2', '#04ed00', 'stroke'), ('simbolo-q3', '#04ed00', 'stroke'), ('simbolo-q4', '#04ed00', 'stroke')];False;False
26;How many states are there ;How uhm many states are there ;This automaton has 4 states;[('simbolo-q0', '#04ed00', 'stroke'), ('simbolo-q1', '#04ed00', 'stroke'), ('simbolo-q2', '#04ed00', 'stroke'), ('simbolo-q4', '#04ed00', 'stroke')];This automaton has 4 states;[('simbolo-q0', '#04ed00', 'stroke'), ('simbolo-q1', '#04ed00', 'stroke'), ('simbolo-q2', '#04ed00', 'stroke'), ('simbolo-q4', '#04ed00', 'stroke')];True;True
26;How many states are there ;How many states uhm are eh there ;This automaton has 4 states;[('simbolo-q0', '#04ed00', 'stroke'), ('simbolo-q1', '#04ed00', 'stroke'), ('simbolo-q2', '#04ed00', 'stroke'), ('simbolo-q4', '#04ed00', 'stroke')];This automaton has 4 states;[('simbolo-q0', '#04ed00', 'stroke'), ('simbolo-q1', '#04ed00', 'stroke'), ('simbolo-q2', '#04ed00', 'stroke'), ('simbolo-q4', '#04ed00', 'stroke')];True;True
26;How many states are there ;Eh how many uhm states uhm are there ;This automaton has 4 states;[('simbolo-q0', '#04ed00', 'stroke'), ('simbolo-q1', '#04ed00', 'stroke'), ('simbolo-q2', '#04ed00', 'stroke'), ('simbolo-q4', '#04ed00', 'stroke')];This automaton has 4 states;[('simbolo-q0', '#04ed00', 'stroke'), ('simbolo-q1', '#04ed00', 'stroke'), ('simbolo-q2', '#04ed00', 'stroke'), ('simbolo-q4', '#04ed00', 'stroke')];True;True
26;How many states are there ;Eh how mmm many states mmm are mmm there ;This automaton has 4 states;[('simbolo-q0', '#04ed00', 'stroke'), ('simbolo-q1', '#04ed00', 'stroke'), ('simbolo-q2', '#04ed00', 'stroke'), ('simbolo-q4', '#04ed00', 'stroke')];This automaton has 4 states;[('simbolo-q0', '#04ed00', 'stroke'), ('simbolo-q1', '#04ed00', 'stroke'), ('simbolo-q2', '#04ed00', 'stroke'), ('simbolo-q4', '#04ed00', 'stroke')];True;True
26;How many states are there ;Mmm how eh many eh states mmm are eh there ;This automaton has 4 states;[('simbolo-q0', '#04ed00', 'stroke'), ('simbolo-q1', '#04ed00', 'stroke'), ('simbolo-q2', '#04ed00', 'stroke'), ('simbolo-q4', '#04ed00', 'stroke')];This automaton has 4 states;[('simbolo-q0', '#04ed00', 'stroke'), ('simbolo-q1', '#04ed00', 'stroke'), ('simbolo-q2', '#04ed00', 'stroke'), ('simbolo-q4', '#04ed00', 'stroke')];True;True
27;Give me a list of the arcs ;Give me a list of the eh arcs ;there is no transition between q0 and q0.;[];there is no transition between q0 and q0.;[];True;True
27;Give me a list of the arcs ;Give me mmm a list of the uhm arcs ;there is no transition between q0 and q0.;[];there is no transition between q0 and q0.;[];True;True
27;Give me a list of the arcs ;Give eh me a list of eh the eh arcs ;there is no transition between q0 and q0.;[];there is no transition between q0 and q0.;[];True;True
27;Give me a list of the arcs ;Uhm give me a list uhm of uhm the uhm arcs ;there is no transition between q0 and q0.;[];there is no transition between q0 and q0.;[];True;True
27;Give me a list of the arcs ;Eh give uhm me mmm a list mmm of mmm the arcs ;there is no transition between q0 and q0.;[];there is no transition between q0 and q0.;[];True;True
27;Give me a list of the arcs ;Eh give eh me eh a list mmm of mmm the eh arcs ;there is no transition between q0 and q0.;[];there is no transition between q0 and q0.;[];True;True
27;Give me a list of the arcs ;Eh give mmm me uhm a uhm list eh of mmm the eh arcs ;there is no transition between q0 and q0.;[];there is no transition between q0 and q0.;[];True;True
28;Is there an arc from q0 to q1 ;Is there an arc from q0 to uhm q1 ;The transition between q0 and q1 is with value 1.;[('simbolo-q0-q1', '#04ed00', 'stroke')];the transition is not defined.;[];False;False
28;Is there an arc from q0 to q1 ;Eh is there an arc from q0 eh to q1 ;The transition between q0 and q1 is with value 1.;[('simbolo-q0-q1', '#04ed00', 'stroke')];The transition between q0 and q1 is with value 1.;[('simbolo-q0-q1', '#04ed00', 'stroke')];True;True
28;Is there an arc from q0 to q1 ;Eh is there an uhm arc mmm from q0 to q1 ;The transition between q0 and q1 is with value 1.;[('simbolo-q0-q1', '#04ed00', 'stroke')];The transition between q0 and q1 is with value 1.;[('simbolo-q0-q1', '#04ed00', 'stroke')];True;True
28;Is there an arc from q0 to q1 ;Mmm is there an uhm arc mmm from q0 uhm to q1 ;The transition between q0 and q1 is with value 1.;[('simbolo-q0-q1', '#04ed00', 'stroke')];The transition between q0 and q1 is with value 1.;[('simbolo-q0-q1', '#04ed00', 'stroke')];True;True
28;Is there an arc from q0 to q1 ;Is mmm there an mmm arc uhm from q0 uhm to mmm q1 ;The transition between q0 and q1 is with value 1.;[('simbolo-q0-q1', '#04ed00', 'stroke')];the transition is not defined.;[];False;False
28;Is there an arc from q0 to q1 ;Uhm is there uhm an mmm arc from mmm q0 mmm to mmm q1 ;The transition between q0 and q1 is with value 1.;[('simbolo-q0-q1', '#04ed00', 'stroke')];The transition between q0 and q1 is with value 1.;[('simbolo-q0-q1', '#04ed00', 'stroke')];True;True
28;Is there an arc from q0 to q1 ;Mmm is uhm there mmm an mmm arc mmm from eh q0 mmm to q1 ;The transition between q0 and q1 is with value 1.;[('simbolo-q0-q1', '#04ed00', 'stroke')];The transition between q0 and q1 is with value 1.;[('simbolo-q0-q1', '#04ed00', 'stroke')];True;True
28;Is there an arc from q0 to q1 ;Eh is eh there mmm an mmm arc uhm from uhm q0 mmm to eh q1 ;The transition between q0 and q1 is with value 1.;[('simbolo-q0-q1', '#04ed00', 'stroke')];The transition between q0 and q1 is with value 1.;[('simbolo-q0-q1', '#04ed00', 'stroke')];True;True
29;What is the shape of the arcs ;Eh what is the shape of the arcs ;there is no transition between q0 and q0.;[];there is no transition between q0 and q0.;[];True;True
29;What is the shape of the arcs ;What is uhm the shape of eh the arcs ;there is no transition between q0 and q0.;[];Potresti essere più specifico?;[];False;True
29;What is the shape of the arcs ;What uhm is uhm the shape of eh the arcs ;there is no transition between q0 and q0.;[];Potresti essere più specifico?;[];False;True
29;What is the shape of the arcs ;Eh what is the eh shape uhm of uhm the arcs ;there is no transition between q0 and q0.;[];there is no transition between q0 and q0.;[];True;True
29;What is the shape of the arcs ;Uhm what uhm is uhm the shape of mmm the mmm arcs ;there is no transition between q0 and q0.;[];Potresti essere più specifico?;[];False;True
29;What is the shape of the arcs ;Eh what mmm is uhm the shape eh of uhm the eh arcs ;there is no transition between q0 and q0.;[];Potresti essere più specifico?;[];False;True
29;What is the shape of the arcs ;Eh what mmm is eh the eh shape eh of uhm the eh arcs ;there is no transition between q0 and q0.;[];Potresti essere più specifico?;[];False;True
30;Is there an arc from q0 to q2 q3 or q4 ;Is there an uhm arc from q0 to q2 q3 or q4 ;there is no transition between q0 and q2.;[];there is no transition between q0 and q2.;[];True;True
30;Is there an arc from q0 to q2 q3 or q4 ;Is there an arc from q0 mmm to uhm q2 q3 or q4 ;there is no transition between q0 and q2.;[];the transition is not defined.;[];False;True
30;Is there an arc from q0 to q2 q3 or q4 ;Eh is there an arc from q0 mmm to q2 mmm q3 or q4 ;there is no transition between q0 and q2.;[];there is no transition between q0 and q2.;[];True;True
30;Is there an arc from q0 to q2 q3 or q4 ;Is there eh an arc from uhm q0 to q2 eh q3 mmm or q4 ;there is no transition between q0 and q2.;[];there is no transition between q0 and q2.;[];True;True
30;Is there an arc from q0 to q2 q3 or q4 ;Eh is there an arc eh from q0 mmm to uhm q2 uhm q3 or q4 ;there is no transition between q0 and q2.;[];the transition is not defined.;[];False;True
30;Is there an arc from q0 to q2 q3 or q4 ;Mmm is there an mmm arc eh from q0 mmm to mmm q2 q3 or mmm q4 ;there is no transition between q0 and q2.;[];there is no transition between q0 and q2.;[];True;True
30;Is there an arc from q0 to q2 q3 or q4 ;Is mmm there an eh arc uhm from uhm q0 to mmm q2 mmm q3 or uhm q4 ;there is no transition between q0 and q2.;[];the transition is not defined.;[];False;True
30;Is there an arc from q0 to q2 q3 or q4 ;Is uhm there an arc mmm from eh q0 uhm to eh q2 mmm q3 mmm or uhm q4 ;there is no transition between q0 and q2.;[];there is no transition between q0 and q2.;[];True;True
30;Is there an arc from q0 to q2 q3 or q4 ;Mmm is there eh an uhm arc eh from eh q0 mmm to uhm q2 mmm q3 or eh q4 ;there is no transition between q0 and q2.;[];there is no transition between q0 and q2.;[];True;True
30;Is there an arc from q0 to q2 q3 or q4 ;Mmm is uhm there mmm an eh arc uhm from uhm q0 eh to uhm q2 q3 uhm or mmm q4 ;there is no transition between q0 and q2.;[];there is no transition between q0 and q2.;[];True;True
30;Is there an arc from q0 to q2 q3 or q4 ;Mmm is eh there uhm an uhm arc eh from eh q0 eh to mmm q2 eh q3 uhm or uhm q4 ;there is no transition between q0 and q2.;[];the transition is not defined.;[];False;True
31;Which are the transitions from q1 ;Which are the transitions from uhm q1 ;the transition is not defined.;[];the transition is not defined.;[];True;True
31;Which are the transitions from q1 ;Mmm which are mmm the transitions from q1 ;the transition is not defined.;[];there is no transition between q0 and q0.;[];False;True
31;Which are the transitions from q1 ;Uhm which are mmm the eh transitions from q1 ;the transition is not defined.;[];there is no transition between q0 and q0.;[];False;True
31;Which are the transitions from q1 ;Mmm which mmm are the transitions mmm from uhm q1 ;the transition is not defined.;[];there is no transition between q0 and q0.;[];False;True
31;Which are the transitions from q1 ;Mmm which mmm are uhm the mmm transitions from mmm q1 ;the transition is not defined.;[];there is no transition between q0 and q0.;[];False;True
31;Which are the transitions from q1 ;Mmm which mmm are mmm the uhm transitions eh from mmm q1 ;the transition is not defined.;[];there is no transition between q0 and q0.;[];False;True
32;Which are the transitions from q2 ;Which are the transitions eh from q2 ;the transition is not defined.;[];the transition is not defined.;[];True;True
32;Which are the transitions from q2 ;Which are eh the transitions eh from q2 ;the transition is not defined.;[];the transition is not defined.;[];True;True
32;Which are the transitions from q2 ;Mmm which are the eh transitions from eh q2 ;the transition is not defined.;[];there is no transition between q0 and q0.;[];False;True
32;Which are the transitions from q2 ;Which eh are the mmm transitions eh from uhm q2 ;the transition is not defined.;[];there is no transition between q0 and q0.;[];False;True
32;Which are the transitions from q2 ;Eh which mmm are eh the eh transitions from mmm q2 ;the transition is not defined.;[];the transition is not defined.;[];True;True
32;Which are the transitions from q2 ;Mmm which mmm are uhm the uhm transitions mmm from uhm q2 ;the transition is not defined.;[];there is no transition between q0 and q0.;[];False;True
33;Which are the transitions from q3 ;Which are the uhm transitions from q3 ;the transition is not defined.;[];the transition is not defined.;[];True;True
33;Which are the transitions from q3 ;Which are the transitions uhm from eh q3 ;the transition is not defined.;[];there is no transition between q0 and q0.;[];False;True
33;Which are the transitions from q3 ;Mmm which are the uhm transitions eh from q3 ;the transition is not defined.;[];there is no transition between q0 and q0.;[];False;True
33;Which are the transitions from q3 ;Eh which uhm are eh the transitions uhm from q3 ;the transition is not defined.;[];the transition is not defined.;[];True;True
33;Which are the transitions from q3 ;Which mmm are uhm the mmm transitions mmm from eh q3 ;the transition is not defined.;[];the transition is not defined.;[];True;True
33;Which are the transitions from q3 ;Mmm which eh are uhm the eh transitions mmm from eh q3 ;the transition is not defined.;[];there is no transition between q0 and q0.;[];False;True
34;Which are the transitions from q4 ;Which are the transitions from mmm q4 ;the transition is not defined.;[];the transition is not defined.;[];True;True
34;Which are the transitions from q4 ;Which are uhm the transitions mmm from q4 ;the transition is not defined.;[];the transition is not defined.;[];True;True
34;Which are the transitions from q4 ;Which eh are eh the transitions uhm from q4 ;the transition is not defined.;[];there is no transition between q0 and q0.;[];False;True
34;Which are the transitions from q4 ;Mmm which uhm are the eh transitions uhm from q4 ;the transition is not defined.;[];there is no transition between q0 and q0.;[];False;True
34;Which are the transitions from q4 ;Eh which mmm are mmm the transitions mmm from mmm q4 ;the transition is not defined.;[];there is no transition between q0 and q0.;[];False;True
34;Which are the transitions from q4 ;Eh which eh are eh the mmm transitions uhm from uhm q4 ;the transition is not defined.;[];there is no transition between q0 and q0.;[];False;True
35;What is the purpose of the automaton ;What is the purpose uhm of the automaton ;The automaton accepts zero or more words formed by a sequence of the type 110. In total there are 4 states: q0, q1, q2 e q4. q0 is both the initial and the final state.Le transizioni sono: q0 with value 1 goes goes q1, q1 with value 1 goes goes q2, q4 with value 0 goes to q0.;[];The automaton accepts zero or more words formed by a sequence of the type 110. In total there are 4 states: q0, q1, q2 e q4. q0 is both the initial and the final state.Le transizioni sono: q0 with value 1 goes goes q1, q1 with value 1 goes goes q2, q4 with value 0 goes to q0.;[];True;True
35;What is the purpose of the automaton ;Eh what is eh the purpose of the automaton ;The automaton accepts zero or more words formed by a sequence of the type 110. In total there are 4 states: q0, q1, q2 e q4. q0 is both the initial and the final state.Le transizioni sono: q0 with value 1 goes goes q1, q1 with value 1 goes goes q2, q4 with value 0 goes to q0.;[];The automaton accepts zero or more words formed by a sequence of the type 110. In total there are 4 states: q0, q1, q2 e q4. q0 is both the initial and the final state.Le transizioni sono: q0 with value 1 goes goes q1, q1 with value 1 goes goes q2, q4 with value 0 goes to q0.;[];True;True
35;What is the purpose of the automaton ;Eh what eh is uhm the purpose of the automaton ;The automaton accepts zero or more words formed by a sequence of the type 110. In total there are 4 states: q0, q1, q2 e q4. q0 is both the initial and the final state.Le transizioni sono: q0 with value 1 goes goes q1, q1 with value 1 goes goes q2, q4 with value 0 goes to q0.;[];The automaton accepts zero or more words formed by a sequence of the type 110. In total there are 4 states: q0, q1, q2 e q4. q0 is both the initial and the final state.Le transizioni sono: q0 with value 1 goes goes q1, q1 with value 1 goes goes q2, q4 with value 0 goes to q0.;[];True;True
35;What is the purpose of the automaton ;Uhm what uhm is mmm the purpose of the eh automaton ;The automaton accepts zero or more words formed by a sequence of the type 110. In total there are 4 states: q0, q1, q2 e q4. q0 is both the initial and the final state.Le transizioni sono: q0 with value 1 goes goes q1, q1 with value 1 goes goes q2, q4 with value 0 goes to q0.;[];The automaton accepts zero or more words formed by a sequence of the type 110. In total there are 4 states: q0, q1, q2 e q4. q0 is both the initial and the final state.Le transizioni sono: q0 with value 1 goes goes q1, q1 with value 1 goes goes q2, q4 with value 0 goes to q0.;[];True;True
35;What is the purpose of the automaton ;Mmm what is the uhm purpose uhm of eh the uhm automaton ;The automaton accepts zero or more words formed by a sequence of the type 110. In total there are 4 states: q0, q1, q2 e q4. q0 is both the initial and the final state.Le transizioni sono: q0 with value 1 goes goes q1, q1 with value 1 goes goes q2, q4 with value 0 goes to q0.;[];The automaton accepts zero or more words formed by a sequence of the type 110. In total there are 4 states: q0, q1, q2 e q4. q0 is both the initial and the final state.Le transizioni sono: q0 with value 1 goes goes q1, q1 with value 1 goes goes q2, q4 with value 0 goes to q0.;[];True;True
35;What is the purpose of the automaton ;Eh what uhm is mmm the mmm purpose mmm of the uhm automaton ;The automaton accepts zero or more words formed by a sequence of the type 110. In total there are 4 states: q0, q1, q2 e q4. q0 is both the initial and the final state.Le transizioni sono: q0 with value 1 goes goes q1, q1 with value 1 goes goes q2, q4 with value 0 goes to q0.;[];The automaton accepts zero or more words formed by a sequence of the type 110. In total there are 4 states: q0, q1, q2 e q4. q0 is both the initial and the final state.Le transizioni sono: q0 with value 1 goes goes q1, q1 with value 1 goes goes q2, q4 with value 0 goes to q0.;[];True;True
35;What is the purpose of the automaton ;Mmm what mmm is eh the uhm purpose eh of eh the mmm automaton ;The automaton accepts zero or more words formed by a sequence of the type 110. In total there are 4 states: q0, q1, q2 e q4. q0 is both the initial and the final state.Le transizioni sono: q0 with value 1 goes goes q1, q1 with value 1 goes goes q2, q4 with value 0 goes to q0.;[];Potresti essere più specifico?;[];False;True
36;What happens when a 0 comes to state q1 ;What happens when a 0 comes uhm to state q1 ;The transition between q1 and q2 is with value 1.;[('simbolo-q1-q2', '#04ed00', 'stroke')];the transition is not defined.;[];False;False
36;What happens when a 0 comes to state q1 ;What happens when a uhm 0 comes mmm to state q1 ;The transition between q1 and q2 is with value 1.;[('simbolo-q1-q2', '#04ed00', 'stroke')];the transition is not defined.;[];False;False
36;What happens when a 0 comes to state q1 ;What happens when a 0 mmm comes uhm to mmm state q1 ;The transition between q1 and q2 is with value 1.;[('simbolo-q1-q2', '#04ed00', 'stroke')];the transition is not defined.;[];False;False
36;What happens when a 0 comes to state q1 ;Mmm what eh happens when a 0 mmm comes to state eh q1 ;The transition between q1 and q2 is with value 1.;[('simbolo-q1-q2', '#04ed00', 'stroke')];the transition is not defined.;[];False;False
36;What happens when a 0 comes to state q1 ;What mmm happens when eh a 0 eh comes eh to mmm state q1 ;The transition between q1 and q2 is with value 1.;[('simbolo-q1-q2', '#04ed00', 'stroke')];the transition is not defined.;[];False;False
36;What happens when a 0 comes to state q1 ;Mmm what eh happens uhm when a uhm 0 uhm comes to mmm state q1 ;The transition between q1 and q2 is with value 1.;[('simbolo-q1-q2', '#04ed00', 'stroke')];The state q0 exists.;[('simbolo-q0', '#04ed00', 'stroke')];False;False
36;What happens when a 0 comes to state q1 ;Eh what happens uhm when a eh 0 eh comes mmm to eh state mmm q1 ;The transition between q1 and q2 is with value 1.;[('simbolo-q1-q2', '#04ed00', 'stroke')];The state q0 exists.;[('simbolo-q0', '#04ed00', 'stroke')];False;False
36;What happens when a 0 comes to state q1 ;Uhm what mmm happens mmm when uhm a eh 0 eh comes to uhm state mmm q1 ;The transition between q1 and q2 is with value 1.;[('simbolo-q1-q2', '#04ed00', 'stroke')];The automaton has 4 states: q0, q1, q2 e q4.;[('simbolo-q0', '#04ed00', 'stroke'), ('simbolo-q1', '#04ed00', 'stroke'), ('simbolo-q2', '#04ed00', 'stroke'), ('simbolo-q4', '#04ed00', 'stroke')];False;False
36;What happens when a 0 comes to state q1 ;Uhm what uhm happens eh when eh a eh 0 uhm comes mmm to eh state eh q1 ;The transition between q1 and q2 is with value 1.;[('simbolo-q1-q2', '#04ed00', 'stroke')];the transition is not defined.;[];False;False
37;How many states do you have ;Uhm how many states do you have ;This automaton has 4 states;[('simbolo-q0', '#04ed00', 'stroke'), ('simbolo-q1', '#04ed00', 'stroke'), ('simbolo-q2', '#04ed00', 'stroke'), ('simbolo-q4', '#04ed00', 'stroke')];This automaton has 4 states;[('simbolo-q0', '#04ed00', 'stroke'), ('simbolo-q1', '#04ed00', 'stroke'), ('simbolo-q2', '#04ed00', 'stroke'), ('simbolo-q4', '#04ed00', 'stroke')];True;True
37;How many states do you have ;Uhm how many mmm states do you have ;This automaton has 4 states;[('simbolo-q0', '#04ed00', 'stroke'), ('simbolo-q1', '#04ed00', 'stroke'), ('simbolo-q2', '#04ed00', 'stroke'), ('simbolo-q4', '#04ed00', 'stroke')];This automaton has 4 states;[('simbolo-q0', '#04ed00', 'stroke'), ('simbolo-q1', '#04ed00', 'stroke'), ('simbolo-q2', '#04ed00', 'stroke'), ('simbolo-q4', '#04ed00', 'stroke')];True;True
37;How many states do you have ;How eh many states uhm do you eh have ;This automaton has 4 states;[('simbolo-q0', '#04ed00', 'stroke'), ('simbolo-q1', '#04ed00', 'stroke'), ('simbolo-q2', '#04ed00', 'stroke'), ('simbolo-q4', '#04ed00', 'stroke')];This automaton has 4 states;[('simbolo-q0', '#04ed00', 'stroke'), ('simbolo-q1', '#04ed00', 'stroke'), ('simbolo-q2', '#04ed00', 'stroke'), ('simbolo-q4', '#04ed00', 'stroke')];True;True
37;How many states do you have ;How uhm many mmm states do eh you eh have ;This automaton has 4 states;[('simbolo-q0', '#04ed00', 'stroke'), ('simbolo-q1', '#04ed00', 'stroke'), ('simbolo-q2', '#04ed00', 'stroke'), ('simbolo-q4', '#04ed00', 'stroke')];This automaton has 4 states;[('simbolo-q0', '#04ed00', 'stroke'), ('simbolo-q1', '#04ed00', 'stroke'), ('simbolo-q2', '#04ed00', 'stroke'), ('simbolo-q4', '#04ed00', 'stroke')];True;True
37;How many states do you have ;Uhm how eh many states eh do uhm you mmm have ;This automaton has 4 states;[('simbolo-q0', '#04ed00', 'stroke'), ('simbolo-q1', '#04ed00', 'stroke'), ('simbolo-q2', '#04ed00', 'stroke'), ('simbolo-q4', '#04ed00', 'stroke')];This automaton has 4 states;[('simbolo-q0', '#04ed00', 'stroke'), ('simbolo-q1', '#04ed00', 'stroke'), ('simbolo-q2', '#04ed00', 'stroke'), ('simbolo-q4', '#04ed00', 'stroke')];True;True
37;How many states do you have ;Eh how eh many uhm states uhm do mmm you uhm have ;This automaton has 4 states;[('simbolo-q0', '#04ed00', 'stroke'), ('simbolo-q1', '#04ed00', 'stroke'), ('simbolo-q2', '#04ed00', 'stroke'), ('simbolo-q4', '#04ed00', 'stroke')];This automaton has 4 states;[('simbolo-q0', '#04ed00', 'stroke'), ('simbolo-q1', '#04ed00', 'stroke'), ('simbolo-q2', '#04ed00', 'stroke'), ('simbolo-q4', '#04ed00', 'stroke')];True;True
38;how are your states linked together ;How uhm are your states linked together ;there is no transition between q0 and q0.;[];The state q0 exists.;[('simbolo-q0', '#04ed00', 'stroke')];False;False
38;how are your states linked together ;How are your uhm states linked eh together ;there is no transition between q0 and q0.;[];The automaton has 4 states: q0, q1, q2 e q4.;[('simbolo-q0', '#04ed00', 'stroke'), ('simbolo-q1', '#04ed00', 'stroke'), ('simbolo-q2', '#04ed00', 'stroke'), ('simbolo-q4', '#04ed00', 'stroke')];False;False
38;how are your states linked together ;Mmm how are eh your states linked uhm together ;there is no transition between q0 and q0.;[];there is no transition between q0 and q0.;[];True;True
38;how are your states linked together ;How uhm are eh your mmm states eh linked together ;there is no transition between q0 and q0.;[];The automaton has 4 states: q0, q1, q2 e q4.;[('simbolo-q0', '#04ed00', 'stroke'), ('simbolo-q1', '#04ed00', 'stroke'), ('simbolo-q2', '#04ed00', 'stroke'), ('simbolo-q4', '#04ed00', 'stroke')];False;False
38;how are your states linked together ;Eh how mmm are uhm your states uhm linked uhm together ;there is no transition between q0 and q0.;[];Potresti essere più specifico?;[];False;True
38;how are your states linked together ;Mmm how uhm are uhm your uhm states uhm linked eh together ;there is no transition between q0 and q0.;[];Potresti essere più specifico?;[];False;True
39;is q0 linked to q0 ;Is uhm q0 linked to q0 ;there is no transition between q0 and q0.;[];there is no transition between q0 and q0.;[];True;True
39;is q0 linked to q0 ;Is q0 mmm linked mmm to q0 ;there is no transition between q0 and q0.;[];there is no transition between q0 and q0.;[];True;True
39;is q0 linked to q0 ;Mmm is q0 linked mmm to eh q0 ;there is no transition between q0 and q0.;[];there is no transition between q0 and q0.;[];True;True
39;is q0 linked to q0 ;Uhm is q0 eh linked mmm to eh q0 ;there is no transition between q0 and q0.;[];there is no transition between q0 and q0.;[];True;True
39;is q0 linked to q0 ;Mmm is mmm q0 mmm linked mmm to eh q0 ;there is no transition between q0 and q0.;[];The state q0 exists.;[('simbolo-q0', '#04ed00', 'stroke')];False;False
40;is q1 linked to q4 ;Eh is q1 linked to q4 ;there is no transition between q1 and q4.;[];there is no transition between q1 and q4.;[];True;True
40;is q1 linked to q4 ;Mmm is uhm q1 linked to q4 ;there is no transition between q1 and q4.;[];there is no transition between q1 and q4.;[];True;True
40;is q1 linked to q4 ;Mmm is q1 uhm linked to mmm q4 ;there is no transition between q1 and q4.;[];there is no transition between q4 and q1.;[];False;True
40;is q1 linked to q4 ;Is mmm q1 uhm linked eh to uhm q4 ;there is no transition between q1 and q4.;[];Potresti essere più specifico?;[];False;True
40;is q1 linked to q4 ;Mmm is eh q1 uhm linked uhm to mmm q4 ;there is no transition between q1 and q4.;[];Potresti essere più specifico?;[];False;True
41;what are the transitions from q4 ;What uhm are the transitions from q4 ;the transition is not defined.;[];the transition is not defined.;[];True;True
41;what are the transitions from q4 ;What are eh the transitions eh from q4 ;the transition is not defined.;[];the transition is not defined.;[];True;True
41;what are the transitions from q4 ;Eh what are uhm the transitions uhm from q4 ;the transition is not defined.;[];the transition is not defined.;[];True;True
41;what are the transitions from q4 ;Uhm what are eh the transitions uhm from eh q4 ;the transition is not defined.;[];the transition is not defined.;[];True;True
41;what are the transitions from q4 ;What uhm are mmm the mmm transitions eh from uhm q4 ;the transition is not defined.;[];the transition is not defined.;[];True;True
41;what are the transitions from q4 ;Uhm what eh are uhm the eh transitions mmm from mmm q4 ;the transition is not defined.;[];the transition is not defined.;[];True;True
42;what are the links of q4 ;What are the links of uhm q4 ;there is no transition between q0 and q0.;[];there is no transition between q0 and q0.;[];True;True
42;what are the links of q4 ;Uhm what are the links uhm of q4 ;there is no transition between q0 and q0.;[];there is no transition between q0 and q0.;[];True;True
42;what are the links of q4 ;Eh what are the links uhm of uhm q4 ;there is no transition between q0 and q0.;[];there is no transition between q0 and q0.;[];True;True
42;what are the links of q4 ;Eh what mmm are mmm the links mmm of q4 ;there is no transition between q0 and q0.;[];there is no transition between q0 and q0.;[];True;True
42;what are the links of q4 ;Eh what eh are uhm the eh links of eh q4 ;there is no transition between q0 and q0.;[];Potresti essere più specifico?;[];False;True
42;what are the links of q4 ;Uhm what uhm are uhm the eh links eh of eh q4 ;there is no transition between q0 and q0.;[];the transition is not defined.;[];False;True
43;what are the transitions from q4 ;What eh are the transitions from q4 ;the transition is not defined.;[];the transition is not defined.;[];True;True
43;what are the transitions from q4 ;Mmm what mmm are the transitions from q4 ;the transition is not defined.;[];the transition is not defined.;[];True;True
43;what are the transitions from q4 ;Mmm what eh are the mmm transitions from q4 ;the transition is not defined.;[];there is no transition between q0 and q0.;[];False;True
43;what are the transitions from q4 ;Eh what eh are the transitions mmm from uhm q4 ;the transition is not defined.;[];the transition is not defined.;[];True;True
43;what are the transitions from q4 ;Eh what uhm are uhm the uhm transitions from eh q4 ;the transition is not defined.;[];the transition is not defined.;[];True;True
43;what are the transitions from q4 ;Mmm what mmm are uhm the uhm transitions eh from mmm q4 ;the transition is not defined.;[];there is no transition between q0 and q0.;[];False;True
44;is q4 linked to q0 ;Is uhm q4 linked to q0 ;The transition between q4 and q0 is with value 0.;[('simbolo-q4-q0', '#04ed00', 'stroke')];The transition between q4 and q0 is with value 0.;[('simbolo-q4-q0', '#04ed00', 'stroke')];True;True
44;is q4 linked to q0 ;Uhm is q4 linked to eh q0 ;The transition between q4 and q0 is with value 0.;[('simbolo-q4-q0', '#04ed00', 'stroke')];The transition between q4 and q0 is with value 0.;[('simbolo-q4-q0', '#04ed00', 'stroke')];True;True
44;is q4 linked to q0 ;Is eh q4 eh linked mmm to q0 ;The transition between q4 and q0 is with value 0.;[('simbolo-q4-q0', '#04ed00', 'stroke')];Potresti essere più specifico?;[];False;False
44;is q4 linked to q0 ;Eh is uhm q4 uhm linked to eh q0 ;The transition between q4 and q0 is with value 0.;[('simbolo-q4-q0', '#04ed00', 'stroke')];The transition between q4 and q0 is with value 0.;[('simbolo-q4-q0', '#04ed00', 'stroke')];True;True
44;is q4 linked to q0 ;Mmm is uhm q4 uhm linked uhm to uhm q0 ;The transition between q4 and q0 is with value 0.;[('simbolo-q4-q0', '#04ed00', 'stroke')];Potresti essere più specifico?;[];False;False
45;can you describe me the automaton ;Can you mmm describe me the automaton ;The automaton accepts zero or more words formed by a sequence of the type 110. In total there are 4 states: q0, q1, q2 e q4. q0 is both the initial and the final state.Le transizioni sono: q0 with value 1 goes goes q1, q1 with value 1 goes goes q2, q4 with value 0 goes to q0.;[];The automaton accepts zero or more words formed by a sequence of the type 110. In total there are 4 states: q0, q1, q2 e q4. q0 is both the initial and the final state.Le transizioni sono: q0 with value 1 goes goes q1, q1 with value 1 goes goes q2, q4 with value 0 goes to q0.;[];True;True
45;can you describe me the automaton ;Can you uhm describe uhm me the automaton ;The automaton accepts zero or more words formed by a sequence of the type 110. In total there are 4 states: q0, q1, q2 e q4. q0 is both the initial and the final state.Le transizioni sono: q0 with value 1 goes goes q1, q1 with value 1 goes goes q2, q4 with value 0 goes to q0.;[];The automaton accepts zero or more words formed by a sequence of the type 110. In total there are 4 states: q0, q1, q2 e q4. q0 is both the initial and the final state.Le transizioni sono: q0 with value 1 goes goes q1, q1 with value 1 goes goes q2, q4 with value 0 goes to q0.;[];True;True
45;can you describe me the automaton ;Mmm can uhm you uhm describe me the automaton ;The automaton accepts zero or more words formed by a sequence of the type 110. In total there are 4 states: q0, q1, q2 e q4. q0 is both the initial and the final state.Le transizioni sono: q0 with value 1 goes goes q1, q1 with value 1 goes goes q2, q4 with value 0 goes to q0.;[];The automaton accepts zero or more words formed by a sequence of the type 110. In total there are 4 states: q0, q1, q2 e q4. q0 is both the initial and the final state.Le transizioni sono: q0 with value 1 goes goes q1, q1 with value 1 goes goes q2, q4 with value 0 goes to q0.;[];True;True
45;can you describe me the automaton ;Can eh you uhm describe me uhm the eh automaton ;The automaton accepts zero or more words formed by a sequence of the type 110. In total there are 4 states: q0, q1, q2 e q4. q0 is both the initial and the final state.Le transizioni sono: q0 with value 1 goes goes q1, q1 with value 1 goes goes q2, q4 with value 0 goes to q0.;[];The automaton accepts zero or more words formed by a sequence of the type 110. In total there are 4 states: q0, q1, q2 e q4. q0 is both the initial and the final state.Le transizioni sono: q0 with value 1 goes goes q1, q1 with value 1 goes goes q2, q4 with value 0 goes to q0.;[];True;True
45;can you describe me the automaton ;Eh can mmm you describe mmm me mmm the mmm automaton ;The automaton accepts zero or more words formed by a sequence of the type 110. In total there are 4 states: q0, q1, q2 e q4. q0 is both the initial and the final state.Le transizioni sono: q0 with value 1 goes goes q1, q1 with value 1 goes goes q2, q4 with value 0 goes to q0.;[];The automaton accepts zero or more words formed by a sequence of the type 110. In total there are 4 states: q0, q1, q2 e q4. q0 is both the initial and the final state.Le transizioni sono: q0 with value 1 goes goes q1, q1 with value 1 goes goes q2, q4 with value 0 goes to q0.;[];True;True
45;can you describe me the automaton ;Uhm can mmm you eh describe mmm me eh the uhm automaton ;The automaton accepts zero or more words formed by a sequence of the type 110. In total there are 4 states: q0, q1, q2 e q4. q0 is both the initial and the final state.Le transizioni sono: q0 with value 1 goes goes q1, q1 with value 1 goes goes q2, q4 with value 0 goes to q0.;[];The automaton accepts zero or more words formed by a sequence of the type 110. In total there are 4 states: q0, q1, q2 e q4. q0 is both the initial and the final state.Le transizioni sono: q0 with value 1 goes goes q1, q1 with value 1 goes goes q2, q4 with value 0 goes to q0.;[];True;True
46;Could you briefly describe the automaton ;Could you uhm briefly describe the automaton ;The automaton accepts zero or more words formed by a sequence of the type 110. In total there are 4 states: q0, q1, q2 e q4. q0 is both the initial and the final state.Le transizioni sono: q0 with value 1 goes goes q1, q1 with value 1 goes goes q2, q4 with value 0 goes to q0.;[];The automaton accepts zero or more words formed by a sequence of the type 110. In total there are 4 states: q0, q1, q2 e q4. q0 is both the initial and the final state.Le transizioni sono: q0 with value 1 goes goes q1, q1 with value 1 goes goes q2, q4 with value 0 goes to q0.;[];True;True
46;Could you briefly describe the automaton ;Could eh you briefly eh describe the automaton ;The automaton accepts zero or more words formed by a sequence of the type 110. In total there are 4 states: q0, q1, q2 e q4. q0 is both the initial and the final state.Le transizioni sono: q0 with value 1 goes goes q1, q1 with value 1 goes goes q2, q4 with value 0 goes to q0.;[];The automaton accepts zero or more words formed by a sequence of the type 110. In total there are 4 states: q0, q1, q2 e q4. q0 is both the initial and the final state.Le transizioni sono: q0 with value 1 goes goes q1, q1 with value 1 goes goes q2, q4 with value 0 goes to q0.;[];True;True
46;Could you briefly describe the automaton ;Could uhm you uhm briefly describe the eh automaton ;The automaton accepts zero or more words formed by a sequence of the type 110. In total there are 4 states: q0, q1, q2 e q4. q0 is both the initial and the final state.Le transizioni sono: q0 with value 1 goes goes q1, q1 with value 1 goes goes q2, q4 with value 0 goes to q0.;[];The automaton accepts zero or more words formed by a sequence of the type 110. In total there are 4 states: q0, q1, q2 e q4. q0 is both the initial and the final state.Le transizioni sono: q0 with value 1 goes goes q1, q1 with value 1 goes goes q2, q4 with value 0 goes to q0.;[];True;True
46;Could you briefly describe the automaton ;Uhm could eh you uhm briefly mmm describe the automaton ;The automaton accepts zero or more words formed by a sequence of the type 110. In total there are 4 states: q0, q1, q2 e q4. q0 is both the initial and the final state.Le transizioni sono: q0 with value 1 goes goes q1, q1 with value 1 goes goes q2, q4 with value 0 goes to q0.;[];The automaton accepts zero or more words formed by a sequence of the type 110. In total there are 4 states: q0, q1, q2 e q4. q0 is both the initial and the final state.Le transizioni sono: q0 with value 1 goes goes q1, q1 with value 1 goes goes q2, q4 with value 0 goes to q0.;[];True;True
46;Could you briefly describe the automaton ;Mmm could mmm you briefly uhm describe mmm the uhm automaton ;The automaton accepts zero or more words formed by a sequence of the type 110. In total there are 4 states: q0, q1, q2 e q4. q0 is both the initial and the final state.Le transizioni sono: q0 with value 1 goes goes q1, q1 with value 1 goes goes q2, q4 with value 0 goes to q0.;[];The automaton accepts zero or more words formed by a sequence of the type 110. In total there are 4 states: q0, q1, q2 e q4. q0 is both the initial and the final state.Le transizioni sono: q0 with value 1 goes goes q1, q1 with value 1 goes goes q2, q4 with value 0 goes to q0.;[];True;True
46;Could you briefly describe the automaton ;Mmm could uhm you mmm briefly mmm describe uhm the uhm automaton ;The automaton accepts zero or more words formed by a sequence of the type 110. In total there are 4 states: q0, q1, q2 e q4. q0 is both the initial and the final state.Le transizioni sono: q0 with value 1 goes goes q1, q1 with value 1 goes goes q2, q4 with value 0 goes to q0.;[];The automaton accepts zero or more words formed by a sequence of the type 110. In total there are 4 states: q0, q1, q2 e q4. q0 is both the initial and the final state.Le transizioni sono: q0 with value 1 goes goes q1, q1 with value 1 goes goes q2, q4 with value 0 goes to q0.;[];True;True
47;How many states are there ;Mmm how many states are there ;This automaton has 4 states;[('simbolo-q0', '#04ed00', 'stroke'), ('simbolo-q1', '#04ed00', 'stroke'), ('simbolo-q2', '#04ed00', 'stroke'), ('simbolo-q4', '#04ed00', 'stroke')];This automaton has 4 states;[('simbolo-q0', '#04ed00', 'stroke'), ('simbolo-q1', '#04ed00', 'stroke'), ('simbolo-q2', '#04ed00', 'stroke'), ('simbolo-q4', '#04ed00', 'stroke')];True;True
47;How many states are there ;Eh how many states uhm are there ;This automaton has 4 states;[('simbolo-q0', '#04ed00', 'stroke'), ('simbolo-q1', '#04ed00', 'stroke'), ('simbolo-q2', '#04ed00', 'stroke'), ('simbolo-q4', '#04ed00', 'stroke')];This automaton has 4 states;[('simbolo-q0', '#04ed00', 'stroke'), ('simbolo-q1', '#04ed00', 'stroke'), ('simbolo-q2', '#04ed00', 'stroke'), ('simbolo-q4', '#04ed00', 'stroke')];True;True
47;How many states are there ;How eh many mmm states uhm are there ;This automaton has 4 states;[('simbolo-q0', '#04ed00', 'stroke'), ('simbolo-q1', '#04ed00', 'stroke'), ('simbolo-q2', '#04ed00', 'stroke'), ('simbolo-q4', '#04ed00', 'stroke')];This automaton has 4 states;[('simbolo-q0', '#04ed00', 'stroke'), ('simbolo-q1', '#04ed00', 'stroke'), ('simbolo-q2', '#04ed00', 'stroke'), ('simbolo-q4', '#04ed00', 'stroke')];True;True
47;How many states are there ;Mmm how mmm many eh states are uhm there ;This automaton has 4 states;[('simbolo-q0', '#04ed00', 'stroke'), ('simbolo-q1', '#04ed00', 'stroke'), ('simbolo-q2', '#04ed00', 'stroke'), ('simbolo-q4', '#04ed00', 'stroke')];This automaton has 4 states;[('simbolo-q0', '#04ed00', 'stroke'), ('simbolo-q1', '#04ed00', 'stroke'), ('simbolo-q2', '#04ed00', 'stroke'), ('simbolo-q4', '#04ed00', 'stroke')];True;True
47;How many states are there ;Eh how mmm many eh states mmm are mmm there ;This automaton has 4 states;[('simbolo-q0', '#04ed00', 'stroke'), ('simbolo-q1', '#04ed00', 'stroke'), ('simbolo-q2', '#04ed00', 'stroke'), ('simbolo-q4', '#04ed00', 'stroke')];This automaton has 4 states;[('simbolo-q0', '#04ed00', 'stroke'), ('simbolo-q1', '#04ed00', 'stroke'), ('simbolo-q2', '#04ed00', 'stroke'), ('simbolo-q4', '#04ed00', 'stroke')];True;True
48;Is there an arc from q0 to q1 ;Is there an arc from q0 uhm to q1 ;The transition between q0 and q1 is with value 1.;[('simbolo-q0-q1', '#04ed00', 'stroke')];The transition between q0 and q1 is with value 1.;[('simbolo-q0-q1', '#04ed00', 'stroke')];True;True
48;Is there an arc from q0 to q1 ;Is there an arc uhm from mmm q0 to q1 ;The transition between q0 and q1 is with value 1.;[('simbolo-q0-q1', '#04ed00', 'stroke')];the transition is not defined.;[];False;False
48;Is there an arc from q0 to q1 ;Is uhm there an arc from eh q0 to eh q1 ;The transition between q0 and q1 is with value 1.;[('simbolo-q0-q1', '#04ed00', 'stroke')];The transition between q0 and q1 is with value 1.;[('simbolo-q0-q1', '#04ed00', 'stroke')];True;True
48;Is there an arc from q0 to q1 ;Is uhm there an arc mmm from eh q0 to uhm q1 ;The transition between q0 and q1 is with value 1.;[('simbolo-q0-q1', '#04ed00', 'stroke')];The transition between q0 and q1 is with value 1.;[('simbolo-q0-q1', '#04ed00', 'stroke')];True;True
48;Is there an arc from q0 to q1 ;Is there eh an eh arc uhm from q0 eh to eh q1 ;The transition between q0 and q1 is with value 1.;[('simbolo-q0-q1', '#04ed00', 'stroke')];The transition between q0 and q1 is with value 1.;[('simbolo-q0-q1', '#04ed00', 'stroke')];True;True
48;Is there an arc from q0 to q1 ;Mmm is uhm there mmm an uhm arc eh from uhm q0 to q1 ;The transition between q0 and q1 is with value 1.;[('simbolo-q0-q1', '#04ed00', 'stroke')];The transition between q0 and q1 is with value 1.;[('simbolo-q0-q1', '#04ed00', 'stroke')];True;True
48;Is there an arc from q0 to q1 ;Mmm is eh there an eh arc uhm from eh q0 mmm to uhm q1 ;The transition between q0 and q1 is with value 1.;[('simbolo-q0-q1', '#04ed00', 'stroke')];The transition between q0 and q1 is with value 1.;[('simbolo-q0-q1', '#04ed00', 'stroke')];True;True
48;Is there an arc from q0 to q1 ;Eh is uhm there eh an mmm arc mmm from eh q0 mmm to mmm q1 ;The transition between q0 and q1 is with value 1.;[('simbolo-q0-q1', '#04ed00', 'stroke')];The transition between q0 and q1 is with value 1.;[('simbolo-q0-q1', '#04ed00', 'stroke')];True;True
49;Is there an arc from q1 to q2 ;Is there an arc from q1 uhm to q2 ;The transition between q1 and q2 is with value 1.;[('simbolo-q1-q2', '#04ed00', 'stroke')];The transition between q1 and q2 is with value 1.;[('simbolo-q1-q2', '#04ed00', 'stroke')];True;True
49;Is there an arc from q1 to q2 ;Is eh there an arc from q1 to uhm q2 ;The transition between q1 and q2 is with value 1.;[('simbolo-q1-q2', '#04ed00', 'stroke')];The transition between q1 and q2 is with value 1.;[('simbolo-q1-q2', '#04ed00', 'stroke')];True;True
49;Is there an arc from q1 to q2 ;Is eh there an arc from mmm q1 to eh q2 ;The transition between q1 and q2 is with value 1.;[('simbolo-q1-q2', '#04ed00', 'stroke')];The transition between q1 and q2 is with value 1.;[('simbolo-q1-q2', '#04ed00', 'stroke')];True;True
49;Is there an arc from q1 to q2 ;Is there an mmm arc mmm from uhm q1 mmm to q2 ;The transition between q1 and q2 is with value 1.;[('simbolo-q1-q2', '#04ed00', 'stroke')];the transition is not defined.;[];False;False
49;Is there an arc from q1 to q2 ;Mmm is uhm there uhm an uhm arc mmm from q1 to q2 ;The transition between q1 and q2 is with value 1.;[('simbolo-q1-q2', '#04ed00', 'stroke')];The transition between q1 and q2 is with value 1.;[('simbolo-q1-q2', '#04ed00', 'stroke')];True;True
49;Is there an arc from q1 to q2 ;Eh is there mmm an mmm arc mmm from eh q1 to uhm q2 ;The transition between q1 and q2 is with value 1.;[('simbolo-q1-q2', '#04ed00', 'stroke')];The transition between q1 and q2 is with value 1.;[('simbolo-q1-q2', '#04ed00', 'stroke')];True;True
49;Is there an arc from q1 to q2 ;Eh is eh there eh an mmm arc mmm from mmm q1 to eh q2 ;The transition between q1 and q2 is with value 1.;[('simbolo-q1-q2', '#04ed00', 'stroke')];The transition between q1 and q2 is with value 1.;[('simbolo-q1-q2', '#04ed00', 'stroke')];True;True
49;Is there an arc from q1 to q2 ;Eh is mmm there eh an eh arc eh from mmm q1 eh to eh q2 ;The transition between q1 and q2 is with value 1.;[('simbolo-q1-q2', '#04ed00', 'stroke')];the transition is not defined.;[];False;False
50;What are the states connected to q0 ;What are the states connected to mmm q0 ;The state q0 exists.;[('simbolo-q0', '#04ed00', 'stroke')];The state q0 exists.;[('simbolo-q0', '#04ed00', 'stroke')];True;True
50;What are the states connected to q0 ;Eh what are the states mmm connected to q0 ;The state q0 exists.;[('simbolo-q0', '#04ed00', 'stroke')];The state q0 exists.;[('simbolo-q0', '#04ed00', 'stroke')];True;True
50;What are the states connected to q0 ;Eh what mmm are the states connected to uhm q0 ;The state q0 exists.;[('simbolo-q0', '#04ed00', 'stroke')];The state q0 exists.;[('simbolo-q0', '#04ed00', 'stroke')];True;True
50;What are the states connected to q0 ;Mmm what eh are the uhm states connected mmm to q0 ;The state q0 exists.;[('simbolo-q0', '#04ed00', 'stroke')];The state q0 exists.;[('simbolo-q0', '#04ed00', 'stroke')];True;True
50;What are the states connected to q0 ;Mmm what uhm are uhm the states eh connected mmm to q0 ;The state q0 exists.;[('simbolo-q0', '#04ed00', 'stroke')];The state q0 exists.;[('simbolo-q0', '#04ed00', 'stroke')];True;True
50;What are the states connected to q0 ;Mmm what uhm are the uhm states eh connected eh to mmm q0 ;The state q0 exists.;[('simbolo-q0', '#04ed00', 'stroke')];The state q0 exists.;[('simbolo-q0', '#04ed00', 'stroke')];True;True
50;What are the states connected to q0 ;Eh what eh are mmm the eh states uhm connected eh to eh q0 ;The state q0 exists.;[('simbolo-q0', '#04ed00', 'stroke')];The state q0 exists.;[('simbolo-q0', '#04ed00', 'stroke')];True;True
51;Is there an arc from q2 to q3 ;Is there an arc from uhm q2 to q3 ;The transition between q2 and q3 is with value 0.;[('simbolo-q2-q3', '#04ed00', 'stroke')];The transition between q2 and q3 is with value 0.;[('simbolo-q2-q3', '#04ed00', 'stroke')];True;True
51;Is there an arc from q2 to q3 ;Is there an arc eh from q2 uhm to q3 ;The transition between q2 and q3 is with value 0.;[('simbolo-q2-q3', '#04ed00', 'stroke')];The transition between q2 and q3 is with value 0.;[('simbolo-q2-q3', '#04ed00', 'stroke')];True;True
51;Is there an arc from q2 to q3 ;Is eh there mmm an arc from q2 eh to q3 ;The transition between q2 and q3 is with value 0.;[('simbolo-q2-q3', '#04ed00', 'stroke')];The transition between q2 and q3 is with value 0.;[('simbolo-q2-q3', '#04ed00', 'stroke')];True;True
51;Is there an arc from q2 to q3 ;Eh is uhm there mmm an arc eh from q2 to q3 ;The transition between q2 and q3 is with value 0.;[('simbolo-q2-q3', '#04ed00', 'stroke')];The transition between q2 and q3 is with value 0.;[('simbolo-q2-q3', '#04ed00', 'stroke')];True;True
51;Is there an arc from q2 to q3 ;Is mmm there eh an arc uhm from mmm q2 mmm to q3 ;The transition between q2 and q3 is with value 0.;[('simbolo-q2-q3', '#04ed00', 'stroke')];the transition is not defined.;[];False;False
51;Is there an arc from q2 to q3 ;Eh is eh there an uhm arc mmm from eh q2 eh to q3 ;The transition between q2 and q3 is with value 0.;[('simbolo-q2-q3', '#04ed00', 'stroke')];The transition between q2 and q3 is with value 0.;[('simbolo-q2-q3', '#04ed00', 'stroke')];True;True
51;Is there an arc from q2 to q3 ;Uhm is uhm there mmm an uhm arc from eh q2 eh to uhm q3 ;The transition between q2 and q3 is with value 0.;[('simbolo-q2-q3', '#04ed00', 'stroke')];The transition between q2 and q3 is with value 0.;[('simbolo-q2-q3', '#04ed00', 'stroke')];True;True
51;Is there an arc from q2 to q3 ;Uhm is mmm there eh an eh arc uhm from eh q2 eh to uhm q3 ;The transition between q2 and q3 is with value 0.;[('simbolo-q2-q3', '#04ed00', 'stroke')];The transition between q2 and q3 is with value 0.;[('simbolo-q2-q3', '#04ed00', 'stroke')];True;True
52;Is there an arc from q3 to q4 ;Is there an arc from uhm q3 to q4 ;The transition between q3 and q4 is with value 0.;[('simbolo-q3-q4', '#04ed00', 'stroke')];The transition between q3 and q4 is with value 0.;[('simbolo-q3-q4', '#04ed00', 'stroke')];True;True
52;Is there an arc from q3 to q4 ;Uhm is mmm there an arc from q3 to q4 ;The transition between q3 and q4 is with value 0.;[('simbolo-q3-q4', '#04ed00', 'stroke')];The transition between q3 and q4 is with value 0.;[('simbolo-q3-q4', '#04ed00', 'stroke')];True;True
52;Is there an arc from q3 to q4 ;Mmm is eh there an arc from mmm q3 to q4 ;The transition between q3 and q4 is with value 0.;[('simbolo-q3-q4', '#04ed00', 'stroke')];the transition is not defined.;[];False;False
52;Is there an arc from q3 to q4 ;Eh is there mmm an arc from q3 eh to uhm q4 ;The transition between q3 and q4 is with value 0.;[('simbolo-q3-q4', '#04ed00', 'stroke')];The transition between q3 and q4 is with value 0.;[('simbolo-q3-q4', '#04ed00', 'stroke')];True;True
52;Is there an arc from q3 to q4 ;Uhm is mmm there uhm an arc mmm from q3 to eh q4 ;The transition between q3 and q4 is with value 0.;[('simbolo-q3-q4', '#04ed00', 'stroke')];The transition between q3 and q4 is with value 0.;[('simbolo-q3-q4', '#04ed00', 'stroke')];True;True
52;Is there an arc from q3 to q4 ;Eh is there eh an arc eh from uhm q3 eh to uhm q4 ;The transition between q3 and q4 is with value 0.;[('simbolo-q3-q4', '#04ed00', 'stroke')];The transition between q3 and q4 is with value 0.;[('simbolo-q3-q4', '#04ed00', 'stroke')];True;True
52;Is there an arc from q3 to q4 ;Uhm is mmm there mmm an mmm arc mmm from mmm q3 mmm to q4 ;The transition between q3 and q4 is with value 0.;[('simbolo-q3-q4', '#04ed00', 'stroke')];The transition between q3 and q4 is with value 0.;[('simbolo-q3-q4', '#04ed00', 'stroke')];True;True
52;Is there an arc from q3 to q4 ;Mmm is eh there uhm an uhm arc uhm from mmm q3 eh to eh q4 ;The transition between q3 and q4 is with value 0.;[('simbolo-q3-q4', '#04ed00', 'stroke')];the transition is not defined.;[];False;False
53;Is there an arc from q4 to q0 ;Is eh there an arc from q4 to q0 ;The transition between q4 and q0 is with value 0.;[('simbolo-q4-q0', '#04ed00', 'stroke')];The transition between q4 and q0 is with value 0.;[('simbolo-q4-q0', '#04ed00', 'stroke')];True;True
53;Is there an arc from q4 to q0 ;Mmm is there an arc from eh q4 to q0 ;The transition between q4 and q0 is with value 0.;[('simbolo-q4-q0', '#04ed00', 'stroke')];The transition between q4 and q0 is with value 0.;[('simbolo-q4-q0', '#04ed00', 'stroke')];True;True
53;Is there an arc from q4 to q0 ;Is there uhm an arc from uhm q4 to uhm q0 ;The transition between q4 and q0 is with value 0.;[('simbolo-q4-q0', '#04ed00', 'stroke')];The transition between q4 and q0 is with value 0.;[('simbolo-q4-q0', '#04ed00', 'stroke')];True;True
53;Is there an arc from q4 to q0 ;Is mmm there an uhm arc from eh q4 to uhm q0 ;The transition between q4 and q0 is with value 0.;[('simbolo-q4-q0', '#04ed00', 'stroke')];The transition between q4 and q0 is with value 0.;[('simbolo-q4-q0', '#04ed00', 'stroke')];True;True
53;Is there an arc from q4 to q0 ;Is uhm there eh an arc mmm from eh q4 to mmm q0 ;The transition between q4 and q0 is with value 0.;[('simbolo-q4-q0', '#04ed00', 'stroke')];The transition between q4 and q0 is with value 0.;[('simbolo-q4-q0', '#04ed00', 'stroke')];True;True
53;Is there an arc from q4 to q0 ;Is mmm there mmm an arc eh from uhm q4 uhm to mmm q0 ;The transition between q4 and q0 is with value 0.;[('simbolo-q4-q0', '#04ed00', 'stroke')];The transition between q4 and q0 is with value 0.;[('simbolo-q4-q0', '#04ed00', 'stroke')];True;True
53;Is there an arc from q4 to q0 ;Uhm is uhm there eh an uhm arc mmm from uhm q4 to uhm q0 ;The transition between q4 and q0 is with value 0.;[('simbolo-q4-q0', '#04ed00', 'stroke')];The transition between q4 and q0 is with value 0.;[('simbolo-q4-q0', '#04ed00', 'stroke')];True;True
53;Is there an arc from q4 to q0 ;Eh is eh there eh an uhm arc uhm from mmm q4 eh to eh q0 ;The transition between q4 and q0 is with value 0.;[('simbolo-q4-q0', '#04ed00', 'stroke')];The transition between q4 and q0 is with value 0.;[('simbolo-q4-q0', '#04ed00', 'stroke')];True;True
54;Is there an arc from q4 ;Is mmm there an arc from q4 ;the transition is not defined.;[];the transition is not defined.;[];True;True
54;Is there an arc from q4 ;Is eh there an eh arc from q4 ;the transition is not defined.;[];the transition is not defined.;[];True;True
54;Is there an arc from q4 ;Eh is there an uhm arc from mmm q4 ;the transition is not defined.;[];the transition is not defined.;[];True;True
54;Is there an arc from q4 ;Mmm is there an eh arc mmm from uhm q4 ;the transition is not defined.;[];the transition is not defined.;[];True;True
54;Is there an arc from q4 ;Uhm is mmm there uhm an mmm arc mmm from q4 ;the transition is not defined.;[];the transition is not defined.;[];True;True
54;Is there an arc from q4 ;Eh is mmm there uhm an uhm arc mmm from uhm q4 ;the transition is not defined.;[];the transition is not defined.;[];True;True
55;Is there an arc from q0 ;Is there eh an arc from q0 ;the transition is not defined.;[];the transition is not defined.;[];True;True
55;Is there an arc from q0 ;Eh is eh there an arc from q0 ;the transition is not defined.;[];the transition is not defined.;[];True;True
55;Is there an arc from q0 ;Is uhm there mmm an arc mmm from q0 ;the transition is not defined.;[];the transition is not defined.;[];True;True
55;Is there an arc from q0 ;Is eh there eh an eh arc uhm from q0 ;the transition is not defined.;[];the transition is not defined.;[];True;True
55;Is there an arc from q0 ;Uhm is there mmm an uhm arc mmm from eh q0 ;the transition is not defined.;[];the transition is not defined.;[];True;True
55;Is there an arc from q0 ;Eh is mmm there uhm an uhm arc uhm from uhm q0 ;the transition is not defined.;[];the transition is not defined.;[];True;True
56;Is there an arc from q1 ;Is uhm there an arc from q1 ;the transition is not defined.;[];the transition is not defined.;[];True;True
56;Is there an arc from q1 ;Is eh there an eh arc from q1 ;the transition is not defined.;[];the transition is not defined.;[];True;True
56;Is there an arc from q1 ;Eh is mmm there an arc eh from q1 ;the transition is not defined.;[];the transition is not defined.;[];True;True
56;Is there an arc from q1 ;Eh is there an eh arc mmm from uhm q1 ;the transition is not defined.;[];the transition is not defined.;[];True;True
56;Is there an arc from q1 ;Is mmm there eh an mmm arc mmm from eh q1 ;the transition is not defined.;[];the transition is not defined.;[];True;True
56;Is there an arc from q1 ;Mmm is eh there eh an eh arc uhm from uhm q1 ;the transition is not defined.;[];the transition is not defined.;[];True;True
57;Is there an arc from q2 ;Is there an arc eh from q2 ;the transition is not defined.;[];the transition is not defined.;[];True;True
57;Is there an arc from q2 ;Is uhm there uhm an arc from q2 ;the transition is not defined.;[];the transition is not defined.;[];True;True
57;Is there an arc from q2 ;Uhm is eh there uhm an arc from q2 ;the transition is not defined.;[];the transition is not defined.;[];True;True
57;Is there an arc from q2 ;Eh is there an uhm arc mmm from uhm q2 ;the transition is not defined.;[];the transition is not defined.;[];True;True
57;Is there an arc from q2 ;Uhm is mmm there mmm an mmm arc from uhm q2 ;the transition is not defined.;[];the transition is not defined.;[];True;True
57;Is there an arc from q2 ;Uhm is eh there eh an mmm arc uhm from mmm q2 ;the transition is not defined.;[];the transition is not defined.;[];True;True
58;Is there an arc from q3 ;Is there uhm an arc from q3 ;the transition is not defined.;[];the transition is not defined.;[];True;True
58;Is there an arc from q3 ;Eh is there an uhm arc from q3 ;the transition is not defined.;[];the transition is not defined.;[];True;True
58;Is there an arc from q3 ;Eh is mmm there an mmm arc from q3 ;the transition is not defined.;[];the transition is not defined.;[];True;True
58;Is there an arc from q3 ;Is mmm there eh an arc mmm from uhm q3 ;the transition is not defined.;[];the transition is not defined.;[];True;True
58;Is there an arc from q3 ;Eh is mmm there an mmm arc eh from mmm q3 ;the transition is not defined.;[];the transition is not defined.;[];True;True
58;Is there an arc from q3 ;Eh is eh there mmm an eh arc eh from mmm q3 ;the transition is not defined.;[];the transition is not defined.;[];True;True
59;How many states does the automaton have ;How many states does the automaton eh have ;This automaton has 4 states;[('simbolo-q0', '#04ed00', 'stroke'), ('simbolo-q1', '#04ed00', 'stroke'), ('simbolo-q2', '#04ed00', 'stroke'), ('simbolo-q4', '#04ed00', 'stroke')];This automaton has 4 states;[('simbolo-q0', '#04ed00', 'stroke'), ('simbolo-q1', '#04ed00', 'stroke'), ('simbolo-q2', '#04ed00', 'stroke'), ('simbolo-q4', '#04ed00', 'stroke')];True;True
59;How many states does the automaton have ;How mmm many states mmm does the automaton have ;This automaton has 4 states;[('simbolo-q0', '#04ed00', 'stroke'), ('simbolo-q1', '#04ed00', 'stroke'), ('simbolo-q2', '#04ed00', 'stroke'), ('simbolo-q4', '#04ed00', 'stroke')];This automaton has 4 states;[('simbolo-q0', '#04ed00', 'stroke'), ('simbolo-q1', '#04ed00', 'stroke'), ('simbolo-q2', '#04ed00', 'stroke'), ('simbolo-q4', '#04ed00', 'stroke')];True;True
59;How many states does the automaton have ;How eh many uhm states does the eh automaton have ;This automaton has 4 states;[('simbolo-q0', '#04ed00', 'stroke'), ('simbolo-q1', '#04ed00', 'stroke'), ('simbolo-q2', '#04ed00', 'stroke'), ('simbolo-q4', '#04ed00', 'stroke')];This automaton has 4 states;[('simbolo-q0', '#04ed00', 'stroke'), ('simbolo-q1', '#04ed00', 'stroke'), ('simbolo-q2', '#04ed00', 'stroke'), ('simbolo-q4', '#04ed00', 'stroke')];True;True
59;How many states does the automaton have ;Uhm how uhm many mmm states does the automaton mmm have ;This automaton has 4 states;[('simbolo-q0', '#04ed00', 'stroke'), ('simbolo-q1', '#04ed00', 'stroke'), ('simbolo-q2', '#04ed00', 'stroke'), ('simbolo-q4', '#04ed00', 'stroke')];This automaton has 4 states;[('simbolo-q0', '#04ed00', 'stroke'), ('simbolo-q1', '#04ed00', 'stroke'), ('simbolo-q2', '#04ed00', 'stroke'), ('simbolo-q4', '#04ed00', 'stroke')];True;True
59;How many states does the automaton have ;Mmm how many states eh does eh the uhm automaton mmm have ;This automaton has 4 states;[('simbolo-q0', '#04ed00', 'stroke'), ('simbolo-q1', '#04ed00', 'stroke'), ('simbolo-q2', '#04ed00', 'stroke'), ('simbolo-q4', '#04ed00', 'stroke')];This automaton has 4 states;[('simbolo-q0', '#04ed00', 'stroke'), ('simbolo-q1', '#04ed00', 'stroke'), ('simbolo-q2', '#04ed00', 'stroke'), ('simbolo-q4', '#04ed00', 'stroke')];True;True
59;How many states does the automaton have ;Mmm how uhm many states eh does eh the mmm automaton eh have ;This automaton has 4 states;[('simbolo-q0', '#04ed00', 'stroke'), ('simbolo-q1', '#04ed00', 'stroke'), ('simbolo-q2', '#04ed00', 'stroke'), ('simbolo-q4', '#04ed00', 'stroke')];This automaton has 4 states;[('simbolo-q0', '#04ed00', 'stroke'), ('simbolo-q1', '#04ed00', 'stroke'), ('simbolo-q2', '#04ed00', 'stroke'), ('simbolo-q4', '#04ed00', 'stroke')];True;True
59;How many states does the automaton have ;Eh how eh many mmm states uhm does mmm the uhm automaton eh have ;This automaton has 4 states;[('simbolo-q0', '#04ed00', 'stroke'), ('simbolo-q1', '#04ed00', 'stroke'), ('simbolo-q2', '#04ed00', 'stroke'), ('simbolo-q4', '#04ed00', 'stroke')];This automaton has 4 states;[('simbolo-q0', '#04ed00', 'stroke'), ('simbolo-q1', '#04ed00', 'stroke'), ('simbolo-q2', '#04ed00', 'stroke'), ('simbolo-q4', '#04ed00', 'stroke')];True;True
60;Are there any loops ;Are there any eh loops ;Potresti essere più specifico?;[];Potresti essere più specifico?;[];True;True
60;Are there any loops ;Mmm are there any eh loops ;Potresti essere più specifico?;[];Potresti essere più specifico?;[];True;True
60;Are there any loops ;Uhm are there uhm any mmm loops ;Potresti essere più specifico?;[];Potresti essere più specifico?;[];True;True
60;Are there any loops ;Uhm are eh there eh any mmm loops ;Potresti essere più specifico?;[];Potresti essere più specifico?;[];True;True
61;What transitions enter and exit q0 ;What transitions enter mmm and exit q0 ;the transition is not defined.;[];the transition is not defined.;[];True;True
61;What transitions enter and exit q0 ;What eh transitions enter and eh exit q0 ;the transition is not defined.;[];the transition is not defined.;[];True;True
61;What transitions enter and exit q0 ;What transitions mmm enter uhm and exit uhm q0 ;the transition is not defined.;[];the transition is not defined.;[];True;True
61;What transitions enter and exit q0 ;Mmm what uhm transitions mmm enter and uhm exit q0 ;the transition is not defined.;[];the transition is not defined.;[];True;True
61;What transitions enter and exit q0 ;Uhm what uhm transitions enter mmm and uhm exit eh q0 ;the transition is not defined.;[];the transition is not defined.;[];True;True
61;What transitions enter and exit q0 ;Mmm what uhm transitions eh enter mmm and eh exit mmm q0 ;the transition is not defined.;[];the transition is not defined.;[];True;True
62;What transitions enter and exit q1 ;What transitions eh enter and exit q1 ;the transition is not defined.;[];the transition is not defined.;[];True;True
62;What transitions enter and exit q1 ;What transitions enter and mmm exit mmm q1 ;the transition is not defined.;[];the transition is not defined.;[];True;True
62;What transitions enter and exit q1 ;What uhm transitions enter mmm and eh exit q1 ;the transition is not defined.;[];the transition is not defined.;[];True;True
62;What transitions enter and exit q1 ;What eh transitions enter eh and uhm exit eh q1 ;the transition is not defined.;[];the transition is not defined.;[];True;True
62;What transitions enter and exit q1 ;Mmm what mmm transitions mmm enter and uhm exit eh q1 ;the transition is not defined.;[];the transition is not defined.;[];True;True
62;What transitions enter and exit q1 ;Uhm what mmm transitions uhm enter uhm and mmm exit uhm q1 ;the transition is not defined.;[];the transition is not defined.;[];True;True
63;What transitions enter and exit q2 ;Eh what transitions enter and exit q2 ;the transition is not defined.;[];there is no transition between q0 and q0.;[];False;True
63;What transitions enter and exit q2 ;What transitions enter mmm and eh exit q2 ;the transition is not defined.;[];the transition is not defined.;[];True;True
63;What transitions enter and exit q2 ;What uhm transitions enter and uhm exit eh q2 ;the transition is not defined.;[];the transition is not defined.;[];True;True
63;What transitions enter and exit q2 ;Uhm what eh transitions enter uhm and uhm exit q2 ;the transition is not defined.;[];the transition is not defined.;[];True;True
63;What transitions enter and exit q2 ;What eh transitions uhm enter eh and uhm exit uhm q2 ;the transition is not defined.;[];the transition is not defined.;[];True;True
63;What transitions enter and exit q2 ;Mmm what eh transitions mmm enter mmm and eh exit mmm q2 ;the transition is not defined.;[];the transition is not defined.;[];True;True
64;What transitions enter and exit q4 ;What mmm transitions enter and exit q4 ;the transition is not defined.;[];the transition is not defined.;[];True;True
64;What transitions enter and exit q4 ;What transitions eh enter and exit eh q4 ;the transition is not defined.;[];the transition is not defined.;[];True;True
64;What transitions enter and exit q4 ;What uhm transitions enter mmm and exit uhm q4 ;the transition is not defined.;[];the transition is not defined.;[];True;True
64;What transitions enter and exit q4 ;Eh what mmm transitions enter eh and uhm exit q4 ;the transition is not defined.;[];the transition is not defined.;[];True;True
64;What transitions enter and exit q4 ;Mmm what transitions eh enter mmm and uhm exit eh q4 ;the transition is not defined.;[];the transition is not defined.;[];True;True
64;What transitions enter and exit q4 ;Uhm what mmm transitions eh enter uhm and eh exit eh q4 ;the transition is not defined.;[];the transition is not defined.;[];True;True
65;What transitions enter and exit q3 ;What transitions enter and eh exit q3 ;the transition is not defined.;[];the transition is not defined.;[];True;True
65;What transitions enter and exit q3 ;Eh what transitions enter mmm and exit q3 ;the transition is not defined.;[];the transition is not defined.;[];True;True
65;What transitions enter and exit q3 ;Eh what uhm transitions eh enter and exit q3 ;the transition is not defined.;[];the transition is not defined.;[];True;True
65;What transitions enter and exit q3 ;What mmm transitions enter mmm and eh exit uhm q3 ;the transition is not defined.;[];the transition is not defined.;[];True;True
65;What transitions enter and exit q3 ;Eh what mmm transitions uhm enter and eh exit eh q3 ;the transition is not defined.;[];the transition is not defined.;[];True;True
65;What transitions enter and exit q3 ;Uhm what uhm transitions mmm enter uhm and uhm exit eh q3 ;the transition is not defined.;[];the transition is not defined.;[];True;True
66;What does the automaton recognize ;What does the automaton uhm recognize ;Potresti essere più specifico?;[];Potresti essere più specifico?;[];True;True
66;What does the automaton recognize ;What does eh the automaton uhm recognize ;Potresti essere più specifico?;[];The automaton accepts zero or more words formed by a sequence of the type 110. In total there are 4 states: q0, q1, q2 e q4. q0 is both the initial and the final state.Le transizioni sono: q0 with value 1 goes goes q1, q1 with value 1 goes goes q2, q4 with value 0 goes to q0.;[];False;True
66;What does the automaton recognize ;Mmm what does uhm the automaton eh recognize ;Potresti essere più specifico?;[];The automaton accepts zero or more words formed by a sequence of the type 110. In total there are 4 states: q0, q1, q2 e q4. q0 is both the initial and the final state.Le transizioni sono: q0 with value 1 goes goes q1, q1 with value 1 goes goes q2, q4 with value 0 goes to q0.;[];False;True
66;What does the automaton recognize ;Mmm what mmm does uhm the uhm automaton recognize ;Potresti essere più specifico?;[];Potresti essere più specifico?;[];True;True
66;What does the automaton recognize ;Eh what eh does uhm the mmm automaton eh recognize ;Potresti essere più specifico?;[];The automaton accepts zero or more words formed by a sequence of the type 110. In total there are 4 states: q0, q1, q2 e q4. q0 is both the initial and the final state.Le transizioni sono: q0 with value 1 goes goes q1, q1 with value 1 goes goes q2, q4 with value 0 goes to q0.;[];False;True
67;What is the accepted language ;Mmm what is the accepted language ;Potresti essere più specifico?;[];Potresti essere più specifico?;[];True;True
67;What is the accepted language ;What uhm is eh the accepted language ;Potresti essere più specifico?;[];Potresti essere più specifico?;[];True;True
67;What is the accepted language ;Uhm what uhm is the accepted mmm language ;Potresti essere più specifico?;[];Potresti essere più specifico?;[];True;True
67;What is the accepted language ;Eh what mmm is the eh accepted eh language ;Potresti essere più specifico?;[];Potresti essere più specifico?;[];True;True
67;What is the accepted language ;Uhm what uhm is uhm the uhm accepted mmm language ;Potresti essere più specifico?;[];Potresti essere più specifico?;[];True;True
68;How many states are there ;Mmm how many states are there ;This automaton has 4 states;[('simbolo-q0', '#04ed00', 'stroke'), ('simbolo-q1', '#04ed00', 'stroke'), ('simbolo-q2', '#04ed00', 'stroke'), ('simbolo-q4', '#04ed00', 'stroke')];This automaton has 4 states;[('simbolo-q0', '#04ed00', 'stroke'), ('simbolo-q1', '#04ed00', 'stroke'), ('simbolo-q2', '#04ed00', 'stroke'), ('simbolo-q4', '#04ed00', 'stroke')];True;True
68;How many states are there ;How eh many mmm states are there ;This automaton has 4 states;[('simbolo-q0', '#04ed00', 'stroke'), ('simbolo-q1', '#04ed00', 'stroke'), ('simbolo-q2', '#04ed00', 'stroke'), ('simbolo-q4', '#04ed00', 'stroke')];This automaton has 4 states;[('simbolo-q0', '#04ed00', 'stroke'), ('simbolo-q1', '#04ed00', 'stroke'), ('simbolo-q2', '#04ed00', 'stroke'), ('simbolo-q4', '#04ed00', 'stroke')];True;True
68;How many states are there ;How uhm many states mmm are uhm there ;This automaton has 4 states;[('simbolo-q0', '#04ed00', 'stroke'), ('simbolo-q1', '#04ed00', 'stroke'), ('simbolo-q2', '#04ed00', 'stroke'), ('simbolo-q4', '#04ed00', 'stroke')];This automaton has 4 states;[('simbolo-q0', '#04ed00', 'stroke'), ('simbolo-q1', '#04ed00', 'stroke'), ('simbolo-q2', '#04ed00', 'stroke'), ('simbolo-q4', '#04ed00', 'stroke')];True;True
68;How many states are there ;Eh how uhm many mmm states are eh there ;This automaton has 4 states;[('simbolo-q0', '#04ed00', 'stroke'), ('simbolo-q1', '#04ed00', 'stroke'), ('simbolo-q2', '#04ed00', 'stroke'), ('simbolo-q4', '#04ed00', 'stroke')];This automaton has 4 states;[('simbolo-q0', '#04ed00', 'stroke'), ('simbolo-q1', '#04ed00', 'stroke'), ('simbolo-q2', '#04ed00', 'stroke'), ('simbolo-q4', '#04ed00', 'stroke')];True;True
68;How many states are there ;Mmm how uhm many uhm states eh are uhm there ;This automaton has 4 states;[('simbolo-q0', '#04ed00', 'stroke'), ('simbolo-q1', '#04ed00', 'stroke'), ('simbolo-q2', '#04ed00', 'stroke'), ('simbolo-q4', '#04ed00', 'stroke')];This automaton has 4 states;[('simbolo-q0', '#04ed00', 'stroke'), ('simbolo-q1', '#04ed00', 'stroke'), ('simbolo-q2', '#04ed00', 'stroke'), ('simbolo-q4', '#04ed00', 'stroke')];True;True
69;How many transitions are there ;How mmm many transitions are there ;The automaton has 3 transitions: q0 con valore 1 va in q1, q1 con valore 1 va in q2, q4 con valore 0 va in q0.;[('simbolo-q0-q1', '#04ed00', 'stroke'), ('simbolo-q1-q2', '#04ed00', 'stroke'), ('simbolo-q4-q0', '#04ed00', 'stroke')];The automaton has 3 transitions: q0 con valore 1 va in q1, q1 con valore 1 va in q2, q4 con valore 0 va in q0.;[('simbolo-q0-q1', '#04ed00', 'stroke'), ('simbolo-q1-q2', '#04ed00', 'stroke'), ('simbolo-q4-q0', '#04ed00', 'stroke')];True;True
69;How many transitions are there ;How mmm many transitions are uhm there ;The automaton has 3 transitions: q0 con valore 1 va in q1, q1 con valore 1 va in q2, q4 con valore 0 va in q0.;[('simbolo-q0-q1', '#04ed00', 'stroke'), ('simbolo-q1-q2', '#04ed00', 'stroke'), ('simbolo-q4-q0', '#04ed00', 'stroke')];The automaton has 3 transitions: q0 con valore 1 va in q1, q1 con valore 1 va in q2, q4 con valore 0 va in q0.;[('simbolo-q0-q1', '#04ed00', 'stroke'), ('simbolo-q1-q2', '#04ed00', 'stroke'), ('simbolo-q4-q0', '#04ed00', 'stroke')];True;True
69;How many transitions are there ;Uhm how eh many mmm transitions are there ;The automaton has 3 transitions: q0 con valore 1 va in q1, q1 con valore 1 va in q2, q4 con valore 0 va in q0.;[('simbolo-q0-q1', '#04ed00', 'stroke'), ('simbolo-q1-q2', '#04ed00', 'stroke'), ('simbolo-q4-q0', '#04ed00', 'stroke')];The automaton has 3 transitions: q0 con valore 1 va in q1, q1 con valore 1 va in q2, q4 con valore 0 va in q0.;[('simbolo-q0-q1', '#04ed00', 'stroke'), ('simbolo-q1-q2', '#04ed00', 'stroke'), ('simbolo-q4-q0', '#04ed00', 'stroke')];True;True
69;How many transitions are there ;Uhm how mmm many uhm transitions eh are there ;The automaton has 3 transitions: q0 con valore 1 va in q1, q1 con valore 1 va in q2, q4 con valore 0 va in q0.;[('simbolo-q0-q1', '#04ed00', 'stroke'), ('simbolo-q1-q2', '#04ed00', 'stroke'), ('simbolo-q4-q0', '#04ed00', 'stroke')];The automaton has 3 transitions: q0 con valore 1 va in q1, q1 con valore 1 va in q2, q4 con valore 0 va in q0.;[('simbolo-q0-q1', '#04ed00', 'stroke'), ('simbolo-q1-q2', '#04ed00', 'stroke'), ('simbolo-q4-q0', '#04ed00', 'stroke')];True;True
69;How many transitions are there ;Uhm how eh many uhm transitions mmm are uhm there ;The automaton has 3 transitions: q0 con valore 1 va in q1, q1 con valore 1 va in q2, q4 con valore 0 va in q0.;[('simbolo-q0-q1', '#04ed00', 'stroke'), ('simbolo-q1-q2', '#04ed00', 'stroke'), ('simbolo-q4-q0', '#04ed00', 'stroke')];The automaton has 3 transitions: q0 con valore 1 va in q1, q1 con valore 1 va in q2, q4 con valore 0 va in q0.;[('simbolo-q0-q1', '#04ed00', 'stroke'), ('simbolo-q1-q2', '#04ed00', 'stroke'), ('simbolo-q4-q0', '#04ed00', 'stroke')];True;True
70;Is there a particular pattern ;Is there mmm a particular pattern ;Potresti essere più specifico?;[];Potresti essere più specifico?;[];True;True
70;Is there a particular pattern ;Is mmm there a eh particular pattern ;Potresti essere più specifico?;[];Potresti essere più specifico?;[];True;True
70;Is there a particular pattern ;Uhm is mmm there a particular uhm pattern ;Potresti essere più specifico?;[];Potresti essere più specifico?;[];True;True
70;Is there a particular pattern ;Mmm is mmm there eh a mmm particular pattern ;Potresti essere più specifico?;[];Potresti essere più specifico?;[];True;True
70;Is there a particular pattern ;Eh is eh there mmm a uhm particular eh pattern ;Potresti essere più specifico?;[];Potresti essere più specifico?;[];True;True
71;How many nodes are there ;How eh many nodes are there ;This automaton has 4 states;[('simbolo-q0', '#04ed00', 'stroke'), ('simbolo-q1', '#04ed00', 'stroke'), ('simbolo-q2', '#04ed00', 'stroke'), ('simbolo-q4', '#04ed00', 'stroke')];This automaton has 4 states;[('simbolo-q0', '#04ed00', 'stroke'), ('simbolo-q1', '#04ed00', 'stroke'), ('simbolo-q2', '#04ed00', 'stroke'), ('simbolo-q4', '#04ed00', 'stroke')];True;True
71;How many nodes are there ;How many eh nodes are uhm there ;This automaton has 4 states;[('simbolo-q0', '#04ed00', 'stroke'), ('simbolo-q1', '#04ed00', 'stroke'), ('simbolo-q2', '#04ed00', 'stroke'), ('simbolo-q4', '#04ed00', 'stroke')];This automaton has 4 states;[('simbolo-q0', '#04ed00', 'stroke'), ('simbolo-q1', '#04ed00', 'stroke'), ('simbolo-q2', '#04ed00', 'stroke'), ('simbolo-q4', '#04ed00', 'stroke')];True;True
71;How many nodes are there ;How mmm many eh nodes uhm are there ;This automaton has 4 states;[('simbolo-q0', '#04ed00', 'stroke'), ('simbolo-q1', '#04ed00', 'stroke'), ('simbolo-q2', '#04ed00', 'stroke'), ('simbolo-q4', '#04ed00', 'stroke')];This automaton has 4 states;[('simbolo-q0', '#04ed00', 'stroke'), ('simbolo-q1', '#04ed00', 'stroke'), ('simbolo-q2', '#04ed00', 'stroke'), ('simbolo-q4', '#04ed00', 'stroke')];True;True
71;How many nodes are there ;Eh how uhm many eh nodes are mmm there ;This automaton has 4 states;[('simbolo-q0', '#04ed00', 'stroke'), ('simbolo-q1', '#04ed00', 'stroke'), ('simbolo-q2', '#04ed00', 'stroke'), ('simbolo-q4', '#04ed00', 'stroke')];This automaton has 4 states;[('simbolo-q0', '#04ed00', 'stroke'), ('simbolo-q1', '#04ed00', 'stroke'), ('simbolo-q2', '#04ed00', 'stroke'), ('simbolo-q4', '#04ed00', 'stroke')];True;True
71;How many nodes are there ;Mmm how mmm many mmm nodes uhm are eh there ;This automaton has 4 states;[('simbolo-q0', '#04ed00', 'stroke'), ('simbolo-q1', '#04ed00', 'stroke'), ('simbolo-q2', '#04ed00', 'stroke'), ('simbolo-q4', '#04ed00', 'stroke')];The automaton has 3 transitions: q0 con valore 1 va in q1, q1 con valore 1 va in q2, q4 con valore 0 va in q0.;[('simbolo-q0-q1', '#04ed00', 'stroke'), ('simbolo-q1-q2', '#04ed00', 'stroke'), ('simbolo-q4-q0', '#04ed00', 'stroke')];False;False
72;Which is the initial state ;Which is mmm the initial state ;The initial state is q0.;[('simbolo-q0', '#04ed00', 'stroke')];The initial state is q0.;[('simbolo-q0', '#04ed00', 'stroke')];True;True
72;Which is the initial state ;Which is mmm the initial uhm state ;The initial state is q0.;[('simbolo-q0', '#04ed00', 'stroke')];The initial state is q0.;[('simbolo-q0', '#04ed00', 'stroke')];True;True
72;Which is the initial state ;Which mmm is the uhm initial mmm state ;The initial state is q0.;[('simbolo-q0', '#04ed00', 'stroke')];The initial state is q0.;[('simbolo-q0', '#04ed00', 'stroke')];True;True
72;Which is the initial state ;Uhm which mmm is the eh initial mmm state ;The initial state is q0.;[('simbolo-q0', '#04ed00', 'stroke')];The initial state is q0.;[('simbolo-q0', '#04ed00', 'stroke')];True;True
72;Which is the initial state ;Eh which mmm is eh the eh initial mmm state ;The initial state is q0.;[('simbolo-q0', '#04ed00', 'stroke')];The initial state is q0.;[('simbolo-q0', '#04ed00', 'stroke')];True;True
73;How many states ;How uhm many states ;This automaton has 4 states;[('simbolo-q0', '#04ed00', 'stroke'), ('simbolo-q1', '#04ed00', 'stroke'), ('simbolo-q2', '#04ed00', 'stroke'), ('simbolo-q4', '#04ed00', 'stroke')];This automaton has 4 states;[('simbolo-q0', '#04ed00', 'stroke'), ('simbolo-q1', '#04ed00', 'stroke'), ('simbolo-q2', '#04ed00', 'stroke'), ('simbolo-q4', '#04ed00', 'stroke')];True;True
73;How many states ;Eh how uhm many states ;This automaton has 4 states;[('simbolo-q0', '#04ed00', 'stroke'), ('simbolo-q1', '#04ed00', 'stroke'), ('simbolo-q2', '#04ed00', 'stroke'), ('simbolo-q4', '#04ed00', 'stroke')];This automaton has 4 states;[('simbolo-q0', '#04ed00', 'stroke'), ('simbolo-q1', '#04ed00', 'stroke'), ('simbolo-q2', '#04ed00', 'stroke'), ('simbolo-q4', '#04ed00', 'stroke')];True;True
73;How many states ;Mmm how uhm many eh states ;This automaton has 4 states;[('simbolo-q0', '#04ed00', 'stroke'), ('simbolo-q1', '#04ed00', 'stroke'), ('simbolo-q2', '#04ed00', 'stroke'), ('simbolo-q4', '#04ed00', 'stroke')];This automaton has 4 states;[('simbolo-q0', '#04ed00', 'stroke'), ('simbolo-q1', '#04ed00', 'stroke'), ('simbolo-q2', '#04ed00', 'stroke'), ('simbolo-q4', '#04ed00', 'stroke')];True;True
74;Please describe the automaton ;Please describe the mmm automaton ;The automaton accepts zero or more words formed by a sequence of the type 110. In total there are 4 states: q0, q1, q2 e q4. q0 is both the initial and the final state.Le transizioni sono: q0 with value 1 goes goes q1, q1 with value 1 goes goes q2, q4 with value 0 goes to q0.;[];The automaton accepts zero or more words formed by a sequence of the type 110. In total there are 4 states: q0, q1, q2 e q4. q0 is both the initial and the final state.Le transizioni sono: q0 with value 1 goes goes q1, q1 with value 1 goes goes q2, q4 with value 0 goes to q0.;[];True;True
74;Please describe the automaton ;Please eh describe the eh automaton ;The automaton accepts zero or more words formed by a sequence of the type 110. In total there are 4 states: q0, q1, q2 e q4. q0 is both the initial and the final state.Le transizioni sono: q0 with value 1 goes goes q1, q1 with value 1 goes goes q2, q4 with value 0 goes to q0.;[];The automaton accepts zero or more words formed by a sequence of the type 110. In total there are 4 states: q0, q1, q2 e q4. q0 is both the initial and the final state.Le transizioni sono: q0 with value 1 goes goes q1, q1 with value 1 goes goes q2, q4 with value 0 goes to q0.;[];True;True
74;Please describe the automaton ;Uhm please describe mmm the mmm automaton ;The automaton accepts zero or more words formed by a sequence of the type 110. In total there are 4 states: q0, q1, q2 e q4. q0 is both the initial and the final state.Le transizioni sono: q0 with value 1 goes goes q1, q1 with value 1 goes goes q2, q4 with value 0 goes to q0.;[];The automaton accepts zero or more words formed by a sequence of the type 110. In total there are 4 states: q0, q1, q2 e q4. q0 is both the initial and the final state.Le transizioni sono: q0 with value 1 goes goes q1, q1 with value 1 goes goes q2, q4 with value 0 goes to q0.;[];True;True
74;Please describe the automaton ;Uhm please eh describe eh the mmm automaton ;The automaton accepts zero or more words formed by a sequence of the type 110. In total there are 4 states: q0, q1, q2 e q4. q0 is both the initial and the final state.Le transizioni sono: q0 with value 1 goes goes q1, q1 with value 1 goes goes q2, q4 with value 0 goes to q0.;[];The automaton accepts zero or more words formed by a sequence of the type 110. In total there are 4 states: q0, q1, q2 e q4. q0 is both the initial and the final state.Le transizioni sono: q0 with value 1 goes goes q1, q1 with value 1 goes goes q2, q4 with value 0 goes to q0.;[];True;True
75;Can you provide a representation of the automaton ;Can you provide a uhm representation of the automaton ;The automaton accepts zero or more words formed by a sequence of the type 110. In total there are 4 states: q0, q1, q2 e q4. q0 is both the initial and the final state.Le transizioni sono: q0 with value 1 goes goes q1, q1 with value 1 goes goes q2, q4 with value 0 goes to q0.;[];The automaton accepts zero or more words formed by a sequence of the type 110. In total there are 4 states: q0, q1, q2 e q4. q0 is both the initial and the final state.Le transizioni sono: q0 with value 1 goes goes q1, q1 with value 1 goes goes q2, q4 with value 0 goes to q0.;[];True;True
75;Can you provide a representation of the automaton ;Can you provide a representation of eh the eh automaton ;The automaton accepts zero or more words formed by a sequence of the type 110. In total there are 4 states: q0, q1, q2 e q4. q0 is both the initial and the final state.Le transizioni sono: q0 with value 1 goes goes q1, q1 with value 1 goes goes q2, q4 with value 0 goes to q0.;[];The automaton accepts zero or more words formed by a sequence of the type 110. In total there are 4 states: q0, q1, q2 e q4. q0 is both the initial and the final state.Le transizioni sono: q0 with value 1 goes goes q1, q1 with value 1 goes goes q2, q4 with value 0 goes to q0.;[];True;True
75;Can you provide a representation of the automaton ;Uhm can you eh provide mmm a representation of the automaton ;The automaton accepts zero or more words formed by a sequence of the type 110. In total there are 4 states: q0, q1, q2 e q4. q0 is both the initial and the final state.Le transizioni sono: q0 with value 1 goes goes q1, q1 with value 1 goes goes q2, q4 with value 0 goes to q0.;[];The automaton accepts zero or more words formed by a sequence of the type 110. In total there are 4 states: q0, q1, q2 e q4. q0 is both the initial and the final state.Le transizioni sono: q0 with value 1 goes goes q1, q1 with value 1 goes goes q2, q4 with value 0 goes to q0.;[];True;True
75;Can you provide a representation of the automaton ;Mmm can uhm you eh provide a eh representation of the automaton ;The automaton accepts zero or more words formed by a sequence of the type 110. In total there are 4 states: q0, q1, q2 e q4. q0 is both the initial and the final state.Le transizioni sono: q0 with value 1 goes goes q1, q1 with value 1 goes goes q2, q4 with value 0 goes to q0.;[];The automaton accepts zero or more words formed by a sequence of the type 110. In total there are 4 states: q0, q1, q2 e q4. q0 is both the initial and the final state.Le transizioni sono: q0 with value 1 goes goes q1, q1 with value 1 goes goes q2, q4 with value 0 goes to q0.;[];True;True
75;Can you provide a representation of the automaton ;Uhm can you provide mmm a uhm representation mmm of uhm the automaton ;The automaton accepts zero or more words formed by a sequence of the type 110. In total there are 4 states: q0, q1, q2 e q4. q0 is both the initial and the final state.Le transizioni sono: q0 with value 1 goes goes q1, q1 with value 1 goes goes q2, q4 with value 0 goes to q0.;[];The automaton accepts zero or more words formed by a sequence of the type 110. In total there are 4 states: q0, q1, q2 e q4. q0 is both the initial and the final state.Le transizioni sono: q0 with value 1 goes goes q1, q1 with value 1 goes goes q2, q4 with value 0 goes to q0.;[];True;True
75;Can you provide a representation of the automaton ;Can mmm you provide mmm a eh representation uhm of uhm the eh automaton ;The automaton accepts zero or more words formed by a sequence of the type 110. In total there are 4 states: q0, q1, q2 e q4. q0 is both the initial and the final state.Le transizioni sono: q0 with value 1 goes goes q1, q1 with value 1 goes goes q2, q4 with value 0 goes to q0.;[];The automaton accepts zero or more words formed by a sequence of the type 110. In total there are 4 states: q0, q1, q2 e q4. q0 is both the initial and the final state.Le transizioni sono: q0 with value 1 goes goes q1, q1 with value 1 goes goes q2, q4 with value 0 goes to q0.;[];True;True
75;Can you provide a representation of the automaton ;Can uhm you mmm provide mmm a uhm representation mmm of mmm the uhm automaton ;The automaton accepts zero or more words formed by a sequence of the type 110. In total there are 4 states: q0, q1, q2 e q4. q0 is both the initial and the final state.Le transizioni sono: q0 with value 1 goes goes q1, q1 with value 1 goes goes q2, q4 with value 0 goes to q0.;[];The automaton accepts zero or more words formed by a sequence of the type 110. In total there are 4 states: q0, q1, q2 e q4. q0 is both the initial and the final state.Le transizioni sono: q0 with value 1 goes goes q1, q1 with value 1 goes goes q2, q4 with value 0 goes to q0.;[];True;True
75;Can you provide a representation of the automaton ;Uhm can eh you uhm provide uhm a mmm representation mmm of eh the eh automaton ;The automaton accepts zero or more words formed by a sequence of the type 110. In total there are 4 states: q0, q1, q2 e q4. q0 is both the initial and the final state.Le transizioni sono: q0 with value 1 goes goes q1, q1 with value 1 goes goes q2, q4 with value 0 goes to q0.;[];The automaton accepts zero or more words formed by a sequence of the type 110. In total there are 4 states: q0, q1, q2 e q4. q0 is both the initial and the final state.Le transizioni sono: q0 with value 1 goes goes q1, q1 with value 1 goes goes q2, q4 with value 0 goes to q0.;[];True;True
76;Describe graphically automaton ;Describe graphically eh automaton ;The automaton accepts zero or more words formed by a sequence of the type 110. In total there are 4 states: q0, q1, q2 e q4. q0 is both the initial and the final state.Le transizioni sono: q0 with value 1 goes goes q1, q1 with value 1 goes goes q2, q4 with value 0 goes to q0.;[];The automaton accepts zero or more words formed by a sequence of the type 110. In total there are 4 states: q0, q1, q2 e q4. q0 is both the initial and the final state.Le transizioni sono: q0 with value 1 goes goes q1, q1 with value 1 goes goes q2, q4 with value 0 goes to q0.;[];True;True
76;Describe graphically automaton ;Uhm describe graphically uhm automaton ;The automaton accepts zero or more words formed by a sequence of the type 110. In total there are 4 states: q0, q1, q2 e q4. q0 is both the initial and the final state.Le transizioni sono: q0 with value 1 goes goes q1, q1 with value 1 goes goes q2, q4 with value 0 goes to q0.;[];The automaton accepts zero or more words formed by a sequence of the type 110. In total there are 4 states: q0, q1, q2 e q4. q0 is both the initial and the final state.Le transizioni sono: q0 with value 1 goes goes q1, q1 with value 1 goes goes q2, q4 with value 0 goes to q0.;[];True;True
76;Describe graphically automaton ;Mmm describe uhm graphically mmm automaton ;The automaton accepts zero or more words formed by a sequence of the type 110. In total there are 4 states: q0, q1, q2 e q4. q0 is both the initial and the final state.Le transizioni sono: q0 with value 1 goes goes q1, q1 with value 1 goes goes q2, q4 with value 0 goes to q0.;[];The automaton accepts zero or more words formed by a sequence of the type 110. In total there are 4 states: q0, q1, q2 e q4. q0 is both the initial and the final state.Le transizioni sono: q0 with value 1 goes goes q1, q1 with value 1 goes goes q2, q4 with value 0 goes to q0.;[];True;True
77;Give me some examples of inputs and output ;Give me some examples of inputs eh and output ;Potresti essere più specifico?;[];Potresti essere più specifico?;[];True;True
77;Give me some examples of inputs and output ;Uhm give me eh some examples of inputs and output ;Potresti essere più specifico?;[];Potresti essere più specifico?;[];True;True
77;Give me some examples of inputs and output ;Uhm give me mmm some examples of inputs mmm and output ;Potresti essere più specifico?;[];Potresti essere più specifico?;[];True;True
77;Give me some examples of inputs and output ;Give me some mmm examples uhm of inputs uhm and mmm output ;Potresti essere più specifico?;[];Potresti essere più specifico?;[];True;True
77;Give me some examples of inputs and output ;Give me uhm some mmm examples uhm of inputs mmm and uhm output ;Potresti essere più specifico?;[];Potresti essere più specifico?;[];True;True
77;Give me some examples of inputs and output ;Eh give uhm me mmm some uhm examples eh of eh inputs and output ;Potresti essere più specifico?;[];Potresti essere più specifico?;[];True;True
77;Give me some examples of inputs and output ;Mmm give uhm me eh some mmm examples mmm of uhm inputs and uhm output ;Potresti essere più specifico?;[];Potresti essere più specifico?;[];True;True
77;Give me some examples of inputs and output ;Mmm give mmm me uhm some eh examples mmm of mmm inputs uhm and mmm output ;Potresti essere più specifico?;[];Potresti essere più specifico?;[];True;True
78;Can you provide me some examples of inputs ;Can you provide me mmm some examples of inputs ;Potresti essere più specifico?;[];Potresti essere più specifico?;[];True;True
78;Can you provide me some examples of inputs ;Can you mmm provide me some examples eh of inputs ;Potresti essere più specifico?;[];Potresti essere più specifico?;[];True;True
78;Can you provide me some examples of inputs ;Can you provide eh me mmm some examples mmm of inputs ;Potresti essere più specifico?;[];Potresti essere più specifico?;[];True;True
78;Can you provide me some examples of inputs ;Can uhm you provide uhm me eh some examples uhm of inputs ;Potresti essere più specifico?;[];Potresti essere più specifico?;[];True;True
78;Can you provide me some examples of inputs ;Eh can you uhm provide me some mmm examples uhm of eh inputs ;Potresti essere più specifico?;[];Potresti essere più specifico?;[];True;True
78;Can you provide me some examples of inputs ;Uhm can mmm you eh provide eh me mmm some examples mmm of inputs ;Potresti essere più specifico?;[];Potresti essere più specifico?;[];True;True
78;Can you provide me some examples of inputs ;Uhm can uhm you mmm provide me mmm some eh examples eh of uhm inputs ;Potresti essere più specifico?;[];Potresti essere più specifico?;[];True;True
78;Can you provide me some examples of inputs ;Mmm can uhm you uhm provide eh me eh some uhm examples mmm of uhm inputs ;Potresti essere più specifico?;[];Potresti essere più specifico?;[];True;True
79;Which is the initial state ;Uhm which is the initial state ;The initial state is q0.;[('simbolo-q0', '#04ed00', 'stroke')];The initial state is q0.;[('simbolo-q0', '#04ed00', 'stroke')];True;True
79;Which is the initial state ;Which is mmm the initial eh state ;The initial state is q0.;[('simbolo-q0', '#04ed00', 'stroke')];The initial state is q0.;[('simbolo-q0', '#04ed00', 'stroke')];True;True
79;Which is the initial state ;Eh which uhm is the uhm initial state ;The initial state is q0.;[('simbolo-q0', '#04ed00', 'stroke')];The initial state is q0.;[('simbolo-q0', '#04ed00', 'stroke')];True;True
79;Which is the initial state ;Uhm which eh is eh the mmm initial state ;The initial state is q0.;[('simbolo-q0', '#04ed00', 'stroke')];The initial state is q0.;[('simbolo-q0', '#04ed00', 'stroke')];True;True
79;Which is the initial state ;Uhm which eh is mmm the uhm initial eh state ;The initial state is q0.;[('simbolo-q0', '#04ed00', 'stroke')];The initial state is q0.;[('simbolo-q0', '#04ed00', 'stroke')];True;True
80;Can you describe the input and the output ;Can you describe the input uhm and the output ;Potresti essere più specifico?;[];Potresti essere più specifico?;[];True;True
80;Can you describe the input and the output ;Can you describe the eh input uhm and the output ;Potresti essere più specifico?;[];Potresti essere più specifico?;[];True;True
80;Can you describe the input and the output ;Uhm can you describe the uhm input uhm and the output ;Potresti essere più specifico?;[];Potresti essere più specifico?;[];True;True
80;Can you describe the input and the output ;Can you describe the uhm input eh and mmm the mmm output ;Potresti essere più specifico?;[];Potresti essere più specifico?;[];True;True
80;Can you describe the input and the output ;Mmm can you mmm describe the mmm input eh and the uhm output ;Potresti essere più specifico?;[];Potresti essere più specifico?;[];True;True
80;Can you describe the input and the output ;Mmm can you uhm describe uhm the input mmm and eh the uhm output ;Potresti essere più specifico?;[];Potresti essere più specifico?;[];True;True
80;Can you describe the input and the output ;Can mmm you uhm describe uhm the eh input uhm and eh the eh output ;Potresti essere più specifico?;[];Potresti essere più specifico?;[];True;True
80;Can you describe the input and the output ;Mmm can mmm you uhm describe mmm the eh input mmm and uhm the uhm output ;Potresti essere più specifico?;[];Potresti essere più specifico?;[];True;True
81;Can you describe the transition function ;Can you describe the transition eh function ;The automaton has 3 transitions: q0 con valore 1 va in q1, q1 con valore 1 va in q2, q4 con valore 0 va in q0.;[('simbolo-q0-q1', '#04ed00', 'stroke'), ('simbolo-q1-q2', '#04ed00', 'stroke'), ('simbolo-q4-q0', '#04ed00', 'stroke')];there is no transition between q0 and q0.;[];False;False
81;Can you describe the transition function ;Can you eh describe mmm the transition function ;The automaton has 3 transitions: q0 con valore 1 va in q1, q1 con valore 1 va in q2, q4 con valore 0 va in q0.;[('simbolo-q0-q1', '#04ed00', 'stroke'), ('simbolo-q1-q2', '#04ed00', 'stroke'), ('simbolo-q4-q0', '#04ed00', 'stroke')];The automaton has 3 transitions: q0 con valore 1 va in q1, q1 con valore 1 va in q2, q4 con valore 0 va in q0.;[('simbolo-q0-q1', '#04ed00', 'stroke'), ('simbolo-q1-q2', '#04ed00', 'stroke'), ('simbolo-q4-q0', '#04ed00', 'stroke')];True;True
81;Can you describe the transition function ;Eh can you eh describe the transition eh function ;The automaton has 3 transitions: q0 con valore 1 va in q1, q1 con valore 1 va in q2, q4 con valore 0 va in q0.;[('simbolo-q0-q1', '#04ed00', 'stroke'), ('simbolo-q1-q2', '#04ed00', 'stroke'), ('simbolo-q4-q0', '#04ed00', 'stroke')];there is no transition between q0 and q0.;[];False;False
81;Can you describe the transition function ;Uhm can you eh describe eh the mmm transition function ;The automaton has 3 transitions: q0 con valore 1 va in q1, q1 con valore 1 va in q2, q4 con valore 0 va in q0.;[('simbolo-q0-q1', '#04ed00', 'stroke'), ('simbolo-q1-q2', '#04ed00', 'stroke'), ('simbolo-q4-q0', '#04ed00', 'stroke')];The automaton has 3 transitions: q0 con valore 1 va in q1, q1 con valore 1 va in q2, q4 con valore 0 va in q0.;[('simbolo-q0-q1', '#04ed00', 'stroke'), ('simbolo-q1-q2', '#04ed00', 'stroke'), ('simbolo-q4-q0', '#04ed00', 'stroke')];True;True
81;Can you describe the transition function ;Eh can eh you eh describe the mmm transition mmm function ;The automaton has 3 transitions: q0 con valore 1 va in q1, q1 con valore 1 va in q2, q4 con valore 0 va in q0.;[('simbolo-q0-q1', '#04ed00', 'stroke'), ('simbolo-q1-q2', '#04ed00', 'stroke'), ('simbolo-q4-q0', '#04ed00', 'stroke')];there is no transition between q0 and q0.;[];False;False
81;Can you describe the transition function ;Uhm can uhm you mmm describe eh the mmm transition mmm function ;The automaton has 3 transitions: q0 con valore 1 va in q1, q1 con valore 1 va in q2, q4 con valore 0 va in q0.;[('simbolo-q0-q1', '#04ed00', 'stroke'), ('simbolo-q1-q2', '#04ed00', 'stroke'), ('simbolo-q4-q0', '#04ed00', 'stroke')];there is no transition between q0 and q0.;[];False;False
82;What is the output ;What is uhm the output ;Potresti essere più specifico?;[];Potresti essere più specifico?;[];True;True
82;What is the output ;Eh what is uhm the output ;Potresti essere più specifico?;[];Potresti essere più specifico?;[];True;True
82;What is the output ;Uhm what eh is uhm the output ;Potresti essere più specifico?;[];Potresti essere più specifico?;[];True;True
82;What is the output ;Uhm what eh is uhm the mmm output ;Potresti essere più specifico?;[];Potresti essere più specifico?;[];True;True
83;Talk me about transitions ;Talk me mmm about transitions ;The automaton has 3 transitions: q0 con valore 1 va in q1, q1 con valore 1 va in q2, q4 con valore 0 va in q0.;[('simbolo-q0-q1', '#04ed00', 'stroke'), ('simbolo-q1-q2', '#04ed00', 'stroke'), ('simbolo-q4-q0', '#04ed00', 'stroke')];there is no transition between q0 and q0.;[];False;False
83;Talk me about transitions ;Talk me mmm about mmm transitions ;The automaton has 3 transitions: q0 con valore 1 va in q1, q1 con valore 1 va in q2, q4 con valore 0 va in q0.;[('simbolo-q0-q1', '#04ed00', 'stroke'), ('simbolo-q1-q2', '#04ed00', 'stroke'), ('simbolo-q4-q0', '#04ed00', 'stroke')];there is no transition between q0 and q0.;[];False;False
83;Talk me about transitions ;Mmm talk uhm me about uhm transitions ;The automaton has 3 transitions: q0 con valore 1 va in q1, q1 con valore 1 va in q2, q4 con valore 0 va in q0.;[('simbolo-q0-q1', '#04ed00', 'stroke'), ('simbolo-q1-q2', '#04ed00', 'stroke'), ('simbolo-q4-q0', '#04ed00', 'stroke')];there is no transition between q0 and q0.;[];False;False
83;Talk me about transitions ;Uhm talk eh me uhm about mmm transitions ;The automaton has 3 transitions: q0 con valore 1 va in q1, q1 con valore 1 va in q2, q4 con valore 0 va in q0.;[('simbolo-q0-q1', '#04ed00', 'stroke'), ('simbolo-q1-q2', '#04ed00', 'stroke'), ('simbolo-q4-q0', '#04ed00', 'stroke')];there is no transition between q0 and q0.;[];False;False
84;What is the accepted language ;What is the accepted mmm language ;Potresti essere più specifico?;[];Potresti essere più specifico?;[];True;True
84;What is the accepted language ;What eh is the eh accepted language ;Potresti essere più specifico?;[];Potresti essere più specifico?;[];True;True
84;What is the accepted language ;Uhm what is mmm the mmm accepted language ;Potresti essere più specifico?;[];Potresti essere più specifico?;[];True;True
84;What is the accepted language ;Uhm what eh is the uhm accepted mmm language ;Potresti essere più specifico?;[];Potresti essere più specifico?;[];True;True
84;What is the accepted language ;Uhm what eh is mmm the uhm accepted mmm language ;Potresti essere più specifico?;[];Potresti essere più specifico?;[];True;True
85;What is the result ;What is the mmm result ;Potresti essere più specifico?;[];The automaton has 4 states: q0, q1, q2 e q4.;[('simbolo-q0', '#04ed00', 'stroke'), ('simbolo-q1', '#04ed00', 'stroke'), ('simbolo-q2', '#04ed00', 'stroke'), ('simbolo-q4', '#04ed00', 'stroke')];False;False
85;What is the result ;Eh what mmm is the result ;Potresti essere più specifico?;[];Potresti essere più specifico?;[];True;True
85;What is the result ;Mmm what is mmm the mmm result ;Potresti essere più specifico?;[];Potresti essere più specifico?;[];True;True
85;What is the result ;Mmm what uhm is eh the uhm result ;Potresti essere più specifico?;[];Potresti essere più specifico?;[];True;True
86;Output ;Uhm output ;Potresti essere più specifico?;[];Potresti essere più specifico?;[];True;True
87;Which is the initial state ;Which is the eh initial state ;The initial state is q0.;[('simbolo-q0', '#04ed00', 'stroke')];The initial state is q0.;[('simbolo-q0', '#04ed00', 'stroke')];True;True
87;Which is the initial state ;Which uhm is the mmm initial state ;The initial state is q0.;[('simbolo-q0', '#04ed00', 'stroke')];The initial state is q0.;[('simbolo-q0', '#04ed00', 'stroke')];True;True
87;Which is the initial state ;Which uhm is mmm the mmm initial state ;The initial state is q0.;[('simbolo-q0', '#04ed00', 'stroke')];The initial state is q0.;[('simbolo-q0', '#04ed00', 'stroke')];True;True
87;Which is the initial state ;Mmm which uhm is the eh initial uhm state ;The initial state is q0.;[('simbolo-q0', '#04ed00', 'stroke')];The initial state is q0.;[('simbolo-q0', '#04ed00', 'stroke')];True;True
87;Which is the initial state ;Eh which mmm is eh the mmm initial uhm state ;The initial state is q0.;[('simbolo-q0', '#04ed00', 'stroke')];The initial state is q0.;[('simbolo-q0', '#04ed00', 'stroke')];True;True
88;what is optimization ;Uhm what is optimization ;Potresti essere più specifico?;[];Potresti essere più specifico?;[];True;True
88;what is optimization ;Mmm what is mmm optimization ;Potresti essere più specifico?;[];Potresti essere più specifico?;[];True;True
88;what is optimization ;Eh what eh is uhm optimization ;Potresti essere più specifico?;[];Potresti essere più specifico?;[];True;True
89;what is automation ;Eh what is automation ;The automaton accepts zero or more words formed by a sequence of the type 110. In total there are 4 states: q0, q1, q2 e q4. q0 is both the initial and the final state.Le transizioni sono: q0 with value 1 goes goes q1, q1 with value 1 goes goes q2, q4 with value 0 goes to q0.;[];The automaton accepts zero or more words formed by a sequence of the type 110. In total there are 4 states: q0, q1, q2 e q4. q0 is both the initial and the final state.Le transizioni sono: q0 with value 1 goes goes q1, q1 with value 1 goes goes q2, q4 with value 0 goes to q0.;[];True;True
89;what is automation ;Mmm what mmm is automation ;The automaton accepts zero or more words formed by a sequence of the type 110. In total there are 4 states: q0, q1, q2 e q4. q0 is both the initial and the final state.Le transizioni sono: q0 with value 1 goes goes q1, q1 with value 1 goes goes q2, q4 with value 0 goes to q0.;[];The automaton accepts zero or more words formed by a sequence of the type 110. In total there are 4 states: q0, q1, q2 e q4. q0 is both the initial and the final state.Le transizioni sono: q0 with value 1 goes goes q1, q1 with value 1 goes goes q2, q4 with value 0 goes to q0.;[];True;True
89;what is automation ;Uhm what uhm is mmm automation ;The automaton accepts zero or more words formed by a sequence of the type 110. In total there are 4 states: q0, q1, q2 e q4. q0 is both the initial and the final state.Le transizioni sono: q0 with value 1 goes goes q1, q1 with value 1 goes goes q2, q4 with value 0 goes to q0.;[];The automaton accepts zero or more words formed by a sequence of the type 110. In total there are 4 states: q0, q1, q2 e q4. q0 is both the initial and the final state.Le transizioni sono: q0 with value 1 goes goes q1, q1 with value 1 goes goes q2, q4 with value 0 goes to q0.;[];True;True
90;how many states ;Mmm how many states ;This automaton has 4 states;[('simbolo-q0', '#04ed00', 'stroke'), ('simbolo-q1', '#04ed00', 'stroke'), ('simbolo-q2', '#04ed00', 'stroke'), ('simbolo-q4', '#04ed00', 'stroke')];This automaton has 4 states;[('simbolo-q0', '#04ed00', 'stroke'), ('simbolo-q1', '#04ed00', 'stroke'), ('simbolo-q2', '#04ed00', 'stroke'), ('simbolo-q4', '#04ed00', 'stroke')];True;True
90;how many states ;Uhm how many eh states ;This automaton has 4 states;[('simbolo-q0', '#04ed00', 'stroke'), ('simbolo-q1', '#04ed00', 'stroke'), ('simbolo-q2', '#04ed00', 'stroke'), ('simbolo-q4', '#04ed00', 'stroke')];This automaton has 4 states;[('simbolo-q0', '#04ed00', 'stroke'), ('simbolo-q1', '#04ed00', 'stroke'), ('simbolo-q2', '#04ed00', 'stroke'), ('simbolo-q4', '#04ed00', 'stroke')];True;True
90;how many states ;Eh how eh many mmm states ;This automaton has 4 states;[('simbolo-q0', '#04ed00', 'stroke'), ('simbolo-q1', '#04ed00', 'stroke'), ('simbolo-q2', '#04ed00', 'stroke'), ('simbolo-q4', '#04ed00', 'stroke')];This automaton has 4 states;[('simbolo-q0', '#04ed00', 'stroke'), ('simbolo-q1', '#04ed00', 'stroke'), ('simbolo-q2', '#04ed00', 'stroke'), ('simbolo-q4', '#04ed00', 'stroke')];True;True
91;what are the input symbols ;Eh what are the input symbols ;Potresti essere più specifico?;[];Potresti essere più specifico?;[];True;True
91;what are the input symbols ;What uhm are the uhm input symbols ;Potresti essere più specifico?;[];Potresti essere più specifico?;[];True;True
91;what are the input symbols ;Mmm what are eh the input mmm symbols ;Potresti essere più specifico?;[];Potresti essere più specifico?;[];True;True
91;what are the input symbols ;Eh what eh are mmm the input eh symbols ;Potresti essere più specifico?;[];Potresti essere più specifico?;[];True;True
91;what are the input symbols ;Uhm what uhm are uhm the eh input eh symbols ;Potresti essere più specifico?;[];Potresti essere più specifico?;[];True;True
92;can you describe the automaton ;Can you describe uhm the automaton ;The automaton accepts zero or more words formed by a sequence of the type 110. In total there are 4 states: q0, q1, q2 e q4. q0 is both the initial and the final state.Le transizioni sono: q0 with value 1 goes goes q1, q1 with value 1 goes goes q2, q4 with value 0 goes to q0.;[];The automaton accepts zero or more words formed by a sequence of the type 110. In total there are 4 states: q0, q1, q2 e q4. q0 is both the initial and the final state.Le transizioni sono: q0 with value 1 goes goes q1, q1 with value 1 goes goes q2, q4 with value 0 goes to q0.;[];True;True
92;can you describe the automaton ;Can you eh describe eh the automaton ;The automaton accepts zero or more words formed by a sequence of the type 110. In total there are 4 states: q0, q1, q2 e q4. q0 is both the initial and the final state.Le transizioni sono: q0 with value 1 goes goes q1, q1 with value 1 goes goes q2, q4 with value 0 goes to q0.;[];The automaton accepts zero or more words formed by a sequence of the type 110. In total there are 4 states: q0, q1, q2 e q4. q0 is both the initial and the final state.Le transizioni sono: q0 with value 1 goes goes q1, q1 with value 1 goes goes q2, q4 with value 0 goes to q0.;[];True;True
92;can you describe the automaton ;Eh can you describe mmm the eh automaton ;The automaton accepts zero or more words formed by a sequence of the type 110. In total there are 4 states: q0, q1, q2 e q4. q0 is both the initial and the final state.Le transizioni sono: q0 with value 1 goes goes q1, q1 with value 1 goes goes q2, q4 with value 0 goes to q0.;[];The automaton accepts zero or more words formed by a sequence of the type 110. In total there are 4 states: q0, q1, q2 e q4. q0 is both the initial and the final state.Le transizioni sono: q0 with value 1 goes goes q1, q1 with value 1 goes goes q2, q4 with value 0 goes to q0.;[];True;True
92;can you describe the automaton ;Uhm can eh you describe eh the mmm automaton ;The automaton accepts zero or more words formed by a sequence of the type 110. In total there are 4 states: q0, q1, q2 e q4. q0 is both the initial and the final state.Le transizioni sono: q0 with value 1 goes goes q1, q1 with value 1 goes goes q2, q4 with value 0 goes to q0.;[];The automaton accepts zero or more words formed by a sequence of the type 110. In total there are 4 states: q0, q1, q2 e q4. q0 is both the initial and the final state.Le transizioni sono: q0 with value 1 goes goes q1, q1 with value 1 goes goes q2, q4 with value 0 goes to q0.;[];True;True
92;can you describe the automaton ;Mmm can eh you eh describe uhm the mmm automaton ;The automaton accepts zero or more words formed by a sequence of the type 110. In total there are 4 states: q0, q1, q2 e q4. q0 is both the initial and the final state.Le transizioni sono: q0 with value 1 goes goes q1, q1 with value 1 goes goes q2, q4 with value 0 goes to q0.;[];The automaton accepts zero or more words formed by a sequence of the type 110. In total there are 4 states: q0, q1, q2 e q4. q0 is both the initial and the final state.Le transizioni sono: q0 with value 1 goes goes q1, q1 with value 1 goes goes q2, q4 with value 0 goes to q0.;[];True;True
93;How is the automaton represented ;How is uhm the automaton represented ;The automaton accepts zero or more words formed by a sequence of the type 110. In total there are 4 states: q0, q1, q2 e q4. q0 is both the initial and the final state.Le transizioni sono: q0 with value 1 goes goes q1, q1 with value 1 goes goes q2, q4 with value 0 goes to q0.;[];The automaton accepts zero or more words formed by a sequence of the type 110. In total there are 4 states: q0, q1, q2 e q4. q0 is both the initial and the final state.Le transizioni sono: q0 with value 1 goes goes q1, q1 with value 1 goes goes q2, q4 with value 0 goes to q0.;[];True;True
93;How is the automaton represented ;How mmm is eh the automaton represented ;The automaton accepts zero or more words formed by a sequence of the type 110. In total there are 4 states: q0, q1, q2 e q4. q0 is both the initial and the final state.Le transizioni sono: q0 with value 1 goes goes q1, q1 with value 1 goes goes q2, q4 with value 0 goes to q0.;[];The automaton accepts zero or more words formed by a sequence of the type 110. In total there are 4 states: q0, q1, q2 e q4. q0 is both the initial and the final state.Le transizioni sono: q0 with value 1 goes goes q1, q1 with value 1 goes goes q2, q4 with value 0 goes to q0.;[];True;True
93;How is the automaton represented ;Eh how is uhm the eh automaton represented ;The automaton accepts zero or more words formed by a sequence of the type 110. In total there are 4 states: q0, q1, q2 e q4. q0 is both the initial and the final state.Le transizioni sono: q0 with value 1 goes goes q1, q1 with value 1 goes goes q2, q4 with value 0 goes to q0.;[];The automaton accepts zero or more words formed by a sequence of the type 110. In total there are 4 states: q0, q1, q2 e q4. q0 is both the initial and the final state.Le transizioni sono: q0 with value 1 goes goes q1, q1 with value 1 goes goes q2, q4 with value 0 goes to q0.;[];True;True
93;How is the automaton represented ;Eh how is uhm the uhm automaton eh represented ;The automaton accepts zero or more words formed by a sequence of the type 110. In total there are 4 states: q0, q1, q2 e q4. q0 is both the initial and the final state.Le transizioni sono: q0 with value 1 goes goes q1, q1 with value 1 goes goes q2, q4 with value 0 goes to q0.;[];The automaton accepts zero or more words formed by a sequence of the type 110. In total there are 4 states: q0, q1, q2 e q4. q0 is both the initial and the final state.Le transizioni sono: q0 with value 1 goes goes q1, q1 with value 1 goes goes q2, q4 with value 0 goes to q0.;[];True;True
93;How is the automaton represented ;Uhm how eh is mmm the mmm automaton eh represented ;The automaton accepts zero or more words formed by a sequence of the type 110. In total there are 4 states: q0, q1, q2 e q4. q0 is both the initial and the final state.Le transizioni sono: q0 with value 1 goes goes q1, q1 with value 1 goes goes q2, q4 with value 0 goes to q0.;[];The automaton accepts zero or more words formed by a sequence of the type 110. In total there are 4 states: q0, q1, q2 e q4. q0 is both the initial and the final state.Le transizioni sono: q0 with value 1 goes goes q1, q1 with value 1 goes goes q2, q4 with value 0 goes to q0.;[];True;True
94;How are transitions defined ;How are transitions mmm defined ;The automaton has 3 transitions: q0 con valore 1 va in q1, q1 con valore 1 va in q2, q4 con valore 0 va in q0.;[('simbolo-q0-q1', '#04ed00', 'stroke'), ('simbolo-q1-q2', '#04ed00', 'stroke'), ('simbolo-q4-q0', '#04ed00', 'stroke')];there is no transition between q0 and q0.;[];False;False
94;How are transitions defined ;Uhm how eh are transitions defined ;The automaton has 3 transitions: q0 con valore 1 va in q1, q1 con valore 1 va in q2, q4 con valore 0 va in q0.;[('simbolo-q0-q1', '#04ed00', 'stroke'), ('simbolo-q1-q2', '#04ed00', 'stroke'), ('simbolo-q4-q0', '#04ed00', 'stroke')];there is no transition between q0 and q0.;[];False;False
94;How are transitions defined ;Eh how are uhm transitions mmm defined ;The automaton has 3 transitions: q0 con valore 1 va in q1, q1 con valore 1 va in q2, q4 con valore 0 va in q0.;[('simbolo-q0-q1', '#04ed00', 'stroke'), ('simbolo-q1-q2', '#04ed00', 'stroke'), ('simbolo-q4-q0', '#04ed00', 'stroke')];there is no transition between q0 and q0.;[];False;False
94;How are transitions defined ;Eh how uhm are uhm transitions eh defined ;The automaton has 3 transitions: q0 con valore 1 va in q1, q1 con valore 1 va in q2, q4 con valore 0 va in q0.;[('simbolo-q0-q1', '#04ed00', 'stroke'), ('simbolo-q1-q2', '#04ed00', 'stroke'), ('simbolo-q4-q0', '#04ed00', 'stroke')];there is no transition between q0 and q0.;[];False;False
95;can you deescribe the transitions ;Can eh you deescribe the transitions ;The automaton has 3 transitions: q0 con valore 1 va in q1, q1 con valore 1 va in q2, q4 con valore 0 va in q0.;[('simbolo-q0-q1', '#04ed00', 'stroke'), ('simbolo-q1-q2', '#04ed00', 'stroke'), ('simbolo-q4-q0', '#04ed00', 'stroke')];The automaton has 3 transitions: q0 con valore 1 va in q1, q1 con valore 1 va in q2, q4 con valore 0 va in q0.;[('simbolo-q0-q1', '#04ed00', 'stroke'), ('simbolo-q1-q2', '#04ed00', 'stroke'), ('simbolo-q4-q0', '#04ed00', 'stroke')];True;True
95;can you deescribe the transitions ;Mmm can mmm you deescribe the transitions ;The automaton has 3 transitions: q0 con valore 1 va in q1, q1 con valore 1 va in q2, q4 con valore 0 va in q0.;[('simbolo-q0-q1', '#04ed00', 'stroke'), ('simbolo-q1-q2', '#04ed00', 'stroke'), ('simbolo-q4-q0', '#04ed00', 'stroke')];there is no transition between q0 and q0.;[];False;False
95;can you deescribe the transitions ;Can eh you mmm deescribe eh the transitions ;The automaton has 3 transitions: q0 con valore 1 va in q1, q1 con valore 1 va in q2, q4 con valore 0 va in q0.;[('simbolo-q0-q1', '#04ed00', 'stroke'), ('simbolo-q1-q2', '#04ed00', 'stroke'), ('simbolo-q4-q0', '#04ed00', 'stroke')];The automaton has 3 transitions: q0 con valore 1 va in q1, q1 con valore 1 va in q2, q4 con valore 0 va in q0.;[('simbolo-q0-q1', '#04ed00', 'stroke'), ('simbolo-q1-q2', '#04ed00', 'stroke'), ('simbolo-q4-q0', '#04ed00', 'stroke')];True;True
95;can you deescribe the transitions ;Mmm can mmm you deescribe uhm the mmm transitions ;The automaton has 3 transitions: q0 con valore 1 va in q1, q1 con valore 1 va in q2, q4 con valore 0 va in q0.;[('simbolo-q0-q1', '#04ed00', 'stroke'), ('simbolo-q1-q2', '#04ed00', 'stroke'), ('simbolo-q4-q0', '#04ed00', 'stroke')];there is no transition between q0 and q0.;[];False;False
95;can you deescribe the transitions ;Mmm can eh you uhm deescribe mmm the mmm transitions ;The automaton has 3 transitions: q0 con valore 1 va in q1, q1 con valore 1 va in q2, q4 con valore 0 va in q0.;[('simbolo-q0-q1', '#04ed00', 'stroke'), ('simbolo-q1-q2', '#04ed00', 'stroke'), ('simbolo-q4-q0', '#04ed00', 'stroke')];there is no transition between q0 and q0.;[];False;False
96;can you describe the transitions ;Uhm can you describe the transitions ;The automaton has 3 transitions: q0 con valore 1 va in q1, q1 con valore 1 va in q2, q4 con valore 0 va in q0.;[('simbolo-q0-q1', '#04ed00', 'stroke'), ('simbolo-q1-q2', '#04ed00', 'stroke'), ('simbolo-q4-q0', '#04ed00', 'stroke')];there is no transition between q0 and q0.;[];False;False
96;can you describe the transitions ;Can you mmm describe the eh transitions ;The automaton has 3 transitions: q0 con valore 1 va in q1, q1 con valore 1 va in q2, q4 con valore 0 va in q0.;[('simbolo-q0-q1', '#04ed00', 'stroke'), ('simbolo-q1-q2', '#04ed00', 'stroke'), ('simbolo-q4-q0', '#04ed00', 'stroke')];there is no transition between q0 and q0.;[];False;False
96;can you describe the transitions ;Uhm can you describe uhm the mmm transitions ;The automaton has 3 transitions: q0 con valore 1 va in q1, q1 con valore 1 va in q2, q4 con valore 0 va in q0.;[('simbolo-q0-q1', '#04ed00', 'stroke'), ('simbolo-q1-q2', '#04ed00', 'stroke'), ('simbolo-q4-q0', '#04ed00', 'stroke')];there is no transition between q0 and q0.;[];False;False
96;can you describe the transitions ;Eh can eh you mmm describe the uhm transitions ;The automaton has 3 transitions: q0 con valore 1 va in q1, q1 con valore 1 va in q2, q4 con valore 0 va in q0.;[('simbolo-q0-q1', '#04ed00', 'stroke'), ('simbolo-q1-q2', '#04ed00', 'stroke'), ('simbolo-q4-q0', '#04ed00', 'stroke')];there is no transition between q0 and q0.;[];False;False
96;can you describe the transitions ;Eh can mmm you uhm describe mmm the eh transitions ;The automaton has 3 transitions: q0 con valore 1 va in q1, q1 con valore 1 va in q2, q4 con valore 0 va in q0.;[('simbolo-q0-q1', '#04ed00', 'stroke'), ('simbolo-q1-q2', '#04ed00', 'stroke'), ('simbolo-q4-q0', '#04ed00', 'stroke')];there is no transition between q0 and q0.;[];False;False
97;if the input is 11100 which is the result ;If the input is 11100 uhm which is the result ;Potresti essere più specifico?;[];Potresti essere più specifico?;[];True;True
97;if the input is 11100 which is the result ;If the input is 11100 uhm which is the mmm result ;Potresti essere più specifico?;[];Potresti essere più specifico?;[];True;True
97;if the input is 11100 which is the result ;If mmm the input is 11100 which mmm is the uhm result ;Potresti essere più specifico?;[];Potresti essere più specifico?;[];True;True
97;if the input is 11100 which is the result ;If eh the input eh is 11100 uhm which is mmm the result ;Potresti essere più specifico?;[];Potresti essere più specifico?;[];True;True
97;if the input is 11100 which is the result ;If uhm the input mmm is mmm 11100 which eh is the uhm result ;Potresti essere più specifico?;[];Potresti essere più specifico?;[];True;True
97;if the input is 11100 which is the result ;If mmm the input mmm is 11100 eh which mmm is mmm the uhm result ;Potresti essere più specifico?;[];Potresti essere più specifico?;[];True;True
97;if the input is 11100 which is the result ;Uhm if mmm the input uhm is mmm 11100 mmm which uhm is mmm the result ;Potresti essere più specifico?;[];Potresti essere più specifico?;[];True;True
97;if the input is 11100 which is the result ;Uhm if uhm the eh input eh is eh 11100 mmm which mmm is the mmm result ;Potresti essere più specifico?;[];Potresti essere più specifico?;[];True;True
97;if the input is 11100 which is the result ;Eh if mmm the uhm input eh is mmm 11100 uhm which mmm is eh the uhm result ;Potresti essere più specifico?;[];Potresti essere più specifico?;[];True;True
98;if the input is 110 which is the result ;If the input eh is 110 which is the result ;Potresti essere più specifico?;[];Potresti essere più specifico?;[];True;True
98;if the input is 110 which is the result ;If the input is eh 110 which is eh the result ;Potresti essere più specifico?;[];Potresti essere più specifico?;[];True;True
98;if the input is 110 which is the result ;If the input eh is 110 eh which is the uhm result ;Potresti essere più specifico?;[];Potresti essere più specifico?;[];True;True
98;if the input is 110 which is the result ;Mmm if mmm the mmm input is uhm 110 which is the result ;Potresti essere più specifico?;[];The automaton has 4 states: q0, q1, q2 e q4.;[('simbolo-q0', '#04ed00', 'stroke'), ('simbolo-q1', '#04ed00', 'stroke'), ('simbolo-q2', '#04ed00', 'stroke'), ('simbolo-q4', '#04ed00', 'stroke')];False;False
98;if the input is 110 which is the result ;Mmm if the uhm input uhm is uhm 110 eh which is the result ;Potresti essere più specifico?;[];Potresti essere più specifico?;[];True;True
98;if the input is 110 which is the result ;Eh if the mmm input uhm is 110 which mmm is uhm the uhm result ;Potresti essere più specifico?;[];Potresti essere più specifico?;[];True;True
98;if the input is 110 which is the result ;Uhm if eh the eh input is uhm 110 mmm which eh is the eh result ;Potresti essere più specifico?;[];Potresti essere più specifico?;[];True;True
98;if the input is 110 which is the result ;Mmm if uhm the uhm input uhm is 110 mmm which uhm is uhm the mmm result ;Potresti essere più specifico?;[];Potresti essere più specifico?;[];True;True
98;if the input is 110 which is the result ;Mmm if uhm the eh input uhm is eh 110 mmm which uhm is uhm the mmm result ;Potresti essere più specifico?;[];Potresti essere più specifico?;[];True;True
99;Can you describe the automaton ;Can uhm you describe the automaton ;The automaton accepts zero or more words formed by a sequence of the type 110. In total there are 4 states: q0, q1, q2 e q4. q0 is both the initial and the final state.Le transizioni sono: q0 with value 1 goes goes q1, q1 with value 1 goes goes q2, q4 with value 0 goes to q0.;[];The automaton accepts zero or more words formed by a sequence of the type 110. In total there are 4 states: q0, q1, q2 e q4. q0 is both the initial and the final state.Le transizioni sono: q0 with value 1 goes goes q1, q1 with value 1 goes goes q2, q4 with value 0 goes to q0.;[];True;True
99;Can you describe the automaton ;Mmm can uhm you describe the automaton ;The automaton accepts zero or more words formed by a sequence of the type 110. In total there are 4 states: q0, q1, q2 e q4. q0 is both the initial and the final state.Le transizioni sono: q0 with value 1 goes goes q1, q1 with value 1 goes goes q2, q4 with value 0 goes to q0.;[];The automaton accepts zero or more words formed by a sequence of the type 110. In total there are 4 states: q0, q1, q2 e q4. q0 is both the initial and the final state.Le transizioni sono: q0 with value 1 goes goes q1, q1 with value 1 goes goes q2, q4 with value 0 goes to q0.;[];True;True
99;Can you describe the automaton ;Uhm can you eh describe eh the automaton ;The automaton accepts zero or more words formed by a sequence of the type 110. In total there are 4 states: q0, q1, q2 e q4. q0 is both the initial and the final state.Le transizioni sono: q0 with value 1 goes goes q1, q1 with value 1 goes goes q2, q4 with value 0 goes to q0.;[];The automaton accepts zero or more words formed by a sequence of the type 110. In total there are 4 states: q0, q1, q2 e q4. q0 is both the initial and the final state.Le transizioni sono: q0 with value 1 goes goes q1, q1 with value 1 goes goes q2, q4 with value 0 goes to q0.;[];True;True
99;Can you describe the automaton ;Uhm can uhm you describe eh the mmm automaton ;The automaton accepts zero or more words formed by a sequence of the type 110. In total there are 4 states: q0, q1, q2 e q4. q0 is both the initial and the final state.Le transizioni sono: q0 with value 1 goes goes q1, q1 with value 1 goes goes q2, q4 with value 0 goes to q0.;[];The automaton accepts zero or more words formed by a sequence of the type 110. In total there are 4 states: q0, q1, q2 e q4. q0 is both the initial and the final state.Le transizioni sono: q0 with value 1 goes goes q1, q1 with value 1 goes goes q2, q4 with value 0 goes to q0.;[];True;True
99;Can you describe the automaton ;Mmm can mmm you eh describe eh the mmm automaton ;The automaton accepts zero or more words formed by a sequence of the type 110. In total there are 4 states: q0, q1, q2 e q4. q0 is both the initial and the final state.Le transizioni sono: q0 with value 1 goes goes q1, q1 with value 1 goes goes q2, q4 with value 0 goes to q0.;[];The automaton accepts zero or more words formed by a sequence of the type 110. In total there are 4 states: q0, q1, q2 e q4. q0 is both the initial and the final state.Le transizioni sono: q0 with value 1 goes goes q1, q1 with value 1 goes goes q2, q4 with value 0 goes to q0.;[];True;True
100;What are the accepted inputs ;Eh what are the accepted inputs ;Potresti essere più specifico?;[];Potresti essere più specifico?;[];True;True
100;What are the accepted inputs ;Uhm what eh are the accepted inputs ;Potresti essere più specifico?;[];Potresti essere più specifico?;[];True;True
100;What are the accepted inputs ;What mmm are eh the accepted mmm inputs ;Potresti essere più specifico?;[];Potresti essere più specifico?;[];True;True
100;What are the accepted inputs ;What uhm are uhm the mmm accepted mmm inputs ;Potresti essere più specifico?;[];Potresti essere più specifico?;[];True;True
100;What are the accepted inputs ;Mmm what uhm are uhm the uhm accepted mmm inputs ;Potresti essere più specifico?;[];Potresti essere più specifico?;[];True;True
101;What is the accepted language ;What uhm is the accepted language ;Potresti essere più specifico?;[];Potresti essere più specifico?;[];True;True
101;What is the accepted language ;Uhm what is the mmm accepted language ;Potresti essere più specifico?;[];Potresti essere più specifico?;[];True;True
101;What is the accepted language ;Uhm what is the eh accepted uhm language ;Potresti essere più specifico?;[];Potresti essere più specifico?;[];True;True
101;What is the accepted language ;What eh is uhm the eh accepted uhm language ;Potresti essere più specifico?;[];Potresti essere più specifico?;[];True;True
101;What is the accepted language ;Uhm what uhm is uhm the uhm accepted uhm language ;Potresti essere più specifico?;[];Potresti essere più specifico?;[];True;True
102;Is 11100 part of the accepted language ;Is 11100 part of the accepted mmm language ;Potresti essere più specifico?;[];Potresti essere più specifico?;[];True;True
102;Is 11100 part of the accepted language ;Is 11100 part eh of the accepted mmm language ;Potresti essere più specifico?;[];Potresti essere più specifico?;[];True;True
102;Is 11100 part of the accepted language ;Is eh 11100 uhm part of eh the accepted language ;Potresti essere più specifico?;[];Potresti essere più specifico?;[];True;True
102;Is 11100 part of the accepted language ;Uhm is 11100 mmm part eh of the mmm accepted language ;Potresti essere più specifico?;[];Potresti essere più specifico?;[];True;True
102;Is 11100 part of the accepted language ;Eh is eh 11100 eh part of uhm the eh accepted language ;Potresti essere più specifico?;[];Potresti essere più specifico?;[];True;True
102;Is 11100 part of the accepted language ;Mmm is mmm 11100 mmm part uhm of the uhm accepted mmm language ;Potresti essere più specifico?;[];Potresti essere più specifico?;[];True;True
102;Is 11100 part of the accepted language ;Uhm is uhm 11100 eh part eh of mmm the eh accepted mmm language ;Potresti essere più specifico?;[];Potresti essere più specifico?;[];True;True
103;How many transitions are there in the automaton ;How many transitions uhm are there in the automaton ;The automaton has 3 transitions: q0 con valore 1 va in q1, q1 con valore 1 va in q2, q4 con valore 0 va in q0.;[('simbolo-q0-q1', '#04ed00', 'stroke'), ('simbolo-q1-q2', '#04ed00', 'stroke'), ('simbolo-q4-q0', '#04ed00', 'stroke')];The automaton has 3 transitions: q0 con valore 1 va in q1, q1 con valore 1 va in q2, q4 con valore 0 va in q0.;[('simbolo-q0-q1', '#04ed00', 'stroke'), ('simbolo-q1-q2', '#04ed00', 'stroke'), ('simbolo-q4-q0', '#04ed00', 'stroke')];True;True
103;How many transitions are there in the automaton ;Mmm how many transitions are there in the uhm automaton ;The automaton has 3 transitions: q0 con valore 1 va in q1, q1 con valore 1 va in q2, q4 con valore 0 va in q0.;[('simbolo-q0-q1', '#04ed00', 'stroke'), ('simbolo-q1-q2', '#04ed00', 'stroke'), ('simbolo-q4-q0', '#04ed00', 'stroke')];The automaton has 3 transitions: q0 con valore 1 va in q1, q1 con valore 1 va in q2, q4 con valore 0 va in q0.;[('simbolo-q0-q1', '#04ed00', 'stroke'), ('simbolo-q1-q2', '#04ed00', 'stroke'), ('simbolo-q4-q0', '#04ed00', 'stroke')];True;True
103;How many transitions are there in the automaton ;How mmm many transitions uhm are there in the uhm automaton ;The automaton has 3 transitions: q0 con valore 1 va in q1, q1 con valore 1 va in q2, q4 con valore 0 va in q0.;[('simbolo-q0-q1', '#04ed00', 'stroke'), ('simbolo-q1-q2', '#04ed00', 'stroke'), ('simbolo-q4-q0', '#04ed00', 'stroke')];The automaton has 3 transitions: q0 con valore 1 va in q1, q1 con valore 1 va in q2, q4 con valore 0 va in q0.;[('simbolo-q0-q1', '#04ed00', 'stroke'), ('simbolo-q1-q2', '#04ed00', 'stroke'), ('simbolo-q4-q0', '#04ed00', 'stroke')];True;True
103;How many transitions are there in the automaton ;Mmm how uhm many transitions eh are eh there in the automaton ;The automaton has 3 transitions: q0 con valore 1 va in q1, q1 con valore 1 va in q2, q4 con valore 0 va in q0.;[('simbolo-q0-q1', '#04ed00', 'stroke'), ('simbolo-q1-q2', '#04ed00', 'stroke'), ('simbolo-q4-q0', '#04ed00', 'stroke')];The automaton has 3 transitions: q0 con valore 1 va in q1, q1 con valore 1 va in q2, q4 con valore 0 va in q0.;[('simbolo-q0-q1', '#04ed00', 'stroke'), ('simbolo-q1-q2', '#04ed00', 'stroke'), ('simbolo-q4-q0', '#04ed00', 'stroke')];True;True
103;How many transitions are there in the automaton ;How mmm many transitions eh are uhm there uhm in eh the automaton ;The automaton has 3 transitions: q0 con valore 1 va in q1, q1 con valore 1 va in q2, q4 con valore 0 va in q0.;[('simbolo-q0-q1', '#04ed00', 'stroke'), ('simbolo-q1-q2', '#04ed00', 'stroke'), ('simbolo-q4-q0', '#04ed00', 'stroke')];The automaton has 3 transitions: q0 con valore 1 va in q1, q1 con valore 1 va in q2, q4 con valore 0 va in q0.;[('simbolo-q0-q1', '#04ed00', 'stroke'), ('simbolo-q1-q2', '#04ed00', 'stroke'), ('simbolo-q4-q0', '#04ed00', 'stroke')];True;True
103;How many transitions are there in the automaton ;Eh how many eh transitions are uhm there uhm in eh the eh automaton ;The automaton has 3 transitions: q0 con valore 1 va in q1, q1 con valore 1 va in q2, q4 con valore 0 va in q0.;[('simbolo-q0-q1', '#04ed00', 'stroke'), ('simbolo-q1-q2', '#04ed00', 'stroke'), ('simbolo-q4-q0', '#04ed00', 'stroke')];there is no transition between q0 and q0.;[];False;False
103;How many transitions are there in the automaton ;Mmm how mmm many mmm transitions eh are mmm there eh in uhm the automaton ;The automaton has 3 transitions: q0 con valore 1 va in q1, q1 con valore 1 va in q2, q4 con valore 0 va in q0.;[('simbolo-q0-q1', '#04ed00', 'stroke'), ('simbolo-q1-q2', '#04ed00', 'stroke'), ('simbolo-q4-q0', '#04ed00', 'stroke')];The automaton has 3 transitions: q0 con valore 1 va in q1, q1 con valore 1 va in q2, q4 con valore 0 va in q0.;[('simbolo-q0-q1', '#04ed00', 'stroke'), ('simbolo-q1-q2', '#04ed00', 'stroke'), ('simbolo-q4-q0', '#04ed00', 'stroke')];True;True
103;How many transitions are there in the automaton ;Uhm how mmm many uhm transitions uhm are mmm there mmm in mmm the uhm automaton ;The automaton has 3 transitions: q0 con valore 1 va in q1, q1 con valore 1 va in q2, q4 con valore 0 va in q0.;[('simbolo-q0-q1', '#04ed00', 'stroke'), ('simbolo-q1-q2', '#04ed00', 'stroke'), ('simbolo-q4-q0', '#04ed00', 'stroke')];The automaton has 3 transitions: q0 con valore 1 va in q1, q1 con valore 1 va in q2, q4 con valore 0 va in q0.;[('simbolo-q0-q1', '#04ed00', 'stroke'), ('simbolo-q1-q2', '#04ed00', 'stroke'), ('simbolo-q4-q0', '#04ed00', 'stroke')];True;True
104;Is there a particular pattern among the arcs ;Is there a particular pattern among mmm the arcs ;Potresti essere più specifico?;[];Potresti essere più specifico?;[];True;True
104;Is there a particular pattern among the arcs ;Is there a particular pattern eh among uhm the arcs ;Potresti essere più specifico?;[];Potresti essere più specifico?;[];True;True
104;Is there a particular pattern among the arcs ;Is mmm there a uhm particular pattern among the uhm arcs ;Potresti essere più specifico?;[];Potresti essere più specifico?;[];True;True
104;Is there a particular pattern among the arcs ;Uhm is mmm there a particular pattern eh among mmm the arcs ;Potresti essere più specifico?;[];Potresti essere più specifico?;[];True;True
104;Is there a particular pattern among the arcs ;Mmm is there a uhm particular mmm pattern mmm among the eh arcs ;Potresti essere più specifico?;[];Potresti essere più specifico?;[];True;True
104;Is there a particular pattern among the arcs ;Uhm is eh there a uhm particular eh pattern among eh the eh arcs ;Potresti essere più specifico?;[];Potresti essere più specifico?;[];True;True
104;Is there a particular pattern among the arcs ;Eh is there uhm a mmm particular uhm pattern mmm among eh the mmm arcs ;Potresti essere più specifico?;[];Potresti essere più specifico?;[];True;True
104;Is there a particular pattern among the arcs ;Mmm is mmm there uhm a uhm particular mmm pattern mmm among uhm the uhm arcs ;Potresti essere più specifico?;[];Potresti essere più specifico?;[];True;True
105;Is there a transition from q0 to q5 ;Is there mmm a transition from q0 to q5 ;the transition is not defined.;[];the transition is not defined.;[];True;True
105;Is there a transition from q0 to q5 ;Is mmm there a transition mmm from q0 to q5 ;the transition is not defined.;[];the transition is not defined.;[];True;True
105;Is there a transition from q0 to q5 ;Is there a mmm transition from mmm q0 to mmm q5 ;the transition is not defined.;[];the transition is not defined.;[];True;True
105;Is there a transition from q0 to q5 ;Mmm is there eh a transition from uhm q0 eh to q5 ;the transition is not defined.;[];the transition is not defined.;[];True;True
105;Is there a transition from q0 to q5 ;Eh is mmm there a mmm transition from mmm q0 eh to q5 ;the transition is not defined.;[];the transition is not defined.;[];True;True
105;Is there a transition from q0 to q5 ;Eh is uhm there eh a mmm transition eh from q0 to uhm q5 ;the transition is not defined.;[];the transition is not defined.;[];True;True
105;Is there a transition from q0 to q5 ;Mmm is eh there uhm a mmm transition uhm from eh q0 uhm to q5 ;the transition is not defined.;[];the transition is not defined.;[];True;True
105;Is there a transition from q0 to q5 ;Uhm is eh there eh a eh transition eh from mmm q0 eh to uhm q5 ;the transition is not defined.;[];the transition is not defined.;[];True;True
106;what are all the transictions ;What are all eh the transictions ;there is no transition between q0 and q0.;[];there is no transition between q0 and q0.;[];True;True
106;what are all the transictions ;What are mmm all the uhm transictions ;there is no transition between q0 and q0.;[];there is no transition between q0 and q0.;[];True;True
106;what are all the transictions ;What uhm are uhm all the mmm transictions ;there is no transition between q0 and q0.;[];there is no transition between q0 and q0.;[];True;True
106;what are all the transictions ;Eh what are eh all mmm the uhm transictions ;there is no transition between q0 and q0.;[];there is no transition between q0 and q0.;[];True;True
106;what are all the transictions ;Eh what uhm are eh all mmm the eh transictions ;there is no transition between q0 and q0.;[];there is no transition between q0 and q0.;[];True;True
107;Please describe the transitions ;Please describe eh the transitions ;there is no transition between q0 and q0.;[];The automaton has 3 transitions: q0 con valore 1 va in q1, q1 con valore 1 va in q2, q4 con valore 0 va in q0.;[('simbolo-q0-q1', '#04ed00', 'stroke'), ('simbolo-q1-q2', '#04ed00', 'stroke'), ('simbolo-q4-q0', '#04ed00', 'stroke')];False;False
107;Please describe the transitions ;Please describe eh the uhm transitions ;there is no transition between q0 and q0.;[];there is no transition between q0 and q0.;[];True;True
107;Please describe the transitions ;Please eh describe eh the uhm transitions ;there is no transition between q0 and q0.;[];The automaton has 3 transitions: q0 con valore 1 va in q1, q1 con valore 1 va in q2, q4 con valore 0 va in q0.;[('simbolo-q0-q1', '#04ed00', 'stroke'), ('simbolo-q1-q2', '#04ed00', 'stroke'), ('simbolo-q4-q0', '#04ed00', 'stroke')];False;False
107;Please describe the transitions ;Uhm please mmm describe eh the mmm transitions ;there is no transition between q0 and q0.;[];The automaton has 3 transitions: q0 con valore 1 va in q1, q1 con valore 1 va in q2, q4 con valore 0 va in q0.;[('simbolo-q0-q1', '#04ed00', 'stroke'), ('simbolo-q1-q2', '#04ed00', 'stroke'), ('simbolo-q4-q0', '#04ed00', 'stroke')];False;False
108;Is q0 the final state ;Mmm is q0 the final state ;The final state is q0.;[('simbolo-q0', '#04ed00', 'stroke')];The final state is q0.;[('simbolo-q0', '#04ed00', 'stroke')];True;True
108;Is q0 the final state ;Eh is q0 eh the final state ;The final state is q0.;[('simbolo-q0', '#04ed00', 'stroke')];The final state is q0.;[('simbolo-q0', '#04ed00', 'stroke')];True;True
108;Is q0 the final state ;Is uhm q0 the mmm final mmm state ;The final state is q0.;[('simbolo-q0', '#04ed00', 'stroke')];The final state is q0.;[('simbolo-q0', '#04ed00', 'stroke')];True;True
108;Is q0 the final state ;Is eh q0 mmm the eh final eh state ;The final state is q0.;[('simbolo-q0', '#04ed00', 'stroke')];The final state is q0.;[('simbolo-q0', '#04ed00', 'stroke')];True;True
108;Is q0 the final state ;Uhm is mmm q0 eh the uhm final mmm state ;The final state is q0.;[('simbolo-q0', '#04ed00', 'stroke')];The final state is q0.;[('simbolo-q0', '#04ed00', 'stroke')];True;True
109;How many states does Automaton 1 have ;How many states does eh automaton 1 have ;This automaton has 4 states;[('simbolo-q0', '#04ed00', 'stroke'), ('simbolo-q1', '#04ed00', 'stroke'), ('simbolo-q2', '#04ed00', 'stroke'), ('simbolo-q4', '#04ed00', 'stroke')];This automaton has 4 states;[('simbolo-q0', '#04ed00', 'stroke'), ('simbolo-q1', '#04ed00', 'stroke'), ('simbolo-q2', '#04ed00', 'stroke'), ('simbolo-q4', '#04ed00', 'stroke')];True;True
109;How many states does Automaton 1 have ;How uhm many states does automaton mmm 1 have ;This automaton has 4 states;[('simbolo-q0', '#04ed00', 'stroke'), ('simbolo-q1', '#04ed00', 'stroke'), ('simbolo-q2', '#04ed00', 'stroke'), ('simbolo-q4', '#04ed00', 'stroke')];This automaton has 4 states;[('simbolo-q0', '#04ed00', 'stroke'), ('simbolo-q1', '#04ed00', 'stroke'), ('simbolo-q2', '#04ed00', 'stroke'), ('simbolo-q4', '#04ed00', 'stroke')];True;True
109;How many states does Automaton 1 have ;Eh how many mmm states does automaton 1 uhm have ;This automaton has 4 states;[('simbolo-q0', '#04ed00', 'stroke'), ('simbolo-q1', '#04ed00', 'stroke'), ('simbolo-q2', '#04ed00', 'stroke'), ('simbolo-q4', '#04ed00', 'stroke')];This automaton has 4 states;[('simbolo-q0', '#04ed00', 'stroke'), ('simbolo-q1', '#04ed00', 'stroke'), ('simbolo-q2', '#04ed00', 'stroke'), ('simbolo-q4', '#04ed00', 'stroke')];True;True
109;How many states does Automaton 1 have ;Mmm how many mmm states eh does eh automaton 1 have ;This automaton has 4 states;[('simbolo-q0', '#04ed00', 'stroke'), ('simbolo-q1', '#04ed00', 'stroke'), ('simbolo-q2', '#04ed00', 'stroke'), ('simbolo-q4', '#04ed00', 'stroke')];This automaton has 4 states;[('simbolo-q0', '#04ed00', 'stroke'), ('simbolo-q1', '#04ed00', 'stroke'), ('simbolo-q2', '#04ed00', 'stroke'), ('simbolo-q4', '#04ed00', 'stroke')];True;True
109;How many states does Automaton 1 have ;Uhm how many uhm states does mmm automaton uhm 1 eh have ;This automaton has 4 states;[('simbolo-q0', '#04ed00', 'stroke'), ('simbolo-q1', '#04ed00', 'stroke'), ('simbolo-q2', '#04ed00', 'stroke'), ('simbolo-q4', '#04ed00', 'stroke')];This automaton has 4 states;[('simbolo-q0', '#04ed00', 'stroke'), ('simbolo-q1', '#04ed00', 'stroke'), ('simbolo-q2', '#04ed00', 'stroke'), ('simbolo-q4', '#04ed00', 'stroke')];True;True
109;How many states does Automaton 1 have ;Uhm how mmm many states uhm does uhm automaton mmm 1 mmm have ;This automaton has 4 states;[('simbolo-q0', '#04ed00', 'stroke'), ('simbolo-q1', '#04ed00', 'stroke'), ('simbolo-q2', '#04ed00', 'stroke'), ('simbolo-q4', '#04ed00', 'stroke')];This automaton has 4 states;[('simbolo-q0', '#04ed00', 'stroke'), ('simbolo-q1', '#04ed00', 'stroke'), ('simbolo-q2', '#04ed00', 'stroke'), ('simbolo-q4', '#04ed00', 'stroke')];True;True
109;How many states does Automaton 1 have ;Eh how mmm many mmm states eh does uhm automaton eh 1 eh have ;This automaton has 4 states;[('simbolo-q0', '#04ed00', 'stroke'), ('simbolo-q1', '#04ed00', 'stroke'), ('simbolo-q2', '#04ed00', 'stroke'), ('simbolo-q4', '#04ed00', 'stroke')];This automaton has 4 states;[('simbolo-q0', '#04ed00', 'stroke'), ('simbolo-q1', '#04ed00', 'stroke'), ('simbolo-q2', '#04ed00', 'stroke'), ('simbolo-q4', '#04ed00', 'stroke')];True;True
110;How many transitions does the automata have ;Mmm how many transitions does the automata have ;The automaton has 3 transitions: q0 con valore 1 va in q1, q1 con valore 1 va in q2, q4 con valore 0 va in q0.;[('simbolo-q0-q1', '#04ed00', 'stroke'), ('simbolo-q1-q2', '#04ed00', 'stroke'), ('simbolo-q4-q0', '#04ed00', 'stroke')];The automaton has 3 transitions: q0 con valore 1 va in q1, q1 con valore 1 va in q2, q4 con valore 0 va in q0.;[('simbolo-q0-q1', '#04ed00', 'stroke'), ('simbolo-q1-q2', '#04ed00', 'stroke'), ('simbolo-q4-q0', '#04ed00', 'stroke')];True;True
110;How many transitions does the automata have ;How many transitions eh does the uhm automata have ;The automaton has 3 transitions: q0 con valore 1 va in q1, q1 con valore 1 va in q2, q4 con valore 0 va in q0.;[('simbolo-q0-q1', '#04ed00', 'stroke'), ('simbolo-q1-q2', '#04ed00', 'stroke'), ('simbolo-q4-q0', '#04ed00', 'stroke')];The automaton has 3 transitions: q0 con valore 1 va in q1, q1 con valore 1 va in q2, q4 con valore 0 va in q0.;[('simbolo-q0-q1', '#04ed00', 'stroke'), ('simbolo-q1-q2', '#04ed00', 'stroke'), ('simbolo-q4-q0', '#04ed00', 'stroke')];True;True
110;How many transitions does the automata have ;How uhm many transitions does the mmm automata uhm have ;The automaton has 3 transitions: q0 con valore 1 va in q1, q1 con valore 1 va in q2, q4 con valore 0 va in q0.;[('simbolo-q0-q1', '#04ed00', 'stroke'), ('simbolo-q1-q2', '#04ed00', 'stroke'), ('simbolo-q4-q0', '#04ed00', 'stroke')];The automaton has 3 transitions: q0 con valore 1 va in q1, q1 con valore 1 va in q2, q4 con valore 0 va in q0.;[('simbolo-q0-q1', '#04ed00', 'stroke'), ('simbolo-q1-q2', '#04ed00', 'stroke'), ('simbolo-q4-q0', '#04ed00', 'stroke')];True;True
110;How many transitions does the automata have ;Eh how uhm many mmm transitions does the mmm automata have ;The automaton has 3 transitions: q0 con valore 1 va in q1, q1 con valore 1 va in q2, q4 con valore 0 va in q0.;[('simbolo-q0-q1', '#04ed00', 'stroke'), ('simbolo-q1-q2', '#04ed00', 'stroke'), ('simbolo-q4-q0', '#04ed00', 'stroke')];The automaton has 3 transitions: q0 con valore 1 va in q1, q1 con valore 1 va in q2, q4 con valore 0 va in q0.;[('simbolo-q0-q1', '#04ed00', 'stroke'), ('simbolo-q1-q2', '#04ed00', 'stroke'), ('simbolo-q4-q0', '#04ed00', 'stroke')];True;True
110;How many transitions does the automata have ;Mmm how mmm many transitions eh does the uhm automata mmm have ;The automaton has 3 transitions: q0 con valore 1 va in q1, q1 con valore 1 va in q2, q4 con valore 0 va in q0.;[('simbolo-q0-q1', '#04ed00', 'stroke'), ('simbolo-q1-q2', '#04ed00', 'stroke'), ('simbolo-q4-q0', '#04ed00', 'stroke')];The automaton has 3 transitions: q0 con valore 1 va in q1, q1 con valore 1 va in q2, q4 con valore 0 va in q0.;[('simbolo-q0-q1', '#04ed00', 'stroke'), ('simbolo-q1-q2', '#04ed00', 'stroke'), ('simbolo-q4-q0', '#04ed00', 'stroke')];True;True
110;How many transitions does the automata have ;Eh how eh many mmm transitions eh does uhm the mmm automata have ;The automaton has 3 transitions: q0 con valore 1 va in q1, q1 con valore 1 va in q2, q4 con valore 0 va in q0.;[('simbolo-q0-q1', '#04ed00', 'stroke'), ('simbolo-q1-q2', '#04ed00', 'stroke'), ('simbolo-q4-q0', '#04ed00', 'stroke')];The automaton has 3 transitions: q0 con valore 1 va in q1, q1 con valore 1 va in q2, q4 con valore 0 va in q0.;[('simbolo-q0-q1', '#04ed00', 'stroke'), ('simbolo-q1-q2', '#04ed00', 'stroke'), ('simbolo-q4-q0', '#04ed00', 'stroke')];True;True
110;How many transitions does the automata have ;Eh how mmm many eh transitions eh does uhm the uhm automata eh have ;The automaton has 3 transitions: q0 con valore 1 va in q1, q1 con valore 1 va in q2, q4 con valore 0 va in q0.;[('simbolo-q0-q1', '#04ed00', 'stroke'), ('simbolo-q1-q2', '#04ed00', 'stroke'), ('simbolo-q4-q0', '#04ed00', 'stroke')];The automaton has 3 transitions: q0 con valore 1 va in q1, q1 con valore 1 va in q2, q4 con valore 0 va in q0.;[('simbolo-q0-q1', '#04ed00', 'stroke'), ('simbolo-q1-q2', '#04ed00', 'stroke'), ('simbolo-q4-q0', '#04ed00', 'stroke')];True;True
111;Show me the transitions of the automaton ;Show uhm me the transitions of the automaton ;there is no transition between q0 and q0.;[];there is no transition between q0 and q0.;[];True;True
111;Show me the transitions of the automaton ;Uhm show me the transitions of the mmm automaton ;there is no transition between q0 and q0.;[];there is no transition between q0 and q0.;[];True;True
111;Show me the transitions of the automaton ;Show mmm me uhm the transitions of the mmm automaton ;there is no transition between q0 and q0.;[];there is no transition between q0 and q0.;[];True;True
111;Show me the transitions of the automaton ;Show mmm me the eh transitions mmm of the uhm automaton ;there is no transition between q0 and q0.;[];there is no transition between q0 and q0.;[];True;True
111;Show me the transitions of the automaton ;Eh show eh me eh the mmm transitions of uhm the automaton ;there is no transition between q0 and q0.;[];there is no transition between q0 and q0.;[];True;True
111;Show me the transitions of the automaton ;Uhm show mmm me the mmm transitions eh of uhm the mmm automaton ;there is no transition between q0 and q0.;[];there is no transition between q0 and q0.;[];True;True
111;Show me the transitions of the automaton ;Mmm show uhm me eh the eh transitions mmm of mmm the mmm automaton ;there is no transition between q0 and q0.;[];there is no transition between q0 and q0.;[];True;True
112;What transitions does the automaton have ;What transitions uhm does the automaton have ;there is no transition between q0 and q0.;[];there is no transition between q0 and q0.;[];True;True
112;What transitions does the automaton have ;What transitions eh does the automaton uhm have ;there is no transition between q0 and q0.;[];there is no transition between q0 and q0.;[];True;True
112;What transitions does the automaton have ;What transitions mmm does eh the uhm automaton have ;there is no transition between q0 and q0.;[];the transition is not defined.;[];False;True
112;What transitions does the automaton have ;Uhm what eh transitions mmm does mmm the automaton have ;there is no transition between q0 and q0.;[];there is no transition between q0 and q0.;[];True;True
112;What transitions does the automaton have ;Eh what eh transitions mmm does the uhm automaton uhm have ;there is no transition between q0 and q0.;[];there is no transition between q0 and q0.;[];True;True
112;What transitions does the automaton have ;Eh what uhm transitions eh does uhm the uhm automaton uhm have ;there is no transition between q0 and q0.;[];there is no transition between q0 and q0.;[];True;True
113;Describe the automaton ;Mmm describe the automaton ;The automaton accepts zero or more words formed by a sequence of the type 110. In total there are 4 states: q0, q1, q2 e q4. q0 is both the initial and the final state.Le transizioni sono: q0 with value 1 goes goes q1, q1 with value 1 goes goes q2, q4 with value 0 goes to q0.;[];The automaton accepts zero or more words formed by a sequence of the type 110. In total there are 4 states: q0, q1, q2 e q4. q0 is both the initial and the final state.Le transizioni sono: q0 with value 1 goes goes q1, q1 with value 1 goes goes q2, q4 with value 0 goes to q0.;[];True;True
113;Describe the automaton ;Describe eh the eh automaton ;The automaton accepts zero or more words formed by a sequence of the type 110. In total there are 4 states: q0, q1, q2 e q4. q0 is both the initial and the final state.Le transizioni sono: q0 with value 1 goes goes q1, q1 with value 1 goes goes q2, q4 with value 0 goes to q0.;[];The automaton accepts zero or more words formed by a sequence of the type 110. In total there are 4 states: q0, q1, q2 e q4. q0 is both the initial and the final state.Le transizioni sono: q0 with value 1 goes goes q1, q1 with value 1 goes goes q2, q4 with value 0 goes to q0.;[];True;True
113;Describe the automaton ;Mmm describe eh the uhm automaton ;The automaton accepts zero or more words formed by a sequence of the type 110. In total there are 4 states: q0, q1, q2 e q4. q0 is both the initial and the final state.Le transizioni sono: q0 with value 1 goes goes q1, q1 with value 1 goes goes q2, q4 with value 0 goes to q0.;[];The automaton accepts zero or more words formed by a sequence of the type 110. In total there are 4 states: q0, q1, q2 e q4. q0 is both the initial and the final state.Le transizioni sono: q0 with value 1 goes goes q1, q1 with value 1 goes goes q2, q4 with value 0 goes to q0.;[];True;True
114;briefly describe the automaton ;Briefly uhm describe the automaton ;The automaton accepts zero or more words formed by a sequence of the type 110. In total there are 4 states: q0, q1, q2 e q4. q0 is both the initial and the final state.Le transizioni sono: q0 with value 1 goes goes q1, q1 with value 1 goes goes q2, q4 with value 0 goes to q0.;[];The automaton accepts zero or more words formed by a sequence of the type 110. In total there are 4 states: q0, q1, q2 e q4. q0 is both the initial and the final state.Le transizioni sono: q0 with value 1 goes goes q1, q1 with value 1 goes goes q2, q4 with value 0 goes to q0.;[];True;True
114;briefly describe the automaton ;Eh briefly describe the eh automaton ;The automaton accepts zero or more words formed by a sequence of the type 110. In total there are 4 states: q0, q1, q2 e q4. q0 is both the initial and the final state.Le transizioni sono: q0 with value 1 goes goes q1, q1 with value 1 goes goes q2, q4 with value 0 goes to q0.;[];The automaton accepts zero or more words formed by a sequence of the type 110. In total there are 4 states: q0, q1, q2 e q4. q0 is both the initial and the final state.Le transizioni sono: q0 with value 1 goes goes q1, q1 with value 1 goes goes q2, q4 with value 0 goes to q0.;[];True;True
114;briefly describe the automaton ;Briefly mmm describe eh the eh automaton ;The automaton accepts zero or more words formed by a sequence of the type 110. In total there are 4 states: q0, q1, q2 e q4. q0 is both the initial and the final state.Le transizioni sono: q0 with value 1 goes goes q1, q1 with value 1 goes goes q2, q4 with value 0 goes to q0.;[];The automaton accepts zero or more words formed by a sequence of the type 110. In total there are 4 states: q0, q1, q2 e q4. q0 is both the initial and the final state.Le transizioni sono: q0 with value 1 goes goes q1, q1 with value 1 goes goes q2, q4 with value 0 goes to q0.;[];True;True
114;briefly describe the automaton ;Mmm briefly uhm describe mmm the uhm automaton ;The automaton accepts zero or more words formed by a sequence of the type 110. In total there are 4 states: q0, q1, q2 e q4. q0 is both the initial and the final state.Le transizioni sono: q0 with value 1 goes goes q1, q1 with value 1 goes goes q2, q4 with value 0 goes to q0.;[];The automaton accepts zero or more words formed by a sequence of the type 110. In total there are 4 states: q0, q1, q2 e q4. q0 is both the initial and the final state.Le transizioni sono: q0 with value 1 goes goes q1, q1 with value 1 goes goes q2, q4 with value 0 goes to q0.;[];True;True
115;briefly describe the automaton ;Briefly uhm describe the automaton ;The automaton accepts zero or more words formed by a sequence of the type 110. In total there are 4 states: q0, q1, q2 e q4. q0 is both the initial and the final state.Le transizioni sono: q0 with value 1 goes goes q1, q1 with value 1 goes goes q2, q4 with value 0 goes to q0.;[];The automaton accepts zero or more words formed by a sequence of the type 110. In total there are 4 states: q0, q1, q2 e q4. q0 is both the initial and the final state.Le transizioni sono: q0 with value 1 goes goes q1, q1 with value 1 goes goes q2, q4 with value 0 goes to q0.;[];True;True
115;briefly describe the automaton ;Mmm briefly describe the eh automaton ;The automaton accepts zero or more words formed by a sequence of the type 110. In total there are 4 states: q0, q1, q2 e q4. q0 is both the initial and the final state.Le transizioni sono: q0 with value 1 goes goes q1, q1 with value 1 goes goes q2, q4 with value 0 goes to q0.;[];The automaton accepts zero or more words formed by a sequence of the type 110. In total there are 4 states: q0, q1, q2 e q4. q0 is both the initial and the final state.Le transizioni sono: q0 with value 1 goes goes q1, q1 with value 1 goes goes q2, q4 with value 0 goes to q0.;[];True;True
115;briefly describe the automaton ;Briefly eh describe mmm the uhm automaton ;The automaton accepts zero or more words formed by a sequence of the type 110. In total there are 4 states: q0, q1, q2 e q4. q0 is both the initial and the final state.Le transizioni sono: q0 with value 1 goes goes q1, q1 with value 1 goes goes q2, q4 with value 0 goes to q0.;[];The automaton accepts zero or more words formed by a sequence of the type 110. In total there are 4 states: q0, q1, q2 e q4. q0 is both the initial and the final state.Le transizioni sono: q0 with value 1 goes goes q1, q1 with value 1 goes goes q2, q4 with value 0 goes to q0.;[];True;True
115;briefly describe the automaton ;Eh briefly eh describe uhm the mmm automaton ;The automaton accepts zero or more words formed by a sequence of the type 110. In total there are 4 states: q0, q1, q2 e q4. q0 is both the initial and the final state.Le transizioni sono: q0 with value 1 goes goes q1, q1 with value 1 goes goes q2, q4 with value 0 goes to q0.;[];The automaton accepts zero or more words formed by a sequence of the type 110. In total there are 4 states: q0, q1, q2 e q4. q0 is both the initial and the final state.Le transizioni sono: q0 with value 1 goes goes q1, q1 with value 1 goes goes q2, q4 with value 0 goes to q0.;[];True;True
116;how many states are there ;How many states are mmm there ;This automaton has 4 states;[('simbolo-q0', '#04ed00', 'stroke'), ('simbolo-q1', '#04ed00', 'stroke'), ('simbolo-q2', '#04ed00', 'stroke'), ('simbolo-q4', '#04ed00', 'stroke')];This automaton has 4 states;[('simbolo-q0', '#04ed00', 'stroke'), ('simbolo-q1', '#04ed00', 'stroke'), ('simbolo-q2', '#04ed00', 'stroke'), ('simbolo-q4', '#04ed00', 'stroke')];True;True
116;how many states are there ;How eh many eh states are there ;This automaton has 4 states;[('simbolo-q0', '#04ed00', 'stroke'), ('simbolo-q1', '#04ed00', 'stroke'), ('simbolo-q2', '#04ed00', 'stroke'), ('simbolo-q4', '#04ed00', 'stroke')];This automaton has 4 states;[('simbolo-q0', '#04ed00', 'stroke'), ('simbolo-q1', '#04ed00', 'stroke'), ('simbolo-q2', '#04ed00', 'stroke'), ('simbolo-q4', '#04ed00', 'stroke')];True;True
116;how many states are there ;Eh how uhm many states uhm are there ;This automaton has 4 states;[('simbolo-q0', '#04ed00', 'stroke'), ('simbolo-q1', '#04ed00', 'stroke'), ('simbolo-q2', '#04ed00', 'stroke'), ('simbolo-q4', '#04ed00', 'stroke')];This automaton has 4 states;[('simbolo-q0', '#04ed00', 'stroke'), ('simbolo-q1', '#04ed00', 'stroke'), ('simbolo-q2', '#04ed00', 'stroke'), ('simbolo-q4', '#04ed00', 'stroke')];True;True
116;how many states are there ;How eh many uhm states mmm are uhm there ;This automaton has 4 states;[('simbolo-q0', '#04ed00', 'stroke'), ('simbolo-q1', '#04ed00', 'stroke'), ('simbolo-q2', '#04ed00', 'stroke'), ('simbolo-q4', '#04ed00', 'stroke')];This automaton has 4 states;[('simbolo-q0', '#04ed00', 'stroke'), ('simbolo-q1', '#04ed00', 'stroke'), ('simbolo-q2', '#04ed00', 'stroke'), ('simbolo-q4', '#04ed00', 'stroke')];True;True
116;how many states are there ;Mmm how eh many uhm states uhm are mmm there ;This automaton has 4 states;[('simbolo-q0', '#04ed00', 'stroke'), ('simbolo-q1', '#04ed00', 'stroke'), ('simbolo-q2', '#04ed00', 'stroke'), ('simbolo-q4', '#04ed00', 'stroke')];This automaton has 4 states;[('simbolo-q0', '#04ed00', 'stroke'), ('simbolo-q1', '#04ed00', 'stroke'), ('simbolo-q2', '#04ed00', 'stroke'), ('simbolo-q4', '#04ed00', 'stroke')];True;True
117;how many arcs there are ;How uhm many arcs there are ;The automaton has 3 transitions: q0 con valore 1 va in q1, q1 con valore 1 va in q2, q4 con valore 0 va in q0.;[('simbolo-q0-q1', '#04ed00', 'stroke'), ('simbolo-q1-q2', '#04ed00', 'stroke'), ('simbolo-q4-q0', '#04ed00', 'stroke')];The automaton has 3 transitions: q0 con valore 1 va in q1, q1 con valore 1 va in q2, q4 con valore 0 va in q0.;[('simbolo-q0-q1', '#04ed00', 'stroke'), ('simbolo-q1-q2', '#04ed00', 'stroke'), ('simbolo-q4-q0', '#04ed00', 'stroke')];True;True
117;how many arcs there are ;Mmm how many arcs there eh are ;The automaton has 3 transitions: q0 con valore 1 va in q1, q1 con valore 1 va in q2, q4 con valore 0 va in q0.;[('simbolo-q0-q1', '#04ed00', 'stroke'), ('simbolo-q1-q2', '#04ed00', 'stroke'), ('simbolo-q4-q0', '#04ed00', 'stroke')];The automaton has 3 transitions: q0 con valore 1 va in q1, q1 con valore 1 va in q2, q4 con valore 0 va in q0.;[('simbolo-q0-q1', '#04ed00', 'stroke'), ('simbolo-q1-q2', '#04ed00', 'stroke'), ('simbolo-q4-q0', '#04ed00', 'stroke')];True;True
117;how many arcs there are ;How uhm many mmm arcs there uhm are ;The automaton has 3 transitions: q0 con valore 1 va in q1, q1 con valore 1 va in q2, q4 con valore 0 va in q0.;[('simbolo-q0-q1', '#04ed00', 'stroke'), ('simbolo-q1-q2', '#04ed00', 'stroke'), ('simbolo-q4-q0', '#04ed00', 'stroke')];The automaton has 3 transitions: q0 con valore 1 va in q1, q1 con valore 1 va in q2, q4 con valore 0 va in q0.;[('simbolo-q0-q1', '#04ed00', 'stroke'), ('simbolo-q1-q2', '#04ed00', 'stroke'), ('simbolo-q4-q0', '#04ed00', 'stroke')];True;True
117;how many arcs there are ;How eh many eh arcs uhm there eh are ;The automaton has 3 transitions: q0 con valore 1 va in q1, q1 con valore 1 va in q2, q4 con valore 0 va in q0.;[('simbolo-q0-q1', '#04ed00', 'stroke'), ('simbolo-q1-q2', '#04ed00', 'stroke'), ('simbolo-q4-q0', '#04ed00', 'stroke')];The automaton has 3 transitions: q0 con valore 1 va in q1, q1 con valore 1 va in q2, q4 con valore 0 va in q0.;[('simbolo-q0-q1', '#04ed00', 'stroke'), ('simbolo-q1-q2', '#04ed00', 'stroke'), ('simbolo-q4-q0', '#04ed00', 'stroke')];True;True
117;how many arcs there are ;Eh how uhm many eh arcs mmm there mmm are ;The automaton has 3 transitions: q0 con valore 1 va in q1, q1 con valore 1 va in q2, q4 con valore 0 va in q0.;[('simbolo-q0-q1', '#04ed00', 'stroke'), ('simbolo-q1-q2', '#04ed00', 'stroke'), ('simbolo-q4-q0', '#04ed00', 'stroke')];The automaton has 3 transitions: q0 con valore 1 va in q1, q1 con valore 1 va in q2, q4 con valore 0 va in q0.;[('simbolo-q0-q1', '#04ed00', 'stroke'), ('simbolo-q1-q2', '#04ed00', 'stroke'), ('simbolo-q4-q0', '#04ed00', 'stroke')];True;True
118;is there a particulare pattern ;Is eh there a particulare pattern ;Potresti essere più specifico?;[];Potresti essere più specifico?;[];True;True
118;is there a particulare pattern ;Is there a uhm particulare uhm pattern ;Potresti essere più specifico?;[];Potresti essere più specifico?;[];True;True
118;is there a particulare pattern ;Is mmm there eh a particulare eh pattern ;Potresti essere più specifico?;[];Potresti essere più specifico?;[];True;True
118;is there a particulare pattern ;Is uhm there eh a mmm particulare eh pattern ;Potresti essere più specifico?;[];Potresti essere più specifico?;[];True;True
118;is there a particulare pattern ;Uhm is mmm there eh a mmm particulare eh pattern ;Potresti essere più specifico?;[];Potresti essere più specifico?;[];True;True
119;are there arcs between q2 and q0 ;Are uhm there arcs between q2 and q0 ;there is no transition between q2 and q0.;[];there is no transition between q2 and q0.;[];True;True
119;are there arcs between q2 and q0 ;Are there arcs eh between eh q2 and q0 ;there is no transition between q2 and q0.;[];there is no transition between q2 and q0.;[];True;True
119;are there arcs between q2 and q0 ;Mmm are uhm there eh arcs between q2 and q0 ;there is no transition between q2 and q0.;[];there is no transition between q2 and q0.;[];True;True
119;are there arcs between q2 and q0 ;Are uhm there mmm arcs eh between eh q2 and q0 ;there is no transition between q2 and q0.;[];there is no transition between q2 and q0.;[];True;True
119;are there arcs between q2 and q0 ;Mmm are there uhm arcs uhm between q2 eh and eh q0 ;there is no transition between q2 and q0.;[];there is no transition between q2 and q0.;[];True;True
119;are there arcs between q2 and q0 ;Uhm are uhm there mmm arcs between uhm q2 uhm and uhm q0 ;there is no transition between q2 and q0.;[];there is no transition between q2 and q0.;[];True;True
119;are there arcs between q2 and q0 ;Eh are mmm there uhm arcs uhm between eh q2 uhm and uhm q0 ;there is no transition between q2 and q0.;[];there is no transition between q2 and q0.;[];True;True
120;are there arcs from q4 ;Are there arcs eh from q4 ;the transition is not defined.;[];the transition is not defined.;[];True;True
120;are there arcs from q4 ;Uhm are there arcs eh from q4 ;the transition is not defined.;[];the transition is not defined.;[];True;True
120;are there arcs from q4 ;Are mmm there eh arcs from eh q4 ;the transition is not defined.;[];the transition is not defined.;[];True;True
120;are there arcs from q4 ;Mmm are eh there eh arcs mmm from q4 ;the transition is not defined.;[];the transition is not defined.;[];True;True
120;are there arcs from q4 ;Mmm are eh there uhm arcs eh from mmm q4 ;the transition is not defined.;[];the transition is not defined.;[];True;True
121;are there arcs from q4 ;Are uhm there arcs from q4 ;the transition is not defined.;[];the transition is not defined.;[];True;True
121;are there arcs from q4 ;Are uhm there arcs from mmm q4 ;the transition is not defined.;[];the transition is not defined.;[];True;True
121;are there arcs from q4 ;Eh are eh there arcs eh from q4 ;the transition is not defined.;[];the transition is not defined.;[];True;True
121;are there arcs from q4 ;Are mmm there uhm arcs mmm from eh q4 ;the transition is not defined.;[];the transition is not defined.;[];True;True
121;are there arcs from q4 ;Mmm are mmm there mmm arcs mmm from mmm q4 ;the transition is not defined.;[];the transition is not defined.;[];True;True
122;what are the final states ;What mmm are the final states ;The final state is q0.;[('simbolo-q0', '#04ed00', 'stroke')];The final state is q0.;[('simbolo-q0', '#04ed00', 'stroke')];True;True
122;what are the final states ;What eh are the final eh states ;The final state is q0.;[('simbolo-q0', '#04ed00', 'stroke')];The final state is q0.;[('simbolo-q0', '#04ed00', 'stroke')];True;True
122;what are the final states ;Eh what are the uhm final eh states ;The final state is q0.;[('simbolo-q0', '#04ed00', 'stroke')];The final state is q0.;[('simbolo-q0', '#04ed00', 'stroke')];True;True
122;what are the final states ;Eh what uhm are uhm the final mmm states ;The final state is q0.;[('simbolo-q0', '#04ed00', 'stroke')];The final state is q0.;[('simbolo-q0', '#04ed00', 'stroke')];True;True
122;what are the final states ;Uhm what mmm are eh the eh final uhm states ;The final state is q0.;[('simbolo-q0', '#04ed00', 'stroke')];The final state is q0.;[('simbolo-q0', '#04ed00', 'stroke')];True;True
123;how many final states there are ;How many final states there uhm are ;The automaton has 4 states: q0, q1, q2 e q4.;[('simbolo-q0', '#04ed00', 'stroke'), ('simbolo-q1', '#04ed00', 'stroke'), ('simbolo-q2', '#04ed00', 'stroke'), ('simbolo-q4', '#04ed00', 'stroke')];The automaton has 4 states: q0, q1, q2 e q4.;[('simbolo-q0', '#04ed00', 'stroke'), ('simbolo-q1', '#04ed00', 'stroke'), ('simbolo-q2', '#04ed00', 'stroke'), ('simbolo-q4', '#04ed00', 'stroke')];True;True
123;how many final states there are ;How many final states eh there uhm are ;The automaton has 4 states: q0, q1, q2 e q4.;[('simbolo-q0', '#04ed00', 'stroke'), ('simbolo-q1', '#04ed00', 'stroke'), ('simbolo-q2', '#04ed00', 'stroke'), ('simbolo-q4', '#04ed00', 'stroke')];The automaton has 4 states: q0, q1, q2 e q4.;[('simbolo-q0', '#04ed00', 'stroke'), ('simbolo-q1', '#04ed00', 'stroke'), ('simbolo-q2', '#04ed00', 'stroke'), ('simbolo-q4', '#04ed00', 'stroke')];True;True
123;how many final states there are ;Eh how many eh final states uhm there are ;The automaton has 4 states: q0, q1, q2 e q4.;[('simbolo-q0', '#04ed00', 'stroke'), ('simbolo-q1', '#04ed00', 'stroke'), ('simbolo-q2', '#04ed00', 'stroke'), ('simbolo-q4', '#04ed00', 'stroke')];This automaton has 4 states;[('simbolo-q0', '#04ed00', 'stroke'), ('simbolo-q1', '#04ed00', 'stroke'), ('simbolo-q2', '#04ed00', 'stroke'), ('simbolo-q4', '#04ed00', 'stroke')];False;True
123;how many final states there are ;Eh how mmm many final uhm states there eh are ;The automaton has 4 states: q0, q1, q2 e q4.;[('simbolo-q0', '#04ed00', 'stroke'), ('simbolo-q1', '#04ed00', 'stroke'), ('simbolo-q2', '#04ed00', 'stroke'), ('simbolo-q4', '#04ed00', 'stroke')];This automaton has 4 states;[('simbolo-q0', '#04ed00', 'stroke'), ('simbolo-q1', '#04ed00', 'stroke'), ('simbolo-q2', '#04ed00', 'stroke'), ('simbolo-q4', '#04ed00', 'stroke')];False;True
123;how many final states there are ;Mmm how eh many eh final eh states mmm there are ;The automaton has 4 states: q0, q1, q2 e q4.;[('simbolo-q0', '#04ed00', 'stroke'), ('simbolo-q1', '#04ed00', 'stroke'), ('simbolo-q2', '#04ed00', 'stroke'), ('simbolo-q4', '#04ed00', 'stroke')];The automaton has 4 states: q0, q1, q2 e q4.;[('simbolo-q0', '#04ed00', 'stroke'), ('simbolo-q1', '#04ed00', 'stroke'), ('simbolo-q2', '#04ed00', 'stroke'), ('simbolo-q4', '#04ed00', 'stroke')];True;True
123;how many final states there are ;Mmm how uhm many eh final uhm states mmm there mmm are ;The automaton has 4 states: q0, q1, q2 e q4.;[('simbolo-q0', '#04ed00', 'stroke'), ('simbolo-q1', '#04ed00', 'stroke'), ('simbolo-q2', '#04ed00', 'stroke'), ('simbolo-q4', '#04ed00', 'stroke')];This automaton has 4 states;[('simbolo-q0', '#04ed00', 'stroke'), ('simbolo-q1', '#04ed00', 'stroke'), ('simbolo-q2', '#04ed00', 'stroke'), ('simbolo-q4', '#04ed00', 'stroke')];False;True
124;is q0 a final state ;Is q0 a final uhm state ;The final state is q0.;[('simbolo-q0', '#04ed00', 'stroke')];The final state is q0.;[('simbolo-q0', '#04ed00', 'stroke')];True;True
124;is q0 a final state ;Is uhm q0 uhm a final state ;The final state is q0.;[('simbolo-q0', '#04ed00', 'stroke')];The automaton has 4 states: q0, q1, q2 e q4.;[('simbolo-q0', '#04ed00', 'stroke'), ('simbolo-q1', '#04ed00', 'stroke'), ('simbolo-q2', '#04ed00', 'stroke'), ('simbolo-q4', '#04ed00', 'stroke')];False;False
124;is q0 a final state ;Is eh q0 mmm a final uhm state ;The final state is q0.;[('simbolo-q0', '#04ed00', 'stroke')];The state q0 exists.;[('simbolo-q0', '#04ed00', 'stroke')];False;True
124;is q0 a final state ;Uhm is q0 uhm a mmm final uhm state ;The final state is q0.;[('simbolo-q0', '#04ed00', 'stroke')];The final state is q0.;[('simbolo-q0', '#04ed00', 'stroke')];True;True
124;is q0 a final state ;Uhm is mmm q0 mmm a eh final uhm state ;The final state is q0.;[('simbolo-q0', '#04ed00', 'stroke')];The state q0 exists.;[('simbolo-q0', '#04ed00', 'stroke')];False;True
125;is q4 a final state ;Is eh q4 a final state ;The automaton has 4 states: q0, q1, q2 e q4.;[('simbolo-q0', '#04ed00', 'stroke'), ('simbolo-q1', '#04ed00', 'stroke'), ('simbolo-q2', '#04ed00', 'stroke'), ('simbolo-q4', '#04ed00', 'stroke')];The final state is q0.;[('simbolo-q0', '#04ed00', 'stroke')];False;False
125;is q4 a final state ;Is mmm q4 eh a final state ;The automaton has 4 states: q0, q1, q2 e q4.;[('simbolo-q0', '#04ed00', 'stroke'), ('simbolo-q1', '#04ed00', 'stroke'), ('simbolo-q2', '#04ed00', 'stroke'), ('simbolo-q4', '#04ed00', 'stroke')];The automaton has 4 states: q0, q1, q2 e q4.;[('simbolo-q0', '#04ed00', 'stroke'), ('simbolo-q1', '#04ed00', 'stroke'), ('simbolo-q2', '#04ed00', 'stroke'), ('simbolo-q4', '#04ed00', 'stroke')];True;True
125;is q4 a final state ;Eh is mmm q4 uhm a final state ;The automaton has 4 states: q0, q1, q2 e q4.;[('simbolo-q0', '#04ed00', 'stroke'), ('simbolo-q1', '#04ed00', 'stroke'), ('simbolo-q2', '#04ed00', 'stroke'), ('simbolo-q4', '#04ed00', 'stroke')];The final state is q0.;[('simbolo-q0', '#04ed00', 'stroke')];False;False
125;is q4 a final state ;Uhm is q4 uhm a uhm final mmm state ;The automaton has 4 states: q0, q1, q2 e q4.;[('simbolo-q0', '#04ed00', 'stroke'), ('simbolo-q1', '#04ed00', 'stroke'), ('simbolo-q2', '#04ed00', 'stroke'), ('simbolo-q4', '#04ed00', 'stroke')];The final state is q0.;[('simbolo-q0', '#04ed00', 'stroke')];False;False
125;is q4 a final state ;Mmm is uhm q4 mmm a uhm final eh state ;The automaton has 4 states: q0, q1, q2 e q4.;[('simbolo-q0', '#04ed00', 'stroke'), ('simbolo-q1', '#04ed00', 'stroke'), ('simbolo-q2', '#04ed00', 'stroke'), ('simbolo-q4', '#04ed00', 'stroke')];the transition is not defined.;[];False;False
126;which are the final states ;Uhm which are the final states ;The final state is q0.;[('simbolo-q0', '#04ed00', 'stroke')];The final state is q0.;[('simbolo-q0', '#04ed00', 'stroke')];True;True
126;which are the final states ;Which mmm are uhm the final states ;The final state is q0.;[('simbolo-q0', '#04ed00', 'stroke')];The final state is q0.;[('simbolo-q0', '#04ed00', 'stroke')];True;True
126;which are the final states ;Which eh are the eh final mmm states ;The final state is q0.;[('simbolo-q0', '#04ed00', 'stroke')];The final state is q0.;[('simbolo-q0', '#04ed00', 'stroke')];True;True
126;which are the final states ;Mmm which uhm are mmm the final eh states ;The final state is q0.;[('simbolo-q0', '#04ed00', 'stroke')];The final state is q0.;[('simbolo-q0', '#04ed00', 'stroke')];True;True
126;which are the final states ;Uhm which eh are uhm the mmm final uhm states ;The final state is q0.;[('simbolo-q0', '#04ed00', 'stroke')];The final state is q0.;[('simbolo-q0', '#04ed00', 'stroke')];True;True
127;which is the final state ;Which eh is the final state ;The final state is q0.;[('simbolo-q0', '#04ed00', 'stroke')];The final state is q0.;[('simbolo-q0', '#04ed00', 'stroke')];True;True
127;which is the final state ;Which eh is uhm the final state ;The final state is q0.;[('simbolo-q0', '#04ed00', 'stroke')];The final state is q0.;[('simbolo-q0', '#04ed00', 'stroke')];True;True
127;which is the final state ;Mmm which mmm is the uhm final state ;The final state is q0.;[('simbolo-q0', '#04ed00', 'stroke')];The final state is q0.;[('simbolo-q0', '#04ed00', 'stroke')];True;True
127;which is the final state ;Uhm which is uhm the mmm final uhm state ;The final state is q0.;[('simbolo-q0', '#04ed00', 'stroke')];The final state is q0.;[('simbolo-q0', '#04ed00', 'stroke')];True;True
127;which is the final state ;Eh which eh is uhm the mmm final uhm state ;The final state is q0.;[('simbolo-q0', '#04ed00', 'stroke')];The final state is q0.;[('simbolo-q0', '#04ed00', 'stroke')];True;True
128;How many final states are there ;How many final mmm states are there ;The automaton has 4 states: q0, q1, q2 e q4.;[('simbolo-q0', '#04ed00', 'stroke'), ('simbolo-q1', '#04ed00', 'stroke'), ('simbolo-q2', '#04ed00', 'stroke'), ('simbolo-q4', '#04ed00', 'stroke')];The automaton has 4 states: q0, q1, q2 e q4.;[('simbolo-q0', '#04ed00', 'stroke'), ('simbolo-q1', '#04ed00', 'stroke'), ('simbolo-q2', '#04ed00', 'stroke'), ('simbolo-q4', '#04ed00', 'stroke')];True;True
128;How many final states are there ;How many mmm final states uhm are there ;The automaton has 4 states: q0, q1, q2 e q4.;[('simbolo-q0', '#04ed00', 'stroke'), ('simbolo-q1', '#04ed00', 'stroke'), ('simbolo-q2', '#04ed00', 'stroke'), ('simbolo-q4', '#04ed00', 'stroke')];The automaton has 4 states: q0, q1, q2 e q4.;[('simbolo-q0', '#04ed00', 'stroke'), ('simbolo-q1', '#04ed00', 'stroke'), ('simbolo-q2', '#04ed00', 'stroke'), ('simbolo-q4', '#04ed00', 'stroke')];True;True
128;How many final states are there ;Mmm how many mmm final states uhm are there ;The automaton has 4 states: q0, q1, q2 e q4.;[('simbolo-q0', '#04ed00', 'stroke'), ('simbolo-q1', '#04ed00', 'stroke'), ('simbolo-q2', '#04ed00', 'stroke'), ('simbolo-q4', '#04ed00', 'stroke')];The automaton has 4 states: q0, q1, q2 e q4.;[('simbolo-q0', '#04ed00', 'stroke'), ('simbolo-q1', '#04ed00', 'stroke'), ('simbolo-q2', '#04ed00', 'stroke'), ('simbolo-q4', '#04ed00', 'stroke')];True;True
128;How many final states are there ;Mmm how many final uhm states mmm are mmm there ;The automaton has 4 states: q0, q1, q2 e q4.;[('simbolo-q0', '#04ed00', 'stroke'), ('simbolo-q1', '#04ed00', 'stroke'), ('simbolo-q2', '#04ed00', 'stroke'), ('simbolo-q4', '#04ed00', 'stroke')];This automaton has 4 states;[('simbolo-q0', '#04ed00', 'stroke'), ('simbolo-q1', '#04ed00', 'stroke'), ('simbolo-q2', '#04ed00', 'stroke'), ('simbolo-q4', '#04ed00', 'stroke')];False;True
128;How many final states are there ;Eh how uhm many uhm final states eh are mmm there ;The automaton has 4 states: q0, q1, q2 e q4.;[('simbolo-q0', '#04ed00', 'stroke'), ('simbolo-q1', '#04ed00', 'stroke'), ('simbolo-q2', '#04ed00', 'stroke'), ('simbolo-q4', '#04ed00', 'stroke')];The automaton has 4 states: q0, q1, q2 e q4.;[('simbolo-q0', '#04ed00', 'stroke'), ('simbolo-q1', '#04ed00', 'stroke'), ('simbolo-q2', '#04ed00', 'stroke'), ('simbolo-q4', '#04ed00', 'stroke')];True;True
128;How many final states are there ;Uhm how mmm many mmm final mmm states mmm are uhm there ;The automaton has 4 states: q0, q1, q2 e q4.;[('simbolo-q0', '#04ed00', 'stroke'), ('simbolo-q1', '#04ed00', 'stroke'), ('simbolo-q2', '#04ed00', 'stroke'), ('simbolo-q4', '#04ed00', 'stroke')];The automaton has 4 states: q0, q1, q2 e q4.;[('simbolo-q0', '#04ed00', 'stroke'), ('simbolo-q1', '#04ed00', 'stroke'), ('simbolo-q2', '#04ed00', 'stroke'), ('simbolo-q4', '#04ed00', 'stroke')];True;True
129;How many states are there ;How mmm many states are there ;This automaton has 4 states;[('simbolo-q0', '#04ed00', 'stroke'), ('simbolo-q1', '#04ed00', 'stroke'), ('simbolo-q2', '#04ed00', 'stroke'), ('simbolo-q4', '#04ed00', 'stroke')];This automaton has 4 states;[('simbolo-q0', '#04ed00', 'stroke'), ('simbolo-q1', '#04ed00', 'stroke'), ('simbolo-q2', '#04ed00', 'stroke'), ('simbolo-q4', '#04ed00', 'stroke')];True;True
129;How many states are there ;How many uhm states are uhm there ;This automaton has 4 states;[('simbolo-q0', '#04ed00', 'stroke'), ('simbolo-q1', '#04ed00', 'stroke'), ('simbolo-q2', '#04ed00', 'stroke'), ('simbolo-q4', '#04ed00', 'stroke')];This automaton has 4 states;[('simbolo-q0', '#04ed00', 'stroke'), ('simbolo-q1', '#04ed00', 'stroke'), ('simbolo-q2', '#04ed00', 'stroke'), ('simbolo-q4', '#04ed00', 'stroke')];True;True
129;How many states are there ;How mmm many uhm states are mmm there ;This automaton has 4 states;[('simbolo-q0', '#04ed00', 'stroke'), ('simbolo-q1', '#04ed00', 'stroke'), ('simbolo-q2', '#04ed00', 'stroke'), ('simbolo-q4', '#04ed00', 'stroke')];This automaton has 4 states;[('simbolo-q0', '#04ed00', 'stroke'), ('simbolo-q1', '#04ed00', 'stroke'), ('simbolo-q2', '#04ed00', 'stroke'), ('simbolo-q4', '#04ed00', 'stroke')];True;True
129;How many states are there ;How mmm many eh states eh are eh there ;This automaton has 4 states;[('simbolo-q0', '#04ed00', 'stroke'), ('simbolo-q1', '#04ed00', 'stroke'), ('simbolo-q2', '#04ed00', 'stroke'), ('simbolo-q4', '#04ed00', 'stroke')];This automaton has 4 states;[('simbolo-q0', '#04ed00', 'stroke'), ('simbolo-q1', '#04ed00', 'stroke'), ('simbolo-q2', '#04ed00', 'stroke'), ('simbolo-q4', '#04ed00', 'stroke')];True;True
129;How many states are there ;Uhm how eh many mmm states uhm are uhm there ;This automaton has 4 states;[('simbolo-q0', '#04ed00', 'stroke'), ('simbolo-q1', '#04ed00', 'stroke'), ('simbolo-q2', '#04ed00', 'stroke'), ('simbolo-q4', '#04ed00', 'stroke')];This automaton has 4 states;[('simbolo-q0', '#04ed00', 'stroke'), ('simbolo-q1', '#04ed00', 'stroke'), ('simbolo-q2', '#04ed00', 'stroke'), ('simbolo-q4', '#04ed00', 'stroke')];True;True
130;How many transitions are there ;How mmm many transitions are there ;The automaton has 3 transitions: q0 con valore 1 va in q1, q1 con valore 1 va in q2, q4 con valore 0 va in q0.;[('simbolo-q0-q1', '#04ed00', 'stroke'), ('simbolo-q1-q2', '#04ed00', 'stroke'), ('simbolo-q4-q0', '#04ed00', 'stroke')];The automaton has 3 transitions: q0 con valore 1 va in q1, q1 con valore 1 va in q2, q4 con valore 0 va in q0.;[('simbolo-q0-q1', '#04ed00', 'stroke'), ('simbolo-q1-q2', '#04ed00', 'stroke'), ('simbolo-q4-q0', '#04ed00', 'stroke')];True;True
130;How many transitions are there ;How mmm many transitions eh are there ;The automaton has 3 transitions: q0 con valore 1 va in q1, q1 con valore 1 va in q2, q4 con valore 0 va in q0.;[('simbolo-q0-q1', '#04ed00', 'stroke'), ('simbolo-q1-q2', '#04ed00', 'stroke'), ('simbolo-q4-q0', '#04ed00', 'stroke')];The automaton has 3 transitions: q0 con valore 1 va in q1, q1 con valore 1 va in q2, q4 con valore 0 va in q0.;[('simbolo-q0-q1', '#04ed00', 'stroke'), ('simbolo-q1-q2', '#04ed00', 'stroke'), ('simbolo-q4-q0', '#04ed00', 'stroke')];True;True
130;How many transitions are there ;Mmm how uhm many transitions eh are there ;The automaton has 3 transitions: q0 con valore 1 va in q1, q1 con valore 1 va in q2, q4 con valore 0 va in q0.;[('simbolo-q0-q1', '#04ed00', 'stroke'), ('simbolo-q1-q2', '#04ed00', 'stroke'), ('simbolo-q4-q0', '#04ed00', 'stroke')];The automaton has 3 transitions: q0 con valore 1 va in q1, q1 con valore 1 va in q2, q4 con valore 0 va in q0.;[('simbolo-q0-q1', '#04ed00', 'stroke'), ('simbolo-q1-q2', '#04ed00', 'stroke'), ('simbolo-q4-q0', '#04ed00', 'stroke')];True;True
130;How many transitions are there ;How eh many uhm transitions eh are uhm there ;The automaton has 3 transitions: q0 con valore 1 va in q1, q1 con valore 1 va in q2, q4 con valore 0 va in q0.;[('simbolo-q0-q1', '#04ed00', 'stroke'), ('simbolo-q1-q2', '#04ed00', 'stroke'), ('simbolo-q4-q0', '#04ed00', 'stroke')];The automaton has 3 transitions: q0 con valore 1 va in q1, q1 con valore 1 va in q2, q4 con valore 0 va in q0.;[('simbolo-q0-q1', '#04ed00', 'stroke'), ('simbolo-q1-q2', '#04ed00', 'stroke'), ('simbolo-q4-q0', '#04ed00', 'stroke')];True;True
130;How many transitions are there ;Eh how uhm many uhm transitions mmm are uhm there ;The automaton has 3 transitions: q0 con valore 1 va in q1, q1 con valore 1 va in q2, q4 con valore 0 va in q0.;[('simbolo-q0-q1', '#04ed00', 'stroke'), ('simbolo-q1-q2', '#04ed00', 'stroke'), ('simbolo-q4-q0', '#04ed00', 'stroke')];The automaton has 3 transitions: q0 con valore 1 va in q1, q1 con valore 1 va in q2, q4 con valore 0 va in q0.;[('simbolo-q0-q1', '#04ed00', 'stroke'), ('simbolo-q1-q2', '#04ed00', 'stroke'), ('simbolo-q4-q0', '#04ed00', 'stroke')];True;True
131;there is a particular pattern among them ;There uhm is a particular pattern among them ;Potresti essere più specifico?;[];Potresti essere più specifico?;[];True;True
131;there is a particular pattern among them ;There is uhm a particular mmm pattern among them ;Potresti essere più specifico?;[];Potresti essere più specifico?;[];True;True
131;there is a particular pattern among them ;Mmm there is a mmm particular mmm pattern among them ;Potresti essere più specifico?;[];Potresti essere più specifico?;[];True;True
131;there is a particular pattern among them ;Uhm there mmm is a particular eh pattern among uhm them ;Potresti essere più specifico?;[];Potresti essere più specifico?;[];True;True
131;there is a particular pattern among them ;Eh there uhm is a particular eh pattern uhm among eh them ;Potresti essere più specifico?;[];Potresti essere più specifico?;[];True;True
131;there is a particular pattern among them ;Uhm there mmm is eh a eh particular pattern uhm among mmm them ;Potresti essere più specifico?;[];Potresti essere più specifico?;[];True;True
131;there is a particular pattern among them ;Uhm there mmm is eh a mmm particular mmm pattern mmm among mmm them ;Potresti essere più specifico?;[];Potresti essere più specifico?;[];True;True
132;Is there a transition from q0 to q5 ;Is there a eh transition from q0 to q5 ;the transition is not defined.;[];the transition is not defined.;[];True;True
132;Is there a transition from q0 to q5 ;Is uhm there a transition uhm from q0 to q5 ;the transition is not defined.;[];the transition is not defined.;[];True;True
132;Is there a transition from q0 to q5 ;Is there a transition uhm from q0 mmm to eh q5 ;the transition is not defined.;[];the transition is not defined.;[];True;True
132;Is there a transition from q0 to q5 ;Uhm is mmm there a uhm transition eh from q0 to q5 ;the transition is not defined.;[];the transition is not defined.;[];True;True
132;Is there a transition from q0 to q5 ;Is uhm there a mmm transition uhm from uhm q0 to uhm q5 ;the transition is not defined.;[];the transition is not defined.;[];True;True
132;Is there a transition from q0 to q5 ;Mmm is eh there a eh transition eh from mmm q0 to eh q5 ;the transition is not defined.;[];the transition is not defined.;[];True;True
132;Is there a transition from q0 to q5 ;Mmm is there uhm a mmm transition uhm from uhm q0 uhm to uhm q5 ;the transition is not defined.;[];the transition is not defined.;[];True;True
132;Is there a transition from q0 to q5 ;Mmm is mmm there eh a eh transition uhm from mmm q0 uhm to eh q5 ;the transition is not defined.;[];the transition is not defined.;[];True;True
133;what is its optimal spatial representation ;What is its optimal mmm spatial representation ;Potresti essere più specifico?;[];Potresti essere più specifico?;[];True;True
133;what is its optimal spatial representation ;What mmm is its uhm optimal spatial representation ;Potresti essere più specifico?;[];Potresti essere più specifico?;[];True;True
133;what is its optimal spatial representation ;What eh is eh its optimal uhm spatial representation ;Potresti essere più specifico?;[];Potresti essere più specifico?;[];True;True
133;what is its optimal spatial representation ;Eh what uhm is its mmm optimal eh spatial representation ;Potresti essere più specifico?;[];Potresti essere più specifico?;[];True;True
133;what is its optimal spatial representation ;Uhm what mmm is uhm its uhm optimal mmm spatial representation ;Potresti essere più specifico?;[];Potresti essere più specifico?;[];True;True
133;what is its optimal spatial representation ;Uhm what mmm is uhm its eh optimal eh spatial mmm representation ;Potresti essere più specifico?;[];Potresti essere più specifico?;[];True;True
134;briefly describe you the automaton ;Uhm briefly describe you the automaton ;The automaton accepts zero or more words formed by a sequence of the type 110. In total there are 4 states: q0, q1, q2 e q4. q0 is both the initial and the final state.Le transizioni sono: q0 with value 1 goes goes q1, q1 with value 1 goes goes q2, q4 with value 0 goes to q0.;[];The automaton accepts zero or more words formed by a sequence of the type 110. In total there are 4 states: q0, q1, q2 e q4. q0 is both the initial and the final state.Le transizioni sono: q0 with value 1 goes goes q1, q1 with value 1 goes goes q2, q4 with value 0 goes to q0.;[];True;True
134;briefly describe you the automaton ;Briefly describe eh you the uhm automaton ;The automaton accepts zero or more words formed by a sequence of the type 110. In total there are 4 states: q0, q1, q2 e q4. q0 is both the initial and the final state.Le transizioni sono: q0 with value 1 goes goes q1, q1 with value 1 goes goes q2, q4 with value 0 goes to q0.;[];The automaton accepts zero or more words formed by a sequence of the type 110. In total there are 4 states: q0, q1, q2 e q4. q0 is both the initial and the final state.Le transizioni sono: q0 with value 1 goes goes q1, q1 with value 1 goes goes q2, q4 with value 0 goes to q0.;[];True;True
134;briefly describe you the automaton ;Briefly uhm describe you mmm the eh automaton ;The automaton accepts zero or more words formed by a sequence of the type 110. In total there are 4 states: q0, q1, q2 e q4. q0 is both the initial and the final state.Le transizioni sono: q0 with value 1 goes goes q1, q1 with value 1 goes goes q2, q4 with value 0 goes to q0.;[];The automaton accepts zero or more words formed by a sequence of the type 110. In total there are 4 states: q0, q1, q2 e q4. q0 is both the initial and the final state.Le transizioni sono: q0 with value 1 goes goes q1, q1 with value 1 goes goes q2, q4 with value 0 goes to q0.;[];True;True
134;briefly describe you the automaton ;Uhm briefly uhm describe mmm you the eh automaton ;The automaton accepts zero or more words formed by a sequence of the type 110. In total there are 4 states: q0, q1, q2 e q4. q0 is both the initial and the final state.Le transizioni sono: q0 with value 1 goes goes q1, q1 with value 1 goes goes q2, q4 with value 0 goes to q0.;[];The automaton accepts zero or more words formed by a sequence of the type 110. In total there are 4 states: q0, q1, q2 e q4. q0 is both the initial and the final state.Le transizioni sono: q0 with value 1 goes goes q1, q1 with value 1 goes goes q2, q4 with value 0 goes to q0.;[];True;True
134;briefly describe you the automaton ;Eh briefly uhm describe eh you mmm the uhm automaton ;The automaton accepts zero or more words formed by a sequence of the type 110. In total there are 4 states: q0, q1, q2 e q4. q0 is both the initial and the final state.Le transizioni sono: q0 with value 1 goes goes q1, q1 with value 1 goes goes q2, q4 with value 0 goes to q0.;[];The automaton accepts zero or more words formed by a sequence of the type 110. In total there are 4 states: q0, q1, q2 e q4. q0 is both the initial and the final state.Le transizioni sono: q0 with value 1 goes goes q1, q1 with value 1 goes goes q2, q4 with value 0 goes to q0.;[];True;True
135;The automaton accepts a language allowing words made of an odd number of 0s and 1s ;The automaton accepts a language allowing words made of mmm an odd number of 0s and 1s ;Potresti essere più specifico?;[];Potresti essere più specifico?;[];True;True
135;The automaton accepts a language allowing words made of an odd number of 0s and 1s ;The mmm automaton accepts a language allowing words made of an uhm odd number of 0s and 1s ;Potresti essere più specifico?;[];Potresti essere più specifico?;[];True;True
135;The automaton accepts a language allowing words made of an odd number of 0s and 1s ;Eh the automaton accepts a language allowing eh words made of an odd number mmm of 0s and 1s ;Potresti essere più specifico?;[];Potresti essere più specifico?;[];True;True
135;The automaton accepts a language allowing words made of an odd number of 0s and 1s ;The automaton mmm accepts a eh language allowing words made of mmm an odd mmm number of 0s and 1s ;Potresti essere più specifico?;[];Potresti essere più specifico?;[];True;True
135;The automaton accepts a language allowing words made of an odd number of 0s and 1s ;Mmm the automaton accepts a language uhm allowing uhm words made mmm of mmm an odd number of 0s and 1s ;Potresti essere più specifico?;[];Potresti essere più specifico?;[];True;True
135;The automaton accepts a language allowing words made of an odd number of 0s and 1s ;The uhm automaton accepts a mmm language mmm allowing words made of mmm an odd mmm number of 0s and uhm 1s ;Potresti essere più specifico?;[];Potresti essere più specifico?;[];True;True
135;The automaton accepts a language allowing words made of an odd number of 0s and 1s ;The uhm automaton mmm accepts uhm a language allowing eh words made of an eh odd number mmm of 0s eh and 1s ;Potresti essere più specifico?;[];The automaton accepts zero or more words formed by a sequence of the type 110. In total there are 4 states: q0, q1, q2 e q4. q0 is both the initial and the final state.Le transizioni sono: q0 with value 1 goes goes q1, q1 with value 1 goes goes q2, q4 with value 0 goes to q0.;[];False;True
135;The automaton accepts a language allowing words made of an odd number of 0s and 1s ;Eh the automaton accepts a language mmm allowing mmm words uhm made of eh an mmm odd eh number of mmm 0s and 1s ;Potresti essere più specifico?;[];Potresti essere più specifico?;[];True;True
135;The automaton accepts a language allowing words made of an odd number of 0s and 1s ;Mmm the mmm automaton accepts eh a language eh allowing words made mmm of eh an mmm odd number of 0s uhm and uhm 1s ;Potresti essere più specifico?;[];Potresti essere più specifico?;[];True;True
135;The automaton accepts a language allowing words made of an odd number of 0s and 1s ;Uhm the eh automaton accepts a uhm language mmm allowing eh words made of an eh odd eh number uhm of mmm 0s and eh 1s ;Potresti essere più specifico?;[];Potresti essere più specifico?;[];True;True
135;The automaton accepts a language allowing words made of an odd number of 0s and 1s ;The uhm automaton accepts eh a language allowing uhm words uhm made uhm of uhm an mmm odd mmm number mmm of uhm 0s and mmm 1s ;Potresti essere più specifico?;[];Potresti essere più specifico?;[];True;True
135;The automaton accepts a language allowing words made of an odd number of 0s and 1s ;Mmm the automaton accepts mmm a eh language eh allowing mmm words made eh of mmm an odd eh number mmm of mmm 0s uhm and uhm 1s ;Potresti essere più specifico?;[];The automaton accepts zero or more words formed by a sequence of the type 110. In total there are 4 states: q0, q1, q2 e q4. q0 is both the initial and the final state.Le transizioni sono: q0 with value 1 goes goes q1, q1 with value 1 goes goes q2, q4 with value 0 goes to q0.;[];False;True
135;The automaton accepts a language allowing words made of an odd number of 0s and 1s ;The mmm automaton mmm accepts uhm a mmm language uhm allowing eh words mmm made mmm of eh an mmm odd uhm number uhm of 0s mmm and 1s ;Potresti essere più specifico?;[];Potresti essere più specifico?;[];True;True
135;The automaton accepts a language allowing words made of an odd number of 0s and 1s ;Uhm the uhm automaton uhm accepts a uhm language mmm allowing uhm words eh made uhm of eh an odd eh number uhm of uhm 0s mmm and mmm 1s ;Potresti essere più specifico?;[];The automaton accepts zero or more words formed by a sequence of the type 110. In total there are 4 states: q0, q1, q2 e q4. q0 is both the initial and the final state.Le transizioni sono: q0 with value 1 goes goes q1, q1 with value 1 goes goes q2, q4 with value 0 goes to q0.;[];False;True
135;The automaton accepts a language allowing words made of an odd number of 0s and 1s ;Uhm the uhm automaton mmm accepts eh a eh language allowing eh words eh made uhm of uhm an eh odd mmm number eh of mmm 0s uhm and uhm 1s ;Potresti essere più specifico?;[];Potresti essere più specifico?;[];True;True
135;The automaton accepts a language allowing words made of an odd number of 0s and 1s ;Eh the mmm automaton uhm accepts eh a uhm language mmm allowing mmm words mmm made eh of eh an uhm odd mmm number eh of eh 0s eh and eh 1s ;Potresti essere più specifico?;[];Potresti essere più specifico?;[];True;True
136;It is possible to find a repetitive pattern in the transitions ;It is possible to find a repetitive pattern mmm in the transitions ;Potresti essere più specifico?;[];Potresti essere più specifico?;[];True;True
136;It is possible to find a repetitive pattern in the transitions ;It is uhm possible to find a repetitive mmm pattern in the transitions ;Potresti essere più specifico?;[];Potresti essere più specifico?;[];True;True
136;It is possible to find a repetitive pattern in the transitions ;It uhm is possible to find a repetitive pattern in mmm the eh transitions ;Potresti essere più specifico?;[];Potresti essere più specifico?;[];True;True
136;It is possible to find a repetitive pattern in the transitions ;It is possible to find mmm a eh repetitive mmm pattern eh in the transitions ;Potresti essere più specifico?;[];Potresti essere più specifico?;[];True;True
136;It is possible to find a repetitive pattern in the transitions ;It uhm is possible uhm to find a repetitive eh pattern in uhm the eh transitions ;Potresti essere più specifico?;[];Potresti essere più specifico?;[];True;True
136;It is possible to find a repetitive pattern in the transitions ;Uhm it uhm is possible to find mmm a uhm repetitive pattern in uhm the eh transitions ;Potresti essere più specifico?;[];Potresti essere più specifico?;[];True;True
136;It is possible to find a repetitive pattern in the transitions ;It mmm is uhm possible eh to find uhm a eh repetitive eh pattern in eh the transitions ;Potresti essere più specifico?;[];Potresti essere più specifico?;[];True;True
136;It is possible to find a repetitive pattern in the transitions ;It is mmm possible mmm to eh find eh a mmm repetitive uhm pattern in eh the uhm transitions ;Potresti essere più specifico?;[];Potresti essere più specifico?;[];True;True
136;It is possible to find a repetitive pattern in the transitions ;Uhm it eh is uhm possible eh to eh find a uhm repetitive eh pattern mmm in the uhm transitions ;Potresti essere più specifico?;[];Potresti essere più specifico?;[];True;True
136;It is possible to find a repetitive pattern in the transitions ;Eh it mmm is uhm possible uhm to eh find eh a eh repetitive uhm pattern uhm in the mmm transitions ;Potresti essere più specifico?;[];Potresti essere più specifico?;[];True;True
136;It is possible to find a repetitive pattern in the transitions ;Eh it eh is mmm possible eh to eh find mmm a mmm repetitive eh pattern uhm in eh the uhm transitions ;Potresti essere più specifico?;[];Potresti essere più specifico?;[];True;True
137;If q2 were the final state the language accepted by the automaton is the same ;If q2 mmm were the final state the language accepted by the automaton is the same ;The final state is q0.;[('simbolo-q0', '#04ed00', 'stroke')];The final state is q0.;[('simbolo-q0', '#04ed00', 'stroke')];True;True
137;If q2 were the final state the language accepted by the automaton is the same ;If q2 were the final state the language accepted uhm by the automaton uhm is the same ;The final state is q0.;[('simbolo-q0', '#04ed00', 'stroke')];The final state is q0.;[('simbolo-q0', '#04ed00', 'stroke')];True;True
137;If q2 were the final state the language accepted by the automaton is the same ;If q2 mmm were the eh final state the language accepted by the automaton is uhm the same ;The final state is q0.;[('simbolo-q0', '#04ed00', 'stroke')];The final state is q0.;[('simbolo-q0', '#04ed00', 'stroke')];True;True
137;If q2 were the final state the language accepted by the automaton is the same ;If q2 uhm were the final state the eh language accepted by the uhm automaton is mmm the same ;The final state is q0.;[('simbolo-q0', '#04ed00', 'stroke')];Potresti essere più specifico?;[];False;False
137;If q2 were the final state the language accepted by the automaton is the same ;If q2 were eh the uhm final state eh the language accepted uhm by eh the automaton is the same ;The final state is q0.;[('simbolo-q0', '#04ed00', 'stroke')];The final state is q0.;[('simbolo-q0', '#04ed00', 'stroke')];True;True
137;If q2 were the final state the language accepted by the automaton is the same ;Mmm if q2 uhm were the final uhm state the mmm language accepted by mmm the automaton is eh the same ;The final state is q0.;[('simbolo-q0', '#04ed00', 'stroke')];Potresti essere più specifico?;[];False;False
137;If q2 were the final state the language accepted by the automaton is the same ;If uhm q2 eh were uhm the uhm final state the language accepted uhm by uhm the automaton is eh the same ;The final state is q0.;[('simbolo-q0', '#04ed00', 'stroke')];Potresti essere più specifico?;[];False;False
137;If q2 were the final state the language accepted by the automaton is the same ;Mmm if q2 were uhm the uhm final mmm state mmm the uhm language mmm accepted by the automaton is the mmm same ;The final state is q0.;[('simbolo-q0', '#04ed00', 'stroke')];Potresti essere più specifico?;[];False;False
137;If q2 were the final state the language accepted by the automaton is the same ;If q2 were uhm the uhm final state the mmm language eh accepted uhm by mmm the eh automaton uhm is eh the same ;The final state is q0.;[('simbolo-q0', '#04ed00', 'stroke')];Potresti essere più specifico?;[];False;False
137;If q2 were the final state the language accepted by the automaton is the same ;Mmm if eh q2 eh were uhm the mmm final state the eh language eh accepted by mmm the automaton eh is uhm the same ;The final state is q0.;[('simbolo-q0', '#04ed00', 'stroke')];The final state is q0.;[('simbolo-q0', '#04ed00', 'stroke')];True;True
137;If q2 were the final state the language accepted by the automaton is the same ;If eh q2 were mmm the eh final mmm state uhm the uhm language uhm accepted eh by uhm the eh automaton is mmm the same ;The final state is q0.;[('simbolo-q0', '#04ed00', 'stroke')];The automaton has 4 states: q0, q1, q2 e q4.;[('simbolo-q0', '#04ed00', 'stroke'), ('simbolo-q1', '#04ed00', 'stroke'), ('simbolo-q2', '#04ed00', 'stroke'), ('simbolo-q4', '#04ed00', 'stroke')];False;False
137;If q2 were the final state the language accepted by the automaton is the same ;Uhm if mmm q2 uhm were mmm the uhm final mmm state uhm the language mmm accepted by mmm the mmm automaton is eh the mmm same ;The final state is q0.;[('simbolo-q0', '#04ed00', 'stroke')];Potresti essere più specifico?;[];False;False
137;If q2 were the final state the language accepted by the automaton is the same ;Uhm if eh q2 eh were uhm the mmm final state uhm the mmm language mmm accepted uhm by mmm the automaton mmm is mmm the eh same ;The final state is q0.;[('simbolo-q0', '#04ed00', 'stroke')];Potresti essere più specifico?;[];False;False
137;If q2 were the final state the language accepted by the automaton is the same ;If mmm q2 eh were mmm the mmm final mmm state uhm the mmm language mmm accepted mmm by uhm the mmm automaton mmm is mmm the mmm same ;The final state is q0.;[('simbolo-q0', '#04ed00', 'stroke')];Potresti essere più specifico?;[];False;False
137;If q2 were the final state the language accepted by the automaton is the same ;Uhm if uhm q2 uhm were mmm the eh final uhm state mmm the uhm language mmm accepted uhm by eh the mmm automaton eh is uhm the mmm same ;The final state is q0.;[('simbolo-q0', '#04ed00', 'stroke')];The final state is q0.;[('simbolo-q0', '#04ed00', 'stroke')];True;True
138;What can I use finite state automata for ;What can i use finite state automata mmm for ;The automaton accepts zero or more words formed by a sequence of the type 110. In total there are 4 states: q0, q1, q2 e q4. q0 is both the initial and the final state.Le transizioni sono: q0 with value 1 goes goes q1, q1 with value 1 goes goes q2, q4 with value 0 goes to q0.;[];The automaton accepts zero or more words formed by a sequence of the type 110. In total there are 4 states: q0, q1, q2 e q4. q0 is both the initial and the final state.Le transizioni sono: q0 with value 1 goes goes q1, q1 with value 1 goes goes q2, q4 with value 0 goes to q0.;[];True;True
138;What can I use finite state automata for ;Mmm what can i use finite state automata eh for ;The automaton accepts zero or more words formed by a sequence of the type 110. In total there are 4 states: q0, q1, q2 e q4. q0 is both the initial and the final state.Le transizioni sono: q0 with value 1 goes goes q1, q1 with value 1 goes goes q2, q4 with value 0 goes to q0.;[];The automaton accepts zero or more words formed by a sequence of the type 110. In total there are 4 states: q0, q1, q2 e q4. q0 is both the initial and the final state.Le transizioni sono: q0 with value 1 goes goes q1, q1 with value 1 goes goes q2, q4 with value 0 goes to q0.;[];True;True
138;What can I use finite state automata for ;What can mmm i use finite eh state automata eh for ;The automaton accepts zero or more words formed by a sequence of the type 110. In total there are 4 states: q0, q1, q2 e q4. q0 is both the initial and the final state.Le transizioni sono: q0 with value 1 goes goes q1, q1 with value 1 goes goes q2, q4 with value 0 goes to q0.;[];The automaton accepts zero or more words formed by a sequence of the type 110. In total there are 4 states: q0, q1, q2 e q4. q0 is both the initial and the final state.Le transizioni sono: q0 with value 1 goes goes q1, q1 with value 1 goes goes q2, q4 with value 0 goes to q0.;[];True;True
138;What can I use finite state automata for ;What can uhm i eh use finite state eh automata uhm for ;The automaton accepts zero or more words formed by a sequence of the type 110. In total there are 4 states: q0, q1, q2 e q4. q0 is both the initial and the final state.Le transizioni sono: q0 with value 1 goes goes q1, q1 with value 1 goes goes q2, q4 with value 0 goes to q0.;[];The automaton accepts zero or more words formed by a sequence of the type 110. In total there are 4 states: q0, q1, q2 e q4. q0 is both the initial and the final state.Le transizioni sono: q0 with value 1 goes goes q1, q1 with value 1 goes goes q2, q4 with value 0 goes to q0.;[];True;True
138;What can I use finite state automata for ;Eh what can eh i use uhm finite uhm state automata mmm for ;The automaton accepts zero or more words formed by a sequence of the type 110. In total there are 4 states: q0, q1, q2 e q4. q0 is both the initial and the final state.Le transizioni sono: q0 with value 1 goes goes q1, q1 with value 1 goes goes q2, q4 with value 0 goes to q0.;[];The automaton accepts zero or more words formed by a sequence of the type 110. In total there are 4 states: q0, q1, q2 e q4. q0 is both the initial and the final state.Le transizioni sono: q0 with value 1 goes goes q1, q1 with value 1 goes goes q2, q4 with value 0 goes to q0.;[];True;True
138;What can I use finite state automata for ;Eh what eh can mmm i use mmm finite state mmm automata uhm for ;The automaton accepts zero or more words formed by a sequence of the type 110. In total there are 4 states: q0, q1, q2 e q4. q0 is both the initial and the final state.Le transizioni sono: q0 with value 1 goes goes q1, q1 with value 1 goes goes q2, q4 with value 0 goes to q0.;[];Potresti essere più specifico?;[];False;True
138;What can I use finite state automata for ;Uhm what uhm can eh i use uhm finite eh state uhm automata uhm for ;The automaton accepts zero or more words formed by a sequence of the type 110. In total there are 4 states: q0, q1, q2 e q4. q0 is both the initial and the final state.Le transizioni sono: q0 with value 1 goes goes q1, q1 with value 1 goes goes q2, q4 with value 0 goes to q0.;[];The automaton accepts zero or more words formed by a sequence of the type 110. In total there are 4 states: q0, q1, q2 e q4. q0 is both the initial and the final state.Le transizioni sono: q0 with value 1 goes goes q1, q1 with value 1 goes goes q2, q4 with value 0 goes to q0.;[];True;True
138;What can I use finite state automata for ;Uhm what mmm can mmm i mmm use mmm finite uhm state eh automata uhm for ;The automaton accepts zero or more words formed by a sequence of the type 110. In total there are 4 states: q0, q1, q2 e q4. q0 is both the initial and the final state.Le transizioni sono: q0 with value 1 goes goes q1, q1 with value 1 goes goes q2, q4 with value 0 goes to q0.;[];Potresti essere più specifico?;[];False;True
139;How many states can I use in an automaton ;How many states can i use eh in an automaton ;This automaton has 4 states;[('simbolo-q0', '#04ed00', 'stroke'), ('simbolo-q1', '#04ed00', 'stroke'), ('simbolo-q2', '#04ed00', 'stroke'), ('simbolo-q4', '#04ed00', 'stroke')];This automaton has 4 states;[('simbolo-q0', '#04ed00', 'stroke'), ('simbolo-q1', '#04ed00', 'stroke'), ('simbolo-q2', '#04ed00', 'stroke'), ('simbolo-q4', '#04ed00', 'stroke')];True;True
139;How many states can I use in an automaton ;How many states can i mmm use in an eh automaton ;This automaton has 4 states;[('simbolo-q0', '#04ed00', 'stroke'), ('simbolo-q1', '#04ed00', 'stroke'), ('simbolo-q2', '#04ed00', 'stroke'), ('simbolo-q4', '#04ed00', 'stroke')];This automaton has 4 states;[('simbolo-q0', '#04ed00', 'stroke'), ('simbolo-q1', '#04ed00', 'stroke'), ('simbolo-q2', '#04ed00', 'stroke'), ('simbolo-q4', '#04ed00', 'stroke')];True;True
139;How many states can I use in an automaton ;How many states can eh i use uhm in an uhm automaton ;This automaton has 4 states;[('simbolo-q0', '#04ed00', 'stroke'), ('simbolo-q1', '#04ed00', 'stroke'), ('simbolo-q2', '#04ed00', 'stroke'), ('simbolo-q4', '#04ed00', 'stroke')];This automaton has 4 states;[('simbolo-q0', '#04ed00', 'stroke'), ('simbolo-q1', '#04ed00', 'stroke'), ('simbolo-q2', '#04ed00', 'stroke'), ('simbolo-q4', '#04ed00', 'stroke')];True;True
139;How many states can I use in an automaton ;How many mmm states can i mmm use in uhm an eh automaton ;This automaton has 4 states;[('simbolo-q0', '#04ed00', 'stroke'), ('simbolo-q1', '#04ed00', 'stroke'), ('simbolo-q2', '#04ed00', 'stroke'), ('simbolo-q4', '#04ed00', 'stroke')];This automaton has 4 states;[('simbolo-q0', '#04ed00', 'stroke'), ('simbolo-q1', '#04ed00', 'stroke'), ('simbolo-q2', '#04ed00', 'stroke'), ('simbolo-q4', '#04ed00', 'stroke')];True;True
139;How many states can I use in an automaton ;How many states mmm can mmm i mmm use in mmm an mmm automaton ;This automaton has 4 states;[('simbolo-q0', '#04ed00', 'stroke'), ('simbolo-q1', '#04ed00', 'stroke'), ('simbolo-q2', '#04ed00', 'stroke'), ('simbolo-q4', '#04ed00', 'stroke')];This automaton has 4 states;[('simbolo-q0', '#04ed00', 'stroke'), ('simbolo-q1', '#04ed00', 'stroke'), ('simbolo-q2', '#04ed00', 'stroke'), ('simbolo-q4', '#04ed00', 'stroke')];True;True
139;How many states can I use in an automaton ;Mmm how mmm many states eh can i eh use uhm in an eh automaton ;This automaton has 4 states;[('simbolo-q0', '#04ed00', 'stroke'), ('simbolo-q1', '#04ed00', 'stroke'), ('simbolo-q2', '#04ed00', 'stroke'), ('simbolo-q4', '#04ed00', 'stroke')];This automaton has 4 states;[('simbolo-q0', '#04ed00', 'stroke'), ('simbolo-q1', '#04ed00', 'stroke'), ('simbolo-q2', '#04ed00', 'stroke'), ('simbolo-q4', '#04ed00', 'stroke')];True;True
139;How many states can I use in an automaton ;Eh how uhm many mmm states mmm can mmm i use uhm in eh an automaton ;This automaton has 4 states;[('simbolo-q0', '#04ed00', 'stroke'), ('simbolo-q1', '#04ed00', 'stroke'), ('simbolo-q2', '#04ed00', 'stroke'), ('simbolo-q4', '#04ed00', 'stroke')];This automaton has 4 states;[('simbolo-q0', '#04ed00', 'stroke'), ('simbolo-q1', '#04ed00', 'stroke'), ('simbolo-q2', '#04ed00', 'stroke'), ('simbolo-q4', '#04ed00', 'stroke')];True;True
139;How many states can I use in an automaton ;Uhm how mmm many mmm states uhm can mmm i mmm use uhm in eh an automaton ;This automaton has 4 states;[('simbolo-q0', '#04ed00', 'stroke'), ('simbolo-q1', '#04ed00', 'stroke'), ('simbolo-q2', '#04ed00', 'stroke'), ('simbolo-q4', '#04ed00', 'stroke')];This automaton has 4 states;[('simbolo-q0', '#04ed00', 'stroke'), ('simbolo-q1', '#04ed00', 'stroke'), ('simbolo-q2', '#04ed00', 'stroke'), ('simbolo-q4', '#04ed00', 'stroke')];True;True
139;How many states can I use in an automaton ;Uhm how uhm many eh states uhm can uhm i eh use eh in eh an mmm automaton ;This automaton has 4 states;[('simbolo-q0', '#04ed00', 'stroke'), ('simbolo-q1', '#04ed00', 'stroke'), ('simbolo-q2', '#04ed00', 'stroke'), ('simbolo-q4', '#04ed00', 'stroke')];This automaton has 4 states;[('simbolo-q0', '#04ed00', 'stroke'), ('simbolo-q1', '#04ed00', 'stroke'), ('simbolo-q2', '#04ed00', 'stroke'), ('simbolo-q4', '#04ed00', 'stroke')];True;True
140;Can I use 5 states in an automaton ;Mmm can i use 5 states in an automaton ;There are 5 states in this automaton.;[('simbolo-q0', '#04ed00', 'stroke'), ('simbolo-q1', '#04ed00', 'stroke'), ('simbolo-q2', '#04ed00', 'stroke'), ('simbolo-q3', '#04ed00', 'stroke'), ('simbolo-q4', '#04ed00', 'stroke')];There are 5 states in this automaton.;[('simbolo-q0', '#04ed00', 'stroke'), ('simbolo-q1', '#04ed00', 'stroke'), ('simbolo-q2', '#04ed00', 'stroke'), ('simbolo-q3', '#04ed00', 'stroke'), ('simbolo-q4', '#04ed00', 'stroke')];True;True
140;Can I use 5 states in an automaton ;Can i use uhm 5 states eh in an automaton ;There are 5 states in this automaton.;[('simbolo-q0', '#04ed00', 'stroke'), ('simbolo-q1', '#04ed00', 'stroke'), ('simbolo-q2', '#04ed00', 'stroke'), ('simbolo-q3', '#04ed00', 'stroke'), ('simbolo-q4', '#04ed00', 'stroke')];The automaton accepts zero or more words formed by a sequence of the type 110. In total there are 4 states: q0, q1, q2 e q4. q0 is both the initial and the final state.Le transizioni sono: q0 with value 1 goes goes q1, q1 with value 1 goes goes q2, q4 with value 0 goes to q0.;[];False;False
140;Can I use 5 states in an automaton ;Can mmm i eh use 5 states in mmm an automaton ;There are 5 states in this automaton.;[('simbolo-q0', '#04ed00', 'stroke'), ('simbolo-q1', '#04ed00', 'stroke'), ('simbolo-q2', '#04ed00', 'stroke'), ('simbolo-q3', '#04ed00', 'stroke'), ('simbolo-q4', '#04ed00', 'stroke')];There are 5 states in this automaton.;[('simbolo-q0', '#04ed00', 'stroke'), ('simbolo-q1', '#04ed00', 'stroke'), ('simbolo-q2', '#04ed00', 'stroke'), ('simbolo-q3', '#04ed00', 'stroke'), ('simbolo-q4', '#04ed00', 'stroke')];True;True
140;Can I use 5 states in an automaton ;Eh can i eh use 5 states in mmm an mmm automaton ;There are 5 states in this automaton.;[('simbolo-q0', '#04ed00', 'stroke'), ('simbolo-q1', '#04ed00', 'stroke'), ('simbolo-q2', '#04ed00', 'stroke'), ('simbolo-q3', '#04ed00', 'stroke'), ('simbolo-q4', '#04ed00', 'stroke')];There are 5 states in this automaton.;[('simbolo-q0', '#04ed00', 'stroke'), ('simbolo-q1', '#04ed00', 'stroke'), ('simbolo-q2', '#04ed00', 'stroke'), ('simbolo-q3', '#04ed00', 'stroke'), ('simbolo-q4', '#04ed00', 'stroke')];True;True
140;Can I use 5 states in an automaton ;Eh can i mmm use eh 5 states in mmm an eh automaton ;There are 5 states in this automaton.;[('simbolo-q0', '#04ed00', 'stroke'), ('simbolo-q1', '#04ed00', 'stroke'), ('simbolo-q2', '#04ed00', 'stroke'), ('simbolo-q3', '#04ed00', 'stroke'), ('simbolo-q4', '#04ed00', 'stroke')];The automaton accepts zero or more words formed by a sequence of the type 110. In total there are 4 states: q0, q1, q2 e q4. q0 is both the initial and the final state.Le transizioni sono: q0 with value 1 goes goes q1, q1 with value 1 goes goes q2, q4 with value 0 goes to q0.;[];False;False
140;Can I use 5 states in an automaton ;Can i eh use uhm 5 eh states mmm in mmm an uhm automaton ;There are 5 states in this automaton.;[('simbolo-q0', '#04ed00', 'stroke'), ('simbolo-q1', '#04ed00', 'stroke'), ('simbolo-q2', '#04ed00', 'stroke'), ('simbolo-q3', '#04ed00', 'stroke'), ('simbolo-q4', '#04ed00', 'stroke')];The automaton accepts zero or more words formed by a sequence of the type 110. In total there are 4 states: q0, q1, q2 e q4. q0 is both the initial and the final state.Le transizioni sono: q0 with value 1 goes goes q1, q1 with value 1 goes goes q2, q4 with value 0 goes to q0.;[];False;False
140;Can I use 5 states in an automaton ;Uhm can i eh use eh 5 eh states eh in mmm an eh automaton ;There are 5 states in this automaton.;[('simbolo-q0', '#04ed00', 'stroke'), ('simbolo-q1', '#04ed00', 'stroke'), ('simbolo-q2', '#04ed00', 'stroke'), ('simbolo-q3', '#04ed00', 'stroke'), ('simbolo-q4', '#04ed00', 'stroke')];The state q0 exists.;[('simbolo-q0', '#04ed00', 'stroke')];False;False
140;Can I use 5 states in an automaton ;Uhm can uhm i uhm use mmm 5 uhm states eh in eh an eh automaton ;There are 5 states in this automaton.;[('simbolo-q0', '#04ed00', 'stroke'), ('simbolo-q1', '#04ed00', 'stroke'), ('simbolo-q2', '#04ed00', 'stroke'), ('simbolo-q3', '#04ed00', 'stroke'), ('simbolo-q4', '#04ed00', 'stroke')];There are 5 states in this automaton.;[('simbolo-q0', '#04ed00', 'stroke'), ('simbolo-q1', '#04ed00', 'stroke'), ('simbolo-q2', '#04ed00', 'stroke'), ('simbolo-q3', '#04ed00', 'stroke'), ('simbolo-q4', '#04ed00', 'stroke')];True;True
141;What is the final state of an automaton ;What is the final eh state of an automaton ;The final state is q0.;[('simbolo-q0', '#04ed00', 'stroke')];The final state is q0.;[('simbolo-q0', '#04ed00', 'stroke')];True;True
141;What is the final state of an automaton ;Eh what is the final mmm state of an automaton ;The final state is q0.;[('simbolo-q0', '#04ed00', 'stroke')];The final state is q0.;[('simbolo-q0', '#04ed00', 'stroke')];True;True
141;What is the final state of an automaton ;What mmm is mmm the final uhm state of an automaton ;The final state is q0.;[('simbolo-q0', '#04ed00', 'stroke')];The final state is q0.;[('simbolo-q0', '#04ed00', 'stroke')];True;True
141;What is the final state of an automaton ;What is the uhm final mmm state of mmm an uhm automaton ;The final state is q0.;[('simbolo-q0', '#04ed00', 'stroke')];The final state is q0.;[('simbolo-q0', '#04ed00', 'stroke')];True;True
141;What is the final state of an automaton ;Mmm what is mmm the mmm final state eh of an uhm automaton ;The final state is q0.;[('simbolo-q0', '#04ed00', 'stroke')];The final state is q0.;[('simbolo-q0', '#04ed00', 'stroke')];True;True
141;What is the final state of an automaton ;What mmm is uhm the mmm final mmm state of eh an uhm automaton ;The final state is q0.;[('simbolo-q0', '#04ed00', 'stroke')];The final state is q0.;[('simbolo-q0', '#04ed00', 'stroke')];True;True
141;What is the final state of an automaton ;Eh what eh is uhm the mmm final state eh of eh an mmm automaton ;The final state is q0.;[('simbolo-q0', '#04ed00', 'stroke')];The final state is q0.;[('simbolo-q0', '#04ed00', 'stroke')];True;True
141;What is the final state of an automaton ;Uhm what eh is mmm the mmm final uhm state eh of mmm an uhm automaton ;The final state is q0.;[('simbolo-q0', '#04ed00', 'stroke')];The final state is q0.;[('simbolo-q0', '#04ed00', 'stroke')];True;True
142;How can I define an automaton ;How can i define an eh automaton ;The automaton accepts zero or more words formed by a sequence of the type 110. In total there are 4 states: q0, q1, q2 e q4. q0 is both the initial and the final state.Le transizioni sono: q0 with value 1 goes goes q1, q1 with value 1 goes goes q2, q4 with value 0 goes to q0.;[];The automaton accepts zero or more words formed by a sequence of the type 110. In total there are 4 states: q0, q1, q2 e q4. q0 is both the initial and the final state.Le transizioni sono: q0 with value 1 goes goes q1, q1 with value 1 goes goes q2, q4 with value 0 goes to q0.;[];True;True
142;How can I define an automaton ;How eh can i define an uhm automaton ;The automaton accepts zero or more words formed by a sequence of the type 110. In total there are 4 states: q0, q1, q2 e q4. q0 is both the initial and the final state.Le transizioni sono: q0 with value 1 goes goes q1, q1 with value 1 goes goes q2, q4 with value 0 goes to q0.;[];The automaton accepts zero or more words formed by a sequence of the type 110. In total there are 4 states: q0, q1, q2 e q4. q0 is both the initial and the final state.Le transizioni sono: q0 with value 1 goes goes q1, q1 with value 1 goes goes q2, q4 with value 0 goes to q0.;[];True;True
142;How can I define an automaton ;How can uhm i eh define an mmm automaton ;The automaton accepts zero or more words formed by a sequence of the type 110. In total there are 4 states: q0, q1, q2 e q4. q0 is both the initial and the final state.Le transizioni sono: q0 with value 1 goes goes q1, q1 with value 1 goes goes q2, q4 with value 0 goes to q0.;[];The automaton accepts zero or more words formed by a sequence of the type 110. In total there are 4 states: q0, q1, q2 e q4. q0 is both the initial and the final state.Le transizioni sono: q0 with value 1 goes goes q1, q1 with value 1 goes goes q2, q4 with value 0 goes to q0.;[];True;True
142;How can I define an automaton ;Eh how uhm can mmm i define eh an automaton ;The automaton accepts zero or more words formed by a sequence of the type 110. In total there are 4 states: q0, q1, q2 e q4. q0 is both the initial and the final state.Le transizioni sono: q0 with value 1 goes goes q1, q1 with value 1 goes goes q2, q4 with value 0 goes to q0.;[];The automaton accepts zero or more words formed by a sequence of the type 110. In total there are 4 states: q0, q1, q2 e q4. q0 is both the initial and the final state.Le transizioni sono: q0 with value 1 goes goes q1, q1 with value 1 goes goes q2, q4 with value 0 goes to q0.;[];True;True
142;How can I define an automaton ;Uhm how mmm can i mmm define mmm an eh automaton ;The automaton accepts zero or more words formed by a sequence of the type 110. In total there are 4 states: q0, q1, q2 e q4. q0 is both the initial and the final state.Le transizioni sono: q0 with value 1 goes goes q1, q1 with value 1 goes goes q2, q4 with value 0 goes to q0.;[];The automaton accepts zero or more words formed by a sequence of the type 110. In total there are 4 states: q0, q1, q2 e q4. q0 is both the initial and the final state.Le transizioni sono: q0 with value 1 goes goes q1, q1 with value 1 goes goes q2, q4 with value 0 goes to q0.;[];True;True
142;How can I define an automaton ;Mmm how mmm can uhm i uhm define mmm an eh automaton ;The automaton accepts zero or more words formed by a sequence of the type 110. In total there are 4 states: q0, q1, q2 e q4. q0 is both the initial and the final state.Le transizioni sono: q0 with value 1 goes goes q1, q1 with value 1 goes goes q2, q4 with value 0 goes to q0.;[];The automaton accepts zero or more words formed by a sequence of the type 110. In total there are 4 states: q0, q1, q2 e q4. q0 is both the initial and the final state.Le transizioni sono: q0 with value 1 goes goes q1, q1 with value 1 goes goes q2, q4 with value 0 goes to q0.;[];True;True
143;How is an automaton defined ;How is an automaton eh defined ;The automaton accepts zero or more words formed by a sequence of the type 110. In total there are 4 states: q0, q1, q2 e q4. q0 is both the initial and the final state.Le transizioni sono: q0 with value 1 goes goes q1, q1 with value 1 goes goes q2, q4 with value 0 goes to q0.;[];The automaton accepts zero or more words formed by a sequence of the type 110. In total there are 4 states: q0, q1, q2 e q4. q0 is both the initial and the final state.Le transizioni sono: q0 with value 1 goes goes q1, q1 with value 1 goes goes q2, q4 with value 0 goes to q0.;[];True;True
143;How is an automaton defined ;How is an uhm automaton eh defined ;The automaton accepts zero or more words formed by a sequence of the type 110. In total there are 4 states: q0, q1, q2 e q4. q0 is both the initial and the final state.Le transizioni sono: q0 with value 1 goes goes q1, q1 with value 1 goes goes q2, q4 with value 0 goes to q0.;[];The automaton accepts zero or more words formed by a sequence of the type 110. In total there are 4 states: q0, q1, q2 e q4. q0 is both the initial and the final state.Le transizioni sono: q0 with value 1 goes goes q1, q1 with value 1 goes goes q2, q4 with value 0 goes to q0.;[];True;True
143;How is an automaton defined ;Eh how is eh an uhm automaton defined ;The automaton accepts zero or more words formed by a sequence of the type 110. In total there are 4 states: q0, q1, q2 e q4. q0 is both the initial and the final state.Le transizioni sono: q0 with value 1 goes goes q1, q1 with value 1 goes goes q2, q4 with value 0 goes to q0.;[];The automaton accepts zero or more words formed by a sequence of the type 110. In total there are 4 states: q0, q1, q2 e q4. q0 is both the initial and the final state.Le transizioni sono: q0 with value 1 goes goes q1, q1 with value 1 goes goes q2, q4 with value 0 goes to q0.;[];True;True
143;How is an automaton defined ;Eh how eh is eh an eh automaton defined ;The automaton accepts zero or more words formed by a sequence of the type 110. In total there are 4 states: q0, q1, q2 e q4. q0 is both the initial and the final state.Le transizioni sono: q0 with value 1 goes goes q1, q1 with value 1 goes goes q2, q4 with value 0 goes to q0.;[];The automaton accepts zero or more words formed by a sequence of the type 110. In total there are 4 states: q0, q1, q2 e q4. q0 is both the initial and the final state.Le transizioni sono: q0 with value 1 goes goes q1, q1 with value 1 goes goes q2, q4 with value 0 goes to q0.;[];True;True
143;How is an automaton defined ;Mmm how eh is mmm an mmm automaton eh defined ;The automaton accepts zero or more words formed by a sequence of the type 110. In total there are 4 states: q0, q1, q2 e q4. q0 is both the initial and the final state.Le transizioni sono: q0 with value 1 goes goes q1, q1 with value 1 goes goes q2, q4 with value 0 goes to q0.;[];The automaton accepts zero or more words formed by a sequence of the type 110. In total there are 4 states: q0, q1, q2 e q4. q0 is both the initial and the final state.Le transizioni sono: q0 with value 1 goes goes q1, q1 with value 1 goes goes q2, q4 with value 0 goes to q0.;[];True;True
144;Describe the automaton ;Uhm describe the automaton ;The automaton accepts zero or more words formed by a sequence of the type 110. In total there are 4 states: q0, q1, q2 e q4. q0 is both the initial and the final state.Le transizioni sono: q0 with value 1 goes goes q1, q1 with value 1 goes goes q2, q4 with value 0 goes to q0.;[];The automaton accepts zero or more words formed by a sequence of the type 110. In total there are 4 states: q0, q1, q2 e q4. q0 is both the initial and the final state.Le transizioni sono: q0 with value 1 goes goes q1, q1 with value 1 goes goes q2, q4 with value 0 goes to q0.;[];True;True
144;Describe the automaton ;Describe mmm the eh automaton ;The automaton accepts zero or more words formed by a sequence of the type 110. In total there are 4 states: q0, q1, q2 e q4. q0 is both the initial and the final state.Le transizioni sono: q0 with value 1 goes goes q1, q1 with value 1 goes goes q2, q4 with value 0 goes to q0.;[];The automaton accepts zero or more words formed by a sequence of the type 110. In total there are 4 states: q0, q1, q2 e q4. q0 is both the initial and the final state.Le transizioni sono: q0 with value 1 goes goes q1, q1 with value 1 goes goes q2, q4 with value 0 goes to q0.;[];True;True
144;Describe the automaton ;Uhm describe eh the eh automaton ;The automaton accepts zero or more words formed by a sequence of the type 110. In total there are 4 states: q0, q1, q2 e q4. q0 is both the initial and the final state.Le transizioni sono: q0 with value 1 goes goes q1, q1 with value 1 goes goes q2, q4 with value 0 goes to q0.;[];The automaton accepts zero or more words formed by a sequence of the type 110. In total there are 4 states: q0, q1, q2 e q4. q0 is both the initial and the final state.Le transizioni sono: q0 with value 1 goes goes q1, q1 with value 1 goes goes q2, q4 with value 0 goes to q0.;[];True;True
145;What is an example of accepted string ;What is uhm an example of accepted string ;Potresti essere più specifico?;[];Potresti essere più specifico?;[];True;True
145;What is an example of accepted string ;What is mmm an eh example of accepted string ;Potresti essere più specifico?;[];Potresti essere più specifico?;[];True;True
145;What is an example of accepted string ;What is eh an example uhm of accepted uhm string ;Potresti essere più specifico?;[];Potresti essere più specifico?;[];True;True
145;What is an example of accepted string ;Mmm what eh is mmm an example of accepted mmm string ;Potresti essere più specifico?;[];Potresti essere più specifico?;[];True;True
145;What is an example of accepted string ;What is uhm an uhm example mmm of uhm accepted uhm string ;Potresti essere più specifico?;[];Potresti essere più specifico?;[];True;True
145;What is an example of accepted string ;Uhm what mmm is uhm an mmm example mmm of mmm accepted string ;Potresti essere più specifico?;[];Potresti essere più specifico?;[];True;True
145;What is an example of accepted string ;Eh what eh is mmm an mmm example uhm of uhm accepted uhm string ;Potresti essere più specifico?;[];Potresti essere più specifico?;[];True;True
146;What is the final state ;What is the mmm final state ;The final state is q0.;[('simbolo-q0', '#04ed00', 'stroke')];The final state is q0.;[('simbolo-q0', '#04ed00', 'stroke')];True;True
146;What is the final state ;What is the mmm final eh state ;The final state is q0.;[('simbolo-q0', '#04ed00', 'stroke')];The final state is q0.;[('simbolo-q0', '#04ed00', 'stroke')];True;True
146;What is the final state ;What eh is the eh final mmm state ;The final state is q0.;[('simbolo-q0', '#04ed00', 'stroke')];The final state is q0.;[('simbolo-q0', '#04ed00', 'stroke')];True;True
146;What is the final state ;Uhm what is uhm the uhm final uhm state ;The final state is q0.;[('simbolo-q0', '#04ed00', 'stroke')];The final state is q0.;[('simbolo-q0', '#04ed00', 'stroke')];True;True
146;What is the final state ;Eh what mmm is eh the mmm final mmm state ;The final state is q0.;[('simbolo-q0', '#04ed00', 'stroke')];The final state is q0.;[('simbolo-q0', '#04ed00', 'stroke')];True;True
147;Which transitions start from q0 ;Which mmm transitions start from q0 ;the transition is not defined.;[];the transition is not defined.;[];True;True
147;Which transitions start from q0 ;Mmm which transitions start from uhm q0 ;the transition is not defined.;[];the transition is not defined.;[];True;True
147;Which transitions start from q0 ;Mmm which mmm transitions uhm start from q0 ;the transition is not defined.;[];the transition is not defined.;[];True;True
147;Which transitions start from q0 ;Uhm which mmm transitions uhm start mmm from q0 ;the transition is not defined.;[];the transition is not defined.;[];True;True
147;Which transitions start from q0 ;Mmm which uhm transitions eh start uhm from uhm q0 ;the transition is not defined.;[];the transition is not defined.;[];True;True
148;How many transitions start from q0 ;How many transitions mmm start from q0 ;there is no transition between q0 and q0.;[];the transition is not defined.;[];False;True
148;How many transitions start from q0 ;How many mmm transitions start from mmm q0 ;there is no transition between q0 and q0.;[];the transition is not defined.;[];False;True
148;How many transitions start from q0 ;Uhm how many transitions start eh from uhm q0 ;there is no transition between q0 and q0.;[];the transition is not defined.;[];False;True
148;How many transitions start from q0 ;Eh how uhm many transitions start eh from eh q0 ;there is no transition between q0 and q0.;[];the transition is not defined.;[];False;True
148;How many transitions start from q0 ;How eh many uhm transitions mmm start uhm from eh q0 ;there is no transition between q0 and q0.;[];the transition is not defined.;[];False;True
148;How many transitions start from q0 ;Uhm how eh many eh transitions eh start eh from mmm q0 ;there is no transition between q0 and q0.;[];the transition is not defined.;[];False;True
149;Which transitions start from q1 ;Which transitions start from mmm q1 ;the transition is not defined.;[];there is no transition between q0 and q0.;[];False;True
149;Which transitions start from q1 ;Which eh transitions start mmm from q1 ;the transition is not defined.;[];there is no transition between q0 and q0.;[];False;True
149;Which transitions start from q1 ;Which transitions mmm start mmm from mmm q1 ;the transition is not defined.;[];the transition is not defined.;[];True;True
149;Which transitions start from q1 ;Eh which transitions eh start eh from mmm q1 ;the transition is not defined.;[];the transition is not defined.;[];True;True
149;Which transitions start from q1 ;Eh which eh transitions uhm start eh from uhm q1 ;the transition is not defined.;[];the transition is not defined.;[];True;True
150;Which transitions start from q2 ;Which transitions start eh from q2 ;the transition is not defined.;[];the transition is not defined.;[];True;True
150;Which transitions start from q2 ;Uhm which transitions start eh from q2 ;the transition is not defined.;[];the transition is not defined.;[];True;True
150;Which transitions start from q2 ;Which uhm transitions eh start mmm from q2 ;the transition is not defined.;[];the transition is not defined.;[];True;True
150;Which transitions start from q2 ;Mmm which uhm transitions start mmm from uhm q2 ;the transition is not defined.;[];the transition is not defined.;[];True;True
150;Which transitions start from q2 ;Uhm which mmm transitions uhm start mmm from eh q2 ;the transition is not defined.;[];the transition is not defined.;[];True;True
151;Which transitions end in q0 ;Which transitions eh end in q0 ;there is no transition between q0 and q0.;[];the transition is not defined.;[];False;True
151;Which transitions end in q0 ;Which mmm transitions end uhm in q0 ;there is no transition between q0 and q0.;[];there is no transition between q0 and q0.;[];True;True
151;Which transitions end in q0 ;Mmm which uhm transitions mmm end in q0 ;there is no transition between q0 and q0.;[];the transition is not defined.;[];False;True
151;Which transitions end in q0 ;Mmm which transitions eh end eh in mmm q0 ;there is no transition between q0 and q0.;[];the transition is not defined.;[];False;True
151;Which transitions end in q0 ;Mmm which eh transitions eh end eh in mmm q0 ;there is no transition between q0 and q0.;[];the transition is not defined.;[];False;True
152;How many transitions are there ;How many transitions eh are there ;The automaton has 3 transitions: q0 con valore 1 va in q1, q1 con valore 1 va in q2, q4 con valore 0 va in q0.;[('simbolo-q0-q1', '#04ed00', 'stroke'), ('simbolo-q1-q2', '#04ed00', 'stroke'), ('simbolo-q4-q0', '#04ed00', 'stroke')];The automaton has 3 transitions: q0 con valore 1 va in q1, q1 con valore 1 va in q2, q4 con valore 0 va in q0.;[('simbolo-q0-q1', '#04ed00', 'stroke'), ('simbolo-q1-q2', '#04ed00', 'stroke'), ('simbolo-q4-q0', '#04ed00', 'stroke')];True;True
152;How many transitions are there ;Uhm how mmm many transitions are there ;The automaton has 3 transitions: q0 con valore 1 va in q1, q1 con valore 1 va in q2, q4 con valore 0 va in q0.;[('simbolo-q0-q1', '#04ed00', 'stroke'), ('simbolo-q1-q2', '#04ed00', 'stroke'), ('simbolo-q4-q0', '#04ed00', 'stroke')];The automaton has 3 transitions: q0 con valore 1 va in q1, q1 con valore 1 va in q2, q4 con valore 0 va in q0.;[('simbolo-q0-q1', '#04ed00', 'stroke'), ('simbolo-q1-q2', '#04ed00', 'stroke'), ('simbolo-q4-q0', '#04ed00', 'stroke')];True;True
152;How many transitions are there ;Eh how uhm many transitions are mmm there ;The automaton has 3 transitions: q0 con valore 1 va in q1, q1 con valore 1 va in q2, q4 con valore 0 va in q0.;[('simbolo-q0-q1', '#04ed00', 'stroke'), ('simbolo-q1-q2', '#04ed00', 'stroke'), ('simbolo-q4-q0', '#04ed00', 'stroke')];The automaton has 3 transitions: q0 con valore 1 va in q1, q1 con valore 1 va in q2, q4 con valore 0 va in q0.;[('simbolo-q0-q1', '#04ed00', 'stroke'), ('simbolo-q1-q2', '#04ed00', 'stroke'), ('simbolo-q4-q0', '#04ed00', 'stroke')];True;True
152;How many transitions are there ;Uhm how eh many mmm transitions eh are there ;The automaton has 3 transitions: q0 con valore 1 va in q1, q1 con valore 1 va in q2, q4 con valore 0 va in q0.;[('simbolo-q0-q1', '#04ed00', 'stroke'), ('simbolo-q1-q2', '#04ed00', 'stroke'), ('simbolo-q4-q0', '#04ed00', 'stroke')];The automaton has 3 transitions: q0 con valore 1 va in q1, q1 con valore 1 va in q2, q4 con valore 0 va in q0.;[('simbolo-q0-q1', '#04ed00', 'stroke'), ('simbolo-q1-q2', '#04ed00', 'stroke'), ('simbolo-q4-q0', '#04ed00', 'stroke')];True;True
152;How many transitions are there ;Mmm how uhm many uhm transitions mmm are mmm there ;The automaton has 3 transitions: q0 con valore 1 va in q1, q1 con valore 1 va in q2, q4 con valore 0 va in q0.;[('simbolo-q0-q1', '#04ed00', 'stroke'), ('simbolo-q1-q2', '#04ed00', 'stroke'), ('simbolo-q4-q0', '#04ed00', 'stroke')];there is no transition between q0 and q0.;[];False;False
153;Is there a pattern among the arcs ;Is there a pattern among the eh arcs ;Potresti essere più specifico?;[];Potresti essere più specifico?;[];True;True
153;Is there a pattern among the arcs ;Is eh there a pattern among eh the arcs ;Potresti essere più specifico?;[];Potresti essere più specifico?;[];True;True
153;Is there a pattern among the arcs ;Eh is there a mmm pattern among uhm the arcs ;Potresti essere più specifico?;[];Potresti essere più specifico?;[];True;True
153;Is there a pattern among the arcs ;Is there eh a eh pattern eh among the mmm arcs ;Potresti essere più specifico?;[];Potresti essere più specifico?;[];True;True
153;Is there a pattern among the arcs ;Mmm is eh there a mmm pattern among mmm the uhm arcs ;Potresti essere più specifico?;[];Potresti essere più specifico?;[];True;True
153;Is there a pattern among the arcs ;Mmm is mmm there mmm a pattern mmm among uhm the uhm arcs ;Potresti essere più specifico?;[];Potresti essere più specifico?;[];True;True
153;Is there a pattern among the arcs ;Uhm is mmm there mmm a eh pattern mmm among eh the mmm arcs ;Potresti essere più specifico?;[];Potresti essere più specifico?;[];True;True
154;What could be a minimal spatial representation for this automaton ;What could eh be a minimal spatial representation for this automaton ;Potresti essere più specifico?;[];Potresti essere più specifico?;[];True;True
154;What could be a minimal spatial representation for this automaton ;What could mmm be a minimal spatial representation eh for this automaton ;Potresti essere più specifico?;[];Potresti essere più specifico?;[];True;True
154;What could be a minimal spatial representation for this automaton ;What could be a uhm minimal spatial representation mmm for this uhm automaton ;Potresti essere più specifico?;[];Potresti essere più specifico?;[];True;True
154;What could be a minimal spatial representation for this automaton ;Uhm what could be a mmm minimal eh spatial representation for uhm this automaton ;Potresti essere più specifico?;[];The automaton accepts zero or more words formed by a sequence of the type 110. In total there are 4 states: q0, q1, q2 e q4. q0 is both the initial and the final state.Le transizioni sono: q0 with value 1 goes goes q1, q1 with value 1 goes goes q2, q4 with value 0 goes to q0.;[];False;True
154;What could be a minimal spatial representation for this automaton ;Uhm what could be a minimal eh spatial eh representation mmm for this mmm automaton ;Potresti essere più specifico?;[];Potresti essere più specifico?;[];True;True
154;What could be a minimal spatial representation for this automaton ;Uhm what eh could be uhm a minimal spatial uhm representation mmm for uhm this automaton ;Potresti essere più specifico?;[];The automaton accepts zero or more words formed by a sequence of the type 110. In total there are 4 states: q0, q1, q2 e q4. q0 is both the initial and the final state.Le transizioni sono: q0 with value 1 goes goes q1, q1 with value 1 goes goes q2, q4 with value 0 goes to q0.;[];False;True
154;What could be a minimal spatial representation for this automaton ;What mmm could eh be uhm a uhm minimal spatial representation mmm for uhm this uhm automaton ;Potresti essere più specifico?;[];Potresti essere più specifico?;[];True;True
154;What could be a minimal spatial representation for this automaton ;Mmm what could uhm be eh a uhm minimal eh spatial uhm representation for uhm this uhm automaton ;Potresti essere più specifico?;[];Potresti essere più specifico?;[];True;True
154;What could be a minimal spatial representation for this automaton ;Eh what mmm could be mmm a mmm minimal eh spatial mmm representation eh for eh this eh automaton ;Potresti essere più specifico?;[];The automaton accepts zero or more words formed by a sequence of the type 110. In total there are 4 states: q0, q1, q2 e q4. q0 is both the initial and the final state.Le transizioni sono: q0 with value 1 goes goes q1, q1 with value 1 goes goes q2, q4 with value 0 goes to q0.;[];False;True
154;What could be a minimal spatial representation for this automaton ;Eh what mmm could mmm be mmm a eh minimal eh spatial uhm representation uhm for eh this uhm automaton ;Potresti essere più specifico?;[];The automaton accepts zero or more words formed by a sequence of the type 110. In total there are 4 states: q0, q1, q2 e q4. q0 is both the initial and the final state.Le transizioni sono: q0 with value 1 goes goes q1, q1 with value 1 goes goes q2, q4 with value 0 goes to q0.;[];False;True
155;how many states are there ;How many states are uhm there ;This automaton has 4 states;[('simbolo-q0', '#04ed00', 'stroke'), ('simbolo-q1', '#04ed00', 'stroke'), ('simbolo-q2', '#04ed00', 'stroke'), ('simbolo-q4', '#04ed00', 'stroke')];This automaton has 4 states;[('simbolo-q0', '#04ed00', 'stroke'), ('simbolo-q1', '#04ed00', 'stroke'), ('simbolo-q2', '#04ed00', 'stroke'), ('simbolo-q4', '#04ed00', 'stroke')];True;True
155;how many states are there ;How many states mmm are eh there ;This automaton has 4 states;[('simbolo-q0', '#04ed00', 'stroke'), ('simbolo-q1', '#04ed00', 'stroke'), ('simbolo-q2', '#04ed00', 'stroke'), ('simbolo-q4', '#04ed00', 'stroke')];This automaton has 4 states;[('simbolo-q0', '#04ed00', 'stroke'), ('simbolo-q1', '#04ed00', 'stroke'), ('simbolo-q2', '#04ed00', 'stroke'), ('simbolo-q4', '#04ed00', 'stroke')];True;True
155;how many states are there ;Uhm how many eh states are mmm there ;This automaton has 4 states;[('simbolo-q0', '#04ed00', 'stroke'), ('simbolo-q1', '#04ed00', 'stroke'), ('simbolo-q2', '#04ed00', 'stroke'), ('simbolo-q4', '#04ed00', 'stroke')];This automaton has 4 states;[('simbolo-q0', '#04ed00', 'stroke'), ('simbolo-q1', '#04ed00', 'stroke'), ('simbolo-q2', '#04ed00', 'stroke'), ('simbolo-q4', '#04ed00', 'stroke')];True;True
155;how many states are there ;Mmm how uhm many mmm states are eh there ;This automaton has 4 states;[('simbolo-q0', '#04ed00', 'stroke'), ('simbolo-q1', '#04ed00', 'stroke'), ('simbolo-q2', '#04ed00', 'stroke'), ('simbolo-q4', '#04ed00', 'stroke')];This automaton has 4 states;[('simbolo-q0', '#04ed00', 'stroke'), ('simbolo-q1', '#04ed00', 'stroke'), ('simbolo-q2', '#04ed00', 'stroke'), ('simbolo-q4', '#04ed00', 'stroke')];True;True
155;how many states are there ;Eh how uhm many eh states eh are uhm there ;This automaton has 4 states;[('simbolo-q0', '#04ed00', 'stroke'), ('simbolo-q1', '#04ed00', 'stroke'), ('simbolo-q2', '#04ed00', 'stroke'), ('simbolo-q4', '#04ed00', 'stroke')];This automaton has 4 states;[('simbolo-q0', '#04ed00', 'stroke'), ('simbolo-q1', '#04ed00', 'stroke'), ('simbolo-q2', '#04ed00', 'stroke'), ('simbolo-q4', '#04ed00', 'stroke')];True;True
156;is there an arc between q0 and q1 ;Mmm is there an arc between q0 and q1 ;The transition between q0 and q1 is with value 1.;[('simbolo-q0-q1', '#04ed00', 'stroke')];The transition between q0 and q1 is with value 1.;[('simbolo-q0-q1', '#04ed00', 'stroke')];True;True
156;is there an arc between q0 and q1 ;Is there an eh arc between q0 uhm and q1 ;The transition between q0 and q1 is with value 1.;[('simbolo-q0-q1', '#04ed00', 'stroke')];The transition between q0 and q1 is with value 1.;[('simbolo-q0-q1', '#04ed00', 'stroke')];True;True
156;is there an arc between q0 and q1 ;Is eh there an eh arc uhm between q0 and q1 ;The transition between q0 and q1 is with value 1.;[('simbolo-q0-q1', '#04ed00', 'stroke')];The transition between q0 and q1 is with value 1.;[('simbolo-q0-q1', '#04ed00', 'stroke')];True;True
156;is there an arc between q0 and q1 ;Is eh there an eh arc between q0 eh and eh q1 ;The transition between q0 and q1 is with value 1.;[('simbolo-q0-q1', '#04ed00', 'stroke')];The transition between q0 and q1 is with value 1.;[('simbolo-q0-q1', '#04ed00', 'stroke')];True;True
156;is there an arc between q0 and q1 ;Uhm is mmm there an mmm arc uhm between q0 and eh q1 ;The transition between q0 and q1 is with value 1.;[('simbolo-q0-q1', '#04ed00', 'stroke')];The transition between q0 and q1 is with value 1.;[('simbolo-q0-q1', '#04ed00', 'stroke')];True;True
156;is there an arc between q0 and q1 ;Is eh there eh an uhm arc mmm between q0 mmm and mmm q1 ;The transition between q0 and q1 is with value 1.;[('simbolo-q0-q1', '#04ed00', 'stroke')];The transition between q0 and q1 is with value 1.;[('simbolo-q0-q1', '#04ed00', 'stroke')];True;True
156;is there an arc between q0 and q1 ;Eh is mmm there eh an uhm arc mmm between q0 uhm and uhm q1 ;The transition between q0 and q1 is with value 1.;[('simbolo-q0-q1', '#04ed00', 'stroke')];The transition between q0 and q1 is with value 1.;[('simbolo-q0-q1', '#04ed00', 'stroke')];True;True
156;is there an arc between q0 and q1 ;Mmm is eh there mmm an mmm arc eh between uhm q0 uhm and mmm q1 ;The transition between q0 and q1 is with value 1.;[('simbolo-q0-q1', '#04ed00', 'stroke')];The transition between q0 and q1 is with value 1.;[('simbolo-q0-q1', '#04ed00', 'stroke')];True;True
157;which are the trasitions ;Which mmm are the trasitions ;there is no transition between q0 and q0.;[];there is no transition between q0 and q0.;[];True;True
157;which are the trasitions ;Uhm which are mmm the trasitions ;there is no transition between q0 and q0.;[];there is no transition between q0 and q0.;[];True;True
157;which are the trasitions ;Mmm which are mmm the mmm trasitions ;there is no transition between q0 and q0.;[];there is no transition between q0 and q0.;[];True;True
157;which are the trasitions ;Eh which uhm are uhm the uhm trasitions ;there is no transition between q0 and q0.;[];there is no transition between q0 and q0.;[];True;True
158;describe the automaton ;Uhm describe the automaton ;The automaton accepts zero or more words formed by a sequence of the type 110. In total there are 4 states: q0, q1, q2 e q4. q0 is both the initial and the final state.Le transizioni sono: q0 with value 1 goes goes q1, q1 with value 1 goes goes q2, q4 with value 0 goes to q0.;[];The automaton accepts zero or more words formed by a sequence of the type 110. In total there are 4 states: q0, q1, q2 e q4. q0 is both the initial and the final state.Le transizioni sono: q0 with value 1 goes goes q1, q1 with value 1 goes goes q2, q4 with value 0 goes to q0.;[];True;True
158;describe the automaton ;Describe eh the uhm automaton ;The automaton accepts zero or more words formed by a sequence of the type 110. In total there are 4 states: q0, q1, q2 e q4. q0 is both the initial and the final state.Le transizioni sono: q0 with value 1 goes goes q1, q1 with value 1 goes goes q2, q4 with value 0 goes to q0.;[];The automaton accepts zero or more words formed by a sequence of the type 110. In total there are 4 states: q0, q1, q2 e q4. q0 is both the initial and the final state.Le transizioni sono: q0 with value 1 goes goes q1, q1 with value 1 goes goes q2, q4 with value 0 goes to q0.;[];True;True
158;describe the automaton ;Uhm describe uhm the mmm automaton ;The automaton accepts zero or more words formed by a sequence of the type 110. In total there are 4 states: q0, q1, q2 e q4. q0 is both the initial and the final state.Le transizioni sono: q0 with value 1 goes goes q1, q1 with value 1 goes goes q2, q4 with value 0 goes to q0.;[];The automaton accepts zero or more words formed by a sequence of the type 110. In total there are 4 states: q0, q1, q2 e q4. q0 is both the initial and the final state.Le transizioni sono: q0 with value 1 goes goes q1, q1 with value 1 goes goes q2, q4 with value 0 goes to q0.;[];True;True
159;what is the phd for ;Mmm what is the phd for ;Potresti essere più specifico?;[];Potresti essere più specifico?;[];True;True
159;what is the phd for ;What uhm is the uhm phd for ;Potresti essere più specifico?;[];Potresti essere più specifico?;[];True;True
159;what is the phd for ;Mmm what uhm is the phd uhm for ;Potresti essere più specifico?;[];Potresti essere più specifico?;[];True;True
159;what is the phd for ;Uhm what is mmm the uhm phd eh for ;Potresti essere più specifico?;[];Potresti essere più specifico?;[];True;True
159;what is the phd for ;Uhm what uhm is eh the uhm phd uhm for ;Potresti essere più specifico?;[];Potresti essere più specifico?;[];True;True
160;maximum number of states in an automaton ;Maximum number of eh states in an automaton ;This automaton has 4 states;[('simbolo-q0', '#04ed00', 'stroke'), ('simbolo-q1', '#04ed00', 'stroke'), ('simbolo-q2', '#04ed00', 'stroke'), ('simbolo-q4', '#04ed00', 'stroke')];This automaton has 4 states;[('simbolo-q0', '#04ed00', 'stroke'), ('simbolo-q1', '#04ed00', 'stroke'), ('simbolo-q2', '#04ed00', 'stroke'), ('simbolo-q4', '#04ed00', 'stroke')];True;True
160;maximum number of states in an automaton ;Maximum number of states in uhm an uhm automaton ;This automaton has 4 states;[('simbolo-q0', '#04ed00', 'stroke'), ('simbolo-q1', '#04ed00', 'stroke'), ('simbolo-q2', '#04ed00', 'stroke'), ('simbolo-q4', '#04ed00', 'stroke')];This automaton has 4 states;[('simbolo-q0', '#04ed00', 'stroke'), ('simbolo-q1', '#04ed00', 'stroke'), ('simbolo-q2', '#04ed00', 'stroke'), ('simbolo-q4', '#04ed00', 'stroke')];True;True
160;maximum number of states in an automaton ;Maximum mmm number of eh states in uhm an automaton ;This automaton has 4 states;[('simbolo-q0', '#04ed00', 'stroke'), ('simbolo-q1', '#04ed00', 'stroke'), ('simbolo-q2', '#04ed00', 'stroke'), ('simbolo-q4', '#04ed00', 'stroke')];The number of states is incorrect.;[('simbolo-q0', '#04ed00', 'stroke'), ('simbolo-q1', '#04ed00', 'stroke'), ('simbolo-q2', '#04ed00', 'stroke'), ('simbolo-q4', '#04ed00', 'stroke')];False;True
160;maximum number of states in an automaton ;Maximum uhm number uhm of uhm states in eh an automaton ;This automaton has 4 states;[('simbolo-q0', '#04ed00', 'stroke'), ('simbolo-q1', '#04ed00', 'stroke'), ('simbolo-q2', '#04ed00', 'stroke'), ('simbolo-q4', '#04ed00', 'stroke')];This automaton has 4 states;[('simbolo-q0', '#04ed00', 'stroke'), ('simbolo-q1', '#04ed00', 'stroke'), ('simbolo-q2', '#04ed00', 'stroke'), ('simbolo-q4', '#04ed00', 'stroke')];True;True
160;maximum number of states in an automaton ;Maximum uhm number of mmm states uhm in eh an uhm automaton ;This automaton has 4 states;[('simbolo-q0', '#04ed00', 'stroke'), ('simbolo-q1', '#04ed00', 'stroke'), ('simbolo-q2', '#04ed00', 'stroke'), ('simbolo-q4', '#04ed00', 'stroke')];This automaton has 4 states;[('simbolo-q0', '#04ed00', 'stroke'), ('simbolo-q1', '#04ed00', 'stroke'), ('simbolo-q2', '#04ed00', 'stroke'), ('simbolo-q4', '#04ed00', 'stroke')];True;True
160;maximum number of states in an automaton ;Eh maximum eh number uhm of uhm states uhm in mmm an automaton ;This automaton has 4 states;[('simbolo-q0', '#04ed00', 'stroke'), ('simbolo-q1', '#04ed00', 'stroke'), ('simbolo-q2', '#04ed00', 'stroke'), ('simbolo-q4', '#04ed00', 'stroke')];This automaton has 4 states;[('simbolo-q0', '#04ed00', 'stroke'), ('simbolo-q1', '#04ed00', 'stroke'), ('simbolo-q2', '#04ed00', 'stroke'), ('simbolo-q4', '#04ed00', 'stroke')];True;True
160;maximum number of states in an automaton ;Eh maximum eh number mmm of eh states eh in eh an uhm automaton ;This automaton has 4 states;[('simbolo-q0', '#04ed00', 'stroke'), ('simbolo-q1', '#04ed00', 'stroke'), ('simbolo-q2', '#04ed00', 'stroke'), ('simbolo-q4', '#04ed00', 'stroke')];This automaton has 4 states;[('simbolo-q0', '#04ed00', 'stroke'), ('simbolo-q1', '#04ed00', 'stroke'), ('simbolo-q2', '#04ed00', 'stroke'), ('simbolo-q4', '#04ed00', 'stroke')];True;True
161;How is the automaton represented ;How eh is the automaton represented ;The automaton accepts zero or more words formed by a sequence of the type 110. In total there are 4 states: q0, q1, q2 e q4. q0 is both the initial and the final state.Le transizioni sono: q0 with value 1 goes goes q1, q1 with value 1 goes goes q2, q4 with value 0 goes to q0.;[];The automaton accepts zero or more words formed by a sequence of the type 110. In total there are 4 states: q0, q1, q2 e q4. q0 is both the initial and the final state.Le transizioni sono: q0 with value 1 goes goes q1, q1 with value 1 goes goes q2, q4 with value 0 goes to q0.;[];True;True
161;How is the automaton represented ;Mmm how eh is the automaton represented ;The automaton accepts zero or more words formed by a sequence of the type 110. In total there are 4 states: q0, q1, q2 e q4. q0 is both the initial and the final state.Le transizioni sono: q0 with value 1 goes goes q1, q1 with value 1 goes goes q2, q4 with value 0 goes to q0.;[];The automaton accepts zero or more words formed by a sequence of the type 110. In total there are 4 states: q0, q1, q2 e q4. q0 is both the initial and the final state.Le transizioni sono: q0 with value 1 goes goes q1, q1 with value 1 goes goes q2, q4 with value 0 goes to q0.;[];True;True
161;How is the automaton represented ;How mmm is eh the eh automaton represented ;The automaton accepts zero or more words formed by a sequence of the type 110. In total there are 4 states: q0, q1, q2 e q4. q0 is both the initial and the final state.Le transizioni sono: q0 with value 1 goes goes q1, q1 with value 1 goes goes q2, q4 with value 0 goes to q0.;[];Potresti essere più specifico?;[];False;True
161;How is the automaton represented ;Eh how is uhm the eh automaton uhm represented ;The automaton accepts zero or more words formed by a sequence of the type 110. In total there are 4 states: q0, q1, q2 e q4. q0 is both the initial and the final state.Le transizioni sono: q0 with value 1 goes goes q1, q1 with value 1 goes goes q2, q4 with value 0 goes to q0.;[];The automaton accepts zero or more words formed by a sequence of the type 110. In total there are 4 states: q0, q1, q2 e q4. q0 is both the initial and the final state.Le transizioni sono: q0 with value 1 goes goes q1, q1 with value 1 goes goes q2, q4 with value 0 goes to q0.;[];True;True
161;How is the automaton represented ;Mmm how eh is eh the mmm automaton mmm represented ;The automaton accepts zero or more words formed by a sequence of the type 110. In total there are 4 states: q0, q1, q2 e q4. q0 is both the initial and the final state.Le transizioni sono: q0 with value 1 goes goes q1, q1 with value 1 goes goes q2, q4 with value 0 goes to q0.;[];The automaton accepts zero or more words formed by a sequence of the type 110. In total there are 4 states: q0, q1, q2 e q4. q0 is both the initial and the final state.Le transizioni sono: q0 with value 1 goes goes q1, q1 with value 1 goes goes q2, q4 with value 0 goes to q0.;[];True;True
162;How many states does a pentagon shaped automaton have ;Uhm how many states does a pentagon shaped automaton have ;This automaton has 4 states;[('simbolo-q0', '#04ed00', 'stroke'), ('simbolo-q1', '#04ed00', 'stroke'), ('simbolo-q2', '#04ed00', 'stroke'), ('simbolo-q4', '#04ed00', 'stroke')];This automaton has 4 states;[('simbolo-q0', '#04ed00', 'stroke'), ('simbolo-q1', '#04ed00', 'stroke'), ('simbolo-q2', '#04ed00', 'stroke'), ('simbolo-q4', '#04ed00', 'stroke')];True;True
162;How many states does a pentagon shaped automaton have ;How many mmm states does a pentagon shaped eh automaton have ;This automaton has 4 states;[('simbolo-q0', '#04ed00', 'stroke'), ('simbolo-q1', '#04ed00', 'stroke'), ('simbolo-q2', '#04ed00', 'stroke'), ('simbolo-q4', '#04ed00', 'stroke')];This automaton has 4 states;[('simbolo-q0', '#04ed00', 'stroke'), ('simbolo-q1', '#04ed00', 'stroke'), ('simbolo-q2', '#04ed00', 'stroke'), ('simbolo-q4', '#04ed00', 'stroke')];True;True
162;How many states does a pentagon shaped automaton have ;How many eh states does eh a mmm pentagon shaped automaton have ;This automaton has 4 states;[('simbolo-q0', '#04ed00', 'stroke'), ('simbolo-q1', '#04ed00', 'stroke'), ('simbolo-q2', '#04ed00', 'stroke'), ('simbolo-q4', '#04ed00', 'stroke')];This automaton has 4 states;[('simbolo-q0', '#04ed00', 'stroke'), ('simbolo-q1', '#04ed00', 'stroke'), ('simbolo-q2', '#04ed00', 'stroke'), ('simbolo-q4', '#04ed00', 'stroke')];True;True
162;How many states does a pentagon shaped automaton have ;Mmm how mmm many states does a eh pentagon shaped mmm automaton have ;This automaton has 4 states;[('simbolo-q0', '#04ed00', 'stroke'), ('simbolo-q1', '#04ed00', 'stroke'), ('simbolo-q2', '#04ed00', 'stroke'), ('simbolo-q4', '#04ed00', 'stroke')];This automaton has 4 states;[('simbolo-q0', '#04ed00', 'stroke'), ('simbolo-q1', '#04ed00', 'stroke'), ('simbolo-q2', '#04ed00', 'stroke'), ('simbolo-q4', '#04ed00', 'stroke')];True;True
162;How many states does a pentagon shaped automaton have ;How uhm many eh states does a pentagon eh shaped mmm automaton uhm have ;This automaton has 4 states;[('simbolo-q0', '#04ed00', 'stroke'), ('simbolo-q1', '#04ed00', 'stroke'), ('simbolo-q2', '#04ed00', 'stroke'), ('simbolo-q4', '#04ed00', 'stroke')];This automaton has 4 states;[('simbolo-q0', '#04ed00', 'stroke'), ('simbolo-q1', '#04ed00', 'stroke'), ('simbolo-q2', '#04ed00', 'stroke'), ('simbolo-q4', '#04ed00', 'stroke')];True;True
162;How many states does a pentagon shaped automaton have ;Mmm how eh many mmm states does a uhm pentagon eh shaped automaton uhm have ;This automaton has 4 states;[('simbolo-q0', '#04ed00', 'stroke'), ('simbolo-q1', '#04ed00', 'stroke'), ('simbolo-q2', '#04ed00', 'stroke'), ('simbolo-q4', '#04ed00', 'stroke')];This automaton has 4 states;[('simbolo-q0', '#04ed00', 'stroke'), ('simbolo-q1', '#04ed00', 'stroke'), ('simbolo-q2', '#04ed00', 'stroke'), ('simbolo-q4', '#04ed00', 'stroke')];True;True
162;How many states does a pentagon shaped automaton have ;How eh many states eh does mmm a mmm pentagon mmm shaped eh automaton mmm have ;This automaton has 4 states;[('simbolo-q0', '#04ed00', 'stroke'), ('simbolo-q1', '#04ed00', 'stroke'), ('simbolo-q2', '#04ed00', 'stroke'), ('simbolo-q4', '#04ed00', 'stroke')];This automaton has 4 states;[('simbolo-q0', '#04ed00', 'stroke'), ('simbolo-q1', '#04ed00', 'stroke'), ('simbolo-q2', '#04ed00', 'stroke'), ('simbolo-q4', '#04ed00', 'stroke')];True;True
162;How many states does a pentagon shaped automaton have ;Eh how many mmm states uhm does mmm a mmm pentagon mmm shaped mmm automaton uhm have ;This automaton has 4 states;[('simbolo-q0', '#04ed00', 'stroke'), ('simbolo-q1', '#04ed00', 'stroke'), ('simbolo-q2', '#04ed00', 'stroke'), ('simbolo-q4', '#04ed00', 'stroke')];This automaton has 4 states;[('simbolo-q0', '#04ed00', 'stroke'), ('simbolo-q1', '#04ed00', 'stroke'), ('simbolo-q2', '#04ed00', 'stroke'), ('simbolo-q4', '#04ed00', 'stroke')];True;True
162;How many states does a pentagon shaped automaton have ;Mmm how uhm many eh states eh does uhm a uhm pentagon mmm shaped mmm automaton eh have ;This automaton has 4 states;[('simbolo-q0', '#04ed00', 'stroke'), ('simbolo-q1', '#04ed00', 'stroke'), ('simbolo-q2', '#04ed00', 'stroke'), ('simbolo-q4', '#04ed00', 'stroke')];This automaton has 4 states;[('simbolo-q0', '#04ed00', 'stroke'), ('simbolo-q1', '#04ed00', 'stroke'), ('simbolo-q2', '#04ed00', 'stroke'), ('simbolo-q4', '#04ed00', 'stroke')];True;True
163;Briefly describe the automaton How many states are there ;Briefly describe mmm the automaton how many states are there ;The automaton has 4 states and 3 transitions.;[];The automaton has 4 states and 3 transitions.;[];True;True
163;Briefly describe the automaton How many states are there ;Briefly eh describe the automaton how many states are eh there ;The automaton has 4 states and 3 transitions.;[];The automaton has 4 states and 3 transitions.;[];True;True
163;Briefly describe the automaton How many states are there ;Eh briefly uhm describe eh the automaton how many states are there ;The automaton has 4 states and 3 transitions.;[];This automaton has 4 states;[('simbolo-q0', '#04ed00', 'stroke'), ('simbolo-q1', '#04ed00', 'stroke'), ('simbolo-q2', '#04ed00', 'stroke'), ('simbolo-q4', '#04ed00', 'stroke')];False;False
163;Briefly describe the automaton How many states are there ;Briefly describe eh the eh automaton mmm how many uhm states are there ;The automaton has 4 states and 3 transitions.;[];This automaton has 4 states;[('simbolo-q0', '#04ed00', 'stroke'), ('simbolo-q1', '#04ed00', 'stroke'), ('simbolo-q2', '#04ed00', 'stroke'), ('simbolo-q4', '#04ed00', 'stroke')];False;False
163;Briefly describe the automaton How many states are there ;Mmm briefly eh describe eh the automaton how many uhm states eh are there ;The automaton has 4 states and 3 transitions.;[];This automaton has 4 states;[('simbolo-q0', '#04ed00', 'stroke'), ('simbolo-q1', '#04ed00', 'stroke'), ('simbolo-q2', '#04ed00', 'stroke'), ('simbolo-q4', '#04ed00', 'stroke')];False;False
163;Briefly describe the automaton How many states are there ;Mmm briefly uhm describe the eh automaton how many mmm states mmm are uhm there ;The automaton has 4 states and 3 transitions.;[];The automaton has 4 states and 3 transitions.;[];True;True
163;Briefly describe the automaton How many states are there ;Eh briefly uhm describe mmm the eh automaton uhm how many uhm states are eh there ;The automaton has 4 states and 3 transitions.;[];This automaton has 4 states;[('simbolo-q0', '#04ed00', 'stroke'), ('simbolo-q1', '#04ed00', 'stroke'), ('simbolo-q2', '#04ed00', 'stroke'), ('simbolo-q4', '#04ed00', 'stroke')];False;False
163;Briefly describe the automaton How many states are there ;Uhm briefly mmm describe eh the mmm automaton mmm how mmm many eh states are uhm there ;The automaton has 4 states and 3 transitions.;[];The automaton has 4 states and 3 transitions.;[];True;True
163;Briefly describe the automaton How many states are there ;Uhm briefly uhm describe eh the eh automaton uhm how uhm many eh states uhm are eh there ;The automaton has 4 states and 3 transitions.;[];The automaton has 4 states and 3 transitions.;[];True;True
164;Briefly describe the automaton 2 How many states are there ;Mmm briefly describe the automaton 2 how many states are there ;The automaton has 4 states and 3 transitions.;[];The automaton has 4 states and 3 transitions.;[];True;True
164;Briefly describe the automaton 2 How many states are there ;Briefly describe eh the automaton 2 how many states eh are there ;The automaton has 4 states and 3 transitions.;[];The automaton has 4 states and 3 transitions.;[];True;True
164;Briefly describe the automaton 2 How many states are there ;Uhm briefly describe the automaton 2 how uhm many states are eh there ;The automaton has 4 states and 3 transitions.;[];The automaton has 4 states and 3 transitions.;[];True;True
164;Briefly describe the automaton 2 How many states are there ;Mmm briefly describe the automaton 2 how eh many states mmm are eh there ;The automaton has 4 states and 3 transitions.;[];This automaton has 4 states;[('simbolo-q0', '#04ed00', 'stroke'), ('simbolo-q1', '#04ed00', 'stroke'), ('simbolo-q2', '#04ed00', 'stroke'), ('simbolo-q4', '#04ed00', 'stroke')];False;False
164;Briefly describe the automaton 2 How many states are there ;Mmm briefly describe the automaton eh 2 uhm how mmm many eh states are there ;The automaton has 4 states and 3 transitions.;[];This automaton has 4 states;[('simbolo-q0', '#04ed00', 'stroke'), ('simbolo-q1', '#04ed00', 'stroke'), ('simbolo-q2', '#04ed00', 'stroke'), ('simbolo-q4', '#04ed00', 'stroke')];False;False
164;Briefly describe the automaton 2 How many states are there ;Briefly uhm describe the eh automaton 2 how uhm many uhm states eh are eh there ;The automaton has 4 states and 3 transitions.;[];The automaton has 4 states and 3 transitions.;[];True;True
164;Briefly describe the automaton 2 How many states are there ;Briefly eh describe mmm the mmm automaton mmm 2 how many eh states mmm are uhm there ;The automaton has 4 states and 3 transitions.;[];The automaton accepts zero or more words formed by a sequence of the type 110. In total there are 4 states: q0, q1, q2 e q4. q0 is both the initial and the final state.Le transizioni sono: q0 with value 1 goes goes q1, q1 with value 1 goes goes q2, q4 with value 0 goes to q0.;[];False;True
164;Briefly describe the automaton 2 How many states are there ;Uhm briefly uhm describe the uhm automaton uhm 2 how mmm many uhm states eh are uhm there ;The automaton has 4 states and 3 transitions.;[];This automaton has 4 states;[('simbolo-q0', '#04ed00', 'stroke'), ('simbolo-q1', '#04ed00', 'stroke'), ('simbolo-q2', '#04ed00', 'stroke'), ('simbolo-q4', '#04ed00', 'stroke')];False;False
164;Briefly describe the automaton 2 How many states are there ;Mmm briefly uhm describe uhm the eh automaton mmm 2 how mmm many eh states eh are uhm there ;The automaton has 4 states and 3 transitions.;[];This automaton has 4 states;[('simbolo-q0', '#04ed00', 'stroke'), ('simbolo-q1', '#04ed00', 'stroke'), ('simbolo-q2', '#04ed00', 'stroke'), ('simbolo-q4', '#04ed00', 'stroke')];False;False
164;Briefly describe the automaton 2 How many states are there ;Eh briefly uhm describe mmm the uhm automaton mmm 2 mmm how uhm many uhm states mmm are eh there ;The automaton has 4 states and 3 transitions.;[];The automaton has 4 states and 3 transitions.;[];True;True
165;How many states are in Automation 2 ;How many states are in mmm automation 2 ;This automaton has 4 states;[('simbolo-q0', '#04ed00', 'stroke'), ('simbolo-q1', '#04ed00', 'stroke'), ('simbolo-q2', '#04ed00', 'stroke'), ('simbolo-q4', '#04ed00', 'stroke')];This automaton has 4 states;[('simbolo-q0', '#04ed00', 'stroke'), ('simbolo-q1', '#04ed00', 'stroke'), ('simbolo-q2', '#04ed00', 'stroke'), ('simbolo-q4', '#04ed00', 'stroke')];True;True
165;How many states are in Automation 2 ;How many states uhm are in automation uhm 2 ;This automaton has 4 states;[('simbolo-q0', '#04ed00', 'stroke'), ('simbolo-q1', '#04ed00', 'stroke'), ('simbolo-q2', '#04ed00', 'stroke'), ('simbolo-q4', '#04ed00', 'stroke')];This automaton has 4 states;[('simbolo-q0', '#04ed00', 'stroke'), ('simbolo-q1', '#04ed00', 'stroke'), ('simbolo-q2', '#04ed00', 'stroke'), ('simbolo-q4', '#04ed00', 'stroke')];True;True
165;How many states are in Automation 2 ;How many mmm states eh are mmm in automation 2 ;This automaton has 4 states;[('simbolo-q0', '#04ed00', 'stroke'), ('simbolo-q1', '#04ed00', 'stroke'), ('simbolo-q2', '#04ed00', 'stroke'), ('simbolo-q4', '#04ed00', 'stroke')];This automaton has 4 states;[('simbolo-q0', '#04ed00', 'stroke'), ('simbolo-q1', '#04ed00', 'stroke'), ('simbolo-q2', '#04ed00', 'stroke'), ('simbolo-q4', '#04ed00', 'stroke')];True;True
165;How many states are in Automation 2 ;Uhm how uhm many eh states eh are in automation 2 ;This automaton has 4 states;[('simbolo-q0', '#04ed00', 'stroke'), ('simbolo-q1', '#04ed00', 'stroke'), ('simbolo-q2', '#04ed00', 'stroke'), ('simbolo-q4', '#04ed00', 'stroke')];This automaton has 4 states;[('simbolo-q0', '#04ed00', 'stroke'), ('simbolo-q1', '#04ed00', 'stroke'), ('simbolo-q2', '#04ed00', 'stroke'), ('simbolo-q4', '#04ed00', 'stroke')];True;True
165;How many states are in Automation 2 ;How uhm many mmm states uhm are in eh automation mmm 2 ;This automaton has 4 states;[('simbolo-q0', '#04ed00', 'stroke'), ('simbolo-q1', '#04ed00', 'stroke'), ('simbolo-q2', '#04ed00', 'stroke'), ('simbolo-q4', '#04ed00', 'stroke')];This automaton has 4 states;[('simbolo-q0', '#04ed00', 'stroke'), ('simbolo-q1', '#04ed00', 'stroke'), ('simbolo-q2', '#04ed00', 'stroke'), ('simbolo-q4', '#04ed00', 'stroke')];True;True
165;How many states are in Automation 2 ;Eh how uhm many mmm states are uhm in uhm automation mmm 2 ;This automaton has 4 states;[('simbolo-q0', '#04ed00', 'stroke'), ('simbolo-q1', '#04ed00', 'stroke'), ('simbolo-q2', '#04ed00', 'stroke'), ('simbolo-q4', '#04ed00', 'stroke')];This automaton has 4 states;[('simbolo-q0', '#04ed00', 'stroke'), ('simbolo-q1', '#04ed00', 'stroke'), ('simbolo-q2', '#04ed00', 'stroke'), ('simbolo-q4', '#04ed00', 'stroke')];True;True
165;How many states are in Automation 2 ;Uhm how eh many mmm states uhm are uhm in uhm automation mmm 2 ;This automaton has 4 states;[('simbolo-q0', '#04ed00', 'stroke'), ('simbolo-q1', '#04ed00', 'stroke'), ('simbolo-q2', '#04ed00', 'stroke'), ('simbolo-q4', '#04ed00', 'stroke')];This automaton has 4 states;[('simbolo-q0', '#04ed00', 'stroke'), ('simbolo-q1', '#04ed00', 'stroke'), ('simbolo-q2', '#04ed00', 'stroke'), ('simbolo-q4', '#04ed00', 'stroke')];True;True
166;How many transitions are there ;How mmm many transitions are there ;The automaton has 3 transitions: q0 con valore 1 va in q1, q1 con valore 1 va in q2, q4 con valore 0 va in q0.;[('simbolo-q0-q1', '#04ed00', 'stroke'), ('simbolo-q1-q2', '#04ed00', 'stroke'), ('simbolo-q4-q0', '#04ed00', 'stroke')];The automaton has 3 transitions: q0 con valore 1 va in q1, q1 con valore 1 va in q2, q4 con valore 0 va in q0.;[('simbolo-q0-q1', '#04ed00', 'stroke'), ('simbolo-q1-q2', '#04ed00', 'stroke'), ('simbolo-q4-q0', '#04ed00', 'stroke')];True;True
166;How many transitions are there ;How many mmm transitions are eh there ;The automaton has 3 transitions: q0 con valore 1 va in q1, q1 con valore 1 va in q2, q4 con valore 0 va in q0.;[('simbolo-q0-q1', '#04ed00', 'stroke'), ('simbolo-q1-q2', '#04ed00', 'stroke'), ('simbolo-q4-q0', '#04ed00', 'stroke')];The automaton has 3 transitions: q0 con valore 1 va in q1, q1 con valore 1 va in q2, q4 con valore 0 va in q0.;[('simbolo-q0-q1', '#04ed00', 'stroke'), ('simbolo-q1-q2', '#04ed00', 'stroke'), ('simbolo-q4-q0', '#04ed00', 'stroke')];True;True
166;How many transitions are there ;How many eh transitions mmm are eh there ;The automaton has 3 transitions: q0 con valore 1 va in q1, q1 con valore 1 va in q2, q4 con valore 0 va in q0.;[('simbolo-q0-q1', '#04ed00', 'stroke'), ('simbolo-q1-q2', '#04ed00', 'stroke'), ('simbolo-q4-q0', '#04ed00', 'stroke')];The automaton has 3 transitions: q0 con valore 1 va in q1, q1 con valore 1 va in q2, q4 con valore 0 va in q0.;[('simbolo-q0-q1', '#04ed00', 'stroke'), ('simbolo-q1-q2', '#04ed00', 'stroke'), ('simbolo-q4-q0', '#04ed00', 'stroke')];True;True
166;How many transitions are there ;How uhm many eh transitions mmm are eh there ;The automaton has 3 transitions: q0 con valore 1 va in q1, q1 con valore 1 va in q2, q4 con valore 0 va in q0.;[('simbolo-q0-q1', '#04ed00', 'stroke'), ('simbolo-q1-q2', '#04ed00', 'stroke'), ('simbolo-q4-q0', '#04ed00', 'stroke')];The automaton has 3 transitions: q0 con valore 1 va in q1, q1 con valore 1 va in q2, q4 con valore 0 va in q0.;[('simbolo-q0-q1', '#04ed00', 'stroke'), ('simbolo-q1-q2', '#04ed00', 'stroke'), ('simbolo-q4-q0', '#04ed00', 'stroke')];True;True
166;How many transitions are there ;Mmm how eh many eh transitions eh are uhm there ;The automaton has 3 transitions: q0 con valore 1 va in q1, q1 con valore 1 va in q2, q4 con valore 0 va in q0.;[('simbolo-q0-q1', '#04ed00', 'stroke'), ('simbolo-q1-q2', '#04ed00', 'stroke'), ('simbolo-q4-q0', '#04ed00', 'stroke')];The automaton has 3 transitions: q0 con valore 1 va in q1, q1 con valore 1 va in q2, q4 con valore 0 va in q0.;[('simbolo-q0-q1', '#04ed00', 'stroke'), ('simbolo-q1-q2', '#04ed00', 'stroke'), ('simbolo-q4-q0', '#04ed00', 'stroke')];True;True
167;Is there a transition from q0 to q5 ;Is there eh a transition from q0 to q5 ;the transition is not defined.;[];the transition is not defined.;[];True;True
167;Is there a transition from q0 to q5 ;Mmm is there a transition eh from q0 to q5 ;the transition is not defined.;[];the transition is not defined.;[];True;True
167;Is there a transition from q0 to q5 ;Is there a transition eh from q0 mmm to eh q5 ;the transition is not defined.;[];the transition is not defined.;[];True;True
167;Is there a transition from q0 to q5 ;Is mmm there a transition from mmm q0 mmm to eh q5 ;the transition is not defined.;[];the transition is not defined.;[];True;True
167;Is there a transition from q0 to q5 ;Is there a eh transition mmm from eh q0 mmm to eh q5 ;the transition is not defined.;[];the transition is not defined.;[];True;True
167;Is there a transition from q0 to q5 ;Uhm is uhm there uhm a mmm transition eh from q0 to mmm q5 ;the transition is not defined.;[];the transition is not defined.;[];True;True
167;Is there a transition from q0 to q5 ;Mmm is uhm there mmm a eh transition from eh q0 eh to eh q5 ;the transition is not defined.;[];the transition is not defined.;[];True;True
167;Is there a transition from q0 to q5 ;Mmm is eh there mmm a mmm transition eh from mmm q0 eh to mmm q5 ;the transition is not defined.;[];the transition is not defined.;[];True;True
168;According to your understanding of Automaton 2 what is its optimal spatial representation ;According to your understanding of automaton 2 what is its optimal spatial eh representation ;Potresti essere più specifico?;[];Potresti essere più specifico?;[];True;True
168;According to your understanding of Automaton 2 what is its optimal spatial representation ;According to your understanding uhm of automaton 2 what is its optimal spatial uhm representation ;Potresti essere più specifico?;[];The automaton accepts zero or more words formed by a sequence of the type 110. In total there are 4 states: q0, q1, q2 e q4. q0 is both the initial and the final state.Le transizioni sono: q0 with value 1 goes goes q1, q1 with value 1 goes goes q2, q4 with value 0 goes to q0.;[];False;True
168;According to your understanding of Automaton 2 what is its optimal spatial representation ;Eh according to your understanding of automaton eh 2 what is its optimal uhm spatial representation ;Potresti essere più specifico?;[];Potresti essere più specifico?;[];True;True
168;According to your understanding of Automaton 2 what is its optimal spatial representation ;According to uhm your understanding of automaton 2 mmm what uhm is its optimal eh spatial representation ;Potresti essere più specifico?;[];The automaton accepts zero or more words formed by a sequence of the type 110. In total there are 4 states: q0, q1, q2 e q4. q0 is both the initial and the final state.Le transizioni sono: q0 with value 1 goes goes q1, q1 with value 1 goes goes q2, q4 with value 0 goes to q0.;[];False;True
168;According to your understanding of Automaton 2 what is its optimal spatial representation ;According mmm to your uhm understanding of mmm automaton 2 what is eh its optimal mmm spatial representation ;Potresti essere più specifico?;[];The automaton accepts zero or more words formed by a sequence of the type 110. In total there are 4 states: q0, q1, q2 e q4. q0 is both the initial and the final state.Le transizioni sono: q0 with value 1 goes goes q1, q1 with value 1 goes goes q2, q4 with value 0 goes to q0.;[];False;True
168;According to your understanding of Automaton 2 what is its optimal spatial representation ;According eh to mmm your understanding uhm of automaton 2 what uhm is eh its optimal eh spatial representation ;Potresti essere più specifico?;[];The automaton accepts zero or more words formed by a sequence of the type 110. In total there are 4 states: q0, q1, q2 e q4. q0 is both the initial and the final state.Le transizioni sono: q0 with value 1 goes goes q1, q1 with value 1 goes goes q2, q4 with value 0 goes to q0.;[];False;True
168;According to your understanding of Automaton 2 what is its optimal spatial representation ;Uhm according to eh your eh understanding eh of automaton eh 2 uhm what is its optimal mmm spatial representation ;Potresti essere più specifico?;[];Potresti essere più specifico?;[];True;True
168;According to your understanding of Automaton 2 what is its optimal spatial representation ;According eh to mmm your uhm understanding mmm of eh automaton 2 what is uhm its optimal uhm spatial uhm representation ;Potresti essere più specifico?;[];The automaton accepts zero or more words formed by a sequence of the type 110. In total there are 4 states: q0, q1, q2 e q4. q0 is both the initial and the final state.Le transizioni sono: q0 with value 1 goes goes q1, q1 with value 1 goes goes q2, q4 with value 0 goes to q0.;[];False;True
168;According to your understanding of Automaton 2 what is its optimal spatial representation ;Mmm according uhm to your eh understanding uhm of automaton eh 2 uhm what is mmm its eh optimal spatial uhm representation ;Potresti essere più specifico?;[];Potresti essere più specifico?;[];True;True
168;According to your understanding of Automaton 2 what is its optimal spatial representation ;Mmm according to your mmm understanding mmm of mmm automaton 2 eh what uhm is eh its uhm optimal mmm spatial uhm representation ;Potresti essere più specifico?;[];Potresti essere più specifico?;[];True;True
168;According to your understanding of Automaton 2 what is its optimal spatial representation ;Mmm according uhm to your eh understanding mmm of mmm automaton eh 2 uhm what mmm is eh its mmm optimal uhm spatial representation ;Potresti essere più specifico?;[];The automaton accepts zero or more words formed by a sequence of the type 110. In total there are 4 states: q0, q1, q2 e q4. q0 is both the initial and the final state.Le transizioni sono: q0 with value 1 goes goes q1, q1 with value 1 goes goes q2, q4 with value 0 goes to q0.;[];False;True
168;According to your understanding of Automaton 2 what is its optimal spatial representation ;Mmm according uhm to mmm your mmm understanding of mmm automaton eh 2 eh what mmm is eh its eh optimal eh spatial mmm representation ;Potresti essere più specifico?;[];The automaton accepts zero or more words formed by a sequence of the type 110. In total there are 4 states: q0, q1, q2 e q4. q0 is both the initial and the final state.Le transizioni sono: q0 with value 1 goes goes q1, q1 with value 1 goes goes q2, q4 with value 0 goes to q0.;[];False;True
168;According to your understanding of Automaton 2 what is its optimal spatial representation ;Mmm according uhm to uhm your eh understanding mmm of uhm automaton eh 2 mmm what uhm is mmm its mmm optimal mmm spatial uhm representation ;Potresti essere più specifico?;[];Potresti essere più specifico?;[];True;True
169;The automaton accepts a language allowing words made of an odd number of 0s and 1s ;The automaton accepts a language eh allowing words made of an odd number of 0s and 1s ;Potresti essere più specifico?;[];Potresti essere più specifico?;[];True;True
169;The automaton accepts a language allowing words made of an odd number of 0s and 1s ;Uhm the automaton accepts a language allowing words made of an odd number mmm of 0s and 1s ;Potresti essere più specifico?;[];Potresti essere più specifico?;[];True;True
169;The automaton accepts a language allowing words made of an odd number of 0s and 1s ;The automaton eh accepts uhm a language allowing uhm words made of an odd number of 0s and 1s ;Potresti essere più specifico?;[];Potresti essere più specifico?;[];True;True
169;The automaton accepts a language allowing words made of an odd number of 0s and 1s ;The automaton accepts mmm a language allowing words uhm made of an odd number of uhm 0s mmm and 1s ;Potresti essere più specifico?;[];Potresti essere più specifico?;[];True;True
169;The automaton accepts a language allowing words made of an odd number of 0s and 1s ;The automaton mmm accepts a language allowing words uhm made of an odd number of uhm 0s uhm and mmm 1s ;Potresti essere più specifico?;[];Potresti essere più specifico?;[];True;True
169;The automaton accepts a language allowing words made of an odd number of 0s and 1s ;The mmm automaton uhm accepts a language allowing words made of eh an odd uhm number eh of mmm 0s and 1s ;Potresti essere più specifico?;[];Potresti essere più specifico?;[];True;True
169;The automaton accepts a language allowing words made of an odd number of 0s and 1s ;Eh the automaton uhm accepts a eh language allowing words mmm made of uhm an odd uhm number eh of 0s and 1s ;Potresti essere più specifico?;[];Potresti essere più specifico?;[];True;True
169;The automaton accepts a language allowing words made of an odd number of 0s and 1s ;The mmm automaton accepts mmm a eh language eh allowing mmm words made mmm of mmm an odd number of 0s and eh 1s ;Potresti essere più specifico?;[];The automaton accepts zero or more words formed by a sequence of the type 110. In total there are 4 states: q0, q1, q2 e q4. q0 is both the initial and the final state.Le transizioni sono: q0 with value 1 goes goes q1, q1 with value 1 goes goes q2, q4 with value 0 goes to q0.;[];False;True
169;The automaton accepts a language allowing words made of an odd number of 0s and 1s ;The uhm automaton eh accepts mmm a language uhm allowing words made uhm of eh an odd mmm number of 0s mmm and mmm 1s ;Potresti essere più specifico?;[];The automaton accepts zero or more words formed by a sequence of the type 110. In total there are 4 states: q0, q1, q2 e q4. q0 is both the initial and the final state.Le transizioni sono: q0 with value 1 goes goes q1, q1 with value 1 goes goes q2, q4 with value 0 goes to q0.;[];False;True
169;The automaton accepts a language allowing words made of an odd number of 0s and 1s ;Mmm the mmm automaton accepts a eh language eh allowing words uhm made mmm of an uhm odd mmm number uhm of 0s uhm and 1s ;Potresti essere più specifico?;[];Potresti essere più specifico?;[];True;True
169;The automaton accepts a language allowing words made of an odd number of 0s and 1s ;Eh the eh automaton accepts eh a mmm language allowing eh words mmm made eh of an mmm odd number eh of mmm 0s uhm and 1s ;Potresti essere più specifico?;[];Potresti essere più specifico?;[];True;True
169;The automaton accepts a language allowing words made of an odd number of 0s and 1s ;The automaton mmm accepts mmm a mmm language eh allowing mmm words mmm made mmm of mmm an mmm odd mmm number eh of 0s uhm and 1s ;Potresti essere più specifico?;[];Potresti essere più specifico?;[];True;True
169;The automaton accepts a language allowing words made of an odd number of 0s and 1s ;Eh the mmm automaton eh accepts a mmm language eh allowing mmm words eh made uhm of eh an mmm odd uhm number mmm of 0s and mmm 1s ;Potresti essere più specifico?;[];The automaton accepts zero or more words formed by a sequence of the type 110. In total there are 4 states: q0, q1, q2 e q4. q0 is both the initial and the final state.Le transizioni sono: q0 with value 1 goes goes q1, q1 with value 1 goes goes q2, q4 with value 0 goes to q0.;[];False;True
169;The automaton accepts a language allowing words made of an odd number of 0s and 1s ;Uhm the eh automaton uhm accepts uhm a language eh allowing uhm words eh made mmm of mmm an mmm odd eh number eh of mmm 0s uhm and 1s ;Potresti essere più specifico?;[];Potresti essere più specifico?;[];True;True
169;The automaton accepts a language allowing words made of an odd number of 0s and 1s ;Mmm the uhm automaton uhm accepts uhm a uhm language uhm allowing uhm words mmm made uhm of eh an uhm odd uhm number uhm of uhm 0s mmm and 1s ;Potresti essere più specifico?;[];Potresti essere più specifico?;[];True;True
169;The automaton accepts a language allowing words made of an odd number of 0s and 1s ;Eh the eh automaton mmm accepts eh a uhm language mmm allowing uhm words mmm made uhm of uhm an mmm odd eh number eh of uhm 0s eh and mmm 1s ;Potresti essere più specifico?;[];Potresti essere più specifico?;[];True;True
170;How many states are there ;How many uhm states are there ;This automaton has 4 states;[('simbolo-q0', '#04ed00', 'stroke'), ('simbolo-q1', '#04ed00', 'stroke'), ('simbolo-q2', '#04ed00', 'stroke'), ('simbolo-q4', '#04ed00', 'stroke')];This automaton has 4 states;[('simbolo-q0', '#04ed00', 'stroke'), ('simbolo-q1', '#04ed00', 'stroke'), ('simbolo-q2', '#04ed00', 'stroke'), ('simbolo-q4', '#04ed00', 'stroke')];True;True
170;How many states are there ;Uhm how eh many states are there ;This automaton has 4 states;[('simbolo-q0', '#04ed00', 'stroke'), ('simbolo-q1', '#04ed00', 'stroke'), ('simbolo-q2', '#04ed00', 'stroke'), ('simbolo-q4', '#04ed00', 'stroke')];This automaton has 4 states;[('simbolo-q0', '#04ed00', 'stroke'), ('simbolo-q1', '#04ed00', 'stroke'), ('simbolo-q2', '#04ed00', 'stroke'), ('simbolo-q4', '#04ed00', 'stroke')];True;True
170;How many states are there ;Eh how many mmm states mmm are there ;This automaton has 4 states;[('simbolo-q0', '#04ed00', 'stroke'), ('simbolo-q1', '#04ed00', 'stroke'), ('simbolo-q2', '#04ed00', 'stroke'), ('simbolo-q4', '#04ed00', 'stroke')];This automaton has 4 states;[('simbolo-q0', '#04ed00', 'stroke'), ('simbolo-q1', '#04ed00', 'stroke'), ('simbolo-q2', '#04ed00', 'stroke'), ('simbolo-q4', '#04ed00', 'stroke')];True;True
170;How many states are there ;Eh how eh many mmm states are mmm there ;This automaton has 4 states;[('simbolo-q0', '#04ed00', 'stroke'), ('simbolo-q1', '#04ed00', 'stroke'), ('simbolo-q2', '#04ed00', 'stroke'), ('simbolo-q4', '#04ed00', 'stroke')];This automaton has 4 states;[('simbolo-q0', '#04ed00', 'stroke'), ('simbolo-q1', '#04ed00', 'stroke'), ('simbolo-q2', '#04ed00', 'stroke'), ('simbolo-q4', '#04ed00', 'stroke')];True;True
170;How many states are there ;Uhm how eh many eh states mmm are uhm there ;This automaton has 4 states;[('simbolo-q0', '#04ed00', 'stroke'), ('simbolo-q1', '#04ed00', 'stroke'), ('simbolo-q2', '#04ed00', 'stroke'), ('simbolo-q4', '#04ed00', 'stroke')];This automaton has 4 states;[('simbolo-q0', '#04ed00', 'stroke'), ('simbolo-q1', '#04ed00', 'stroke'), ('simbolo-q2', '#04ed00', 'stroke'), ('simbolo-q4', '#04ed00', 'stroke')];True;True
171;Briefly describe the automaton ;Briefly describe mmm the automaton ;The automaton accepts zero or more words formed by a sequence of the type 110. In total there are 4 states: q0, q1, q2 e q4. q0 is both the initial and the final state.Le transizioni sono: q0 with value 1 goes goes q1, q1 with value 1 goes goes q2, q4 with value 0 goes to q0.;[];The automaton accepts zero or more words formed by a sequence of the type 110. In total there are 4 states: q0, q1, q2 e q4. q0 is both the initial and the final state.Le transizioni sono: q0 with value 1 goes goes q1, q1 with value 1 goes goes q2, q4 with value 0 goes to q0.;[];True;True
171;Briefly describe the automaton ;Eh briefly describe uhm the automaton ;The automaton accepts zero or more words formed by a sequence of the type 110. In total there are 4 states: q0, q1, q2 e q4. q0 is both the initial and the final state.Le transizioni sono: q0 with value 1 goes goes q1, q1 with value 1 goes goes q2, q4 with value 0 goes to q0.;[];The automaton accepts zero or more words formed by a sequence of the type 110. In total there are 4 states: q0, q1, q2 e q4. q0 is both the initial and the final state.Le transizioni sono: q0 with value 1 goes goes q1, q1 with value 1 goes goes q2, q4 with value 0 goes to q0.;[];True;True
171;Briefly describe the automaton ;Mmm briefly eh describe eh the automaton ;The automaton accepts zero or more words formed by a sequence of the type 110. In total there are 4 states: q0, q1, q2 e q4. q0 is both the initial and the final state.Le transizioni sono: q0 with value 1 goes goes q1, q1 with value 1 goes goes q2, q4 with value 0 goes to q0.;[];The automaton accepts zero or more words formed by a sequence of the type 110. In total there are 4 states: q0, q1, q2 e q4. q0 is both the initial and the final state.Le transizioni sono: q0 with value 1 goes goes q1, q1 with value 1 goes goes q2, q4 with value 0 goes to q0.;[];True;True
171;Briefly describe the automaton ;Mmm briefly eh describe eh the mmm automaton ;The automaton accepts zero or more words formed by a sequence of the type 110. In total there are 4 states: q0, q1, q2 e q4. q0 is both the initial and the final state.Le transizioni sono: q0 with value 1 goes goes q1, q1 with value 1 goes goes q2, q4 with value 0 goes to q0.;[];The automaton accepts zero or more words formed by a sequence of the type 110. In total there are 4 states: q0, q1, q2 e q4. q0 is both the initial and the final state.Le transizioni sono: q0 with value 1 goes goes q1, q1 with value 1 goes goes q2, q4 with value 0 goes to q0.;[];True;True
172;How is the automaton represented ;How eh is the automaton represented ;The automaton accepts zero or more words formed by a sequence of the type 110. In total there are 4 states: q0, q1, q2 e q4. q0 is both the initial and the final state.Le transizioni sono: q0 with value 1 goes goes q1, q1 with value 1 goes goes q2, q4 with value 0 goes to q0.;[];The automaton accepts zero or more words formed by a sequence of the type 110. In total there are 4 states: q0, q1, q2 e q4. q0 is both the initial and the final state.Le transizioni sono: q0 with value 1 goes goes q1, q1 with value 1 goes goes q2, q4 with value 0 goes to q0.;[];True;True
172;How is the automaton represented ;Mmm how is the automaton eh represented ;The automaton accepts zero or more words formed by a sequence of the type 110. In total there are 4 states: q0, q1, q2 e q4. q0 is both the initial and the final state.Le transizioni sono: q0 with value 1 goes goes q1, q1 with value 1 goes goes q2, q4 with value 0 goes to q0.;[];The automaton accepts zero or more words formed by a sequence of the type 110. In total there are 4 states: q0, q1, q2 e q4. q0 is both the initial and the final state.Le transizioni sono: q0 with value 1 goes goes q1, q1 with value 1 goes goes q2, q4 with value 0 goes to q0.;[];True;True
172;How is the automaton represented ;Eh how eh is the automaton mmm represented ;The automaton accepts zero or more words formed by a sequence of the type 110. In total there are 4 states: q0, q1, q2 e q4. q0 is both the initial and the final state.Le transizioni sono: q0 with value 1 goes goes q1, q1 with value 1 goes goes q2, q4 with value 0 goes to q0.;[];The automaton accepts zero or more words formed by a sequence of the type 110. In total there are 4 states: q0, q1, q2 e q4. q0 is both the initial and the final state.Le transizioni sono: q0 with value 1 goes goes q1, q1 with value 1 goes goes q2, q4 with value 0 goes to q0.;[];True;True
172;How is the automaton represented ;Uhm how mmm is eh the automaton uhm represented ;The automaton accepts zero or more words formed by a sequence of the type 110. In total there are 4 states: q0, q1, q2 e q4. q0 is both the initial and the final state.Le transizioni sono: q0 with value 1 goes goes q1, q1 with value 1 goes goes q2, q4 with value 0 goes to q0.;[];The automaton accepts zero or more words formed by a sequence of the type 110. In total there are 4 states: q0, q1, q2 e q4. q0 is both the initial and the final state.Le transizioni sono: q0 with value 1 goes goes q1, q1 with value 1 goes goes q2, q4 with value 0 goes to q0.;[];True;True
172;How is the automaton represented ;Mmm how mmm is eh the uhm automaton uhm represented ;The automaton accepts zero or more words formed by a sequence of the type 110. In total there are 4 states: q0, q1, q2 e q4. q0 is both the initial and the final state.Le transizioni sono: q0 with value 1 goes goes q1, q1 with value 1 goes goes q2, q4 with value 0 goes to q0.;[];The automaton accepts zero or more words formed by a sequence of the type 110. In total there are 4 states: q0, q1, q2 e q4. q0 is both the initial and the final state.Le transizioni sono: q0 with value 1 goes goes q1, q1 with value 1 goes goes q2, q4 with value 0 goes to q0.;[];True;True
173;Is there an arc between q0 and q1 ;Is there an arc between q0 and uhm q1 ;The transition between q0 and q1 is with value 1.;[('simbolo-q0-q1', '#04ed00', 'stroke')];the transition is not defined.;[];False;False
173;Is there an arc between q0 and q1 ;Is there an uhm arc between q0 and uhm q1 ;The transition between q0 and q1 is with value 1.;[('simbolo-q0-q1', '#04ed00', 'stroke')];the transition is not defined.;[];False;False
173;Is there an arc between q0 and q1 ;Is uhm there an arc mmm between q0 eh and q1 ;The transition between q0 and q1 is with value 1.;[('simbolo-q0-q1', '#04ed00', 'stroke')];The transition between q0 and q1 is with value 1.;[('simbolo-q0-q1', '#04ed00', 'stroke')];True;True
173;Is there an arc between q0 and q1 ;Is mmm there mmm an eh arc between q0 eh and q1 ;The transition between q0 and q1 is with value 1.;[('simbolo-q0-q1', '#04ed00', 'stroke')];The transition between q0 and q1 is with value 1.;[('simbolo-q0-q1', '#04ed00', 'stroke')];True;True
173;Is there an arc between q0 and q1 ;Mmm is eh there eh an arc uhm between mmm q0 and q1 ;The transition between q0 and q1 is with value 1.;[('simbolo-q0-q1', '#04ed00', 'stroke')];the transition is not defined.;[];False;False
173;Is there an arc between q0 and q1 ;Uhm is uhm there an arc eh between uhm q0 mmm and mmm q1 ;The transition between q0 and q1 is with value 1.;[('simbolo-q0-q1', '#04ed00', 'stroke')];the transition is not defined.;[];False;False
173;Is there an arc between q0 and q1 ;Uhm is uhm there an mmm arc eh between eh q0 mmm and mmm q1 ;The transition between q0 and q1 is with value 1.;[('simbolo-q0-q1', '#04ed00', 'stroke')];The transition between q0 and q1 is with value 1.;[('simbolo-q0-q1', '#04ed00', 'stroke')];True;True
173;Is there an arc between q0 and q1 ;Mmm is uhm there uhm an uhm arc uhm between uhm q0 eh and mmm q1 ;The transition between q0 and q1 is with value 1.;[('simbolo-q0-q1', '#04ed00', 'stroke')];the transition is not defined.;[];False;False
174;Is there an arc between q1 and q2 ;Is mmm there an arc between q1 and q2 ;The transition between q1 and q2 is with value 1.;[('simbolo-q1-q2', '#04ed00', 'stroke')];The transition between q1 and q2 is with value 1.;[('simbolo-q1-q2', '#04ed00', 'stroke')];True;True
174;Is there an arc between q1 and q2 ;Eh is there an arc between q1 mmm and q2 ;The transition between q1 and q2 is with value 1.;[('simbolo-q1-q2', '#04ed00', 'stroke')];The transition between q1 and q2 is with value 1.;[('simbolo-q1-q2', '#04ed00', 'stroke')];True;True
174;Is there an arc between q1 and q2 ;Mmm is there an arc uhm between mmm q1 and q2 ;The transition between q1 and q2 is with value 1.;[('simbolo-q1-q2', '#04ed00', 'stroke')];the transition is not defined.;[];False;False
174;Is there an arc between q1 and q2 ;Uhm is there an arc mmm between q1 eh and mmm q2 ;The transition between q1 and q2 is with value 1.;[('simbolo-q1-q2', '#04ed00', 'stroke')];The transition between q1 and q2 is with value 1.;[('simbolo-q1-q2', '#04ed00', 'stroke')];True;True
174;Is there an arc between q1 and q2 ;Is there eh an eh arc mmm between mmm q1 mmm and q2 ;The transition between q1 and q2 is with value 1.;[('simbolo-q1-q2', '#04ed00', 'stroke')];The transition between q1 and q2 is with value 1.;[('simbolo-q1-q2', '#04ed00', 'stroke')];True;True
174;Is there an arc between q1 and q2 ;Uhm is mmm there eh an arc between mmm q1 mmm and mmm q2 ;The transition between q1 and q2 is with value 1.;[('simbolo-q1-q2', '#04ed00', 'stroke')];The transition between q1 and q2 is with value 1.;[('simbolo-q1-q2', '#04ed00', 'stroke')];True;True
174;Is there an arc between q1 and q2 ;Mmm is eh there uhm an uhm arc uhm between q1 eh and mmm q2 ;The transition between q1 and q2 is with value 1.;[('simbolo-q1-q2', '#04ed00', 'stroke')];The transition between q1 and q2 is with value 1.;[('simbolo-q1-q2', '#04ed00', 'stroke')];True;True
174;Is there an arc between q1 and q2 ;Eh is eh there eh an eh arc uhm between uhm q1 uhm and eh q2 ;The transition between q1 and q2 is with value 1.;[('simbolo-q1-q2', '#04ed00', 'stroke')];The transition between q1 and q2 is with value 1.;[('simbolo-q1-q2', '#04ed00', 'stroke')];True;True
175;describe me the automaton ;Describe eh me the automaton ;The automaton accepts zero or more words formed by a sequence of the type 110. In total there are 4 states: q0, q1, q2 e q4. q0 is both the initial and the final state.Le transizioni sono: q0 with value 1 goes goes q1, q1 with value 1 goes goes q2, q4 with value 0 goes to q0.;[];The automaton accepts zero or more words formed by a sequence of the type 110. In total there are 4 states: q0, q1, q2 e q4. q0 is both the initial and the final state.Le transizioni sono: q0 with value 1 goes goes q1, q1 with value 1 goes goes q2, q4 with value 0 goes to q0.;[];True;True
175;describe me the automaton ;Describe mmm me eh the automaton ;The automaton accepts zero or more words formed by a sequence of the type 110. In total there are 4 states: q0, q1, q2 e q4. q0 is both the initial and the final state.Le transizioni sono: q0 with value 1 goes goes q1, q1 with value 1 goes goes q2, q4 with value 0 goes to q0.;[];The automaton accepts zero or more words formed by a sequence of the type 110. In total there are 4 states: q0, q1, q2 e q4. q0 is both the initial and the final state.Le transizioni sono: q0 with value 1 goes goes q1, q1 with value 1 goes goes q2, q4 with value 0 goes to q0.;[];True;True
175;describe me the automaton ;Describe mmm me uhm the uhm automaton ;The automaton accepts zero or more words formed by a sequence of the type 110. In total there are 4 states: q0, q1, q2 e q4. q0 is both the initial and the final state.Le transizioni sono: q0 with value 1 goes goes q1, q1 with value 1 goes goes q2, q4 with value 0 goes to q0.;[];The automaton accepts zero or more words formed by a sequence of the type 110. In total there are 4 states: q0, q1, q2 e q4. q0 is both the initial and the final state.Le transizioni sono: q0 with value 1 goes goes q1, q1 with value 1 goes goes q2, q4 with value 0 goes to q0.;[];True;True
175;describe me the automaton ;Uhm describe uhm me uhm the eh automaton ;The automaton accepts zero or more words formed by a sequence of the type 110. In total there are 4 states: q0, q1, q2 e q4. q0 is both the initial and the final state.Le transizioni sono: q0 with value 1 goes goes q1, q1 with value 1 goes goes q2, q4 with value 0 goes to q0.;[];The automaton accepts zero or more words formed by a sequence of the type 110. In total there are 4 states: q0, q1, q2 e q4. q0 is both the initial and the final state.Le transizioni sono: q0 with value 1 goes goes q1, q1 with value 1 goes goes q2, q4 with value 0 goes to q0.;[];True;True
176;how many states does the automaton have ;How many uhm states does the automaton have ;This automaton has 4 states;[('simbolo-q0', '#04ed00', 'stroke'), ('simbolo-q1', '#04ed00', 'stroke'), ('simbolo-q2', '#04ed00', 'stroke'), ('simbolo-q4', '#04ed00', 'stroke')];This automaton has 4 states;[('simbolo-q0', '#04ed00', 'stroke'), ('simbolo-q1', '#04ed00', 'stroke'), ('simbolo-q2', '#04ed00', 'stroke'), ('simbolo-q4', '#04ed00', 'stroke')];True;True
176;how many states does the automaton have ;How many states does eh the eh automaton have ;This automaton has 4 states;[('simbolo-q0', '#04ed00', 'stroke'), ('simbolo-q1', '#04ed00', 'stroke'), ('simbolo-q2', '#04ed00', 'stroke'), ('simbolo-q4', '#04ed00', 'stroke')];This automaton has 4 states;[('simbolo-q0', '#04ed00', 'stroke'), ('simbolo-q1', '#04ed00', 'stroke'), ('simbolo-q2', '#04ed00', 'stroke'), ('simbolo-q4', '#04ed00', 'stroke')];True;True
176;how many states does the automaton have ;How many states eh does the eh automaton uhm have ;This automaton has 4 states;[('simbolo-q0', '#04ed00', 'stroke'), ('simbolo-q1', '#04ed00', 'stroke'), ('simbolo-q2', '#04ed00', 'stroke'), ('simbolo-q4', '#04ed00', 'stroke')];This automaton has 4 states;[('simbolo-q0', '#04ed00', 'stroke'), ('simbolo-q1', '#04ed00', 'stroke'), ('simbolo-q2', '#04ed00', 'stroke'), ('simbolo-q4', '#04ed00', 'stroke')];True;True
176;how many states does the automaton have ;How many states eh does uhm the eh automaton mmm have ;This automaton has 4 states;[('simbolo-q0', '#04ed00', 'stroke'), ('simbolo-q1', '#04ed00', 'stroke'), ('simbolo-q2', '#04ed00', 'stroke'), ('simbolo-q4', '#04ed00', 'stroke')];This automaton has 4 states;[('simbolo-q0', '#04ed00', 'stroke'), ('simbolo-q1', '#04ed00', 'stroke'), ('simbolo-q2', '#04ed00', 'stroke'), ('simbolo-q4', '#04ed00', 'stroke')];True;True
176;how many states does the automaton have ;Mmm how many states mmm does uhm the mmm automaton mmm have ;This automaton has 4 states;[('simbolo-q0', '#04ed00', 'stroke'), ('simbolo-q1', '#04ed00', 'stroke'), ('simbolo-q2', '#04ed00', 'stroke'), ('simbolo-q4', '#04ed00', 'stroke')];This automaton has 4 states;[('simbolo-q0', '#04ed00', 'stroke'), ('simbolo-q1', '#04ed00', 'stroke'), ('simbolo-q2', '#04ed00', 'stroke'), ('simbolo-q4', '#04ed00', 'stroke')];True;True
176;how many states does the automaton have ;Mmm how mmm many mmm states eh does uhm the automaton mmm have ;This automaton has 4 states;[('simbolo-q0', '#04ed00', 'stroke'), ('simbolo-q1', '#04ed00', 'stroke'), ('simbolo-q2', '#04ed00', 'stroke'), ('simbolo-q4', '#04ed00', 'stroke')];This automaton has 4 states;[('simbolo-q0', '#04ed00', 'stroke'), ('simbolo-q1', '#04ed00', 'stroke'), ('simbolo-q2', '#04ed00', 'stroke'), ('simbolo-q4', '#04ed00', 'stroke')];True;True
176;how many states does the automaton have ;Uhm how eh many mmm states uhm does eh the eh automaton mmm have ;This automaton has 4 states;[('simbolo-q0', '#04ed00', 'stroke'), ('simbolo-q1', '#04ed00', 'stroke'), ('simbolo-q2', '#04ed00', 'stroke'), ('simbolo-q4', '#04ed00', 'stroke')];This automaton has 4 states;[('simbolo-q0', '#04ed00', 'stroke'), ('simbolo-q1', '#04ed00', 'stroke'), ('simbolo-q2', '#04ed00', 'stroke'), ('simbolo-q4', '#04ed00', 'stroke')];True;True
177;wat is the language recognised by the automaton ;Wat is the language recognised by eh the automaton ;Potresti essere più specifico?;[];Potresti essere più specifico?;[];True;True
177;wat is the language recognised by the automaton ;Wat is the language recognised uhm by the eh automaton ;Potresti essere più specifico?;[];Potresti essere più specifico?;[];True;True
177;wat is the language recognised by the automaton ;Wat is the eh language recognised mmm by eh the automaton ;Potresti essere più specifico?;[];Potresti essere più specifico?;[];True;True
177;wat is the language recognised by the automaton ;Wat mmm is mmm the language recognised eh by the eh automaton ;Potresti essere più specifico?;[];Potresti essere più specifico?;[];True;True
177;wat is the language recognised by the automaton ;Mmm wat eh is eh the language recognised by mmm the mmm automaton ;Potresti essere più specifico?;[];Potresti essere più specifico?;[];True;True
177;wat is the language recognised by the automaton ;Wat uhm is eh the eh language mmm recognised uhm by the mmm automaton ;Potresti essere più specifico?;[];Potresti essere più specifico?;[];True;True
177;wat is the language recognised by the automaton ;Mmm wat eh is eh the eh language mmm recognised by uhm the mmm automaton ;Potresti essere più specifico?;[];Potresti essere più specifico?;[];True;True
177;wat is the language recognised by the automaton ;Eh wat mmm is mmm the uhm language uhm recognised mmm by eh the mmm automaton ;Potresti essere più specifico?;[];Potresti essere più specifico?;[];True;True
178;describe me the automaton ;Describe uhm me the automaton ;The automaton accepts zero or more words formed by a sequence of the type 110. In total there are 4 states: q0, q1, q2 e q4. q0 is both the initial and the final state.Le transizioni sono: q0 with value 1 goes goes q1, q1 with value 1 goes goes q2, q4 with value 0 goes to q0.;[];The automaton accepts zero or more words formed by a sequence of the type 110. In total there are 4 states: q0, q1, q2 e q4. q0 is both the initial and the final state.Le transizioni sono: q0 with value 1 goes goes q1, q1 with value 1 goes goes q2, q4 with value 0 goes to q0.;[];True;True
178;describe me the automaton ;Describe eh me uhm the automaton ;The automaton accepts zero or more words formed by a sequence of the type 110. In total there are 4 states: q0, q1, q2 e q4. q0 is both the initial and the final state.Le transizioni sono: q0 with value 1 goes goes q1, q1 with value 1 goes goes q2, q4 with value 0 goes to q0.;[];The automaton accepts zero or more words formed by a sequence of the type 110. In total there are 4 states: q0, q1, q2 e q4. q0 is both the initial and the final state.Le transizioni sono: q0 with value 1 goes goes q1, q1 with value 1 goes goes q2, q4 with value 0 goes to q0.;[];True;True
178;describe me the automaton ;Eh describe uhm me the uhm automaton ;The automaton accepts zero or more words formed by a sequence of the type 110. In total there are 4 states: q0, q1, q2 e q4. q0 is both the initial and the final state.Le transizioni sono: q0 with value 1 goes goes q1, q1 with value 1 goes goes q2, q4 with value 0 goes to q0.;[];The automaton accepts zero or more words formed by a sequence of the type 110. In total there are 4 states: q0, q1, q2 e q4. q0 is both the initial and the final state.Le transizioni sono: q0 with value 1 goes goes q1, q1 with value 1 goes goes q2, q4 with value 0 goes to q0.;[];True;True
178;describe me the automaton ;Mmm describe uhm me eh the mmm automaton ;The automaton accepts zero or more words formed by a sequence of the type 110. In total there are 4 states: q0, q1, q2 e q4. q0 is both the initial and the final state.Le transizioni sono: q0 with value 1 goes goes q1, q1 with value 1 goes goes q2, q4 with value 0 goes to q0.;[];The automaton accepts zero or more words formed by a sequence of the type 110. In total there are 4 states: q0, q1, q2 e q4. q0 is both the initial and the final state.Le transizioni sono: q0 with value 1 goes goes q1, q1 with value 1 goes goes q2, q4 with value 0 goes to q0.;[];True;True
179;briefly describe the automation ;Eh briefly describe the automation ;The automaton accepts zero or more words formed by a sequence of the type 110. In total there are 4 states: q0, q1, q2 e q4. q0 is both the initial and the final state.Le transizioni sono: q0 with value 1 goes goes q1, q1 with value 1 goes goes q2, q4 with value 0 goes to q0.;[];The automaton accepts zero or more words formed by a sequence of the type 110. In total there are 4 states: q0, q1, q2 e q4. q0 is both the initial and the final state.Le transizioni sono: q0 with value 1 goes goes q1, q1 with value 1 goes goes q2, q4 with value 0 goes to q0.;[];True;True
179;briefly describe the automation ;Briefly mmm describe uhm the automation ;The automaton accepts zero or more words formed by a sequence of the type 110. In total there are 4 states: q0, q1, q2 e q4. q0 is both the initial and the final state.Le transizioni sono: q0 with value 1 goes goes q1, q1 with value 1 goes goes q2, q4 with value 0 goes to q0.;[];The automaton accepts zero or more words formed by a sequence of the type 110. In total there are 4 states: q0, q1, q2 e q4. q0 is both the initial and the final state.Le transizioni sono: q0 with value 1 goes goes q1, q1 with value 1 goes goes q2, q4 with value 0 goes to q0.;[];True;True
179;briefly describe the automation ;Uhm briefly describe mmm the eh automation ;The automaton accepts zero or more words formed by a sequence of the type 110. In total there are 4 states: q0, q1, q2 e q4. q0 is both the initial and the final state.Le transizioni sono: q0 with value 1 goes goes q1, q1 with value 1 goes goes q2, q4 with value 0 goes to q0.;[];The automaton accepts zero or more words formed by a sequence of the type 110. In total there are 4 states: q0, q1, q2 e q4. q0 is both the initial and the final state.Le transizioni sono: q0 with value 1 goes goes q1, q1 with value 1 goes goes q2, q4 with value 0 goes to q0.;[];True;True
179;briefly describe the automation ;Uhm briefly mmm describe uhm the mmm automation ;The automaton accepts zero or more words formed by a sequence of the type 110. In total there are 4 states: q0, q1, q2 e q4. q0 is both the initial and the final state.Le transizioni sono: q0 with value 1 goes goes q1, q1 with value 1 goes goes q2, q4 with value 0 goes to q0.;[];The automaton accepts zero or more words formed by a sequence of the type 110. In total there are 4 states: q0, q1, q2 e q4. q0 is both the initial and the final state.Le transizioni sono: q0 with value 1 goes goes q1, q1 with value 1 goes goes q2, q4 with value 0 goes to q0.;[];True;True
180;how many states ;How many mmm states ;This automaton has 4 states;[('simbolo-q0', '#04ed00', 'stroke'), ('simbolo-q1', '#04ed00', 'stroke'), ('simbolo-q2', '#04ed00', 'stroke'), ('simbolo-q4', '#04ed00', 'stroke')];This automaton has 4 states;[('simbolo-q0', '#04ed00', 'stroke'), ('simbolo-q1', '#04ed00', 'stroke'), ('simbolo-q2', '#04ed00', 'stroke'), ('simbolo-q4', '#04ed00', 'stroke')];True;True
180;how many states ;How uhm many mmm states ;This automaton has 4 states;[('simbolo-q0', '#04ed00', 'stroke'), ('simbolo-q1', '#04ed00', 'stroke'), ('simbolo-q2', '#04ed00', 'stroke'), ('simbolo-q4', '#04ed00', 'stroke')];This automaton has 4 states;[('simbolo-q0', '#04ed00', 'stroke'), ('simbolo-q1', '#04ed00', 'stroke'), ('simbolo-q2', '#04ed00', 'stroke'), ('simbolo-q4', '#04ed00', 'stroke')];True;True
180;how many states ;Eh how eh many uhm states ;This automaton has 4 states;[('simbolo-q0', '#04ed00', 'stroke'), ('simbolo-q1', '#04ed00', 'stroke'), ('simbolo-q2', '#04ed00', 'stroke'), ('simbolo-q4', '#04ed00', 'stroke')];This automaton has 4 states;[('simbolo-q0', '#04ed00', 'stroke'), ('simbolo-q1', '#04ed00', 'stroke'), ('simbolo-q2', '#04ed00', 'stroke'), ('simbolo-q4', '#04ed00', 'stroke')];True;True
181;how many transitions ;Eh how many transitions ;The automaton has 3 transitions: q0 con valore 1 va in q1, q1 con valore 1 va in q2, q4 con valore 0 va in q0.;[('simbolo-q0-q1', '#04ed00', 'stroke'), ('simbolo-q1-q2', '#04ed00', 'stroke'), ('simbolo-q4-q0', '#04ed00', 'stroke')];The automaton has 3 transitions: q0 con valore 1 va in q1, q1 con valore 1 va in q2, q4 con valore 0 va in q0.;[('simbolo-q0-q1', '#04ed00', 'stroke'), ('simbolo-q1-q2', '#04ed00', 'stroke'), ('simbolo-q4-q0', '#04ed00', 'stroke')];True;True
181;how many transitions ;Mmm how mmm many transitions ;The automaton has 3 transitions: q0 con valore 1 va in q1, q1 con valore 1 va in q2, q4 con valore 0 va in q0.;[('simbolo-q0-q1', '#04ed00', 'stroke'), ('simbolo-q1-q2', '#04ed00', 'stroke'), ('simbolo-q4-q0', '#04ed00', 'stroke')];The automaton has 3 transitions: q0 con valore 1 va in q1, q1 con valore 1 va in q2, q4 con valore 0 va in q0.;[('simbolo-q0-q1', '#04ed00', 'stroke'), ('simbolo-q1-q2', '#04ed00', 'stroke'), ('simbolo-q4-q0', '#04ed00', 'stroke')];True;True
181;how many transitions ;Mmm how mmm many uhm transitions ;The automaton has 3 transitions: q0 con valore 1 va in q1, q1 con valore 1 va in q2, q4 con valore 0 va in q0.;[('simbolo-q0-q1', '#04ed00', 'stroke'), ('simbolo-q1-q2', '#04ed00', 'stroke'), ('simbolo-q4-q0', '#04ed00', 'stroke')];The automaton has 3 transitions: q0 con valore 1 va in q1, q1 con valore 1 va in q2, q4 con valore 0 va in q0.;[('simbolo-q0-q1', '#04ed00', 'stroke'), ('simbolo-q1-q2', '#04ed00', 'stroke'), ('simbolo-q4-q0', '#04ed00', 'stroke')];True;True
182;What is the best way to represent this automa ;What is the best way to eh represent this automa ;The automaton accepts zero or more words formed by a sequence of the type 110. In total there are 4 states: q0, q1, q2 e q4. q0 is both the initial and the final state.Le transizioni sono: q0 with value 1 goes goes q1, q1 with value 1 goes goes q2, q4 with value 0 goes to q0.;[];The automaton accepts zero or more words formed by a sequence of the type 110. In total there are 4 states: q0, q1, q2 e q4. q0 is both the initial and the final state.Le transizioni sono: q0 with value 1 goes goes q1, q1 with value 1 goes goes q2, q4 with value 0 goes to q0.;[];True;True
182;What is the best way to represent this automa ;What is the best way to uhm represent mmm this automa ;The automaton accepts zero or more words formed by a sequence of the type 110. In total there are 4 states: q0, q1, q2 e q4. q0 is both the initial and the final state.Le transizioni sono: q0 with value 1 goes goes q1, q1 with value 1 goes goes q2, q4 with value 0 goes to q0.;[];Potresti essere più specifico?;[];False;True
182;What is the best way to represent this automa ;What is eh the best eh way to uhm represent this automa ;The automaton accepts zero or more words formed by a sequence of the type 110. In total there are 4 states: q0, q1, q2 e q4. q0 is both the initial and the final state.Le transizioni sono: q0 with value 1 goes goes q1, q1 with value 1 goes goes q2, q4 with value 0 goes to q0.;[];The automaton accepts zero or more words formed by a sequence of the type 110. In total there are 4 states: q0, q1, q2 e q4. q0 is both the initial and the final state.Le transizioni sono: q0 with value 1 goes goes q1, q1 with value 1 goes goes q2, q4 with value 0 goes to q0.;[];True;True
182;What is the best way to represent this automa ;What uhm is the eh best way uhm to eh represent this automa ;The automaton accepts zero or more words formed by a sequence of the type 110. In total there are 4 states: q0, q1, q2 e q4. q0 is both the initial and the final state.Le transizioni sono: q0 with value 1 goes goes q1, q1 with value 1 goes goes q2, q4 with value 0 goes to q0.;[];The automaton accepts zero or more words formed by a sequence of the type 110. In total there are 4 states: q0, q1, q2 e q4. q0 is both the initial and the final state.Le transizioni sono: q0 with value 1 goes goes q1, q1 with value 1 goes goes q2, q4 with value 0 goes to q0.;[];True;True
182;What is the best way to represent this automa ;Uhm what eh is eh the uhm best mmm way to represent this automa ;The automaton accepts zero or more words formed by a sequence of the type 110. In total there are 4 states: q0, q1, q2 e q4. q0 is both the initial and the final state.Le transizioni sono: q0 with value 1 goes goes q1, q1 with value 1 goes goes q2, q4 with value 0 goes to q0.;[];The automaton accepts zero or more words formed by a sequence of the type 110. In total there are 4 states: q0, q1, q2 e q4. q0 is both the initial and the final state.Le transizioni sono: q0 with value 1 goes goes q1, q1 with value 1 goes goes q2, q4 with value 0 goes to q0.;[];True;True
182;What is the best way to represent this automa ;Uhm what is the best eh way eh to uhm represent uhm this mmm automa ;The automaton accepts zero or more words formed by a sequence of the type 110. In total there are 4 states: q0, q1, q2 e q4. q0 is both the initial and the final state.Le transizioni sono: q0 with value 1 goes goes q1, q1 with value 1 goes goes q2, q4 with value 0 goes to q0.;[];The automaton accepts zero or more words formed by a sequence of the type 110. In total there are 4 states: q0, q1, q2 e q4. q0 is both the initial and the final state.Le transizioni sono: q0 with value 1 goes goes q1, q1 with value 1 goes goes q2, q4 with value 0 goes to q0.;[];True;True
182;What is the best way to represent this automa ;Eh what uhm is eh the best way mmm to uhm represent uhm this eh automa ;The automaton accepts zero or more words formed by a sequence of the type 110. In total there are 4 states: q0, q1, q2 e q4. q0 is both the initial and the final state.Le transizioni sono: q0 with value 1 goes goes q1, q1 with value 1 goes goes q2, q4 with value 0 goes to q0.;[];The automaton accepts zero or more words formed by a sequence of the type 110. In total there are 4 states: q0, q1, q2 e q4. q0 is both the initial and the final state.Le transizioni sono: q0 with value 1 goes goes q1, q1 with value 1 goes goes q2, q4 with value 0 goes to q0.;[];True;True
182;What is the best way to represent this automa ;Eh what is mmm the uhm best mmm way eh to uhm represent uhm this eh automa ;The automaton accepts zero or more words formed by a sequence of the type 110. In total there are 4 states: q0, q1, q2 e q4. q0 is both the initial and the final state.Le transizioni sono: q0 with value 1 goes goes q1, q1 with value 1 goes goes q2, q4 with value 0 goes to q0.;[];The automaton accepts zero or more words formed by a sequence of the type 110. In total there are 4 states: q0, q1, q2 e q4. q0 is both the initial and the final state.Le transizioni sono: q0 with value 1 goes goes q1, q1 with value 1 goes goes q2, q4 with value 0 goes to q0.;[];True;True
182;What is the best way to represent this automa ;Mmm what eh is eh the eh best eh way uhm to mmm represent mmm this eh automa ;The automaton accepts zero or more words formed by a sequence of the type 110. In total there are 4 states: q0, q1, q2 e q4. q0 is both the initial and the final state.Le transizioni sono: q0 with value 1 goes goes q1, q1 with value 1 goes goes q2, q4 with value 0 goes to q0.;[];The automaton accepts zero or more words formed by a sequence of the type 110. In total there are 4 states: q0, q1, q2 e q4. q0 is both the initial and the final state.Le transizioni sono: q0 with value 1 goes goes q1, q1 with value 1 goes goes q2, q4 with value 0 goes to q0.;[];True;True
183;what is its optimal spatial representation ;What is its optimal spatial mmm representation ;Potresti essere più specifico?;[];Potresti essere più specifico?;[];True;True
183;what is its optimal spatial representation ;Uhm what is its optimal mmm spatial representation ;Potresti essere più specifico?;[];Potresti essere più specifico?;[];True;True
183;what is its optimal spatial representation ;What is its uhm optimal uhm spatial mmm representation ;Potresti essere più specifico?;[];Potresti essere più specifico?;[];True;True
183;what is its optimal spatial representation ;Mmm what uhm is its eh optimal mmm spatial representation ;Potresti essere più specifico?;[];Potresti essere più specifico?;[];True;True
183;what is its optimal spatial representation ;Mmm what mmm is its uhm optimal uhm spatial mmm representation ;Potresti essere più specifico?;[];Potresti essere più specifico?;[];True;True
183;what is its optimal spatial representation ;Mmm what eh is mmm its mmm optimal eh spatial uhm representation ;Potresti essere più specifico?;[];Potresti essere più specifico?;[];True;True
184;What is the initial state ;What eh is the initial state ;The initial state is q0.;[('simbolo-q0', '#04ed00', 'stroke')];The initial state is q0.;[('simbolo-q0', '#04ed00', 'stroke')];True;True
184;What is the initial state ;Eh what is uhm the initial state ;The initial state is q0.;[('simbolo-q0', '#04ed00', 'stroke')];The initial state is q0.;[('simbolo-q0', '#04ed00', 'stroke')];True;True
184;What is the initial state ;Uhm what eh is the mmm initial state ;The initial state is q0.;[('simbolo-q0', '#04ed00', 'stroke')];The initial state is q0.;[('simbolo-q0', '#04ed00', 'stroke')];True;True
184;What is the initial state ;Mmm what is mmm the mmm initial mmm state ;The initial state is q0.;[('simbolo-q0', '#04ed00', 'stroke')];The initial state is q0.;[('simbolo-q0', '#04ed00', 'stroke')];True;True
184;What is the initial state ;Uhm what uhm is uhm the uhm initial eh state ;The initial state is q0.;[('simbolo-q0', '#04ed00', 'stroke')];The initial state is q0.;[('simbolo-q0', '#04ed00', 'stroke')];True;True
185;What is the final state ;What is the eh final state ;The final state is q0.;[('simbolo-q0', '#04ed00', 'stroke')];The final state is q0.;[('simbolo-q0', '#04ed00', 'stroke')];True;True
185;What is the final state ;What is mmm the eh final state ;The final state is q0.;[('simbolo-q0', '#04ed00', 'stroke')];The final state is q0.;[('simbolo-q0', '#04ed00', 'stroke')];True;True
185;What is the final state ;What mmm is mmm the final mmm state ;The final state is q0.;[('simbolo-q0', '#04ed00', 'stroke')];The final state is q0.;[('simbolo-q0', '#04ed00', 'stroke')];True;True
185;What is the final state ;Mmm what uhm is uhm the final eh state ;The final state is q0.;[('simbolo-q0', '#04ed00', 'stroke')];The final state is q0.;[('simbolo-q0', '#04ed00', 'stroke')];True;True
185;What is the final state ;Uhm what uhm is eh the uhm final mmm state ;The final state is q0.;[('simbolo-q0', '#04ed00', 'stroke')];The final state is q0.;[('simbolo-q0', '#04ed00', 'stroke')];True;True
186;What about transitions ;What about uhm transitions ;there is no transition between q0 and q0.;[];there is no transition between q0 and q0.;[];True;True
186;What about transitions ;Mmm what uhm about transitions ;there is no transition between q0 and q0.;[];there is no transition between q0 and q0.;[];True;True
186;What about transitions ;Eh what eh about uhm transitions ;there is no transition between q0 and q0.;[];there is no transition between q0 and q0.;[];True;True
187;what language accepts this auotmata ;What language accepts mmm this auotmata ;Potresti essere più specifico?;[];Potresti essere più specifico?;[];True;True
187;what language accepts this auotmata ;Mmm what language accepts this uhm auotmata ;Potresti essere più specifico?;[];Potresti essere più specifico?;[];True;True
187;what language accepts this auotmata ;Uhm what eh language accepts mmm this auotmata ;Potresti essere più specifico?;[];Potresti essere più specifico?;[];True;True
187;what language accepts this auotmata ;Eh what language uhm accepts uhm this eh auotmata ;Potresti essere più specifico?;[];Potresti essere più specifico?;[];True;True
187;what language accepts this auotmata ;Uhm what eh language eh accepts eh this eh auotmata ;Potresti essere più specifico?;[];Potresti essere più specifico?;[];True;True
188;what is an automaton ;What is eh an automaton ;The automaton accepts zero or more words formed by a sequence of the type 110. In total there are 4 states: q0, q1, q2 e q4. q0 is both the initial and the final state.Le transizioni sono: q0 with value 1 goes goes q1, q1 with value 1 goes goes q2, q4 with value 0 goes to q0.;[];The automaton accepts zero or more words formed by a sequence of the type 110. In total there are 4 states: q0, q1, q2 e q4. q0 is both the initial and the final state.Le transizioni sono: q0 with value 1 goes goes q1, q1 with value 1 goes goes q2, q4 with value 0 goes to q0.;[];True;True
188;what is an automaton ;What is mmm an mmm automaton ;The automaton accepts zero or more words formed by a sequence of the type 110. In total there are 4 states: q0, q1, q2 e q4. q0 is both the initial and the final state.Le transizioni sono: q0 with value 1 goes goes q1, q1 with value 1 goes goes q2, q4 with value 0 goes to q0.;[];The automaton accepts zero or more words formed by a sequence of the type 110. In total there are 4 states: q0, q1, q2 e q4. q0 is both the initial and the final state.Le transizioni sono: q0 with value 1 goes goes q1, q1 with value 1 goes goes q2, q4 with value 0 goes to q0.;[];True;True
188;what is an automaton ;What uhm is mmm an mmm automaton ;The automaton accepts zero or more words formed by a sequence of the type 110. In total there are 4 states: q0, q1, q2 e q4. q0 is both the initial and the final state.Le transizioni sono: q0 with value 1 goes goes q1, q1 with value 1 goes goes q2, q4 with value 0 goes to q0.;[];The automaton accepts zero or more words formed by a sequence of the type 110. In total there are 4 states: q0, q1, q2 e q4. q0 is both the initial and the final state.Le transizioni sono: q0 with value 1 goes goes q1, q1 with value 1 goes goes q2, q4 with value 0 goes to q0.;[];True;True
188;what is an automaton ;Uhm what mmm is mmm an mmm automaton ;The automaton accepts zero or more words formed by a sequence of the type 110. In total there are 4 states: q0, q1, q2 e q4. q0 is both the initial and the final state.Le transizioni sono: q0 with value 1 goes goes q1, q1 with value 1 goes goes q2, q4 with value 0 goes to q0.;[];The automaton accepts zero or more words formed by a sequence of the type 110. In total there are 4 states: q0, q1, q2 e q4. q0 is both the initial and the final state.Le transizioni sono: q0 with value 1 goes goes q1, q1 with value 1 goes goes q2, q4 with value 0 goes to q0.;[];True;True
189;what is the initial stage of the automaton ;What is the initial stage eh of the automaton ;The initial state is q0.;[('simbolo-q0', '#04ed00', 'stroke')];The initial state is q0.;[('simbolo-q0', '#04ed00', 'stroke')];True;True
189;what is the initial stage of the automaton ;What uhm is the initial stage uhm of the automaton ;The initial state is q0.;[('simbolo-q0', '#04ed00', 'stroke')];The initial state is q0.;[('simbolo-q0', '#04ed00', 'stroke')];True;True
189;what is the initial stage of the automaton ;Uhm what is eh the initial stage of eh the automaton ;The initial state is q0.;[('simbolo-q0', '#04ed00', 'stroke')];The automaton accepts zero or more words formed by a sequence of the type 110. In total there are 4 states: q0, q1, q2 e q4. q0 is both the initial and the final state.Le transizioni sono: q0 with value 1 goes goes q1, q1 with value 1 goes goes q2, q4 with value 0 goes to q0.;[];False;False
189;what is the initial stage of the automaton ;What mmm is eh the uhm initial stage of the mmm automaton ;The initial state is q0.;[('simbolo-q0', '#04ed00', 'stroke')];The initial state is q0.;[('simbolo-q0', '#04ed00', 'stroke')];True;True
189;what is the initial stage of the automaton ;What uhm is mmm the uhm initial mmm stage of the uhm automaton ;The initial state is q0.;[('simbolo-q0', '#04ed00', 'stroke')];The initial state is q0.;[('simbolo-q0', '#04ed00', 'stroke')];True;True
189;what is the initial stage of the automaton ;What uhm is the eh initial eh stage uhm of eh the mmm automaton ;The initial state is q0.;[('simbolo-q0', '#04ed00', 'stroke')];The initial state is q0.;[('simbolo-q0', '#04ed00', 'stroke')];True;True
189;what is the initial stage of the automaton ;Eh what eh is eh the initial eh stage uhm of eh the uhm automaton ;The initial state is q0.;[('simbolo-q0', '#04ed00', 'stroke')];The initial state is q0.;[('simbolo-q0', '#04ed00', 'stroke')];True;True
189;what is the initial stage of the automaton ;Uhm what mmm is mmm the uhm initial eh stage uhm of eh the mmm automaton ;The initial state is q0.;[('simbolo-q0', '#04ed00', 'stroke')];The initial state is q0.;[('simbolo-q0', '#04ed00', 'stroke')];True;True
190;Breifly describe me the automaton ;Breifly describe uhm me the automaton ;The automaton accepts zero or more words formed by a sequence of the type 110. In total there are 4 states: q0, q1, q2 e q4. q0 is both the initial and the final state.Le transizioni sono: q0 with value 1 goes goes q1, q1 with value 1 goes goes q2, q4 with value 0 goes to q0.;[];The automaton accepts zero or more words formed by a sequence of the type 110. In total there are 4 states: q0, q1, q2 e q4. q0 is both the initial and the final state.Le transizioni sono: q0 with value 1 goes goes q1, q1 with value 1 goes goes q2, q4 with value 0 goes to q0.;[];True;True
190;Breifly describe me the automaton ;Breifly describe me mmm the eh automaton ;The automaton accepts zero or more words formed by a sequence of the type 110. In total there are 4 states: q0, q1, q2 e q4. q0 is both the initial and the final state.Le transizioni sono: q0 with value 1 goes goes q1, q1 with value 1 goes goes q2, q4 with value 0 goes to q0.;[];The automaton accepts zero or more words formed by a sequence of the type 110. In total there are 4 states: q0, q1, q2 e q4. q0 is both the initial and the final state.Le transizioni sono: q0 with value 1 goes goes q1, q1 with value 1 goes goes q2, q4 with value 0 goes to q0.;[];True;True
190;Breifly describe me the automaton ;Breifly mmm describe eh me the eh automaton ;The automaton accepts zero or more words formed by a sequence of the type 110. In total there are 4 states: q0, q1, q2 e q4. q0 is both the initial and the final state.Le transizioni sono: q0 with value 1 goes goes q1, q1 with value 1 goes goes q2, q4 with value 0 goes to q0.;[];The automaton accepts zero or more words formed by a sequence of the type 110. In total there are 4 states: q0, q1, q2 e q4. q0 is both the initial and the final state.Le transizioni sono: q0 with value 1 goes goes q1, q1 with value 1 goes goes q2, q4 with value 0 goes to q0.;[];True;True
190;Breifly describe me the automaton ;Breifly uhm describe mmm me mmm the eh automaton ;The automaton accepts zero or more words formed by a sequence of the type 110. In total there are 4 states: q0, q1, q2 e q4. q0 is both the initial and the final state.Le transizioni sono: q0 with value 1 goes goes q1, q1 with value 1 goes goes q2, q4 with value 0 goes to q0.;[];The automaton accepts zero or more words formed by a sequence of the type 110. In total there are 4 states: q0, q1, q2 e q4. q0 is both the initial and the final state.Le transizioni sono: q0 with value 1 goes goes q1, q1 with value 1 goes goes q2, q4 with value 0 goes to q0.;[];True;True
190;Breifly describe me the automaton ;Uhm breifly eh describe eh me mmm the uhm automaton ;The automaton accepts zero or more words formed by a sequence of the type 110. In total there are 4 states: q0, q1, q2 e q4. q0 is both the initial and the final state.Le transizioni sono: q0 with value 1 goes goes q1, q1 with value 1 goes goes q2, q4 with value 0 goes to q0.;[];The automaton accepts zero or more words formed by a sequence of the type 110. In total there are 4 states: q0, q1, q2 e q4. q0 is both the initial and the final state.Le transizioni sono: q0 with value 1 goes goes q1, q1 with value 1 goes goes q2, q4 with value 0 goes to q0.;[];True;True
191;what is the initial state of the automaton ;What is the initial state of the eh automaton ;The initial state is q0.;[('simbolo-q0', '#04ed00', 'stroke')];The initial state is q0.;[('simbolo-q0', '#04ed00', 'stroke')];True;True
191;what is the initial state of the automaton ;What uhm is eh the initial state of the automaton ;The initial state is q0.;[('simbolo-q0', '#04ed00', 'stroke')];The initial state is q0.;[('simbolo-q0', '#04ed00', 'stroke')];True;True
191;what is the initial state of the automaton ;What uhm is the initial eh state eh of the automaton ;The initial state is q0.;[('simbolo-q0', '#04ed00', 'stroke')];The initial state is q0.;[('simbolo-q0', '#04ed00', 'stroke')];True;True
191;what is the initial state of the automaton ;What uhm is uhm the initial state of mmm the eh automaton ;The initial state is q0.;[('simbolo-q0', '#04ed00', 'stroke')];The initial state is q0.;[('simbolo-q0', '#04ed00', 'stroke')];True;True
191;what is the initial state of the automaton ;Eh what is uhm the uhm initial state mmm of uhm the automaton ;The initial state is q0.;[('simbolo-q0', '#04ed00', 'stroke')];The initial state is q0.;[('simbolo-q0', '#04ed00', 'stroke')];True;True
191;what is the initial state of the automaton ;Eh what uhm is eh the mmm initial uhm state of eh the automaton ;The initial state is q0.;[('simbolo-q0', '#04ed00', 'stroke')];The initial state is q0.;[('simbolo-q0', '#04ed00', 'stroke')];True;True
191;what is the initial state of the automaton ;Eh what mmm is mmm the uhm initial state mmm of eh the mmm automaton ;The initial state is q0.;[('simbolo-q0', '#04ed00', 'stroke')];The initial state is q0.;[('simbolo-q0', '#04ed00', 'stroke')];True;True
191;what is the initial state of the automaton ;Uhm what eh is mmm the eh initial mmm state uhm of mmm the mmm automaton ;The initial state is q0.;[('simbolo-q0', '#04ed00', 'stroke')];The initial state is q0.;[('simbolo-q0', '#04ed00', 'stroke')];True;True
192;what is the language accepted by the automaton ;What is the language accepted by the uhm automaton ;Potresti essere più specifico?;[];Potresti essere più specifico?;[];True;True
192;what is the language accepted by the automaton ;What mmm is the language accepted by eh the automaton ;Potresti essere più specifico?;[];Potresti essere più specifico?;[];True;True
192;what is the language accepted by the automaton ;Uhm what is the language accepted eh by the uhm automaton ;Potresti essere più specifico?;[];Potresti essere più specifico?;[];True;True
192;what is the language accepted by the automaton ;What is the language mmm accepted eh by mmm the eh automaton ;Potresti essere più specifico?;[];Potresti essere più specifico?;[];True;True
192;what is the language accepted by the automaton ;Uhm what mmm is the language eh accepted by mmm the mmm automaton ;Potresti essere più specifico?;[];Potresti essere più specifico?;[];True;True
192;what is the language accepted by the automaton ;Eh what mmm is the language mmm accepted eh by uhm the eh automaton ;Potresti essere più specifico?;[];Potresti essere più specifico?;[];True;True
192;what is the language accepted by the automaton ;What eh is mmm the uhm language mmm accepted uhm by eh the eh automaton ;Potresti essere più specifico?;[];Potresti essere più specifico?;[];True;True
192;what is the language accepted by the automaton ;Uhm what uhm is uhm the eh language eh accepted mmm by mmm the eh automaton ;Potresti essere più specifico?;[];Potresti essere più specifico?;[];True;True
193;is the string 110 accepted by the automaton ;Is the string 110 eh accepted by the automaton ;Potresti essere più specifico?;[];Potresti essere più specifico?;[];True;True
193;is the string 110 accepted by the automaton ;Is the mmm string 110 accepted by uhm the automaton ;Potresti essere più specifico?;[];Potresti essere più specifico?;[];True;True
193;is the string 110 accepted by the automaton ;Mmm is the eh string 110 accepted eh by the automaton ;Potresti essere più specifico?;[];Potresti essere più specifico?;[];True;True
193;is the string 110 accepted by the automaton ;Eh is uhm the mmm string eh 110 accepted by the automaton ;Potresti essere più specifico?;[];Potresti essere più specifico?;[];True;True
193;is the string 110 accepted by the automaton ;Is eh the eh string uhm 110 accepted mmm by the eh automaton ;Potresti essere più specifico?;[];Potresti essere più specifico?;[];True;True
193;is the string 110 accepted by the automaton ;Eh is mmm the eh string eh 110 mmm accepted mmm by the automaton ;Potresti essere più specifico?;[];Potresti essere più specifico?;[];True;True
193;is the string 110 accepted by the automaton ;Mmm is mmm the uhm string uhm 110 mmm accepted mmm by mmm the automaton ;Potresti essere più specifico?;[];Potresti essere più specifico?;[];True;True
193;is the string 110 accepted by the automaton ;Mmm is mmm the uhm string uhm 110 eh accepted eh by eh the mmm automaton ;Potresti essere più specifico?;[];Potresti essere più specifico?;[];True;True
194;Describe the automaton ;Describe the eh automaton ;The automaton accepts zero or more words formed by a sequence of the type 110. In total there are 4 states: q0, q1, q2 e q4. q0 is both the initial and the final state.Le transizioni sono: q0 with value 1 goes goes q1, q1 with value 1 goes goes q2, q4 with value 0 goes to q0.;[];The automaton accepts zero or more words formed by a sequence of the type 110. In total there are 4 states: q0, q1, q2 e q4. q0 is both the initial and the final state.Le transizioni sono: q0 with value 1 goes goes q1, q1 with value 1 goes goes q2, q4 with value 0 goes to q0.;[];True;True
194;Describe the automaton ;Eh describe mmm the automaton ;The automaton accepts zero or more words formed by a sequence of the type 110. In total there are 4 states: q0, q1, q2 e q4. q0 is both the initial and the final state.Le transizioni sono: q0 with value 1 goes goes q1, q1 with value 1 goes goes q2, q4 with value 0 goes to q0.;[];The automaton accepts zero or more words formed by a sequence of the type 110. In total there are 4 states: q0, q1, q2 e q4. q0 is both the initial and the final state.Le transizioni sono: q0 with value 1 goes goes q1, q1 with value 1 goes goes q2, q4 with value 0 goes to q0.;[];True;True
194;Describe the automaton ;Eh describe mmm the mmm automaton ;The automaton accepts zero or more words formed by a sequence of the type 110. In total there are 4 states: q0, q1, q2 e q4. q0 is both the initial and the final state.Le transizioni sono: q0 with value 1 goes goes q1, q1 with value 1 goes goes q2, q4 with value 0 goes to q0.;[];The automaton accepts zero or more words formed by a sequence of the type 110. In total there are 4 states: q0, q1, q2 e q4. q0 is both the initial and the final state.Le transizioni sono: q0 with value 1 goes goes q1, q1 with value 1 goes goes q2, q4 with value 0 goes to q0.;[];True;True
195;describe the transition table of the automaton ;Describe the transition uhm table of the automaton ;there is no transition between q0 and q0.;[];there is no transition between q0 and q0.;[];True;True
195;describe the transition table of the automaton ;Describe the transition table uhm of the eh automaton ;there is no transition between q0 and q0.;[];Potresti essere più specifico?;[];False;True
195;describe the transition table of the automaton ;Describe eh the transition table uhm of eh the automaton ;there is no transition between q0 and q0.;[];The automaton has 3 transitions: q0 con valore 1 va in q1, q1 con valore 1 va in q2, q4 con valore 0 va in q0.;[('simbolo-q0-q1', '#04ed00', 'stroke'), ('simbolo-q1-q2', '#04ed00', 'stroke'), ('simbolo-q4-q0', '#04ed00', 'stroke')];False;False
195;describe the transition table of the automaton ;Describe the mmm transition eh table mmm of eh the automaton ;there is no transition between q0 and q0.;[];there is no transition between q0 and q0.;[];True;True
195;describe the transition table of the automaton ;Mmm describe the transition mmm table uhm of mmm the eh automaton ;there is no transition between q0 and q0.;[];there is no transition between q0 and q0.;[];True;True
195;describe the transition table of the automaton ;Eh describe uhm the eh transition eh table eh of the eh automaton ;there is no transition between q0 and q0.;[];The automaton has 3 transitions: q0 con valore 1 va in q1, q1 con valore 1 va in q2, q4 con valore 0 va in q0.;[('simbolo-q0-q1', '#04ed00', 'stroke'), ('simbolo-q1-q2', '#04ed00', 'stroke'), ('simbolo-q4-q0', '#04ed00', 'stroke')];False;False
195;describe the transition table of the automaton ;Uhm describe mmm the eh transition eh table uhm of mmm the mmm automaton ;there is no transition between q0 and q0.;[];The automaton has 3 transitions: q0 con valore 1 va in q1, q1 con valore 1 va in q2, q4 con valore 0 va in q0.;[('simbolo-q0-q1', '#04ed00', 'stroke'), ('simbolo-q1-q2', '#04ed00', 'stroke'), ('simbolo-q4-q0', '#04ed00', 'stroke')];False;False
196;is there an arc from q0 to q1 ;Is eh there an arc from q0 to q1 ;The transition between q0 and q1 is with value 1.;[('simbolo-q0-q1', '#04ed00', 'stroke')];The transition between q0 and q1 is with value 1.;[('simbolo-q0-q1', '#04ed00', 'stroke')];True;True
196;is there an arc from q0 to q1 ;Is there mmm an eh arc from q0 to q1 ;The transition between q0 and q1 is with value 1.;[('simbolo-q0-q1', '#04ed00', 'stroke')];The transition between q0 and q1 is with value 1.;[('simbolo-q0-q1', '#04ed00', 'stroke')];True;True
196;is there an arc from q0 to q1 ;Mmm is mmm there an arc from q0 mmm to q1 ;The transition between q0 and q1 is with value 1.;[('simbolo-q0-q1', '#04ed00', 'stroke')];The transition between q0 and q1 is with value 1.;[('simbolo-q0-q1', '#04ed00', 'stroke')];True;True
196;is there an arc from q0 to q1 ;Eh is there mmm an arc from uhm q0 to eh q1 ;The transition between q0 and q1 is with value 1.;[('simbolo-q0-q1', '#04ed00', 'stroke')];The transition between q0 and q1 is with value 1.;[('simbolo-q0-q1', '#04ed00', 'stroke')];True;True
196;is there an arc from q0 to q1 ;Uhm is uhm there uhm an arc uhm from uhm q0 to q1 ;The transition between q0 and q1 is with value 1.;[('simbolo-q0-q1', '#04ed00', 'stroke')];The transition between q0 and q1 is with value 1.;[('simbolo-q0-q1', '#04ed00', 'stroke')];True;True
196;is there an arc from q0 to q1 ;Is mmm there uhm an arc mmm from eh q0 eh to eh q1 ;The transition between q0 and q1 is with value 1.;[('simbolo-q0-q1', '#04ed00', 'stroke')];The transition between q0 and q1 is with value 1.;[('simbolo-q0-q1', '#04ed00', 'stroke')];True;True
196;is there an arc from q0 to q1 ;Uhm is mmm there eh an eh arc uhm from uhm q0 mmm to q1 ;The transition between q0 and q1 is with value 1.;[('simbolo-q0-q1', '#04ed00', 'stroke')];The transition between q0 and q1 is with value 1.;[('simbolo-q0-q1', '#04ed00', 'stroke')];True;True
196;is there an arc from q0 to q1 ;Eh is uhm there eh an eh arc mmm from eh q0 eh to mmm q1 ;The transition between q0 and q1 is with value 1.;[('simbolo-q0-q1', '#04ed00', 'stroke')];The transition between q0 and q1 is with value 1.;[('simbolo-q0-q1', '#04ed00', 'stroke')];True;True
197;is there an arc from q2 to q1 ;Uhm is there an arc from q2 to q1 ;there is no transition between q2 and q1.;[];there is no transition between q2 and q1.;[];True;True
197;is there an arc from q2 to q1 ;Is there an uhm arc from q2 mmm to q1 ;there is no transition between q2 and q1.;[];there is no transition between q2 and q1.;[];True;True
197;is there an arc from q2 to q1 ;Is there an arc eh from uhm q2 mmm to q1 ;there is no transition between q2 and q1.;[];there is no transition between q2 and q1.;[];True;True
197;is there an arc from q2 to q1 ;Eh is eh there an arc mmm from q2 uhm to q1 ;there is no transition between q2 and q1.;[];there is no transition between q2 and q1.;[];True;True
197;is there an arc from q2 to q1 ;Uhm is uhm there an arc eh from uhm q2 uhm to q1 ;there is no transition between q2 and q1.;[];there is no transition between q2 and q1.;[];True;True
197;is there an arc from q2 to q1 ;Uhm is there mmm an arc mmm from mmm q2 uhm to uhm q1 ;there is no transition between q2 and q1.;[];there is no transition between q2 and q1.;[];True;True
197;is there an arc from q2 to q1 ;Uhm is uhm there an eh arc uhm from uhm q2 eh to eh q1 ;there is no transition between q2 and q1.;[];there is no transition between q2 and q1.;[];True;True
197;is there an arc from q2 to q1 ;Uhm is mmm there mmm an eh arc eh from eh q2 eh to uhm q1 ;there is no transition between q2 and q1.;[];there is no transition between q2 and q1.;[];True;True
198;how many states there are ;How uhm many states there are ;This automaton has 4 states;[('simbolo-q0', '#04ed00', 'stroke'), ('simbolo-q1', '#04ed00', 'stroke'), ('simbolo-q2', '#04ed00', 'stroke'), ('simbolo-q4', '#04ed00', 'stroke')];This automaton has 4 states;[('simbolo-q0', '#04ed00', 'stroke'), ('simbolo-q1', '#04ed00', 'stroke'), ('simbolo-q2', '#04ed00', 'stroke'), ('simbolo-q4', '#04ed00', 'stroke')];True;True
198;how many states there are ;How many states mmm there uhm are ;This automaton has 4 states;[('simbolo-q0', '#04ed00', 'stroke'), ('simbolo-q1', '#04ed00', 'stroke'), ('simbolo-q2', '#04ed00', 'stroke'), ('simbolo-q4', '#04ed00', 'stroke')];This automaton has 4 states;[('simbolo-q0', '#04ed00', 'stroke'), ('simbolo-q1', '#04ed00', 'stroke'), ('simbolo-q2', '#04ed00', 'stroke'), ('simbolo-q4', '#04ed00', 'stroke')];True;True
198;how many states there are ;Eh how uhm many states uhm there are ;This automaton has 4 states;[('simbolo-q0', '#04ed00', 'stroke'), ('simbolo-q1', '#04ed00', 'stroke'), ('simbolo-q2', '#04ed00', 'stroke'), ('simbolo-q4', '#04ed00', 'stroke')];This automaton has 4 states;[('simbolo-q0', '#04ed00', 'stroke'), ('simbolo-q1', '#04ed00', 'stroke'), ('simbolo-q2', '#04ed00', 'stroke'), ('simbolo-q4', '#04ed00', 'stroke')];True;True
198;how many states there are ;Mmm how many mmm states eh there eh are ;This automaton has 4 states;[('simbolo-q0', '#04ed00', 'stroke'), ('simbolo-q1', '#04ed00', 'stroke'), ('simbolo-q2', '#04ed00', 'stroke'), ('simbolo-q4', '#04ed00', 'stroke')];This automaton has 4 states;[('simbolo-q0', '#04ed00', 'stroke'), ('simbolo-q1', '#04ed00', 'stroke'), ('simbolo-q2', '#04ed00', 'stroke'), ('simbolo-q4', '#04ed00', 'stroke')];True;True
198;how many states there are ;Eh how uhm many eh states mmm there mmm are ;This automaton has 4 states;[('simbolo-q0', '#04ed00', 'stroke'), ('simbolo-q1', '#04ed00', 'stroke'), ('simbolo-q2', '#04ed00', 'stroke'), ('simbolo-q4', '#04ed00', 'stroke')];This automaton has 4 states;[('simbolo-q0', '#04ed00', 'stroke'), ('simbolo-q1', '#04ed00', 'stroke'), ('simbolo-q2', '#04ed00', 'stroke'), ('simbolo-q4', '#04ed00', 'stroke')];True;True
199;what symbols does the automaton accept ;What symbols does the mmm automaton accept ;Potresti essere più specifico?;[];Potresti essere più specifico?;[];True;True
199;what symbols does the automaton accept ;What symbols does the mmm automaton uhm accept ;Potresti essere più specifico?;[];Potresti essere più specifico?;[];True;True
199;what symbols does the automaton accept ;Mmm what symbols does mmm the eh automaton accept ;Potresti essere più specifico?;[];Potresti essere più specifico?;[];True;True
199;what symbols does the automaton accept ;Mmm what symbols mmm does uhm the automaton mmm accept ;Potresti essere più specifico?;[];Potresti essere più specifico?;[];True;True
199;what symbols does the automaton accept ;What uhm symbols eh does eh the eh automaton uhm accept ;Potresti essere più specifico?;[];Potresti essere più specifico?;[];True;True
199;what symbols does the automaton accept ;Mmm what mmm symbols mmm does mmm the eh automaton mmm accept ;Potresti essere più specifico?;[];Potresti essere più specifico?;[];True;True
200;what are the symbols accepted by the automaton ;What are the symbols accepted by the uhm automaton ;Potresti essere più specifico?;[];Potresti essere più specifico?;[];True;True
200;what are the symbols accepted by the automaton ;Uhm what uhm are the symbols accepted by the automaton ;Potresti essere più specifico?;[];Potresti essere più specifico?;[];True;True
200;what are the symbols accepted by the automaton ;Mmm what uhm are eh the symbols accepted by the automaton ;Potresti essere più specifico?;[];Potresti essere più specifico?;[];True;True
200;what are the symbols accepted by the automaton ;What are the eh symbols uhm accepted by eh the uhm automaton ;Potresti essere più specifico?;[];Potresti essere più specifico?;[];True;True
200;what are the symbols accepted by the automaton ;What are the mmm symbols mmm accepted uhm by eh the eh automaton ;Potresti essere più specifico?;[];Potresti essere più specifico?;[];True;True
200;what are the symbols accepted by the automaton ;Mmm what eh are eh the mmm symbols eh accepted by eh the automaton ;Potresti essere più specifico?;[];Potresti essere più specifico?;[];True;True
200;what are the symbols accepted by the automaton ;Mmm what uhm are mmm the eh symbols accepted eh by eh the eh automaton ;Potresti essere più specifico?;[];Potresti essere più specifico?;[];True;True
200;what are the symbols accepted by the automaton ;Uhm what mmm are eh the uhm symbols eh accepted uhm by eh the mmm automaton ;Potresti essere più specifico?;[];Potresti essere più specifico?;[];True;True
201;what is the alphabet ;What eh is the alphabet ;Potresti essere più specifico?;[];Potresti essere più specifico?;[];True;True
201;what is the alphabet ;What uhm is mmm the alphabet ;Potresti essere più specifico?;[];Potresti essere più specifico?;[];True;True
201;what is the alphabet ;Mmm what uhm is the eh alphabet ;Potresti essere più specifico?;[];Potresti essere più specifico?;[];True;True
201;what is the alphabet ;Mmm what uhm is uhm the uhm alphabet ;Potresti essere più specifico?;[];Potresti essere più specifico?;[];True;True
202;how is the automaton represented ;How is the automaton uhm represented ;The automaton accepts zero or more words formed by a sequence of the type 110. In total there are 4 states: q0, q1, q2 e q4. q0 is both the initial and the final state.Le transizioni sono: q0 with value 1 goes goes q1, q1 with value 1 goes goes q2, q4 with value 0 goes to q0.;[];The automaton accepts zero or more words formed by a sequence of the type 110. In total there are 4 states: q0, q1, q2 e q4. q0 is both the initial and the final state.Le transizioni sono: q0 with value 1 goes goes q1, q1 with value 1 goes goes q2, q4 with value 0 goes to q0.;[];True;True
202;how is the automaton represented ;Mmm how is the automaton eh represented ;The automaton accepts zero or more words formed by a sequence of the type 110. In total there are 4 states: q0, q1, q2 e q4. q0 is both the initial and the final state.Le transizioni sono: q0 with value 1 goes goes q1, q1 with value 1 goes goes q2, q4 with value 0 goes to q0.;[];The automaton accepts zero or more words formed by a sequence of the type 110. In total there are 4 states: q0, q1, q2 e q4. q0 is both the initial and the final state.Le transizioni sono: q0 with value 1 goes goes q1, q1 with value 1 goes goes q2, q4 with value 0 goes to q0.;[];True;True
202;how is the automaton represented ;Uhm how is eh the automaton eh represented ;The automaton accepts zero or more words formed by a sequence of the type 110. In total there are 4 states: q0, q1, q2 e q4. q0 is both the initial and the final state.Le transizioni sono: q0 with value 1 goes goes q1, q1 with value 1 goes goes q2, q4 with value 0 goes to q0.;[];The automaton accepts zero or more words formed by a sequence of the type 110. In total there are 4 states: q0, q1, q2 e q4. q0 is both the initial and the final state.Le transizioni sono: q0 with value 1 goes goes q1, q1 with value 1 goes goes q2, q4 with value 0 goes to q0.;[];True;True
202;how is the automaton represented ;How uhm is eh the eh automaton uhm represented ;The automaton accepts zero or more words formed by a sequence of the type 110. In total there are 4 states: q0, q1, q2 e q4. q0 is both the initial and the final state.Le transizioni sono: q0 with value 1 goes goes q1, q1 with value 1 goes goes q2, q4 with value 0 goes to q0.;[];The automaton accepts zero or more words formed by a sequence of the type 110. In total there are 4 states: q0, q1, q2 e q4. q0 is both the initial and the final state.Le transizioni sono: q0 with value 1 goes goes q1, q1 with value 1 goes goes q2, q4 with value 0 goes to q0.;[];True;True
202;how is the automaton represented ;Mmm how mmm is uhm the eh automaton uhm represented ;The automaton accepts zero or more words formed by a sequence of the type 110. In total there are 4 states: q0, q1, q2 e q4. q0 is both the initial and the final state.Le transizioni sono: q0 with value 1 goes goes q1, q1 with value 1 goes goes q2, q4 with value 0 goes to q0.;[];The automaton accepts zero or more words formed by a sequence of the type 110. In total there are 4 states: q0, q1, q2 e q4. q0 is both the initial and the final state.Le transizioni sono: q0 with value 1 goes goes q1, q1 with value 1 goes goes q2, q4 with value 0 goes to q0.;[];True;True
203;Vorrei una descrizione di Automa1 ;Vorrei uhm una descrizione di automa1 ;The automaton accepts zero or more words formed by a sequence of the type 110. In total there are 4 states: q0, q1, q2 e q4. q0 is both the initial and the final state.Le transizioni sono: q0 with value 1 goes goes q1, q1 with value 1 goes goes q2, q4 with value 0 goes to q0.;[];The automaton accepts zero or more words formed by a sequence of the type 110. In total there are 4 states: q0, q1, q2 e q4. q0 is both the initial and the final state.Le transizioni sono: q0 with value 1 goes goes q1, q1 with value 1 goes goes q2, q4 with value 0 goes to q0.;[];True;True
203;Vorrei una descrizione di Automa1 ;Vorrei una mmm descrizione di uhm automa1 ;The automaton accepts zero or more words formed by a sequence of the type 110. In total there are 4 states: q0, q1, q2 e q4. q0 is both the initial and the final state.Le transizioni sono: q0 with value 1 goes goes q1, q1 with value 1 goes goes q2, q4 with value 0 goes to q0.;[];The automaton accepts zero or more words formed by a sequence of the type 110. In total there are 4 states: q0, q1, q2 e q4. q0 is both the initial and the final state.Le transizioni sono: q0 with value 1 goes goes q1, q1 with value 1 goes goes q2, q4 with value 0 goes to q0.;[];True;True
203;Vorrei una descrizione di Automa1 ;Eh vorrei eh una descrizione uhm di automa1 ;The automaton accepts zero or more words formed by a sequence of the type 110. In total there are 4 states: q0, q1, q2 e q4. q0 is both the initial and the final state.Le transizioni sono: q0 with value 1 goes goes q1, q1 with value 1 goes goes q2, q4 with value 0 goes to q0.;[];The automaton accepts zero or more words formed by a sequence of the type 110. In total there are 4 states: q0, q1, q2 e q4. q0 is both the initial and the final state.Le transizioni sono: q0 with value 1 goes goes q1, q1 with value 1 goes goes q2, q4 with value 0 goes to q0.;[];True;True
203;Vorrei una descrizione di Automa1 ;Eh vorrei eh una uhm descrizione uhm di automa1 ;The automaton accepts zero or more words formed by a sequence of the type 110. In total there are 4 states: q0, q1, q2 e q4. q0 is both the initial and the final state.Le transizioni sono: q0 with value 1 goes goes q1, q1 with value 1 goes goes q2, q4 with value 0 goes to q0.;[];The automaton accepts zero or more words formed by a sequence of the type 110. In total there are 4 states: q0, q1, q2 e q4. q0 is both the initial and the final state.Le transizioni sono: q0 with value 1 goes goes q1, q1 with value 1 goes goes q2, q4 with value 0 goes to q0.;[];True;True
203;Vorrei una descrizione di Automa1 ;Eh vorrei eh una mmm descrizione uhm di uhm automa1 ;The automaton accepts zero or more words formed by a sequence of the type 110. In total there are 4 states: q0, q1, q2 e q4. q0 is both the initial and the final state.Le transizioni sono: q0 with value 1 goes goes q1, q1 with value 1 goes goes q2, q4 with value 0 goes to q0.;[];The automaton accepts zero or more words formed by a sequence of the type 110. In total there are 4 states: q0, q1, q2 e q4. q0 is both the initial and the final state.Le transizioni sono: q0 with value 1 goes goes q1, q1 with value 1 goes goes q2, q4 with value 0 goes to q0.;[];True;True
204;Descrivi l automa ;Mmm descrivi l automa ;The automaton accepts zero or more words formed by a sequence of the type 110. In total there are 4 states: q0, q1, q2 e q4. q0 is both the initial and the final state.Le transizioni sono: q0 with value 1 goes goes q1, q1 with value 1 goes goes q2, q4 with value 0 goes to q0.;[];The automaton accepts zero or more words formed by a sequence of the type 110. In total there are 4 states: q0, q1, q2 e q4. q0 is both the initial and the final state.Le transizioni sono: q0 with value 1 goes goes q1, q1 with value 1 goes goes q2, q4 with value 0 goes to q0.;[];True;True
204;Descrivi l automa ;Eh descrivi uhm l automa ;The automaton accepts zero or more words formed by a sequence of the type 110. In total there are 4 states: q0, q1, q2 e q4. q0 is both the initial and the final state.Le transizioni sono: q0 with value 1 goes goes q1, q1 with value 1 goes goes q2, q4 with value 0 goes to q0.;[];The automaton accepts zero or more words formed by a sequence of the type 110. In total there are 4 states: q0, q1, q2 e q4. q0 is both the initial and the final state.Le transizioni sono: q0 with value 1 goes goes q1, q1 with value 1 goes goes q2, q4 with value 0 goes to q0.;[];True;True
204;Descrivi l automa ;Eh descrivi eh l uhm automa ;The automaton accepts zero or more words formed by a sequence of the type 110. In total there are 4 states: q0, q1, q2 e q4. q0 is both the initial and the final state.Le transizioni sono: q0 with value 1 goes goes q1, q1 with value 1 goes goes q2, q4 with value 0 goes to q0.;[];The automaton accepts zero or more words formed by a sequence of the type 110. In total there are 4 states: q0, q1, q2 e q4. q0 is both the initial and the final state.Le transizioni sono: q0 with value 1 goes goes q1, q1 with value 1 goes goes q2, q4 with value 0 goes to q0.;[];True;True
205;How many states are there ;How many mmm states are there ;This automaton has 4 states;[('simbolo-q0', '#04ed00', 'stroke'), ('simbolo-q1', '#04ed00', 'stroke'), ('simbolo-q2', '#04ed00', 'stroke'), ('simbolo-q4', '#04ed00', 'stroke')];This automaton has 4 states;[('simbolo-q0', '#04ed00', 'stroke'), ('simbolo-q1', '#04ed00', 'stroke'), ('simbolo-q2', '#04ed00', 'stroke'), ('simbolo-q4', '#04ed00', 'stroke')];True;True
205;How many states are there ;Uhm how many states are uhm there ;This automaton has 4 states;[('simbolo-q0', '#04ed00', 'stroke'), ('simbolo-q1', '#04ed00', 'stroke'), ('simbolo-q2', '#04ed00', 'stroke'), ('simbolo-q4', '#04ed00', 'stroke')];This automaton has 4 states;[('simbolo-q0', '#04ed00', 'stroke'), ('simbolo-q1', '#04ed00', 'stroke'), ('simbolo-q2', '#04ed00', 'stroke'), ('simbolo-q4', '#04ed00', 'stroke')];True;True
205;How many states are there ;How eh many uhm states uhm are there ;This automaton has 4 states;[('simbolo-q0', '#04ed00', 'stroke'), ('simbolo-q1', '#04ed00', 'stroke'), ('simbolo-q2', '#04ed00', 'stroke'), ('simbolo-q4', '#04ed00', 'stroke')];This automaton has 4 states;[('simbolo-q0', '#04ed00', 'stroke'), ('simbolo-q1', '#04ed00', 'stroke'), ('simbolo-q2', '#04ed00', 'stroke'), ('simbolo-q4', '#04ed00', 'stroke')];True;True
205;How many states are there ;Uhm how many eh states eh are uhm there ;This automaton has 4 states;[('simbolo-q0', '#04ed00', 'stroke'), ('simbolo-q1', '#04ed00', 'stroke'), ('simbolo-q2', '#04ed00', 'stroke'), ('simbolo-q4', '#04ed00', 'stroke')];This automaton has 4 states;[('simbolo-q0', '#04ed00', 'stroke'), ('simbolo-q1', '#04ed00', 'stroke'), ('simbolo-q2', '#04ed00', 'stroke'), ('simbolo-q4', '#04ed00', 'stroke')];True;True
205;How many states are there ;Uhm how mmm many mmm states eh are uhm there ;This automaton has 4 states;[('simbolo-q0', '#04ed00', 'stroke'), ('simbolo-q1', '#04ed00', 'stroke'), ('simbolo-q2', '#04ed00', 'stroke'), ('simbolo-q4', '#04ed00', 'stroke')];This automaton has 4 states;[('simbolo-q0', '#04ed00', 'stroke'), ('simbolo-q1', '#04ed00', 'stroke'), ('simbolo-q2', '#04ed00', 'stroke'), ('simbolo-q4', '#04ed00', 'stroke')];True;True
206;Describe automa ;Describe eh automa ;The automaton accepts zero or more words formed by a sequence of the type 110. In total there are 4 states: q0, q1, q2 e q4. q0 is both the initial and the final state.Le transizioni sono: q0 with value 1 goes goes q1, q1 with value 1 goes goes q2, q4 with value 0 goes to q0.;[];The automaton accepts zero or more words formed by a sequence of the type 110. In total there are 4 states: q0, q1, q2 e q4. q0 is both the initial and the final state.Le transizioni sono: q0 with value 1 goes goes q1, q1 with value 1 goes goes q2, q4 with value 0 goes to q0.;[];True;True
206;Describe automa ;Eh describe uhm automa ;The automaton accepts zero or more words formed by a sequence of the type 110. In total there are 4 states: q0, q1, q2 e q4. q0 is both the initial and the final state.Le transizioni sono: q0 with value 1 goes goes q1, q1 with value 1 goes goes q2, q4 with value 0 goes to q0.;[];The automaton accepts zero or more words formed by a sequence of the type 110. In total there are 4 states: q0, q1, q2 e q4. q0 is both the initial and the final state.Le transizioni sono: q0 with value 1 goes goes q1, q1 with value 1 goes goes q2, q4 with value 0 goes to q0.;[];True;True
207;How many regions are there in Italy ;Uhm how many regions are there in italy ;Potresti essere più specifico?;[];Potresti essere più specifico?;[];True;True
207;How many regions are there in Italy ;How many regions eh are there in uhm italy ;Potresti essere più specifico?;[];This automaton has 4 states;[('simbolo-q0', '#04ed00', 'stroke'), ('simbolo-q1', '#04ed00', 'stroke'), ('simbolo-q2', '#04ed00', 'stroke'), ('simbolo-q4', '#04ed00', 'stroke')];False;False
207;How many regions are there in Italy ;How many uhm regions are uhm there in uhm italy ;Potresti essere più specifico?;[];This automaton has 4 states;[('simbolo-q0', '#04ed00', 'stroke'), ('simbolo-q1', '#04ed00', 'stroke'), ('simbolo-q2', '#04ed00', 'stroke'), ('simbolo-q4', '#04ed00', 'stroke')];False;False
207;How many regions are there in Italy ;Mmm how mmm many uhm regions are there in mmm italy ;Potresti essere più specifico?;[];The automaton has 4 states: q0, q1, q2 e q4.;[('simbolo-q0', '#04ed00', 'stroke'), ('simbolo-q1', '#04ed00', 'stroke'), ('simbolo-q2', '#04ed00', 'stroke'), ('simbolo-q4', '#04ed00', 'stroke')];False;False
207;How many regions are there in Italy ;Mmm how eh many regions eh are mmm there mmm in italy ;Potresti essere più specifico?;[];Potresti essere più specifico?;[];True;True
207;How many regions are there in Italy ;Mmm how eh many eh regions eh are mmm there eh in italy ;Potresti essere più specifico?;[];The automaton has 4 states: q0, q1, q2 e q4.;[('simbolo-q0', '#04ed00', 'stroke'), ('simbolo-q1', '#04ed00', 'stroke'), ('simbolo-q2', '#04ed00', 'stroke'), ('simbolo-q4', '#04ed00', 'stroke')];False;False
207;How many regions are there in Italy ;Eh how eh many uhm regions mmm are uhm there mmm in mmm italy ;Potresti essere più specifico?;[];The automaton has 4 states: q0, q1, q2 e q4.;[('simbolo-q0', '#04ed00', 'stroke'), ('simbolo-q1', '#04ed00', 'stroke'), ('simbolo-q2', '#04ed00', 'stroke'), ('simbolo-q4', '#04ed00', 'stroke')];False;False
208;In which year we are ;In which uhm year we are ;Potresti essere più specifico?;[];Potresti essere più specifico?;[];True;True
208;In which year we are ;Uhm in which uhm year we are ;Potresti essere più specifico?;[];Potresti essere più specifico?;[];True;True
208;In which year we are ;Mmm in mmm which year uhm we are ;Potresti essere più specifico?;[];Potresti essere più specifico?;[];True;True
208;In which year we are ;Mmm in mmm which year eh we uhm are ;Potresti essere più specifico?;[];Potresti essere più specifico?;[];True;True
208;In which year we are ;Uhm in uhm which mmm year eh we uhm are ;Potresti essere più specifico?;[];Potresti essere più specifico?;[];True;True
209;In which year we are ;In which year we eh are ;Potresti essere più specifico?;[];Potresti essere più specifico?;[];True;True
209;In which year we are ;Mmm in which year we eh are ;Potresti essere più specifico?;[];Potresti essere più specifico?;[];True;True
209;In which year we are ;Eh in which eh year we mmm are ;Potresti essere più specifico?;[];Potresti essere più specifico?;[];True;True
209;In which year we are ;Eh in eh which year eh we eh are ;Potresti essere più specifico?;[];Potresti essere più specifico?;[];True;True
209;In which year we are ;Uhm in mmm which mmm year uhm we eh are ;Potresti essere più specifico?;[];Potresti essere più specifico?;[];True;True
210;It is possible to find a repetitive pattern in the transitions ;It is uhm possible to find a repetitive pattern in the transitions ;Potresti essere più specifico?;[];Potresti essere più specifico?;[];True;True
210;It is possible to find a repetitive pattern in the transitions ;Uhm it is possible to find a eh repetitive pattern in the transitions ;Potresti essere più specifico?;[];Potresti essere più specifico?;[];True;True
210;It is possible to find a repetitive pattern in the transitions ;It is possible uhm to uhm find a repetitive pattern eh in the transitions ;Potresti essere più specifico?;[];Potresti essere più specifico?;[];True;True
210;It is possible to find a repetitive pattern in the transitions ;Mmm it uhm is uhm possible to find mmm a repetitive pattern in the transitions ;Potresti essere più specifico?;[];Potresti essere più specifico?;[];True;True
210;It is possible to find a repetitive pattern in the transitions ;It is possible mmm to eh find a uhm repetitive uhm pattern in the eh transitions ;Potresti essere più specifico?;[];Potresti essere più specifico?;[];True;True
210;It is possible to find a repetitive pattern in the transitions ;It uhm is uhm possible uhm to uhm find a repetitive uhm pattern in uhm the transitions ;Potresti essere più specifico?;[];Potresti essere più specifico?;[];True;True
210;It is possible to find a repetitive pattern in the transitions ;Mmm it is uhm possible uhm to find eh a repetitive pattern eh in mmm the uhm transitions ;Potresti essere più specifico?;[];Potresti essere più specifico?;[];True;True
210;It is possible to find a repetitive pattern in the transitions ;It uhm is uhm possible mmm to eh find a eh repetitive pattern mmm in mmm the mmm transitions ;Potresti essere più specifico?;[];Potresti essere più specifico?;[];True;True
210;It is possible to find a repetitive pattern in the transitions ;It eh is possible eh to mmm find mmm a uhm repetitive mmm pattern mmm in uhm the eh transitions ;Potresti essere più specifico?;[];Potresti essere più specifico?;[];True;True
210;It is possible to find a repetitive pattern in the transitions ;Eh it eh is mmm possible eh to eh find uhm a repetitive mmm pattern eh in mmm the mmm transitions ;Potresti essere più specifico?;[];Potresti essere più specifico?;[];True;True
210;It is possible to find a repetitive pattern in the transitions ;Mmm it mmm is mmm possible eh to uhm find eh a mmm repetitive mmm pattern mmm in eh the mmm transitions ;Potresti essere più specifico?;[];Potresti essere più specifico?;[];True;True
211;The automaton accepts a language allowing words made of an odd number of 0s and 1s ;The automaton accepts a language allowing words made of an mmm odd number of 0s and 1s ;Potresti essere più specifico?;[];Potresti essere più specifico?;[];True;True
211;The automaton accepts a language allowing words made of an odd number of 0s and 1s ;The automaton accepts a mmm language allowing words made of an uhm odd number of 0s and 1s ;Potresti essere più specifico?;[];Potresti essere più specifico?;[];True;True
211;The automaton accepts a language allowing words made of an odd number of 0s and 1s ;The automaton accepts a uhm language allowing words made uhm of an odd eh number of 0s and 1s ;Potresti essere più specifico?;[];Potresti essere più specifico?;[];True;True
211;The automaton accepts a language allowing words made of an odd number of 0s and 1s ;The automaton eh accepts a language uhm allowing words made of an odd number eh of uhm 0s and 1s ;Potresti essere più specifico?;[];Potresti essere più specifico?;[];True;True
211;The automaton accepts a language allowing words made of an odd number of 0s and 1s ;The uhm automaton accepts uhm a language allowing eh words made of an odd number of eh 0s uhm and 1s ;Potresti essere più specifico?;[];The automaton accepts zero or more words formed by a sequence of the type 110. In total there are 4 states: q0, q1, q2 e q4. q0 is both the initial and the final state.Le transizioni sono: q0 with value 1 goes goes q1, q1 with value 1 goes goes q2, q4 with value 0 goes to q0.;[];False;True
211;The automaton accepts a language allowing words made of an odd number of 0s and 1s ;Uhm the mmm automaton uhm accepts eh a language mmm allowing words made of an mmm odd number of 0s and 1s ;Potresti essere più specifico?;[];Potresti essere più specifico?;[];True;True
211;The automaton accepts a language allowing words made of an odd number of 0s and 1s ;Eh the automaton accepts a uhm language allowing words made mmm of an odd uhm number eh of 0s uhm and uhm 1s ;Potresti essere più specifico?;[];Potresti essere più specifico?;[];True;True
211;The automaton accepts a language allowing words made of an odd number of 0s and 1s ;Uhm the automaton accepts a language eh allowing uhm words uhm made of an eh odd mmm number mmm of 0s and eh 1s ;Potresti essere più specifico?;[];Potresti essere più specifico?;[];True;True
211;The automaton accepts a language allowing words made of an odd number of 0s and 1s ;Eh the eh automaton eh accepts uhm a language allowing words made mmm of an eh odd mmm number of mmm 0s and eh 1s ;Potresti essere più specifico?;[];Potresti essere più specifico?;[];True;True
211;The automaton accepts a language allowing words made of an odd number of 0s and 1s ;Mmm the automaton accepts eh a language mmm allowing words uhm made mmm of eh an odd uhm number of uhm 0s eh and uhm 1s ;Potresti essere più specifico?;[];Potresti essere più specifico?;[];True;True
211;The automaton accepts a language allowing words made of an odd number of 0s and 1s ;The uhm automaton accepts eh a uhm language allowing eh words uhm made uhm of mmm an eh odd eh number uhm of 0s mmm and 1s ;Potresti essere più specifico?;[];Potresti essere più specifico?;[];True;True
211;The automaton accepts a language allowing words made of an odd number of 0s and 1s ;Eh the mmm automaton mmm accepts uhm a eh language mmm allowing eh words made of eh an uhm odd uhm number of 0s eh and mmm 1s ;Potresti essere più specifico?;[];The automaton accepts zero or more words formed by a sequence of the type 110. In total there are 4 states: q0, q1, q2 e q4. q0 is both the initial and the final state.Le transizioni sono: q0 with value 1 goes goes q1, q1 with value 1 goes goes q2, q4 with value 0 goes to q0.;[];False;True
211;The automaton accepts a language allowing words made of an odd number of 0s and 1s ;The automaton uhm accepts mmm a mmm language uhm allowing uhm words made mmm of eh an uhm odd uhm number eh of mmm 0s eh and mmm 1s ;Potresti essere più specifico?;[];Potresti essere più specifico?;[];True;True
211;The automaton accepts a language allowing words made of an odd number of 0s and 1s ;Eh the eh automaton eh accepts uhm a eh language eh allowing words made mmm of uhm an mmm odd eh number eh of eh 0s uhm and uhm 1s ;Potresti essere più specifico?;[];Potresti essere più specifico?;[];True;True
211;The automaton accepts a language allowing words made of an odd number of 0s and 1s ;Eh the eh automaton eh accepts a mmm language mmm allowing uhm words uhm made mmm of mmm an mmm odd mmm number mmm of uhm 0s uhm and uhm 1s ;Potresti essere più specifico?;[];Potresti essere più specifico?;[];True;True
211;The automaton accepts a language allowing words made of an odd number of 0s and 1s ;Uhm the mmm automaton mmm accepts uhm a uhm language mmm allowing mmm words eh made mmm of mmm an eh odd uhm number mmm of mmm 0s mmm and mmm 1s ;Potresti essere più specifico?;[];The automaton accepts zero or more words formed by a sequence of the type 110. In total there are 4 states: q0, q1, q2 e q4. q0 is both the initial and the final state.Le transizioni sono: q0 with value 1 goes goes q1, q1 with value 1 goes goes q2, q4 with value 0 goes to q0.;[];False;True
212;If q2 were the final state the language accepted by the automaton is the same ;If q2 were the mmm final state the language accepted by the automaton is the same ;The final state is q0.;[('simbolo-q0', '#04ed00', 'stroke')];The final state is q0.;[('simbolo-q0', '#04ed00', 'stroke')];True;True
212;If q2 were the final state the language accepted by the automaton is the same ;If q2 were the final state the language accepted by the eh automaton mmm is the same ;The final state is q0.;[('simbolo-q0', '#04ed00', 'stroke')];Potresti essere più specifico?;[];False;False
212;If q2 were the final state the language accepted by the automaton is the same ;If q2 uhm were the eh final state uhm the language accepted by the automaton is the same ;The final state is q0.;[('simbolo-q0', '#04ed00', 'stroke')];The final state is q0.;[('simbolo-q0', '#04ed00', 'stroke')];True;True
212;If q2 were the final state the language accepted by the automaton is the same ;If q2 were uhm the final state mmm the mmm language accepted by the eh automaton is the same ;The final state is q0.;[('simbolo-q0', '#04ed00', 'stroke')];Potresti essere più specifico?;[];False;False
212;If q2 were the final state the language accepted by the automaton is the same ;If q2 were the final state eh the language accepted mmm by the mmm automaton eh is uhm the same ;The final state is q0.;[('simbolo-q0', '#04ed00', 'stroke')];The final state is q0.;[('simbolo-q0', '#04ed00', 'stroke')];True;True
212;If q2 were the final state the language accepted by the automaton is the same ;If eh q2 were uhm the final state the language accepted uhm by mmm the uhm automaton is the mmm same ;The final state is q0.;[('simbolo-q0', '#04ed00', 'stroke')];Potresti essere più specifico?;[];False;False
212;If q2 were the final state the language accepted by the automaton is the same ;Eh if uhm q2 mmm were the mmm final uhm state the language mmm accepted by the automaton is mmm the same ;The final state is q0.;[('simbolo-q0', '#04ed00', 'stroke')];The final state is q0.;[('simbolo-q0', '#04ed00', 'stroke')];True;True
212;If q2 were the final state the language accepted by the automaton is the same ;If eh q2 mmm were the eh final mmm state the mmm language mmm accepted by the eh automaton is uhm the same ;The final state is q0.;[('simbolo-q0', '#04ed00', 'stroke')];Potresti essere più specifico?;[];False;False
212;If q2 were the final state the language accepted by the automaton is the same ;Eh if q2 mmm were eh the mmm final state eh the uhm language eh accepted by eh the automaton is eh the same ;The final state is q0.;[('simbolo-q0', '#04ed00', 'stroke')];Potresti essere più specifico?;[];False;False
212;If q2 were the final state the language accepted by the automaton is the same ;Eh if q2 were mmm the uhm final state the mmm language mmm accepted uhm by eh the uhm automaton uhm is the mmm same ;The final state is q0.;[('simbolo-q0', '#04ed00', 'stroke')];Potresti essere più specifico?;[];False;False
212;If q2 were the final state the language accepted by the automaton is the same ;Eh if q2 uhm were the eh final state mmm the mmm language mmm accepted mmm by eh the eh automaton is mmm the eh same ;The final state is q0.;[('simbolo-q0', '#04ed00', 'stroke')];Potresti essere più specifico?;[];False;False
212;If q2 were the final state the language accepted by the automaton is the same ;If eh q2 eh were mmm the final mmm state uhm the eh language accepted uhm by mmm the mmm automaton mmm is eh the eh same ;The final state is q0.;[('simbolo-q0', '#04ed00', 'stroke')];Potresti essere più specifico?;[];False;False
212;If q2 were the final state the language accepted by the automaton is the same ;Mmm if q2 uhm were mmm the mmm final eh state uhm the eh language eh accepted eh by eh the mmm automaton is mmm the mmm same ;The final state is q0.;[('simbolo-q0', '#04ed00', 'stroke')];Potresti essere più specifico?;[];False;False
212;If q2 were the final state the language accepted by the automaton is the same ;Mmm if eh q2 were eh the eh final mmm state uhm the mmm language mmm accepted mmm by eh the eh automaton mmm is eh the uhm same ;The final state is q0.;[('simbolo-q0', '#04ed00', 'stroke')];Potresti essere più specifico?;[];False;False
212;If q2 were the final state the language accepted by the automaton is the same ;Mmm if eh q2 eh were mmm the mmm final uhm state uhm the eh language uhm accepted eh by eh the uhm automaton uhm is eh the eh same ;The final state is q0.;[('simbolo-q0', '#04ed00', 'stroke')];Potresti essere più specifico?;[];False;False
213;If q2 were the final state the language accepted by the automaton is the same ;If q2 were the uhm final state the language accepted by the automaton is the same ;The final state is q0.;[('simbolo-q0', '#04ed00', 'stroke')];The final state is q0.;[('simbolo-q0', '#04ed00', 'stroke')];True;True
213;If q2 were the final state the language accepted by the automaton is the same ;If q2 were the uhm final state the eh language accepted by the automaton is the same ;The final state is q0.;[('simbolo-q0', '#04ed00', 'stroke')];Potresti essere più specifico?;[];False;False
213;If q2 were the final state the language accepted by the automaton is the same ;If q2 were the final state the language mmm accepted by the eh automaton is mmm the same ;The final state is q0.;[('simbolo-q0', '#04ed00', 'stroke')];The final state is q0.;[('simbolo-q0', '#04ed00', 'stroke')];True;True
213;If q2 were the final state the language accepted by the automaton is the same ;If q2 were eh the final state the language eh accepted by mmm the automaton mmm is the same ;The final state is q0.;[('simbolo-q0', '#04ed00', 'stroke')];The final state is q0.;[('simbolo-q0', '#04ed00', 'stroke')];True;True
213;If q2 were the final state the language accepted by the automaton is the same ;If q2 uhm were the final uhm state uhm the language accepted by the uhm automaton eh is the same ;The final state is q0.;[('simbolo-q0', '#04ed00', 'stroke')];The final state is q0.;[('simbolo-q0', '#04ed00', 'stroke')];True;True
213;If q2 were the final state the language accepted by the automaton is the same ;If q2 eh were the eh final state the language eh accepted by eh the uhm automaton is mmm the same ;The final state is q0.;[('simbolo-q0', '#04ed00', 'stroke')];Potresti essere più specifico?;[];False;False
213;If q2 were the final state the language accepted by the automaton is the same ;If eh q2 uhm were the final state the language accepted by mmm the eh automaton mmm is eh the uhm same ;The final state is q0.;[('simbolo-q0', '#04ed00', 'stroke')];Potresti essere più specifico?;[];False;False
213;If q2 were the final state the language accepted by the automaton is the same ;Mmm if uhm q2 uhm were eh the final state the language mmm accepted by the automaton uhm is mmm the uhm same ;The final state is q0.;[('simbolo-q0', '#04ed00', 'stroke')];Potresti essere più specifico?;[];False;False
213;If q2 were the final state the language accepted by the automaton is the same ;Eh if q2 uhm were the uhm final uhm state eh the language uhm accepted by eh the mmm automaton is the mmm same ;The final state is q0.;[('simbolo-q0', '#04ed00', 'stroke')];The final state is q0.;[('simbolo-q0', '#04ed00', 'stroke')];True;True
213;If q2 were the final state the language accepted by the automaton is the same ;Mmm if mmm q2 were eh the uhm final state the eh language mmm accepted mmm by the eh automaton mmm is the uhm same ;The final state is q0.;[('simbolo-q0', '#04ed00', 'stroke')];Potresti essere più specifico?;[];False;False
213;If q2 were the final state the language accepted by the automaton is the same ;Eh if mmm q2 were mmm the uhm final eh state mmm the language eh accepted uhm by eh the automaton is eh the mmm same ;The final state is q0.;[('simbolo-q0', '#04ed00', 'stroke')];Potresti essere più specifico?;[];False;False
213;If q2 were the final state the language accepted by the automaton is the same ;If uhm q2 mmm were the eh final eh state uhm the mmm language mmm accepted eh by mmm the uhm automaton is uhm the uhm same ;The final state is q0.;[('simbolo-q0', '#04ed00', 'stroke')];The final state is q0.;[('simbolo-q0', '#04ed00', 'stroke')];True;True
213;If q2 were the final state the language accepted by the automaton is the same ;Mmm if mmm q2 eh were mmm the mmm final eh state the language uhm accepted uhm by uhm the mmm automaton uhm is uhm the mmm same ;The final state is q0.;[('simbolo-q0', '#04ed00', 'stroke')];Potresti essere più specifico?;[];False;False
213;If q2 were the final state the language accepted by the automaton is the same ;Eh if eh q2 eh were uhm the uhm final mmm state eh the eh language eh accepted mmm by eh the eh automaton mmm is the uhm same ;The final state is q0.;[('simbolo-q0', '#04ed00', 'stroke')];The final state is q0.;[('simbolo-q0', '#04ed00', 'stroke')];True;True
213;If q2 were the final state the language accepted by the automaton is the same ;Eh if uhm q2 uhm were uhm the mmm final uhm state uhm the eh language mmm accepted mmm by eh the eh automaton eh is eh the mmm same ;The final state is q0.;[('simbolo-q0', '#04ed00', 'stroke')];The final state is q0.;[('simbolo-q0', '#04ed00', 'stroke')];True;True
214;If q0 were the final state the language accepted by the automaton is the same ;If q0 were the final state mmm the language accepted by the automaton is the same ;The final state is q0.;[('simbolo-q0', '#04ed00', 'stroke')];The final state is q0.;[('simbolo-q0', '#04ed00', 'stroke')];True;True
214;If q0 were the final state the language accepted by the automaton is the same ;Uhm if q0 were the final state the language accepted by the automaton is uhm the same ;The final state is q0.;[('simbolo-q0', '#04ed00', 'stroke')];Potresti essere più specifico?;[];False;False
214;If q0 were the final state the language accepted by the automaton is the same ;Eh if q0 were the final state eh the language accepted by eh the automaton is the same ;The final state is q0.;[('simbolo-q0', '#04ed00', 'stroke')];Potresti essere più specifico?;[];False;False
214;If q0 were the final state the language accepted by the automaton is the same ;Eh if q0 were the final state the language accepted by mmm the mmm automaton is uhm the same ;The final state is q0.;[('simbolo-q0', '#04ed00', 'stroke')];Potresti essere più specifico?;[];False;False
214;If q0 were the final state the language accepted by the automaton is the same ;Uhm if uhm q0 were the final state the language accepted by mmm the automaton uhm is mmm the same ;The final state is q0.;[('simbolo-q0', '#04ed00', 'stroke')];Potresti essere più specifico?;[];False;False
214;If q0 were the final state the language accepted by the automaton is the same ;If mmm q0 were uhm the eh final state the language mmm accepted by mmm the mmm automaton is the same ;The final state is q0.;[('simbolo-q0', '#04ed00', 'stroke')];Potresti essere più specifico?;[];False;False
214;If q0 were the final state the language accepted by the automaton is the same ;Mmm if uhm q0 uhm were the final state eh the language accepted mmm by the automaton eh is mmm the same ;The final state is q0.;[('simbolo-q0', '#04ed00', 'stroke')];The final state is q0.;[('simbolo-q0', '#04ed00', 'stroke')];True;True
214;If q0 were the final state the language accepted by the automaton is the same ;If uhm q0 were uhm the uhm final state the mmm language eh accepted uhm by the automaton is uhm the eh same ;The final state is q0.;[('simbolo-q0', '#04ed00', 'stroke')];Potresti essere più specifico?;[];False;False
214;If q0 were the final state the language accepted by the automaton is the same ;Mmm if q0 uhm were the eh final state eh the uhm language accepted by eh the mmm automaton mmm is uhm the same ;The final state is q0.;[('simbolo-q0', '#04ed00', 'stroke')];Potresti essere più specifico?;[];False;False
214;If q0 were the final state the language accepted by the automaton is the same ;Mmm if eh q0 eh were uhm the uhm final mmm state uhm the language uhm accepted by uhm the automaton eh is the same ;The final state is q0.;[('simbolo-q0', '#04ed00', 'stroke')];Potresti essere più specifico?;[];False;False
214;If q0 were the final state the language accepted by the automaton is the same ;Mmm if q0 mmm were the final mmm state mmm the language eh accepted eh by mmm the uhm automaton mmm is eh the eh same ;The final state is q0.;[('simbolo-q0', '#04ed00', 'stroke')];The final state is q0.;[('simbolo-q0', '#04ed00', 'stroke')];True;True
214;If q0 were the final state the language accepted by the automaton is the same ;Eh if mmm q0 mmm were mmm the final uhm state uhm the uhm language accepted mmm by eh the automaton mmm is eh the eh same ;The final state is q0.;[('simbolo-q0', '#04ed00', 'stroke')];Potresti essere più specifico?;[];False;False
214;If q0 were the final state the language accepted by the automaton is the same ;Eh if uhm q0 mmm were the mmm final eh state mmm the mmm language accepted mmm by uhm the mmm automaton uhm is mmm the eh same ;The final state is q0.;[('simbolo-q0', '#04ed00', 'stroke')];Potresti essere più specifico?;[];False;False
214;If q0 were the final state the language accepted by the automaton is the same ;Uhm if mmm q0 mmm were uhm the mmm final eh state mmm the eh language eh accepted uhm by uhm the automaton mmm is uhm the mmm same ;The final state is q0.;[('simbolo-q0', '#04ed00', 'stroke')];Potresti essere più specifico?;[];False;False
214;If q0 were the final state the language accepted by the automaton is the same ;Uhm if mmm q0 mmm were eh the eh final eh state mmm the mmm language eh accepted mmm by mmm the eh automaton uhm is uhm the uhm same ;The final state is q0.;[('simbolo-q0', '#04ed00', 'stroke')];The final state is q0.;[('simbolo-q0', '#04ed00', 'stroke')];True;True
215;how many states has the automata ;How many states uhm has the automata ;This automaton has 4 states;[('simbolo-q0', '#04ed00', 'stroke'), ('simbolo-q1', '#04ed00', 'stroke'), ('simbolo-q2', '#04ed00', 'stroke'), ('simbolo-q4', '#04ed00', 'stroke')];This automaton has 4 states;[('simbolo-q0', '#04ed00', 'stroke'), ('simbolo-q1', '#04ed00', 'stroke'), ('simbolo-q2', '#04ed00', 'stroke'), ('simbolo-q4', '#04ed00', 'stroke')];True;True
215;how many states has the automata ;How many states eh has uhm the automata ;This automaton has 4 states;[('simbolo-q0', '#04ed00', 'stroke'), ('simbolo-q1', '#04ed00', 'stroke'), ('simbolo-q2', '#04ed00', 'stroke'), ('simbolo-q4', '#04ed00', 'stroke')];This automaton has 4 states;[('simbolo-q0', '#04ed00', 'stroke'), ('simbolo-q1', '#04ed00', 'stroke'), ('simbolo-q2', '#04ed00', 'stroke'), ('simbolo-q4', '#04ed00', 'stroke')];True;True
215;how many states has the automata ;How many eh states mmm has uhm the automata ;This automaton has 4 states;[('simbolo-q0', '#04ed00', 'stroke'), ('simbolo-q1', '#04ed00', 'stroke'), ('simbolo-q2', '#04ed00', 'stroke'), ('simbolo-q4', '#04ed00', 'stroke')];This automaton has 4 states;[('simbolo-q0', '#04ed00', 'stroke'), ('simbolo-q1', '#04ed00', 'stroke'), ('simbolo-q2', '#04ed00', 'stroke'), ('simbolo-q4', '#04ed00', 'stroke')];True;True
215;how many states has the automata ;Mmm how eh many states eh has the uhm automata ;This automaton has 4 states;[('simbolo-q0', '#04ed00', 'stroke'), ('simbolo-q1', '#04ed00', 'stroke'), ('simbolo-q2', '#04ed00', 'stroke'), ('simbolo-q4', '#04ed00', 'stroke')];This automaton has 4 states;[('simbolo-q0', '#04ed00', 'stroke'), ('simbolo-q1', '#04ed00', 'stroke'), ('simbolo-q2', '#04ed00', 'stroke'), ('simbolo-q4', '#04ed00', 'stroke')];True;True
215;how many states has the automata ;How uhm many uhm states uhm has mmm the uhm automata ;This automaton has 4 states;[('simbolo-q0', '#04ed00', 'stroke'), ('simbolo-q1', '#04ed00', 'stroke'), ('simbolo-q2', '#04ed00', 'stroke'), ('simbolo-q4', '#04ed00', 'stroke')];This automaton has 4 states;[('simbolo-q0', '#04ed00', 'stroke'), ('simbolo-q1', '#04ed00', 'stroke'), ('simbolo-q2', '#04ed00', 'stroke'), ('simbolo-q4', '#04ed00', 'stroke')];True;True
215;how many states has the automata ;Mmm how uhm many uhm states eh has eh the uhm automata ;This automaton has 4 states;[('simbolo-q0', '#04ed00', 'stroke'), ('simbolo-q1', '#04ed00', 'stroke'), ('simbolo-q2', '#04ed00', 'stroke'), ('simbolo-q4', '#04ed00', 'stroke')];This automaton has 4 states;[('simbolo-q0', '#04ed00', 'stroke'), ('simbolo-q1', '#04ed00', 'stroke'), ('simbolo-q2', '#04ed00', 'stroke'), ('simbolo-q4', '#04ed00', 'stroke')];True;True
216;how many arcs are there in the automata ;How many arcs uhm are there in the automata ;Potresti essere più specifico?;[];The automaton has 3 transitions: q0 con valore 1 va in q1, q1 con valore 1 va in q2, q4 con valore 0 va in q0.;[('simbolo-q0-q1', '#04ed00', 'stroke'), ('simbolo-q1-q2', '#04ed00', 'stroke'), ('simbolo-q4-q0', '#04ed00', 'stroke')];False;False
216;how many arcs are there in the automata ;Eh how many arcs are mmm there in the automata ;Potresti essere più specifico?;[];The automaton has 3 transitions: q0 con valore 1 va in q1, q1 con valore 1 va in q2, q4 con valore 0 va in q0.;[('simbolo-q0-q1', '#04ed00', 'stroke'), ('simbolo-q1-q2', '#04ed00', 'stroke'), ('simbolo-q4-q0', '#04ed00', 'stroke')];False;False
216;how many arcs are there in the automata ;How uhm many arcs are mmm there mmm in the automata ;Potresti essere più specifico?;[];The automaton has 3 transitions: q0 con valore 1 va in q1, q1 con valore 1 va in q2, q4 con valore 0 va in q0.;[('simbolo-q0-q1', '#04ed00', 'stroke'), ('simbolo-q1-q2', '#04ed00', 'stroke'), ('simbolo-q4-q0', '#04ed00', 'stroke')];False;False
216;how many arcs are there in the automata ;Uhm how mmm many arcs are there eh in the eh automata ;Potresti essere più specifico?;[];The automaton has 3 transitions: q0 con valore 1 va in q1, q1 con valore 1 va in q2, q4 con valore 0 va in q0.;[('simbolo-q0-q1', '#04ed00', 'stroke'), ('simbolo-q1-q2', '#04ed00', 'stroke'), ('simbolo-q4-q0', '#04ed00', 'stroke')];False;False
216;how many arcs are there in the automata ;How uhm many mmm arcs uhm are there mmm in eh the automata ;Potresti essere più specifico?;[];The automaton has 3 transitions: q0 con valore 1 va in q1, q1 con valore 1 va in q2, q4 con valore 0 va in q0.;[('simbolo-q0-q1', '#04ed00', 'stroke'), ('simbolo-q1-q2', '#04ed00', 'stroke'), ('simbolo-q4-q0', '#04ed00', 'stroke')];False;False
216;how many arcs are there in the automata ;Mmm how uhm many uhm arcs eh are there mmm in the eh automata ;Potresti essere più specifico?;[];The automaton has 3 transitions: q0 con valore 1 va in q1, q1 con valore 1 va in q2, q4 con valore 0 va in q0.;[('simbolo-q0-q1', '#04ed00', 'stroke'), ('simbolo-q1-q2', '#04ed00', 'stroke'), ('simbolo-q4-q0', '#04ed00', 'stroke')];False;False
216;how many arcs are there in the automata ;Eh how eh many arcs eh are uhm there mmm in uhm the uhm automata ;Potresti essere più specifico?;[];The automaton has 3 transitions: q0 con valore 1 va in q1, q1 con valore 1 va in q2, q4 con valore 0 va in q0.;[('simbolo-q0-q1', '#04ed00', 'stroke'), ('simbolo-q1-q2', '#04ed00', 'stroke'), ('simbolo-q4-q0', '#04ed00', 'stroke')];False;False
216;how many arcs are there in the automata ;Mmm how mmm many eh arcs eh are mmm there mmm in uhm the mmm automata ;Potresti essere più specifico?;[];The automaton has 3 transitions: q0 con valore 1 va in q1, q1 con valore 1 va in q2, q4 con valore 0 va in q0.;[('simbolo-q0-q1', '#04ed00', 'stroke'), ('simbolo-q1-q2', '#04ed00', 'stroke'), ('simbolo-q4-q0', '#04ed00', 'stroke')];False;False
217;is there a particulare pattern among automata arcs ;Mmm is there a particulare pattern among automata arcs ;Potresti essere più specifico?;[];Potresti essere più specifico?;[];True;True
217;is there a particulare pattern among automata arcs ;Is there uhm a particulare mmm pattern among automata arcs ;Potresti essere più specifico?;[];Potresti essere più specifico?;[];True;True
217;is there a particulare pattern among automata arcs ;Uhm is there a eh particulare uhm pattern among automata arcs ;Potresti essere più specifico?;[];Potresti essere più specifico?;[];True;True
217;is there a particulare pattern among automata arcs ;Is eh there mmm a particulare pattern among eh automata eh arcs ;Potresti essere più specifico?;[];Potresti essere più specifico?;[];True;True
217;is there a particulare pattern among automata arcs ;Is there eh a uhm particulare mmm pattern among mmm automata eh arcs ;Potresti essere più specifico?;[];Potresti essere più specifico?;[];True;True
217;is there a particulare pattern among automata arcs ;Uhm is mmm there mmm a uhm particulare pattern mmm among uhm automata arcs ;Potresti essere più specifico?;[];Potresti essere più specifico?;[];True;True
217;is there a particulare pattern among automata arcs ;Eh is eh there eh a uhm particulare mmm pattern eh among uhm automata arcs ;Potresti essere più specifico?;[];Potresti essere più specifico?;[];True;True
217;is there a particulare pattern among automata arcs ;Uhm is uhm there mmm a mmm particulare uhm pattern mmm among mmm automata eh arcs ;Potresti essere più specifico?;[];Potresti essere più specifico?;[];True;True
218;which is the transition function ;Which is the transition eh function ;there is no transition between q0 and q0.;[];there is no transition between q0 and q0.;[];True;True
218;which is the transition function ;Eh which is uhm the transition function ;there is no transition between q0 and q0.;[];there is no transition between q0 and q0.;[];True;True
218;which is the transition function ;Which mmm is mmm the transition eh function ;there is no transition between q0 and q0.;[];there is no transition between q0 and q0.;[];True;True
218;which is the transition function ;Eh which mmm is eh the uhm transition function ;there is no transition between q0 and q0.;[];there is no transition between q0 and q0.;[];True;True
218;which is the transition function ;Mmm which eh is uhm the mmm transition mmm function ;there is no transition between q0 and q0.;[];there is no transition between q0 and q0.;[];True;True
219;What is the accepted language ;Mmm what is the accepted language ;Potresti essere più specifico?;[];Potresti essere più specifico?;[];True;True
219;What is the accepted language ;What is uhm the accepted mmm language ;Potresti essere più specifico?;[];Potresti essere più specifico?;[];True;True
219;What is the accepted language ;What uhm is uhm the eh accepted language ;Potresti essere più specifico?;[];Potresti essere più specifico?;[];True;True
219;What is the accepted language ;Uhm what mmm is the eh accepted uhm language ;Potresti essere più specifico?;[];Potresti essere più specifico?;[];True;True
219;What is the accepted language ;Mmm what eh is eh the eh accepted mmm language ;Potresti essere più specifico?;[];Potresti essere più specifico?;[];True;True
220;how much does the representation takes ;How much eh does the representation takes ;Potresti essere più specifico?;[];Potresti essere più specifico?;[];True;True
220;how much does the representation takes ;How uhm much uhm does the representation takes ;Potresti essere più specifico?;[];The automaton accepts zero or more words formed by a sequence of the type 110. In total there are 4 states: q0, q1, q2 e q4. q0 is both the initial and the final state.Le transizioni sono: q0 with value 1 goes goes q1, q1 with value 1 goes goes q2, q4 with value 0 goes to q0.;[];False;True
220;how much does the representation takes ;Mmm how much uhm does the uhm representation takes ;Potresti essere più specifico?;[];Potresti essere più specifico?;[];True;True
220;how much does the representation takes ;Uhm how much mmm does the eh representation eh takes ;Potresti essere più specifico?;[];Potresti essere più specifico?;[];True;True
220;how much does the representation takes ;Uhm how uhm much eh does uhm the uhm representation takes ;Potresti essere più specifico?;[];Potresti essere più specifico?;[];True;True
220;how much does the representation takes ;Uhm how eh much uhm does mmm the uhm representation uhm takes ;Potresti essere più specifico?;[];Potresti essere più specifico?;[];True;True
221;How is the automaton represented ;How is the uhm automaton represented ;The automaton accepts zero or more words formed by a sequence of the type 110. In total there are 4 states: q0, q1, q2 e q4. q0 is both the initial and the final state.Le transizioni sono: q0 with value 1 goes goes q1, q1 with value 1 goes goes q2, q4 with value 0 goes to q0.;[];The automaton accepts zero or more words formed by a sequence of the type 110. In total there are 4 states: q0, q1, q2 e q4. q0 is both the initial and the final state.Le transizioni sono: q0 with value 1 goes goes q1, q1 with value 1 goes goes q2, q4 with value 0 goes to q0.;[];True;True
221;How is the automaton represented ;How eh is the uhm automaton represented ;The automaton accepts zero or more words formed by a sequence of the type 110. In total there are 4 states: q0, q1, q2 e q4. q0 is both the initial and the final state.Le transizioni sono: q0 with value 1 goes goes q1, q1 with value 1 goes goes q2, q4 with value 0 goes to q0.;[];The automaton accepts zero or more words formed by a sequence of the type 110. In total there are 4 states: q0, q1, q2 e q4. q0 is both the initial and the final state.Le transizioni sono: q0 with value 1 goes goes q1, q1 with value 1 goes goes q2, q4 with value 0 goes to q0.;[];True;True
221;How is the automaton represented ;How eh is eh the automaton eh represented ;The automaton accepts zero or more words formed by a sequence of the type 110. In total there are 4 states: q0, q1, q2 e q4. q0 is both the initial and the final state.Le transizioni sono: q0 with value 1 goes goes q1, q1 with value 1 goes goes q2, q4 with value 0 goes to q0.;[];The automaton accepts zero or more words formed by a sequence of the type 110. In total there are 4 states: q0, q1, q2 e q4. q0 is both the initial and the final state.Le transizioni sono: q0 with value 1 goes goes q1, q1 with value 1 goes goes q2, q4 with value 0 goes to q0.;[];True;True
221;How is the automaton represented ;How uhm is uhm the mmm automaton eh represented ;The automaton accepts zero or more words formed by a sequence of the type 110. In total there are 4 states: q0, q1, q2 e q4. q0 is both the initial and the final state.Le transizioni sono: q0 with value 1 goes goes q1, q1 with value 1 goes goes q2, q4 with value 0 goes to q0.;[];The automaton accepts zero or more words formed by a sequence of the type 110. In total there are 4 states: q0, q1, q2 e q4. q0 is both the initial and the final state.Le transizioni sono: q0 with value 1 goes goes q1, q1 with value 1 goes goes q2, q4 with value 0 goes to q0.;[];True;True
221;How is the automaton represented ;Uhm how eh is mmm the uhm automaton uhm represented ;The automaton accepts zero or more words formed by a sequence of the type 110. In total there are 4 states: q0, q1, q2 e q4. q0 is both the initial and the final state.Le transizioni sono: q0 with value 1 goes goes q1, q1 with value 1 goes goes q2, q4 with value 0 goes to q0.;[];The automaton accepts zero or more words formed by a sequence of the type 110. In total there are 4 states: q0, q1, q2 e q4. q0 is both the initial and the final state.Le transizioni sono: q0 with value 1 goes goes q1, q1 with value 1 goes goes q2, q4 with value 0 goes to q0.;[];True;True
222;what is the regular expression describing the automata ;What is the regular eh expression describing the automata ;Potresti essere più specifico?;[];Potresti essere più specifico?;[];True;True
222;what is the regular expression describing the automata ;What is the uhm regular expression uhm describing the automata ;Potresti essere più specifico?;[];Potresti essere più specifico?;[];True;True
222;what is the regular expression describing the automata ;Uhm what is mmm the regular expression uhm describing the automata ;Potresti essere più specifico?;[];Potresti essere più specifico?;[];True;True
222;what is the regular expression describing the automata ;What is uhm the regular uhm expression mmm describing the uhm automata ;Potresti essere più specifico?;[];Potresti essere più specifico?;[];True;True
222;what is the regular expression describing the automata ;What uhm is uhm the regular expression eh describing eh the mmm automata ;Potresti essere più specifico?;[];Potresti essere più specifico?;[];True;True
222;what is the regular expression describing the automata ;What mmm is the uhm regular uhm expression mmm describing eh the mmm automata ;Potresti essere più specifico?;[];Potresti essere più specifico?;[];True;True
222;what is the regular expression describing the automata ;Mmm what eh is mmm the uhm regular uhm expression uhm describing the eh automata ;Potresti essere più specifico?;[];Potresti essere più specifico?;[];True;True
222;what is the regular expression describing the automata ;Mmm what mmm is uhm the uhm regular uhm expression mmm describing mmm the eh automata ;Potresti essere più specifico?;[];Potresti essere più specifico?;[];True;True
223;can you briefly describe the automata ;Can you briefly uhm describe the automata ;The automaton accepts zero or more words formed by a sequence of the type 110. In total there are 4 states: q0, q1, q2 e q4. q0 is both the initial and the final state.Le transizioni sono: q0 with value 1 goes goes q1, q1 with value 1 goes goes q2, q4 with value 0 goes to q0.;[];The automaton accepts zero or more words formed by a sequence of the type 110. In total there are 4 states: q0, q1, q2 e q4. q0 is both the initial and the final state.Le transizioni sono: q0 with value 1 goes goes q1, q1 with value 1 goes goes q2, q4 with value 0 goes to q0.;[];True;True
223;can you briefly describe the automata ;Can you eh briefly describe the uhm automata ;The automaton accepts zero or more words formed by a sequence of the type 110. In total there are 4 states: q0, q1, q2 e q4. q0 is both the initial and the final state.Le transizioni sono: q0 with value 1 goes goes q1, q1 with value 1 goes goes q2, q4 with value 0 goes to q0.;[];The automaton accepts zero or more words formed by a sequence of the type 110. In total there are 4 states: q0, q1, q2 e q4. q0 is both the initial and the final state.Le transizioni sono: q0 with value 1 goes goes q1, q1 with value 1 goes goes q2, q4 with value 0 goes to q0.;[];True;True
223;can you briefly describe the automata ;Mmm can you mmm briefly eh describe the automata ;The automaton accepts zero or more words formed by a sequence of the type 110. In total there are 4 states: q0, q1, q2 e q4. q0 is both the initial and the final state.Le transizioni sono: q0 with value 1 goes goes q1, q1 with value 1 goes goes q2, q4 with value 0 goes to q0.;[];The automaton accepts zero or more words formed by a sequence of the type 110. In total there are 4 states: q0, q1, q2 e q4. q0 is both the initial and the final state.Le transizioni sono: q0 with value 1 goes goes q1, q1 with value 1 goes goes q2, q4 with value 0 goes to q0.;[];True;True
223;can you briefly describe the automata ;Mmm can uhm you briefly uhm describe the uhm automata ;The automaton accepts zero or more words formed by a sequence of the type 110. In total there are 4 states: q0, q1, q2 e q4. q0 is both the initial and the final state.Le transizioni sono: q0 with value 1 goes goes q1, q1 with value 1 goes goes q2, q4 with value 0 goes to q0.;[];The automaton accepts zero or more words formed by a sequence of the type 110. In total there are 4 states: q0, q1, q2 e q4. q0 is both the initial and the final state.Le transizioni sono: q0 with value 1 goes goes q1, q1 with value 1 goes goes q2, q4 with value 0 goes to q0.;[];True;True
223;can you briefly describe the automata ;Uhm can mmm you eh briefly describe uhm the uhm automata ;The automaton accepts zero or more words formed by a sequence of the type 110. In total there are 4 states: q0, q1, q2 e q4. q0 is both the initial and the final state.Le transizioni sono: q0 with value 1 goes goes q1, q1 with value 1 goes goes q2, q4 with value 0 goes to q0.;[];The automaton accepts zero or more words formed by a sequence of the type 110. In total there are 4 states: q0, q1, q2 e q4. q0 is both the initial and the final state.Le transizioni sono: q0 with value 1 goes goes q1, q1 with value 1 goes goes q2, q4 with value 0 goes to q0.;[];True;True
223;can you briefly describe the automata ;Eh can mmm you mmm briefly mmm describe mmm the uhm automata ;The automaton accepts zero or more words formed by a sequence of the type 110. In total there are 4 states: q0, q1, q2 e q4. q0 is both the initial and the final state.Le transizioni sono: q0 with value 1 goes goes q1, q1 with value 1 goes goes q2, q4 with value 0 goes to q0.;[];The automaton accepts zero or more words formed by a sequence of the type 110. In total there are 4 states: q0, q1, q2 e q4. q0 is both the initial and the final state.Le transizioni sono: q0 with value 1 goes goes q1, q1 with value 1 goes goes q2, q4 with value 0 goes to q0.;[];True;True
224;Summarise the automaton ;Summarise the uhm automaton ;The automaton accepts zero or more words formed by a sequence of the type 110. In total there are 4 states: q0, q1, q2 e q4. q0 is both the initial and the final state.Le transizioni sono: q0 with value 1 goes goes q1, q1 with value 1 goes goes q2, q4 with value 0 goes to q0.;[];The automaton accepts zero or more words formed by a sequence of the type 110. In total there are 4 states: q0, q1, q2 e q4. q0 is both the initial and the final state.Le transizioni sono: q0 with value 1 goes goes q1, q1 with value 1 goes goes q2, q4 with value 0 goes to q0.;[];True;True
224;Summarise the automaton ;Uhm summarise the mmm automaton ;The automaton accepts zero or more words formed by a sequence of the type 110. In total there are 4 states: q0, q1, q2 e q4. q0 is both the initial and the final state.Le transizioni sono: q0 with value 1 goes goes q1, q1 with value 1 goes goes q2, q4 with value 0 goes to q0.;[];The automaton accepts zero or more words formed by a sequence of the type 110. In total there are 4 states: q0, q1, q2 e q4. q0 is both the initial and the final state.Le transizioni sono: q0 with value 1 goes goes q1, q1 with value 1 goes goes q2, q4 with value 0 goes to q0.;[];True;True
224;Summarise the automaton ;Eh summarise mmm the eh automaton ;The automaton accepts zero or more words formed by a sequence of the type 110. In total there are 4 states: q0, q1, q2 e q4. q0 is both the initial and the final state.Le transizioni sono: q0 with value 1 goes goes q1, q1 with value 1 goes goes q2, q4 with value 0 goes to q0.;[];The automaton accepts zero or more words formed by a sequence of the type 110. In total there are 4 states: q0, q1, q2 e q4. q0 is both the initial and the final state.Le transizioni sono: q0 with value 1 goes goes q1, q1 with value 1 goes goes q2, q4 with value 0 goes to q0.;[];True;True
225;How many states are there ;How many states are uhm there ;This automaton has 4 states;[('simbolo-q0', '#04ed00', 'stroke'), ('simbolo-q1', '#04ed00', 'stroke'), ('simbolo-q2', '#04ed00', 'stroke'), ('simbolo-q4', '#04ed00', 'stroke')];This automaton has 4 states;[('simbolo-q0', '#04ed00', 'stroke'), ('simbolo-q1', '#04ed00', 'stroke'), ('simbolo-q2', '#04ed00', 'stroke'), ('simbolo-q4', '#04ed00', 'stroke')];True;True
225;How many states are there ;How mmm many states are mmm there ;This automaton has 4 states;[('simbolo-q0', '#04ed00', 'stroke'), ('simbolo-q1', '#04ed00', 'stroke'), ('simbolo-q2', '#04ed00', 'stroke'), ('simbolo-q4', '#04ed00', 'stroke')];This automaton has 4 states;[('simbolo-q0', '#04ed00', 'stroke'), ('simbolo-q1', '#04ed00', 'stroke'), ('simbolo-q2', '#04ed00', 'stroke'), ('simbolo-q4', '#04ed00', 'stroke')];True;True
225;How many states are there ;Eh how many mmm states mmm are there ;This automaton has 4 states;[('simbolo-q0', '#04ed00', 'stroke'), ('simbolo-q1', '#04ed00', 'stroke'), ('simbolo-q2', '#04ed00', 'stroke'), ('simbolo-q4', '#04ed00', 'stroke')];This automaton has 4 states;[('simbolo-q0', '#04ed00', 'stroke'), ('simbolo-q1', '#04ed00', 'stroke'), ('simbolo-q2', '#04ed00', 'stroke'), ('simbolo-q4', '#04ed00', 'stroke')];True;True
225;How many states are there ;How uhm many eh states eh are eh there ;This automaton has 4 states;[('simbolo-q0', '#04ed00', 'stroke'), ('simbolo-q1', '#04ed00', 'stroke'), ('simbolo-q2', '#04ed00', 'stroke'), ('simbolo-q4', '#04ed00', 'stroke')];This automaton has 4 states;[('simbolo-q0', '#04ed00', 'stroke'), ('simbolo-q1', '#04ed00', 'stroke'), ('simbolo-q2', '#04ed00', 'stroke'), ('simbolo-q4', '#04ed00', 'stroke')];True;True
225;How many states are there ;Mmm how eh many mmm states uhm are uhm there ;This automaton has 4 states;[('simbolo-q0', '#04ed00', 'stroke'), ('simbolo-q1', '#04ed00', 'stroke'), ('simbolo-q2', '#04ed00', 'stroke'), ('simbolo-q4', '#04ed00', 'stroke')];This automaton has 4 states;[('simbolo-q0', '#04ed00', 'stroke'), ('simbolo-q1', '#04ed00', 'stroke'), ('simbolo-q2', '#04ed00', 'stroke'), ('simbolo-q4', '#04ed00', 'stroke')];True;True
226;What language does the automaton accept ;Eh what language does the automaton accept ;Potresti essere più specifico?;[];Potresti essere più specifico?;[];True;True
226;What language does the automaton accept ;What language uhm does the mmm automaton accept ;Potresti essere più specifico?;[];Potresti essere più specifico?;[];True;True
226;What language does the automaton accept ;Eh what language eh does the automaton eh accept ;Potresti essere più specifico?;[];Potresti essere più specifico?;[];True;True
226;What language does the automaton accept ;Uhm what mmm language mmm does eh the automaton accept ;Potresti essere più specifico?;[];Potresti essere più specifico?;[];True;True
226;What language does the automaton accept ;What eh language mmm does mmm the eh automaton mmm accept ;Potresti essere più specifico?;[];Potresti essere più specifico?;[];True;True
226;What language does the automaton accept ;Eh what eh language mmm does uhm the mmm automaton uhm accept ;Potresti essere più specifico?;[];Potresti essere più specifico?;[];True;True
227;How many transitions does the automata have ;How many transitions does the eh automata have ;The automaton has 3 transitions: q0 con valore 1 va in q1, q1 con valore 1 va in q2, q4 con valore 0 va in q0.;[('simbolo-q0-q1', '#04ed00', 'stroke'), ('simbolo-q1-q2', '#04ed00', 'stroke'), ('simbolo-q4-q0', '#04ed00', 'stroke')];The automaton has 3 transitions: q0 con valore 1 va in q1, q1 con valore 1 va in q2, q4 con valore 0 va in q0.;[('simbolo-q0-q1', '#04ed00', 'stroke'), ('simbolo-q1-q2', '#04ed00', 'stroke'), ('simbolo-q4-q0', '#04ed00', 'stroke')];True;True
227;How many transitions does the automata have ;How many eh transitions uhm does the automata have ;The automaton has 3 transitions: q0 con valore 1 va in q1, q1 con valore 1 va in q2, q4 con valore 0 va in q0.;[('simbolo-q0-q1', '#04ed00', 'stroke'), ('simbolo-q1-q2', '#04ed00', 'stroke'), ('simbolo-q4-q0', '#04ed00', 'stroke')];The automaton has 3 transitions: q0 con valore 1 va in q1, q1 con valore 1 va in q2, q4 con valore 0 va in q0.;[('simbolo-q0-q1', '#04ed00', 'stroke'), ('simbolo-q1-q2', '#04ed00', 'stroke'), ('simbolo-q4-q0', '#04ed00', 'stroke')];True;True
227;How many transitions does the automata have ;How many mmm transitions mmm does the automata mmm have ;The automaton has 3 transitions: q0 con valore 1 va in q1, q1 con valore 1 va in q2, q4 con valore 0 va in q0.;[('simbolo-q0-q1', '#04ed00', 'stroke'), ('simbolo-q1-q2', '#04ed00', 'stroke'), ('simbolo-q4-q0', '#04ed00', 'stroke')];The automaton has 3 transitions: q0 con valore 1 va in q1, q1 con valore 1 va in q2, q4 con valore 0 va in q0.;[('simbolo-q0-q1', '#04ed00', 'stroke'), ('simbolo-q1-q2', '#04ed00', 'stroke'), ('simbolo-q4-q0', '#04ed00', 'stroke')];True;True
227;How many transitions does the automata have ;Mmm how eh many mmm transitions does the automata mmm have ;The automaton has 3 transitions: q0 con valore 1 va in q1, q1 con valore 1 va in q2, q4 con valore 0 va in q0.;[('simbolo-q0-q1', '#04ed00', 'stroke'), ('simbolo-q1-q2', '#04ed00', 'stroke'), ('simbolo-q4-q0', '#04ed00', 'stroke')];The automaton has 3 transitions: q0 con valore 1 va in q1, q1 con valore 1 va in q2, q4 con valore 0 va in q0.;[('simbolo-q0-q1', '#04ed00', 'stroke'), ('simbolo-q1-q2', '#04ed00', 'stroke'), ('simbolo-q4-q0', '#04ed00', 'stroke')];True;True
227;How many transitions does the automata have ;Uhm how many transitions eh does mmm the mmm automata eh have ;The automaton has 3 transitions: q0 con valore 1 va in q1, q1 con valore 1 va in q2, q4 con valore 0 va in q0.;[('simbolo-q0-q1', '#04ed00', 'stroke'), ('simbolo-q1-q2', '#04ed00', 'stroke'), ('simbolo-q4-q0', '#04ed00', 'stroke')];The automaton has 3 transitions: q0 con valore 1 va in q1, q1 con valore 1 va in q2, q4 con valore 0 va in q0.;[('simbolo-q0-q1', '#04ed00', 'stroke'), ('simbolo-q1-q2', '#04ed00', 'stroke'), ('simbolo-q4-q0', '#04ed00', 'stroke')];True;True
227;How many transitions does the automata have ;Eh how uhm many mmm transitions mmm does uhm the uhm automata have ;The automaton has 3 transitions: q0 con valore 1 va in q1, q1 con valore 1 va in q2, q4 con valore 0 va in q0.;[('simbolo-q0-q1', '#04ed00', 'stroke'), ('simbolo-q1-q2', '#04ed00', 'stroke'), ('simbolo-q4-q0', '#04ed00', 'stroke')];The automaton has 3 transitions: q0 con valore 1 va in q1, q1 con valore 1 va in q2, q4 con valore 0 va in q0.;[('simbolo-q0-q1', '#04ed00', 'stroke'), ('simbolo-q1-q2', '#04ed00', 'stroke'), ('simbolo-q4-q0', '#04ed00', 'stroke')];True;True
227;How many transitions does the automata have ;Uhm how mmm many uhm transitions eh does eh the mmm automata eh have ;The automaton has 3 transitions: q0 con valore 1 va in q1, q1 con valore 1 va in q2, q4 con valore 0 va in q0.;[('simbolo-q0-q1', '#04ed00', 'stroke'), ('simbolo-q1-q2', '#04ed00', 'stroke'), ('simbolo-q4-q0', '#04ed00', 'stroke')];The automaton has 3 transitions: q0 con valore 1 va in q1, q1 con valore 1 va in q2, q4 con valore 0 va in q0.;[('simbolo-q0-q1', '#04ed00', 'stroke'), ('simbolo-q1-q2', '#04ed00', 'stroke'), ('simbolo-q4-q0', '#04ed00', 'stroke')];True;True
228;What transitions does the automaton have ;What transitions does mmm the automaton have ;there is no transition between q0 and q0.;[];there is no transition between q0 and q0.;[];True;True
228;What transitions does the automaton have ;What eh transitions does the mmm automaton have ;there is no transition between q0 and q0.;[];there is no transition between q0 and q0.;[];True;True
228;What transitions does the automaton have ;Eh what transitions mmm does the automaton mmm have ;there is no transition between q0 and q0.;[];there is no transition between q0 and q0.;[];True;True
228;What transitions does the automaton have ;Eh what transitions mmm does uhm the automaton eh have ;there is no transition between q0 and q0.;[];there is no transition between q0 and q0.;[];True;True
228;What transitions does the automaton have ;What mmm transitions mmm does eh the eh automaton mmm have ;there is no transition between q0 and q0.;[];there is no transition between q0 and q0.;[];True;True
228;What transitions does the automaton have ;Mmm what uhm transitions uhm does uhm the mmm automaton uhm have ;there is no transition between q0 and q0.;[];The automaton has 3 transitions: q0 con valore 1 va in q1, q1 con valore 1 va in q2, q4 con valore 0 va in q0.;[('simbolo-q0-q1', '#04ed00', 'stroke'), ('simbolo-q1-q2', '#04ed00', 'stroke'), ('simbolo-q4-q0', '#04ed00', 'stroke')];False;False
229;What are the transitions ;Mmm what are the transitions ;there is no transition between q0 and q0.;[];there is no transition between q0 and q0.;[];True;True
229;What are the transitions ;Mmm what mmm are the transitions ;there is no transition between q0 and q0.;[];The automaton has 3 transitions: q0 con valore 1 va in q1, q1 con valore 1 va in q2, q4 con valore 0 va in q0.;[('simbolo-q0-q1', '#04ed00', 'stroke'), ('simbolo-q1-q2', '#04ed00', 'stroke'), ('simbolo-q4-q0', '#04ed00', 'stroke')];False;False
229;What are the transitions ;Uhm what mmm are uhm the transitions ;there is no transition between q0 and q0.;[];there is no transition between q0 and q0.;[];True;True
229;What are the transitions ;Eh what mmm are eh the uhm transitions ;there is no transition between q0 and q0.;[];there is no transition between q0 and q0.;[];True;True
230;11;Mmm 11 ;The automaton has 4 states: q0, q1, q2 e q4.;[('simbolo-q0', '#04ed00', 'stroke'), ('simbolo-q1', '#04ed00', 'stroke'), ('simbolo-q2', '#04ed00', 'stroke'), ('simbolo-q4', '#04ed00', 'stroke')];the transition is not defined.;[];False;False
231;something ;Eh something ;Potresti essere più specifico?;[];Potresti essere più specifico?;[];True;True
232;atomaton 2 ;Eh atomaton 2 ;The automaton accepts zero or more words formed by a sequence of the type 110. In total there are 4 states: q0, q1, q2 e q4. q0 is both the initial and the final state.Le transizioni sono: q0 with value 1 goes goes q1, q1 with value 1 goes goes q2, q4 with value 0 goes to q0.;[];The automaton accepts zero or more words formed by a sequence of the type 110. In total there are 4 states: q0, q1, q2 e q4. q0 is both the initial and the final state.Le transizioni sono: q0 with value 1 goes goes q1, q1 with value 1 goes goes q2, q4 with value 0 goes to q0.;[];True;True
232;atomaton 2 ;Uhm atomaton uhm 2 ;The automaton accepts zero or more words formed by a sequence of the type 110. In total there are 4 states: q0, q1, q2 e q4. q0 is both the initial and the final state.Le transizioni sono: q0 with value 1 goes goes q1, q1 with value 1 goes goes q2, q4 with value 0 goes to q0.;[];The automaton accepts zero or more words formed by a sequence of the type 110. In total there are 4 states: q0, q1, q2 e q4. q0 is both the initial and the final state.Le transizioni sono: q0 with value 1 goes goes q1, q1 with value 1 goes goes q2, q4 with value 0 goes to q0.;[];True;True
233;where is automaton 2 ;Where eh is automaton 2 ;The automaton accepts zero or more words formed by a sequence of the type 110. In total there are 4 states: q0, q1, q2 e q4. q0 is both the initial and the final state.Le transizioni sono: q0 with value 1 goes goes q1, q1 with value 1 goes goes q2, q4 with value 0 goes to q0.;[];The automaton accepts zero or more words formed by a sequence of the type 110. In total there are 4 states: q0, q1, q2 e q4. q0 is both the initial and the final state.Le transizioni sono: q0 with value 1 goes goes q1, q1 with value 1 goes goes q2, q4 with value 0 goes to q0.;[];True;True
233;where is automaton 2 ;Mmm where is uhm automaton 2 ;The automaton accepts zero or more words formed by a sequence of the type 110. In total there are 4 states: q0, q1, q2 e q4. q0 is both the initial and the final state.Le transizioni sono: q0 with value 1 goes goes q1, q1 with value 1 goes goes q2, q4 with value 0 goes to q0.;[];The automaton accepts zero or more words formed by a sequence of the type 110. In total there are 4 states: q0, q1, q2 e q4. q0 is both the initial and the final state.Le transizioni sono: q0 with value 1 goes goes q1, q1 with value 1 goes goes q2, q4 with value 0 goes to q0.;[];True;True
233;where is automaton 2 ;Uhm where mmm is mmm automaton 2 ;The automaton accepts zero or more words formed by a sequence of the type 110. In total there are 4 states: q0, q1, q2 e q4. q0 is both the initial and the final state.Le transizioni sono: q0 with value 1 goes goes q1, q1 with value 1 goes goes q2, q4 with value 0 goes to q0.;[];The automaton accepts zero or more words formed by a sequence of the type 110. In total there are 4 states: q0, q1, q2 e q4. q0 is both the initial and the final state.Le transizioni sono: q0 with value 1 goes goes q1, q1 with value 1 goes goes q2, q4 with value 0 goes to q0.;[];True;True
233;where is automaton 2 ;Uhm where mmm is mmm automaton mmm 2 ;The automaton accepts zero or more words formed by a sequence of the type 110. In total there are 4 states: q0, q1, q2 e q4. q0 is both the initial and the final state.Le transizioni sono: q0 with value 1 goes goes q1, q1 with value 1 goes goes q2, q4 with value 0 goes to q0.;[];The automaton accepts zero or more words formed by a sequence of the type 110. In total there are 4 states: q0, q1, q2 e q4. q0 is both the initial and the final state.Le transizioni sono: q0 with value 1 goes goes q1, q1 with value 1 goes goes q2, q4 with value 0 goes to q0.;[];True;True
234;How is the automaton represented ;How is the automaton mmm represented ;The automaton accepts zero or more words formed by a sequence of the type 110. In total there are 4 states: q0, q1, q2 e q4. q0 is both the initial and the final state.Le transizioni sono: q0 with value 1 goes goes q1, q1 with value 1 goes goes q2, q4 with value 0 goes to q0.;[];The automaton accepts zero or more words formed by a sequence of the type 110. In total there are 4 states: q0, q1, q2 e q4. q0 is both the initial and the final state.Le transizioni sono: q0 with value 1 goes goes q1, q1 with value 1 goes goes q2, q4 with value 0 goes to q0.;[];True;True
234;How is the automaton represented ;How uhm is the automaton uhm represented ;The automaton accepts zero or more words formed by a sequence of the type 110. In total there are 4 states: q0, q1, q2 e q4. q0 is both the initial and the final state.Le transizioni sono: q0 with value 1 goes goes q1, q1 with value 1 goes goes q2, q4 with value 0 goes to q0.;[];The automaton accepts zero or more words formed by a sequence of the type 110. In total there are 4 states: q0, q1, q2 e q4. q0 is both the initial and the final state.Le transizioni sono: q0 with value 1 goes goes q1, q1 with value 1 goes goes q2, q4 with value 0 goes to q0.;[];True;True
234;How is the automaton represented ;Mmm how eh is the automaton uhm represented ;The automaton accepts zero or more words formed by a sequence of the type 110. In total there are 4 states: q0, q1, q2 e q4. q0 is both the initial and the final state.Le transizioni sono: q0 with value 1 goes goes q1, q1 with value 1 goes goes q2, q4 with value 0 goes to q0.;[];The automaton accepts zero or more words formed by a sequence of the type 110. In total there are 4 states: q0, q1, q2 e q4. q0 is both the initial and the final state.Le transizioni sono: q0 with value 1 goes goes q1, q1 with value 1 goes goes q2, q4 with value 0 goes to q0.;[];True;True
234;How is the automaton represented ;Mmm how eh is mmm the automaton eh represented ;The automaton accepts zero or more words formed by a sequence of the type 110. In total there are 4 states: q0, q1, q2 e q4. q0 is both the initial and the final state.Le transizioni sono: q0 with value 1 goes goes q1, q1 with value 1 goes goes q2, q4 with value 0 goes to q0.;[];The automaton accepts zero or more words formed by a sequence of the type 110. In total there are 4 states: q0, q1, q2 e q4. q0 is both the initial and the final state.Le transizioni sono: q0 with value 1 goes goes q1, q1 with value 1 goes goes q2, q4 with value 0 goes to q0.;[];True;True
234;How is the automaton represented ;Eh how uhm is eh the uhm automaton mmm represented ;The automaton accepts zero or more words formed by a sequence of the type 110. In total there are 4 states: q0, q1, q2 e q4. q0 is both the initial and the final state.Le transizioni sono: q0 with value 1 goes goes q1, q1 with value 1 goes goes q2, q4 with value 0 goes to q0.;[];The automaton accepts zero or more words formed by a sequence of the type 110. In total there are 4 states: q0, q1, q2 e q4. q0 is both the initial and the final state.Le transizioni sono: q0 with value 1 goes goes q1, q1 with value 1 goes goes q2, q4 with value 0 goes to q0.;[];True;True
235;Describe the automaton ;Describe mmm the automaton ;The automaton accepts zero or more words formed by a sequence of the type 110. In total there are 4 states: q0, q1, q2 e q4. q0 is both the initial and the final state.Le transizioni sono: q0 with value 1 goes goes q1, q1 with value 1 goes goes q2, q4 with value 0 goes to q0.;[];The automaton accepts zero or more words formed by a sequence of the type 110. In total there are 4 states: q0, q1, q2 e q4. q0 is both the initial and the final state.Le transizioni sono: q0 with value 1 goes goes q1, q1 with value 1 goes goes q2, q4 with value 0 goes to q0.;[];True;True
235;Describe the automaton ;Describe eh the mmm automaton ;The automaton accepts zero or more words formed by a sequence of the type 110. In total there are 4 states: q0, q1, q2 e q4. q0 is both the initial and the final state.Le transizioni sono: q0 with value 1 goes goes q1, q1 with value 1 goes goes q2, q4 with value 0 goes to q0.;[];The automaton accepts zero or more words formed by a sequence of the type 110. In total there are 4 states: q0, q1, q2 e q4. q0 is both the initial and the final state.Le transizioni sono: q0 with value 1 goes goes q1, q1 with value 1 goes goes q2, q4 with value 0 goes to q0.;[];True;True
235;Describe the automaton ;Uhm describe mmm the uhm automaton ;The automaton accepts zero or more words formed by a sequence of the type 110. In total there are 4 states: q0, q1, q2 e q4. q0 is both the initial and the final state.Le transizioni sono: q0 with value 1 goes goes q1, q1 with value 1 goes goes q2, q4 with value 0 goes to q0.;[];The automaton accepts zero or more words formed by a sequence of the type 110. In total there are 4 states: q0, q1, q2 e q4. q0 is both the initial and the final state.Le transizioni sono: q0 with value 1 goes goes q1, q1 with value 1 goes goes q2, q4 with value 0 goes to q0.;[];True;True
236;Which are the principal pros ;Which eh are the principal pros ;Potresti essere più specifico?;[];Potresti essere più specifico?;[];True;True
236;Which are the principal pros ;Eh which are mmm the principal pros ;Potresti essere più specifico?;[];Potresti essere più specifico?;[];True;True
236;Which are the principal pros ;Uhm which are uhm the principal eh pros ;Potresti essere più specifico?;[];Potresti essere più specifico?;[];True;True
236;Which are the principal pros ;Mmm which eh are the eh principal uhm pros ;Potresti essere più specifico?;[];Potresti essere più specifico?;[];True;True
236;Which are the principal pros ;Mmm which uhm are mmm the mmm principal uhm pros ;Potresti essere più specifico?;[];Potresti essere più specifico?;[];True;True
237;Whatsappo ;Eh whatsappo ;Potresti essere più specifico?;[];Potresti essere più specifico?;[];True;True
238;What are automaton ;Uhm what are automaton ;The automaton accepts zero or more words formed by a sequence of the type 110. In total there are 4 states: q0, q1, q2 e q4. q0 is both the initial and the final state.Le transizioni sono: q0 with value 1 goes goes q1, q1 with value 1 goes goes q2, q4 with value 0 goes to q0.;[];The automaton accepts zero or more words formed by a sequence of the type 110. In total there are 4 states: q0, q1, q2 e q4. q0 is both the initial and the final state.Le transizioni sono: q0 with value 1 goes goes q1, q1 with value 1 goes goes q2, q4 with value 0 goes to q0.;[];True;True
238;What are automaton ;Mmm what are uhm automaton ;The automaton accepts zero or more words formed by a sequence of the type 110. In total there are 4 states: q0, q1, q2 e q4. q0 is both the initial and the final state.Le transizioni sono: q0 with value 1 goes goes q1, q1 with value 1 goes goes q2, q4 with value 0 goes to q0.;[];The automaton accepts zero or more words formed by a sequence of the type 110. In total there are 4 states: q0, q1, q2 e q4. q0 is both the initial and the final state.Le transizioni sono: q0 with value 1 goes goes q1, q1 with value 1 goes goes q2, q4 with value 0 goes to q0.;[];True;True
238;What are automaton ;Eh what uhm are uhm automaton ;The automaton accepts zero or more words formed by a sequence of the type 110. In total there are 4 states: q0, q1, q2 e q4. q0 is both the initial and the final state.Le transizioni sono: q0 with value 1 goes goes q1, q1 with value 1 goes goes q2, q4 with value 0 goes to q0.;[];The automaton accepts zero or more words formed by a sequence of the type 110. In total there are 4 states: q0, q1, q2 e q4. q0 is both the initial and the final state.Le transizioni sono: q0 with value 1 goes goes q1, q1 with value 1 goes goes q2, q4 with value 0 goes to q0.;[];True;True
239;Describe automaton ;Eh describe automaton ;The automaton accepts zero or more words formed by a sequence of the type 110. In total there are 4 states: q0, q1, q2 e q4. q0 is both the initial and the final state.Le transizioni sono: q0 with value 1 goes goes q1, q1 with value 1 goes goes q2, q4 with value 0 goes to q0.;[];The automaton accepts zero or more words formed by a sequence of the type 110. In total there are 4 states: q0, q1, q2 e q4. q0 is both the initial and the final state.Le transizioni sono: q0 with value 1 goes goes q1, q1 with value 1 goes goes q2, q4 with value 0 goes to q0.;[];True;True
239;Describe automaton ;Mmm describe uhm automaton ;The automaton accepts zero or more words formed by a sequence of the type 110. In total there are 4 states: q0, q1, q2 e q4. q0 is both the initial and the final state.Le transizioni sono: q0 with value 1 goes goes q1, q1 with value 1 goes goes q2, q4 with value 0 goes to q0.;[];The automaton accepts zero or more words formed by a sequence of the type 110. In total there are 4 states: q0, q1, q2 e q4. q0 is both the initial and the final state.Le transizioni sono: q0 with value 1 goes goes q1, q1 with value 1 goes goes q2, q4 with value 0 goes to q0.;[];True;True
240;Show me the automaton ;Show me the eh automaton ;The automaton accepts zero or more words formed by a sequence of the type 110. In total there are 4 states: q0, q1, q2 e q4. q0 is both the initial and the final state.Le transizioni sono: q0 with value 1 goes goes q1, q1 with value 1 goes goes q2, q4 with value 0 goes to q0.;[];The automaton accepts zero or more words formed by a sequence of the type 110. In total there are 4 states: q0, q1, q2 e q4. q0 is both the initial and the final state.Le transizioni sono: q0 with value 1 goes goes q1, q1 with value 1 goes goes q2, q4 with value 0 goes to q0.;[];True;True
240;Show me the automaton ;Show me mmm the eh automaton ;The automaton accepts zero or more words formed by a sequence of the type 110. In total there are 4 states: q0, q1, q2 e q4. q0 is both the initial and the final state.Le transizioni sono: q0 with value 1 goes goes q1, q1 with value 1 goes goes q2, q4 with value 0 goes to q0.;[];The automaton accepts zero or more words formed by a sequence of the type 110. In total there are 4 states: q0, q1, q2 e q4. q0 is both the initial and the final state.Le transizioni sono: q0 with value 1 goes goes q1, q1 with value 1 goes goes q2, q4 with value 0 goes to q0.;[];True;True
240;Show me the automaton ;Show uhm me mmm the eh automaton ;The automaton accepts zero or more words formed by a sequence of the type 110. In total there are 4 states: q0, q1, q2 e q4. q0 is both the initial and the final state.Le transizioni sono: q0 with value 1 goes goes q1, q1 with value 1 goes goes q2, q4 with value 0 goes to q0.;[];The automaton accepts zero or more words formed by a sequence of the type 110. In total there are 4 states: q0, q1, q2 e q4. q0 is both the initial and the final state.Le transizioni sono: q0 with value 1 goes goes q1, q1 with value 1 goes goes q2, q4 with value 0 goes to q0.;[];True;True
240;Show me the automaton ;Mmm show mmm me mmm the mmm automaton ;The automaton accepts zero or more words formed by a sequence of the type 110. In total there are 4 states: q0, q1, q2 e q4. q0 is both the initial and the final state.Le transizioni sono: q0 with value 1 goes goes q1, q1 with value 1 goes goes q2, q4 with value 0 goes to q0.;[];The automaton accepts zero or more words formed by a sequence of the type 110. In total there are 4 states: q0, q1, q2 e q4. q0 is both the initial and the final state.Le transizioni sono: q0 with value 1 goes goes q1, q1 with value 1 goes goes q2, q4 with value 0 goes to q0.;[];True;True
241;How many states are These ;How many states mmm are these ;This automaton has 4 states;[('simbolo-q0', '#04ed00', 'stroke'), ('simbolo-q1', '#04ed00', 'stroke'), ('simbolo-q2', '#04ed00', 'stroke'), ('simbolo-q4', '#04ed00', 'stroke')];This automaton has 4 states;[('simbolo-q0', '#04ed00', 'stroke'), ('simbolo-q1', '#04ed00', 'stroke'), ('simbolo-q2', '#04ed00', 'stroke'), ('simbolo-q4', '#04ed00', 'stroke')];True;True
241;How many states are These ;How many eh states are mmm these ;This automaton has 4 states;[('simbolo-q0', '#04ed00', 'stroke'), ('simbolo-q1', '#04ed00', 'stroke'), ('simbolo-q2', '#04ed00', 'stroke'), ('simbolo-q4', '#04ed00', 'stroke')];This automaton has 4 states;[('simbolo-q0', '#04ed00', 'stroke'), ('simbolo-q1', '#04ed00', 'stroke'), ('simbolo-q2', '#04ed00', 'stroke'), ('simbolo-q4', '#04ed00', 'stroke')];True;True
241;How many states are These ;How many eh states uhm are uhm these ;This automaton has 4 states;[('simbolo-q0', '#04ed00', 'stroke'), ('simbolo-q1', '#04ed00', 'stroke'), ('simbolo-q2', '#04ed00', 'stroke'), ('simbolo-q4', '#04ed00', 'stroke')];This automaton has 4 states;[('simbolo-q0', '#04ed00', 'stroke'), ('simbolo-q1', '#04ed00', 'stroke'), ('simbolo-q2', '#04ed00', 'stroke'), ('simbolo-q4', '#04ed00', 'stroke')];True;True
241;How many states are These ;How eh many uhm states uhm are uhm these ;This automaton has 4 states;[('simbolo-q0', '#04ed00', 'stroke'), ('simbolo-q1', '#04ed00', 'stroke'), ('simbolo-q2', '#04ed00', 'stroke'), ('simbolo-q4', '#04ed00', 'stroke')];This automaton has 4 states;[('simbolo-q0', '#04ed00', 'stroke'), ('simbolo-q1', '#04ed00', 'stroke'), ('simbolo-q2', '#04ed00', 'stroke'), ('simbolo-q4', '#04ed00', 'stroke')];True;True
241;How many states are These ;Mmm how uhm many uhm states eh are uhm these ;This automaton has 4 states;[('simbolo-q0', '#04ed00', 'stroke'), ('simbolo-q1', '#04ed00', 'stroke'), ('simbolo-q2', '#04ed00', 'stroke'), ('simbolo-q4', '#04ed00', 'stroke')];This automaton has 4 states;[('simbolo-q0', '#04ed00', 'stroke'), ('simbolo-q1', '#04ed00', 'stroke'), ('simbolo-q2', '#04ed00', 'stroke'), ('simbolo-q4', '#04ed00', 'stroke')];True;True
242;Which one si the final state ;Mmm which one si the final state ;The final state is q0.;[('simbolo-q0', '#04ed00', 'stroke')];The final state is q0.;[('simbolo-q0', '#04ed00', 'stroke')];True;True
242;Which one si the final state ;Which one si the eh final eh state ;The final state is q0.;[('simbolo-q0', '#04ed00', 'stroke')];The final state is q0.;[('simbolo-q0', '#04ed00', 'stroke')];True;True
242;Which one si the final state ;Which one si uhm the mmm final uhm state ;The final state is q0.;[('simbolo-q0', '#04ed00', 'stroke')];The final state is q0.;[('simbolo-q0', '#04ed00', 'stroke')];True;True
242;Which one si the final state ;Eh which one mmm si mmm the uhm final state ;The final state is q0.;[('simbolo-q0', '#04ed00', 'stroke')];The final state is q0.;[('simbolo-q0', '#04ed00', 'stroke')];True;True
242;Which one si the final state ;Eh which uhm one eh si mmm the final eh state ;The final state is q0.;[('simbolo-q0', '#04ed00', 'stroke')];The final state is q0.;[('simbolo-q0', '#04ed00', 'stroke')];True;True
242;Which one si the final state ;Eh which eh one mmm si mmm the mmm final eh state ;The final state is q0.;[('simbolo-q0', '#04ed00', 'stroke')];The final state is q0.;[('simbolo-q0', '#04ed00', 'stroke')];True;True
243;What is the starting state ;What uhm is the starting state ;The initial state is q0.;[('simbolo-q0', '#04ed00', 'stroke')];The initial state is q0.;[('simbolo-q0', '#04ed00', 'stroke')];True;True
243;What is the starting state ;Mmm what is the mmm starting state ;The initial state is q0.;[('simbolo-q0', '#04ed00', 'stroke')];The initial state is q0.;[('simbolo-q0', '#04ed00', 'stroke')];True;True
243;What is the starting state ;What is mmm the mmm starting eh state ;The initial state is q0.;[('simbolo-q0', '#04ed00', 'stroke')];The state q0 exists.;[('simbolo-q0', '#04ed00', 'stroke')];False;True
243;What is the starting state ;Eh what eh is the eh starting uhm state ;The initial state is q0.;[('simbolo-q0', '#04ed00', 'stroke')];The initial state is q0.;[('simbolo-q0', '#04ed00', 'stroke')];True;True
243;What is the starting state ;Eh what mmm is eh the mmm starting uhm state ;The initial state is q0.;[('simbolo-q0', '#04ed00', 'stroke')];The initial state is q0.;[('simbolo-q0', '#04ed00', 'stroke')];True;True
244;What are the states ;Eh what are the states ;The state q0 exists.;[('simbolo-q0', '#04ed00', 'stroke')];The state q0 exists.;[('simbolo-q0', '#04ed00', 'stroke')];True;True
244;What are the states ;Eh what mmm are the states ;The state q0 exists.;[('simbolo-q0', '#04ed00', 'stroke')];The state q0 exists.;[('simbolo-q0', '#04ed00', 'stroke')];True;True
244;What are the states ;Mmm what uhm are the eh states ;The state q0 exists.;[('simbolo-q0', '#04ed00', 'stroke')];The state q0 exists.;[('simbolo-q0', '#04ed00', 'stroke')];True;True
244;What are the states ;Eh what mmm are mmm the uhm states ;The state q0 exists.;[('simbolo-q0', '#04ed00', 'stroke')];The state q0 exists.;[('simbolo-q0', '#04ed00', 'stroke')];True;True
245;What direction are the connections between the states ;What direction are the connections between the eh states ;there is no transition between q0 and q0.;[];there is no transition between q0 and q0.;[];True;True
245;What direction are the connections between the states ;Mmm what direction uhm are the connections between the states ;there is no transition between q0 and q0.;[];there is no transition between q0 and q0.;[];True;True
245;What direction are the connections between the states ;Uhm what direction mmm are the connections between the mmm states ;there is no transition between q0 and q0.;[];there is no transition between q0 and q0.;[];True;True
245;What direction are the connections between the states ;Uhm what direction are the mmm connections between uhm the eh states ;there is no transition between q0 and q0.;[];there is no transition between q0 and q0.;[];True;True
245;What direction are the connections between the states ;Mmm what uhm direction are uhm the connections between mmm the eh states ;there is no transition between q0 and q0.;[];The state q0 exists.;[('simbolo-q0', '#04ed00', 'stroke')];False;False
245;What direction are the connections between the states ;Eh what eh direction are eh the mmm connections mmm between mmm the states ;there is no transition between q0 and q0.;[];there is no transition between q0 and q0.;[];True;True
245;What direction are the connections between the states ;Mmm what mmm direction uhm are uhm the connections mmm between mmm the eh states ;there is no transition between q0 and q0.;[];there is no transition between q0 and q0.;[];True;True
245;What direction are the connections between the states ;Eh what mmm direction uhm are uhm the mmm connections mmm between uhm the mmm states ;there is no transition between q0 and q0.;[];there is no transition between q0 and q0.;[];True;True
246;Describe the automaton ;Uhm describe the automaton ;The automaton accepts zero or more words formed by a sequence of the type 110. In total there are 4 states: q0, q1, q2 e q4. q0 is both the initial and the final state.Le transizioni sono: q0 with value 1 goes goes q1, q1 with value 1 goes goes q2, q4 with value 0 goes to q0.;[];The automaton accepts zero or more words formed by a sequence of the type 110. In total there are 4 states: q0, q1, q2 e q4. q0 is both the initial and the final state.Le transizioni sono: q0 with value 1 goes goes q1, q1 with value 1 goes goes q2, q4 with value 0 goes to q0.;[];True;True
246;Describe the automaton ;Eh describe mmm the automaton ;The automaton accepts zero or more words formed by a sequence of the type 110. In total there are 4 states: q0, q1, q2 e q4. q0 is both the initial and the final state.Le transizioni sono: q0 with value 1 goes goes q1, q1 with value 1 goes goes q2, q4 with value 0 goes to q0.;[];The automaton accepts zero or more words formed by a sequence of the type 110. In total there are 4 states: q0, q1, q2 e q4. q0 is both the initial and the final state.Le transizioni sono: q0 with value 1 goes goes q1, q1 with value 1 goes goes q2, q4 with value 0 goes to q0.;[];True;True
246;Describe the automaton ;Mmm describe uhm the mmm automaton ;The automaton accepts zero or more words formed by a sequence of the type 110. In total there are 4 states: q0, q1, q2 e q4. q0 is both the initial and the final state.Le transizioni sono: q0 with value 1 goes goes q1, q1 with value 1 goes goes q2, q4 with value 0 goes to q0.;[];The automaton accepts zero or more words formed by a sequence of the type 110. In total there are 4 states: q0, q1, q2 e q4. q0 is both the initial and the final state.Le transizioni sono: q0 with value 1 goes goes q1, q1 with value 1 goes goes q2, q4 with value 0 goes to q0.;[];True;True
247;initial state;Uhm initial state ;The initial state is q0.;[('simbolo-q0', '#04ed00', 'stroke')];The initial state is q0.;[('simbolo-q0', '#04ed00', 'stroke')];True;True
247;initial state;Eh initial mmm state ;The initial state is q0.;[('simbolo-q0', '#04ed00', 'stroke')];It is not the initial state.;[];False;False
248;arc from q0;Arc from eh q0 ;the transition is not defined.;[];the transition is not defined.;[];True;True
248;arc from q0;Eh arc from uhm q0 ;the transition is not defined.;[];the transition is not defined.;[];True;True
248;arc from q0;Eh arc mmm from uhm q0 ;the transition is not defined.;[];the transition is not defined.;[];True;True
249;arc from q0;Arc uhm from q0 ;the transition is not defined.;[];the transition is not defined.;[];True;True
249;arc from q0;Mmm arc mmm from q0 ;the transition is not defined.;[];the transition is not defined.;[];True;True
249;arc from q0;Eh arc uhm from mmm q0 ;the transition is not defined.;[];the transition is not defined.;[];True;True
250; arc from q2;Eh arc from q2 ;the transition is not defined.;[];the transition is not defined.;[];True;True
250; arc from q2;Eh arc from eh q2 ;the transition is not defined.;[];the transition is not defined.;[];True;True
250; arc from q2;Mmm arc uhm from eh q2 ;the transition is not defined.;[];the transition is not defined.;[];True;True
251;transition from q1;Transition eh from q1 ;the transition is not defined.;[];the transition is not defined.;[];True;True
251;transition from q1;Uhm transition from mmm q1 ;the transition is not defined.;[];the transition is not defined.;[];True;True
251;transition from q1;Eh transition mmm from eh q1 ;the transition is not defined.;[];the transition is not defined.;[];True;True
252;transitions;Mmm transitions ;The automaton has 3 transitions: q0 con valore 1 va in q1, q1 con valore 1 va in q2, q4 con valore 0 va in q0.;[('simbolo-q0-q1', '#04ed00', 'stroke'), ('simbolo-q1-q2', '#04ed00', 'stroke'), ('simbolo-q4-q0', '#04ed00', 'stroke')];there is no transition between q0 and q0.;[];False;False
253;how many transitions;Mmm how many transitions ;The automaton has 3 transitions: q0 con valore 1 va in q1, q1 con valore 1 va in q2, q4 con valore 0 va in q0.;[('simbolo-q0-q1', '#04ed00', 'stroke'), ('simbolo-q1-q2', '#04ed00', 'stroke'), ('simbolo-q4-q0', '#04ed00', 'stroke')];The automaton has 3 transitions: q0 con valore 1 va in q1, q1 con valore 1 va in q2, q4 con valore 0 va in q0.;[('simbolo-q0-q1', '#04ed00', 'stroke'), ('simbolo-q1-q2', '#04ed00', 'stroke'), ('simbolo-q4-q0', '#04ed00', 'stroke')];True;True
253;how many transitions;How uhm many uhm transitions ;The automaton has 3 transitions: q0 con valore 1 va in q1, q1 con valore 1 va in q2, q4 con valore 0 va in q0.;[('simbolo-q0-q1', '#04ed00', 'stroke'), ('simbolo-q1-q2', '#04ed00', 'stroke'), ('simbolo-q4-q0', '#04ed00', 'stroke')];The automaton has 3 transitions: q0 con valore 1 va in q1, q1 con valore 1 va in q2, q4 con valore 0 va in q0.;[('simbolo-q0-q1', '#04ed00', 'stroke'), ('simbolo-q1-q2', '#04ed00', 'stroke'), ('simbolo-q4-q0', '#04ed00', 'stroke')];True;True
253;how many transitions;Uhm how mmm many eh transitions ;The automaton has 3 transitions: q0 con valore 1 va in q1, q1 con valore 1 va in q2, q4 con valore 0 va in q0.;[('simbolo-q0-q1', '#04ed00', 'stroke'), ('simbolo-q1-q2', '#04ed00', 'stroke'), ('simbolo-q4-q0', '#04ed00', 'stroke')];The automaton has 3 transitions: q0 con valore 1 va in q1, q1 con valore 1 va in q2, q4 con valore 0 va in q0.;[('simbolo-q0-q1', '#04ed00', 'stroke'), ('simbolo-q1-q2', '#04ed00', 'stroke'), ('simbolo-q4-q0', '#04ed00', 'stroke')];True;True
254;pattern;Eh pattern ;Potresti essere più specifico?;[];Potresti essere più specifico?;[];True;True
255;loops;Uhm loops ;Potresti essere più specifico?;[];Potresti essere più specifico?;[];True;True
256;how many loops are there;How eh many loops are there ;The automaton has 3 transitions: q0 con valore 1 va in q1, q1 con valore 1 va in q2, q4 con valore 0 va in q0.;[('simbolo-q0-q1', '#04ed00', 'stroke'), ('simbolo-q1-q2', '#04ed00', 'stroke'), ('simbolo-q4-q0', '#04ed00', 'stroke')];Potresti essere più specifico?;[];False;False
256;how many loops are there;How many eh loops mmm are there ;The automaton has 3 transitions: q0 con valore 1 va in q1, q1 con valore 1 va in q2, q4 con valore 0 va in q0.;[('simbolo-q0-q1', '#04ed00', 'stroke'), ('simbolo-q1-q2', '#04ed00', 'stroke'), ('simbolo-q4-q0', '#04ed00', 'stroke')];The automaton has 3 transitions: q0 con valore 1 va in q1, q1 con valore 1 va in q2, q4 con valore 0 va in q0.;[('simbolo-q0-q1', '#04ed00', 'stroke'), ('simbolo-q1-q2', '#04ed00', 'stroke'), ('simbolo-q4-q0', '#04ed00', 'stroke')];True;True
256;how many loops are there;How many uhm loops mmm are mmm there ;The automaton has 3 transitions: q0 con valore 1 va in q1, q1 con valore 1 va in q2, q4 con valore 0 va in q0.;[('simbolo-q0-q1', '#04ed00', 'stroke'), ('simbolo-q1-q2', '#04ed00', 'stroke'), ('simbolo-q4-q0', '#04ed00', 'stroke')];Potresti essere più specifico?;[];False;False
256;how many loops are there;Eh how uhm many loops uhm are eh there ;The automaton has 3 transitions: q0 con valore 1 va in q1, q1 con valore 1 va in q2, q4 con valore 0 va in q0.;[('simbolo-q0-q1', '#04ed00', 'stroke'), ('simbolo-q1-q2', '#04ed00', 'stroke'), ('simbolo-q4-q0', '#04ed00', 'stroke')];Potresti essere più specifico?;[];False;False
256;how many loops are there;Mmm how uhm many eh loops uhm are eh there ;The automaton has 3 transitions: q0 con valore 1 va in q1, q1 con valore 1 va in q2, q4 con valore 0 va in q0.;[('simbolo-q0-q1', '#04ed00', 'stroke'), ('simbolo-q1-q2', '#04ed00', 'stroke'), ('simbolo-q4-q0', '#04ed00', 'stroke')];Potresti essere più specifico?;[];False;False
257;how many states;Eh how many states ;This automaton has 4 states;[('simbolo-q0', '#04ed00', 'stroke'), ('simbolo-q1', '#04ed00', 'stroke'), ('simbolo-q2', '#04ed00', 'stroke'), ('simbolo-q4', '#04ed00', 'stroke')];This automaton has 4 states;[('simbolo-q0', '#04ed00', 'stroke'), ('simbolo-q1', '#04ed00', 'stroke'), ('simbolo-q2', '#04ed00', 'stroke'), ('simbolo-q4', '#04ed00', 'stroke')];True;True
257;how many states;Mmm how many eh states ;This automaton has 4 states;[('simbolo-q0', '#04ed00', 'stroke'), ('simbolo-q1', '#04ed00', 'stroke'), ('simbolo-q2', '#04ed00', 'stroke'), ('simbolo-q4', '#04ed00', 'stroke')];This automaton has 4 states;[('simbolo-q0', '#04ed00', 'stroke'), ('simbolo-q1', '#04ed00', 'stroke'), ('simbolo-q2', '#04ed00', 'stroke'), ('simbolo-q4', '#04ed00', 'stroke')];True;True
257;how many states;Mmm how mmm many uhm states ;This automaton has 4 states;[('simbolo-q0', '#04ed00', 'stroke'), ('simbolo-q1', '#04ed00', 'stroke'), ('simbolo-q2', '#04ed00', 'stroke'), ('simbolo-q4', '#04ed00', 'stroke')];This automaton has 4 states;[('simbolo-q0', '#04ed00', 'stroke'), ('simbolo-q1', '#04ed00', 'stroke'), ('simbolo-q2', '#04ed00', 'stroke'), ('simbolo-q4', '#04ed00', 'stroke')];True;True
258;what are the states and the connections between states ;Mmm what are the states and the connections between states ;there is no transition between q0 and q0.;[];The state q0 exists.;[('simbolo-q0', '#04ed00', 'stroke')];False;False
258;what are the states and the connections between states ;Eh what are uhm the states and the connections between states ;there is no transition between q0 and q0.;[];The state q0 exists.;[('simbolo-q0', '#04ed00', 'stroke')];False;False
258;what are the states and the connections between states ;What eh are eh the states and eh the connections between states ;there is no transition between q0 and q0.;[];there is no transition between q0 and q0.;[];True;True
258;what are the states and the connections between states ;Uhm what eh are the states and mmm the mmm connections between states ;there is no transition between q0 and q0.;[];The state q0 exists.;[('simbolo-q0', '#04ed00', 'stroke')];False;False
258;what are the states and the connections between states ;Mmm what eh are the states uhm and the uhm connections eh between states ;there is no transition between q0 and q0.;[];The state q0 exists.;[('simbolo-q0', '#04ed00', 'stroke')];False;False
258;what are the states and the connections between states ;Eh what are uhm the uhm states mmm and the eh connections mmm between states ;there is no transition between q0 and q0.;[];The state q0 exists.;[('simbolo-q0', '#04ed00', 'stroke')];False;False
258;what are the states and the connections between states ;Uhm what eh are the mmm states eh and uhm the mmm connections mmm between states ;there is no transition between q0 and q0.;[];Potresti essere più specifico?;[];False;True
258;what are the states and the connections between states ;Uhm what mmm are mmm the mmm states mmm and eh the mmm connections between uhm states ;there is no transition between q0 and q0.;[];The state q0 exists.;[('simbolo-q0', '#04ed00', 'stroke')];False;False
258;what are the states and the connections between states ;Uhm what uhm are mmm the uhm states eh and mmm the eh connections uhm between mmm states ;there is no transition between q0 and q0.;[];The state q0 exists.;[('simbolo-q0', '#04ed00', 'stroke')];False;False
259;what are the states and the transitions ;What are the states eh and the transitions ;there is no transition between q0 and q0.;[];The state q0 exists.;[('simbolo-q0', '#04ed00', 'stroke')];False;False
259;what are the states and the transitions ;What are the states uhm and the mmm transitions ;there is no transition between q0 and q0.;[];The state q0 exists.;[('simbolo-q0', '#04ed00', 'stroke')];False;False
259;what are the states and the transitions ;What eh are the states eh and the eh transitions ;there is no transition between q0 and q0.;[];there is no transition between q0 and q0.;[];True;True
259;what are the states and the transitions ;What uhm are the eh states uhm and the uhm transitions ;there is no transition between q0 and q0.;[];The state q0 exists.;[('simbolo-q0', '#04ed00', 'stroke')];False;False
259;what are the states and the transitions ;Uhm what uhm are the uhm states and mmm the uhm transitions ;there is no transition between q0 and q0.;[];The state q0 exists.;[('simbolo-q0', '#04ed00', 'stroke')];False;False
259;what are the states and the transitions ;Mmm what are eh the uhm states uhm and uhm the uhm transitions ;there is no transition between q0 and q0.;[];The state q0 exists.;[('simbolo-q0', '#04ed00', 'stroke')];False;False
259;what are the states and the transitions ;Eh what mmm are uhm the mmm states mmm and mmm the eh transitions ;there is no transition between q0 and q0.;[];The state q0 exists.;[('simbolo-q0', '#04ed00', 'stroke')];False;False
260;which are the states and the transitions ;Which uhm are the states and the transitions ;The state q0 exists.;[('simbolo-q0', '#04ed00', 'stroke')];The state q0 exists.;[('simbolo-q0', '#04ed00', 'stroke')];True;True
260;which are the states and the transitions ;Which mmm are eh the states and the transitions ;The state q0 exists.;[('simbolo-q0', '#04ed00', 'stroke')];The state q0 exists.;[('simbolo-q0', '#04ed00', 'stroke')];True;True
260;which are the states and the transitions ;Which are mmm the states and mmm the uhm transitions ;The state q0 exists.;[('simbolo-q0', '#04ed00', 'stroke')];The state q0 exists.;[('simbolo-q0', '#04ed00', 'stroke')];True;True
260;which are the states and the transitions ;Mmm which are mmm the states mmm and the uhm transitions ;The state q0 exists.;[('simbolo-q0', '#04ed00', 'stroke')];there is no transition between q0 and q0.;[];False;False
260;which are the states and the transitions ;Mmm which eh are mmm the uhm states and the mmm transitions ;The state q0 exists.;[('simbolo-q0', '#04ed00', 'stroke')];The state q0 exists.;[('simbolo-q0', '#04ed00', 'stroke')];True;True
260;which are the states and the transitions ;Eh which mmm are mmm the eh states uhm and the eh transitions ;The state q0 exists.;[('simbolo-q0', '#04ed00', 'stroke')];The state q0 exists.;[('simbolo-q0', '#04ed00', 'stroke')];True;True
260;which are the states and the transitions ;Uhm which mmm are eh the uhm states uhm and uhm the uhm transitions ;The state q0 exists.;[('simbolo-q0', '#04ed00', 'stroke')];Potresti essere più specifico?;[];False;False
261;how is the automaton represented ;How is mmm the automaton represented ;The automaton accepts zero or more words formed by a sequence of the type 110. In total there are 4 states: q0, q1, q2 e q4. q0 is both the initial and the final state.Le transizioni sono: q0 with value 1 goes goes q1, q1 with value 1 goes goes q2, q4 with value 0 goes to q0.;[];The automaton accepts zero or more words formed by a sequence of the type 110. In total there are 4 states: q0, q1, q2 e q4. q0 is both the initial and the final state.Le transizioni sono: q0 with value 1 goes goes q1, q1 with value 1 goes goes q2, q4 with value 0 goes to q0.;[];True;True
261;how is the automaton represented ;Mmm how is the automaton uhm represented ;The automaton accepts zero or more words formed by a sequence of the type 110. In total there are 4 states: q0, q1, q2 e q4. q0 is both the initial and the final state.Le transizioni sono: q0 with value 1 goes goes q1, q1 with value 1 goes goes q2, q4 with value 0 goes to q0.;[];The automaton accepts zero or more words formed by a sequence of the type 110. In total there are 4 states: q0, q1, q2 e q4. q0 is both the initial and the final state.Le transizioni sono: q0 with value 1 goes goes q1, q1 with value 1 goes goes q2, q4 with value 0 goes to q0.;[];True;True
261;how is the automaton represented ;Eh how eh is eh the automaton represented ;The automaton accepts zero or more words formed by a sequence of the type 110. In total there are 4 states: q0, q1, q2 e q4. q0 is both the initial and the final state.Le transizioni sono: q0 with value 1 goes goes q1, q1 with value 1 goes goes q2, q4 with value 0 goes to q0.;[];The automaton accepts zero or more words formed by a sequence of the type 110. In total there are 4 states: q0, q1, q2 e q4. q0 is both the initial and the final state.Le transizioni sono: q0 with value 1 goes goes q1, q1 with value 1 goes goes q2, q4 with value 0 goes to q0.;[];True;True
261;how is the automaton represented ;How mmm is eh the uhm automaton mmm represented ;The automaton accepts zero or more words formed by a sequence of the type 110. In total there are 4 states: q0, q1, q2 e q4. q0 is both the initial and the final state.Le transizioni sono: q0 with value 1 goes goes q1, q1 with value 1 goes goes q2, q4 with value 0 goes to q0.;[];Potresti essere più specifico?;[];False;True
261;how is the automaton represented ;Eh how eh is eh the uhm automaton uhm represented ;The automaton accepts zero or more words formed by a sequence of the type 110. In total there are 4 states: q0, q1, q2 e q4. q0 is both the initial and the final state.Le transizioni sono: q0 with value 1 goes goes q1, q1 with value 1 goes goes q2, q4 with value 0 goes to q0.;[];The automaton accepts zero or more words formed by a sequence of the type 110. In total there are 4 states: q0, q1, q2 e q4. q0 is both the initial and the final state.Le transizioni sono: q0 with value 1 goes goes q1, q1 with value 1 goes goes q2, q4 with value 0 goes to q0.;[];True;True
262;states and transitions;States and eh transitions ;The state q0 exists.;[('simbolo-q0', '#04ed00', 'stroke')];there is no transition between q0 and q0.;[];False;False
262;states and transitions;Uhm states and mmm transitions ;The state q0 exists.;[('simbolo-q0', '#04ed00', 'stroke')];The state q0 exists.;[('simbolo-q0', '#04ed00', 'stroke')];True;True
262;states and transitions;Uhm states mmm and eh transitions ;The state q0 exists.;[('simbolo-q0', '#04ed00', 'stroke')];The state q0 exists.;[('simbolo-q0', '#04ed00', 'stroke')];True;True
263;how many states are there ;How many uhm states are there ;This automaton has 4 states;[('simbolo-q0', '#04ed00', 'stroke'), ('simbolo-q1', '#04ed00', 'stroke'), ('simbolo-q2', '#04ed00', 'stroke'), ('simbolo-q4', '#04ed00', 'stroke')];This automaton has 4 states;[('simbolo-q0', '#04ed00', 'stroke'), ('simbolo-q1', '#04ed00', 'stroke'), ('simbolo-q2', '#04ed00', 'stroke'), ('simbolo-q4', '#04ed00', 'stroke')];True;True
263;how many states are there ;How mmm many states uhm are there ;This automaton has 4 states;[('simbolo-q0', '#04ed00', 'stroke'), ('simbolo-q1', '#04ed00', 'stroke'), ('simbolo-q2', '#04ed00', 'stroke'), ('simbolo-q4', '#04ed00', 'stroke')];This automaton has 4 states;[('simbolo-q0', '#04ed00', 'stroke'), ('simbolo-q1', '#04ed00', 'stroke'), ('simbolo-q2', '#04ed00', 'stroke'), ('simbolo-q4', '#04ed00', 'stroke')];True;True
263;how many states are there ;How uhm many eh states are eh there ;This automaton has 4 states;[('simbolo-q0', '#04ed00', 'stroke'), ('simbolo-q1', '#04ed00', 'stroke'), ('simbolo-q2', '#04ed00', 'stroke'), ('simbolo-q4', '#04ed00', 'stroke')];This automaton has 4 states;[('simbolo-q0', '#04ed00', 'stroke'), ('simbolo-q1', '#04ed00', 'stroke'), ('simbolo-q2', '#04ed00', 'stroke'), ('simbolo-q4', '#04ed00', 'stroke')];True;True
263;how many states are there ;How mmm many mmm states mmm are mmm there ;This automaton has 4 states;[('simbolo-q0', '#04ed00', 'stroke'), ('simbolo-q1', '#04ed00', 'stroke'), ('simbolo-q2', '#04ed00', 'stroke'), ('simbolo-q4', '#04ed00', 'stroke')];This automaton has 4 states;[('simbolo-q0', '#04ed00', 'stroke'), ('simbolo-q1', '#04ed00', 'stroke'), ('simbolo-q2', '#04ed00', 'stroke'), ('simbolo-q4', '#04ed00', 'stroke')];True;True
263;how many states are there ;Eh how uhm many uhm states mmm are eh there ;This automaton has 4 states;[('simbolo-q0', '#04ed00', 'stroke'), ('simbolo-q1', '#04ed00', 'stroke'), ('simbolo-q2', '#04ed00', 'stroke'), ('simbolo-q4', '#04ed00', 'stroke')];This automaton has 4 states;[('simbolo-q0', '#04ed00', 'stroke'), ('simbolo-q1', '#04ed00', 'stroke'), ('simbolo-q2', '#04ed00', 'stroke'), ('simbolo-q4', '#04ed00', 'stroke')];True;True
264;whar are the transitions ;Whar are mmm the transitions ;The automaton has 3 transitions: q0 con valore 1 va in q1, q1 con valore 1 va in q2, q4 con valore 0 va in q0.;[('simbolo-q0-q1', '#04ed00', 'stroke'), ('simbolo-q1-q2', '#04ed00', 'stroke'), ('simbolo-q4-q0', '#04ed00', 'stroke')];there is no transition between q0 and q0.;[];False;False
264;whar are the transitions ;Whar eh are mmm the transitions ;The automaton has 3 transitions: q0 con valore 1 va in q1, q1 con valore 1 va in q2, q4 con valore 0 va in q0.;[('simbolo-q0-q1', '#04ed00', 'stroke'), ('simbolo-q1-q2', '#04ed00', 'stroke'), ('simbolo-q4-q0', '#04ed00', 'stroke')];there is no transition between q0 and q0.;[];False;False
264;whar are the transitions ;Mmm whar mmm are the eh transitions ;The automaton has 3 transitions: q0 con valore 1 va in q1, q1 con valore 1 va in q2, q4 con valore 0 va in q0.;[('simbolo-q0-q1', '#04ed00', 'stroke'), ('simbolo-q1-q2', '#04ed00', 'stroke'), ('simbolo-q4-q0', '#04ed00', 'stroke')];there is no transition between q0 and q0.;[];False;False
264;whar are the transitions ;Eh whar eh are uhm the eh transitions ;The automaton has 3 transitions: q0 con valore 1 va in q1, q1 con valore 1 va in q2, q4 con valore 0 va in q0.;[('simbolo-q0-q1', '#04ed00', 'stroke'), ('simbolo-q1-q2', '#04ed00', 'stroke'), ('simbolo-q4-q0', '#04ed00', 'stroke')];there is no transition between q0 and q0.;[];False;False
265; how many transitions ;How mmm many transitions ;The automaton has 3 transitions: q0 con valore 1 va in q1, q1 con valore 1 va in q2, q4 con valore 0 va in q0.;[('simbolo-q0-q1', '#04ed00', 'stroke'), ('simbolo-q1-q2', '#04ed00', 'stroke'), ('simbolo-q4-q0', '#04ed00', 'stroke')];The automaton has 3 transitions: q0 con valore 1 va in q1, q1 con valore 1 va in q2, q4 con valore 0 va in q0.;[('simbolo-q0-q1', '#04ed00', 'stroke'), ('simbolo-q1-q2', '#04ed00', 'stroke'), ('simbolo-q4-q0', '#04ed00', 'stroke')];True;True
265; how many transitions ;How uhm many mmm transitions ;The automaton has 3 transitions: q0 con valore 1 va in q1, q1 con valore 1 va in q2, q4 con valore 0 va in q0.;[('simbolo-q0-q1', '#04ed00', 'stroke'), ('simbolo-q1-q2', '#04ed00', 'stroke'), ('simbolo-q4-q0', '#04ed00', 'stroke')];The automaton has 3 transitions: q0 con valore 1 va in q1, q1 con valore 1 va in q2, q4 con valore 0 va in q0.;[('simbolo-q0-q1', '#04ed00', 'stroke'), ('simbolo-q1-q2', '#04ed00', 'stroke'), ('simbolo-q4-q0', '#04ed00', 'stroke')];True;True
265; how many transitions ;Mmm how uhm many uhm transitions ;The automaton has 3 transitions: q0 con valore 1 va in q1, q1 con valore 1 va in q2, q4 con valore 0 va in q0.;[('simbolo-q0-q1', '#04ed00', 'stroke'), ('simbolo-q1-q2', '#04ed00', 'stroke'), ('simbolo-q4-q0', '#04ed00', 'stroke')];The automaton has 3 transitions: q0 con valore 1 va in q1, q1 con valore 1 va in q2, q4 con valore 0 va in q0.;[('simbolo-q0-q1', '#04ed00', 'stroke'), ('simbolo-q1-q2', '#04ed00', 'stroke'), ('simbolo-q4-q0', '#04ed00', 'stroke')];True;True
266;arc between q0 and q1 ;Arc between q0 and eh q1 ;The transition between q0 and q1 is with value 1.;[('simbolo-q0-q1', '#04ed00', 'stroke')];The transition between q0 and q1 is with value 1.;[('simbolo-q0-q1', '#04ed00', 'stroke')];True;True
266;arc between q0 and q1 ;Arc between q0 eh and eh q1 ;The transition between q0 and q1 is with value 1.;[('simbolo-q0-q1', '#04ed00', 'stroke')];the transition is not defined.;[];False;False
266;arc between q0 and q1 ;Mmm arc between q0 eh and eh q1 ;The transition between q0 and q1 is with value 1.;[('simbolo-q0-q1', '#04ed00', 'stroke')];The transition between q0 and q1 is with value 1.;[('simbolo-q0-q1', '#04ed00', 'stroke')];True;True
266;arc between q0 and q1 ;Uhm arc uhm between eh q0 uhm and q1 ;The transition between q0 and q1 is with value 1.;[('simbolo-q0-q1', '#04ed00', 'stroke')];The transition between q0 and q1 is with value 1.;[('simbolo-q0-q1', '#04ed00', 'stroke')];True;True
266;arc between q0 and q1 ;Eh arc mmm between eh q0 mmm and uhm q1 ;The transition between q0 and q1 is with value 1.;[('simbolo-q0-q1', '#04ed00', 'stroke')];The transition between q0 and q1 is with value 1.;[('simbolo-q0-q1', '#04ed00', 'stroke')];True;True
267;what are the transitions ;Eh what are the transitions ;there is no transition between q0 and q0.;[];The automaton has 3 transitions: q0 con valore 1 va in q1, q1 con valore 1 va in q2, q4 con valore 0 va in q0.;[('simbolo-q0-q1', '#04ed00', 'stroke'), ('simbolo-q1-q2', '#04ed00', 'stroke'), ('simbolo-q4-q0', '#04ed00', 'stroke')];False;False
267;what are the transitions ;Eh what are the mmm transitions ;there is no transition between q0 and q0.;[];there is no transition between q0 and q0.;[];True;True
267;what are the transitions ;Uhm what uhm are the mmm transitions ;there is no transition between q0 and q0.;[];there is no transition between q0 and q0.;[];True;True
267;what are the transitions ;Mmm what mmm are uhm the eh transitions ;there is no transition between q0 and q0.;[];there is no transition between q0 and q0.;[];True;True
268;describe the transitions;Mmm describe the transitions ;The automaton has 3 transitions: q0 con valore 1 va in q1, q1 con valore 1 va in q2, q4 con valore 0 va in q0.;[('simbolo-q0-q1', '#04ed00', 'stroke'), ('simbolo-q1-q2', '#04ed00', 'stroke'), ('simbolo-q4-q0', '#04ed00', 'stroke')];The automaton has 3 transitions: q0 con valore 1 va in q1, q1 con valore 1 va in q2, q4 con valore 0 va in q0.;[('simbolo-q0-q1', '#04ed00', 'stroke'), ('simbolo-q1-q2', '#04ed00', 'stroke'), ('simbolo-q4-q0', '#04ed00', 'stroke')];True;True
268;describe the transitions;Describe uhm the mmm transitions ;The automaton has 3 transitions: q0 con valore 1 va in q1, q1 con valore 1 va in q2, q4 con valore 0 va in q0.;[('simbolo-q0-q1', '#04ed00', 'stroke'), ('simbolo-q1-q2', '#04ed00', 'stroke'), ('simbolo-q4-q0', '#04ed00', 'stroke')];there is no transition between q0 and q0.;[];False;False
268;describe the transitions;Uhm describe eh the eh transitions ;The automaton has 3 transitions: q0 con valore 1 va in q1, q1 con valore 1 va in q2, q4 con valore 0 va in q0.;[('simbolo-q0-q1', '#04ed00', 'stroke'), ('simbolo-q1-q2', '#04ed00', 'stroke'), ('simbolo-q4-q0', '#04ed00', 'stroke')];there is no transition between q0 and q0.;[];False;False
269;how is marked the arc between q0 and q2 ;How is marked the arc between q0 and mmm q2 ;there is no transition between q0 and q2.;[];the transition is not defined.;[];False;True
269;how is marked the arc between q0 and q2 ;Uhm how is marked the arc between q0 and mmm q2 ;there is no transition between q0 and q2.;[];the transition is not defined.;[];False;True
269;how is marked the arc between q0 and q2 ;How is marked mmm the arc mmm between uhm q0 and q2 ;there is no transition between q0 and q2.;[];the transition is not defined.;[];False;True
269;how is marked the arc between q0 and q2 ;How mmm is marked the mmm arc uhm between q0 and mmm q2 ;there is no transition between q0 and q2.;[];the transition is not defined.;[];False;True
269;how is marked the arc between q0 and q2 ;Mmm how eh is marked the uhm arc between eh q0 and uhm q2 ;there is no transition between q0 and q2.;[];there is no transition between q0 and q2.;[];True;True
269;how is marked the arc between q0 and q2 ;Mmm how eh is marked the uhm arc between uhm q0 eh and uhm q2 ;there is no transition between q0 and q2.;[];there is no transition between q0 and q2.;[];True;True
269;how is marked the arc between q0 and q2 ;How mmm is eh marked uhm the eh arc eh between uhm q0 and eh q2 ;there is no transition between q0 and q2.;[];there is no transition between q0 and q2.;[];True;True
269;how is marked the arc between q0 and q2 ;Mmm how eh is eh marked the mmm arc mmm between eh q0 mmm and eh q2 ;there is no transition between q0 and q2.;[];there is no transition between q0 and q2.;[];True;True
269;how is marked the arc between q0 and q2 ;Uhm how uhm is eh marked eh the eh arc mmm between eh q0 mmm and mmm q2 ;there is no transition between q0 and q2.;[];there is no transition between q0 and q2.;[];True;True
270;how is represented;How is uhm represented ;Potresti essere più specifico?;[];Potresti essere più specifico?;[];True;True
270;how is represented;Eh how mmm is represented ;Potresti essere più specifico?;[];Potresti essere più specifico?;[];True;True
270;how is represented;Uhm how mmm is eh represented ;Potresti essere più specifico?;[];Potresti essere più specifico?;[];True;True
271;what are the final states;What are the uhm final states ;The final state is q0.;[('simbolo-q0', '#04ed00', 'stroke')];The final state is q0.;[('simbolo-q0', '#04ed00', 'stroke')];True;True
271;what are the final states;Eh what are eh the final states ;The final state is q0.;[('simbolo-q0', '#04ed00', 'stroke')];The final state is q0.;[('simbolo-q0', '#04ed00', 'stroke')];True;True
271;what are the final states;Uhm what uhm are uhm the final states ;The final state is q0.;[('simbolo-q0', '#04ed00', 'stroke')];The final state is q0.;[('simbolo-q0', '#04ed00', 'stroke')];True;True
271;what are the final states;What mmm are eh the uhm final mmm states ;The final state is q0.;[('simbolo-q0', '#04ed00', 'stroke')];The final state is q0.;[('simbolo-q0', '#04ed00', 'stroke')];True;True
271;what are the final states;Eh what mmm are eh the uhm final mmm states ;The final state is q0.;[('simbolo-q0', '#04ed00', 'stroke')];The final state is q0.;[('simbolo-q0', '#04ed00', 'stroke')];True;True
272;final states;Eh final states ;The final state is q0.;[('simbolo-q0', '#04ed00', 'stroke')];The final state is q0.;[('simbolo-q0', '#04ed00', 'stroke')];True;True
272;final states;Mmm final mmm states ;The final state is q0.;[('simbolo-q0', '#04ed00', 'stroke')];The final state is q0.;[('simbolo-q0', '#04ed00', 'stroke')];True;True
273;start states;Start mmm states ;The state q0 exists.;[('simbolo-q0', '#04ed00', 'stroke')];The automaton has 4 states: q0, q1, q2 e q4.;[('simbolo-q0', '#04ed00', 'stroke'), ('simbolo-q1', '#04ed00', 'stroke'), ('simbolo-q2', '#04ed00', 'stroke'), ('simbolo-q4', '#04ed00', 'stroke')];False;False
273;start states;Mmm start eh states ;The state q0 exists.;[('simbolo-q0', '#04ed00', 'stroke')];The state q0 exists.;[('simbolo-q0', '#04ed00', 'stroke')];True;True
274;which is the start state ;Which is uhm the start state ;The initial state is q0.;[('simbolo-q0', '#04ed00', 'stroke')];The initial state is q0.;[('simbolo-q0', '#04ed00', 'stroke')];True;True
274;which is the start state ;Mmm which is mmm the start state ;The initial state is q0.;[('simbolo-q0', '#04ed00', 'stroke')];The initial state is q0.;[('simbolo-q0', '#04ed00', 'stroke')];True;True
274;which is the start state ;Uhm which is uhm the start mmm state ;The initial state is q0.;[('simbolo-q0', '#04ed00', 'stroke')];The initial state is q0.;[('simbolo-q0', '#04ed00', 'stroke')];True;True
274;which is the start state ;Uhm which mmm is the uhm start eh state ;The initial state is q0.;[('simbolo-q0', '#04ed00', 'stroke')];The state q0 exists.;[('simbolo-q0', '#04ed00', 'stroke')];False;True
274;which is the start state ;Mmm which eh is mmm the mmm start mmm state ;The initial state is q0.;[('simbolo-q0', '#04ed00', 'stroke')];The initial state is q0.;[('simbolo-q0', '#04ed00', 'stroke')];True;True
275;Tell me a little bit about the automaton ;Tell me a little eh bit about the automaton ;The automaton accepts zero or more words formed by a sequence of the type 110. In total there are 4 states: q0, q1, q2 e q4. q0 is both the initial and the final state.Le transizioni sono: q0 with value 1 goes goes q1, q1 with value 1 goes goes q2, q4 with value 0 goes to q0.;[];The automaton accepts zero or more words formed by a sequence of the type 110. In total there are 4 states: q0, q1, q2 e q4. q0 is both the initial and the final state.Le transizioni sono: q0 with value 1 goes goes q1, q1 with value 1 goes goes q2, q4 with value 0 goes to q0.;[];True;True
275;Tell me a little bit about the automaton ;Tell me a little bit eh about the mmm automaton ;The automaton accepts zero or more words formed by a sequence of the type 110. In total there are 4 states: q0, q1, q2 e q4. q0 is both the initial and the final state.Le transizioni sono: q0 with value 1 goes goes q1, q1 with value 1 goes goes q2, q4 with value 0 goes to q0.;[];The automaton accepts zero or more words formed by a sequence of the type 110. In total there are 4 states: q0, q1, q2 e q4. q0 is both the initial and the final state.Le transizioni sono: q0 with value 1 goes goes q1, q1 with value 1 goes goes q2, q4 with value 0 goes to q0.;[];True;True
275;Tell me a little bit about the automaton ;Tell me mmm a little eh bit about uhm the automaton ;The automaton accepts zero or more words formed by a sequence of the type 110. In total there are 4 states: q0, q1, q2 e q4. q0 is both the initial and the final state.Le transizioni sono: q0 with value 1 goes goes q1, q1 with value 1 goes goes q2, q4 with value 0 goes to q0.;[];The automaton accepts zero or more words formed by a sequence of the type 110. In total there are 4 states: q0, q1, q2 e q4. q0 is both the initial and the final state.Le transizioni sono: q0 with value 1 goes goes q1, q1 with value 1 goes goes q2, q4 with value 0 goes to q0.;[];True;True
275;Tell me a little bit about the automaton ;Tell eh me mmm a little bit about uhm the mmm automaton ;The automaton accepts zero or more words formed by a sequence of the type 110. In total there are 4 states: q0, q1, q2 e q4. q0 is both the initial and the final state.Le transizioni sono: q0 with value 1 goes goes q1, q1 with value 1 goes goes q2, q4 with value 0 goes to q0.;[];The automaton accepts zero or more words formed by a sequence of the type 110. In total there are 4 states: q0, q1, q2 e q4. q0 is both the initial and the final state.Le transizioni sono: q0 with value 1 goes goes q1, q1 with value 1 goes goes q2, q4 with value 0 goes to q0.;[];True;True
275;Tell me a little bit about the automaton ;Mmm tell eh me uhm a eh little uhm bit about the automaton ;The automaton accepts zero or more words formed by a sequence of the type 110. In total there are 4 states: q0, q1, q2 e q4. q0 is both the initial and the final state.Le transizioni sono: q0 with value 1 goes goes q1, q1 with value 1 goes goes q2, q4 with value 0 goes to q0.;[];The automaton accepts zero or more words formed by a sequence of the type 110. In total there are 4 states: q0, q1, q2 e q4. q0 is both the initial and the final state.Le transizioni sono: q0 with value 1 goes goes q1, q1 with value 1 goes goes q2, q4 with value 0 goes to q0.;[];True;True
275;Tell me a little bit about the automaton ;Eh tell eh me eh a mmm little uhm bit mmm about the automaton ;The automaton accepts zero or more words formed by a sequence of the type 110. In total there are 4 states: q0, q1, q2 e q4. q0 is both the initial and the final state.Le transizioni sono: q0 with value 1 goes goes q1, q1 with value 1 goes goes q2, q4 with value 0 goes to q0.;[];The automaton accepts zero or more words formed by a sequence of the type 110. In total there are 4 states: q0, q1, q2 e q4. q0 is both the initial and the final state.Le transizioni sono: q0 with value 1 goes goes q1, q1 with value 1 goes goes q2, q4 with value 0 goes to q0.;[];True;True
275;Tell me a little bit about the automaton ;Uhm tell me eh a uhm little uhm bit eh about mmm the eh automaton ;The automaton accepts zero or more words formed by a sequence of the type 110. In total there are 4 states: q0, q1, q2 e q4. q0 is both the initial and the final state.Le transizioni sono: q0 with value 1 goes goes q1, q1 with value 1 goes goes q2, q4 with value 0 goes to q0.;[];The automaton accepts zero or more words formed by a sequence of the type 110. In total there are 4 states: q0, q1, q2 e q4. q0 is both the initial and the final state.Le transizioni sono: q0 with value 1 goes goes q1, q1 with value 1 goes goes q2, q4 with value 0 goes to q0.;[];True;True
275;Tell me a little bit about the automaton ;Eh tell mmm me uhm a uhm little eh bit eh about uhm the mmm automaton ;The automaton accepts zero or more words formed by a sequence of the type 110. In total there are 4 states: q0, q1, q2 e q4. q0 is both the initial and the final state.Le transizioni sono: q0 with value 1 goes goes q1, q1 with value 1 goes goes q2, q4 with value 0 goes to q0.;[];The automaton accepts zero or more words formed by a sequence of the type 110. In total there are 4 states: q0, q1, q2 e q4. q0 is both the initial and the final state.Le transizioni sono: q0 with value 1 goes goes q1, q1 with value 1 goes goes q2, q4 with value 0 goes to q0.;[];True;True
276;Tell me a little bit about the automaton ;Tell me a little bit about the mmm automaton ;The automaton accepts zero or more words formed by a sequence of the type 110. In total there are 4 states: q0, q1, q2 e q4. q0 is both the initial and the final state.Le transizioni sono: q0 with value 1 goes goes q1, q1 with value 1 goes goes q2, q4 with value 0 goes to q0.;[];The automaton accepts zero or more words formed by a sequence of the type 110. In total there are 4 states: q0, q1, q2 e q4. q0 is both the initial and the final state.Le transizioni sono: q0 with value 1 goes goes q1, q1 with value 1 goes goes q2, q4 with value 0 goes to q0.;[];True;True
276;Tell me a little bit about the automaton ;Tell me a little bit eh about the uhm automaton ;The automaton accepts zero or more words formed by a sequence of the type 110. In total there are 4 states: q0, q1, q2 e q4. q0 is both the initial and the final state.Le transizioni sono: q0 with value 1 goes goes q1, q1 with value 1 goes goes q2, q4 with value 0 goes to q0.;[];The automaton accepts zero or more words formed by a sequence of the type 110. In total there are 4 states: q0, q1, q2 e q4. q0 is both the initial and the final state.Le transizioni sono: q0 with value 1 goes goes q1, q1 with value 1 goes goes q2, q4 with value 0 goes to q0.;[];True;True
276;Tell me a little bit about the automaton ;Tell me uhm a uhm little bit eh about the automaton ;The automaton accepts zero or more words formed by a sequence of the type 110. In total there are 4 states: q0, q1, q2 e q4. q0 is both the initial and the final state.Le transizioni sono: q0 with value 1 goes goes q1, q1 with value 1 goes goes q2, q4 with value 0 goes to q0.;[];The automaton accepts zero or more words formed by a sequence of the type 110. In total there are 4 states: q0, q1, q2 e q4. q0 is both the initial and the final state.Le transizioni sono: q0 with value 1 goes goes q1, q1 with value 1 goes goes q2, q4 with value 0 goes to q0.;[];True;True
276;Tell me a little bit about the automaton ;Uhm tell eh me a little mmm bit uhm about the automaton ;The automaton accepts zero or more words formed by a sequence of the type 110. In total there are 4 states: q0, q1, q2 e q4. q0 is both the initial and the final state.Le transizioni sono: q0 with value 1 goes goes q1, q1 with value 1 goes goes q2, q4 with value 0 goes to q0.;[];The automaton accepts zero or more words formed by a sequence of the type 110. In total there are 4 states: q0, q1, q2 e q4. q0 is both the initial and the final state.Le transizioni sono: q0 with value 1 goes goes q1, q1 with value 1 goes goes q2, q4 with value 0 goes to q0.;[];True;True
276;Tell me a little bit about the automaton ;Uhm tell mmm me eh a mmm little mmm bit about the automaton ;The automaton accepts zero or more words formed by a sequence of the type 110. In total there are 4 states: q0, q1, q2 e q4. q0 is both the initial and the final state.Le transizioni sono: q0 with value 1 goes goes q1, q1 with value 1 goes goes q2, q4 with value 0 goes to q0.;[];The automaton accepts zero or more words formed by a sequence of the type 110. In total there are 4 states: q0, q1, q2 e q4. q0 is both the initial and the final state.Le transizioni sono: q0 with value 1 goes goes q1, q1 with value 1 goes goes q2, q4 with value 0 goes to q0.;[];True;True
276;Tell me a little bit about the automaton ;Uhm tell uhm me uhm a little bit eh about mmm the eh automaton ;The automaton accepts zero or more words formed by a sequence of the type 110. In total there are 4 states: q0, q1, q2 e q4. q0 is both the initial and the final state.Le transizioni sono: q0 with value 1 goes goes q1, q1 with value 1 goes goes q2, q4 with value 0 goes to q0.;[];The automaton accepts zero or more words formed by a sequence of the type 110. In total there are 4 states: q0, q1, q2 e q4. q0 is both the initial and the final state.Le transizioni sono: q0 with value 1 goes goes q1, q1 with value 1 goes goes q2, q4 with value 0 goes to q0.;[];True;True
276;Tell me a little bit about the automaton ;Tell mmm me uhm a uhm little uhm bit mmm about mmm the mmm automaton ;The automaton accepts zero or more words formed by a sequence of the type 110. In total there are 4 states: q0, q1, q2 e q4. q0 is both the initial and the final state.Le transizioni sono: q0 with value 1 goes goes q1, q1 with value 1 goes goes q2, q4 with value 0 goes to q0.;[];The automaton accepts zero or more words formed by a sequence of the type 110. In total there are 4 states: q0, q1, q2 e q4. q0 is both the initial and the final state.Le transizioni sono: q0 with value 1 goes goes q1, q1 with value 1 goes goes q2, q4 with value 0 goes to q0.;[];True;True
276;Tell me a little bit about the automaton ;Uhm tell eh me eh a eh little uhm bit eh about eh the mmm automaton ;The automaton accepts zero or more words formed by a sequence of the type 110. In total there are 4 states: q0, q1, q2 e q4. q0 is both the initial and the final state.Le transizioni sono: q0 with value 1 goes goes q1, q1 with value 1 goes goes q2, q4 with value 0 goes to q0.;[];The automaton accepts zero or more words formed by a sequence of the type 110. In total there are 4 states: q0, q1, q2 e q4. q0 is both the initial and the final state.Le transizioni sono: q0 with value 1 goes goes q1, q1 with value 1 goes goes q2, q4 with value 0 goes to q0.;[];True;True
277;How many states are there ;How many states mmm are there ;This automaton has 4 states;[('simbolo-q0', '#04ed00', 'stroke'), ('simbolo-q1', '#04ed00', 'stroke'), ('simbolo-q2', '#04ed00', 'stroke'), ('simbolo-q4', '#04ed00', 'stroke')];This automaton has 4 states;[('simbolo-q0', '#04ed00', 'stroke'), ('simbolo-q1', '#04ed00', 'stroke'), ('simbolo-q2', '#04ed00', 'stroke'), ('simbolo-q4', '#04ed00', 'stroke')];True;True
277;How many states are there ;How many mmm states mmm are there ;This automaton has 4 states;[('simbolo-q0', '#04ed00', 'stroke'), ('simbolo-q1', '#04ed00', 'stroke'), ('simbolo-q2', '#04ed00', 'stroke'), ('simbolo-q4', '#04ed00', 'stroke')];This automaton has 4 states;[('simbolo-q0', '#04ed00', 'stroke'), ('simbolo-q1', '#04ed00', 'stroke'), ('simbolo-q2', '#04ed00', 'stroke'), ('simbolo-q4', '#04ed00', 'stroke')];True;True
277;How many states are there ;How eh many states mmm are eh there ;This automaton has 4 states;[('simbolo-q0', '#04ed00', 'stroke'), ('simbolo-q1', '#04ed00', 'stroke'), ('simbolo-q2', '#04ed00', 'stroke'), ('simbolo-q4', '#04ed00', 'stroke')];This automaton has 4 states;[('simbolo-q0', '#04ed00', 'stroke'), ('simbolo-q1', '#04ed00', 'stroke'), ('simbolo-q2', '#04ed00', 'stroke'), ('simbolo-q4', '#04ed00', 'stroke')];True;True
277;How many states are there ;Uhm how eh many uhm states are uhm there ;This automaton has 4 states;[('simbolo-q0', '#04ed00', 'stroke'), ('simbolo-q1', '#04ed00', 'stroke'), ('simbolo-q2', '#04ed00', 'stroke'), ('simbolo-q4', '#04ed00', 'stroke')];This automaton has 4 states;[('simbolo-q0', '#04ed00', 'stroke'), ('simbolo-q1', '#04ed00', 'stroke'), ('simbolo-q2', '#04ed00', 'stroke'), ('simbolo-q4', '#04ed00', 'stroke')];True;True
277;How many states are there ;Eh how eh many uhm states mmm are uhm there ;This automaton has 4 states;[('simbolo-q0', '#04ed00', 'stroke'), ('simbolo-q1', '#04ed00', 'stroke'), ('simbolo-q2', '#04ed00', 'stroke'), ('simbolo-q4', '#04ed00', 'stroke')];This automaton has 4 states;[('simbolo-q0', '#04ed00', 'stroke'), ('simbolo-q1', '#04ed00', 'stroke'), ('simbolo-q2', '#04ed00', 'stroke'), ('simbolo-q4', '#04ed00', 'stroke')];True;True
278;How many transitions are there ;How many transitions are eh there ;The automaton has 3 transitions: q0 con valore 1 va in q1, q1 con valore 1 va in q2, q4 con valore 0 va in q0.;[('simbolo-q0-q1', '#04ed00', 'stroke'), ('simbolo-q1-q2', '#04ed00', 'stroke'), ('simbolo-q4-q0', '#04ed00', 'stroke')];The automaton has 3 transitions: q0 con valore 1 va in q1, q1 con valore 1 va in q2, q4 con valore 0 va in q0.;[('simbolo-q0-q1', '#04ed00', 'stroke'), ('simbolo-q1-q2', '#04ed00', 'stroke'), ('simbolo-q4-q0', '#04ed00', 'stroke')];True;True
278;How many transitions are there ;How many mmm transitions are mmm there ;The automaton has 3 transitions: q0 con valore 1 va in q1, q1 con valore 1 va in q2, q4 con valore 0 va in q0.;[('simbolo-q0-q1', '#04ed00', 'stroke'), ('simbolo-q1-q2', '#04ed00', 'stroke'), ('simbolo-q4-q0', '#04ed00', 'stroke')];the transition is not defined.;[];False;False
278;How many transitions are there ;Mmm how many uhm transitions mmm are there ;The automaton has 3 transitions: q0 con valore 1 va in q1, q1 con valore 1 va in q2, q4 con valore 0 va in q0.;[('simbolo-q0-q1', '#04ed00', 'stroke'), ('simbolo-q1-q2', '#04ed00', 'stroke'), ('simbolo-q4-q0', '#04ed00', 'stroke')];The automaton has 3 transitions: q0 con valore 1 va in q1, q1 con valore 1 va in q2, q4 con valore 0 va in q0.;[('simbolo-q0-q1', '#04ed00', 'stroke'), ('simbolo-q1-q2', '#04ed00', 'stroke'), ('simbolo-q4-q0', '#04ed00', 'stroke')];True;True
278;How many transitions are there ;Uhm how mmm many transitions mmm are uhm there ;The automaton has 3 transitions: q0 con valore 1 va in q1, q1 con valore 1 va in q2, q4 con valore 0 va in q0.;[('simbolo-q0-q1', '#04ed00', 'stroke'), ('simbolo-q1-q2', '#04ed00', 'stroke'), ('simbolo-q4-q0', '#04ed00', 'stroke')];The automaton has 3 transitions: q0 con valore 1 va in q1, q1 con valore 1 va in q2, q4 con valore 0 va in q0.;[('simbolo-q0-q1', '#04ed00', 'stroke'), ('simbolo-q1-q2', '#04ed00', 'stroke'), ('simbolo-q4-q0', '#04ed00', 'stroke')];True;True
278;How many transitions are there ;Uhm how mmm many mmm transitions mmm are mmm there ;The automaton has 3 transitions: q0 con valore 1 va in q1, q1 con valore 1 va in q2, q4 con valore 0 va in q0.;[('simbolo-q0-q1', '#04ed00', 'stroke'), ('simbolo-q1-q2', '#04ed00', 'stroke'), ('simbolo-q4-q0', '#04ed00', 'stroke')];The automaton has 3 transitions: q0 con valore 1 va in q1, q1 con valore 1 va in q2, q4 con valore 0 va in q0.;[('simbolo-q0-q1', '#04ed00', 'stroke'), ('simbolo-q1-q2', '#04ed00', 'stroke'), ('simbolo-q4-q0', '#04ed00', 'stroke')];True;True
279;How many transitions are there ;How many transitions uhm are there ;The automaton has 3 transitions: q0 con valore 1 va in q1, q1 con valore 1 va in q2, q4 con valore 0 va in q0.;[('simbolo-q0-q1', '#04ed00', 'stroke'), ('simbolo-q1-q2', '#04ed00', 'stroke'), ('simbolo-q4-q0', '#04ed00', 'stroke')];The automaton has 3 transitions: q0 con valore 1 va in q1, q1 con valore 1 va in q2, q4 con valore 0 va in q0.;[('simbolo-q0-q1', '#04ed00', 'stroke'), ('simbolo-q1-q2', '#04ed00', 'stroke'), ('simbolo-q4-q0', '#04ed00', 'stroke')];True;True
279;How many transitions are there ;How eh many transitions eh are there ;The automaton has 3 transitions: q0 con valore 1 va in q1, q1 con valore 1 va in q2, q4 con valore 0 va in q0.;[('simbolo-q0-q1', '#04ed00', 'stroke'), ('simbolo-q1-q2', '#04ed00', 'stroke'), ('simbolo-q4-q0', '#04ed00', 'stroke')];The automaton has 3 transitions: q0 con valore 1 va in q1, q1 con valore 1 va in q2, q4 con valore 0 va in q0.;[('simbolo-q0-q1', '#04ed00', 'stroke'), ('simbolo-q1-q2', '#04ed00', 'stroke'), ('simbolo-q4-q0', '#04ed00', 'stroke')];True;True
279;How many transitions are there ;How uhm many eh transitions mmm are there ;The automaton has 3 transitions: q0 con valore 1 va in q1, q1 con valore 1 va in q2, q4 con valore 0 va in q0.;[('simbolo-q0-q1', '#04ed00', 'stroke'), ('simbolo-q1-q2', '#04ed00', 'stroke'), ('simbolo-q4-q0', '#04ed00', 'stroke')];The automaton has 3 transitions: q0 con valore 1 va in q1, q1 con valore 1 va in q2, q4 con valore 0 va in q0.;[('simbolo-q0-q1', '#04ed00', 'stroke'), ('simbolo-q1-q2', '#04ed00', 'stroke'), ('simbolo-q4-q0', '#04ed00', 'stroke')];True;True
279;How many transitions are there ;Uhm how mmm many mmm transitions are eh there ;The automaton has 3 transitions: q0 con valore 1 va in q1, q1 con valore 1 va in q2, q4 con valore 0 va in q0.;[('simbolo-q0-q1', '#04ed00', 'stroke'), ('simbolo-q1-q2', '#04ed00', 'stroke'), ('simbolo-q4-q0', '#04ed00', 'stroke')];The automaton has 3 transitions: q0 con valore 1 va in q1, q1 con valore 1 va in q2, q4 con valore 0 va in q0.;[('simbolo-q0-q1', '#04ed00', 'stroke'), ('simbolo-q1-q2', '#04ed00', 'stroke'), ('simbolo-q4-q0', '#04ed00', 'stroke')];True;True
279;How many transitions are there ;Uhm how uhm many uhm transitions mmm are mmm there ;The automaton has 3 transitions: q0 con valore 1 va in q1, q1 con valore 1 va in q2, q4 con valore 0 va in q0.;[('simbolo-q0-q1', '#04ed00', 'stroke'), ('simbolo-q1-q2', '#04ed00', 'stroke'), ('simbolo-q4-q0', '#04ed00', 'stroke')];The automaton has 3 transitions: q0 con valore 1 va in q1, q1 con valore 1 va in q2, q4 con valore 0 va in q0.;[('simbolo-q0-q1', '#04ed00', 'stroke'), ('simbolo-q1-q2', '#04ed00', 'stroke'), ('simbolo-q4-q0', '#04ed00', 'stroke')];True;True
280;Is there a pattern among the transitions ;Is there uhm a pattern among the transitions ;Potresti essere più specifico?;[];Potresti essere più specifico?;[];True;True
280;Is there a pattern among the transitions ;Uhm is mmm there a pattern among the transitions ;Potresti essere più specifico?;[];Potresti essere più specifico?;[];True;True
280;Is there a pattern among the transitions ;Is there eh a uhm pattern uhm among the transitions ;Potresti essere più specifico?;[];Potresti essere più specifico?;[];True;True
280;Is there a pattern among the transitions ;Uhm is there eh a pattern eh among the uhm transitions ;Potresti essere più specifico?;[];Potresti essere più specifico?;[];True;True
280;Is there a pattern among the transitions ;Mmm is mmm there mmm a pattern eh among the eh transitions ;Potresti essere più specifico?;[];Potresti essere più specifico?;[];True;True
280;Is there a pattern among the transitions ;Eh is mmm there a uhm pattern mmm among uhm the uhm transitions ;Potresti essere più specifico?;[];Potresti essere più specifico?;[];True;True
280;Is there a pattern among the transitions ;Mmm is mmm there uhm a eh pattern mmm among uhm the uhm transitions ;Potresti essere più specifico?;[];Potresti essere più specifico?;[];True;True
281;Is there a transition from q0 to q5 ;Mmm is there a transition from q0 to q5 ;the transition is not defined.;[];the transition is not defined.;[];True;True
281;Is there a transition from q0 to q5 ;Is there uhm a transition from uhm q0 to q5 ;the transition is not defined.;[];the transition is not defined.;[];True;True
281;Is there a transition from q0 to q5 ;Uhm is there mmm a transition from q0 to uhm q5 ;the transition is not defined.;[];the transition is not defined.;[];True;True
281;Is there a transition from q0 to q5 ;Is uhm there a transition mmm from q0 eh to mmm q5 ;the transition is not defined.;[];the transition is not defined.;[];True;True
281;Is there a transition from q0 to q5 ;Uhm is there mmm a eh transition eh from q0 to uhm q5 ;the transition is not defined.;[];the transition is not defined.;[];True;True
281;Is there a transition from q0 to q5 ;Is eh there mmm a eh transition from uhm q0 uhm to uhm q5 ;the transition is not defined.;[];the transition is not defined.;[];True;True
281;Is there a transition from q0 to q5 ;Eh is eh there a mmm transition eh from uhm q0 mmm to uhm q5 ;the transition is not defined.;[];the transition is not defined.;[];True;True
281;Is there a transition from q0 to q5 ;Eh is mmm there mmm a eh transition uhm from uhm q0 uhm to uhm q5 ;the transition is not defined.;[];the transition is not defined.;[];True;True
282;Does the automaton accept a language allowing words made of an odd number of 0s and 1s ;Does the automaton accept a language allowing words made uhm of an odd number of 0s and 1s ;Potresti essere più specifico?;[];Potresti essere più specifico?;[];True;True
282;Does the automaton accept a language allowing words made of an odd number of 0s and 1s ;Does the automaton eh accept a language allowing words made of an odd number of 0s eh and 1s ;Potresti essere più specifico?;[];Potresti essere più specifico?;[];True;True
282;Does the automaton accept a language allowing words made of an odd number of 0s and 1s ;Eh does the automaton accept a language allowing words eh made of an odd uhm number of 0s and 1s ;Potresti essere più specifico?;[];Potresti essere più specifico?;[];True;True
282;Does the automaton accept a language allowing words made of an odd number of 0s and 1s ;Eh does the automaton accept a language allowing words mmm made uhm of an odd number of 0s and uhm 1s ;Potresti essere più specifico?;[];Potresti essere più specifico?;[];True;True
282;Does the automaton accept a language allowing words made of an odd number of 0s and 1s ;Does the automaton mmm accept a language allowing words mmm made mmm of uhm an odd number uhm of 0s and 1s ;Potresti essere più specifico?;[];Potresti essere più specifico?;[];True;True
282;Does the automaton accept a language allowing words made of an odd number of 0s and 1s ;Does the automaton eh accept eh a language allowing words uhm made of eh an odd number uhm of 0s eh and 1s ;Potresti essere più specifico?;[];Potresti essere più specifico?;[];True;True
282;Does the automaton accept a language allowing words made of an odd number of 0s and 1s ;Eh does the automaton eh accept mmm a eh language allowing mmm words mmm made of an mmm odd number of 0s and 1s ;Potresti essere più specifico?;[];Potresti essere più specifico?;[];True;True
282;Does the automaton accept a language allowing words made of an odd number of 0s and 1s ;Does the eh automaton uhm accept a language allowing uhm words made of an mmm odd uhm number uhm of eh 0s and eh 1s ;Potresti essere più specifico?;[];Potresti essere più specifico?;[];True;True
282;Does the automaton accept a language allowing words made of an odd number of 0s and 1s ;Does mmm the automaton eh accept a language uhm allowing words eh made uhm of mmm an odd mmm number eh of eh 0s and 1s ;Potresti essere più specifico?;[];Potresti essere più specifico?;[];True;True
282;Does the automaton accept a language allowing words made of an odd number of 0s and 1s ;Does the eh automaton accept mmm a language allowing words eh made eh of uhm an odd uhm number uhm of eh 0s mmm and uhm 1s ;Potresti essere più specifico?;[];Potresti essere più specifico?;[];True;True
282;Does the automaton accept a language allowing words made of an odd number of 0s and 1s ;Eh does the automaton uhm accept uhm a eh language allowing words uhm made mmm of uhm an eh odd uhm number mmm of 0s and uhm 1s ;Potresti essere più specifico?;[];Potresti essere più specifico?;[];True;True
282;Does the automaton accept a language allowing words made of an odd number of 0s and 1s ;Does eh the eh automaton mmm accept eh a mmm language allowing words eh made eh of an uhm odd eh number uhm of mmm 0s and eh 1s ;Potresti essere più specifico?;[];Potresti essere più specifico?;[];True;True
282;Does the automaton accept a language allowing words made of an odd number of 0s and 1s ;Mmm does uhm the eh automaton uhm accept mmm a mmm language mmm allowing words uhm made eh of uhm an eh odd number uhm of 0s and mmm 1s ;Potresti essere più specifico?;[];Potresti essere più specifico?;[];True;True
282;Does the automaton accept a language allowing words made of an odd number of 0s and 1s ;Does uhm the uhm automaton eh accept a eh language allowing mmm words uhm made uhm of uhm an eh odd mmm number uhm of eh 0s uhm and mmm 1s ;Potresti essere più specifico?;[];The automaton accepts zero or more words formed by a sequence of the type 110. In total there are 4 states: q0, q1, q2 e q4. q0 is both the initial and the final state.Le transizioni sono: q0 with value 1 goes goes q1, q1 with value 1 goes goes q2, q4 with value 0 goes to q0.;[];False;True
282;Does the automaton accept a language allowing words made of an odd number of 0s and 1s ;Eh does mmm the automaton eh accept uhm a mmm language uhm allowing eh words mmm made eh of an mmm odd uhm number uhm of mmm 0s mmm and uhm 1s ;Potresti essere più specifico?;[];Potresti essere più specifico?;[];True;True
282;Does the automaton accept a language allowing words made of an odd number of 0s and 1s ;Uhm does uhm the mmm automaton accept eh a uhm language mmm allowing uhm words uhm made mmm of uhm an uhm odd uhm number uhm of eh 0s uhm and mmm 1s ;Potresti essere più specifico?;[];Potresti essere più specifico?;[];True;True
282;Does the automaton accept a language allowing words made of an odd number of 0s and 1s ;Uhm does mmm the uhm automaton uhm accept mmm a eh language mmm allowing uhm words mmm made uhm of mmm an mmm odd eh number mmm of uhm 0s mmm and mmm 1s ;Potresti essere più specifico?;[];Potresti essere più specifico?;[];True;True
283;Is it possible to repeat transitions ;Is mmm it possible to repeat transitions ;there is no transition between q0 and q0.;[];there is no transition between q0 and q0.;[];True;True
283;Is it possible to repeat transitions ;Is uhm it possible to repeat mmm transitions ;there is no transition between q0 and q0.;[];the transition is not defined.;[];False;True
283;Is it possible to repeat transitions ;Uhm is it possible to mmm repeat uhm transitions ;there is no transition between q0 and q0.;[];there is no transition between q0 and q0.;[];True;True
283;Is it possible to repeat transitions ;Is mmm it possible mmm to mmm repeat eh transitions ;there is no transition between q0 and q0.;[];there is no transition between q0 and q0.;[];True;True
283;Is it possible to repeat transitions ;Mmm is eh it eh possible eh to repeat uhm transitions ;there is no transition between q0 and q0.;[];there is no transition between q0 and q0.;[];True;True
283;Is it possible to repeat transitions ;Eh is mmm it uhm possible uhm to mmm repeat eh transitions ;there is no transition between q0 and q0.;[];there is no transition between q0 and q0.;[];True;True
284;It is possible to find a repetitive pattern in the transitions ;It is possible to find mmm a repetitive pattern in the transitions ;Potresti essere più specifico?;[];Potresti essere più specifico?;[];True;True
284;It is possible to find a repetitive pattern in the transitions ;Mmm it is possible to find a repetitive eh pattern in the transitions ;Potresti essere più specifico?;[];Potresti essere più specifico?;[];True;True
284;It is possible to find a repetitive pattern in the transitions ;Mmm it is possible to find a repetitive mmm pattern in the eh transitions ;Potresti essere più specifico?;[];Potresti essere più specifico?;[];True;True
284;It is possible to find a repetitive pattern in the transitions ;It is possible to find a eh repetitive eh pattern eh in the mmm transitions ;Potresti essere più specifico?;[];Potresti essere più specifico?;[];True;True
284;It is possible to find a repetitive pattern in the transitions ;Mmm it mmm is possible eh to find eh a eh repetitive pattern in the transitions ;Potresti essere più specifico?;[];Potresti essere più specifico?;[];True;True
284;It is possible to find a repetitive pattern in the transitions ;Mmm it is possible eh to mmm find mmm a mmm repetitive uhm pattern in the transitions ;Potresti essere più specifico?;[];Potresti essere più specifico?;[];True;True
284;It is possible to find a repetitive pattern in the transitions ;Uhm it is uhm possible uhm to find eh a repetitive mmm pattern in mmm the uhm transitions ;Potresti essere più specifico?;[];Potresti essere più specifico?;[];True;True
284;It is possible to find a repetitive pattern in the transitions ;Mmm it uhm is eh possible eh to find uhm a repetitive eh pattern in mmm the eh transitions ;Potresti essere più specifico?;[];Potresti essere più specifico?;[];True;True
284;It is possible to find a repetitive pattern in the transitions ;Uhm it uhm is eh possible eh to mmm find uhm a eh repetitive pattern mmm in the eh transitions ;Potresti essere più specifico?;[];Potresti essere più specifico?;[];True;True
284;It is possible to find a repetitive pattern in the transitions ;Mmm it uhm is mmm possible eh to eh find uhm a uhm repetitive pattern uhm in eh the mmm transitions ;Potresti essere più specifico?;[];Potresti essere più specifico?;[];True;True
284;It is possible to find a repetitive pattern in the transitions ;Uhm it mmm is mmm possible mmm to uhm find mmm a eh repetitive uhm pattern mmm in eh the uhm transitions ;Potresti essere più specifico?;[];Potresti essere più specifico?;[];True;True
285;describe it;Mmm describe it ;The automaton has 4 states: q0, q1, q2 e q4.;[('simbolo-q0', '#04ed00', 'stroke'), ('simbolo-q1', '#04ed00', 'stroke'), ('simbolo-q2', '#04ed00', 'stroke'), ('simbolo-q4', '#04ed00', 'stroke')];Potresti essere più specifico?;[];False;False
285;describe it;Mmm describe mmm it ;The automaton has 4 states: q0, q1, q2 e q4.;[('simbolo-q0', '#04ed00', 'stroke'), ('simbolo-q1', '#04ed00', 'stroke'), ('simbolo-q2', '#04ed00', 'stroke'), ('simbolo-q4', '#04ed00', 'stroke')];Potresti essere più specifico?;[];False;False
286;arcs between q4 and q0;Arcs mmm between q4 and q0 ;The transition between q4 and q0 is with value 0.;[('simbolo-q4-q0', '#04ed00', 'stroke')];The transition between q4 and q0 is with value 0.;[('simbolo-q4-q0', '#04ed00', 'stroke')];True;True
286;arcs between q4 and q0;Arcs uhm between q4 and mmm q0 ;The transition between q4 and q0 is with value 0.;[('simbolo-q4-q0', '#04ed00', 'stroke')];the transition is not defined.;[];False;False
286;arcs between q4 and q0;Arcs mmm between mmm q4 eh and q0 ;The transition between q4 and q0 is with value 0.;[('simbolo-q4-q0', '#04ed00', 'stroke')];The transition between q4 and q0 is with value 0.;[('simbolo-q4-q0', '#04ed00', 'stroke')];True;True
286;arcs between q4 and q0;Mmm arcs mmm between q4 eh and mmm q0 ;The transition between q4 and q0 is with value 0.;[('simbolo-q4-q0', '#04ed00', 'stroke')];The transition between q4 and q0 is with value 0.;[('simbolo-q4-q0', '#04ed00', 'stroke')];True;True
286;arcs between q4 and q0;Eh arcs mmm between eh q4 mmm and uhm q0 ;The transition between q4 and q0 is with value 0.;[('simbolo-q4-q0', '#04ed00', 'stroke')];The transition between q4 and q0 is with value 0.;[('simbolo-q4-q0', '#04ed00', 'stroke')];True;True
287;arcs from q4;Arcs from uhm q4 ;there is no transition between q0 and q0.;[];the transition is not defined.;[];False;True
287;arcs from q4;Arcs eh from mmm q4 ;there is no transition between q0 and q0.;[];there is no transition between q0 and q0.;[];True;True
287;arcs from q4;Uhm arcs uhm from eh q4 ;there is no transition between q0 and q0.;[];the transition is not defined.;[];False;True
288;final states;Final mmm states ;The final state is q0.;[('simbolo-q0', '#04ed00', 'stroke')];The final state is q0.;[('simbolo-q0', '#04ed00', 'stroke')];True;True
288;final states;Uhm final eh states ;The final state is q0.;[('simbolo-q0', '#04ed00', 'stroke')];The final state is q0.;[('simbolo-q0', '#04ed00', 'stroke')];True;True
289;which are the final states ;Mmm which are the final states ;The final state is q0.;[('simbolo-q0', '#04ed00', 'stroke')];The final state is q0.;[('simbolo-q0', '#04ed00', 'stroke')];True;True
289;which are the final states ;Which mmm are mmm the final states ;The final state is q0.;[('simbolo-q0', '#04ed00', 'stroke')];The final state is q0.;[('simbolo-q0', '#04ed00', 'stroke')];True;True
289;which are the final states ;Mmm which uhm are the uhm final states ;The final state is q0.;[('simbolo-q0', '#04ed00', 'stroke')];The final state is q0.;[('simbolo-q0', '#04ed00', 'stroke')];True;True
289;which are the final states ;Which eh are mmm the uhm final uhm states ;The final state is q0.;[('simbolo-q0', '#04ed00', 'stroke')];The final state is q0.;[('simbolo-q0', '#04ed00', 'stroke')];True;True
289;which are the final states ;Eh which mmm are eh the uhm final mmm states ;The final state is q0.;[('simbolo-q0', '#04ed00', 'stroke')];The final state is q0.;[('simbolo-q0', '#04ed00', 'stroke')];True;True
290;which is initial state;Which eh is initial state ;The initial state is q0.;[('simbolo-q0', '#04ed00', 'stroke')];The initial state is q0.;[('simbolo-q0', '#04ed00', 'stroke')];True;True
290;which is initial state;Eh which mmm is initial state ;The initial state is q0.;[('simbolo-q0', '#04ed00', 'stroke')];The initial state is q0.;[('simbolo-q0', '#04ed00', 'stroke')];True;True
290;which is initial state;Mmm which uhm is initial eh state ;The initial state is q0.;[('simbolo-q0', '#04ed00', 'stroke')];The initial state is q0.;[('simbolo-q0', '#04ed00', 'stroke')];True;True
290;which is initial state;Eh which eh is eh initial mmm state ;The initial state is q0.;[('simbolo-q0', '#04ed00', 'stroke')];The initial state is q0.;[('simbolo-q0', '#04ed00', 'stroke')];True;True
291;which is final state;Which eh is final state ;The final state is q0.;[('simbolo-q0', '#04ed00', 'stroke')];The automaton has 4 states: q0, q1, q2 e q4.;[('simbolo-q0', '#04ed00', 'stroke'), ('simbolo-q1', '#04ed00', 'stroke'), ('simbolo-q2', '#04ed00', 'stroke'), ('simbolo-q4', '#04ed00', 'stroke')];False;False
291;which is final state;Which uhm is final mmm state ;The final state is q0.;[('simbolo-q0', '#04ed00', 'stroke')];The final state is q0.;[('simbolo-q0', '#04ed00', 'stroke')];True;True
291;which is final state;Mmm which uhm is eh final state ;The final state is q0.;[('simbolo-q0', '#04ed00', 'stroke')];The final state is q0.;[('simbolo-q0', '#04ed00', 'stroke')];True;True
291;which is final state;Uhm which mmm is eh final uhm state ;The final state is q0.;[('simbolo-q0', '#04ed00', 'stroke')];The final state is q0.;[('simbolo-q0', '#04ed00', 'stroke')];True;True
292;final state;Eh final state ;The final state is q0.;[('simbolo-q0', '#04ed00', 'stroke')];The final state is q0.;[('simbolo-q0', '#04ed00', 'stroke')];True;True
292;final state;Eh final mmm state ;The final state is q0.;[('simbolo-q0', '#04ed00', 'stroke')];The final state is q0.;[('simbolo-q0', '#04ed00', 'stroke')];True;True
293; final states;Final mmm states ;The final state is q0.;[('simbolo-q0', '#04ed00', 'stroke')];The final state is q0.;[('simbolo-q0', '#04ed00', 'stroke')];True;True
293; final states;Mmm final eh states ;The final state is q0.;[('simbolo-q0', '#04ed00', 'stroke')];The final state is q0.;[('simbolo-q0', '#04ed00', 'stroke')];True;True
294;arc from q2 to q1;Arc from q2 mmm to q1 ;there is no transition between q2 and q1.;[];there is no transition between q2 and q1.;[];True;True
294;arc from q2 to q1;Arc from eh q2 eh to q1 ;there is no transition between q2 and q1.;[];there is no transition between q2 and q1.;[];True;True
294;arc from q2 to q1;Eh arc from mmm q2 to mmm q1 ;there is no transition between q2 and q1.;[];the transition is not defined.;[];False;True
294;arc from q2 to q1;Eh arc mmm from q2 mmm to uhm q1 ;there is no transition between q2 and q1.;[];there is no transition between q2 and q1.;[];True;True
294;arc from q2 to q1;Eh arc uhm from eh q2 eh to mmm q1 ;there is no transition between q2 and q1.;[];there is no transition between q2 and q1.;[];True;True
295;label from q3 to q4;Label from q3 mmm to q4 ;The transition between q3 and q4 is with value 0.;[('simbolo-q3-q4', '#04ed00', 'stroke')];The transition between q3 and q4 is with value 0.;[('simbolo-q3-q4', '#04ed00', 'stroke')];True;True
295;label from q3 to q4;Label from q3 mmm to uhm q4 ;The transition between q3 and q4 is with value 0.;[('simbolo-q3-q4', '#04ed00', 'stroke')];The transition between q3 and q4 is with value 0.;[('simbolo-q3-q4', '#04ed00', 'stroke')];True;True
295;label from q3 to q4;Eh label mmm from q3 to mmm q4 ;The transition between q3 and q4 is with value 0.;[('simbolo-q3-q4', '#04ed00', 'stroke')];The transition between q3 and q4 is with value 0.;[('simbolo-q3-q4', '#04ed00', 'stroke')];True;True
295;label from q3 to q4;Uhm label uhm from uhm q3 mmm to q4 ;The transition between q3 and q4 is with value 0.;[('simbolo-q3-q4', '#04ed00', 'stroke')];Potresti essere più specifico?;[];False;False
295;label from q3 to q4;Eh label eh from mmm q3 mmm to mmm q4 ;The transition between q3 and q4 is with value 0.;[('simbolo-q3-q4', '#04ed00', 'stroke')];there is no transition between q0 and q0.;[];False;False
296;how many arcs;Eh how many arcs ;The automaton has 3 transitions: q0 con valore 1 va in q1, q1 con valore 1 va in q2, q4 con valore 0 va in q0.;[('simbolo-q0-q1', '#04ed00', 'stroke'), ('simbolo-q1-q2', '#04ed00', 'stroke'), ('simbolo-q4-q0', '#04ed00', 'stroke')];The automaton has 3 transitions: q0 con valore 1 va in q1, q1 con valore 1 va in q2, q4 con valore 0 va in q0.;[('simbolo-q0-q1', '#04ed00', 'stroke'), ('simbolo-q1-q2', '#04ed00', 'stroke'), ('simbolo-q4-q0', '#04ed00', 'stroke')];True;True
296;how many arcs;How eh many eh arcs ;The automaton has 3 transitions: q0 con valore 1 va in q1, q1 con valore 1 va in q2, q4 con valore 0 va in q0.;[('simbolo-q0-q1', '#04ed00', 'stroke'), ('simbolo-q1-q2', '#04ed00', 'stroke'), ('simbolo-q4-q0', '#04ed00', 'stroke')];The automaton has 3 transitions: q0 con valore 1 va in q1, q1 con valore 1 va in q2, q4 con valore 0 va in q0.;[('simbolo-q0-q1', '#04ed00', 'stroke'), ('simbolo-q1-q2', '#04ed00', 'stroke'), ('simbolo-q4-q0', '#04ed00', 'stroke')];True;True
296;how many arcs;Eh how eh many mmm arcs ;The automaton has 3 transitions: q0 con valore 1 va in q1, q1 con valore 1 va in q2, q4 con valore 0 va in q0.;[('simbolo-q0-q1', '#04ed00', 'stroke'), ('simbolo-q1-q2', '#04ed00', 'stroke'), ('simbolo-q4-q0', '#04ed00', 'stroke')];The automaton has 3 transitions: q0 con valore 1 va in q1, q1 con valore 1 va in q2, q4 con valore 0 va in q0.;[('simbolo-q0-q1', '#04ed00', 'stroke'), ('simbolo-q1-q2', '#04ed00', 'stroke'), ('simbolo-q4-q0', '#04ed00', 'stroke')];True;True
297;pattern among arcs;Pattern among eh arcs ;Potresti essere più specifico?;[];Potresti essere più specifico?;[];True;True
297;pattern among arcs;Uhm pattern eh among arcs ;Potresti essere più specifico?;[];Potresti essere più specifico?;[];True;True
297;pattern among arcs;Uhm pattern mmm among eh arcs ;Potresti essere più specifico?;[];Potresti essere più specifico?;[];True;True
298;describe ;Uhm describe ;The state q0 exists.;[('simbolo-q0', '#04ed00', 'stroke')];Potresti essere più specifico?;[];False;False
299;arc from q2;Arc from uhm q2 ;there is no transition between q0 and q0.;[];the transition is not defined.;[];False;True
299;arc from q2;Arc eh from mmm q2 ;there is no transition between q0 and q0.;[];the transition is not defined.;[];False;True
299;arc from q2;Mmm arc eh from eh q2 ;there is no transition between q0 and q0.;[];there is no transition between q0 and q0.;[];True;True
300;transition from q3;Transition uhm from q3 ;there is no transition between q0 and q0.;[];the transition is not defined.;[];False;True
300;transition from q3;Transition uhm from uhm q3 ;there is no transition between q0 and q0.;[];the transition is not defined.;[];False;True
300;transition from q3;Uhm transition mmm from uhm q3 ;there is no transition between q0 and q0.;[];the transition is not defined.;[];False;True
301;how many transitions;How eh many transitions ;The automaton has 3 transitions: q0 con valore 1 va in q1, q1 con valore 1 va in q2, q4 con valore 0 va in q0.;[('simbolo-q0-q1', '#04ed00', 'stroke'), ('simbolo-q1-q2', '#04ed00', 'stroke'), ('simbolo-q4-q0', '#04ed00', 'stroke')];The automaton has 3 transitions: q0 con valore 1 va in q1, q1 con valore 1 va in q2, q4 con valore 0 va in q0.;[('simbolo-q0-q1', '#04ed00', 'stroke'), ('simbolo-q1-q2', '#04ed00', 'stroke'), ('simbolo-q4-q0', '#04ed00', 'stroke')];True;True
301;how many transitions;How uhm many mmm transitions ;The automaton has 3 transitions: q0 con valore 1 va in q1, q1 con valore 1 va in q2, q4 con valore 0 va in q0.;[('simbolo-q0-q1', '#04ed00', 'stroke'), ('simbolo-q1-q2', '#04ed00', 'stroke'), ('simbolo-q4-q0', '#04ed00', 'stroke')];The automaton has 3 transitions: q0 con valore 1 va in q1, q1 con valore 1 va in q2, q4 con valore 0 va in q0.;[('simbolo-q0-q1', '#04ed00', 'stroke'), ('simbolo-q1-q2', '#04ed00', 'stroke'), ('simbolo-q4-q0', '#04ed00', 'stroke')];True;True
301;how many transitions;Uhm how mmm many uhm transitions ;The automaton has 3 transitions: q0 con valore 1 va in q1, q1 con valore 1 va in q2, q4 con valore 0 va in q0.;[('simbolo-q0-q1', '#04ed00', 'stroke'), ('simbolo-q1-q2', '#04ed00', 'stroke'), ('simbolo-q4-q0', '#04ed00', 'stroke')];The automaton has 3 transitions: q0 con valore 1 va in q1, q1 con valore 1 va in q2, q4 con valore 0 va in q0.;[('simbolo-q0-q1', '#04ed00', 'stroke'), ('simbolo-q1-q2', '#04ed00', 'stroke'), ('simbolo-q4-q0', '#04ed00', 'stroke')];True;True
302;how many states are there ;How many eh states are there ;This automaton has 4 states;[('simbolo-q0', '#04ed00', 'stroke'), ('simbolo-q1', '#04ed00', 'stroke'), ('simbolo-q2', '#04ed00', 'stroke'), ('simbolo-q4', '#04ed00', 'stroke')];This automaton has 4 states;[('simbolo-q0', '#04ed00', 'stroke'), ('simbolo-q1', '#04ed00', 'stroke'), ('simbolo-q2', '#04ed00', 'stroke'), ('simbolo-q4', '#04ed00', 'stroke')];True;True
302;how many states are there ;How uhm many uhm states are there ;This automaton has 4 states;[('simbolo-q0', '#04ed00', 'stroke'), ('simbolo-q1', '#04ed00', 'stroke'), ('simbolo-q2', '#04ed00', 'stroke'), ('simbolo-q4', '#04ed00', 'stroke')];This automaton has 4 states;[('simbolo-q0', '#04ed00', 'stroke'), ('simbolo-q1', '#04ed00', 'stroke'), ('simbolo-q2', '#04ed00', 'stroke'), ('simbolo-q4', '#04ed00', 'stroke')];True;True
302;how many states are there ;Uhm how many states mmm are uhm there ;This automaton has 4 states;[('simbolo-q0', '#04ed00', 'stroke'), ('simbolo-q1', '#04ed00', 'stroke'), ('simbolo-q2', '#04ed00', 'stroke'), ('simbolo-q4', '#04ed00', 'stroke')];This automaton has 4 states;[('simbolo-q0', '#04ed00', 'stroke'), ('simbolo-q1', '#04ed00', 'stroke'), ('simbolo-q2', '#04ed00', 'stroke'), ('simbolo-q4', '#04ed00', 'stroke')];True;True
302;how many states are there ;Mmm how uhm many eh states are uhm there ;This automaton has 4 states;[('simbolo-q0', '#04ed00', 'stroke'), ('simbolo-q1', '#04ed00', 'stroke'), ('simbolo-q2', '#04ed00', 'stroke'), ('simbolo-q4', '#04ed00', 'stroke')];This automaton has 4 states;[('simbolo-q0', '#04ed00', 'stroke'), ('simbolo-q1', '#04ed00', 'stroke'), ('simbolo-q2', '#04ed00', 'stroke'), ('simbolo-q4', '#04ed00', 'stroke')];True;True
302;how many states are there ;Uhm how uhm many mmm states mmm are uhm there ;This automaton has 4 states;[('simbolo-q0', '#04ed00', 'stroke'), ('simbolo-q1', '#04ed00', 'stroke'), ('simbolo-q2', '#04ed00', 'stroke'), ('simbolo-q4', '#04ed00', 'stroke')];This automaton has 4 states;[('simbolo-q0', '#04ed00', 'stroke'), ('simbolo-q1', '#04ed00', 'stroke'), ('simbolo-q2', '#04ed00', 'stroke'), ('simbolo-q4', '#04ed00', 'stroke')];True;True
303;which are the states connected with 0 ;Which are the states connected with mmm 0 ;The state q0 exists.;[('simbolo-q0', '#04ed00', 'stroke')];The state q0 exists.;[('simbolo-q0', '#04ed00', 'stroke')];True;True
303;which are the states connected with 0 ;Which are the mmm states connected uhm with 0 ;The state q0 exists.;[('simbolo-q0', '#04ed00', 'stroke')];The state q0 exists.;[('simbolo-q0', '#04ed00', 'stroke')];True;True
303;which are the states connected with 0 ;Mmm which uhm are the states mmm connected with 0 ;The state q0 exists.;[('simbolo-q0', '#04ed00', 'stroke')];The state q0 exists.;[('simbolo-q0', '#04ed00', 'stroke')];True;True
303;which are the states connected with 0 ;Eh which eh are the mmm states uhm connected with 0 ;The state q0 exists.;[('simbolo-q0', '#04ed00', 'stroke')];The state q0 exists.;[('simbolo-q0', '#04ed00', 'stroke')];True;True
303;which are the states connected with 0 ;Uhm which mmm are the states eh connected mmm with eh 0 ;The state q0 exists.;[('simbolo-q0', '#04ed00', 'stroke')];The state q0 exists.;[('simbolo-q0', '#04ed00', 'stroke')];True;True
303;which are the states connected with 0 ;Uhm which are uhm the eh states mmm connected uhm with eh 0 ;The state q0 exists.;[('simbolo-q0', '#04ed00', 'stroke')];The state q0 exists.;[('simbolo-q0', '#04ed00', 'stroke')];True;True
303;which are the states connected with 0 ;Uhm which eh are mmm the uhm states uhm connected uhm with mmm 0 ;The state q0 exists.;[('simbolo-q0', '#04ed00', 'stroke')];The state q0 exists.;[('simbolo-q0', '#04ed00', 'stroke')];True;True
304;what arcs are marked with 0 ;What arcs mmm are marked with 0 ;there is no transition between q0 and q0.;[];the transition is not defined.;[];False;True
304;what arcs are marked with 0 ;Eh what eh arcs are marked with 0 ;there is no transition between q0 and q0.;[];the transition is not defined.;[];False;True
304;what arcs are marked with 0 ;Uhm what arcs mmm are eh marked with 0 ;there is no transition between q0 and q0.;[];the transition is not defined.;[];False;True
304;what arcs are marked with 0 ;Uhm what uhm arcs are eh marked with mmm 0 ;there is no transition between q0 and q0.;[];the transition is not defined.;[];False;True
304;what arcs are marked with 0 ;Eh what mmm arcs eh are mmm marked uhm with 0 ;there is no transition between q0 and q0.;[];the transition is not defined.;[];False;True
304;what arcs are marked with 0 ;Mmm what uhm arcs eh are mmm marked mmm with mmm 0 ;there is no transition between q0 and q0.;[];the transition is not defined.;[];False;True
305;what are the arcs ;Uhm what are the arcs ;there is no transition between q0 and q0.;[];there is no transition between q0 and q0.;[];True;True
305;what are the arcs ;Uhm what are eh the arcs ;there is no transition between q0 and q0.;[];there is no transition between q0 and q0.;[];True;True
305;what are the arcs ;Eh what uhm are the eh arcs ;there is no transition between q0 and q0.;[];there is no transition between q0 and q0.;[];True;True
305;what are the arcs ;Mmm what eh are mmm the eh arcs ;there is no transition between q0 and q0.;[];there is no transition between q0 and q0.;[];True;True
306;overview of the automaton;Overview of mmm the automaton ;The automaton accepts zero or more words formed by a sequence of the type 110. In total there are 4 states: q0, q1, q2 e q4. q0 is both the initial and the final state.Le transizioni sono: q0 with value 1 goes goes q1, q1 with value 1 goes goes q2, q4 with value 0 goes to q0.;[];The automaton accepts zero or more words formed by a sequence of the type 110. In total there are 4 states: q0, q1, q2 e q4. q0 is both the initial and the final state.Le transizioni sono: q0 with value 1 goes goes q1, q1 with value 1 goes goes q2, q4 with value 0 goes to q0.;[];True;True
306;overview of the automaton;Eh overview of uhm the automaton ;The automaton accepts zero or more words formed by a sequence of the type 110. In total there are 4 states: q0, q1, q2 e q4. q0 is both the initial and the final state.Le transizioni sono: q0 with value 1 goes goes q1, q1 with value 1 goes goes q2, q4 with value 0 goes to q0.;[];The automaton accepts zero or more words formed by a sequence of the type 110. In total there are 4 states: q0, q1, q2 e q4. q0 is both the initial and the final state.Le transizioni sono: q0 with value 1 goes goes q1, q1 with value 1 goes goes q2, q4 with value 0 goes to q0.;[];True;True
306;overview of the automaton;Uhm overview mmm of eh the automaton ;The automaton accepts zero or more words formed by a sequence of the type 110. In total there are 4 states: q0, q1, q2 e q4. q0 is both the initial and the final state.Le transizioni sono: q0 with value 1 goes goes q1, q1 with value 1 goes goes q2, q4 with value 0 goes to q0.;[];The automaton accepts zero or more words formed by a sequence of the type 110. In total there are 4 states: q0, q1, q2 e q4. q0 is both the initial and the final state.Le transizioni sono: q0 with value 1 goes goes q1, q1 with value 1 goes goes q2, q4 with value 0 goes to q0.;[];True;True
306;overview of the automaton;Eh overview uhm of eh the eh automaton ;The automaton accepts zero or more words formed by a sequence of the type 110. In total there are 4 states: q0, q1, q2 e q4. q0 is both the initial and the final state.Le transizioni sono: q0 with value 1 goes goes q1, q1 with value 1 goes goes q2, q4 with value 0 goes to q0.;[];The automaton accepts zero or more words formed by a sequence of the type 110. In total there are 4 states: q0, q1, q2 e q4. q0 is both the initial and the final state.Le transizioni sono: q0 with value 1 goes goes q1, q1 with value 1 goes goes q2, q4 with value 0 goes to q0.;[];True;True
307;overview of the automaton;Overview of the mmm automaton ;The automaton accepts zero or more words formed by a sequence of the type 110. In total there are 4 states: q0, q1, q2 e q4. q0 is both the initial and the final state.Le transizioni sono: q0 with value 1 goes goes q1, q1 with value 1 goes goes q2, q4 with value 0 goes to q0.;[];The automaton accepts zero or more words formed by a sequence of the type 110. In total there are 4 states: q0, q1, q2 e q4. q0 is both the initial and the final state.Le transizioni sono: q0 with value 1 goes goes q1, q1 with value 1 goes goes q2, q4 with value 0 goes to q0.;[];True;True
307;overview of the automaton;Overview uhm of the mmm automaton ;The automaton accepts zero or more words formed by a sequence of the type 110. In total there are 4 states: q0, q1, q2 e q4. q0 is both the initial and the final state.Le transizioni sono: q0 with value 1 goes goes q1, q1 with value 1 goes goes q2, q4 with value 0 goes to q0.;[];The automaton accepts zero or more words formed by a sequence of the type 110. In total there are 4 states: q0, q1, q2 e q4. q0 is both the initial and the final state.Le transizioni sono: q0 with value 1 goes goes q1, q1 with value 1 goes goes q2, q4 with value 0 goes to q0.;[];True;True
307;overview of the automaton;Eh overview of mmm the eh automaton ;The automaton accepts zero or more words formed by a sequence of the type 110. In total there are 4 states: q0, q1, q2 e q4. q0 is both the initial and the final state.Le transizioni sono: q0 with value 1 goes goes q1, q1 with value 1 goes goes q2, q4 with value 0 goes to q0.;[];The automaton accepts zero or more words formed by a sequence of the type 110. In total there are 4 states: q0, q1, q2 e q4. q0 is both the initial and the final state.Le transizioni sono: q0 with value 1 goes goes q1, q1 with value 1 goes goes q2, q4 with value 0 goes to q0.;[];True;True
307;overview of the automaton;Uhm overview eh of eh the eh automaton ;The automaton accepts zero or more words formed by a sequence of the type 110. In total there are 4 states: q0, q1, q2 e q4. q0 is both the initial and the final state.Le transizioni sono: q0 with value 1 goes goes q1, q1 with value 1 goes goes q2, q4 with value 0 goes to q0.;[];The automaton accepts zero or more words formed by a sequence of the type 110. In total there are 4 states: q0, q1, q2 e q4. q0 is both the initial and the final state.Le transizioni sono: q0 with value 1 goes goes q1, q1 with value 1 goes goes q2, q4 with value 0 goes to q0.;[];True;True
308; how is the automaton ;How is uhm the automaton ;The automaton accepts zero or more words formed by a sequence of the type 110. In total there are 4 states: q0, q1, q2 e q4. q0 is both the initial and the final state.Le transizioni sono: q0 with value 1 goes goes q1, q1 with value 1 goes goes q2, q4 with value 0 goes to q0.;[];The automaton accepts zero or more words formed by a sequence of the type 110. In total there are 4 states: q0, q1, q2 e q4. q0 is both the initial and the final state.Le transizioni sono: q0 with value 1 goes goes q1, q1 with value 1 goes goes q2, q4 with value 0 goes to q0.;[];True;True
308; how is the automaton ;How uhm is uhm the automaton ;The automaton accepts zero or more words formed by a sequence of the type 110. In total there are 4 states: q0, q1, q2 e q4. q0 is both the initial and the final state.Le transizioni sono: q0 with value 1 goes goes q1, q1 with value 1 goes goes q2, q4 with value 0 goes to q0.;[];The automaton accepts zero or more words formed by a sequence of the type 110. In total there are 4 states: q0, q1, q2 e q4. q0 is both the initial and the final state.Le transizioni sono: q0 with value 1 goes goes q1, q1 with value 1 goes goes q2, q4 with value 0 goes to q0.;[];True;True
308; how is the automaton ;Mmm how eh is eh the automaton ;The automaton accepts zero or more words formed by a sequence of the type 110. In total there are 4 states: q0, q1, q2 e q4. q0 is both the initial and the final state.Le transizioni sono: q0 with value 1 goes goes q1, q1 with value 1 goes goes q2, q4 with value 0 goes to q0.;[];The automaton accepts zero or more words formed by a sequence of the type 110. In total there are 4 states: q0, q1, q2 e q4. q0 is both the initial and the final state.Le transizioni sono: q0 with value 1 goes goes q1, q1 with value 1 goes goes q2, q4 with value 0 goes to q0.;[];True;True
308; how is the automaton ;Uhm how eh is uhm the eh automaton ;The automaton accepts zero or more words formed by a sequence of the type 110. In total there are 4 states: q0, q1, q2 e q4. q0 is both the initial and the final state.Le transizioni sono: q0 with value 1 goes goes q1, q1 with value 1 goes goes q2, q4 with value 0 goes to q0.;[];The automaton accepts zero or more words formed by a sequence of the type 110. In total there are 4 states: q0, q1, q2 e q4. q0 is both the initial and the final state.Le transizioni sono: q0 with value 1 goes goes q1, q1 with value 1 goes goes q2, q4 with value 0 goes to q0.;[];True;True
309;how many 0 art here ;How many 0 art uhm here ;Potresti essere più specifico?;[];Potresti essere più specifico?;[];True;True
309;how many 0 art here ;Uhm how many uhm 0 art here ;Potresti essere più specifico?;[];The automaton has 3 transitions: q0 con valore 1 va in q1, q1 con valore 1 va in q2, q4 con valore 0 va in q0.;[('simbolo-q0-q1', '#04ed00', 'stroke'), ('simbolo-q1-q2', '#04ed00', 'stroke'), ('simbolo-q4-q0', '#04ed00', 'stroke')];False;False
309;how many 0 art here ;Uhm how uhm many uhm 0 art here ;Potresti essere più specifico?;[];Potresti essere più specifico?;[];True;True
309;how many 0 art here ;Eh how uhm many eh 0 art uhm here ;Potresti essere più specifico?;[];Potresti essere più specifico?;[];True;True
309;how many 0 art here ;Eh how mmm many eh 0 uhm art eh here ;Potresti essere più specifico?;[];Potresti essere più specifico?;[];True;True
310;how many arcs marked by 1 are there ;How many arcs marked by 1 eh are there ;The automaton has 3 transitions: q0 con valore 1 va in q1, q1 con valore 1 va in q2, q4 con valore 0 va in q0.;[('simbolo-q0-q1', '#04ed00', 'stroke'), ('simbolo-q1-q2', '#04ed00', 'stroke'), ('simbolo-q4-q0', '#04ed00', 'stroke')];the transition is not defined.;[];False;False
310;how many arcs marked by 1 are there ;Eh how many arcs marked eh by 1 are there ;The automaton has 3 transitions: q0 con valore 1 va in q1, q1 con valore 1 va in q2, q4 con valore 0 va in q0.;[('simbolo-q0-q1', '#04ed00', 'stroke'), ('simbolo-q1-q2', '#04ed00', 'stroke'), ('simbolo-q4-q0', '#04ed00', 'stroke')];The automaton has 3 transitions: q0 con valore 1 va in q1, q1 con valore 1 va in q2, q4 con valore 0 va in q0.;[('simbolo-q0-q1', '#04ed00', 'stroke'), ('simbolo-q1-q2', '#04ed00', 'stroke'), ('simbolo-q4-q0', '#04ed00', 'stroke')];True;True
310;how many arcs marked by 1 are there ;How many arcs mmm marked by eh 1 are eh there ;The automaton has 3 transitions: q0 con valore 1 va in q1, q1 con valore 1 va in q2, q4 con valore 0 va in q0.;[('simbolo-q0-q1', '#04ed00', 'stroke'), ('simbolo-q1-q2', '#04ed00', 'stroke'), ('simbolo-q4-q0', '#04ed00', 'stroke')];the transition is not defined.;[];False;False
310;how many arcs marked by 1 are there ;Mmm how eh many arcs marked by 1 eh are eh there ;The automaton has 3 transitions: q0 con valore 1 va in q1, q1 con valore 1 va in q2, q4 con valore 0 va in q0.;[('simbolo-q0-q1', '#04ed00', 'stroke'), ('simbolo-q1-q2', '#04ed00', 'stroke'), ('simbolo-q4-q0', '#04ed00', 'stroke')];The automaton has 3 transitions: q0 con valore 1 va in q1, q1 con valore 1 va in q2, q4 con valore 0 va in q0.;[('simbolo-q0-q1', '#04ed00', 'stroke'), ('simbolo-q1-q2', '#04ed00', 'stroke'), ('simbolo-q4-q0', '#04ed00', 'stroke')];True;True
310;how many arcs marked by 1 are there ;Mmm how mmm many eh arcs marked eh by 1 uhm are there ;The automaton has 3 transitions: q0 con valore 1 va in q1, q1 con valore 1 va in q2, q4 con valore 0 va in q0.;[('simbolo-q0-q1', '#04ed00', 'stroke'), ('simbolo-q1-q2', '#04ed00', 'stroke'), ('simbolo-q4-q0', '#04ed00', 'stroke')];The automaton has 3 transitions: q0 con valore 1 va in q1, q1 con valore 1 va in q2, q4 con valore 0 va in q0.;[('simbolo-q0-q1', '#04ed00', 'stroke'), ('simbolo-q1-q2', '#04ed00', 'stroke'), ('simbolo-q4-q0', '#04ed00', 'stroke')];True;True
310;how many arcs marked by 1 are there ;Eh how uhm many arcs mmm marked uhm by eh 1 are uhm there ;The automaton has 3 transitions: q0 con valore 1 va in q1, q1 con valore 1 va in q2, q4 con valore 0 va in q0.;[('simbolo-q0-q1', '#04ed00', 'stroke'), ('simbolo-q1-q2', '#04ed00', 'stroke'), ('simbolo-q4-q0', '#04ed00', 'stroke')];The automaton has 3 transitions: q0 con valore 1 va in q1, q1 con valore 1 va in q2, q4 con valore 0 va in q0.;[('simbolo-q0-q1', '#04ed00', 'stroke'), ('simbolo-q1-q2', '#04ed00', 'stroke'), ('simbolo-q4-q0', '#04ed00', 'stroke')];True;True
310;how many arcs marked by 1 are there ;Mmm how many eh arcs eh marked mmm by uhm 1 mmm are eh there ;The automaton has 3 transitions: q0 con valore 1 va in q1, q1 con valore 1 va in q2, q4 con valore 0 va in q0.;[('simbolo-q0-q1', '#04ed00', 'stroke'), ('simbolo-q1-q2', '#04ed00', 'stroke'), ('simbolo-q4-q0', '#04ed00', 'stroke')];the transition is not defined.;[];False;False
310;how many arcs marked by 1 are there ;Uhm how eh many eh arcs uhm marked mmm by uhm 1 mmm are uhm there ;The automaton has 3 transitions: q0 con valore 1 va in q1, q1 con valore 1 va in q2, q4 con valore 0 va in q0.;[('simbolo-q0-q1', '#04ed00', 'stroke'), ('simbolo-q1-q2', '#04ed00', 'stroke'), ('simbolo-q4-q0', '#04ed00', 'stroke')];The automaton has 3 transitions: q0 con valore 1 va in q1, q1 con valore 1 va in q2, q4 con valore 0 va in q0.;[('simbolo-q0-q1', '#04ed00', 'stroke'), ('simbolo-q1-q2', '#04ed00', 'stroke'), ('simbolo-q4-q0', '#04ed00', 'stroke')];True;True
311;what are the patterns;Mmm what are the patterns ;Potresti essere più specifico?;[];Potresti essere più specifico?;[];True;True
311;what are the patterns;Mmm what are mmm the patterns ;Potresti essere più specifico?;[];Potresti essere più specifico?;[];True;True
311;what are the patterns;Uhm what uhm are the mmm patterns ;Potresti essere più specifico?;[];Potresti essere più specifico?;[];True;True
311;what are the patterns;Uhm what eh are uhm the uhm patterns ;Potresti essere più specifico?;[];Potresti essere più specifico?;[];True;True
312;what are the patterns ;What are mmm the patterns ;Potresti essere più specifico?;[];Potresti essere più specifico?;[];True;True
312;what are the patterns ;What uhm are eh the patterns ;Potresti essere più specifico?;[];Potresti essere più specifico?;[];True;True
312;what are the patterns ;Uhm what are eh the mmm patterns ;Potresti essere più specifico?;[];Potresti essere più specifico?;[];True;True
312;what are the patterns ;Eh what uhm are eh the mmm patterns ;Potresti essere più specifico?;[];Potresti essere più specifico?;[];True;True
313;patterns among arc;Uhm patterns among arc ;Potresti essere più specifico?;[];Potresti essere più specifico?;[];True;True
313;patterns among arc;Mmm patterns among eh arc ;Potresti essere più specifico?;[];Potresti essere più specifico?;[];True;True
313;patterns among arc;Mmm patterns mmm among mmm arc ;Potresti essere più specifico?;[];Potresti essere più specifico?;[];True;True
314;patterns among arcs;Uhm patterns among arcs ;Potresti essere più specifico?;[];Potresti essere più specifico?;[];True;True
314;patterns among arcs;Mmm patterns among uhm arcs ;Potresti essere più specifico?;[];Potresti essere più specifico?;[];True;True
314;patterns among arcs;Mmm patterns eh among eh arcs ;Potresti essere più specifico?;[];Potresti essere più specifico?;[];True;True
315;describe the shape of the automaton;Uhm describe the shape of the automaton ;The automaton accepts zero or more words formed by a sequence of the type 110. In total there are 4 states: q0, q1, q2 e q4. q0 is both the initial and the final state.Le transizioni sono: q0 with value 1 goes goes q1, q1 with value 1 goes goes q2, q4 with value 0 goes to q0.;[];The automaton accepts zero or more words formed by a sequence of the type 110. In total there are 4 states: q0, q1, q2 e q4. q0 is both the initial and the final state.Le transizioni sono: q0 with value 1 goes goes q1, q1 with value 1 goes goes q2, q4 with value 0 goes to q0.;[];True;True
315;describe the shape of the automaton;Describe the shape of eh the uhm automaton ;The automaton accepts zero or more words formed by a sequence of the type 110. In total there are 4 states: q0, q1, q2 e q4. q0 is both the initial and the final state.Le transizioni sono: q0 with value 1 goes goes q1, q1 with value 1 goes goes q2, q4 with value 0 goes to q0.;[];The automaton accepts zero or more words formed by a sequence of the type 110. In total there are 4 states: q0, q1, q2 e q4. q0 is both the initial and the final state.Le transizioni sono: q0 with value 1 goes goes q1, q1 with value 1 goes goes q2, q4 with value 0 goes to q0.;[];True;True
315;describe the shape of the automaton;Mmm describe the eh shape of eh the automaton ;The automaton accepts zero or more words formed by a sequence of the type 110. In total there are 4 states: q0, q1, q2 e q4. q0 is both the initial and the final state.Le transizioni sono: q0 with value 1 goes goes q1, q1 with value 1 goes goes q2, q4 with value 0 goes to q0.;[];Potresti essere più specifico?;[];False;True
315;describe the shape of the automaton;Describe eh the uhm shape of uhm the mmm automaton ;The automaton accepts zero or more words formed by a sequence of the type 110. In total there are 4 states: q0, q1, q2 e q4. q0 is both the initial and the final state.Le transizioni sono: q0 with value 1 goes goes q1, q1 with value 1 goes goes q2, q4 with value 0 goes to q0.;[];The automaton accepts zero or more words formed by a sequence of the type 110. In total there are 4 states: q0, q1, q2 e q4. q0 is both the initial and the final state.Le transizioni sono: q0 with value 1 goes goes q1, q1 with value 1 goes goes q2, q4 with value 0 goes to q0.;[];True;True
315;describe the shape of the automaton;Eh describe uhm the eh shape uhm of mmm the automaton ;The automaton accepts zero or more words formed by a sequence of the type 110. In total there are 4 states: q0, q1, q2 e q4. q0 is both the initial and the final state.Le transizioni sono: q0 with value 1 goes goes q1, q1 with value 1 goes goes q2, q4 with value 0 goes to q0.;[];The automaton has 4 states: q0, q1, q2 e q4.;[('simbolo-q0', '#04ed00', 'stroke'), ('simbolo-q1', '#04ed00', 'stroke'), ('simbolo-q2', '#04ed00', 'stroke'), ('simbolo-q4', '#04ed00', 'stroke')];False;False
315;describe the shape of the automaton;Eh describe mmm the eh shape eh of mmm the mmm automaton ;The automaton accepts zero or more words formed by a sequence of the type 110. In total there are 4 states: q0, q1, q2 e q4. q0 is both the initial and the final state.Le transizioni sono: q0 with value 1 goes goes q1, q1 with value 1 goes goes q2, q4 with value 0 goes to q0.;[];Potresti essere più specifico?;[];False;True
316;what is an automaton;What is an eh automaton ;The automaton accepts zero or more words formed by a sequence of the type 110. In total there are 4 states: q0, q1, q2 e q4. q0 is both the initial and the final state.Le transizioni sono: q0 with value 1 goes goes q1, q1 with value 1 goes goes q2, q4 with value 0 goes to q0.;[];The automaton accepts zero or more words formed by a sequence of the type 110. In total there are 4 states: q0, q1, q2 e q4. q0 is both the initial and the final state.Le transizioni sono: q0 with value 1 goes goes q1, q1 with value 1 goes goes q2, q4 with value 0 goes to q0.;[];True;True
316;what is an automaton;What mmm is eh an automaton ;The automaton accepts zero or more words formed by a sequence of the type 110. In total there are 4 states: q0, q1, q2 e q4. q0 is both the initial and the final state.Le transizioni sono: q0 with value 1 goes goes q1, q1 with value 1 goes goes q2, q4 with value 0 goes to q0.;[];The automaton accepts zero or more words formed by a sequence of the type 110. In total there are 4 states: q0, q1, q2 e q4. q0 is both the initial and the final state.Le transizioni sono: q0 with value 1 goes goes q1, q1 with value 1 goes goes q2, q4 with value 0 goes to q0.;[];True;True
316;what is an automaton;Mmm what mmm is an eh automaton ;The automaton accepts zero or more words formed by a sequence of the type 110. In total there are 4 states: q0, q1, q2 e q4. q0 is both the initial and the final state.Le transizioni sono: q0 with value 1 goes goes q1, q1 with value 1 goes goes q2, q4 with value 0 goes to q0.;[];The automaton accepts zero or more words formed by a sequence of the type 110. In total there are 4 states: q0, q1, q2 e q4. q0 is both the initial and the final state.Le transizioni sono: q0 with value 1 goes goes q1, q1 with value 1 goes goes q2, q4 with value 0 goes to q0.;[];True;True
316;what is an automaton;Uhm what eh is eh an mmm automaton ;The automaton accepts zero or more words formed by a sequence of the type 110. In total there are 4 states: q0, q1, q2 e q4. q0 is both the initial and the final state.Le transizioni sono: q0 with value 1 goes goes q1, q1 with value 1 goes goes q2, q4 with value 0 goes to q0.;[];The automaton accepts zero or more words formed by a sequence of the type 110. In total there are 4 states: q0, q1, q2 e q4. q0 is both the initial and the final state.Le transizioni sono: q0 with value 1 goes goes q1, q1 with value 1 goes goes q2, q4 with value 0 goes to q0.;[];True;True
317;transition diagram;Eh transition diagram ;there is no transition between q0 and q0.;[];there is no transition between q0 and q0.;[];True;True
317;transition diagram;Uhm transition mmm diagram ;there is no transition between q0 and q0.;[];there is no transition between q0 and q0.;[];True;True
318;describe the transition diagram;Eh describe the transition diagram ;The automaton has 3 transitions: q0 con valore 1 va in q1, q1 con valore 1 va in q2, q4 con valore 0 va in q0.;[('simbolo-q0-q1', '#04ed00', 'stroke'), ('simbolo-q1-q2', '#04ed00', 'stroke'), ('simbolo-q4-q0', '#04ed00', 'stroke')];The automaton has 3 transitions: q0 con valore 1 va in q1, q1 con valore 1 va in q2, q4 con valore 0 va in q0.;[('simbolo-q0-q1', '#04ed00', 'stroke'), ('simbolo-q1-q2', '#04ed00', 'stroke'), ('simbolo-q4-q0', '#04ed00', 'stroke')];True;True
318;describe the transition diagram;Describe eh the transition eh diagram ;The automaton has 3 transitions: q0 con valore 1 va in q1, q1 con valore 1 va in q2, q4 con valore 0 va in q0.;[('simbolo-q0-q1', '#04ed00', 'stroke'), ('simbolo-q1-q2', '#04ed00', 'stroke'), ('simbolo-q4-q0', '#04ed00', 'stroke')];The automaton has 3 transitions: q0 con valore 1 va in q1, q1 con valore 1 va in q2, q4 con valore 0 va in q0.;[('simbolo-q0-q1', '#04ed00', 'stroke'), ('simbolo-q1-q2', '#04ed00', 'stroke'), ('simbolo-q4-q0', '#04ed00', 'stroke')];True;True
318;describe the transition diagram;Uhm describe eh the transition uhm diagram ;The automaton has 3 transitions: q0 con valore 1 va in q1, q1 con valore 1 va in q2, q4 con valore 0 va in q0.;[('simbolo-q0-q1', '#04ed00', 'stroke'), ('simbolo-q1-q2', '#04ed00', 'stroke'), ('simbolo-q4-q0', '#04ed00', 'stroke')];The automaton has 3 transitions: q0 con valore 1 va in q1, q1 con valore 1 va in q2, q4 con valore 0 va in q0.;[('simbolo-q0-q1', '#04ed00', 'stroke'), ('simbolo-q1-q2', '#04ed00', 'stroke'), ('simbolo-q4-q0', '#04ed00', 'stroke')];True;True
318;describe the transition diagram;Eh describe mmm the uhm transition uhm diagram ;The automaton has 3 transitions: q0 con valore 1 va in q1, q1 con valore 1 va in q2, q4 con valore 0 va in q0.;[('simbolo-q0-q1', '#04ed00', 'stroke'), ('simbolo-q1-q2', '#04ed00', 'stroke'), ('simbolo-q4-q0', '#04ed00', 'stroke')];The automaton has 3 transitions: q0 con valore 1 va in q1, q1 con valore 1 va in q2, q4 con valore 0 va in q0.;[('simbolo-q0-q1', '#04ed00', 'stroke'), ('simbolo-q1-q2', '#04ed00', 'stroke'), ('simbolo-q4-q0', '#04ed00', 'stroke')];True;True
319;how many transitions are ther ein the automaton;How many transitions are eh ther ein the automaton ;The automaton has 3 transitions: q0 con valore 1 va in q1, q1 con valore 1 va in q2, q4 con valore 0 va in q0.;[('simbolo-q0-q1', '#04ed00', 'stroke'), ('simbolo-q1-q2', '#04ed00', 'stroke'), ('simbolo-q4-q0', '#04ed00', 'stroke')];The automaton has 3 transitions: q0 con valore 1 va in q1, q1 con valore 1 va in q2, q4 con valore 0 va in q0.;[('simbolo-q0-q1', '#04ed00', 'stroke'), ('simbolo-q1-q2', '#04ed00', 'stroke'), ('simbolo-q4-q0', '#04ed00', 'stroke')];True;True
319;how many transitions are ther ein the automaton;How many transitions are uhm ther uhm ein the automaton ;The automaton has 3 transitions: q0 con valore 1 va in q1, q1 con valore 1 va in q2, q4 con valore 0 va in q0.;[('simbolo-q0-q1', '#04ed00', 'stroke'), ('simbolo-q1-q2', '#04ed00', 'stroke'), ('simbolo-q4-q0', '#04ed00', 'stroke')];there is no transition between q0 and q0.;[];False;False
319;how many transitions are ther ein the automaton;Mmm how mmm many uhm transitions are ther ein the automaton ;The automaton has 3 transitions: q0 con valore 1 va in q1, q1 con valore 1 va in q2, q4 con valore 0 va in q0.;[('simbolo-q0-q1', '#04ed00', 'stroke'), ('simbolo-q1-q2', '#04ed00', 'stroke'), ('simbolo-q4-q0', '#04ed00', 'stroke')];The automaton has 3 transitions: q0 con valore 1 va in q1, q1 con valore 1 va in q2, q4 con valore 0 va in q0.;[('simbolo-q0-q1', '#04ed00', 'stroke'), ('simbolo-q1-q2', '#04ed00', 'stroke'), ('simbolo-q4-q0', '#04ed00', 'stroke')];True;True
319;how many transitions are ther ein the automaton;Uhm how many transitions uhm are uhm ther uhm ein the automaton ;The automaton has 3 transitions: q0 con valore 1 va in q1, q1 con valore 1 va in q2, q4 con valore 0 va in q0.;[('simbolo-q0-q1', '#04ed00', 'stroke'), ('simbolo-q1-q2', '#04ed00', 'stroke'), ('simbolo-q4-q0', '#04ed00', 'stroke')];The automaton has 3 transitions: q0 con valore 1 va in q1, q1 con valore 1 va in q2, q4 con valore 0 va in q0.;[('simbolo-q0-q1', '#04ed00', 'stroke'), ('simbolo-q1-q2', '#04ed00', 'stroke'), ('simbolo-q4-q0', '#04ed00', 'stroke')];True;True
319;how many transitions are ther ein the automaton;Uhm how uhm many mmm transitions are eh ther eh ein the automaton ;The automaton has 3 transitions: q0 con valore 1 va in q1, q1 con valore 1 va in q2, q4 con valore 0 va in q0.;[('simbolo-q0-q1', '#04ed00', 'stroke'), ('simbolo-q1-q2', '#04ed00', 'stroke'), ('simbolo-q4-q0', '#04ed00', 'stroke')];The automaton has 3 transitions: q0 con valore 1 va in q1, q1 con valore 1 va in q2, q4 con valore 0 va in q0.;[('simbolo-q0-q1', '#04ed00', 'stroke'), ('simbolo-q1-q2', '#04ed00', 'stroke'), ('simbolo-q4-q0', '#04ed00', 'stroke')];True;True
319;how many transitions are ther ein the automaton;Eh how uhm many eh transitions mmm are mmm ther mmm ein the automaton ;The automaton has 3 transitions: q0 con valore 1 va in q1, q1 con valore 1 va in q2, q4 con valore 0 va in q0.;[('simbolo-q0-q1', '#04ed00', 'stroke'), ('simbolo-q1-q2', '#04ed00', 'stroke'), ('simbolo-q4-q0', '#04ed00', 'stroke')];The automaton has 3 transitions: q0 con valore 1 va in q1, q1 con valore 1 va in q2, q4 con valore 0 va in q0.;[('simbolo-q0-q1', '#04ed00', 'stroke'), ('simbolo-q1-q2', '#04ed00', 'stroke'), ('simbolo-q4-q0', '#04ed00', 'stroke')];True;True
319;how many transitions are ther ein the automaton;Mmm how eh many uhm transitions uhm are eh ther uhm ein the eh automaton ;The automaton has 3 transitions: q0 con valore 1 va in q1, q1 con valore 1 va in q2, q4 con valore 0 va in q0.;[('simbolo-q0-q1', '#04ed00', 'stroke'), ('simbolo-q1-q2', '#04ed00', 'stroke'), ('simbolo-q4-q0', '#04ed00', 'stroke')];The automaton has 3 transitions: q0 con valore 1 va in q1, q1 con valore 1 va in q2, q4 con valore 0 va in q0.;[('simbolo-q0-q1', '#04ed00', 'stroke'), ('simbolo-q1-q2', '#04ed00', 'stroke'), ('simbolo-q4-q0', '#04ed00', 'stroke')];True;True
319;how many transitions are ther ein the automaton;Eh how eh many uhm transitions mmm are eh ther eh ein mmm the eh automaton ;The automaton has 3 transitions: q0 con valore 1 va in q1, q1 con valore 1 va in q2, q4 con valore 0 va in q0.;[('simbolo-q0-q1', '#04ed00', 'stroke'), ('simbolo-q1-q2', '#04ed00', 'stroke'), ('simbolo-q4-q0', '#04ed00', 'stroke')];there is no transition between q0 and q0.;[];False;False
320;what is a pattern;What is a eh pattern ;Potresti essere più specifico?;[];Potresti essere più specifico?;[];True;True
320;what is a pattern;What is mmm a uhm pattern ;Potresti essere più specifico?;[];Potresti essere più specifico?;[];True;True
320;what is a pattern;Uhm what uhm is eh a pattern ;Potresti essere più specifico?;[];Potresti essere più specifico?;[];True;True
320;what is a pattern;Eh what mmm is eh a mmm pattern ;Potresti essere più specifico?;[];Potresti essere più specifico?;[];True;True
321;what is a particular pattern among arcs;What is a eh particular pattern among arcs ;Potresti essere più specifico?;[];Potresti essere più specifico?;[];True;True
321;what is a particular pattern among arcs;What is a particular uhm pattern eh among arcs ;Potresti essere più specifico?;[];Potresti essere più specifico?;[];True;True
321;what is a particular pattern among arcs;Uhm what is a particular mmm pattern uhm among arcs ;Potresti essere più specifico?;[];Potresti essere più specifico?;[];True;True
321;what is a particular pattern among arcs;Uhm what is a mmm particular uhm pattern uhm among arcs ;Potresti essere più specifico?;[];Potresti essere più specifico?;[];True;True
321;what is a particular pattern among arcs;What is uhm a eh particular uhm pattern mmm among mmm arcs ;Potresti essere più specifico?;[];Potresti essere più specifico?;[];True;True
321;what is a particular pattern among arcs;Eh what uhm is a eh particular eh pattern eh among eh arcs ;Potresti essere più specifico?;[];Potresti essere più specifico?;[];True;True
321;what is a particular pattern among arcs;Eh what eh is uhm a mmm particular eh pattern eh among uhm arcs ;Potresti essere più specifico?;[];Potresti essere più specifico?;[];True;True
322;briefly describe the automaton;Briefly describe uhm the automaton ;The automaton accepts zero or more words formed by a sequence of the type 110. In total there are 4 states: q0, q1, q2 e q4. q0 is both the initial and the final state.Le transizioni sono: q0 with value 1 goes goes q1, q1 with value 1 goes goes q2, q4 with value 0 goes to q0.;[];The automaton accepts zero or more words formed by a sequence of the type 110. In total there are 4 states: q0, q1, q2 e q4. q0 is both the initial and the final state.Le transizioni sono: q0 with value 1 goes goes q1, q1 with value 1 goes goes q2, q4 with value 0 goes to q0.;[];True;True
322;briefly describe the automaton;Briefly mmm describe mmm the automaton ;The automaton accepts zero or more words formed by a sequence of the type 110. In total there are 4 states: q0, q1, q2 e q4. q0 is both the initial and the final state.Le transizioni sono: q0 with value 1 goes goes q1, q1 with value 1 goes goes q2, q4 with value 0 goes to q0.;[];The automaton accepts zero or more words formed by a sequence of the type 110. In total there are 4 states: q0, q1, q2 e q4. q0 is both the initial and the final state.Le transizioni sono: q0 with value 1 goes goes q1, q1 with value 1 goes goes q2, q4 with value 0 goes to q0.;[];True;True
322;briefly describe the automaton;Briefly mmm describe mmm the eh automaton ;The automaton accepts zero or more words formed by a sequence of the type 110. In total there are 4 states: q0, q1, q2 e q4. q0 is both the initial and the final state.Le transizioni sono: q0 with value 1 goes goes q1, q1 with value 1 goes goes q2, q4 with value 0 goes to q0.;[];The automaton accepts zero or more words formed by a sequence of the type 110. In total there are 4 states: q0, q1, q2 e q4. q0 is both the initial and the final state.Le transizioni sono: q0 with value 1 goes goes q1, q1 with value 1 goes goes q2, q4 with value 0 goes to q0.;[];True;True
322;briefly describe the automaton;Eh briefly mmm describe mmm the mmm automaton ;The automaton accepts zero or more words formed by a sequence of the type 110. In total there are 4 states: q0, q1, q2 e q4. q0 is both the initial and the final state.Le transizioni sono: q0 with value 1 goes goes q1, q1 with value 1 goes goes q2, q4 with value 0 goes to q0.;[];The automaton accepts zero or more words formed by a sequence of the type 110. In total there are 4 states: q0, q1, q2 e q4. q0 is both the initial and the final state.Le transizioni sono: q0 with value 1 goes goes q1, q1 with value 1 goes goes q2, q4 with value 0 goes to q0.;[];True;True
323;what s the number of nodes;What s the mmm number of nodes ;This automaton has 4 states;[('simbolo-q0', '#04ed00', 'stroke'), ('simbolo-q1', '#04ed00', 'stroke'), ('simbolo-q2', '#04ed00', 'stroke'), ('simbolo-q4', '#04ed00', 'stroke')];This automaton has 4 states;[('simbolo-q0', '#04ed00', 'stroke'), ('simbolo-q1', '#04ed00', 'stroke'), ('simbolo-q2', '#04ed00', 'stroke'), ('simbolo-q4', '#04ed00', 'stroke')];True;True
323;what s the number of nodes;Eh what s the number eh of nodes ;This automaton has 4 states;[('simbolo-q0', '#04ed00', 'stroke'), ('simbolo-q1', '#04ed00', 'stroke'), ('simbolo-q2', '#04ed00', 'stroke'), ('simbolo-q4', '#04ed00', 'stroke')];This automaton has 4 states;[('simbolo-q0', '#04ed00', 'stroke'), ('simbolo-q1', '#04ed00', 'stroke'), ('simbolo-q2', '#04ed00', 'stroke'), ('simbolo-q4', '#04ed00', 'stroke')];True;True
323;what s the number of nodes;What eh s uhm the eh number of nodes ;This automaton has 4 states;[('simbolo-q0', '#04ed00', 'stroke'), ('simbolo-q1', '#04ed00', 'stroke'), ('simbolo-q2', '#04ed00', 'stroke'), ('simbolo-q4', '#04ed00', 'stroke')];This automaton has 4 states;[('simbolo-q0', '#04ed00', 'stroke'), ('simbolo-q1', '#04ed00', 'stroke'), ('simbolo-q2', '#04ed00', 'stroke'), ('simbolo-q4', '#04ed00', 'stroke')];True;True
323;what s the number of nodes;Mmm what s the eh number eh of mmm nodes ;This automaton has 4 states;[('simbolo-q0', '#04ed00', 'stroke'), ('simbolo-q1', '#04ed00', 'stroke'), ('simbolo-q2', '#04ed00', 'stroke'), ('simbolo-q4', '#04ed00', 'stroke')];This automaton has 4 states;[('simbolo-q0', '#04ed00', 'stroke'), ('simbolo-q1', '#04ed00', 'stroke'), ('simbolo-q2', '#04ed00', 'stroke'), ('simbolo-q4', '#04ed00', 'stroke')];True;True
323;what s the number of nodes;Eh what uhm s eh the eh number mmm of nodes ;This automaton has 4 states;[('simbolo-q0', '#04ed00', 'stroke'), ('simbolo-q1', '#04ed00', 'stroke'), ('simbolo-q2', '#04ed00', 'stroke'), ('simbolo-q4', '#04ed00', 'stroke')];This automaton has 4 states;[('simbolo-q0', '#04ed00', 'stroke'), ('simbolo-q1', '#04ed00', 'stroke'), ('simbolo-q2', '#04ed00', 'stroke'), ('simbolo-q4', '#04ed00', 'stroke')];True;True
323;what s the number of nodes;Eh what eh s mmm the uhm number eh of eh nodes ;This automaton has 4 states;[('simbolo-q0', '#04ed00', 'stroke'), ('simbolo-q1', '#04ed00', 'stroke'), ('simbolo-q2', '#04ed00', 'stroke'), ('simbolo-q4', '#04ed00', 'stroke')];This automaton has 4 states;[('simbolo-q0', '#04ed00', 'stroke'), ('simbolo-q1', '#04ed00', 'stroke'), ('simbolo-q2', '#04ed00', 'stroke'), ('simbolo-q4', '#04ed00', 'stroke')];True;True
324;the nodes;Eh the nodes ;Potresti essere più specifico?;[];The state q0 exists.;[('simbolo-q0', '#04ed00', 'stroke')];False;False
324;the nodes;Eh the eh nodes ;Potresti essere più specifico?;[];The state q0 exists.;[('simbolo-q0', '#04ed00', 'stroke')];False;False
325;nodes;Uhm nodes ;The state q0 exists.;[('simbolo-q0', '#04ed00', 'stroke')];The state q0 exists.;[('simbolo-q0', '#04ed00', 'stroke')];True;True
326;states;Eh states ;The state q0 exists.;[('simbolo-q0', '#04ed00', 'stroke')];The state q0 exists.;[('simbolo-q0', '#04ed00', 'stroke')];True;True
327;nodes;Uhm nodes ;The state q0 exists.;[('simbolo-q0', '#04ed00', 'stroke')];The state q0 exists.;[('simbolo-q0', '#04ed00', 'stroke')];True;True
328;is 1 a label for some arc;Is 1 a label for eh some arc ;the transition is not defined.;[];the transition is not defined.;[];True;True
328;is 1 a label for some arc;Uhm is eh 1 a label for some arc ;the transition is not defined.;[];there is no transition between q0 and q0.;[];False;True
328;is 1 a label for some arc;Is eh 1 a mmm label for uhm some arc ;the transition is not defined.;[];the transition is not defined.;[];True;True
328;is 1 a label for some arc;Eh is 1 a eh label eh for some uhm arc ;the transition is not defined.;[];the transition is not defined.;[];True;True
328;is 1 a label for some arc;Eh is 1 a eh label uhm for eh some uhm arc ;the transition is not defined.;[];the transition is not defined.;[];True;True
328;is 1 a label for some arc;Eh is mmm 1 eh a mmm label uhm for some mmm arc ;the transition is not defined.;[];there is no transition between q0 and q0.;[];False;True
328;is 1 a label for some arc;Eh is mmm 1 mmm a uhm label uhm for mmm some eh arc ;the transition is not defined.;[];the transition is not defined.;[];True;True
329;what is the accepted language;What mmm is the accepted language ;Potresti essere più specifico?;[];Potresti essere più specifico?;[];True;True
329;what is the accepted language;What mmm is the accepted uhm language ;Potresti essere più specifico?;[];Potresti essere più specifico?;[];True;True
329;what is the accepted language;What is mmm the eh accepted eh language ;Potresti essere più specifico?;[];Potresti essere più specifico?;[];True;True
329;what is the accepted language;Eh what is mmm the eh accepted mmm language ;Potresti essere più specifico?;[];Potresti essere più specifico?;[];True;True
329;what is the accepted language;Eh what uhm is mmm the uhm accepted eh language ;Potresti essere più specifico?;[];Potresti essere più specifico?;[];True;True
330;does the automaton accept other languages;Does the automaton uhm accept other languages ;Potresti essere più specifico?;[];Potresti essere più specifico?;[];True;True
330;does the automaton accept other languages;Uhm does the automaton accept other mmm languages ;Potresti essere più specifico?;[];Potresti essere più specifico?;[];True;True
330;does the automaton accept other languages;Does eh the automaton eh accept other mmm languages ;Potresti essere più specifico?;[];Potresti essere più specifico?;[];True;True
330;does the automaton accept other languages;Eh does the eh automaton uhm accept uhm other languages ;Potresti essere più specifico?;[];Potresti essere più specifico?;[];True;True
330;does the automaton accept other languages;Eh does uhm the automaton uhm accept mmm other mmm languages ;Potresti essere più specifico?;[];The automaton accepts zero or more words formed by a sequence of the type 110. In total there are 4 states: q0, q1, q2 e q4. q0 is both the initial and the final state.Le transizioni sono: q0 with value 1 goes goes q1, q1 with value 1 goes goes q2, q4 with value 0 goes to q0.;[];False;True
330;does the automaton accept other languages;Uhm does eh the eh automaton eh accept eh other eh languages ;Potresti essere più specifico?;[];Potresti essere più specifico?;[];True;True
331;q0;Uhm q0 ;The state q0 exists.;[('simbolo-q0', '#04ed00', 'stroke')];the transition is not defined.;[];False;False
332;q2;Eh q2 ;The state q0 exists.;[('simbolo-q0', '#04ed00', 'stroke')];The state q0 exists.;[('simbolo-q0', '#04ed00', 'stroke')];True;True
333;q2 to q3;Q2 to eh q3 ;The transition between q2 and q3 is with value 0.;[('simbolo-q2-q3', '#04ed00', 'stroke')];the transition is not defined.;[];False;False
333;q2 to q3;Mmm q2 to uhm q3 ;The transition between q2 and q3 is with value 0.;[('simbolo-q2-q3', '#04ed00', 'stroke')];Potresti essere più specifico?;[];False;False
333;q2 to q3;Eh q2 mmm to eh q3 ;The transition between q2 and q3 is with value 0.;[('simbolo-q2-q3', '#04ed00', 'stroke')];Potresti essere più specifico?;[];False;False
334;q3 to q2;Q3 to uhm q2 ;there is no transition between q3 and q2.;[];there is no transition between q3 and q2.;[];True;True
334;q3 to q2;Q3 eh to uhm q2 ;there is no transition between q3 and q2.;[];Potresti essere più specifico?;[];False;True
334;q3 to q2;Eh q3 mmm to uhm q2 ;there is no transition between q3 and q2.;[];Potresti essere più specifico?;[];False;True
335;q3 to q4;Q3 to mmm q4 ;The transition between q3 and q4 is with value 0.;[('simbolo-q3-q4', '#04ed00', 'stroke')];The transition between q3 and q4 is with value 0.;[('simbolo-q3-q4', '#04ed00', 'stroke')];True;True
335;q3 to q4;Eh q3 to eh q4 ;The transition between q3 and q4 is with value 0.;[('simbolo-q3-q4', '#04ed00', 'stroke')];The transition between q3 and q4 is with value 0.;[('simbolo-q3-q4', '#04ed00', 'stroke')];True;True
335;q3 to q4;Uhm q3 mmm to uhm q4 ;The transition between q3 and q4 is with value 0.;[('simbolo-q3-q4', '#04ed00', 'stroke')];Potresti essere più specifico?;[];False;False
336;q4 to q0;Mmm q4 to q0 ;there is no transition between q0 and q0.;[];The transition between q4 and q0 is with value 0.;[('simbolo-q4-q0', '#04ed00', 'stroke')];False;False
336;q4 to q0;Q4 uhm to mmm q0 ;there is no transition between q0 and q0.;[];The transition between q4 and q0 is with value 0.;[('simbolo-q4-q0', '#04ed00', 'stroke')];False;False
336;q4 to q0;Eh q4 eh to mmm q0 ;there is no transition between q0 and q0.;[];The transition between q4 and q0 is with value 0.;[('simbolo-q4-q0', '#04ed00', 'stroke')];False;False
337;q0 to q4;Mmm q0 to q4 ;there is no transition between q0 and q0.;[];there is no transition between q0 and q4.;[];False;True
337;q0 to q4;Eh q0 to eh q4 ;there is no transition between q0 and q0.;[];The transition between q4 and q0 is with value 0.;[('simbolo-q4-q0', '#04ed00', 'stroke')];False;False
337;q0 to q4;Mmm q0 uhm to eh q4 ;there is no transition between q0 and q0.;[];Potresti essere più specifico?;[];False;True
338;describe the position of nodes;Describe mmm the position of nodes ;The automaton has 4 states: q0, q1, q2 e q4.;[('simbolo-q0', '#04ed00', 'stroke'), ('simbolo-q1', '#04ed00', 'stroke'), ('simbolo-q2', '#04ed00', 'stroke'), ('simbolo-q4', '#04ed00', 'stroke')];The automaton has 4 states: q0, q1, q2 e q4.;[('simbolo-q0', '#04ed00', 'stroke'), ('simbolo-q1', '#04ed00', 'stroke'), ('simbolo-q2', '#04ed00', 'stroke'), ('simbolo-q4', '#04ed00', 'stroke')];True;True
338;describe the position of nodes;Describe mmm the mmm position of nodes ;The automaton has 4 states: q0, q1, q2 e q4.;[('simbolo-q0', '#04ed00', 'stroke'), ('simbolo-q1', '#04ed00', 'stroke'), ('simbolo-q2', '#04ed00', 'stroke'), ('simbolo-q4', '#04ed00', 'stroke')];Potresti essere più specifico?;[];False;False
338;describe the position of nodes;Uhm describe mmm the position mmm of nodes ;The automaton has 4 states: q0, q1, q2 e q4.;[('simbolo-q0', '#04ed00', 'stroke'), ('simbolo-q1', '#04ed00', 'stroke'), ('simbolo-q2', '#04ed00', 'stroke'), ('simbolo-q4', '#04ed00', 'stroke')];The automaton has 4 states: q0, q1, q2 e q4.;[('simbolo-q0', '#04ed00', 'stroke'), ('simbolo-q1', '#04ed00', 'stroke'), ('simbolo-q2', '#04ed00', 'stroke'), ('simbolo-q4', '#04ed00', 'stroke')];True;True
338;describe the position of nodes;Describe mmm the uhm position uhm of mmm nodes ;The automaton has 4 states: q0, q1, q2 e q4.;[('simbolo-q0', '#04ed00', 'stroke'), ('simbolo-q1', '#04ed00', 'stroke'), ('simbolo-q2', '#04ed00', 'stroke'), ('simbolo-q4', '#04ed00', 'stroke')];The automaton has 4 states: q0, q1, q2 e q4.;[('simbolo-q0', '#04ed00', 'stroke'), ('simbolo-q1', '#04ed00', 'stroke'), ('simbolo-q2', '#04ed00', 'stroke'), ('simbolo-q4', '#04ed00', 'stroke')];True;True
338;describe the position of nodes;Mmm describe eh the mmm position uhm of mmm nodes ;The automaton has 4 states: q0, q1, q2 e q4.;[('simbolo-q0', '#04ed00', 'stroke'), ('simbolo-q1', '#04ed00', 'stroke'), ('simbolo-q2', '#04ed00', 'stroke'), ('simbolo-q4', '#04ed00', 'stroke')];The automaton has 4 states: q0, q1, q2 e q4.;[('simbolo-q0', '#04ed00', 'stroke'), ('simbolo-q1', '#04ed00', 'stroke'), ('simbolo-q2', '#04ed00', 'stroke'), ('simbolo-q4', '#04ed00', 'stroke')];True;True
339;describe the arcs;Describe the eh arcs ;there is no transition between q0 and q0.;[];there is no transition between q0 and q0.;[];True;True
339;describe the arcs;Describe uhm the uhm arcs ;there is no transition between q0 and q0.;[];there is no transition between q0 and q0.;[];True;True
339;describe the arcs;Mmm describe mmm the mmm arcs ;there is no transition between q0 and q0.;[];there is no transition between q0 and q0.;[];True;True
340;describe the position of arcs;Mmm describe the position of arcs ;there is no transition between q0 and q0.;[];there is no transition between q0 and q0.;[];True;True
340;describe the position of arcs;Uhm describe the position of uhm arcs ;there is no transition between q0 and q0.;[];there is no transition between q0 and q0.;[];True;True
340;describe the position of arcs;Describe the uhm position eh of uhm arcs ;there is no transition between q0 and q0.;[];there is no transition between q0 and q0.;[];True;True
340;describe the position of arcs;Eh describe uhm the mmm position mmm of arcs ;there is no transition between q0 and q0.;[];Potresti essere più specifico?;[];False;True
340;describe the position of arcs;Eh describe eh the uhm position uhm of eh arcs ;there is no transition between q0 and q0.;[];there is no transition between q0 and q0.;[];True;True
341;is there any self loop;Is eh there any self loop ;there is no transition between q0 and q0.;[];Potresti essere più specifico?;[];False;True
341;is there any self loop;Eh is eh there any self loop ;there is no transition between q0 and q0.;[];Potresti essere più specifico?;[];False;True
341;is there any self loop;Mmm is there any mmm self mmm loop ;there is no transition between q0 and q0.;[];Potresti essere più specifico?;[];False;True
341;is there any self loop;Uhm is mmm there any uhm self uhm loop ;there is no transition between q0 and q0.;[];Potresti essere più specifico?;[];False;True
341;is there any self loop;Eh is eh there eh any mmm self eh loop ;there is no transition between q0 and q0.;[];Potresti essere più specifico?;[];False;True
342;what is a connection;Eh what is a connection ;there is no transition between q0 and q0.;[];there is no transition between q0 and q0.;[];True;True
342;what is a connection;Eh what is a mmm connection ;there is no transition between q0 and q0.;[];Potresti essere più specifico?;[];False;True
342;what is a connection;Uhm what uhm is a mmm connection ;there is no transition between q0 and q0.;[];there is no transition between q0 and q0.;[];True;True
342;what is a connection;Uhm what eh is uhm a mmm connection ;there is no transition between q0 and q0.;[];Potresti essere più specifico?;[];False;True
343;represent the automaton;Represent mmm the automaton ;The automaton accepts zero or more words formed by a sequence of the type 110. In total there are 4 states: q0, q1, q2 e q4. q0 is both the initial and the final state.Le transizioni sono: q0 with value 1 goes goes q1, q1 with value 1 goes goes q2, q4 with value 0 goes to q0.;[];The automaton accepts zero or more words formed by a sequence of the type 110. In total there are 4 states: q0, q1, q2 e q4. q0 is both the initial and the final state.Le transizioni sono: q0 with value 1 goes goes q1, q1 with value 1 goes goes q2, q4 with value 0 goes to q0.;[];True;True
343;represent the automaton;Mmm represent eh the automaton ;The automaton accepts zero or more words formed by a sequence of the type 110. In total there are 4 states: q0, q1, q2 e q4. q0 is both the initial and the final state.Le transizioni sono: q0 with value 1 goes goes q1, q1 with value 1 goes goes q2, q4 with value 0 goes to q0.;[];The automaton accepts zero or more words formed by a sequence of the type 110. In total there are 4 states: q0, q1, q2 e q4. q0 is both the initial and the final state.Le transizioni sono: q0 with value 1 goes goes q1, q1 with value 1 goes goes q2, q4 with value 0 goes to q0.;[];True;True
343;represent the automaton;Mmm represent eh the uhm automaton ;The automaton accepts zero or more words formed by a sequence of the type 110. In total there are 4 states: q0, q1, q2 e q4. q0 is both the initial and the final state.Le transizioni sono: q0 with value 1 goes goes q1, q1 with value 1 goes goes q2, q4 with value 0 goes to q0.;[];The automaton accepts zero or more words formed by a sequence of the type 110. In total there are 4 states: q0, q1, q2 e q4. q0 is both the initial and the final state.Le transizioni sono: q0 with value 1 goes goes q1, q1 with value 1 goes goes q2, q4 with value 0 goes to q0.;[];True;True
344;how many states;How mmm many states ;This automaton has 4 states;[('simbolo-q0', '#04ed00', 'stroke'), ('simbolo-q1', '#04ed00', 'stroke'), ('simbolo-q2', '#04ed00', 'stroke'), ('simbolo-q4', '#04ed00', 'stroke')];This automaton has 4 states;[('simbolo-q0', '#04ed00', 'stroke'), ('simbolo-q1', '#04ed00', 'stroke'), ('simbolo-q2', '#04ed00', 'stroke'), ('simbolo-q4', '#04ed00', 'stroke')];True;True
344;how many states;Uhm how many eh states ;This automaton has 4 states;[('simbolo-q0', '#04ed00', 'stroke'), ('simbolo-q1', '#04ed00', 'stroke'), ('simbolo-q2', '#04ed00', 'stroke'), ('simbolo-q4', '#04ed00', 'stroke')];This automaton has 4 states;[('simbolo-q0', '#04ed00', 'stroke'), ('simbolo-q1', '#04ed00', 'stroke'), ('simbolo-q2', '#04ed00', 'stroke'), ('simbolo-q4', '#04ed00', 'stroke')];True;True
344;how many states;Mmm how mmm many eh states ;This automaton has 4 states;[('simbolo-q0', '#04ed00', 'stroke'), ('simbolo-q1', '#04ed00', 'stroke'), ('simbolo-q2', '#04ed00', 'stroke'), ('simbolo-q4', '#04ed00', 'stroke')];This automaton has 4 states;[('simbolo-q0', '#04ed00', 'stroke'), ('simbolo-q1', '#04ed00', 'stroke'), ('simbolo-q2', '#04ed00', 'stroke'), ('simbolo-q4', '#04ed00', 'stroke')];True;True
345;what is the input;What is the mmm input ;Potresti essere più specifico?;[];Potresti essere più specifico?;[];True;True
345;what is the input;Mmm what is eh the input ;Potresti essere più specifico?;[];Potresti essere più specifico?;[];True;True
345;what is the input;What mmm is eh the mmm input ;Potresti essere più specifico?;[];Potresti essere più specifico?;[];True;True
345;what is the input;Uhm what mmm is uhm the mmm input ;Potresti essere più specifico?;[];Potresti essere più specifico?;[];True;True
346;can you describe the automaton;Eh can you describe the automaton ;The automaton accepts zero or more words formed by a sequence of the type 110. In total there are 4 states: q0, q1, q2 e q4. q0 is both the initial and the final state.Le transizioni sono: q0 with value 1 goes goes q1, q1 with value 1 goes goes q2, q4 with value 0 goes to q0.;[];The automaton accepts zero or more words formed by a sequence of the type 110. In total there are 4 states: q0, q1, q2 e q4. q0 is both the initial and the final state.Le transizioni sono: q0 with value 1 goes goes q1, q1 with value 1 goes goes q2, q4 with value 0 goes to q0.;[];True;True
346;can you describe the automaton;Can you mmm describe mmm the automaton ;The automaton accepts zero or more words formed by a sequence of the type 110. In total there are 4 states: q0, q1, q2 e q4. q0 is both the initial and the final state.Le transizioni sono: q0 with value 1 goes goes q1, q1 with value 1 goes goes q2, q4 with value 0 goes to q0.;[];The automaton accepts zero or more words formed by a sequence of the type 110. In total there are 4 states: q0, q1, q2 e q4. q0 is both the initial and the final state.Le transizioni sono: q0 with value 1 goes goes q1, q1 with value 1 goes goes q2, q4 with value 0 goes to q0.;[];True;True
346;can you describe the automaton;Uhm can you mmm describe the uhm automaton ;The automaton accepts zero or more words formed by a sequence of the type 110. In total there are 4 states: q0, q1, q2 e q4. q0 is both the initial and the final state.Le transizioni sono: q0 with value 1 goes goes q1, q1 with value 1 goes goes q2, q4 with value 0 goes to q0.;[];The automaton accepts zero or more words formed by a sequence of the type 110. In total there are 4 states: q0, q1, q2 e q4. q0 is both the initial and the final state.Le transizioni sono: q0 with value 1 goes goes q1, q1 with value 1 goes goes q2, q4 with value 0 goes to q0.;[];True;True
346;can you describe the automaton;Can mmm you eh describe eh the uhm automaton ;The automaton accepts zero or more words formed by a sequence of the type 110. In total there are 4 states: q0, q1, q2 e q4. q0 is both the initial and the final state.Le transizioni sono: q0 with value 1 goes goes q1, q1 with value 1 goes goes q2, q4 with value 0 goes to q0.;[];The automaton accepts zero or more words formed by a sequence of the type 110. In total there are 4 states: q0, q1, q2 e q4. q0 is both the initial and the final state.Le transizioni sono: q0 with value 1 goes goes q1, q1 with value 1 goes goes q2, q4 with value 0 goes to q0.;[];True;True
346;can you describe the automaton;Eh can uhm you eh describe mmm the eh automaton ;The automaton accepts zero or more words formed by a sequence of the type 110. In total there are 4 states: q0, q1, q2 e q4. q0 is both the initial and the final state.Le transizioni sono: q0 with value 1 goes goes q1, q1 with value 1 goes goes q2, q4 with value 0 goes to q0.;[];The automaton accepts zero or more words formed by a sequence of the type 110. In total there are 4 states: q0, q1, q2 e q4. q0 is both the initial and the final state.Le transizioni sono: q0 with value 1 goes goes q1, q1 with value 1 goes goes q2, q4 with value 0 goes to q0.;[];True;True
347;which arc from q1;Which eh arc from q1 ;the transition is not defined.;[];the transition is not defined.;[];True;True
347;which arc from q1;Which eh arc from eh q1 ;the transition is not defined.;[];the transition is not defined.;[];True;True
347;which arc from q1;Eh which eh arc from mmm q1 ;the transition is not defined.;[];the transition is not defined.;[];True;True
347;which arc from q1;Uhm which eh arc uhm from mmm q1 ;the transition is not defined.;[];the transition is not defined.;[];True;True
348;which arc from q2;Which arc eh from q2 ;the transition is not defined.;[];the transition is not defined.;[];True;True
348;which arc from q2;Which arc uhm from eh q2 ;the transition is not defined.;[];the transition is not defined.;[];True;True
348;which arc from q2;Eh which eh arc mmm from q2 ;the transition is not defined.;[];the transition is not defined.;[];True;True
348;which arc from q2;Uhm which uhm arc eh from uhm q2 ;the transition is not defined.;[];the transition is not defined.;[];True;True
349;which arc from q3;Uhm which arc from q3 ;the transition is not defined.;[];the transition is not defined.;[];True;True
349;which arc from q3;Which mmm arc eh from q3 ;the transition is not defined.;[];the transition is not defined.;[];True;True
349;which arc from q3;Uhm which arc eh from mmm q3 ;the transition is not defined.;[];the transition is not defined.;[];True;True
349;which arc from q3;Mmm which uhm arc mmm from eh q3 ;the transition is not defined.;[];the transition is not defined.;[];True;True
350;which arc from q3;Which arc from mmm q3 ;the transition is not defined.;[];the transition is not defined.;[];True;True
350;which arc from q3;Which uhm arc eh from q3 ;the transition is not defined.;[];the transition is not defined.;[];True;True
350;which arc from q3;Eh which eh arc eh from q3 ;the transition is not defined.;[];the transition is not defined.;[];True;True
350;which arc from q3;Uhm which uhm arc uhm from uhm q3 ;the transition is not defined.;[];the transition is not defined.;[];True;True
351;which arc from q4;Which arc from mmm q4 ;the transition is not defined.;[];the transition is not defined.;[];True;True
351;which arc from q4;Eh which arc eh from q4 ;the transition is not defined.;[];the transition is not defined.;[];True;True
351;which arc from q4;Mmm which uhm arc eh from q4 ;the transition is not defined.;[];the transition is not defined.;[];True;True
351;which arc from q4;Mmm which uhm arc eh from eh q4 ;the transition is not defined.;[];the transition is not defined.;[];True;True
352;can you describe the transitions;Can you uhm describe the transitions ;The automaton has 3 transitions: q0 con valore 1 va in q1, q1 con valore 1 va in q2, q4 con valore 0 va in q0.;[('simbolo-q0-q1', '#04ed00', 'stroke'), ('simbolo-q1-q2', '#04ed00', 'stroke'), ('simbolo-q4-q0', '#04ed00', 'stroke')];The automaton has 3 transitions: q0 con valore 1 va in q1, q1 con valore 1 va in q2, q4 con valore 0 va in q0.;[('simbolo-q0-q1', '#04ed00', 'stroke'), ('simbolo-q1-q2', '#04ed00', 'stroke'), ('simbolo-q4-q0', '#04ed00', 'stroke')];True;True
352;can you describe the transitions;Mmm can you describe mmm the transitions ;The automaton has 3 transitions: q0 con valore 1 va in q1, q1 con valore 1 va in q2, q4 con valore 0 va in q0.;[('simbolo-q0-q1', '#04ed00', 'stroke'), ('simbolo-q1-q2', '#04ed00', 'stroke'), ('simbolo-q4-q0', '#04ed00', 'stroke')];The automaton has 3 transitions: q0 con valore 1 va in q1, q1 con valore 1 va in q2, q4 con valore 0 va in q0.;[('simbolo-q0-q1', '#04ed00', 'stroke'), ('simbolo-q1-q2', '#04ed00', 'stroke'), ('simbolo-q4-q0', '#04ed00', 'stroke')];True;True
352;can you describe the transitions;Can mmm you eh describe the mmm transitions ;The automaton has 3 transitions: q0 con valore 1 va in q1, q1 con valore 1 va in q2, q4 con valore 0 va in q0.;[('simbolo-q0-q1', '#04ed00', 'stroke'), ('simbolo-q1-q2', '#04ed00', 'stroke'), ('simbolo-q4-q0', '#04ed00', 'stroke')];there is no transition between q0 and q0.;[];False;False
352;can you describe the transitions;Can uhm you eh describe eh the mmm transitions ;The automaton has 3 transitions: q0 con valore 1 va in q1, q1 con valore 1 va in q2, q4 con valore 0 va in q0.;[('simbolo-q0-q1', '#04ed00', 'stroke'), ('simbolo-q1-q2', '#04ed00', 'stroke'), ('simbolo-q4-q0', '#04ed00', 'stroke')];there is no transition between q0 and q0.;[];False;False
352;can you describe the transitions;Mmm can uhm you mmm describe mmm the uhm transitions ;The automaton has 3 transitions: q0 con valore 1 va in q1, q1 con valore 1 va in q2, q4 con valore 0 va in q0.;[('simbolo-q0-q1', '#04ed00', 'stroke'), ('simbolo-q1-q2', '#04ed00', 'stroke'), ('simbolo-q4-q0', '#04ed00', 'stroke')];there is no transition between q0 and q0.;[];False;False
353;how many states;How many uhm states ;This automaton has 4 states;[('simbolo-q0', '#04ed00', 'stroke'), ('simbolo-q1', '#04ed00', 'stroke'), ('simbolo-q2', '#04ed00', 'stroke'), ('simbolo-q4', '#04ed00', 'stroke')];This automaton has 4 states;[('simbolo-q0', '#04ed00', 'stroke'), ('simbolo-q1', '#04ed00', 'stroke'), ('simbolo-q2', '#04ed00', 'stroke'), ('simbolo-q4', '#04ed00', 'stroke')];True;True
353;how many states;Uhm how many mmm states ;This automaton has 4 states;[('simbolo-q0', '#04ed00', 'stroke'), ('simbolo-q1', '#04ed00', 'stroke'), ('simbolo-q2', '#04ed00', 'stroke'), ('simbolo-q4', '#04ed00', 'stroke')];This automaton has 4 states;[('simbolo-q0', '#04ed00', 'stroke'), ('simbolo-q1', '#04ed00', 'stroke'), ('simbolo-q2', '#04ed00', 'stroke'), ('simbolo-q4', '#04ed00', 'stroke')];True;True
353;how many states;Eh how eh many mmm states ;This automaton has 4 states;[('simbolo-q0', '#04ed00', 'stroke'), ('simbolo-q1', '#04ed00', 'stroke'), ('simbolo-q2', '#04ed00', 'stroke'), ('simbolo-q4', '#04ed00', 'stroke')];This automaton has 4 states;[('simbolo-q0', '#04ed00', 'stroke'), ('simbolo-q1', '#04ed00', 'stroke'), ('simbolo-q2', '#04ed00', 'stroke'), ('simbolo-q4', '#04ed00', 'stroke')];True;True
354;describe me the automaton;Describe uhm me the automaton ;The automaton accepts zero or more words formed by a sequence of the type 110. In total there are 4 states: q0, q1, q2 e q4. q0 is both the initial and the final state.Le transizioni sono: q0 with value 1 goes goes q1, q1 with value 1 goes goes q2, q4 with value 0 goes to q0.;[];The automaton accepts zero or more words formed by a sequence of the type 110. In total there are 4 states: q0, q1, q2 e q4. q0 is both the initial and the final state.Le transizioni sono: q0 with value 1 goes goes q1, q1 with value 1 goes goes q2, q4 with value 0 goes to q0.;[];True;True
354;describe me the automaton;Eh describe uhm me the automaton ;The automaton accepts zero or more words formed by a sequence of the type 110. In total there are 4 states: q0, q1, q2 e q4. q0 is both the initial and the final state.Le transizioni sono: q0 with value 1 goes goes q1, q1 with value 1 goes goes q2, q4 with value 0 goes to q0.;[];The automaton accepts zero or more words formed by a sequence of the type 110. In total there are 4 states: q0, q1, q2 e q4. q0 is both the initial and the final state.Le transizioni sono: q0 with value 1 goes goes q1, q1 with value 1 goes goes q2, q4 with value 0 goes to q0.;[];True;True
354;describe me the automaton;Describe uhm me eh the mmm automaton ;The automaton accepts zero or more words formed by a sequence of the type 110. In total there are 4 states: q0, q1, q2 e q4. q0 is both the initial and the final state.Le transizioni sono: q0 with value 1 goes goes q1, q1 with value 1 goes goes q2, q4 with value 0 goes to q0.;[];The automaton accepts zero or more words formed by a sequence of the type 110. In total there are 4 states: q0, q1, q2 e q4. q0 is both the initial and the final state.Le transizioni sono: q0 with value 1 goes goes q1, q1 with value 1 goes goes q2, q4 with value 0 goes to q0.;[];True;True
354;describe me the automaton;Mmm describe eh me mmm the eh automaton ;The automaton accepts zero or more words formed by a sequence of the type 110. In total there are 4 states: q0, q1, q2 e q4. q0 is both the initial and the final state.Le transizioni sono: q0 with value 1 goes goes q1, q1 with value 1 goes goes q2, q4 with value 0 goes to q0.;[];The automaton accepts zero or more words formed by a sequence of the type 110. In total there are 4 states: q0, q1, q2 e q4. q0 is both the initial and the final state.Le transizioni sono: q0 with value 1 goes goes q1, q1 with value 1 goes goes q2, q4 with value 0 goes to q0.;[];True;True
355;explain how words made by 1s and 0s are used;Explain how words made by 1s and 0s are mmm used ;Potresti essere più specifico?;[];The automaton accepts zero or more words formed by a sequence of the type 110. In total there are 4 states: q0, q1, q2 e q4. q0 is both the initial and the final state.Le transizioni sono: q0 with value 1 goes goes q1, q1 with value 1 goes goes q2, q4 with value 0 goes to q0.;[];False;True
355;explain how words made by 1s and 0s are used;Explain how words made by 1s and uhm 0s are mmm used ;Potresti essere più specifico?;[];Potresti essere più specifico?;[];True;True
355;explain how words made by 1s and 0s are used;Explain how uhm words uhm made by 1s and 0s are uhm used ;Potresti essere più specifico?;[];Potresti essere più specifico?;[];True;True
355;explain how words made by 1s and 0s are used;Explain mmm how uhm words made by mmm 1s and 0s mmm are used ;Potresti essere più specifico?;[];Potresti essere più specifico?;[];True;True
355;explain how words made by 1s and 0s are used;Explain how mmm words made mmm by 1s mmm and 0s mmm are mmm used ;Potresti essere più specifico?;[];Potresti essere più specifico?;[];True;True
355;explain how words made by 1s and 0s are used;Explain how eh words uhm made uhm by 1s and mmm 0s uhm are eh used ;Potresti essere più specifico?;[];Potresti essere più specifico?;[];True;True
355;explain how words made by 1s and 0s are used;Uhm explain eh how eh words made eh by uhm 1s and eh 0s are uhm used ;Potresti essere più specifico?;[];Potresti essere più specifico?;[];True;True
355;explain how words made by 1s and 0s are used;Mmm explain mmm how uhm words made eh by mmm 1s eh and mmm 0s are eh used ;Potresti essere più specifico?;[];Potresti essere più specifico?;[];True;True
355;explain how words made by 1s and 0s are used;Explain mmm how uhm words mmm made mmm by mmm 1s uhm and eh 0s eh are mmm used ;Potresti essere più specifico?;[];Potresti essere più specifico?;[];True;True
355;explain how words made by 1s and 0s are used;Mmm explain mmm how uhm words mmm made eh by uhm 1s eh and uhm 0s mmm are eh used ;Potresti essere più specifico?;[];Potresti essere più specifico?;[];True;True
356;What is the accepted language;What is eh the accepted language ;Potresti essere più specifico?;[];Potresti essere più specifico?;[];True;True
356;What is the accepted language;Uhm what is uhm the accepted language ;Potresti essere più specifico?;[];Potresti essere più specifico?;[];True;True
356;What is the accepted language;Uhm what is uhm the mmm accepted language ;Potresti essere più specifico?;[];Potresti essere più specifico?;[];True;True
356;What is the accepted language;What uhm is uhm the uhm accepted eh language ;Potresti essere più specifico?;[];Potresti essere più specifico?;[];True;True
356;What is the accepted language;Uhm what mmm is eh the uhm accepted eh language ;Potresti essere più specifico?;[];Potresti essere più specifico?;[];True;True
357;how many arcs are there;How mmm many arcs are there ;The automaton has 3 transitions: q0 con valore 1 va in q1, q1 con valore 1 va in q2, q4 con valore 0 va in q0.;[('simbolo-q0-q1', '#04ed00', 'stroke'), ('simbolo-q1-q2', '#04ed00', 'stroke'), ('simbolo-q4-q0', '#04ed00', 'stroke')];The automaton has 3 transitions: q0 con valore 1 va in q1, q1 con valore 1 va in q2, q4 con valore 0 va in q0.;[('simbolo-q0-q1', '#04ed00', 'stroke'), ('simbolo-q1-q2', '#04ed00', 'stroke'), ('simbolo-q4-q0', '#04ed00', 'stroke')];True;True
357;how many arcs are there;How many mmm arcs eh are there ;The automaton has 3 transitions: q0 con valore 1 va in q1, q1 con valore 1 va in q2, q4 con valore 0 va in q0.;[('simbolo-q0-q1', '#04ed00', 'stroke'), ('simbolo-q1-q2', '#04ed00', 'stroke'), ('simbolo-q4-q0', '#04ed00', 'stroke')];The automaton has 3 transitions: q0 con valore 1 va in q1, q1 con valore 1 va in q2, q4 con valore 0 va in q0.;[('simbolo-q0-q1', '#04ed00', 'stroke'), ('simbolo-q1-q2', '#04ed00', 'stroke'), ('simbolo-q4-q0', '#04ed00', 'stroke')];True;True
357;how many arcs are there;Mmm how many uhm arcs mmm are there ;The automaton has 3 transitions: q0 con valore 1 va in q1, q1 con valore 1 va in q2, q4 con valore 0 va in q0.;[('simbolo-q0-q1', '#04ed00', 'stroke'), ('simbolo-q1-q2', '#04ed00', 'stroke'), ('simbolo-q4-q0', '#04ed00', 'stroke')];The automaton has 3 transitions: q0 con valore 1 va in q1, q1 con valore 1 va in q2, q4 con valore 0 va in q0.;[('simbolo-q0-q1', '#04ed00', 'stroke'), ('simbolo-q1-q2', '#04ed00', 'stroke'), ('simbolo-q4-q0', '#04ed00', 'stroke')];True;True
357;how many arcs are there;Eh how uhm many uhm arcs are uhm there ;The automaton has 3 transitions: q0 con valore 1 va in q1, q1 con valore 1 va in q2, q4 con valore 0 va in q0.;[('simbolo-q0-q1', '#04ed00', 'stroke'), ('simbolo-q1-q2', '#04ed00', 'stroke'), ('simbolo-q4-q0', '#04ed00', 'stroke')];The automaton has 3 transitions: q0 con valore 1 va in q1, q1 con valore 1 va in q2, q4 con valore 0 va in q0.;[('simbolo-q0-q1', '#04ed00', 'stroke'), ('simbolo-q1-q2', '#04ed00', 'stroke'), ('simbolo-q4-q0', '#04ed00', 'stroke')];True;True
357;how many arcs are there;Eh how eh many eh arcs mmm are uhm there ;The automaton has 3 transitions: q0 con valore 1 va in q1, q1 con valore 1 va in q2, q4 con valore 0 va in q0.;[('simbolo-q0-q1', '#04ed00', 'stroke'), ('simbolo-q1-q2', '#04ed00', 'stroke'), ('simbolo-q4-q0', '#04ed00', 'stroke')];there is no transition between q0 and q0.;[];False;False
358;is there a particular pattern among the arcs;Is there mmm a particular pattern among the arcs ;Potresti essere più specifico?;[];Potresti essere più specifico?;[];True;True
358;is there a particular pattern among the arcs;Is there a particular uhm pattern mmm among the arcs ;Potresti essere più specifico?;[];Potresti essere più specifico?;[];True;True
358;is there a particular pattern among the arcs;Is there mmm a particular eh pattern among eh the arcs ;Potresti essere più specifico?;[];Potresti essere più specifico?;[];True;True
358;is there a particular pattern among the arcs;Uhm is there eh a particular pattern uhm among eh the arcs ;Potresti essere più specifico?;[];Potresti essere più specifico?;[];True;True
358;is there a particular pattern among the arcs;Uhm is there mmm a eh particular pattern among eh the mmm arcs ;Potresti essere più specifico?;[];Potresti essere più specifico?;[];True;True
358;is there a particular pattern among the arcs;Uhm is eh there a mmm particular mmm pattern among mmm the mmm arcs ;Potresti essere più specifico?;[];Potresti essere più specifico?;[];True;True
358;is there a particular pattern among the arcs;Mmm is mmm there a mmm particular eh pattern mmm among mmm the mmm arcs ;Potresti essere più specifico?;[];Potresti essere più specifico?;[];True;True
358;is there a particular pattern among the arcs;Mmm is uhm there mmm a uhm particular uhm pattern uhm among mmm the uhm arcs ;Potresti essere più specifico?;[];Potresti essere più specifico?;[];True;True
359;if the automaton is in the state q3 and the input is 11100 what happens;If the automaton is in the state q3 and the uhm input is 11100 what happens ;The transition between q3 and q4 is with value 0.;[('simbolo-q3-q4', '#04ed00', 'stroke')];the transition is not defined.;[];False;False
359;if the automaton is in the state q3 and the input is 11100 what happens;If the automaton is in the state q3 and the input uhm is 11100 uhm what happens ;The transition between q3 and q4 is with value 0.;[('simbolo-q3-q4', '#04ed00', 'stroke')];The automaton has 4 states: q0, q1, q2 e q4.;[('simbolo-q0', '#04ed00', 'stroke'), ('simbolo-q1', '#04ed00', 'stroke'), ('simbolo-q2', '#04ed00', 'stroke'), ('simbolo-q4', '#04ed00', 'stroke')];False;False
359;if the automaton is in the state q3 and the input is 11100 what happens;If the uhm automaton is in the state q3 uhm and the input is mmm 11100 what happens ;The transition between q3 and q4 is with value 0.;[('simbolo-q3-q4', '#04ed00', 'stroke')];The transition between q3 and q4 is with value 0.;[('simbolo-q3-q4', '#04ed00', 'stroke')];True;True
359;if the automaton is in the state q3 and the input is 11100 what happens;If the automaton is uhm in the eh state mmm q3 and the input uhm is 11100 what happens ;The transition between q3 and q4 is with value 0.;[('simbolo-q3-q4', '#04ed00', 'stroke')];The automaton has 4 states: q0, q1, q2 e q4.;[('simbolo-q0', '#04ed00', 'stroke'), ('simbolo-q1', '#04ed00', 'stroke'), ('simbolo-q2', '#04ed00', 'stroke'), ('simbolo-q4', '#04ed00', 'stroke')];False;False
359;if the automaton is in the state q3 and the input is 11100 what happens;Eh if the automaton is in mmm the state q3 and mmm the input eh is 11100 mmm what happens ;The transition between q3 and q4 is with value 0.;[('simbolo-q3-q4', '#04ed00', 'stroke')];there is no transition between q3 and q3.;[];False;False
359;if the automaton is in the state q3 and the input is 11100 what happens;If the eh automaton is mmm in the state q3 uhm and eh the mmm input eh is 11100 what happens ;The transition between q3 and q4 is with value 0.;[('simbolo-q3-q4', '#04ed00', 'stroke')];The transition between q3 and q4 is with value 0.;[('simbolo-q3-q4', '#04ed00', 'stroke')];True;True
359;if the automaton is in the state q3 and the input is 11100 what happens;Uhm if eh the automaton is eh in eh the state q3 eh and the input is 11100 uhm what uhm happens ;The transition between q3 and q4 is with value 0.;[('simbolo-q3-q4', '#04ed00', 'stroke')];The automaton accepts zero or more words formed by a sequence of the type 110. In total there are 4 states: q0, q1, q2 e q4. q0 is both the initial and the final state.Le transizioni sono: q0 with value 1 goes goes q1, q1 with value 1 goes goes q2, q4 with value 0 goes to q0.;[];False;False
359;if the automaton is in the state q3 and the input is 11100 what happens;Eh if the automaton mmm is eh in mmm the eh state eh q3 uhm and the input uhm is 11100 what happens ;The transition between q3 and q4 is with value 0.;[('simbolo-q3-q4', '#04ed00', 'stroke')];the transition is not defined.;[];False;False
359;if the automaton is in the state q3 and the input is 11100 what happens;If the automaton mmm is mmm in eh the state q3 mmm and mmm the input eh is uhm 11100 mmm what uhm happens ;The transition between q3 and q4 is with value 0.;[('simbolo-q3-q4', '#04ed00', 'stroke')];there is no transition between q3 and q3.;[];False;False
359;if the automaton is in the state q3 and the input is 11100 what happens;If eh the uhm automaton uhm is uhm in the eh state uhm q3 and eh the mmm input is 11100 uhm what uhm happens ;The transition between q3 and q4 is with value 0.;[('simbolo-q3-q4', '#04ed00', 'stroke')];the transition is not defined.;[];False;False
359;if the automaton is in the state q3 and the input is 11100 what happens;Mmm if uhm the eh automaton is mmm in the state eh q3 eh and mmm the eh input eh is mmm 11100 what mmm happens ;The transition between q3 and q4 is with value 0.;[('simbolo-q3-q4', '#04ed00', 'stroke')];The automaton has 4 states: q0, q1, q2 e q4.;[('simbolo-q0', '#04ed00', 'stroke'), ('simbolo-q1', '#04ed00', 'stroke'), ('simbolo-q2', '#04ed00', 'stroke'), ('simbolo-q4', '#04ed00', 'stroke')];False;False
359;if the automaton is in the state q3 and the input is 11100 what happens;Eh if eh the automaton uhm is eh in uhm the eh state mmm q3 uhm and uhm the uhm input uhm is 11100 what mmm happens ;The transition between q3 and q4 is with value 0.;[('simbolo-q3-q4', '#04ed00', 'stroke')];the transition is not defined.;[];False;False
359;if the automaton is in the state q3 and the input is 11100 what happens;If uhm the uhm automaton uhm is eh in the eh state uhm q3 uhm and uhm the eh input eh is eh 11100 mmm what eh happens ;The transition between q3 and q4 is with value 0.;[('simbolo-q3-q4', '#04ed00', 'stroke')];The automaton accepts zero or more words formed by a sequence of the type 110. In total there are 4 states: q0, q1, q2 e q4. q0 is both the initial and the final state.Le transizioni sono: q0 with value 1 goes goes q1, q1 with value 1 goes goes q2, q4 with value 0 goes to q0.;[];False;False
359;if the automaton is in the state q3 and the input is 11100 what happens;Eh if uhm the uhm automaton mmm is uhm in eh the eh state mmm q3 eh and mmm the mmm input uhm is 11100 eh what uhm happens ;The transition between q3 and q4 is with value 0.;[('simbolo-q3-q4', '#04ed00', 'stroke')];The automaton accepts zero or more words formed by a sequence of the type 110. In total there are 4 states: q0, q1, q2 e q4. q0 is both the initial and the final state.Le transizioni sono: q0 with value 1 goes goes q1, q1 with value 1 goes goes q2, q4 with value 0 goes to q0.;[];False;False
359;if the automaton is in the state q3 and the input is 11100 what happens;Eh if uhm the uhm automaton uhm is eh in eh the mmm state mmm q3 uhm and uhm the mmm input mmm is mmm 11100 mmm what mmm happens ;The transition between q3 and q4 is with value 0.;[('simbolo-q3-q4', '#04ed00', 'stroke')];The automaton accepts zero or more words formed by a sequence of the type 110. In total there are 4 states: q0, q1, q2 e q4. q0 is both the initial and the final state.Le transizioni sono: q0 with value 1 goes goes q1, q1 with value 1 goes goes q2, q4 with value 0 goes to q0.;[];False;False
360;if the automaton is in the state q3 and the input is 11100 what happens;If mmm the automaton is in the state q3 and the input is 11100 what happens ;there is no transition between q3 and q2.;[];The transition between q3 and q4 is with value 0.;[('simbolo-q3-q4', '#04ed00', 'stroke')];False;False
360;if the automaton is in the state q3 and the input is 11100 what happens;If the mmm automaton mmm is in the state q3 and the input is 11100 what happens ;there is no transition between q3 and q2.;[];the transition is not defined.;[];False;True
360;if the automaton is in the state q3 and the input is 11100 what happens;If the automaton is in the state q3 eh and the input is uhm 11100 eh what happens ;there is no transition between q3 and q2.;[];there is no transition between q3 and q3.;[];False;True
360;if the automaton is in the state q3 and the input is 11100 what happens;If the automaton is mmm in the state q3 uhm and uhm the eh input is 11100 what happens ;there is no transition between q3 and q2.;[];there is no transition between q3 and q3.;[];False;True
360;if the automaton is in the state q3 and the input is 11100 what happens;If the eh automaton is uhm in the mmm state mmm q3 and the input is 11100 eh what happens ;there is no transition between q3 and q2.;[];the transition is not defined.;[];False;True
360;if the automaton is in the state q3 and the input is 11100 what happens;If uhm the automaton eh is in the eh state q3 and the mmm input uhm is 11100 what mmm happens ;there is no transition between q3 and q2.;[];the transition is not defined.;[];False;True
360;if the automaton is in the state q3 and the input is 11100 what happens;If eh the eh automaton is uhm in the state mmm q3 and uhm the input uhm is eh 11100 what happens ;there is no transition between q3 and q2.;[];the transition is not defined.;[];False;True
360;if the automaton is in the state q3 and the input is 11100 what happens;Mmm if the mmm automaton eh is mmm in the state q3 uhm and the uhm input is eh 11100 uhm what happens ;there is no transition between q3 and q2.;[];The automaton has 4 states: q0, q1, q2 e q4.;[('simbolo-q0', '#04ed00', 'stroke'), ('simbolo-q1', '#04ed00', 'stroke'), ('simbolo-q2', '#04ed00', 'stroke'), ('simbolo-q4', '#04ed00', 'stroke')];False;False
360;if the automaton is in the state q3 and the input is 11100 what happens;If uhm the eh automaton eh is uhm in mmm the state uhm q3 and the eh input uhm is 11100 mmm what happens ;there is no transition between q3 and q2.;[];the transition is not defined.;[];False;True
360;if the automaton is in the state q3 and the input is 11100 what happens;If mmm the automaton is mmm in uhm the mmm state mmm q3 mmm and mmm the mmm input is uhm 11100 uhm what happens ;there is no transition between q3 and q2.;[];there is no transition between q3 and q3.;[];False;True
360;if the automaton is in the state q3 and the input is 11100 what happens;If uhm the eh automaton is in the uhm state eh q3 uhm and eh the eh input mmm is eh 11100 eh what eh happens ;there is no transition between q3 and q2.;[];the transition is not defined.;[];False;True
360;if the automaton is in the state q3 and the input is 11100 what happens;Eh if eh the uhm automaton eh is in mmm the mmm state mmm q3 mmm and mmm the input is eh 11100 uhm what mmm happens ;there is no transition between q3 and q2.;[];The automaton accepts zero or more words formed by a sequence of the type 110. In total there are 4 states: q0, q1, q2 e q4. q0 is both the initial and the final state.Le transizioni sono: q0 with value 1 goes goes q1, q1 with value 1 goes goes q2, q4 with value 0 goes to q0.;[];False;True
360;if the automaton is in the state q3 and the input is 11100 what happens;If mmm the eh automaton eh is in mmm the uhm state eh q3 uhm and mmm the eh input eh is eh 11100 uhm what uhm happens ;there is no transition between q3 and q2.;[];the transition is not defined.;[];False;True
360;if the automaton is in the state q3 and the input is 11100 what happens;Uhm if mmm the mmm automaton uhm is eh in uhm the uhm state uhm q3 uhm and uhm the input eh is mmm 11100 mmm what eh happens ;there is no transition between q3 and q2.;[];The automaton has 4 states: q0, q1, q2 e q4.;[('simbolo-q0', '#04ed00', 'stroke'), ('simbolo-q1', '#04ed00', 'stroke'), ('simbolo-q2', '#04ed00', 'stroke'), ('simbolo-q4', '#04ed00', 'stroke')];False;False
360;if the automaton is in the state q3 and the input is 11100 what happens;Uhm if mmm the mmm automaton uhm is eh in eh the uhm state uhm q3 eh and uhm the eh input eh is eh 11100 uhm what uhm happens ;there is no transition between q3 and q2.;[];The state q0 exists.;[('simbolo-q0', '#04ed00', 'stroke')];False;False
361;describe me the transitions;Describe uhm me the transitions ;The automaton has 3 transitions: q0 con valore 1 va in q1, q1 con valore 1 va in q2, q4 con valore 0 va in q0.;[('simbolo-q0-q1', '#04ed00', 'stroke'), ('simbolo-q1-q2', '#04ed00', 'stroke'), ('simbolo-q4-q0', '#04ed00', 'stroke')];there is no transition between q0 and q0.;[];False;False
361;describe me the transitions;Describe eh me eh the transitions ;The automaton has 3 transitions: q0 con valore 1 va in q1, q1 con valore 1 va in q2, q4 con valore 0 va in q0.;[('simbolo-q0-q1', '#04ed00', 'stroke'), ('simbolo-q1-q2', '#04ed00', 'stroke'), ('simbolo-q4-q0', '#04ed00', 'stroke')];there is no transition between q0 and q0.;[];False;False
361;describe me the transitions;Describe mmm me mmm the uhm transitions ;The automaton has 3 transitions: q0 con valore 1 va in q1, q1 con valore 1 va in q2, q4 con valore 0 va in q0.;[('simbolo-q0-q1', '#04ed00', 'stroke'), ('simbolo-q1-q2', '#04ed00', 'stroke'), ('simbolo-q4-q0', '#04ed00', 'stroke')];there is no transition between q0 and q0.;[];False;False
361;describe me the transitions;Uhm describe mmm me eh the eh transitions ;The automaton has 3 transitions: q0 con valore 1 va in q1, q1 con valore 1 va in q2, q4 con valore 0 va in q0.;[('simbolo-q0-q1', '#04ed00', 'stroke'), ('simbolo-q1-q2', '#04ed00', 'stroke'), ('simbolo-q4-q0', '#04ed00', 'stroke')];there is no transition between q0 and q0.;[];False;False
362;describe me the alphabet and how its used;Describe me the alphabet eh and how its used ;Potresti essere più specifico?;[];Potresti essere più specifico?;[];True;True
362;describe me the alphabet and how its used;Uhm describe me the alphabet and how its mmm used ;Potresti essere più specifico?;[];Potresti essere più specifico?;[];True;True
362;describe me the alphabet and how its used;Mmm describe me the alphabet and mmm how eh its used ;Potresti essere più specifico?;[];Potresti essere più specifico?;[];True;True
362;describe me the alphabet and how its used;Uhm describe me the alphabet uhm and how eh its eh used ;Potresti essere più specifico?;[];Potresti essere più specifico?;[];True;True
362;describe me the alphabet and how its used;Describe mmm me mmm the uhm alphabet eh and how eh its used ;Potresti essere più specifico?;[];Potresti essere più specifico?;[];True;True
362;describe me the alphabet and how its used;Eh describe me uhm the alphabet uhm and mmm how mmm its uhm used ;Potresti essere più specifico?;[];Potresti essere più specifico?;[];True;True
362;describe me the alphabet and how its used;Mmm describe eh me mmm the mmm alphabet uhm and uhm how its mmm used ;Potresti essere più specifico?;[];Potresti essere più specifico?;[];True;True
362;describe me the alphabet and how its used;Eh describe mmm me uhm the uhm alphabet eh and mmm how uhm its mmm used ;Potresti essere più specifico?;[];Potresti essere più specifico?;[];True;True
363;describe me the alphabet;Eh describe me the alphabet ;Potresti essere più specifico?;[];Potresti essere più specifico?;[];True;True
363;describe me the alphabet;Eh describe me uhm the alphabet ;Potresti essere più specifico?;[];Potresti essere più specifico?;[];True;True
363;describe me the alphabet;Mmm describe eh me the mmm alphabet ;Potresti essere più specifico?;[];Potresti essere più specifico?;[];True;True
363;describe me the alphabet;Mmm describe uhm me uhm the mmm alphabet ;Potresti essere più specifico?;[];Potresti essere più specifico?;[];True;True
364;describe me the language accepted;Eh describe me the language accepted ;Potresti essere più specifico?;[];Potresti essere più specifico?;[];True;True
364;describe me the language accepted;Mmm describe me mmm the language accepted ;Potresti essere più specifico?;[];Potresti essere più specifico?;[];True;True
364;describe me the language accepted;Mmm describe eh me uhm the language accepted ;Potresti essere più specifico?;[];Potresti essere più specifico?;[];True;True
364;describe me the language accepted;Describe eh me uhm the eh language mmm accepted ;Potresti essere più specifico?;[];Potresti essere più specifico?;[];True;True
364;describe me the language accepted;Eh describe mmm me eh the uhm language eh accepted ;Potresti essere più specifico?;[];Potresti essere più specifico?;[];True;True
365;what is a word in the language accepted;What eh is a word in the language accepted ;Potresti essere più specifico?;[];Potresti essere più specifico?;[];True;True
365;what is a word in the language accepted;What is a word eh in uhm the language accepted ;Potresti essere più specifico?;[];Potresti essere più specifico?;[];True;True
365;what is a word in the language accepted;What mmm is a word in eh the language uhm accepted ;Potresti essere più specifico?;[];Potresti essere più specifico?;[];True;True
365;what is a word in the language accepted;Uhm what is a uhm word eh in the mmm language accepted ;Potresti essere più specifico?;[];Potresti essere più specifico?;[];True;True
365;what is a word in the language accepted;Eh what is uhm a mmm word eh in the language mmm accepted ;Potresti essere più specifico?;[];Potresti essere più specifico?;[];True;True
365;what is a word in the language accepted;Uhm what mmm is a word mmm in uhm the uhm language uhm accepted ;Potresti essere più specifico?;[];Potresti essere più specifico?;[];True;True
365;what is a word in the language accepted;Eh what eh is a eh word eh in mmm the mmm language eh accepted ;Potresti essere più specifico?;[];Potresti essere più specifico?;[];True;True
365;what is a word in the language accepted;Uhm what eh is uhm a mmm word mmm in uhm the uhm language eh accepted ;Potresti essere più specifico?;[];Potresti essere più specifico?;[];True;True
366;describe me the state q1;Describe me the mmm state q1 ;The automaton has 4 states: q0, q1, q2 e q4.;[('simbolo-q0', '#04ed00', 'stroke'), ('simbolo-q1', '#04ed00', 'stroke'), ('simbolo-q2', '#04ed00', 'stroke'), ('simbolo-q4', '#04ed00', 'stroke')];The state q0 exists.;[('simbolo-q0', '#04ed00', 'stroke')];False;False
366;describe me the state q1;Describe me mmm the mmm state q1 ;The automaton has 4 states: q0, q1, q2 e q4.;[('simbolo-q0', '#04ed00', 'stroke'), ('simbolo-q1', '#04ed00', 'stroke'), ('simbolo-q2', '#04ed00', 'stroke'), ('simbolo-q4', '#04ed00', 'stroke')];The state q0 exists.;[('simbolo-q0', '#04ed00', 'stroke')];False;False
366;describe me the state q1;Uhm describe me the mmm state uhm q1 ;The automaton has 4 states: q0, q1, q2 e q4.;[('simbolo-q0', '#04ed00', 'stroke'), ('simbolo-q1', '#04ed00', 'stroke'), ('simbolo-q2', '#04ed00', 'stroke'), ('simbolo-q4', '#04ed00', 'stroke')];The state q0 exists.;[('simbolo-q0', '#04ed00', 'stroke')];False;False
366;describe me the state q1;Eh describe eh me the mmm state uhm q1 ;The automaton has 4 states: q0, q1, q2 e q4.;[('simbolo-q0', '#04ed00', 'stroke'), ('simbolo-q1', '#04ed00', 'stroke'), ('simbolo-q2', '#04ed00', 'stroke'), ('simbolo-q4', '#04ed00', 'stroke')];The state q0 exists.;[('simbolo-q0', '#04ed00', 'stroke')];False;False
366;describe me the state q1;Eh describe mmm me mmm the eh state mmm q1 ;The automaton has 4 states: q0, q1, q2 e q4.;[('simbolo-q0', '#04ed00', 'stroke'), ('simbolo-q1', '#04ed00', 'stroke'), ('simbolo-q2', '#04ed00', 'stroke'), ('simbolo-q4', '#04ed00', 'stroke')];The state q0 exists.;[('simbolo-q0', '#04ed00', 'stroke')];False;False
367;which is the final state;Which eh is the final state ;The final state is q0.;[('simbolo-q0', '#04ed00', 'stroke')];The final state is q0.;[('simbolo-q0', '#04ed00', 'stroke')];True;True
367;which is the final state;Which uhm is mmm the final state ;The final state is q0.;[('simbolo-q0', '#04ed00', 'stroke')];The final state is q0.;[('simbolo-q0', '#04ed00', 'stroke')];True;True
367;which is the final state;Which mmm is uhm the uhm final state ;The final state is q0.;[('simbolo-q0', '#04ed00', 'stroke')];The final state is q0.;[('simbolo-q0', '#04ed00', 'stroke')];True;True
367;which is the final state;Which mmm is uhm the uhm final uhm state ;The final state is q0.;[('simbolo-q0', '#04ed00', 'stroke')];The final state is q0.;[('simbolo-q0', '#04ed00', 'stroke')];True;True
367;which is the final state;Uhm which mmm is eh the mmm final uhm state ;The final state is q0.;[('simbolo-q0', '#04ed00', 'stroke')];The final state is q0.;[('simbolo-q0', '#04ed00', 'stroke')];True;True
368;can i transite from q1 to q0;Can i transite from q1 to eh q0 ;there is no transition between q1 and q0.;[];there is no transition between q1 and q0.;[];True;True
368;can i transite from q1 to q0;Can i transite uhm from q1 eh to q0 ;there is no transition between q1 and q0.;[];there is no transition between q1 and q0.;[];True;True
368;can i transite from q1 to q0;Eh can eh i eh transite from q1 to q0 ;there is no transition between q1 and q0.;[];there is no transition between q1 and q0.;[];True;True
368;can i transite from q1 to q0;Mmm can i transite eh from mmm q1 mmm to q0 ;there is no transition between q1 and q0.;[];the transition is not defined.;[];False;True
368;can i transite from q1 to q0;Can mmm i mmm transite from uhm q1 eh to mmm q0 ;there is no transition between q1 and q0.;[];there is no transition between q1 and q0.;[];True;True
368;can i transite from q1 to q0;Can eh i mmm transite eh from mmm q1 eh to eh q0 ;there is no transition between q1 and q0.;[];the transition is not defined.;[];False;True
368;can i transite from q1 to q0;Eh can uhm i mmm transite uhm from uhm q1 mmm to mmm q0 ;there is no transition between q1 and q0.;[];there is no transition between q1 and q0.;[];True;True
369;is 2 accepted as input;Mmm is 2 accepted as input ;Potresti essere più specifico?;[];Potresti essere più specifico?;[];True;True
369;is 2 accepted as input;Is mmm 2 mmm accepted as input ;Potresti essere più specifico?;[];Potresti essere più specifico?;[];True;True
369;is 2 accepted as input;Eh is 2 accepted mmm as mmm input ;Potresti essere più specifico?;[];Potresti essere più specifico?;[];True;True
369;is 2 accepted as input;Mmm is 2 eh accepted mmm as eh input ;Potresti essere più specifico?;[];Potresti essere più specifico?;[];True;True
369;is 2 accepted as input;Mmm is uhm 2 eh accepted uhm as uhm input ;Potresti essere più specifico?;[];Potresti essere più specifico?;[];True;True
370;suggest me some questions;Eh suggest me some questions ;Potresti essere più specifico?;[];Potresti essere più specifico?;[];True;True
370;suggest me some questions;Suggest eh me some uhm questions ;Potresti essere più specifico?;[];Potresti essere più specifico?;[];True;True
370;suggest me some questions;Suggest mmm me mmm some eh questions ;Potresti essere più specifico?;[];Potresti essere più specifico?;[];True;True
370;suggest me some questions;Eh suggest eh me eh some eh questions ;Potresti essere più specifico?;[];Potresti essere più specifico?;[];True;True
371;tell me something about the states ;Tell me something about uhm the states ;The state q0 exists.;[('simbolo-q0', '#04ed00', 'stroke')];The state q0 exists.;[('simbolo-q0', '#04ed00', 'stroke')];True;True
371;tell me something about the states ;Tell me eh something about mmm the states ;The state q0 exists.;[('simbolo-q0', '#04ed00', 'stroke')];The state q0 exists.;[('simbolo-q0', '#04ed00', 'stroke')];True;True
371;tell me something about the states ;Tell me eh something eh about the uhm states ;The state q0 exists.;[('simbolo-q0', '#04ed00', 'stroke')];The state q0 exists.;[('simbolo-q0', '#04ed00', 'stroke')];True;True
371;tell me something about the states ;Uhm tell me uhm something mmm about mmm the states ;The state q0 exists.;[('simbolo-q0', '#04ed00', 'stroke')];The state q0 exists.;[('simbolo-q0', '#04ed00', 'stroke')];True;True
371;tell me something about the states ;Uhm tell mmm me uhm something about eh the eh states ;The state q0 exists.;[('simbolo-q0', '#04ed00', 'stroke')];The state q0 exists.;[('simbolo-q0', '#04ed00', 'stroke')];True;True
371;tell me something about the states ;Uhm tell mmm me uhm something uhm about uhm the uhm states ;The state q0 exists.;[('simbolo-q0', '#04ed00', 'stroke')];The state q0 exists.;[('simbolo-q0', '#04ed00', 'stroke')];True;True
372;thank for helping me;Eh thank for helping me ;Potresti essere più specifico?;[];Potresti essere più specifico?;[];True;True
372;thank for helping me;Thank mmm for mmm helping me ;Potresti essere più specifico?;[];Potresti essere più specifico?;[];True;True
372;thank for helping me;Thank eh for eh helping mmm me ;Potresti essere più specifico?;[];Potresti essere più specifico?;[];True;True
372;thank for helping me;Uhm thank uhm for eh helping uhm me ;Potresti essere più specifico?;[];Potresti essere più specifico?;[];True;True
373;an alc from z0 to q1;An alc uhm from z0 to q1 ;the transition is not defined.;[];the transition is not defined.;[];True;True
373;an alc from z0 to q1;Uhm an eh alc from z0 to q1 ;the transition is not defined.;[];the transition is not defined.;[];True;True
373;an alc from z0 to q1;An alc from eh z0 eh to mmm q1 ;the transition is not defined.;[];Potresti essere più specifico?;[];False;True
373;an alc from z0 to q1;Eh an uhm alc uhm from z0 to mmm q1 ;the transition is not defined.;[];Potresti essere più specifico?;[];False;True
373;an alc from z0 to q1;Uhm an alc eh from eh z0 mmm to eh q1 ;the transition is not defined.;[];Potresti essere più specifico?;[];False;True
373;an alc from z0 to q1;Mmm an uhm alc eh from eh z0 eh to mmm q1 ;the transition is not defined.;[];Potresti essere più specifico?;[];False;True
374;what can i ask you;Uhm what can i ask you ;Potresti essere più specifico?;[];Potresti essere più specifico?;[];True;True
374;what can i ask you;What uhm can i uhm ask you ;Potresti essere più specifico?;[];Potresti essere più specifico?;[];True;True
374;what can i ask you;Uhm what can mmm i ask uhm you ;Potresti essere più specifico?;[];Potresti essere più specifico?;[];True;True
374;what can i ask you;Uhm what can eh i eh ask uhm you ;Potresti essere più specifico?;[];Potresti essere più specifico?;[];True;True
374;what can i ask you;Mmm what eh can uhm i uhm ask uhm you ;Potresti essere più specifico?;[];Potresti essere più specifico?;[];True;True
375;is the automation a DFA or NFA;Is the automation a dfa uhm or nfa ;The automaton has 4 states: q0, q1, q2 e q4.;[('simbolo-q0', '#04ed00', 'stroke'), ('simbolo-q1', '#04ed00', 'stroke'), ('simbolo-q2', '#04ed00', 'stroke'), ('simbolo-q4', '#04ed00', 'stroke')];The automaton accepts zero or more words formed by a sequence of the type 110. In total there are 4 states: q0, q1, q2 e q4. q0 is both the initial and the final state.Le transizioni sono: q0 with value 1 goes goes q1, q1 with value 1 goes goes q2, q4 with value 0 goes to q0.;[];False;False
375;is the automation a DFA or NFA;Is the automation eh a dfa eh or nfa ;The automaton has 4 states: q0, q1, q2 e q4.;[('simbolo-q0', '#04ed00', 'stroke'), ('simbolo-q1', '#04ed00', 'stroke'), ('simbolo-q2', '#04ed00', 'stroke'), ('simbolo-q4', '#04ed00', 'stroke')];The automaton accepts zero or more words formed by a sequence of the type 110. In total there are 4 states: q0, q1, q2 e q4. q0 is both the initial and the final state.Le transizioni sono: q0 with value 1 goes goes q1, q1 with value 1 goes goes q2, q4 with value 0 goes to q0.;[];False;False
375;is the automation a DFA or NFA;Eh is the uhm automation a dfa eh or nfa ;The automaton has 4 states: q0, q1, q2 e q4.;[('simbolo-q0', '#04ed00', 'stroke'), ('simbolo-q1', '#04ed00', 'stroke'), ('simbolo-q2', '#04ed00', 'stroke'), ('simbolo-q4', '#04ed00', 'stroke')];The automaton accepts zero or more words formed by a sequence of the type 110. In total there are 4 states: q0, q1, q2 e q4. q0 is both the initial and the final state.Le transizioni sono: q0 with value 1 goes goes q1, q1 with value 1 goes goes q2, q4 with value 0 goes to q0.;[];False;False
375;is the automation a DFA or NFA;Eh is mmm the eh automation a dfa or eh nfa ;The automaton has 4 states: q0, q1, q2 e q4.;[('simbolo-q0', '#04ed00', 'stroke'), ('simbolo-q1', '#04ed00', 'stroke'), ('simbolo-q2', '#04ed00', 'stroke'), ('simbolo-q4', '#04ed00', 'stroke')];The automaton has 4 states: q0, q1, q2 e q4.;[('simbolo-q0', '#04ed00', 'stroke'), ('simbolo-q1', '#04ed00', 'stroke'), ('simbolo-q2', '#04ed00', 'stroke'), ('simbolo-q4', '#04ed00', 'stroke')];True;True
375;is the automation a DFA or NFA;Is mmm the eh automation eh a dfa mmm or mmm nfa ;The automaton has 4 states: q0, q1, q2 e q4.;[('simbolo-q0', '#04ed00', 'stroke'), ('simbolo-q1', '#04ed00', 'stroke'), ('simbolo-q2', '#04ed00', 'stroke'), ('simbolo-q4', '#04ed00', 'stroke')];The automaton has 4 states: q0, q1, q2 e q4.;[('simbolo-q0', '#04ed00', 'stroke'), ('simbolo-q1', '#04ed00', 'stroke'), ('simbolo-q2', '#04ed00', 'stroke'), ('simbolo-q4', '#04ed00', 'stroke')];True;True
375;is the automation a DFA or NFA;Mmm is the uhm automation eh a eh dfa eh or mmm nfa ;The automaton has 4 states: q0, q1, q2 e q4.;[('simbolo-q0', '#04ed00', 'stroke'), ('simbolo-q1', '#04ed00', 'stroke'), ('simbolo-q2', '#04ed00', 'stroke'), ('simbolo-q4', '#04ed00', 'stroke')];Potresti essere più specifico?;[];False;False
375;is the automation a DFA or NFA;Mmm is uhm the mmm automation uhm a eh dfa uhm or eh nfa ;The automaton has 4 states: q0, q1, q2 e q4.;[('simbolo-q0', '#04ed00', 'stroke'), ('simbolo-q1', '#04ed00', 'stroke'), ('simbolo-q2', '#04ed00', 'stroke'), ('simbolo-q4', '#04ed00', 'stroke')];The automaton accepts zero or more words formed by a sequence of the type 110. In total there are 4 states: q0, q1, q2 e q4. q0 is both the initial and the final state.Le transizioni sono: q0 with value 1 goes goes q1, q1 with value 1 goes goes q2, q4 with value 0 goes to q0.;[];False;False
376;can you describe the trasition function;Can mmm you describe the trasition function ;there is no transition between q0 and q0.;[];The automaton has 3 transitions: q0 con valore 1 va in q1, q1 con valore 1 va in q2, q4 con valore 0 va in q0.;[('simbolo-q0-q1', '#04ed00', 'stroke'), ('simbolo-q1-q2', '#04ed00', 'stroke'), ('simbolo-q4-q0', '#04ed00', 'stroke')];False;False
376;can you describe the trasition function;Can you mmm describe the trasition uhm function ;there is no transition between q0 and q0.;[];there is no transition between q0 and q0.;[];True;True
376;can you describe the trasition function;Uhm can you mmm describe uhm the trasition function ;there is no transition between q0 and q0.;[];there is no transition between q0 and q0.;[];True;True
376;can you describe the trasition function;Eh can you mmm describe the eh trasition uhm function ;there is no transition between q0 and q0.;[];there is no transition between q0 and q0.;[];True;True
376;can you describe the trasition function;Eh can eh you mmm describe eh the eh trasition function ;there is no transition between q0 and q0.;[];there is no transition between q0 and q0.;[];True;True
376;can you describe the trasition function;Mmm can mmm you eh describe eh the eh trasition uhm function ;there is no transition between q0 and q0.;[];there is no transition between q0 and q0.;[];True;True
377;in which state would the automation goes if it read a 0 from the state q1;In which state would the automation goes eh if it read a 0 from the state q1 ;The automaton has 4 states: q0, q1, q2 e q4.;[('simbolo-q0', '#04ed00', 'stroke'), ('simbolo-q1', '#04ed00', 'stroke'), ('simbolo-q2', '#04ed00', 'stroke'), ('simbolo-q4', '#04ed00', 'stroke')];The automaton has 4 states: q0, q1, q2 e q4.;[('simbolo-q0', '#04ed00', 'stroke'), ('simbolo-q1', '#04ed00', 'stroke'), ('simbolo-q2', '#04ed00', 'stroke'), ('simbolo-q4', '#04ed00', 'stroke')];True;True
377;in which state would the automation goes if it read a 0 from the state q1;In which state would the eh automation goes eh if it read a 0 from the state q1 ;The automaton has 4 states: q0, q1, q2 e q4.;[('simbolo-q0', '#04ed00', 'stroke'), ('simbolo-q1', '#04ed00', 'stroke'), ('simbolo-q2', '#04ed00', 'stroke'), ('simbolo-q4', '#04ed00', 'stroke')];The automaton has 4 states: q0, q1, q2 e q4.;[('simbolo-q0', '#04ed00', 'stroke'), ('simbolo-q1', '#04ed00', 'stroke'), ('simbolo-q2', '#04ed00', 'stroke'), ('simbolo-q4', '#04ed00', 'stroke')];True;True
377;in which state would the automation goes if it read a 0 from the state q1;In which eh state would the automation goes if it read mmm a 0 from mmm the state q1 ;The automaton has 4 states: q0, q1, q2 e q4.;[('simbolo-q0', '#04ed00', 'stroke'), ('simbolo-q1', '#04ed00', 'stroke'), ('simbolo-q2', '#04ed00', 'stroke'), ('simbolo-q4', '#04ed00', 'stroke')];The automaton has 4 states: q0, q1, q2 e q4.;[('simbolo-q0', '#04ed00', 'stroke'), ('simbolo-q1', '#04ed00', 'stroke'), ('simbolo-q2', '#04ed00', 'stroke'), ('simbolo-q4', '#04ed00', 'stroke')];True;True
377;in which state would the automation goes if it read a 0 from the state q1;In which state would the automation uhm goes if eh it read eh a 0 from the eh state q1 ;The automaton has 4 states: q0, q1, q2 e q4.;[('simbolo-q0', '#04ed00', 'stroke'), ('simbolo-q1', '#04ed00', 'stroke'), ('simbolo-q2', '#04ed00', 'stroke'), ('simbolo-q4', '#04ed00', 'stroke')];The automaton has 4 states: q0, q1, q2 e q4.;[('simbolo-q0', '#04ed00', 'stroke'), ('simbolo-q1', '#04ed00', 'stroke'), ('simbolo-q2', '#04ed00', 'stroke'), ('simbolo-q4', '#04ed00', 'stroke')];True;True
377;in which state would the automation goes if it read a 0 from the state q1;In which mmm state eh would the automation goes eh if it read a uhm 0 from eh the state q1 ;The automaton has 4 states: q0, q1, q2 e q4.;[('simbolo-q0', '#04ed00', 'stroke'), ('simbolo-q1', '#04ed00', 'stroke'), ('simbolo-q2', '#04ed00', 'stroke'), ('simbolo-q4', '#04ed00', 'stroke')];The automaton has 4 states: q0, q1, q2 e q4.;[('simbolo-q0', '#04ed00', 'stroke'), ('simbolo-q1', '#04ed00', 'stroke'), ('simbolo-q2', '#04ed00', 'stroke'), ('simbolo-q4', '#04ed00', 'stroke')];True;True
377;in which state would the automation goes if it read a 0 from the state q1;Mmm in which state would mmm the mmm automation mmm goes mmm if it read mmm a 0 from the state q1 ;The automaton has 4 states: q0, q1, q2 e q4.;[('simbolo-q0', '#04ed00', 'stroke'), ('simbolo-q1', '#04ed00', 'stroke'), ('simbolo-q2', '#04ed00', 'stroke'), ('simbolo-q4', '#04ed00', 'stroke')];The state q0 exists.;[('simbolo-q0', '#04ed00', 'stroke')];False;False
377;in which state would the automation goes if it read a 0 from the state q1;In eh which eh state eh would the automation goes if mmm it read mmm a 0 from uhm the uhm state q1 ;The automaton has 4 states: q0, q1, q2 e q4.;[('simbolo-q0', '#04ed00', 'stroke'), ('simbolo-q1', '#04ed00', 'stroke'), ('simbolo-q2', '#04ed00', 'stroke'), ('simbolo-q4', '#04ed00', 'stroke')];The automaton has 4 states: q0, q1, q2 e q4.;[('simbolo-q0', '#04ed00', 'stroke'), ('simbolo-q1', '#04ed00', 'stroke'), ('simbolo-q2', '#04ed00', 'stroke'), ('simbolo-q4', '#04ed00', 'stroke')];True;True
377;in which state would the automation goes if it read a 0 from the state q1;In mmm which mmm state uhm would the automation uhm goes if mmm it read a eh 0 mmm from uhm the state q1 ;The automaton has 4 states: q0, q1, q2 e q4.;[('simbolo-q0', '#04ed00', 'stroke'), ('simbolo-q1', '#04ed00', 'stroke'), ('simbolo-q2', '#04ed00', 'stroke'), ('simbolo-q4', '#04ed00', 'stroke')];The automaton has 4 states: q0, q1, q2 e q4.;[('simbolo-q0', '#04ed00', 'stroke'), ('simbolo-q1', '#04ed00', 'stroke'), ('simbolo-q2', '#04ed00', 'stroke'), ('simbolo-q4', '#04ed00', 'stroke')];True;True
377;in which state would the automation goes if it read a 0 from the state q1;In which eh state would the mmm automation uhm goes if it mmm read a mmm 0 mmm from eh the mmm state uhm q1 ;The automaton has 4 states: q0, q1, q2 e q4.;[('simbolo-q0', '#04ed00', 'stroke'), ('simbolo-q1', '#04ed00', 'stroke'), ('simbolo-q2', '#04ed00', 'stroke'), ('simbolo-q4', '#04ed00', 'stroke')];The automaton has 4 states: q0, q1, q2 e q4.;[('simbolo-q0', '#04ed00', 'stroke'), ('simbolo-q1', '#04ed00', 'stroke'), ('simbolo-q2', '#04ed00', 'stroke'), ('simbolo-q4', '#04ed00', 'stroke')];True;True
377;in which state would the automation goes if it read a 0 from the state q1;In which mmm state would uhm the uhm automation eh goes uhm if eh it read eh a 0 mmm from eh the state uhm q1 ;The automaton has 4 states: q0, q1, q2 e q4.;[('simbolo-q0', '#04ed00', 'stroke'), ('simbolo-q1', '#04ed00', 'stroke'), ('simbolo-q2', '#04ed00', 'stroke'), ('simbolo-q4', '#04ed00', 'stroke')];The automaton has 4 states: q0, q1, q2 e q4.;[('simbolo-q0', '#04ed00', 'stroke'), ('simbolo-q1', '#04ed00', 'stroke'), ('simbolo-q2', '#04ed00', 'stroke'), ('simbolo-q4', '#04ed00', 'stroke')];True;True
377;in which state would the automation goes if it read a 0 from the state q1;Eh in eh which uhm state eh would the mmm automation eh goes if uhm it read uhm a uhm 0 from the mmm state mmm q1 ;The automaton has 4 states: q0, q1, q2 e q4.;[('simbolo-q0', '#04ed00', 'stroke'), ('simbolo-q1', '#04ed00', 'stroke'), ('simbolo-q2', '#04ed00', 'stroke'), ('simbolo-q4', '#04ed00', 'stroke')];The state q0 exists.;[('simbolo-q0', '#04ed00', 'stroke')];False;False
377;in which state would the automation goes if it read a 0 from the state q1;In eh which uhm state would eh the mmm automation eh goes mmm if mmm it mmm read eh a mmm 0 from the eh state eh q1 ;The automaton has 4 states: q0, q1, q2 e q4.;[('simbolo-q0', '#04ed00', 'stroke'), ('simbolo-q1', '#04ed00', 'stroke'), ('simbolo-q2', '#04ed00', 'stroke'), ('simbolo-q4', '#04ed00', 'stroke')];The state q0 exists.;[('simbolo-q0', '#04ed00', 'stroke')];False;False
377;in which state would the automation goes if it read a 0 from the state q1;Eh in mmm which uhm state uhm would uhm the eh automation goes mmm if eh it uhm read mmm a mmm 0 from eh the state mmm q1 ;The automaton has 4 states: q0, q1, q2 e q4.;[('simbolo-q0', '#04ed00', 'stroke'), ('simbolo-q1', '#04ed00', 'stroke'), ('simbolo-q2', '#04ed00', 'stroke'), ('simbolo-q4', '#04ed00', 'stroke')];The automaton has 4 states: q0, q1, q2 e q4.;[('simbolo-q0', '#04ed00', 'stroke'), ('simbolo-q1', '#04ed00', 'stroke'), ('simbolo-q2', '#04ed00', 'stroke'), ('simbolo-q4', '#04ed00', 'stroke')];True;True
377;in which state would the automation goes if it read a 0 from the state q1;Eh in mmm which uhm state uhm would mmm the uhm automation mmm goes mmm if uhm it eh read eh a eh 0 from mmm the state uhm q1 ;The automaton has 4 states: q0, q1, q2 e q4.;[('simbolo-q0', '#04ed00', 'stroke'), ('simbolo-q1', '#04ed00', 'stroke'), ('simbolo-q2', '#04ed00', 'stroke'), ('simbolo-q4', '#04ed00', 'stroke')];The state q0 exists.;[('simbolo-q0', '#04ed00', 'stroke')];False;False
377;in which state would the automation goes if it read a 0 from the state q1;Uhm in eh which mmm state mmm would mmm the eh automation eh goes uhm if uhm it eh read eh a uhm 0 uhm from mmm the state uhm q1 ;The automaton has 4 states: q0, q1, q2 e q4.;[('simbolo-q0', '#04ed00', 'stroke'), ('simbolo-q1', '#04ed00', 'stroke'), ('simbolo-q2', '#04ed00', 'stroke'), ('simbolo-q4', '#04ed00', 'stroke')];The automaton has 4 states: q0, q1, q2 e q4.;[('simbolo-q0', '#04ed00', 'stroke'), ('simbolo-q1', '#04ed00', 'stroke'), ('simbolo-q2', '#04ed00', 'stroke'), ('simbolo-q4', '#04ed00', 'stroke')];True;True
377;in which state would the automation goes if it read a 0 from the state q1;Uhm in mmm which eh state eh would uhm the uhm automation uhm goes mmm if uhm it mmm read eh a eh 0 mmm from eh the mmm state mmm q1 ;The automaton has 4 states: q0, q1, q2 e q4.;[('simbolo-q0', '#04ed00', 'stroke'), ('simbolo-q1', '#04ed00', 'stroke'), ('simbolo-q2', '#04ed00', 'stroke'), ('simbolo-q4', '#04ed00', 'stroke')];The automaton has 4 states: q0, q1, q2 e q4.;[('simbolo-q0', '#04ed00', 'stroke'), ('simbolo-q1', '#04ed00', 'stroke'), ('simbolo-q2', '#04ed00', 'stroke'), ('simbolo-q4', '#04ed00', 'stroke')];True;True
378;is the automation deterministic or non-deterministic;Is the automation deterministic mmm or non-deterministic ;The automaton accepts zero or more words formed by a sequence of the type 110. In total there are 4 states: q0, q1, q2 e q4. q0 is both the initial and the final state.Le transizioni sono: q0 with value 1 goes goes q1, q1 with value 1 goes goes q2, q4 with value 0 goes to q0.;[];The automaton accepts zero or more words formed by a sequence of the type 110. In total there are 4 states: q0, q1, q2 e q4. q0 is both the initial and the final state.Le transizioni sono: q0 with value 1 goes goes q1, q1 with value 1 goes goes q2, q4 with value 0 goes to q0.;[];True;True
378;is the automation deterministic or non-deterministic;Is mmm the automation mmm deterministic or non-deterministic ;The automaton accepts zero or more words formed by a sequence of the type 110. In total there are 4 states: q0, q1, q2 e q4. q0 is both the initial and the final state.Le transizioni sono: q0 with value 1 goes goes q1, q1 with value 1 goes goes q2, q4 with value 0 goes to q0.;[];The automaton accepts zero or more words formed by a sequence of the type 110. In total there are 4 states: q0, q1, q2 e q4. q0 is both the initial and the final state.Le transizioni sono: q0 with value 1 goes goes q1, q1 with value 1 goes goes q2, q4 with value 0 goes to q0.;[];True;True
378;is the automation deterministic or non-deterministic;Is eh the eh automation deterministic or uhm non-deterministic ;The automaton accepts zero or more words formed by a sequence of the type 110. In total there are 4 states: q0, q1, q2 e q4. q0 is both the initial and the final state.Le transizioni sono: q0 with value 1 goes goes q1, q1 with value 1 goes goes q2, q4 with value 0 goes to q0.;[];The automaton accepts zero or more words formed by a sequence of the type 110. In total there are 4 states: q0, q1, q2 e q4. q0 is both the initial and the final state.Le transizioni sono: q0 with value 1 goes goes q1, q1 with value 1 goes goes q2, q4 with value 0 goes to q0.;[];True;True
378;is the automation deterministic or non-deterministic;Is eh the mmm automation uhm deterministic eh or non-deterministic ;The automaton accepts zero or more words formed by a sequence of the type 110. In total there are 4 states: q0, q1, q2 e q4. q0 is both the initial and the final state.Le transizioni sono: q0 with value 1 goes goes q1, q1 with value 1 goes goes q2, q4 with value 0 goes to q0.;[];The automaton accepts zero or more words formed by a sequence of the type 110. In total there are 4 states: q0, q1, q2 e q4. q0 is both the initial and the final state.Le transizioni sono: q0 with value 1 goes goes q1, q1 with value 1 goes goes q2, q4 with value 0 goes to q0.;[];True;True
378;is the automation deterministic or non-deterministic;Mmm is eh the automation eh deterministic mmm or eh non-deterministic ;The automaton accepts zero or more words formed by a sequence of the type 110. In total there are 4 states: q0, q1, q2 e q4. q0 is both the initial and the final state.Le transizioni sono: q0 with value 1 goes goes q1, q1 with value 1 goes goes q2, q4 with value 0 goes to q0.;[];The automaton accepts zero or more words formed by a sequence of the type 110. In total there are 4 states: q0, q1, q2 e q4. q0 is both the initial and the final state.Le transizioni sono: q0 with value 1 goes goes q1, q1 with value 1 goes goes q2, q4 with value 0 goes to q0.;[];True;True
378;is the automation deterministic or non-deterministic;Mmm is uhm the uhm automation mmm deterministic mmm or mmm non-deterministic ;The automaton accepts zero or more words formed by a sequence of the type 110. In total there are 4 states: q0, q1, q2 e q4. q0 is both the initial and the final state.Le transizioni sono: q0 with value 1 goes goes q1, q1 with value 1 goes goes q2, q4 with value 0 goes to q0.;[];The automaton accepts zero or more words formed by a sequence of the type 110. In total there are 4 states: q0, q1, q2 e q4. q0 is both the initial and the final state.Le transizioni sono: q0 with value 1 goes goes q1, q1 with value 1 goes goes q2, q4 with value 0 goes to q0.;[];True;True
379;given the deterministc nature of the automation, why there is no a transition when I am in q1 and the automation read 0;Given the deterministc nature of the uhm automation, why there is no a transition when i am in q1 and the automation read 0 ;The transition between q1 and q2 is with value 1.;[('simbolo-q1-q2', '#04ed00', 'stroke')];The transition between q1 and q2 is with value 1.;[('simbolo-q1-q2', '#04ed00', 'stroke')];True;True
379;given the deterministc nature of the automation, why there is no a transition when I am in q1 and the automation read 0;Given mmm the deterministc nature of the automation, why there is eh no a transition when i am in q1 and the automation read 0 ;The transition between q1 and q2 is with value 1.;[('simbolo-q1-q2', '#04ed00', 'stroke')];there is no transition between q1 and q1.;[];False;False
379;given the deterministc nature of the automation, why there is no a transition when I am in q1 and the automation read 0;Given the eh deterministc nature of the automation, why there is no a transition when i am in mmm q1 and eh the automation read 0 ;The transition between q1 and q2 is with value 1.;[('simbolo-q1-q2', '#04ed00', 'stroke')];the transition is not defined.;[];False;False
379;given the deterministc nature of the automation, why there is no a transition when I am in q1 and the automation read 0;Given the mmm deterministc nature of the automation, why there is uhm no a transition when uhm i am in q1 and the automation read mmm 0 ;The transition between q1 and q2 is with value 1.;[('simbolo-q1-q2', '#04ed00', 'stroke')];the transition is not defined.;[];False;False
379;given the deterministc nature of the automation, why there is no a transition when I am in q1 and the automation read 0;Given mmm the mmm deterministc nature uhm of the automation, why there is no a transition when i am in q1 and the automation mmm read eh 0 ;The transition between q1 and q2 is with value 1.;[('simbolo-q1-q2', '#04ed00', 'stroke')];The automaton has 3 transitions: q0 con valore 1 va in q1, q1 con valore 1 va in q2, q4 con valore 0 va in q0.;[('simbolo-q0-q1', '#04ed00', 'stroke'), ('simbolo-q1-q2', '#04ed00', 'stroke'), ('simbolo-q4-q0', '#04ed00', 'stroke')];False;False
379;given the deterministc nature of the automation, why there is no a transition when I am in q1 and the automation read 0;Mmm given the deterministc nature of the automation, why there eh is no a transition eh when i am in q1 and the uhm automation uhm read uhm 0 ;The transition between q1 and q2 is with value 1.;[('simbolo-q1-q2', '#04ed00', 'stroke')];The automaton has 3 transitions: q0 con valore 1 va in q1, q1 con valore 1 va in q2, q4 con valore 0 va in q0.;[('simbolo-q0-q1', '#04ed00', 'stroke'), ('simbolo-q1-q2', '#04ed00', 'stroke'), ('simbolo-q4-q0', '#04ed00', 'stroke')];False;False
379;given the deterministc nature of the automation, why there is no a transition when I am in q1 and the automation read 0;Given the deterministc mmm nature eh of the mmm automation, why there is no a transition when i mmm am in eh q1 and uhm the automation eh read 0 ;The transition between q1 and q2 is with value 1.;[('simbolo-q1-q2', '#04ed00', 'stroke')];there is no transition between q1 and q1.;[];False;False
379;given the deterministc nature of the automation, why there is no a transition when I am in q1 and the automation read 0;Given the deterministc eh nature eh of the automation, eh why mmm there is no a eh transition when uhm i am in uhm q1 and mmm the automation read 0 ;The transition between q1 and q2 is with value 1.;[('simbolo-q1-q2', '#04ed00', 'stroke')];there is no transition between q1 and q1.;[];False;False
379;given the deterministc nature of the automation, why there is no a transition when I am in q1 and the automation read 0;Mmm given mmm the eh deterministc uhm nature of the mmm automation, why there is no uhm a transition mmm when i mmm am in q1 and the automation read uhm 0 ;The transition between q1 and q2 is with value 1.;[('simbolo-q1-q2', '#04ed00', 'stroke')];The transition between q1 and q2 is with value 1.;[('simbolo-q1-q2', '#04ed00', 'stroke')];True;True
379;given the deterministc nature of the automation, why there is no a transition when I am in q1 and the automation read 0;Given eh the deterministc eh nature of the automation, mmm why uhm there mmm is no a transition when eh i uhm am in q1 and eh the uhm automation uhm read 0 ;The transition between q1 and q2 is with value 1.;[('simbolo-q1-q2', '#04ed00', 'stroke')];there is no transition between q1 and q1.;[];False;False
379;given the deterministc nature of the automation, why there is no a transition when I am in q1 and the automation read 0;Eh given mmm the uhm deterministc uhm nature of the automation, why there is eh no eh a transition eh when i am in mmm q1 and uhm the eh automation read mmm 0 ;The transition between q1 and q2 is with value 1.;[('simbolo-q1-q2', '#04ed00', 'stroke')];the transition is not defined.;[];False;False
379;given the deterministc nature of the automation, why there is no a transition when I am in q1 and the automation read 0;Mmm given the deterministc nature uhm of uhm the eh automation, uhm why uhm there is eh no eh a transition mmm when i am mmm in q1 and mmm the mmm automation read 0 ;The transition between q1 and q2 is with value 1.;[('simbolo-q1-q2', '#04ed00', 'stroke')];The automaton accepts zero or more words formed by a sequence of the type 110. In total there are 4 states: q0, q1, q2 e q4. q0 is both the initial and the final state.Le transizioni sono: q0 with value 1 goes goes q1, q1 with value 1 goes goes q2, q4 with value 0 goes to q0.;[];False;False
379;given the deterministc nature of the automation, why there is no a transition when I am in q1 and the automation read 0;Given mmm the mmm deterministc nature uhm of uhm the automation, uhm why there mmm is mmm no a mmm transition mmm when mmm i eh am uhm in q1 and uhm the automation read 0 ;The transition between q1 and q2 is with value 1.;[('simbolo-q1-q2', '#04ed00', 'stroke')];The automaton has 3 transitions: q0 con valore 1 va in q1, q1 con valore 1 va in q2, q4 con valore 0 va in q0.;[('simbolo-q0-q1', '#04ed00', 'stroke'), ('simbolo-q1-q2', '#04ed00', 'stroke'), ('simbolo-q4-q0', '#04ed00', 'stroke')];False;False
379;given the deterministc nature of the automation, why there is no a transition when I am in q1 and the automation read 0;Given eh the mmm deterministc mmm nature mmm of eh the mmm automation, eh why there is eh no mmm a uhm transition when mmm i eh am in q1 and eh the automation eh read 0 ;The transition between q1 and q2 is with value 1.;[('simbolo-q1-q2', '#04ed00', 'stroke')];The transition between q1 and q2 is with value 1.;[('simbolo-q1-q2', '#04ed00', 'stroke')];True;True
379;given the deterministc nature of the automation, why there is no a transition when I am in q1 and the automation read 0;Given the deterministc mmm nature of uhm the automation, why eh there eh is uhm no mmm a eh transition mmm when i uhm am uhm in eh q1 and mmm the uhm automation mmm read uhm 0 ;The transition between q1 and q2 is with value 1.;[('simbolo-q1-q2', '#04ed00', 'stroke')];there is no transition between q1 and q1.;[];False;False
379;given the deterministc nature of the automation, why there is no a transition when I am in q1 and the automation read 0;Uhm given uhm the deterministc uhm nature eh of mmm the eh automation, uhm why eh there eh is uhm no eh a transition when eh i uhm am in uhm q1 and uhm the uhm automation read 0 ;The transition between q1 and q2 is with value 1.;[('simbolo-q1-q2', '#04ed00', 'stroke')];The automaton has 3 transitions: q0 con valore 1 va in q1, q1 con valore 1 va in q2, q4 con valore 0 va in q0.;[('simbolo-q0-q1', '#04ed00', 'stroke'), ('simbolo-q1-q2', '#04ed00', 'stroke'), ('simbolo-q4-q0', '#04ed00', 'stroke')];False;False
379;given the deterministc nature of the automation, why there is no a transition when I am in q1 and the automation read 0;Uhm given eh the mmm deterministc mmm nature of mmm the mmm automation, uhm why eh there is uhm no uhm a mmm transition eh when uhm i am eh in q1 and uhm the eh automation read uhm 0 ;The transition between q1 and q2 is with value 1.;[('simbolo-q1-q2', '#04ed00', 'stroke')];The transition between q1 and q2 is with value 1.;[('simbolo-q1-q2', '#04ed00', 'stroke')];True;True
379;given the deterministc nature of the automation, why there is no a transition when I am in q1 and the automation read 0;Mmm given uhm the mmm deterministc uhm nature of eh the automation, eh why there uhm is no eh a transition uhm when uhm i eh am mmm in eh q1 mmm and uhm the uhm automation uhm read uhm 0 ;The transition between q1 and q2 is with value 1.;[('simbolo-q1-q2', '#04ed00', 'stroke')];The automaton accepts zero or more words formed by a sequence of the type 110. In total there are 4 states: q0, q1, q2 e q4. q0 is both the initial and the final state.Le transizioni sono: q0 with value 1 goes goes q1, q1 with value 1 goes goes q2, q4 with value 0 goes to q0.;[];False;False
379;given the deterministc nature of the automation, why there is no a transition when I am in q1 and the automation read 0;Eh given eh the mmm deterministc eh nature eh of eh the mmm automation, why there mmm is no mmm a uhm transition eh when mmm i am eh in eh q1 uhm and uhm the mmm automation uhm read eh 0 ;The transition between q1 and q2 is with value 1.;[('simbolo-q1-q2', '#04ed00', 'stroke')];The automaton has 3 transitions: q0 con valore 1 va in q1, q1 con valore 1 va in q2, q4 con valore 0 va in q0.;[('simbolo-q0-q1', '#04ed00', 'stroke'), ('simbolo-q1-q2', '#04ed00', 'stroke'), ('simbolo-q4-q0', '#04ed00', 'stroke')];False;False
379;given the deterministc nature of the automation, why there is no a transition when I am in q1 and the automation read 0;Eh given eh the mmm deterministc uhm nature mmm of the uhm automation, eh why there uhm is mmm no uhm a mmm transition eh when mmm i mmm am eh in uhm q1 eh and eh the mmm automation read eh 0 ;The transition between q1 and q2 is with value 1.;[('simbolo-q1-q2', '#04ed00', 'stroke')];the transition is not defined.;[];False;False
379;given the deterministc nature of the automation, why there is no a transition when I am in q1 and the automation read 0;Mmm given mmm the mmm deterministc nature mmm of eh the mmm automation, eh why eh there mmm is uhm no mmm a eh transition when mmm i eh am mmm in uhm q1 uhm and eh the eh automation mmm read uhm 0 ;The transition between q1 and q2 is with value 1.;[('simbolo-q1-q2', '#04ed00', 'stroke')];The automaton accepts zero or more words formed by a sequence of the type 110. In total there are 4 states: q0, q1, q2 e q4. q0 is both the initial and the final state.Le transizioni sono: q0 with value 1 goes goes q1, q1 with value 1 goes goes q2, q4 with value 0 goes to q0.;[];False;False
379;given the deterministc nature of the automation, why there is no a transition when I am in q1 and the automation read 0;Eh given mmm the mmm deterministc mmm nature eh of mmm the mmm automation, eh why eh there uhm is mmm no eh a mmm transition uhm when mmm i am uhm in mmm q1 mmm and mmm the uhm automation eh read mmm 0 ;The transition between q1 and q2 is with value 1.;[('simbolo-q1-q2', '#04ed00', 'stroke')];the transition is not defined.;[];False;False
379;given the deterministc nature of the automation, why there is no a transition when I am in q1 and the automation read 0;Eh given eh the eh deterministc mmm nature mmm of mmm the uhm automation, eh why eh there eh is uhm no mmm a mmm transition uhm when mmm i uhm am eh in eh q1 mmm and uhm the mmm automation uhm read uhm 0 ;The transition between q1 and q2 is with value 1.;[('simbolo-q1-q2', '#04ed00', 'stroke')];the transition is not defined.;[];False;False
380;given the deterministc nature of the automation why there is no a transition when I am in q1 and the automation read 0;Given the deterministc nature of eh the automation why there is no a transition when i am in q1 and the automation read 0 ;there is no transition between q1 and q1.;[];The transition between q1 and q2 is with value 1.;[('simbolo-q1-q2', '#04ed00', 'stroke')];False;False
380;given the deterministc nature of the automation why there is no a transition when I am in q1 and the automation read 0;Given the deterministc nature of uhm the automation why there is no a transition when i am in q1 and the mmm automation read 0 ;there is no transition between q1 and q1.;[];the transition is not defined.;[];False;True
380;given the deterministc nature of the automation why there is no a transition when I am in q1 and the automation read 0;Given the deterministc nature of the automation why there mmm is no a transition when i am in eh q1 and the automation read eh 0 ;there is no transition between q1 and q1.;[];there is no transition between q1 and q1.;[];True;True
380;given the deterministc nature of the automation why there is no a transition when I am in q1 and the automation read 0;Mmm given the deterministc nature uhm of the automation why uhm there is no eh a transition when i am in q1 and the automation read 0 ;there is no transition between q1 and q1.;[];there is no transition between q1 and q1.;[];True;True
380;given the deterministc nature of the automation why there is no a transition when I am in q1 and the automation read 0;Given the mmm deterministc nature eh of the mmm automation why there is no a transition uhm when mmm i am in q1 and the automation read 0 ;there is no transition between q1 and q1.;[];The transition between q1 and q2 is with value 1.;[('simbolo-q1-q2', '#04ed00', 'stroke')];False;False
380;given the deterministc nature of the automation why there is no a transition when I am in q1 and the automation read 0;Uhm given the deterministc nature uhm of the uhm automation why there eh is no a transition when i am in eh q1 mmm and the automation read 0 ;there is no transition between q1 and q1.;[];there is no transition between q1 and q1.;[];True;True
380;given the deterministc nature of the automation why there is no a transition when I am in q1 and the automation read 0;Given the deterministc nature of the automation why there eh is no uhm a transition when mmm i eh am in mmm q1 and the mmm automation uhm read 0 ;there is no transition between q1 and q1.;[];the transition is not defined.;[];False;True
380;given the deterministc nature of the automation why there is no a transition when I am in q1 and the automation read 0;Given eh the deterministc mmm nature of the automation eh why there eh is no mmm a mmm transition when uhm i mmm am in q1 and the automation read 0 ;there is no transition between q1 and q1.;[];The automaton has 3 transitions: q0 con valore 1 va in q1, q1 con valore 1 va in q2, q4 con valore 0 va in q0.;[('simbolo-q0-q1', '#04ed00', 'stroke'), ('simbolo-q1-q2', '#04ed00', 'stroke'), ('simbolo-q4-q0', '#04ed00', 'stroke')];False;False
380;given the deterministc nature of the automation why there is no a transition when I am in q1 and the automation read 0;Given the uhm deterministc nature eh of the automation why uhm there is no eh a transition eh when i am eh in q1 and uhm the uhm automation read mmm 0 ;there is no transition between q1 and q1.;[];The automaton has 3 transitions: q0 con valore 1 va in q1, q1 con valore 1 va in q2, q4 con valore 0 va in q0.;[('simbolo-q0-q1', '#04ed00', 'stroke'), ('simbolo-q1-q2', '#04ed00', 'stroke'), ('simbolo-q4-q0', '#04ed00', 'stroke')];False;False
380;given the deterministc nature of the automation why there is no a transition when I am in q1 and the automation read 0;Eh given the eh deterministc nature eh of the automation eh why there is mmm no uhm a eh transition when i am in mmm q1 and uhm the automation uhm read 0 ;there is no transition between q1 and q1.;[];there is no transition between q1 and q1.;[];True;True
380;given the deterministc nature of the automation why there is no a transition when I am in q1 and the automation read 0;Given eh the deterministc nature mmm of uhm the automation uhm why there is uhm no a eh transition when uhm i uhm am in uhm q1 and mmm the automation mmm read 0 ;there is no transition between q1 and q1.;[];there is no transition between q0 and q0.;[];False;True
380;given the deterministc nature of the automation why there is no a transition when I am in q1 and the automation read 0;Mmm given the deterministc nature of uhm the automation uhm why mmm there mmm is mmm no mmm a transition mmm when i mmm am eh in q1 and mmm the automation read eh 0 ;there is no transition between q1 and q1.;[];there is no transition between q1 and q1.;[];True;True
380;given the deterministc nature of the automation why there is no a transition when I am in q1 and the automation read 0;Mmm given the eh deterministc nature of the uhm automation mmm why uhm there is uhm no mmm a eh transition uhm when i am in mmm q1 and the uhm automation eh read uhm 0 ;there is no transition between q1 and q1.;[];the transition is not defined.;[];False;True
380;given the deterministc nature of the automation why there is no a transition when I am in q1 and the automation read 0;Given eh the eh deterministc mmm nature eh of uhm the automation eh why uhm there is uhm no a transition when i uhm am in eh q1 mmm and mmm the mmm automation eh read 0 ;there is no transition between q1 and q1.;[];there is no transition between q1 and q1.;[];True;True
380;given the deterministc nature of the automation why there is no a transition when I am in q1 and the automation read 0;Given eh the deterministc mmm nature of uhm the mmm automation eh why eh there mmm is no mmm a transition eh when mmm i eh am mmm in mmm q1 mmm and eh the automation read 0 ;there is no transition between q1 and q1.;[];The automaton has 3 transitions: q0 con valore 1 va in q1, q1 con valore 1 va in q2, q4 con valore 0 va in q0.;[('simbolo-q0-q1', '#04ed00', 'stroke'), ('simbolo-q1-q2', '#04ed00', 'stroke'), ('simbolo-q4-q0', '#04ed00', 'stroke')];False;False
380;given the deterministc nature of the automation why there is no a transition when I am in q1 and the automation read 0;Uhm given mmm the eh deterministc eh nature of mmm the eh automation uhm why uhm there is eh no a eh transition eh when i am mmm in eh q1 and mmm the eh automation mmm read 0 ;there is no transition between q1 and q1.;[];there is no transition between q1 and q1.;[];True;True
380;given the deterministc nature of the automation why there is no a transition when I am in q1 and the automation read 0;Given eh the eh deterministc mmm nature mmm of uhm the mmm automation uhm why eh there is uhm no a transition eh when uhm i am in eh q1 uhm and uhm the eh automation uhm read mmm 0 ;there is no transition between q1 and q1.;[];The automaton has 3 transitions: q0 con valore 1 va in q1, q1 con valore 1 va in q2, q4 con valore 0 va in q0.;[('simbolo-q0-q1', '#04ed00', 'stroke'), ('simbolo-q1-q2', '#04ed00', 'stroke'), ('simbolo-q4-q0', '#04ed00', 'stroke')];False;False
380;given the deterministc nature of the automation why there is no a transition when I am in q1 and the automation read 0;Mmm given eh the deterministc eh nature of eh the automation uhm why mmm there eh is eh no eh a uhm transition uhm when uhm i mmm am in uhm q1 uhm and eh the uhm automation eh read 0 ;there is no transition between q1 and q1.;[];The automaton accepts zero or more words formed by a sequence of the type 110. In total there are 4 states: q0, q1, q2 e q4. q0 is both the initial and the final state.Le transizioni sono: q0 with value 1 goes goes q1, q1 with value 1 goes goes q2, q4 with value 0 goes to q0.;[];False;True
380;given the deterministc nature of the automation why there is no a transition when I am in q1 and the automation read 0;Mmm given mmm the uhm deterministc nature uhm of eh the eh automation uhm why mmm there eh is no mmm a mmm transition uhm when mmm i am uhm in q1 mmm and mmm the mmm automation mmm read mmm 0 ;there is no transition between q1 and q1.;[];the transition is not defined.;[];False;True
380;given the deterministc nature of the automation why there is no a transition when I am in q1 and the automation read 0;Given mmm the eh deterministc mmm nature of mmm the uhm automation uhm why eh there eh is mmm no eh a mmm transition eh when eh i uhm am eh in eh q1 and mmm the uhm automation uhm read mmm 0 ;there is no transition between q1 and q1.;[];the transition is not defined.;[];False;True
380;given the deterministc nature of the automation why there is no a transition when I am in q1 and the automation read 0;Uhm given mmm the eh deterministc mmm nature eh of uhm the automation uhm why mmm there mmm is mmm no mmm a uhm transition eh when mmm i eh am in eh q1 uhm and mmm the eh automation uhm read mmm 0 ;there is no transition between q1 and q1.;[];the transition is not defined.;[];False;True
380;given the deterministc nature of the automation why there is no a transition when I am in q1 and the automation read 0;Eh given uhm the mmm deterministc eh nature eh of eh the uhm automation mmm why uhm there uhm is mmm no eh a eh transition mmm when uhm i eh am eh in eh q1 mmm and eh the mmm automation read uhm 0 ;there is no transition between q1 and q1.;[];Potresti essere più specifico?;[];False;True
380;given the deterministc nature of the automation why there is no a transition when I am in q1 and the automation read 0;Uhm given eh the uhm deterministc uhm nature mmm of uhm the eh automation mmm why eh there eh is uhm no uhm a eh transition uhm when mmm i eh am mmm in uhm q1 uhm and mmm the uhm automation mmm read mmm 0 ;there is no transition between q1 and q1.;[];The automaton has 3 transitions: q0 con valore 1 va in q1, q1 con valore 1 va in q2, q4 con valore 0 va in q0.;[('simbolo-q0-q1', '#04ed00', 'stroke'), ('simbolo-q1-q2', '#04ed00', 'stroke'), ('simbolo-q4-q0', '#04ed00', 'stroke')];False;False
381;tell me a real use case of this automation;Tell me a eh real use case of this automation ;The automaton accepts zero or more words formed by a sequence of the type 110. In total there are 4 states: q0, q1, q2 e q4. q0 is both the initial and the final state.Le transizioni sono: q0 with value 1 goes goes q1, q1 with value 1 goes goes q2, q4 with value 0 goes to q0.;[];The automaton accepts zero or more words formed by a sequence of the type 110. In total there are 4 states: q0, q1, q2 e q4. q0 is both the initial and the final state.Le transizioni sono: q0 with value 1 goes goes q1, q1 with value 1 goes goes q2, q4 with value 0 goes to q0.;[];True;True
381;tell me a real use case of this automation;Tell mmm me eh a real use case of this automation ;The automaton accepts zero or more words formed by a sequence of the type 110. In total there are 4 states: q0, q1, q2 e q4. q0 is both the initial and the final state.Le transizioni sono: q0 with value 1 goes goes q1, q1 with value 1 goes goes q2, q4 with value 0 goes to q0.;[];Potresti essere più specifico?;[];False;True
381;tell me a real use case of this automation;Eh tell me eh a mmm real use case of this automation ;The automaton accepts zero or more words formed by a sequence of the type 110. In total there are 4 states: q0, q1, q2 e q4. q0 is both the initial and the final state.Le transizioni sono: q0 with value 1 goes goes q1, q1 with value 1 goes goes q2, q4 with value 0 goes to q0.;[];Potresti essere più specifico?;[];False;True
381;tell me a real use case of this automation;Mmm tell me mmm a real uhm use case uhm of this automation ;The automaton accepts zero or more words formed by a sequence of the type 110. In total there are 4 states: q0, q1, q2 e q4. q0 is both the initial and the final state.Le transizioni sono: q0 with value 1 goes goes q1, q1 with value 1 goes goes q2, q4 with value 0 goes to q0.;[];The automaton accepts zero or more words formed by a sequence of the type 110. In total there are 4 states: q0, q1, q2 e q4. q0 is both the initial and the final state.Le transizioni sono: q0 with value 1 goes goes q1, q1 with value 1 goes goes q2, q4 with value 0 goes to q0.;[];True;True
381;tell me a real use case of this automation;Tell me mmm a real eh use eh case uhm of this eh automation ;The automaton accepts zero or more words formed by a sequence of the type 110. In total there are 4 states: q0, q1, q2 e q4. q0 is both the initial and the final state.Le transizioni sono: q0 with value 1 goes goes q1, q1 with value 1 goes goes q2, q4 with value 0 goes to q0.;[];The automaton accepts zero or more words formed by a sequence of the type 110. In total there are 4 states: q0, q1, q2 e q4. q0 is both the initial and the final state.Le transizioni sono: q0 with value 1 goes goes q1, q1 with value 1 goes goes q2, q4 with value 0 goes to q0.;[];True;True
381;tell me a real use case of this automation;Tell mmm me uhm a eh real uhm use uhm case of this uhm automation ;The automaton accepts zero or more words formed by a sequence of the type 110. In total there are 4 states: q0, q1, q2 e q4. q0 is both the initial and the final state.Le transizioni sono: q0 with value 1 goes goes q1, q1 with value 1 goes goes q2, q4 with value 0 goes to q0.;[];The automaton accepts zero or more words formed by a sequence of the type 110. In total there are 4 states: q0, q1, q2 e q4. q0 is both the initial and the final state.Le transizioni sono: q0 with value 1 goes goes q1, q1 with value 1 goes goes q2, q4 with value 0 goes to q0.;[];True;True
381;tell me a real use case of this automation;Eh tell eh me mmm a real mmm use mmm case of mmm this eh automation ;The automaton accepts zero or more words formed by a sequence of the type 110. In total there are 4 states: q0, q1, q2 e q4. q0 is both the initial and the final state.Le transizioni sono: q0 with value 1 goes goes q1, q1 with value 1 goes goes q2, q4 with value 0 goes to q0.;[];Potresti essere più specifico?;[];False;True
381;tell me a real use case of this automation;Eh tell eh me uhm a eh real eh use eh case eh of mmm this automation ;The automaton accepts zero or more words formed by a sequence of the type 110. In total there are 4 states: q0, q1, q2 e q4. q0 is both the initial and the final state.Le transizioni sono: q0 with value 1 goes goes q1, q1 with value 1 goes goes q2, q4 with value 0 goes to q0.;[];The automaton accepts zero or more words formed by a sequence of the type 110. In total there are 4 states: q0, q1, q2 e q4. q0 is both the initial and the final state.Le transizioni sono: q0 with value 1 goes goes q1, q1 with value 1 goes goes q2, q4 with value 0 goes to q0.;[];True;True
381;tell me a real use case of this automation;Eh tell uhm me eh a uhm real eh use mmm case mmm of mmm this mmm automation ;The automaton accepts zero or more words formed by a sequence of the type 110. In total there are 4 states: q0, q1, q2 e q4. q0 is both the initial and the final state.Le transizioni sono: q0 with value 1 goes goes q1, q1 with value 1 goes goes q2, q4 with value 0 goes to q0.;[];The automaton accepts zero or more words formed by a sequence of the type 110. In total there are 4 states: q0, q1, q2 e q4. q0 is both the initial and the final state.Le transizioni sono: q0 with value 1 goes goes q1, q1 with value 1 goes goes q2, q4 with value 0 goes to q0.;[];True;True
382;how many states are in the automation;How many states are in the uhm automation ;This automaton has 4 states;[('simbolo-q0', '#04ed00', 'stroke'), ('simbolo-q1', '#04ed00', 'stroke'), ('simbolo-q2', '#04ed00', 'stroke'), ('simbolo-q4', '#04ed00', 'stroke')];This automaton has 4 states;[('simbolo-q0', '#04ed00', 'stroke'), ('simbolo-q1', '#04ed00', 'stroke'), ('simbolo-q2', '#04ed00', 'stroke'), ('simbolo-q4', '#04ed00', 'stroke')];True;True
382;how many states are in the automation;How many states mmm are mmm in the automation ;This automaton has 4 states;[('simbolo-q0', '#04ed00', 'stroke'), ('simbolo-q1', '#04ed00', 'stroke'), ('simbolo-q2', '#04ed00', 'stroke'), ('simbolo-q4', '#04ed00', 'stroke')];This automaton has 4 states;[('simbolo-q0', '#04ed00', 'stroke'), ('simbolo-q1', '#04ed00', 'stroke'), ('simbolo-q2', '#04ed00', 'stroke'), ('simbolo-q4', '#04ed00', 'stroke')];True;True
382;how many states are in the automation;How many states eh are in eh the eh automation ;This automaton has 4 states;[('simbolo-q0', '#04ed00', 'stroke'), ('simbolo-q1', '#04ed00', 'stroke'), ('simbolo-q2', '#04ed00', 'stroke'), ('simbolo-q4', '#04ed00', 'stroke')];This automaton has 4 states;[('simbolo-q0', '#04ed00', 'stroke'), ('simbolo-q1', '#04ed00', 'stroke'), ('simbolo-q2', '#04ed00', 'stroke'), ('simbolo-q4', '#04ed00', 'stroke')];True;True
382;how many states are in the automation;Eh how eh many uhm states are mmm in the automation ;This automaton has 4 states;[('simbolo-q0', '#04ed00', 'stroke'), ('simbolo-q1', '#04ed00', 'stroke'), ('simbolo-q2', '#04ed00', 'stroke'), ('simbolo-q4', '#04ed00', 'stroke')];This automaton has 4 states;[('simbolo-q0', '#04ed00', 'stroke'), ('simbolo-q1', '#04ed00', 'stroke'), ('simbolo-q2', '#04ed00', 'stroke'), ('simbolo-q4', '#04ed00', 'stroke')];True;True
382;how many states are in the automation;Mmm how many uhm states uhm are mmm in the uhm automation ;This automaton has 4 states;[('simbolo-q0', '#04ed00', 'stroke'), ('simbolo-q1', '#04ed00', 'stroke'), ('simbolo-q2', '#04ed00', 'stroke'), ('simbolo-q4', '#04ed00', 'stroke')];This automaton has 4 states;[('simbolo-q0', '#04ed00', 'stroke'), ('simbolo-q1', '#04ed00', 'stroke'), ('simbolo-q2', '#04ed00', 'stroke'), ('simbolo-q4', '#04ed00', 'stroke')];True;True
382;how many states are in the automation;Mmm how eh many states uhm are uhm in eh the mmm automation ;This automaton has 4 states;[('simbolo-q0', '#04ed00', 'stroke'), ('simbolo-q1', '#04ed00', 'stroke'), ('simbolo-q2', '#04ed00', 'stroke'), ('simbolo-q4', '#04ed00', 'stroke')];This automaton has 4 states;[('simbolo-q0', '#04ed00', 'stroke'), ('simbolo-q1', '#04ed00', 'stroke'), ('simbolo-q2', '#04ed00', 'stroke'), ('simbolo-q4', '#04ed00', 'stroke')];True;True
382;how many states are in the automation;Mmm how uhm many uhm states mmm are mmm in uhm the mmm automation ;This automaton has 4 states;[('simbolo-q0', '#04ed00', 'stroke'), ('simbolo-q1', '#04ed00', 'stroke'), ('simbolo-q2', '#04ed00', 'stroke'), ('simbolo-q4', '#04ed00', 'stroke')];This automaton has 4 states;[('simbolo-q0', '#04ed00', 'stroke'), ('simbolo-q1', '#04ed00', 'stroke'), ('simbolo-q2', '#04ed00', 'stroke'), ('simbolo-q4', '#04ed00', 'stroke')];True;True
383;are there any loops in the automaton;Are there any uhm loops in the automaton ;Potresti essere più specifico?;[];Potresti essere più specifico?;[];True;True
383;are there any loops in the automaton;Eh are there uhm any loops in the automaton ;Potresti essere più specifico?;[];Potresti essere più specifico?;[];True;True
383;are there any loops in the automaton;Mmm are eh there any loops in the uhm automaton ;Potresti essere più specifico?;[];Potresti essere più specifico?;[];True;True
383;are there any loops in the automaton;Uhm are there any uhm loops eh in eh the automaton ;Potresti essere più specifico?;[];there is no transition between q0 and q0.;[];False;True
383;are there any loops in the automaton;Are there uhm any eh loops mmm in uhm the mmm automaton ;Potresti essere più specifico?;[];The automaton accepts zero or more words formed by a sequence of the type 110. In total there are 4 states: q0, q1, q2 e q4. q0 is both the initial and the final state.Le transizioni sono: q0 with value 1 goes goes q1, q1 with value 1 goes goes q2, q4 with value 0 goes to q0.;[];False;True
383;are there any loops in the automaton;Eh are uhm there eh any loops eh in mmm the uhm automaton ;Potresti essere più specifico?;[];The automaton accepts zero or more words formed by a sequence of the type 110. In total there are 4 states: q0, q1, q2 e q4. q0 is both the initial and the final state.Le transizioni sono: q0 with value 1 goes goes q1, q1 with value 1 goes goes q2, q4 with value 0 goes to q0.;[];False;True
383;are there any loops in the automaton;Eh are mmm there mmm any mmm loops mmm in eh the uhm automaton ;Potresti essere più specifico?;[];The automaton accepts zero or more words formed by a sequence of the type 110. In total there are 4 states: q0, q1, q2 e q4. q0 is both the initial and the final state.Le transizioni sono: q0 with value 1 goes goes q1, q1 with value 1 goes goes q2, q4 with value 0 goes to q0.;[];False;True
384;can you explain me what is a final state of a DFA?;Mmm can you explain me what is a final state of a dfa? ;The final state is q0.;[('simbolo-q0', '#04ed00', 'stroke')];The final state is q0.;[('simbolo-q0', '#04ed00', 'stroke')];True;True
384;can you explain me what is a final state of a DFA?;Can you explain me what is a final eh state eh of a dfa? ;The final state is q0.;[('simbolo-q0', '#04ed00', 'stroke')];The final state is q0.;[('simbolo-q0', '#04ed00', 'stroke')];True;True
384;can you explain me what is a final state of a DFA?;Can you mmm explain me what is a final uhm state of a mmm dfa? ;The final state is q0.;[('simbolo-q0', '#04ed00', 'stroke')];The final state is q0.;[('simbolo-q0', '#04ed00', 'stroke')];True;True
384;can you explain me what is a final state of a DFA?;Can you explain me what uhm is eh a final state mmm of mmm a dfa? ;The final state is q0.;[('simbolo-q0', '#04ed00', 'stroke')];The final state is q0.;[('simbolo-q0', '#04ed00', 'stroke')];True;True
384;can you explain me what is a final state of a DFA?;Can you uhm explain me what is mmm a final mmm state mmm of uhm a dfa? ;The final state is q0.;[('simbolo-q0', '#04ed00', 'stroke')];The final state is q0.;[('simbolo-q0', '#04ed00', 'stroke')];True;True
384;can you explain me what is a final state of a DFA?;Can you explain uhm me eh what eh is a final state mmm of eh a mmm dfa? ;The final state is q0.;[('simbolo-q0', '#04ed00', 'stroke')];The final state is q0.;[('simbolo-q0', '#04ed00', 'stroke')];True;True
384;can you explain me what is a final state of a DFA?;Can uhm you eh explain me uhm what is uhm a eh final mmm state of mmm a dfa? ;The final state is q0.;[('simbolo-q0', '#04ed00', 'stroke')];The final state is q0.;[('simbolo-q0', '#04ed00', 'stroke')];True;True
384;can you explain me what is a final state of a DFA?;Uhm can mmm you explain uhm me eh what uhm is a eh final state uhm of a eh dfa? ;The final state is q0.;[('simbolo-q0', '#04ed00', 'stroke')];The final state is q0.;[('simbolo-q0', '#04ed00', 'stroke')];True;True
384;can you explain me what is a final state of a DFA?;Mmm can eh you mmm explain me what is mmm a eh final eh state eh of uhm a mmm dfa? ;The final state is q0.;[('simbolo-q0', '#04ed00', 'stroke')];The final state is q0.;[('simbolo-q0', '#04ed00', 'stroke')];True;True
384;can you explain me what is a final state of a DFA?;Can uhm you uhm explain me eh what eh is mmm a uhm final eh state uhm of eh a uhm dfa? ;The final state is q0.;[('simbolo-q0', '#04ed00', 'stroke')];The final state is q0.;[('simbolo-q0', '#04ed00', 'stroke')];True;True
384;can you explain me what is a final state of a DFA?;Eh can uhm you mmm explain mmm me mmm what eh is mmm a eh final mmm state uhm of a mmm dfa? ;The final state is q0.;[('simbolo-q0', '#04ed00', 'stroke')];The state q0 exists.;[('simbolo-q0', '#04ed00', 'stroke')];False;True
384;can you explain me what is a final state of a DFA?;Mmm can mmm you uhm explain uhm me mmm what mmm is eh a uhm final mmm state mmm of mmm a uhm dfa? ;The final state is q0.;[('simbolo-q0', '#04ed00', 'stroke')];The final state is q0.;[('simbolo-q0', '#04ed00', 'stroke')];True;True
385;can you describe to me how works a transition function;Eh can you describe to me how works a transition function ;there is no transition between q0 and q0.;[];The automaton has 3 transitions: q0 con valore 1 va in q1, q1 con valore 1 va in q2, q4 con valore 0 va in q0.;[('simbolo-q0-q1', '#04ed00', 'stroke'), ('simbolo-q1-q2', '#04ed00', 'stroke'), ('simbolo-q4-q0', '#04ed00', 'stroke')];False;False
385;can you describe to me how works a transition function;Can mmm you describe to me how mmm works a transition function ;there is no transition between q0 and q0.;[];there is no transition between q0 and q0.;[];True;True
385;can you describe to me how works a transition function;Can you mmm describe to uhm me how works mmm a transition function ;there is no transition between q0 and q0.;[];The automaton has 3 transitions: q0 con valore 1 va in q1, q1 con valore 1 va in q2, q4 con valore 0 va in q0.;[('simbolo-q0-q1', '#04ed00', 'stroke'), ('simbolo-q1-q2', '#04ed00', 'stroke'), ('simbolo-q4-q0', '#04ed00', 'stroke')];False;False
385;can you describe to me how works a transition function;Eh can you describe to mmm me mmm how works a uhm transition function ;there is no transition between q0 and q0.;[];there is no transition between q0 and q0.;[];True;True
385;can you describe to me how works a transition function;Eh can you describe to me eh how works uhm a uhm transition uhm function ;there is no transition between q0 and q0.;[];there is no transition between q0 and q0.;[];True;True
385;can you describe to me how works a transition function;Can mmm you mmm describe mmm to eh me eh how works a transition uhm function ;there is no transition between q0 and q0.;[];there is no transition between q0 and q0.;[];True;True
385;can you describe to me how works a transition function;Can eh you describe mmm to eh me uhm how works mmm a eh transition eh function ;there is no transition between q0 and q0.;[];there is no transition between q0 and q0.;[];True;True
385;can you describe to me how works a transition function;Eh can eh you describe uhm to me uhm how eh works uhm a eh transition uhm function ;there is no transition between q0 and q0.;[];there is no transition between q0 and q0.;[];True;True
385;can you describe to me how works a transition function;Eh can eh you describe mmm to eh me eh how uhm works uhm a mmm transition uhm function ;there is no transition between q0 and q0.;[];there is no transition between q0 and q0.;[];True;True
385;can you describe to me how works a transition function;Eh can eh you eh describe uhm to mmm me eh how eh works uhm a eh transition uhm function ;there is no transition between q0 and q0.;[];there is no transition between q0 and q0.;[];True;True
386;based on your previous answer this automata could accept the binary string 111100;Based on your previous answer this automata eh could accept the binary string 111100 ;Potresti essere più specifico?;[];Potresti essere più specifico?;[];True;True
386;based on your previous answer this automata could accept the binary string 111100;Based on your previous answer this automata could accept the eh binary uhm string 111100 ;Potresti essere più specifico?;[];Potresti essere più specifico?;[];True;True
386;based on your previous answer this automata could accept the binary string 111100;Based eh on mmm your previous answer this automata mmm could accept the binary string 111100 ;Potresti essere più specifico?;[];The automaton has 3 transitions: q0 con valore 1 va in q1, q1 con valore 1 va in q2, q4 con valore 0 va in q0.;[('simbolo-q0-q1', '#04ed00', 'stroke'), ('simbolo-q1-q2', '#04ed00', 'stroke'), ('simbolo-q4-q0', '#04ed00', 'stroke')];False;False
386;based on your previous answer this automata could accept the binary string 111100;Based on your eh previous uhm answer this automata could uhm accept the binary uhm string 111100 ;Potresti essere più specifico?;[];Potresti essere più specifico?;[];True;True
386;based on your previous answer this automata could accept the binary string 111100;Based eh on eh your uhm previous answer this uhm automata could accept the uhm binary string 111100 ;Potresti essere più specifico?;[];Potresti essere più specifico?;[];True;True
386;based on your previous answer this automata could accept the binary string 111100;Based on your previous answer eh this automata uhm could accept eh the uhm binary mmm string uhm 111100 ;Potresti essere più specifico?;[];Potresti essere più specifico?;[];True;True
386;based on your previous answer this automata could accept the binary string 111100;Based eh on eh your previous answer eh this automata could mmm accept the uhm binary uhm string mmm 111100 ;Potresti essere più specifico?;[];Potresti essere più specifico?;[];True;True
386;based on your previous answer this automata could accept the binary string 111100;Uhm based on uhm your mmm previous answer eh this automata eh could mmm accept uhm the mmm binary string 111100 ;Potresti essere più specifico?;[];Potresti essere più specifico?;[];True;True
386;based on your previous answer this automata could accept the binary string 111100;Mmm based uhm on your uhm previous answer uhm this mmm automata mmm could uhm accept uhm the binary eh string 111100 ;Potresti essere più specifico?;[];Potresti essere più specifico?;[];True;True
386;based on your previous answer this automata could accept the binary string 111100;Based uhm on uhm your eh previous uhm answer this eh automata mmm could uhm accept the eh binary mmm string mmm 111100 ;Potresti essere più specifico?;[];Potresti essere più specifico?;[];True;True
386;based on your previous answer this automata could accept the binary string 111100;Uhm based mmm on eh your eh previous uhm answer eh this uhm automata could eh accept the uhm binary mmm string uhm 111100 ;Potresti essere più specifico?;[];Potresti essere più specifico?;[];True;True
386;based on your previous answer this automata could accept the binary string 111100;Mmm based mmm on eh your mmm previous uhm answer mmm this mmm automata mmm could accept mmm the eh binary uhm string uhm 111100 ;Potresti essere più specifico?;[];Potresti essere più specifico?;[];True;True
386;based on your previous answer this automata could accept the binary string 111100;Mmm based eh on uhm your eh previous eh answer uhm this mmm automata uhm could uhm accept mmm the eh binary mmm string uhm 111100 ;Potresti essere più specifico?;[];Potresti essere più specifico?;[];True;True
387;how many final states the automaton has;Uhm how many final states the automaton has ;The automaton has 4 states: q0, q1, q2 e q4.;[('simbolo-q0', '#04ed00', 'stroke'), ('simbolo-q1', '#04ed00', 'stroke'), ('simbolo-q2', '#04ed00', 'stroke'), ('simbolo-q4', '#04ed00', 'stroke')];The automaton has 4 states: q0, q1, q2 e q4.;[('simbolo-q0', '#04ed00', 'stroke'), ('simbolo-q1', '#04ed00', 'stroke'), ('simbolo-q2', '#04ed00', 'stroke'), ('simbolo-q4', '#04ed00', 'stroke')];True;True
387;how many final states the automaton has;How many mmm final states mmm the automaton has ;The automaton has 4 states: q0, q1, q2 e q4.;[('simbolo-q0', '#04ed00', 'stroke'), ('simbolo-q1', '#04ed00', 'stroke'), ('simbolo-q2', '#04ed00', 'stroke'), ('simbolo-q4', '#04ed00', 'stroke')];The automaton has 4 states: q0, q1, q2 e q4.;[('simbolo-q0', '#04ed00', 'stroke'), ('simbolo-q1', '#04ed00', 'stroke'), ('simbolo-q2', '#04ed00', 'stroke'), ('simbolo-q4', '#04ed00', 'stroke')];True;True
387;how many final states the automaton has;Uhm how many final states mmm the automaton eh has ;The automaton has 4 states: q0, q1, q2 e q4.;[('simbolo-q0', '#04ed00', 'stroke'), ('simbolo-q1', '#04ed00', 'stroke'), ('simbolo-q2', '#04ed00', 'stroke'), ('simbolo-q4', '#04ed00', 'stroke')];The automaton has 4 states: q0, q1, q2 e q4.;[('simbolo-q0', '#04ed00', 'stroke'), ('simbolo-q1', '#04ed00', 'stroke'), ('simbolo-q2', '#04ed00', 'stroke'), ('simbolo-q4', '#04ed00', 'stroke')];True;True
387;how many final states the automaton has;How eh many mmm final uhm states uhm the automaton has ;The automaton has 4 states: q0, q1, q2 e q4.;[('simbolo-q0', '#04ed00', 'stroke'), ('simbolo-q1', '#04ed00', 'stroke'), ('simbolo-q2', '#04ed00', 'stroke'), ('simbolo-q4', '#04ed00', 'stroke')];This automaton has 4 states;[('simbolo-q0', '#04ed00', 'stroke'), ('simbolo-q1', '#04ed00', 'stroke'), ('simbolo-q2', '#04ed00', 'stroke'), ('simbolo-q4', '#04ed00', 'stroke')];False;True
387;how many final states the automaton has;Uhm how uhm many final uhm states the eh automaton uhm has ;The automaton has 4 states: q0, q1, q2 e q4.;[('simbolo-q0', '#04ed00', 'stroke'), ('simbolo-q1', '#04ed00', 'stroke'), ('simbolo-q2', '#04ed00', 'stroke'), ('simbolo-q4', '#04ed00', 'stroke')];The automaton has 4 states: q0, q1, q2 e q4.;[('simbolo-q0', '#04ed00', 'stroke'), ('simbolo-q1', '#04ed00', 'stroke'), ('simbolo-q2', '#04ed00', 'stroke'), ('simbolo-q4', '#04ed00', 'stroke')];True;True
387;how many final states the automaton has;Mmm how many mmm final uhm states eh the mmm automaton mmm has ;The automaton has 4 states: q0, q1, q2 e q4.;[('simbolo-q0', '#04ed00', 'stroke'), ('simbolo-q1', '#04ed00', 'stroke'), ('simbolo-q2', '#04ed00', 'stroke'), ('simbolo-q4', '#04ed00', 'stroke')];This automaton has 4 states;[('simbolo-q0', '#04ed00', 'stroke'), ('simbolo-q1', '#04ed00', 'stroke'), ('simbolo-q2', '#04ed00', 'stroke'), ('simbolo-q4', '#04ed00', 'stroke')];False;True
387;how many final states the automaton has;Eh how mmm many mmm final uhm states eh the uhm automaton uhm has ;The automaton has 4 states: q0, q1, q2 e q4.;[('simbolo-q0', '#04ed00', 'stroke'), ('simbolo-q1', '#04ed00', 'stroke'), ('simbolo-q2', '#04ed00', 'stroke'), ('simbolo-q4', '#04ed00', 'stroke')];This automaton has 4 states;[('simbolo-q0', '#04ed00', 'stroke'), ('simbolo-q1', '#04ed00', 'stroke'), ('simbolo-q2', '#04ed00', 'stroke'), ('simbolo-q4', '#04ed00', 'stroke')];False;True
388;what is the final state;What is the uhm final state ;The final state is q0.;[('simbolo-q0', '#04ed00', 'stroke')];The final state is q0.;[('simbolo-q0', '#04ed00', 'stroke')];True;True
388;what is the final state;What mmm is eh the final state ;The final state is q0.;[('simbolo-q0', '#04ed00', 'stroke')];The final state is q0.;[('simbolo-q0', '#04ed00', 'stroke')];True;True
388;what is the final state;What eh is eh the uhm final state ;The final state is q0.;[('simbolo-q0', '#04ed00', 'stroke')];The final state is q0.;[('simbolo-q0', '#04ed00', 'stroke')];True;True
388;what is the final state;Mmm what is uhm the mmm final mmm state ;The final state is q0.;[('simbolo-q0', '#04ed00', 'stroke')];The final state is q0.;[('simbolo-q0', '#04ed00', 'stroke')];True;True
388;what is the final state;Uhm what eh is uhm the uhm final eh state ;The final state is q0.;[('simbolo-q0', '#04ed00', 'stroke')];The final state is q0.;[('simbolo-q0', '#04ed00', 'stroke')];True;True
389;how can i reach the state q4 from the state q2;How can i reach uhm the state q4 from the state q2 ;there is no transition between q2 and q4.;[];there is no transition between q2 and q4.;[];True;True
389;how can i reach the state q4 from the state q2;How can eh i reach the state q4 from the eh state q2 ;there is no transition between q2 and q4.;[];there is no transition between q2 and q4.;[];True;True
389;how can i reach the state q4 from the state q2;How can i eh reach the eh state mmm q4 from the state q2 ;there is no transition between q2 and q4.;[];there is no transition between q2 and q4.;[];True;True
389;how can i reach the state q4 from the state q2;Mmm how eh can i uhm reach the state q4 from the state mmm q2 ;there is no transition between q2 and q4.;[];the transition is not defined.;[];False;True
389;how can i reach the state q4 from the state q2;How eh can i reach eh the state eh q4 from mmm the state uhm q2 ;there is no transition between q2 and q4.;[];there is no transition between q4 and q2.;[];False;True
389;how can i reach the state q4 from the state q2;How eh can eh i mmm reach the state mmm q4 from mmm the state mmm q2 ;there is no transition between q2 and q4.;[];there is no transition between q2 and q4.;[];True;True
389;how can i reach the state q4 from the state q2;Mmm how can uhm i mmm reach the eh state mmm q4 from mmm the state mmm q2 ;there is no transition between q2 and q4.;[];there is no transition between q2 and q4.;[];True;True
389;how can i reach the state q4 from the state q2;How mmm can eh i eh reach eh the mmm state q4 uhm from eh the state uhm q2 ;there is no transition between q2 and q4.;[];Potresti essere più specifico?;[];False;True
389;how can i reach the state q4 from the state q2;Mmm how mmm can uhm i reach mmm the eh state mmm q4 from uhm the uhm state eh q2 ;there is no transition between q2 and q4.;[];there is no transition between q4 and q2.;[];False;True
389;how can i reach the state q4 from the state q2;Mmm how mmm can mmm i eh reach eh the mmm state q4 uhm from mmm the eh state mmm q2 ;there is no transition between q2 and q4.;[];Potresti essere più specifico?;[];False;True
389;how can i reach the state q4 from the state q2;Uhm how eh can uhm i mmm reach mmm the eh state eh q4 mmm from mmm the eh state eh q2 ;there is no transition between q2 and q4.;[];The state q4 exists.;[('simbolo-q4', '#04ed00', 'stroke')];False;False
390;is there a way to reach the state q1 from the state q3;Is there a way to reach mmm the state q1 from the state q3 ;there is no transition between q3 and q1.;[];there is no transition between q3 and q1.;[];True;True
390;is there a way to reach the state q1 from the state q3;Is there a way to reach the state q1 from eh the eh state q3 ;there is no transition between q3 and q1.;[];there is no transition between q1 and q3.;[];False;True
390;is there a way to reach the state q1 from the state q3;Uhm is there a way to reach the state q1 from mmm the eh state q3 ;there is no transition between q3 and q1.;[];there is no transition between q1 and q3.;[];False;True
390;is there a way to reach the state q1 from the state q3;Uhm is there a way to mmm reach the mmm state q1 from the state uhm q3 ;there is no transition between q3 and q1.;[];the transition is not defined.;[];False;True
390;is there a way to reach the state q1 from the state q3;Is uhm there a way eh to reach the mmm state eh q1 uhm from the state q3 ;there is no transition between q3 and q1.;[];there is no transition between q3 and q1.;[];True;True
390;is there a way to reach the state q1 from the state q3;Uhm is there uhm a eh way to eh reach the state q1 from uhm the uhm state q3 ;there is no transition between q3 and q1.;[];there is no transition between q3 and q1.;[];True;True
390;is there a way to reach the state q1 from the state q3;Mmm is there a uhm way mmm to reach mmm the state q1 mmm from eh the state mmm q3 ;there is no transition between q3 and q1.;[];there is no transition between q3 and q1.;[];True;True
390;is there a way to reach the state q1 from the state q3;Is uhm there uhm a mmm way to reach the mmm state uhm q1 mmm from mmm the state eh q3 ;there is no transition between q3 and q1.;[];there is no transition between q1 and q3.;[];False;True
390;is there a way to reach the state q1 from the state q3;Is there uhm a uhm way uhm to reach uhm the state mmm q1 uhm from mmm the eh state eh q3 ;there is no transition between q3 and q1.;[];there is no transition between q1 and q3.;[];False;True
390;is there a way to reach the state q1 from the state q3;Is eh there eh a uhm way eh to eh reach the mmm state eh q1 from eh the eh state eh q3 ;there is no transition between q3 and q1.;[];there is no transition between q3 and q1.;[];True;True
390;is there a way to reach the state q1 from the state q3;Mmm is eh there a way mmm to uhm reach eh the uhm state uhm q1 mmm from eh the eh state mmm q3 ;there is no transition between q3 and q1.;[];there is no transition between q3 and q1.;[];True;True
390;is there a way to reach the state q1 from the state q3;Uhm is mmm there mmm a mmm way uhm to mmm reach the uhm state eh q1 eh from uhm the eh state mmm q3 ;there is no transition between q3 and q1.;[];there is no transition between q1 and q3.;[];False;True
390;is there a way to reach the state q1 from the state q3;Mmm is uhm there mmm a mmm way eh to eh reach uhm the mmm state uhm q1 eh from mmm the uhm state mmm q3 ;there is no transition between q3 and q1.;[];there is no transition between q1 and q3.;[];False;True
391;are there some pattern;Are there some mmm pattern ;Potresti essere più specifico?;[];Potresti essere più specifico?;[];True;True
391;are there some pattern;Are eh there eh some pattern ;Potresti essere più specifico?;[];Potresti essere più specifico?;[];True;True
391;are there some pattern;Are eh there mmm some eh pattern ;Potresti essere più specifico?;[];Potresti essere più specifico?;[];True;True
391;are there some pattern;Eh are eh there mmm some mmm pattern ;Potresti essere più specifico?;[];Potresti essere più specifico?;[];True;True
392;Explain the difference between deterministic and non deterministic finite automata;Explain the difference eh between deterministic and non deterministic finite automata ;Potresti essere più specifico?;[];The automaton accepts zero or more words formed by a sequence of the type 110. In total there are 4 states: q0, q1, q2 e q4. q0 is both the initial and the final state.Le transizioni sono: q0 with value 1 goes goes q1, q1 with value 1 goes goes q2, q4 with value 0 goes to q0.;[];False;True
392;Explain the difference between deterministic and non deterministic finite automata;Eh explain the difference between deterministic and non uhm deterministic finite automata ;Potresti essere più specifico?;[];Potresti essere più specifico?;[];True;True
392;Explain the difference between deterministic and non deterministic finite automata;Explain the mmm difference between eh deterministic uhm and non deterministic finite automata ;Potresti essere più specifico?;[];Potresti essere più specifico?;[];True;True
392;Explain the difference between deterministic and non deterministic finite automata;Eh explain the difference between deterministic mmm and uhm non deterministic uhm finite automata ;Potresti essere più specifico?;[];Potresti essere più specifico?;[];True;True
392;Explain the difference between deterministic and non deterministic finite automata;Explain the difference eh between mmm deterministic and uhm non uhm deterministic finite mmm automata ;Potresti essere più specifico?;[];Potresti essere più specifico?;[];True;True
392;Explain the difference between deterministic and non deterministic finite automata;Explain the uhm difference mmm between mmm deterministic mmm and non uhm deterministic uhm finite automata ;Potresti essere più specifico?;[];Potresti essere più specifico?;[];True;True
392;Explain the difference between deterministic and non deterministic finite automata;Mmm explain eh the mmm difference eh between eh deterministic and non eh deterministic eh finite automata ;Potresti essere più specifico?;[];Potresti essere più specifico?;[];True;True
392;Explain the difference between deterministic and non deterministic finite automata;Explain uhm the eh difference eh between eh deterministic mmm and uhm non eh deterministic uhm finite automata ;Potresti essere più specifico?;[];Potresti essere più specifico?;[];True;True
392;Explain the difference between deterministic and non deterministic finite automata;Eh explain eh the uhm difference mmm between uhm deterministic uhm and mmm non uhm deterministic finite mmm automata ;Potresti essere più specifico?;[];The automaton accepts zero or more words formed by a sequence of the type 110. In total there are 4 states: q0, q1, q2 e q4. q0 is both the initial and the final state.Le transizioni sono: q0 with value 1 goes goes q1, q1 with value 1 goes goes q2, q4 with value 0 goes to q0.;[];False;True
392;Explain the difference between deterministic and non deterministic finite automata;Uhm explain mmm the eh difference eh between mmm deterministic eh and mmm non mmm deterministic eh finite eh automata ;Potresti essere più specifico?;[];Potresti essere più specifico?;[];True;True
393;Define the concept of an accepting state in finite automata;Define the concept of an mmm accepting state in finite automata ;The state q0 exists.;[('simbolo-q0', '#04ed00', 'stroke')];The automaton has 4 states: q0, q1, q2 e q4.;[('simbolo-q0', '#04ed00', 'stroke'), ('simbolo-q1', '#04ed00', 'stroke'), ('simbolo-q2', '#04ed00', 'stroke'), ('simbolo-q4', '#04ed00', 'stroke')];False;False
393;Define the concept of an accepting state in finite automata;Define the concept eh of an accepting state in finite mmm automata ;The state q0 exists.;[('simbolo-q0', '#04ed00', 'stroke')];The state q0 exists.;[('simbolo-q0', '#04ed00', 'stroke')];True;True
393;Define the concept of an accepting state in finite automata;Eh define the concept of an accepting mmm state in uhm finite automata ;The state q0 exists.;[('simbolo-q0', '#04ed00', 'stroke')];The automaton has 4 states: q0, q1, q2 e q4.;[('simbolo-q0', '#04ed00', 'stroke'), ('simbolo-q1', '#04ed00', 'stroke'), ('simbolo-q2', '#04ed00', 'stroke'), ('simbolo-q4', '#04ed00', 'stroke')];False;False
393;Define the concept of an accepting state in finite automata;Eh define mmm the mmm concept of an accepting state eh in finite automata ;The state q0 exists.;[('simbolo-q0', '#04ed00', 'stroke')];The state q0 exists.;[('simbolo-q0', '#04ed00', 'stroke')];True;True
393;Define the concept of an accepting state in finite automata;Define uhm the mmm concept mmm of an accepting mmm state eh in finite automata ;The state q0 exists.;[('simbolo-q0', '#04ed00', 'stroke')];there is no transition between q0 and q0.;[];False;False
393;Define the concept of an accepting state in finite automata;Define uhm the eh concept of mmm an eh accepting state mmm in finite mmm automata ;The state q0 exists.;[('simbolo-q0', '#04ed00', 'stroke')];The automaton has 4 states: q0, q1, q2 e q4.;[('simbolo-q0', '#04ed00', 'stroke'), ('simbolo-q1', '#04ed00', 'stroke'), ('simbolo-q2', '#04ed00', 'stroke'), ('simbolo-q4', '#04ed00', 'stroke')];False;False
393;Define the concept of an accepting state in finite automata;Define mmm the eh concept mmm of mmm an accepting mmm state in uhm finite uhm automata ;The state q0 exists.;[('simbolo-q0', '#04ed00', 'stroke')];The automaton has 4 states: q0, q1, q2 e q4.;[('simbolo-q0', '#04ed00', 'stroke'), ('simbolo-q1', '#04ed00', 'stroke'), ('simbolo-q2', '#04ed00', 'stroke'), ('simbolo-q4', '#04ed00', 'stroke')];False;False
393;Define the concept of an accepting state in finite automata;Uhm define the eh concept eh of mmm an accepting uhm state uhm in eh finite mmm automata ;The state q0 exists.;[('simbolo-q0', '#04ed00', 'stroke')];The state q0 exists.;[('simbolo-q0', '#04ed00', 'stroke')];True;True
393;Define the concept of an accepting state in finite automata;Eh define uhm the eh concept mmm of mmm an mmm accepting state uhm in uhm finite uhm automata ;The state q0 exists.;[('simbolo-q0', '#04ed00', 'stroke')];The automaton has 4 states: q0, q1, q2 e q4.;[('simbolo-q0', '#04ed00', 'stroke'), ('simbolo-q1', '#04ed00', 'stroke'), ('simbolo-q2', '#04ed00', 'stroke'), ('simbolo-q4', '#04ed00', 'stroke')];False;False
393;Define the concept of an accepting state in finite automata;Uhm define eh the eh concept mmm of eh an mmm accepting uhm state mmm in eh finite uhm automata ;The state q0 exists.;[('simbolo-q0', '#04ed00', 'stroke')];The automaton has 4 states: q0, q1, q2 e q4.;[('simbolo-q0', '#04ed00', 'stroke'), ('simbolo-q1', '#04ed00', 'stroke'), ('simbolo-q2', '#04ed00', 'stroke'), ('simbolo-q4', '#04ed00', 'stroke')];False;False
394;Can a finite automaton recognize non-regular languages;Can a finite eh automaton recognize non-regular languages ;Potresti essere più specifico?;[];The automaton accepts zero or more words formed by a sequence of the type 110. In total there are 4 states: q0, q1, q2 e q4. q0 is both the initial and the final state.Le transizioni sono: q0 with value 1 goes goes q1, q1 with value 1 goes goes q2, q4 with value 0 goes to q0.;[];False;True
394;Can a finite automaton recognize non-regular languages;Eh can a mmm finite automaton recognize non-regular languages ;Potresti essere più specifico?;[];The automaton accepts zero or more words formed by a sequence of the type 110. In total there are 4 states: q0, q1, q2 e q4. q0 is both the initial and the final state.Le transizioni sono: q0 with value 1 goes goes q1, q1 with value 1 goes goes q2, q4 with value 0 goes to q0.;[];False;True
394;Can a finite automaton recognize non-regular languages;Can a finite automaton eh recognize mmm non-regular eh languages ;Potresti essere più specifico?;[];Potresti essere più specifico?;[];True;True
394;Can a finite automaton recognize non-regular languages;Mmm can uhm a finite automaton uhm recognize mmm non-regular languages ;Potresti essere più specifico?;[];The automaton accepts zero or more words formed by a sequence of the type 110. In total there are 4 states: q0, q1, q2 e q4. q0 is both the initial and the final state.Le transizioni sono: q0 with value 1 goes goes q1, q1 with value 1 goes goes q2, q4 with value 0 goes to q0.;[];False;True
394;Can a finite automaton recognize non-regular languages;Can a eh finite mmm automaton mmm recognize uhm non-regular uhm languages ;Potresti essere più specifico?;[];Potresti essere più specifico?;[];True;True
394;Can a finite automaton recognize non-regular languages;Mmm can uhm a mmm finite uhm automaton uhm recognize mmm non-regular languages ;Potresti essere più specifico?;[];The automaton accepts zero or more words formed by a sequence of the type 110. In total there are 4 states: q0, q1, q2 e q4. q0 is both the initial and the final state.Le transizioni sono: q0 with value 1 goes goes q1, q1 with value 1 goes goes q2, q4 with value 0 goes to q0.;[];False;True
394;Can a finite automaton recognize non-regular languages;Uhm can eh a eh finite mmm automaton mmm recognize uhm non-regular uhm languages ;Potresti essere più specifico?;[];The automaton accepts zero or more words formed by a sequence of the type 110. In total there are 4 states: q0, q1, q2 e q4. q0 is both the initial and the final state.Le transizioni sono: q0 with value 1 goes goes q1, q1 with value 1 goes goes q2, q4 with value 0 goes to q0.;[];False;True
395;Describe the transitions and the accepting states of this specific automaton;Describe eh the transitions and the accepting states of this specific automaton ;Potresti essere più specifico?;[];The automaton accepts zero or more words formed by a sequence of the type 110. In total there are 4 states: q0, q1, q2 e q4. q0 is both the initial and the final state.Le transizioni sono: q0 with value 1 goes goes q1, q1 with value 1 goes goes q2, q4 with value 0 goes to q0.;[];False;True
395;Describe the transitions and the accepting states of this specific automaton;Describe the transitions mmm and the accepting mmm states of this specific automaton ;Potresti essere più specifico?;[];there is no transition between q0 and q0.;[];False;True
395;Describe the transitions and the accepting states of this specific automaton;Describe eh the transitions mmm and the uhm accepting states of this specific automaton ;Potresti essere più specifico?;[];there is no transition between q0 and q0.;[];False;True
395;Describe the transitions and the accepting states of this specific automaton;Describe the transitions and uhm the accepting mmm states of mmm this eh specific automaton ;Potresti essere più specifico?;[];there is no transition between q0 and q0.;[];False;True
395;Describe the transitions and the accepting states of this specific automaton;Mmm describe the mmm transitions and the accepting eh states uhm of this specific mmm automaton ;Potresti essere più specifico?;[];there is no transition between q0 and q0.;[];False;True
395;Describe the transitions and the accepting states of this specific automaton;Describe mmm the transitions and uhm the accepting eh states uhm of this uhm specific eh automaton ;Potresti essere più specifico?;[];The automaton accepts zero or more words formed by a sequence of the type 110. In total there are 4 states: q0, q1, q2 e q4. q0 is both the initial and the final state.Le transizioni sono: q0 with value 1 goes goes q1, q1 with value 1 goes goes q2, q4 with value 0 goes to q0.;[];False;True
395;Describe the transitions and the accepting states of this specific automaton;Mmm describe eh the transitions eh and eh the accepting states mmm of this eh specific mmm automaton ;Potresti essere più specifico?;[];The state q0 exists.;[('simbolo-q0', '#04ed00', 'stroke')];False;False
395;Describe the transitions and the accepting states of this specific automaton;Describe uhm the transitions eh and the uhm accepting uhm states eh of eh this eh specific uhm automaton ;Potresti essere più specifico?;[];there is no transition between q0 and q0.;[];False;True
395;Describe the transitions and the accepting states of this specific automaton;Eh describe uhm the mmm transitions uhm and uhm the mmm accepting states mmm of uhm this specific uhm automaton ;Potresti essere più specifico?;[];there is no transition between q0 and q0.;[];False;True
395;Describe the transitions and the accepting states of this specific automaton;Eh describe mmm the transitions mmm and eh the uhm accepting uhm states mmm of uhm this eh specific mmm automaton ;Potresti essere più specifico?;[];there is no transition between q0 and q0.;[];False;True
395;Describe the transitions and the accepting states of this specific automaton;Eh describe uhm the uhm transitions mmm and mmm the mmm accepting uhm states uhm of eh this mmm specific eh automaton ;Potresti essere più specifico?;[];there is no transition between q0 and q0.;[];False;True
396;What happens if the input sequence does not match the required pattern of three 1s followed by two 0s in this automaton;What happens if the input sequence does not match the required pattern of three 1s followed by two mmm 0s in this automaton ;The automaton has 4 states: q0, q1, q2 e q4.;[('simbolo-q0', '#04ed00', 'stroke'), ('simbolo-q1', '#04ed00', 'stroke'), ('simbolo-q2', '#04ed00', 'stroke'), ('simbolo-q4', '#04ed00', 'stroke')];Potresti essere più specifico?;[];False;False
396;What happens if the input sequence does not match the required pattern of three 1s followed by two 0s in this automaton;Uhm what happens if the input sequence does not match the required pattern of three 1s followed by mmm two 0s in this automaton ;The automaton has 4 states: q0, q1, q2 e q4.;[('simbolo-q0', '#04ed00', 'stroke'), ('simbolo-q1', '#04ed00', 'stroke'), ('simbolo-q2', '#04ed00', 'stroke'), ('simbolo-q4', '#04ed00', 'stroke')];Potresti essere più specifico?;[];False;False
396;What happens if the input sequence does not match the required pattern of three 1s followed by two 0s in this automaton;What happens if the eh input mmm sequence does not match the required pattern of three 1s mmm followed by two 0s in this automaton ;The automaton has 4 states: q0, q1, q2 e q4.;[('simbolo-q0', '#04ed00', 'stroke'), ('simbolo-q1', '#04ed00', 'stroke'), ('simbolo-q2', '#04ed00', 'stroke'), ('simbolo-q4', '#04ed00', 'stroke')];Potresti essere più specifico?;[];False;False
396;What happens if the input sequence does not match the required pattern of three 1s followed by two 0s in this automaton;What happens if the input sequence does not uhm match the required mmm pattern of three uhm 1s followed uhm by two 0s in this automaton ;The automaton has 4 states: q0, q1, q2 e q4.;[('simbolo-q0', '#04ed00', 'stroke'), ('simbolo-q1', '#04ed00', 'stroke'), ('simbolo-q2', '#04ed00', 'stroke'), ('simbolo-q4', '#04ed00', 'stroke')];The automaton accepts zero or more words formed by a sequence of the type 110. In total there are 4 states: q0, q1, q2 e q4. q0 is both the initial and the final state.Le transizioni sono: q0 with value 1 goes goes q1, q1 with value 1 goes goes q2, q4 with value 0 goes to q0.;[];False;False
396;What happens if the input sequence does not match the required pattern of three 1s followed by two 0s in this automaton;What happens if mmm the eh input sequence does not match the required mmm pattern of three eh 1s followed by two mmm 0s in this automaton ;The automaton has 4 states: q0, q1, q2 e q4.;[('simbolo-q0', '#04ed00', 'stroke'), ('simbolo-q1', '#04ed00', 'stroke'), ('simbolo-q2', '#04ed00', 'stroke'), ('simbolo-q4', '#04ed00', 'stroke')];The automaton accepts zero or more words formed by a sequence of the type 110. In total there are 4 states: q0, q1, q2 e q4. q0 is both the initial and the final state.Le transizioni sono: q0 with value 1 goes goes q1, q1 with value 1 goes goes q2, q4 with value 0 goes to q0.;[];False;False
396;What happens if the input sequence does not match the required pattern of three 1s followed by two 0s in this automaton;What happens if the input sequence does not match the uhm required mmm pattern of three eh 1s uhm followed eh by two 0s in uhm this automaton ;The automaton has 4 states: q0, q1, q2 e q4.;[('simbolo-q0', '#04ed00', 'stroke'), ('simbolo-q1', '#04ed00', 'stroke'), ('simbolo-q2', '#04ed00', 'stroke'), ('simbolo-q4', '#04ed00', 'stroke')];Potresti essere più specifico?;[];False;False
396;What happens if the input sequence does not match the required pattern of three 1s followed by two 0s in this automaton;What mmm happens if eh the input uhm sequence mmm does not match the required eh pattern of three 1s followed uhm by two 0s in mmm this automaton ;The automaton has 4 states: q0, q1, q2 e q4.;[('simbolo-q0', '#04ed00', 'stroke'), ('simbolo-q1', '#04ed00', 'stroke'), ('simbolo-q2', '#04ed00', 'stroke'), ('simbolo-q4', '#04ed00', 'stroke')];the transition is not defined.;[];False;False
396;What happens if the input sequence does not match the required pattern of three 1s followed by two 0s in this automaton;What happens eh if the mmm input uhm sequence does not match the mmm required eh pattern eh of three 1s uhm followed mmm by two 0s in this automaton ;The automaton has 4 states: q0, q1, q2 e q4.;[('simbolo-q0', '#04ed00', 'stroke'), ('simbolo-q1', '#04ed00', 'stroke'), ('simbolo-q2', '#04ed00', 'stroke'), ('simbolo-q4', '#04ed00', 'stroke')];Potresti essere più specifico?;[];False;False
396;What happens if the input sequence does not match the required pattern of three 1s followed by two 0s in this automaton;Uhm what happens if the input mmm sequence uhm does eh not eh match the required pattern mmm of three 1s eh followed by two eh 0s in mmm this automaton ;The automaton has 4 states: q0, q1, q2 e q4.;[('simbolo-q0', '#04ed00', 'stroke'), ('simbolo-q1', '#04ed00', 'stroke'), ('simbolo-q2', '#04ed00', 'stroke'), ('simbolo-q4', '#04ed00', 'stroke')];The automaton accepts zero or more words formed by a sequence of the type 110. In total there are 4 states: q0, q1, q2 e q4. q0 is both the initial and the final state.Le transizioni sono: q0 with value 1 goes goes q1, q1 with value 1 goes goes q2, q4 with value 0 goes to q0.;[];False;False
396;What happens if the input sequence does not match the required pattern of three 1s followed by two 0s in this automaton;What uhm happens eh if uhm the mmm input sequence uhm does not eh match the required pattern eh of three 1s followed uhm by eh two uhm 0s in this automaton ;The automaton has 4 states: q0, q1, q2 e q4.;[('simbolo-q0', '#04ed00', 'stroke'), ('simbolo-q1', '#04ed00', 'stroke'), ('simbolo-q2', '#04ed00', 'stroke'), ('simbolo-q4', '#04ed00', 'stroke')];Potresti essere più specifico?;[];False;False
396;What happens if the input sequence does not match the required pattern of three 1s followed by two 0s in this automaton;Mmm what happens eh if uhm the uhm input sequence does mmm not uhm match the required eh pattern of three 1s mmm followed eh by two 0s uhm in this mmm automaton ;The automaton has 4 states: q0, q1, q2 e q4.;[('simbolo-q0', '#04ed00', 'stroke'), ('simbolo-q1', '#04ed00', 'stroke'), ('simbolo-q2', '#04ed00', 'stroke'), ('simbolo-q4', '#04ed00', 'stroke')];Potresti essere più specifico?;[];False;False
396;What happens if the input sequence does not match the required pattern of three 1s followed by two 0s in this automaton;What happens mmm if uhm the input sequence eh does mmm not match the eh required eh pattern eh of three eh 1s mmm followed by uhm two 0s in mmm this eh automaton ;The automaton has 4 states: q0, q1, q2 e q4.;[('simbolo-q0', '#04ed00', 'stroke'), ('simbolo-q1', '#04ed00', 'stroke'), ('simbolo-q2', '#04ed00', 'stroke'), ('simbolo-q4', '#04ed00', 'stroke')];The automaton accepts zero or more words formed by a sequence of the type 110. In total there are 4 states: q0, q1, q2 e q4. q0 is both the initial and the final state.Le transizioni sono: q0 with value 1 goes goes q1, q1 with value 1 goes goes q2, q4 with value 0 goes to q0.;[];False;False
396;What happens if the input sequence does not match the required pattern of three 1s followed by two 0s in this automaton;What happens if mmm the eh input sequence eh does eh not match uhm the uhm required uhm pattern eh of three mmm 1s mmm followed mmm by uhm two mmm 0s in this automaton ;The automaton has 4 states: q0, q1, q2 e q4.;[('simbolo-q0', '#04ed00', 'stroke'), ('simbolo-q1', '#04ed00', 'stroke'), ('simbolo-q2', '#04ed00', 'stroke'), ('simbolo-q4', '#04ed00', 'stroke')];Potresti essere più specifico?;[];False;False
396;What happens if the input sequence does not match the required pattern of three 1s followed by two 0s in this automaton;What happens uhm if the mmm input uhm sequence does not mmm match mmm the required mmm pattern mmm of mmm three 1s eh followed uhm by two mmm 0s uhm in mmm this eh automaton ;The automaton has 4 states: q0, q1, q2 e q4.;[('simbolo-q0', '#04ed00', 'stroke'), ('simbolo-q1', '#04ed00', 'stroke'), ('simbolo-q2', '#04ed00', 'stroke'), ('simbolo-q4', '#04ed00', 'stroke')];Potresti essere più specifico?;[];False;False
396;What happens if the input sequence does not match the required pattern of three 1s followed by two 0s in this automaton;Uhm what mmm happens if the input mmm sequence eh does mmm not eh match uhm the eh required eh pattern mmm of uhm three 1s eh followed by uhm two 0s in eh this eh automaton ;The automaton has 4 states: q0, q1, q2 e q4.;[('simbolo-q0', '#04ed00', 'stroke'), ('simbolo-q1', '#04ed00', 'stroke'), ('simbolo-q2', '#04ed00', 'stroke'), ('simbolo-q4', '#04ed00', 'stroke')];Potresti essere più specifico?;[];False;False
396;What happens if the input sequence does not match the required pattern of three 1s followed by two 0s in this automaton;Eh what eh happens eh if the uhm input eh sequence eh does not match eh the eh required eh pattern mmm of mmm three 1s mmm followed eh by two 0s mmm in uhm this mmm automaton ;The automaton has 4 states: q0, q1, q2 e q4.;[('simbolo-q0', '#04ed00', 'stroke'), ('simbolo-q1', '#04ed00', 'stroke'), ('simbolo-q2', '#04ed00', 'stroke'), ('simbolo-q4', '#04ed00', 'stroke')];Potresti essere più specifico?;[];False;False
396;What happens if the input sequence does not match the required pattern of three 1s followed by two 0s in this automaton;Eh what happens if mmm the eh input eh sequence does not mmm match uhm the mmm required mmm pattern eh of uhm three mmm 1s eh followed by eh two uhm 0s eh in eh this uhm automaton ;The automaton has 4 states: q0, q1, q2 e q4.;[('simbolo-q0', '#04ed00', 'stroke'), ('simbolo-q1', '#04ed00', 'stroke'), ('simbolo-q2', '#04ed00', 'stroke'), ('simbolo-q4', '#04ed00', 'stroke')];Potresti essere più specifico?;[];False;False
396;What happens if the input sequence does not match the required pattern of three 1s followed by two 0s in this automaton;What mmm happens mmm if the uhm input mmm sequence eh does uhm not eh match mmm the mmm required uhm pattern eh of uhm three mmm 1s mmm followed eh by two 0s eh in eh this uhm automaton ;The automaton has 4 states: q0, q1, q2 e q4.;[('simbolo-q0', '#04ed00', 'stroke'), ('simbolo-q1', '#04ed00', 'stroke'), ('simbolo-q2', '#04ed00', 'stroke'), ('simbolo-q4', '#04ed00', 'stroke')];Potresti essere più specifico?;[];False;False
396;What happens if the input sequence does not match the required pattern of three 1s followed by two 0s in this automaton;Eh what uhm happens eh if uhm the input eh sequence does uhm not eh match mmm the required mmm pattern eh of uhm three uhm 1s uhm followed uhm by uhm two mmm 0s mmm in uhm this uhm automaton ;The automaton has 4 states: q0, q1, q2 e q4.;[('simbolo-q0', '#04ed00', 'stroke'), ('simbolo-q1', '#04ed00', 'stroke'), ('simbolo-q2', '#04ed00', 'stroke'), ('simbolo-q4', '#04ed00', 'stroke')];Potresti essere più specifico?;[];False;False
396;What happens if the input sequence does not match the required pattern of three 1s followed by two 0s in this automaton;Eh what mmm happens uhm if eh the uhm input eh sequence does eh not mmm match uhm the mmm required uhm pattern uhm of mmm three uhm 1s eh followed uhm by uhm two eh 0s mmm in this eh automaton ;The automaton has 4 states: q0, q1, q2 e q4.;[('simbolo-q0', '#04ed00', 'stroke'), ('simbolo-q1', '#04ed00', 'stroke'), ('simbolo-q2', '#04ed00', 'stroke'), ('simbolo-q4', '#04ed00', 'stroke')];Potresti essere più specifico?;[];False;False
396;What happens if the input sequence does not match the required pattern of three 1s followed by two 0s in this automaton;Uhm what eh happens uhm if mmm the eh input eh sequence eh does eh not mmm match uhm the required uhm pattern mmm of uhm three eh 1s uhm followed eh by eh two mmm 0s eh in uhm this uhm automaton ;The automaton has 4 states: q0, q1, q2 e q4.;[('simbolo-q0', '#04ed00', 'stroke'), ('simbolo-q1', '#04ed00', 'stroke'), ('simbolo-q2', '#04ed00', 'stroke'), ('simbolo-q4', '#04ed00', 'stroke')];Potresti essere più specifico?;[];False;False
396;What happens if the input sequence does not match the required pattern of three 1s followed by two 0s in this automaton;Uhm what mmm happens uhm if mmm the eh input uhm sequence eh does eh not eh match uhm the uhm required uhm pattern mmm of eh three mmm 1s mmm followed mmm by eh two mmm 0s uhm in mmm this uhm automaton ;The automaton has 4 states: q0, q1, q2 e q4.;[('simbolo-q0', '#04ed00', 'stroke'), ('simbolo-q1', '#04ed00', 'stroke'), ('simbolo-q2', '#04ed00', 'stroke'), ('simbolo-q4', '#04ed00', 'stroke')];Potresti essere più specifico?;[];False;False
397;How does the automaton behave if the input starts with a 0 instead of a 1?;How does the automaton behave eh if the input starts with a 0 instead of a 1? ;The automaton accepts zero or more words formed by a sequence of the type 110. In total there are 4 states: q0, q1, q2 e q4. q0 is both the initial and the final state.Le transizioni sono: q0 with value 1 goes goes q1, q1 with value 1 goes goes q2, q4 with value 0 goes to q0.;[];The automaton has 3 transitions: q0 con valore 1 va in q1, q1 con valore 1 va in q2, q4 con valore 0 va in q0.;[('simbolo-q0-q1', '#04ed00', 'stroke'), ('simbolo-q1-q2', '#04ed00', 'stroke'), ('simbolo-q4-q0', '#04ed00', 'stroke')];False;False
397;How does the automaton behave if the input starts with a 0 instead of a 1?;How does the automaton behave if the mmm input starts with a 0 instead eh of a 1? ;The automaton accepts zero or more words formed by a sequence of the type 110. In total there are 4 states: q0, q1, q2 e q4. q0 is both the initial and the final state.Le transizioni sono: q0 with value 1 goes goes q1, q1 with value 1 goes goes q2, q4 with value 0 goes to q0.;[];The automaton has 3 transitions: q0 con valore 1 va in q1, q1 con valore 1 va in q2, q4 con valore 0 va in q0.;[('simbolo-q0-q1', '#04ed00', 'stroke'), ('simbolo-q1-q2', '#04ed00', 'stroke'), ('simbolo-q4-q0', '#04ed00', 'stroke')];False;False
397;How does the automaton behave if the input starts with a 0 instead of a 1?;Mmm how does the automaton behave if the input starts with a mmm 0 instead mmm of a 1? ;The automaton accepts zero or more words formed by a sequence of the type 110. In total there are 4 states: q0, q1, q2 e q4. q0 is both the initial and the final state.Le transizioni sono: q0 with value 1 goes goes q1, q1 with value 1 goes goes q2, q4 with value 0 goes to q0.;[];The automaton has 3 transitions: q0 con valore 1 va in q1, q1 con valore 1 va in q2, q4 con valore 0 va in q0.;[('simbolo-q0-q1', '#04ed00', 'stroke'), ('simbolo-q1-q2', '#04ed00', 'stroke'), ('simbolo-q4-q0', '#04ed00', 'stroke')];False;False
397;How does the automaton behave if the input starts with a 0 instead of a 1?;How eh does the automaton behave uhm if the input starts uhm with a 0 instead of mmm a 1? ;The automaton accepts zero or more words formed by a sequence of the type 110. In total there are 4 states: q0, q1, q2 e q4. q0 is both the initial and the final state.Le transizioni sono: q0 with value 1 goes goes q1, q1 with value 1 goes goes q2, q4 with value 0 goes to q0.;[];The automaton has 3 transitions: q0 con valore 1 va in q1, q1 con valore 1 va in q2, q4 con valore 0 va in q0.;[('simbolo-q0-q1', '#04ed00', 'stroke'), ('simbolo-q1-q2', '#04ed00', 'stroke'), ('simbolo-q4-q0', '#04ed00', 'stroke')];False;False
397;How does the automaton behave if the input starts with a 0 instead of a 1?;How does the uhm automaton behave eh if the input mmm starts uhm with a 0 instead of a mmm 1? ;The automaton accepts zero or more words formed by a sequence of the type 110. In total there are 4 states: q0, q1, q2 e q4. q0 is both the initial and the final state.Le transizioni sono: q0 with value 1 goes goes q1, q1 with value 1 goes goes q2, q4 with value 0 goes to q0.;[];The automaton accepts zero or more words formed by a sequence of the type 110. In total there are 4 states: q0, q1, q2 e q4. q0 is both the initial and the final state.Le transizioni sono: q0 with value 1 goes goes q1, q1 with value 1 goes goes q2, q4 with value 0 goes to q0.;[];True;True
397;How does the automaton behave if the input starts with a 0 instead of a 1?;How does the mmm automaton mmm behave if mmm the input starts with a 0 uhm instead mmm of uhm a 1? ;The automaton accepts zero or more words formed by a sequence of the type 110. In total there are 4 states: q0, q1, q2 e q4. q0 is both the initial and the final state.Le transizioni sono: q0 with value 1 goes goes q1, q1 with value 1 goes goes q2, q4 with value 0 goes to q0.;[];Potresti essere più specifico?;[];False;True
397;How does the automaton behave if the input starts with a 0 instead of a 1?;Mmm how does eh the mmm automaton behave if the input starts eh with a eh 0 instead of eh a eh 1? ;The automaton accepts zero or more words formed by a sequence of the type 110. In total there are 4 states: q0, q1, q2 e q4. q0 is both the initial and the final state.Le transizioni sono: q0 with value 1 goes goes q1, q1 with value 1 goes goes q2, q4 with value 0 goes to q0.;[];The automaton accepts zero or more words formed by a sequence of the type 110. In total there are 4 states: q0, q1, q2 e q4. q0 is both the initial and the final state.Le transizioni sono: q0 with value 1 goes goes q1, q1 with value 1 goes goes q2, q4 with value 0 goes to q0.;[];True;True
397;How does the automaton behave if the input starts with a 0 instead of a 1?;How does the automaton uhm behave uhm if the mmm input mmm starts with uhm a 0 eh instead mmm of a uhm 1? ;The automaton accepts zero or more words formed by a sequence of the type 110. In total there are 4 states: q0, q1, q2 e q4. q0 is both the initial and the final state.Le transizioni sono: q0 with value 1 goes goes q1, q1 with value 1 goes goes q2, q4 with value 0 goes to q0.;[];The automaton accepts zero or more words formed by a sequence of the type 110. In total there are 4 states: q0, q1, q2 e q4. q0 is both the initial and the final state.Le transizioni sono: q0 with value 1 goes goes q1, q1 with value 1 goes goes q2, q4 with value 0 goes to q0.;[];True;True
397;How does the automaton behave if the input starts with a 0 instead of a 1?;How eh does the automaton mmm behave mmm if mmm the uhm input uhm starts eh with a 0 instead of mmm a eh 1? ;The automaton accepts zero or more words formed by a sequence of the type 110. In total there are 4 states: q0, q1, q2 e q4. q0 is both the initial and the final state.Le transizioni sono: q0 with value 1 goes goes q1, q1 with value 1 goes goes q2, q4 with value 0 goes to q0.;[];Potresti essere più specifico?;[];False;True
397;How does the automaton behave if the input starts with a 0 instead of a 1?;Mmm how mmm does uhm the eh automaton behave if eh the input eh starts with a eh 0 instead mmm of eh a mmm 1? ;The automaton accepts zero or more words formed by a sequence of the type 110. In total there are 4 states: q0, q1, q2 e q4. q0 is both the initial and the final state.Le transizioni sono: q0 with value 1 goes goes q1, q1 with value 1 goes goes q2, q4 with value 0 goes to q0.;[];The automaton accepts zero or more words formed by a sequence of the type 110. In total there are 4 states: q0, q1, q2 e q4. q0 is both the initial and the final state.Le transizioni sono: q0 with value 1 goes goes q1, q1 with value 1 goes goes q2, q4 with value 0 goes to q0.;[];True;True
397;How does the automaton behave if the input starts with a 0 instead of a 1?;Mmm how mmm does eh the automaton mmm behave if the mmm input uhm starts with uhm a eh 0 eh instead uhm of eh a 1? ;The automaton accepts zero or more words formed by a sequence of the type 110. In total there are 4 states: q0, q1, q2 e q4. q0 is both the initial and the final state.Le transizioni sono: q0 with value 1 goes goes q1, q1 with value 1 goes goes q2, q4 with value 0 goes to q0.;[];Potresti essere più specifico?;[];False;True
397;How does the automaton behave if the input starts with a 0 instead of a 1?;Eh how eh does eh the eh automaton behave uhm if eh the mmm input starts with a eh 0 mmm instead mmm of uhm a mmm 1? ;The automaton accepts zero or more words formed by a sequence of the type 110. In total there are 4 states: q0, q1, q2 e q4. q0 is both the initial and the final state.Le transizioni sono: q0 with value 1 goes goes q1, q1 with value 1 goes goes q2, q4 with value 0 goes to q0.;[];The automaton accepts zero or more words formed by a sequence of the type 110. In total there are 4 states: q0, q1, q2 e q4. q0 is both the initial and the final state.Le transizioni sono: q0 with value 1 goes goes q1, q1 with value 1 goes goes q2, q4 with value 0 goes to q0.;[];True;True
397;How does the automaton behave if the input starts with a 0 instead of a 1?;Mmm how mmm does the eh automaton uhm behave if eh the uhm input mmm starts uhm with mmm a mmm 0 instead uhm of eh a eh 1? ;The automaton accepts zero or more words formed by a sequence of the type 110. In total there are 4 states: q0, q1, q2 e q4. q0 is both the initial and the final state.Le transizioni sono: q0 with value 1 goes goes q1, q1 with value 1 goes goes q2, q4 with value 0 goes to q0.;[];Potresti essere più specifico?;[];False;True
397;How does the automaton behave if the input starts with a 0 instead of a 1?;Uhm how mmm does eh the mmm automaton uhm behave mmm if mmm the eh input uhm starts mmm with a eh 0 eh instead eh of mmm a 1? ;The automaton accepts zero or more words formed by a sequence of the type 110. In total there are 4 states: q0, q1, q2 e q4. q0 is both the initial and the final state.Le transizioni sono: q0 with value 1 goes goes q1, q1 with value 1 goes goes q2, q4 with value 0 goes to q0.;[];Potresti essere più specifico?;[];False;True
397;How does the automaton behave if the input starts with a 0 instead of a 1?;Eh how eh does eh the mmm automaton uhm behave mmm if uhm the mmm input eh starts with mmm a eh 0 uhm instead mmm of eh a eh 1? ;The automaton accepts zero or more words formed by a sequence of the type 110. In total there are 4 states: q0, q1, q2 e q4. q0 is both the initial and the final state.Le transizioni sono: q0 with value 1 goes goes q1, q1 with value 1 goes goes q2, q4 with value 0 goes to q0.;[];Potresti essere più specifico?;[];False;True
397;How does the automaton behave if the input starts with a 0 instead of a 1?;Uhm how eh does uhm the eh automaton eh behave mmm if eh the eh input mmm starts mmm with mmm a eh 0 mmm instead eh of mmm a eh 1? ;The automaton accepts zero or more words formed by a sequence of the type 110. In total there are 4 states: q0, q1, q2 e q4. q0 is both the initial and the final state.Le transizioni sono: q0 with value 1 goes goes q1, q1 with value 1 goes goes q2, q4 with value 0 goes to q0.;[];The automaton accepts zero or more words formed by a sequence of the type 110. In total there are 4 states: q0, q1, q2 e q4. q0 is both the initial and the final state.Le transizioni sono: q0 with value 1 goes goes q1, q1 with value 1 goes goes q2, q4 with value 0 goes to q0.;[];True;True
398;What is the role of the state q4 in the automaton's behavior;What is the role mmm of the state q4 in the automaton's behavior ;The state q0 exists.;[('simbolo-q0', '#04ed00', 'stroke')];The automaton has 4 states: q0, q1, q2 e q4.;[('simbolo-q0', '#04ed00', 'stroke'), ('simbolo-q1', '#04ed00', 'stroke'), ('simbolo-q2', '#04ed00', 'stroke'), ('simbolo-q4', '#04ed00', 'stroke')];False;False
398;What is the role of the state q4 in the automaton's behavior;What is uhm the role of eh the state q4 in the automaton's behavior ;The state q0 exists.;[('simbolo-q0', '#04ed00', 'stroke')];The automaton has 4 states: q0, q1, q2 e q4.;[('simbolo-q0', '#04ed00', 'stroke'), ('simbolo-q1', '#04ed00', 'stroke'), ('simbolo-q2', '#04ed00', 'stroke'), ('simbolo-q4', '#04ed00', 'stroke')];False;False
398;What is the role of the state q4 in the automaton's behavior;Eh what is the role of the state q4 eh in the automaton's eh behavior ;The state q0 exists.;[('simbolo-q0', '#04ed00', 'stroke')];The automaton has 4 states: q0, q1, q2 e q4.;[('simbolo-q0', '#04ed00', 'stroke'), ('simbolo-q1', '#04ed00', 'stroke'), ('simbolo-q2', '#04ed00', 'stroke'), ('simbolo-q4', '#04ed00', 'stroke')];False;False
398;What is the role of the state q4 in the automaton's behavior;Uhm what is the uhm role of mmm the eh state q4 in the automaton's behavior ;The state q0 exists.;[('simbolo-q0', '#04ed00', 'stroke')];The state q4 exists.;[('simbolo-q4', '#04ed00', 'stroke')];False;False
398;What is the role of the state q4 in the automaton's behavior;Uhm what is the uhm role of the state eh q4 in eh the automaton's uhm behavior ;The state q0 exists.;[('simbolo-q0', '#04ed00', 'stroke')];The state q4 exists.;[('simbolo-q4', '#04ed00', 'stroke')];False;False
398;What is the role of the state q4 in the automaton's behavior;Uhm what eh is the role mmm of uhm the uhm state uhm q4 in the automaton's behavior ;The state q0 exists.;[('simbolo-q0', '#04ed00', 'stroke')];The state q0 exists.;[('simbolo-q0', '#04ed00', 'stroke')];True;True
398;What is the role of the state q4 in the automaton's behavior;What mmm is the mmm role of eh the state q4 eh in eh the mmm automaton's uhm behavior ;The state q0 exists.;[('simbolo-q0', '#04ed00', 'stroke')];The state q0 exists.;[('simbolo-q0', '#04ed00', 'stroke')];True;True
398;What is the role of the state q4 in the automaton's behavior;Eh what eh is uhm the role of eh the state q4 mmm in mmm the mmm automaton's uhm behavior ;The state q0 exists.;[('simbolo-q0', '#04ed00', 'stroke')];The state q0 exists.;[('simbolo-q0', '#04ed00', 'stroke')];True;True
398;What is the role of the state q4 in the automaton's behavior;What uhm is eh the uhm role uhm of eh the uhm state mmm q4 mmm in the eh automaton's behavior ;The state q0 exists.;[('simbolo-q0', '#04ed00', 'stroke')];The state q0 exists.;[('simbolo-q0', '#04ed00', 'stroke')];True;True
398;What is the role of the state q4 in the automaton's behavior;Eh what is uhm the mmm role uhm of eh the state eh q4 eh in mmm the uhm automaton's mmm behavior ;The state q0 exists.;[('simbolo-q0', '#04ed00', 'stroke')];The state q0 exists.;[('simbolo-q0', '#04ed00', 'stroke')];True;True
398;What is the role of the state q4 in the automaton's behavior;Mmm what eh is eh the role uhm of uhm the mmm state mmm q4 mmm in eh the eh automaton's eh behavior ;The state q0 exists.;[('simbolo-q0', '#04ed00', 'stroke')];The state q0 exists.;[('simbolo-q0', '#04ed00', 'stroke')];True;True
398;What is the role of the state q4 in the automaton's behavior;Mmm what eh is mmm the uhm role mmm of mmm the uhm state eh q4 uhm in mmm the uhm automaton's mmm behavior ;The state q0 exists.;[('simbolo-q0', '#04ed00', 'stroke')];The state q0 exists.;[('simbolo-q0', '#04ed00', 'stroke')];True;True
399;What is the role of the state q4 in the behavior of automaton;What is the role of the state mmm q4 in the behavior of automaton ;The state q0 exists.;[('simbolo-q0', '#04ed00', 'stroke')];The automaton has 4 states: q0, q1, q2 e q4.;[('simbolo-q0', '#04ed00', 'stroke'), ('simbolo-q1', '#04ed00', 'stroke'), ('simbolo-q2', '#04ed00', 'stroke'), ('simbolo-q4', '#04ed00', 'stroke')];False;False
399;What is the role of the state q4 in the behavior of automaton;What is the role of eh the state q4 in the mmm behavior of automaton ;The state q0 exists.;[('simbolo-q0', '#04ed00', 'stroke')];The state q0 exists.;[('simbolo-q0', '#04ed00', 'stroke')];True;True
399;What is the role of the state q4 in the behavior of automaton;Uhm what uhm is the uhm role of the state q4 in the behavior of automaton ;The state q0 exists.;[('simbolo-q0', '#04ed00', 'stroke')];The state q4 exists.;[('simbolo-q4', '#04ed00', 'stroke')];False;False
399;What is the role of the state q4 in the behavior of automaton;What is the eh role of the mmm state q4 in mmm the uhm behavior of automaton ;The state q0 exists.;[('simbolo-q0', '#04ed00', 'stroke')];The automaton has 4 states: q0, q1, q2 e q4.;[('simbolo-q0', '#04ed00', 'stroke'), ('simbolo-q1', '#04ed00', 'stroke'), ('simbolo-q2', '#04ed00', 'stroke'), ('simbolo-q4', '#04ed00', 'stroke')];False;False
399;What is the role of the state q4 in the behavior of automaton;What uhm is the uhm role of the mmm state uhm q4 in the uhm behavior of automaton ;The state q0 exists.;[('simbolo-q0', '#04ed00', 'stroke')];The state q0 exists.;[('simbolo-q0', '#04ed00', 'stroke')];True;True
399;What is the role of the state q4 in the behavior of automaton;What eh is uhm the role mmm of mmm the state mmm q4 in uhm the behavior of automaton ;The state q0 exists.;[('simbolo-q0', '#04ed00', 'stroke')];The automaton has 4 states: q0, q1, q2 e q4.;[('simbolo-q0', '#04ed00', 'stroke'), ('simbolo-q1', '#04ed00', 'stroke'), ('simbolo-q2', '#04ed00', 'stroke'), ('simbolo-q4', '#04ed00', 'stroke')];False;False
399;What is the role of the state q4 in the behavior of automaton;What eh is eh the uhm role eh of the mmm state q4 in eh the behavior eh of automaton ;The state q0 exists.;[('simbolo-q0', '#04ed00', 'stroke')];The automaton has 4 states: q0, q1, q2 e q4.;[('simbolo-q0', '#04ed00', 'stroke'), ('simbolo-q1', '#04ed00', 'stroke'), ('simbolo-q2', '#04ed00', 'stroke'), ('simbolo-q4', '#04ed00', 'stroke')];False;False
399;What is the role of the state q4 in the behavior of automaton;Mmm what eh is eh the eh role eh of uhm the state q4 uhm in the behavior of uhm automaton ;The state q0 exists.;[('simbolo-q0', '#04ed00', 'stroke')];The state q0 exists.;[('simbolo-q0', '#04ed00', 'stroke')];True;True
399;What is the role of the state q4 in the behavior of automaton;Mmm what is uhm the mmm role of eh the eh state uhm q4 mmm in uhm the behavior of mmm automaton ;The state q0 exists.;[('simbolo-q0', '#04ed00', 'stroke')];The state q0 exists.;[('simbolo-q0', '#04ed00', 'stroke')];True;True
399;What is the role of the state q4 in the behavior of automaton;Mmm what uhm is eh the eh role eh of mmm the state uhm q4 in eh the mmm behavior uhm of automaton ;The state q0 exists.;[('simbolo-q0', '#04ed00', 'stroke')];The automaton has 4 states: q0, q1, q2 e q4.;[('simbolo-q0', '#04ed00', 'stroke'), ('simbolo-q1', '#04ed00', 'stroke'), ('simbolo-q2', '#04ed00', 'stroke'), ('simbolo-q4', '#04ed00', 'stroke')];False;False
399;What is the role of the state q4 in the behavior of automaton;Uhm what mmm is mmm the uhm role of mmm the eh state uhm q4 eh in mmm the uhm behavior of uhm automaton ;The state q0 exists.;[('simbolo-q0', '#04ed00', 'stroke')];The state q0 exists.;[('simbolo-q0', '#04ed00', 'stroke')];True;True
399;What is the role of the state q4 in the behavior of automaton;Mmm what mmm is uhm the eh role eh of mmm the mmm state q4 uhm in uhm the uhm behavior eh of mmm automaton ;The state q0 exists.;[('simbolo-q0', '#04ed00', 'stroke')];The automaton has 4 states: q0, q1, q2 e q4.;[('simbolo-q0', '#04ed00', 'stroke'), ('simbolo-q1', '#04ed00', 'stroke'), ('simbolo-q2', '#04ed00', 'stroke'), ('simbolo-q4', '#04ed00', 'stroke')];False;False
399;What is the role of the state q4 in the behavior of automaton;Eh what eh is mmm the uhm role uhm of uhm the mmm state uhm q4 eh in eh the mmm behavior uhm of mmm automaton ;The state q0 exists.;[('simbolo-q0', '#04ed00', 'stroke')];The state q0 exists.;[('simbolo-q0', '#04ed00', 'stroke')];True;True
400;How does the automaton transition back to the initial state after completing a valid sequence;How does the automaton eh transition back to the initial state after completing a valid sequence ;the transition is not defined.;[];there is no transition between q0 and q0.;[];False;True
400;How does the automaton transition back to the initial state after completing a valid sequence;Mmm how mmm does the automaton transition back to the initial state after completing a valid sequence ;the transition is not defined.;[];there is no transition between q0 and q0.;[];False;True
400;How does the automaton transition back to the initial state after completing a valid sequence;Mmm how does the automaton transition mmm back to the initial state mmm after completing a valid sequence ;the transition is not defined.;[];the transition is not defined.;[];True;True
400;How does the automaton transition back to the initial state after completing a valid sequence;How mmm does uhm the automaton transition back to the initial state after completing mmm a valid eh sequence ;the transition is not defined.;[];the transition is not defined.;[];True;True
400;How does the automaton transition back to the initial state after completing a valid sequence;How does eh the automaton transition back to the initial mmm state after eh completing mmm a valid eh sequence ;the transition is not defined.;[];the transition is not defined.;[];True;True
400;How does the automaton transition back to the initial state after completing a valid sequence;How uhm does the automaton transition back uhm to mmm the mmm initial state eh after mmm completing a valid sequence ;the transition is not defined.;[];there is no transition between q0 and q0.;[];False;True
400;How does the automaton transition back to the initial state after completing a valid sequence;Eh how mmm does eh the eh automaton transition eh back to the eh initial uhm state after completing a valid sequence ;the transition is not defined.;[];The automaton accepts zero or more words formed by a sequence of the type 110. In total there are 4 states: q0, q1, q2 e q4. q0 is both the initial and the final state.Le transizioni sono: q0 with value 1 goes goes q1, q1 with value 1 goes goes q2, q4 with value 0 goes to q0.;[];False;True
400;How does the automaton transition back to the initial state after completing a valid sequence;Uhm how mmm does the automaton mmm transition mmm back uhm to the initial mmm state mmm after completing a valid mmm sequence ;the transition is not defined.;[];Potresti essere più specifico?;[];False;True
400;How does the automaton transition back to the initial state after completing a valid sequence;Eh how mmm does the automaton transition mmm back uhm to uhm the initial eh state uhm after uhm completing a valid eh sequence ;the transition is not defined.;[];there is no transition between q0 and q0.;[];False;True
400;How does the automaton transition back to the initial state after completing a valid sequence;Mmm how uhm does uhm the mmm automaton transition mmm back to eh the initial uhm state eh after uhm completing a valid uhm sequence ;the transition is not defined.;[];there is no transition between q0 and q0.;[];False;True
400;How does the automaton transition back to the initial state after completing a valid sequence;Uhm how uhm does the mmm automaton transition back mmm to uhm the uhm initial eh state eh after completing eh a uhm valid mmm sequence ;the transition is not defined.;[];the transition is not defined.;[];True;True
400;How does the automaton transition back to the initial state after completing a valid sequence;Eh how uhm does mmm the automaton eh transition mmm back uhm to mmm the uhm initial state after eh completing mmm a eh valid eh sequence ;the transition is not defined.;[];Potresti essere più specifico?;[];False;True
400;How does the automaton transition back to the initial state after completing a valid sequence;Eh how mmm does eh the eh automaton transition uhm back uhm to eh the uhm initial mmm state eh after uhm completing mmm a valid eh sequence ;the transition is not defined.;[];Potresti essere più specifico?;[];False;True
400;How does the automaton transition back to the initial state after completing a valid sequence;Eh how uhm does uhm the eh automaton uhm transition back eh to mmm the mmm initial eh state mmm after eh completing mmm a uhm valid uhm sequence ;the transition is not defined.;[];Potresti essere più specifico?;[];False;True
400;How does the automaton transition back to the initial state after completing a valid sequence;Eh how uhm does mmm the uhm automaton uhm transition mmm back eh to eh the eh initial eh state mmm after eh completing mmm a mmm valid eh sequence ;the transition is not defined.;[];the transition is not defined.;[];True;True
401;How many transitions are there in this automaton;How many transitions mmm are there in this automaton ;The automaton has 3 transitions: q0 con valore 1 va in q1, q1 con valore 1 va in q2, q4 con valore 0 va in q0.;[('simbolo-q0-q1', '#04ed00', 'stroke'), ('simbolo-q1-q2', '#04ed00', 'stroke'), ('simbolo-q4-q0', '#04ed00', 'stroke')];The automaton has 3 transitions: q0 con valore 1 va in q1, q1 con valore 1 va in q2, q4 con valore 0 va in q0.;[('simbolo-q0-q1', '#04ed00', 'stroke'), ('simbolo-q1-q2', '#04ed00', 'stroke'), ('simbolo-q4-q0', '#04ed00', 'stroke')];True;True
401;How many transitions are there in this automaton;How many transitions are there eh in mmm this automaton ;The automaton has 3 transitions: q0 con valore 1 va in q1, q1 con valore 1 va in q2, q4 con valore 0 va in q0.;[('simbolo-q0-q1', '#04ed00', 'stroke'), ('simbolo-q1-q2', '#04ed00', 'stroke'), ('simbolo-q4-q0', '#04ed00', 'stroke')];The automaton has 3 transitions: q0 con valore 1 va in q1, q1 con valore 1 va in q2, q4 con valore 0 va in q0.;[('simbolo-q0-q1', '#04ed00', 'stroke'), ('simbolo-q1-q2', '#04ed00', 'stroke'), ('simbolo-q4-q0', '#04ed00', 'stroke')];True;True
401;How many transitions are there in this automaton;How mmm many uhm transitions are eh there in this automaton ;The automaton has 3 transitions: q0 con valore 1 va in q1, q1 con valore 1 va in q2, q4 con valore 0 va in q0.;[('simbolo-q0-q1', '#04ed00', 'stroke'), ('simbolo-q1-q2', '#04ed00', 'stroke'), ('simbolo-q4-q0', '#04ed00', 'stroke')];The automaton has 3 transitions: q0 con valore 1 va in q1, q1 con valore 1 va in q2, q4 con valore 0 va in q0.;[('simbolo-q0-q1', '#04ed00', 'stroke'), ('simbolo-q1-q2', '#04ed00', 'stroke'), ('simbolo-q4-q0', '#04ed00', 'stroke')];True;True
401;How many transitions are there in this automaton;How uhm many eh transitions mmm are there in this uhm automaton ;The automaton has 3 transitions: q0 con valore 1 va in q1, q1 con valore 1 va in q2, q4 con valore 0 va in q0.;[('simbolo-q0-q1', '#04ed00', 'stroke'), ('simbolo-q1-q2', '#04ed00', 'stroke'), ('simbolo-q4-q0', '#04ed00', 'stroke')];The automaton has 3 transitions: q0 con valore 1 va in q1, q1 con valore 1 va in q2, q4 con valore 0 va in q0.;[('simbolo-q0-q1', '#04ed00', 'stroke'), ('simbolo-q1-q2', '#04ed00', 'stroke'), ('simbolo-q4-q0', '#04ed00', 'stroke')];True;True
401;How many transitions are there in this automaton;Mmm how mmm many eh transitions uhm are there mmm in this automaton ;The automaton has 3 transitions: q0 con valore 1 va in q1, q1 con valore 1 va in q2, q4 con valore 0 va in q0.;[('simbolo-q0-q1', '#04ed00', 'stroke'), ('simbolo-q1-q2', '#04ed00', 'stroke'), ('simbolo-q4-q0', '#04ed00', 'stroke')];The automaton has 3 transitions: q0 con valore 1 va in q1, q1 con valore 1 va in q2, q4 con valore 0 va in q0.;[('simbolo-q0-q1', '#04ed00', 'stroke'), ('simbolo-q1-q2', '#04ed00', 'stroke'), ('simbolo-q4-q0', '#04ed00', 'stroke')];True;True
401;How many transitions are there in this automaton;How mmm many mmm transitions eh are there mmm in eh this mmm automaton ;The automaton has 3 transitions: q0 con valore 1 va in q1, q1 con valore 1 va in q2, q4 con valore 0 va in q0.;[('simbolo-q0-q1', '#04ed00', 'stroke'), ('simbolo-q1-q2', '#04ed00', 'stroke'), ('simbolo-q4-q0', '#04ed00', 'stroke')];The automaton has 3 transitions: q0 con valore 1 va in q1, q1 con valore 1 va in q2, q4 con valore 0 va in q0.;[('simbolo-q0-q1', '#04ed00', 'stroke'), ('simbolo-q1-q2', '#04ed00', 'stroke'), ('simbolo-q4-q0', '#04ed00', 'stroke')];True;True
401;How many transitions are there in this automaton;How mmm many uhm transitions mmm are uhm there eh in eh this uhm automaton ;The automaton has 3 transitions: q0 con valore 1 va in q1, q1 con valore 1 va in q2, q4 con valore 0 va in q0.;[('simbolo-q0-q1', '#04ed00', 'stroke'), ('simbolo-q1-q2', '#04ed00', 'stroke'), ('simbolo-q4-q0', '#04ed00', 'stroke')];The automaton has 3 transitions: q0 con valore 1 va in q1, q1 con valore 1 va in q2, q4 con valore 0 va in q0.;[('simbolo-q0-q1', '#04ed00', 'stroke'), ('simbolo-q1-q2', '#04ed00', 'stroke'), ('simbolo-q4-q0', '#04ed00', 'stroke')];True;True
401;How many transitions are there in this automaton;Eh how uhm many eh transitions mmm are eh there eh in eh this eh automaton ;The automaton has 3 transitions: q0 con valore 1 va in q1, q1 con valore 1 va in q2, q4 con valore 0 va in q0.;[('simbolo-q0-q1', '#04ed00', 'stroke'), ('simbolo-q1-q2', '#04ed00', 'stroke'), ('simbolo-q4-q0', '#04ed00', 'stroke')];The automaton has 3 transitions: q0 con valore 1 va in q1, q1 con valore 1 va in q2, q4 con valore 0 va in q0.;[('simbolo-q0-q1', '#04ed00', 'stroke'), ('simbolo-q1-q2', '#04ed00', 'stroke'), ('simbolo-q4-q0', '#04ed00', 'stroke')];True;True
402;Is there a particular pattern among the transitions in this automaton;Is there a eh particular pattern among the transitions in this automaton ;Potresti essere più specifico?;[];Potresti essere più specifico?;[];True;True
402;Is there a particular pattern among the transitions in this automaton;Mmm is there a particular pattern eh among the transitions in this automaton ;Potresti essere più specifico?;[];Potresti essere più specifico?;[];True;True
402;Is there a particular pattern among the transitions in this automaton;Eh is there mmm a particular pattern among the transitions in this eh automaton ;Potresti essere più specifico?;[];Potresti essere più specifico?;[];True;True
402;Is there a particular pattern among the transitions in this automaton;Is mmm there uhm a particular pattern among the uhm transitions in eh this automaton ;Potresti essere più specifico?;[];Potresti essere più specifico?;[];True;True
402;Is there a particular pattern among the transitions in this automaton;Mmm is there a particular uhm pattern eh among the eh transitions in uhm this automaton ;Potresti essere più specifico?;[];Potresti essere più specifico?;[];True;True
402;Is there a particular pattern among the transitions in this automaton;Uhm is mmm there a eh particular uhm pattern eh among the transitions in this uhm automaton ;Potresti essere più specifico?;[];Potresti essere più specifico?;[];True;True
402;Is there a particular pattern among the transitions in this automaton;Is there mmm a eh particular pattern mmm among mmm the uhm transitions in mmm this eh automaton ;Potresti essere più specifico?;[];Potresti essere più specifico?;[];True;True
402;Is there a particular pattern among the transitions in this automaton;Eh is eh there mmm a mmm particular pattern eh among mmm the transitions mmm in mmm this automaton ;Potresti essere più specifico?;[];Potresti essere più specifico?;[];True;True
402;Is there a particular pattern among the transitions in this automaton;Is mmm there a mmm particular eh pattern eh among eh the eh transitions mmm in eh this uhm automaton ;Potresti essere più specifico?;[];Potresti essere più specifico?;[];True;True
402;Is there a particular pattern among the transitions in this automaton;Is eh there eh a eh particular mmm pattern eh among eh the mmm transitions eh in eh this eh automaton ;Potresti essere più specifico?;[];Potresti essere più specifico?;[];True;True
402;Is there a particular pattern among the transitions in this automaton;Uhm is eh there mmm a uhm particular uhm pattern eh among eh the mmm transitions eh in uhm this eh automaton ;Potresti essere più specifico?;[];Potresti essere più specifico?;[];True;True
403;What happens if the input string is shorter than three 1s followed by two 0s;What happens if the input string is shorter than three 1s followed by two mmm 0s ;Potresti essere più specifico?;[];Potresti essere più specifico?;[];True;True
403;What happens if the input string is shorter than three 1s followed by two 0s;What happens if the input string mmm is shorter than three 1s followed by two eh 0s ;Potresti essere più specifico?;[];Potresti essere più specifico?;[];True;True
403;What happens if the input string is shorter than three 1s followed by two 0s;What happens if the uhm input string uhm is shorter than three 1s followed by mmm two 0s ;Potresti essere più specifico?;[];Potresti essere più specifico?;[];True;True
403;What happens if the input string is shorter than three 1s followed by two 0s;What happens mmm if the input mmm string is eh shorter than three 1s followed by two eh 0s ;Potresti essere più specifico?;[];Potresti essere più specifico?;[];True;True
403;What happens if the input string is shorter than three 1s followed by two 0s;What happens mmm if mmm the mmm input string is shorter than three 1s followed eh by mmm two 0s ;Potresti essere più specifico?;[];Potresti essere più specifico?;[];True;True
403;What happens if the input string is shorter than three 1s followed by two 0s;Eh what happens mmm if the mmm input string is shorter uhm than uhm three 1s followed eh by two 0s ;Potresti essere più specifico?;[];Potresti essere più specifico?;[];True;True
403;What happens if the input string is shorter than three 1s followed by two 0s;What happens if mmm the input mmm string mmm is eh shorter eh than mmm three eh 1s followed by two 0s ;Potresti essere più specifico?;[];Potresti essere più specifico?;[];True;True
403;What happens if the input string is shorter than three 1s followed by two 0s;What happens uhm if the eh input eh string uhm is shorter than mmm three uhm 1s followed by eh two eh 0s ;Potresti essere più specifico?;[];Potresti essere più specifico?;[];True;True
403;What happens if the input string is shorter than three 1s followed by two 0s;What eh happens mmm if mmm the input uhm string eh is uhm shorter than uhm three uhm 1s followed by two eh 0s ;Potresti essere più specifico?;[];Potresti essere più specifico?;[];True;True
403;What happens if the input string is shorter than three 1s followed by two 0s;Eh what uhm happens eh if eh the uhm input string eh is shorter than mmm three 1s followed mmm by uhm two uhm 0s ;Potresti essere più specifico?;[];Potresti essere più specifico?;[];True;True
403;What happens if the input string is shorter than three 1s followed by two 0s;What eh happens if mmm the input uhm string uhm is shorter mmm than mmm three uhm 1s mmm followed uhm by uhm two mmm 0s ;Potresti essere più specifico?;[];Potresti essere più specifico?;[];True;True
403;What happens if the input string is shorter than three 1s followed by two 0s;Eh what mmm happens uhm if mmm the uhm input string mmm is shorter eh than uhm three 1s uhm followed uhm by uhm two eh 0s ;Potresti essere più specifico?;[];Potresti essere più specifico?;[];True;True
403;What happens if the input string is shorter than three 1s followed by two 0s;Mmm what uhm happens if mmm the uhm input mmm string mmm is shorter uhm than uhm three uhm 1s mmm followed eh by eh two mmm 0s ;Potresti essere più specifico?;[];Potresti essere più specifico?;[];True;True
403;What happens if the input string is shorter than three 1s followed by two 0s;Eh what uhm happens mmm if eh the eh input uhm string eh is uhm shorter than mmm three mmm 1s eh followed uhm by mmm two mmm 0s ;Potresti essere più specifico?;[];Potresti essere più specifico?;[];True;True
403;What happens if the input string is shorter than three 1s followed by two 0s;Eh what eh happens mmm if uhm the eh input eh string uhm is uhm shorter uhm than eh three mmm 1s eh followed eh by uhm two uhm 0s ;Potresti essere più specifico?;[];Potresti essere più specifico?;[];True;True
404;goodmorning, how are you;Goodmorning, how mmm are you ;Potresti essere più specifico?;[];Potresti essere più specifico?;[];True;True
404;goodmorning, how are you;Goodmorning, eh how eh are you ;Potresti essere più specifico?;[];Potresti essere più specifico?;[];True;True
404;goodmorning, how are you;Eh goodmorning, mmm how mmm are you ;Potresti essere più specifico?;[];Potresti essere più specifico?;[];True;True
404;goodmorning, how are you;Eh goodmorning, mmm how mmm are eh you ;Potresti essere più specifico?;[];Potresti essere più specifico?;[];True;True
405;describe me the automaton;Describe me uhm the automaton ;The automaton accepts zero or more words formed by a sequence of the type 110. In total there are 4 states: q0, q1, q2 e q4. q0 is both the initial and the final state.Le transizioni sono: q0 with value 1 goes goes q1, q1 with value 1 goes goes q2, q4 with value 0 goes to q0.;[];The automaton accepts zero or more words formed by a sequence of the type 110. In total there are 4 states: q0, q1, q2 e q4. q0 is both the initial and the final state.Le transizioni sono: q0 with value 1 goes goes q1, q1 with value 1 goes goes q2, q4 with value 0 goes to q0.;[];True;True
405;describe me the automaton;Describe eh me eh the automaton ;The automaton accepts zero or more words formed by a sequence of the type 110. In total there are 4 states: q0, q1, q2 e q4. q0 is both the initial and the final state.Le transizioni sono: q0 with value 1 goes goes q1, q1 with value 1 goes goes q2, q4 with value 0 goes to q0.;[];The automaton accepts zero or more words formed by a sequence of the type 110. In total there are 4 states: q0, q1, q2 e q4. q0 is both the initial and the final state.Le transizioni sono: q0 with value 1 goes goes q1, q1 with value 1 goes goes q2, q4 with value 0 goes to q0.;[];True;True
405;describe me the automaton;Eh describe me mmm the mmm automaton ;The automaton accepts zero or more words formed by a sequence of the type 110. In total there are 4 states: q0, q1, q2 e q4. q0 is both the initial and the final state.Le transizioni sono: q0 with value 1 goes goes q1, q1 with value 1 goes goes q2, q4 with value 0 goes to q0.;[];The automaton accepts zero or more words formed by a sequence of the type 110. In total there are 4 states: q0, q1, q2 e q4. q0 is both the initial and the final state.Le transizioni sono: q0 with value 1 goes goes q1, q1 with value 1 goes goes q2, q4 with value 0 goes to q0.;[];True;True
405;describe me the automaton;Mmm describe mmm me mmm the mmm automaton ;The automaton accepts zero or more words formed by a sequence of the type 110. In total there are 4 states: q0, q1, q2 e q4. q0 is both the initial and the final state.Le transizioni sono: q0 with value 1 goes goes q1, q1 with value 1 goes goes q2, q4 with value 0 goes to q0.;[];Potresti essere più specifico?;[];False;True
406;How many states are in automaton;How many states are eh in automaton ;This automaton has 4 states;[('simbolo-q0', '#04ed00', 'stroke'), ('simbolo-q1', '#04ed00', 'stroke'), ('simbolo-q2', '#04ed00', 'stroke'), ('simbolo-q4', '#04ed00', 'stroke')];This automaton has 4 states;[('simbolo-q0', '#04ed00', 'stroke'), ('simbolo-q1', '#04ed00', 'stroke'), ('simbolo-q2', '#04ed00', 'stroke'), ('simbolo-q4', '#04ed00', 'stroke')];True;True
406;How many states are in automaton;Mmm how many states are uhm in automaton ;This automaton has 4 states;[('simbolo-q0', '#04ed00', 'stroke'), ('simbolo-q1', '#04ed00', 'stroke'), ('simbolo-q2', '#04ed00', 'stroke'), ('simbolo-q4', '#04ed00', 'stroke')];This automaton has 4 states;[('simbolo-q0', '#04ed00', 'stroke'), ('simbolo-q1', '#04ed00', 'stroke'), ('simbolo-q2', '#04ed00', 'stroke'), ('simbolo-q4', '#04ed00', 'stroke')];True;True
406;How many states are in automaton;Eh how eh many mmm states are in automaton ;This automaton has 4 states;[('simbolo-q0', '#04ed00', 'stroke'), ('simbolo-q1', '#04ed00', 'stroke'), ('simbolo-q2', '#04ed00', 'stroke'), ('simbolo-q4', '#04ed00', 'stroke')];This automaton has 4 states;[('simbolo-q0', '#04ed00', 'stroke'), ('simbolo-q1', '#04ed00', 'stroke'), ('simbolo-q2', '#04ed00', 'stroke'), ('simbolo-q4', '#04ed00', 'stroke')];True;True
406;How many states are in automaton;Eh how uhm many mmm states are eh in automaton ;This automaton has 4 states;[('simbolo-q0', '#04ed00', 'stroke'), ('simbolo-q1', '#04ed00', 'stroke'), ('simbolo-q2', '#04ed00', 'stroke'), ('simbolo-q4', '#04ed00', 'stroke')];This automaton has 4 states;[('simbolo-q0', '#04ed00', 'stroke'), ('simbolo-q1', '#04ed00', 'stroke'), ('simbolo-q2', '#04ed00', 'stroke'), ('simbolo-q4', '#04ed00', 'stroke')];True;True
406;How many states are in automaton;How uhm many eh states eh are uhm in eh automaton ;This automaton has 4 states;[('simbolo-q0', '#04ed00', 'stroke'), ('simbolo-q1', '#04ed00', 'stroke'), ('simbolo-q2', '#04ed00', 'stroke'), ('simbolo-q4', '#04ed00', 'stroke')];This automaton has 4 states;[('simbolo-q0', '#04ed00', 'stroke'), ('simbolo-q1', '#04ed00', 'stroke'), ('simbolo-q2', '#04ed00', 'stroke'), ('simbolo-q4', '#04ed00', 'stroke')];True;True
406;How many states are in automaton;Eh how mmm many uhm states eh are mmm in uhm automaton ;This automaton has 4 states;[('simbolo-q0', '#04ed00', 'stroke'), ('simbolo-q1', '#04ed00', 'stroke'), ('simbolo-q2', '#04ed00', 'stroke'), ('simbolo-q4', '#04ed00', 'stroke')];This automaton has 4 states;[('simbolo-q0', '#04ed00', 'stroke'), ('simbolo-q1', '#04ed00', 'stroke'), ('simbolo-q2', '#04ed00', 'stroke'), ('simbolo-q4', '#04ed00', 'stroke')];True;True
407;What does each state do in automaton;Eh what does each state do in automaton ;The state q0 exists.;[('simbolo-q0', '#04ed00', 'stroke')];The state q0 exists.;[('simbolo-q0', '#04ed00', 'stroke')];True;True
407;What does each state do in automaton;Uhm what does each state do in uhm automaton ;The state q0 exists.;[('simbolo-q0', '#04ed00', 'stroke')];The state q0 exists.;[('simbolo-q0', '#04ed00', 'stroke')];True;True
407;What does each state do in automaton;What does uhm each state uhm do mmm in automaton ;The state q0 exists.;[('simbolo-q0', '#04ed00', 'stroke')];The state q0 exists.;[('simbolo-q0', '#04ed00', 'stroke')];True;True
407;What does each state do in automaton;What eh does uhm each eh state do uhm in automaton ;The state q0 exists.;[('simbolo-q0', '#04ed00', 'stroke')];The automaton accepts zero or more words formed by a sequence of the type 110. In total there are 4 states: q0, q1, q2 e q4. q0 is both the initial and the final state.Le transizioni sono: q0 with value 1 goes goes q1, q1 with value 1 goes goes q2, q4 with value 0 goes to q0.;[];False;False
407;What does each state do in automaton;Eh what does uhm each eh state eh do in mmm automaton ;The state q0 exists.;[('simbolo-q0', '#04ed00', 'stroke')];The state q0 exists.;[('simbolo-q0', '#04ed00', 'stroke')];True;True
407;What does each state do in automaton;Uhm what mmm does mmm each state eh do mmm in uhm automaton ;The state q0 exists.;[('simbolo-q0', '#04ed00', 'stroke')];The automaton accepts zero or more words formed by a sequence of the type 110. In total there are 4 states: q0, q1, q2 e q4. q0 is both the initial and the final state.Le transizioni sono: q0 with value 1 goes goes q1, q1 with value 1 goes goes q2, q4 with value 0 goes to q0.;[];False;False
407;What does each state do in automaton;Eh what mmm does uhm each mmm state mmm do uhm in eh automaton ;The state q0 exists.;[('simbolo-q0', '#04ed00', 'stroke')];The state q0 exists.;[('simbolo-q0', '#04ed00', 'stroke')];True;True
408;What is the starting state of the automaton;What is the starting uhm state of the automaton ;The initial state is q0.;[('simbolo-q0', '#04ed00', 'stroke')];The initial state is q0.;[('simbolo-q0', '#04ed00', 'stroke')];True;True
408;What is the starting state of the automaton;What is the starting mmm state of mmm the automaton ;The initial state is q0.;[('simbolo-q0', '#04ed00', 'stroke')];The initial state is q0.;[('simbolo-q0', '#04ed00', 'stroke')];True;True
408;What is the starting state of the automaton;Uhm what mmm is eh the starting state of the automaton ;The initial state is q0.;[('simbolo-q0', '#04ed00', 'stroke')];The initial state is q0.;[('simbolo-q0', '#04ed00', 'stroke')];True;True
408;What is the starting state of the automaton;Uhm what is the starting mmm state mmm of uhm the automaton ;The initial state is q0.;[('simbolo-q0', '#04ed00', 'stroke')];The initial state is q0.;[('simbolo-q0', '#04ed00', 'stroke')];True;True
408;What is the starting state of the automaton;Uhm what mmm is the starting state eh of mmm the uhm automaton ;The initial state is q0.;[('simbolo-q0', '#04ed00', 'stroke')];The initial state is q0.;[('simbolo-q0', '#04ed00', 'stroke')];True;True
408;What is the starting state of the automaton;Mmm what mmm is mmm the starting state mmm of eh the uhm automaton ;The initial state is q0.;[('simbolo-q0', '#04ed00', 'stroke')];The initial state is q0.;[('simbolo-q0', '#04ed00', 'stroke')];True;True
408;What is the starting state of the automaton;Eh what uhm is eh the mmm starting eh state of mmm the mmm automaton ;The initial state is q0.;[('simbolo-q0', '#04ed00', 'stroke')];The initial state is q0.;[('simbolo-q0', '#04ed00', 'stroke')];True;True
408;What is the starting state of the automaton;Mmm what uhm is uhm the eh starting mmm state uhm of mmm the mmm automaton ;The initial state is q0.;[('simbolo-q0', '#04ed00', 'stroke')];The initial state is q0.;[('simbolo-q0', '#04ed00', 'stroke')];True;True
409;What is the role of the final state in the automaton;Eh what is the role of the final state in the automaton ;The final state is q0.;[('simbolo-q0', '#04ed00', 'stroke')];The final state is q0.;[('simbolo-q0', '#04ed00', 'stroke')];True;True
409;What is the role of the final state in the automaton;What is the uhm role of the final state in mmm the automaton ;The final state is q0.;[('simbolo-q0', '#04ed00', 'stroke')];The final state is q0.;[('simbolo-q0', '#04ed00', 'stroke')];True;True
409;What is the role of the final state in the automaton;What is the role mmm of eh the uhm final state in the automaton ;The final state is q0.;[('simbolo-q0', '#04ed00', 'stroke')];The final state is q0.;[('simbolo-q0', '#04ed00', 'stroke')];True;True
409;What is the role of the final state in the automaton;What uhm is the eh role of the eh final eh state in the automaton ;The final state is q0.;[('simbolo-q0', '#04ed00', 'stroke')];The final state is q0.;[('simbolo-q0', '#04ed00', 'stroke')];True;True
409;What is the role of the final state in the automaton;Mmm what is the role eh of the final uhm state in eh the eh automaton ;The final state is q0.;[('simbolo-q0', '#04ed00', 'stroke')];The final state is q0.;[('simbolo-q0', '#04ed00', 'stroke')];True;True
409;What is the role of the final state in the automaton;Mmm what is the mmm role of uhm the mmm final mmm state eh in the automaton ;The final state is q0.;[('simbolo-q0', '#04ed00', 'stroke')];The final state is q0.;[('simbolo-q0', '#04ed00', 'stroke')];True;True
409;What is the role of the final state in the automaton;Eh what mmm is eh the role of uhm the mmm final state in uhm the eh automaton ;The final state is q0.;[('simbolo-q0', '#04ed00', 'stroke')];The final state is q0.;[('simbolo-q0', '#04ed00', 'stroke')];True;True
409;What is the role of the final state in the automaton;Uhm what is eh the role uhm of the uhm final eh state eh in uhm the eh automaton ;The final state is q0.;[('simbolo-q0', '#04ed00', 'stroke')];The final state is q0.;[('simbolo-q0', '#04ed00', 'stroke')];True;True
409;What is the role of the final state in the automaton;Eh what uhm is eh the uhm role of mmm the uhm final state mmm in uhm the eh automaton ;The final state is q0.;[('simbolo-q0', '#04ed00', 'stroke')];The final state is q0.;[('simbolo-q0', '#04ed00', 'stroke')];True;True
409;What is the role of the final state in the automaton;Eh what is mmm the mmm role uhm of uhm the mmm final eh state uhm in eh the eh automaton ;The final state is q0.;[('simbolo-q0', '#04ed00', 'stroke')];The final state is q0.;[('simbolo-q0', '#04ed00', 'stroke')];True;True
409;What is the role of the final state in the automaton;Uhm what eh is eh the eh role uhm of eh the mmm final eh state mmm in eh the mmm automaton ;The final state is q0.;[('simbolo-q0', '#04ed00', 'stroke')];The final state is q0.;[('simbolo-q0', '#04ed00', 'stroke')];True;True
410;What happens if the input does not follow the sequence of three 1s followed by two 0s;What happens if the input does not eh follow the sequence of three 1s followed by two 0s ;The automaton accepts zero or more words formed by a sequence of the type 110. In total there are 4 states: q0, q1, q2 e q4. q0 is both the initial and the final state.Le transizioni sono: q0 with value 1 goes goes q1, q1 with value 1 goes goes q2, q4 with value 0 goes to q0.;[];Potresti essere più specifico?;[];False;True
410;What happens if the input does not follow the sequence of three 1s followed by two 0s;What happens if the eh input does not follow the sequence of three 1s followed by two uhm 0s ;The automaton accepts zero or more words formed by a sequence of the type 110. In total there are 4 states: q0, q1, q2 e q4. q0 is both the initial and the final state.Le transizioni sono: q0 with value 1 goes goes q1, q1 with value 1 goes goes q2, q4 with value 0 goes to q0.;[];The automaton has 3 transitions: q0 con valore 1 va in q1, q1 con valore 1 va in q2, q4 con valore 0 va in q0.;[('simbolo-q0-q1', '#04ed00', 'stroke'), ('simbolo-q1-q2', '#04ed00', 'stroke'), ('simbolo-q4-q0', '#04ed00', 'stroke')];False;False
410;What happens if the input does not follow the sequence of three 1s followed by two 0s;What happens if the input does not follow eh the sequence of mmm three mmm 1s followed by two 0s ;The automaton accepts zero or more words formed by a sequence of the type 110. In total there are 4 states: q0, q1, q2 e q4. q0 is both the initial and the final state.Le transizioni sono: q0 with value 1 goes goes q1, q1 with value 1 goes goes q2, q4 with value 0 goes to q0.;[];Potresti essere più specifico?;[];False;True
410;What happens if the input does not follow the sequence of three 1s followed by two 0s;Eh what happens if the input does not follow the uhm sequence of uhm three 1s followed by two mmm 0s ;The automaton accepts zero or more words formed by a sequence of the type 110. In total there are 4 states: q0, q1, q2 e q4. q0 is both the initial and the final state.Le transizioni sono: q0 with value 1 goes goes q1, q1 with value 1 goes goes q2, q4 with value 0 goes to q0.;[];Potresti essere più specifico?;[];False;True
410;What happens if the input does not follow the sequence of three 1s followed by two 0s;What eh happens if the mmm input mmm does not follow the sequence of mmm three 1s followed by eh two 0s ;The automaton accepts zero or more words formed by a sequence of the type 110. In total there are 4 states: q0, q1, q2 e q4. q0 is both the initial and the final state.Le transizioni sono: q0 with value 1 goes goes q1, q1 with value 1 goes goes q2, q4 with value 0 goes to q0.;[];Potresti essere più specifico?;[];False;True
410;What happens if the input does not follow the sequence of three 1s followed by two 0s;What happens eh if the mmm input does uhm not follow uhm the sequence of mmm three 1s eh followed by two 0s ;The automaton accepts zero or more words formed by a sequence of the type 110. In total there are 4 states: q0, q1, q2 e q4. q0 is both the initial and the final state.Le transizioni sono: q0 with value 1 goes goes q1, q1 with value 1 goes goes q2, q4 with value 0 goes to q0.;[];Potresti essere più specifico?;[];False;True
410;What happens if the input does not follow the sequence of three 1s followed by two 0s;What uhm happens if the input mmm does not follow mmm the sequence of uhm three mmm 1s followed by eh two mmm 0s ;The automaton accepts zero or more words formed by a sequence of the type 110. In total there are 4 states: q0, q1, q2 e q4. q0 is both the initial and the final state.Le transizioni sono: q0 with value 1 goes goes q1, q1 with value 1 goes goes q2, q4 with value 0 goes to q0.;[];Potresti essere più specifico?;[];False;True
410;What happens if the input does not follow the sequence of three 1s followed by two 0s;Mmm what happens eh if the mmm input does not follow the uhm sequence eh of uhm three 1s mmm followed by eh two 0s ;The automaton accepts zero or more words formed by a sequence of the type 110. In total there are 4 states: q0, q1, q2 e q4. q0 is both the initial and the final state.Le transizioni sono: q0 with value 1 goes goes q1, q1 with value 1 goes goes q2, q4 with value 0 goes to q0.;[];Potresti essere più specifico?;[];False;True
410;What happens if the input does not follow the sequence of three 1s followed by two 0s;What happens mmm if uhm the eh input eh does not follow eh the uhm sequence of three uhm 1s uhm followed by mmm two 0s ;The automaton accepts zero or more words formed by a sequence of the type 110. In total there are 4 states: q0, q1, q2 e q4. q0 is both the initial and the final state.Le transizioni sono: q0 with value 1 goes goes q1, q1 with value 1 goes goes q2, q4 with value 0 goes to q0.;[];Potresti essere più specifico?;[];False;True
410;What happens if the input does not follow the sequence of three 1s followed by two 0s;What uhm happens uhm if uhm the input eh does mmm not follow mmm the uhm sequence uhm of mmm three 1s followed by mmm two 0s ;The automaton accepts zero or more words formed by a sequence of the type 110. In total there are 4 states: q0, q1, q2 e q4. q0 is both the initial and the final state.Le transizioni sono: q0 with value 1 goes goes q1, q1 with value 1 goes goes q2, q4 with value 0 goes to q0.;[];Potresti essere più specifico?;[];False;True
410;What happens if the input does not follow the sequence of three 1s followed by two 0s;Eh what eh happens if the mmm input uhm does not mmm follow uhm the eh sequence eh of three uhm 1s followed by mmm two eh 0s ;The automaton accepts zero or more words formed by a sequence of the type 110. In total there are 4 states: q0, q1, q2 e q4. q0 is both the initial and the final state.Le transizioni sono: q0 with value 1 goes goes q1, q1 with value 1 goes goes q2, q4 with value 0 goes to q0.;[];Potresti essere più specifico?;[];False;True
410;What happens if the input does not follow the sequence of three 1s followed by two 0s;Uhm what uhm happens mmm if mmm the mmm input mmm does mmm not eh follow eh the sequence of mmm three uhm 1s followed by uhm two 0s ;The automaton accepts zero or more words formed by a sequence of the type 110. In total there are 4 states: q0, q1, q2 e q4. q0 is both the initial and the final state.Le transizioni sono: q0 with value 1 goes goes q1, q1 with value 1 goes goes q2, q4 with value 0 goes to q0.;[];Potresti essere più specifico?;[];False;True
410;What happens if the input does not follow the sequence of three 1s followed by two 0s;What uhm happens mmm if eh the uhm input uhm does not uhm follow mmm the mmm sequence eh of three 1s mmm followed eh by mmm two uhm 0s ;The automaton accepts zero or more words formed by a sequence of the type 110. In total there are 4 states: q0, q1, q2 e q4. q0 is both the initial and the final state.Le transizioni sono: q0 with value 1 goes goes q1, q1 with value 1 goes goes q2, q4 with value 0 goes to q0.;[];Potresti essere più specifico?;[];False;True
410;What happens if the input does not follow the sequence of three 1s followed by two 0s;Uhm what uhm happens eh if eh the uhm input eh does eh not uhm follow the mmm sequence uhm of uhm three 1s mmm followed eh by two eh 0s ;The automaton accepts zero or more words formed by a sequence of the type 110. In total there are 4 states: q0, q1, q2 e q4. q0 is both the initial and the final state.Le transizioni sono: q0 with value 1 goes goes q1, q1 with value 1 goes goes q2, q4 with value 0 goes to q0.;[];Potresti essere più specifico?;[];False;True
410;What happens if the input does not follow the sequence of three 1s followed by two 0s;Mmm what uhm happens uhm if eh the uhm input uhm does mmm not uhm follow the mmm sequence eh of mmm three uhm 1s uhm followed by mmm two mmm 0s ;The automaton accepts zero or more words formed by a sequence of the type 110. In total there are 4 states: q0, q1, q2 e q4. q0 is both the initial and the final state.Le transizioni sono: q0 with value 1 goes goes q1, q1 with value 1 goes goes q2, q4 with value 0 goes to q0.;[];Potresti essere più specifico?;[];False;True
410;What happens if the input does not follow the sequence of three 1s followed by two 0s;Uhm what uhm happens eh if eh the mmm input mmm does eh not uhm follow uhm the uhm sequence uhm of mmm three mmm 1s uhm followed by uhm two eh 0s ;The automaton accepts zero or more words formed by a sequence of the type 110. In total there are 4 states: q0, q1, q2 e q4. q0 is both the initial and the final state.Le transizioni sono: q0 with value 1 goes goes q1, q1 with value 1 goes goes q2, q4 with value 0 goes to q0.;[];Potresti essere più specifico?;[];False;True
410;What happens if the input does not follow the sequence of three 1s followed by two 0s;Eh what mmm happens eh if mmm the uhm input uhm does eh not eh follow uhm the mmm sequence mmm of mmm three mmm 1s mmm followed eh by mmm two mmm 0s ;The automaton accepts zero or more words formed by a sequence of the type 110. In total there are 4 states: q0, q1, q2 e q4. q0 is both the initial and the final state.Le transizioni sono: q0 with value 1 goes goes q1, q1 with value 1 goes goes q2, q4 with value 0 goes to q0.;[];Potresti essere più specifico?;[];False;True
411;What triggers a transition from one state to another in the automaton;What triggers a transition from one state to uhm another in the automaton ;there is no transition between q0 and q0.;[];there is no transition between q0 and q0.;[];True;True
411;What triggers a transition from one state to another in the automaton;What triggers a transition uhm from eh one state to another in the automaton ;there is no transition between q0 and q0.;[];there is no transition between q0 and q0.;[];True;True
411;What triggers a transition from one state to another in the automaton;What eh triggers mmm a transition eh from one state to another in the automaton ;there is no transition between q0 and q0.;[];there is no transition between q0 and q0.;[];True;True
411;What triggers a transition from one state to another in the automaton;What mmm triggers uhm a transition eh from one state mmm to another in the automaton ;there is no transition between q0 and q0.;[];there is no transition between q0 and q0.;[];True;True
411;What triggers a transition from one state to another in the automaton;Mmm what triggers eh a mmm transition from one state to uhm another in the uhm automaton ;there is no transition between q0 and q0.;[];there is no transition between q0 and q0.;[];True;True
411;What triggers a transition from one state to another in the automaton;Mmm what mmm triggers a eh transition eh from one state mmm to another in uhm the automaton ;there is no transition between q0 and q0.;[];there is no transition between q0 and q0.;[];True;True
411;What triggers a transition from one state to another in the automaton;What mmm triggers mmm a uhm transition uhm from one mmm state to mmm another eh in the automaton ;there is no transition between q0 and q0.;[];there is no transition between q0 and q0.;[];True;True
411;What triggers a transition from one state to another in the automaton;Mmm what triggers uhm a uhm transition uhm from mmm one state to uhm another mmm in eh the automaton ;there is no transition between q0 and q0.;[];there is no transition between q0 and q0.;[];True;True
411;What triggers a transition from one state to another in the automaton;Uhm what uhm triggers a uhm transition mmm from one mmm state eh to eh another mmm in eh the automaton ;there is no transition between q0 and q0.;[];there is no transition between q0 and q0.;[];True;True
411;What triggers a transition from one state to another in the automaton;Uhm what mmm triggers mmm a mmm transition from uhm one state uhm to mmm another uhm in uhm the eh automaton ;there is no transition between q0 and q0.;[];there is no transition between q0 and q0.;[];True;True
411;What triggers a transition from one state to another in the automaton;Eh what mmm triggers eh a mmm transition uhm from one eh state mmm to mmm another mmm in eh the uhm automaton ;there is no transition between q0 and q0.;[];there is no transition between q0 and q0.;[];True;True
411;What triggers a transition from one state to another in the automaton;Mmm what mmm triggers mmm a mmm transition eh from mmm one eh state eh to eh another mmm in eh the eh automaton ;there is no transition between q0 and q0.;[];Potresti essere più specifico?;[];False;True
412;What input pattern is required for the automaton to reach its final state;What input pattern is required for the automaton to uhm reach its final state ;Potresti essere più specifico?;[];Potresti essere più specifico?;[];True;True
412;What input pattern is required for the automaton to reach its final state;What input pattern is required eh for the eh automaton to reach its final state ;Potresti essere più specifico?;[];Potresti essere più specifico?;[];True;True
412;What input pattern is required for the automaton to reach its final state;Mmm what input eh pattern mmm is required for the automaton to reach its final state ;Potresti essere più specifico?;[];Potresti essere più specifico?;[];True;True
412;What input pattern is required for the automaton to reach its final state;Uhm what input pattern is eh required for the automaton mmm to reach its final mmm state ;Potresti essere più specifico?;[];Potresti essere più specifico?;[];True;True
412;What input pattern is required for the automaton to reach its final state;What input eh pattern is required uhm for the automaton eh to mmm reach its mmm final state ;Potresti essere più specifico?;[];Potresti essere più specifico?;[];True;True
412;What input pattern is required for the automaton to reach its final state;What input pattern mmm is required uhm for the uhm automaton to mmm reach its mmm final eh state ;Potresti essere più specifico?;[];Potresti essere più specifico?;[];True;True
412;What input pattern is required for the automaton to reach its final state;What uhm input uhm pattern is uhm required for mmm the automaton to reach uhm its uhm final eh state ;Potresti essere più specifico?;[];Potresti essere più specifico?;[];True;True
412;What input pattern is required for the automaton to reach its final state;What input uhm pattern uhm is required for the eh automaton eh to eh reach mmm its eh final uhm state ;Potresti essere più specifico?;[];Potresti essere più specifico?;[];True;True
412;What input pattern is required for the automaton to reach its final state;Eh what eh input uhm pattern is eh required eh for the mmm automaton uhm to reach eh its uhm final state ;Potresti essere più specifico?;[];Potresti essere più specifico?;[];True;True
412;What input pattern is required for the automaton to reach its final state;What uhm input eh pattern uhm is eh required eh for uhm the automaton to uhm reach uhm its mmm final uhm state ;Potresti essere più specifico?;[];Potresti essere più specifico?;[];True;True
412;What input pattern is required for the automaton to reach its final state;Mmm what mmm input eh pattern is mmm required uhm for uhm the mmm automaton eh to uhm reach uhm its mmm final state ;Potresti essere più specifico?;[];Potresti essere più specifico?;[];True;True
412;What input pattern is required for the automaton to reach its final state;Uhm what uhm input eh pattern eh is mmm required mmm for uhm the automaton uhm to mmm reach mmm its eh final mmm state ;Potresti essere più specifico?;[];Potresti essere più specifico?;[];True;True
412;What input pattern is required for the automaton to reach its final state;Mmm what mmm input eh pattern mmm is mmm required eh for uhm the uhm automaton eh to mmm reach eh its eh final mmm state ;Potresti essere più specifico?;[];Potresti essere più specifico?;[];True;True
413;How many transitions are there in the automaton;How many transitions are there in eh the automaton ;The automaton has 3 transitions: q0 con valore 1 va in q1, q1 con valore 1 va in q2, q4 con valore 0 va in q0.;[('simbolo-q0-q1', '#04ed00', 'stroke'), ('simbolo-q1-q2', '#04ed00', 'stroke'), ('simbolo-q4-q0', '#04ed00', 'stroke')];The automaton has 3 transitions: q0 con valore 1 va in q1, q1 con valore 1 va in q2, q4 con valore 0 va in q0.;[('simbolo-q0-q1', '#04ed00', 'stroke'), ('simbolo-q1-q2', '#04ed00', 'stroke'), ('simbolo-q4-q0', '#04ed00', 'stroke')];True;True
413;How many transitions are there in the automaton;Uhm how many transitions are there in eh the automaton ;The automaton has 3 transitions: q0 con valore 1 va in q1, q1 con valore 1 va in q2, q4 con valore 0 va in q0.;[('simbolo-q0-q1', '#04ed00', 'stroke'), ('simbolo-q1-q2', '#04ed00', 'stroke'), ('simbolo-q4-q0', '#04ed00', 'stroke')];The automaton has 3 transitions: q0 con valore 1 va in q1, q1 con valore 1 va in q2, q4 con valore 0 va in q0.;[('simbolo-q0-q1', '#04ed00', 'stroke'), ('simbolo-q1-q2', '#04ed00', 'stroke'), ('simbolo-q4-q0', '#04ed00', 'stroke')];True;True
413;How many transitions are there in the automaton;Mmm how many transitions are there in mmm the mmm automaton ;The automaton has 3 transitions: q0 con valore 1 va in q1, q1 con valore 1 va in q2, q4 con valore 0 va in q0.;[('simbolo-q0-q1', '#04ed00', 'stroke'), ('simbolo-q1-q2', '#04ed00', 'stroke'), ('simbolo-q4-q0', '#04ed00', 'stroke')];The automaton has 3 transitions: q0 con valore 1 va in q1, q1 con valore 1 va in q2, q4 con valore 0 va in q0.;[('simbolo-q0-q1', '#04ed00', 'stroke'), ('simbolo-q1-q2', '#04ed00', 'stroke'), ('simbolo-q4-q0', '#04ed00', 'stroke')];True;True
413;How many transitions are there in the automaton;How many transitions mmm are eh there in eh the mmm automaton ;The automaton has 3 transitions: q0 con valore 1 va in q1, q1 con valore 1 va in q2, q4 con valore 0 va in q0.;[('simbolo-q0-q1', '#04ed00', 'stroke'), ('simbolo-q1-q2', '#04ed00', 'stroke'), ('simbolo-q4-q0', '#04ed00', 'stroke')];The automaton has 3 transitions: q0 con valore 1 va in q1, q1 con valore 1 va in q2, q4 con valore 0 va in q0.;[('simbolo-q0-q1', '#04ed00', 'stroke'), ('simbolo-q1-q2', '#04ed00', 'stroke'), ('simbolo-q4-q0', '#04ed00', 'stroke')];True;True
413;How many transitions are there in the automaton;How many eh transitions mmm are mmm there uhm in the mmm automaton ;The automaton has 3 transitions: q0 con valore 1 va in q1, q1 con valore 1 va in q2, q4 con valore 0 va in q0.;[('simbolo-q0-q1', '#04ed00', 'stroke'), ('simbolo-q1-q2', '#04ed00', 'stroke'), ('simbolo-q4-q0', '#04ed00', 'stroke')];The automaton has 3 transitions: q0 con valore 1 va in q1, q1 con valore 1 va in q2, q4 con valore 0 va in q0.;[('simbolo-q0-q1', '#04ed00', 'stroke'), ('simbolo-q1-q2', '#04ed00', 'stroke'), ('simbolo-q4-q0', '#04ed00', 'stroke')];True;True
413;How many transitions are there in the automaton;Mmm how many uhm transitions uhm are there eh in uhm the uhm automaton ;The automaton has 3 transitions: q0 con valore 1 va in q1, q1 con valore 1 va in q2, q4 con valore 0 va in q0.;[('simbolo-q0-q1', '#04ed00', 'stroke'), ('simbolo-q1-q2', '#04ed00', 'stroke'), ('simbolo-q4-q0', '#04ed00', 'stroke')];The automaton has 3 transitions: q0 con valore 1 va in q1, q1 con valore 1 va in q2, q4 con valore 0 va in q0.;[('simbolo-q0-q1', '#04ed00', 'stroke'), ('simbolo-q1-q2', '#04ed00', 'stroke'), ('simbolo-q4-q0', '#04ed00', 'stroke')];True;True
413;How many transitions are there in the automaton;Uhm how eh many mmm transitions uhm are there uhm in uhm the uhm automaton ;The automaton has 3 transitions: q0 con valore 1 va in q1, q1 con valore 1 va in q2, q4 con valore 0 va in q0.;[('simbolo-q0-q1', '#04ed00', 'stroke'), ('simbolo-q1-q2', '#04ed00', 'stroke'), ('simbolo-q4-q0', '#04ed00', 'stroke')];The automaton has 3 transitions: q0 con valore 1 va in q1, q1 con valore 1 va in q2, q4 con valore 0 va in q0.;[('simbolo-q0-q1', '#04ed00', 'stroke'), ('simbolo-q1-q2', '#04ed00', 'stroke'), ('simbolo-q4-q0', '#04ed00', 'stroke')];True;True
413;How many transitions are there in the automaton;Eh how mmm many mmm transitions eh are uhm there eh in mmm the mmm automaton ;The automaton has 3 transitions: q0 con valore 1 va in q1, q1 con valore 1 va in q2, q4 con valore 0 va in q0.;[('simbolo-q0-q1', '#04ed00', 'stroke'), ('simbolo-q1-q2', '#04ed00', 'stroke'), ('simbolo-q4-q0', '#04ed00', 'stroke')];The automaton has 3 transitions: q0 con valore 1 va in q1, q1 con valore 1 va in q2, q4 con valore 0 va in q0.;[('simbolo-q0-q1', '#04ed00', 'stroke'), ('simbolo-q1-q2', '#04ed00', 'stroke'), ('simbolo-q4-q0', '#04ed00', 'stroke')];True;True
414;Which state in the automaton has the most transitions;Which state in mmm the automaton has the most transitions ;The automaton has 4 states: q0, q1, q2 e q4.;[('simbolo-q0', '#04ed00', 'stroke'), ('simbolo-q1', '#04ed00', 'stroke'), ('simbolo-q2', '#04ed00', 'stroke'), ('simbolo-q4', '#04ed00', 'stroke')];The automaton has 4 states: q0, q1, q2 e q4.;[('simbolo-q0', '#04ed00', 'stroke'), ('simbolo-q1', '#04ed00', 'stroke'), ('simbolo-q2', '#04ed00', 'stroke'), ('simbolo-q4', '#04ed00', 'stroke')];True;True
414;Which state in the automaton has the most transitions;Which state in mmm the automaton uhm has the most transitions ;The automaton has 4 states: q0, q1, q2 e q4.;[('simbolo-q0', '#04ed00', 'stroke'), ('simbolo-q1', '#04ed00', 'stroke'), ('simbolo-q2', '#04ed00', 'stroke'), ('simbolo-q4', '#04ed00', 'stroke')];The automaton has 4 states: q0, q1, q2 e q4.;[('simbolo-q0', '#04ed00', 'stroke'), ('simbolo-q1', '#04ed00', 'stroke'), ('simbolo-q2', '#04ed00', 'stroke'), ('simbolo-q4', '#04ed00', 'stroke')];True;True
414;Which state in the automaton has the most transitions;Which state uhm in the automaton has the eh most eh transitions ;The automaton has 4 states: q0, q1, q2 e q4.;[('simbolo-q0', '#04ed00', 'stroke'), ('simbolo-q1', '#04ed00', 'stroke'), ('simbolo-q2', '#04ed00', 'stroke'), ('simbolo-q4', '#04ed00', 'stroke')];there is no transition between q0 and q0.;[];False;False
414;Which state in the automaton has the most transitions;Eh which uhm state in the mmm automaton has eh the most transitions ;The automaton has 4 states: q0, q1, q2 e q4.;[('simbolo-q0', '#04ed00', 'stroke'), ('simbolo-q1', '#04ed00', 'stroke'), ('simbolo-q2', '#04ed00', 'stroke'), ('simbolo-q4', '#04ed00', 'stroke')];The automaton has 4 states: q0, q1, q2 e q4.;[('simbolo-q0', '#04ed00', 'stroke'), ('simbolo-q1', '#04ed00', 'stroke'), ('simbolo-q2', '#04ed00', 'stroke'), ('simbolo-q4', '#04ed00', 'stroke')];True;True
414;Which state in the automaton has the most transitions;Which state in mmm the uhm automaton eh has uhm the eh most transitions ;The automaton has 4 states: q0, q1, q2 e q4.;[('simbolo-q0', '#04ed00', 'stroke'), ('simbolo-q1', '#04ed00', 'stroke'), ('simbolo-q2', '#04ed00', 'stroke'), ('simbolo-q4', '#04ed00', 'stroke')];The automaton has 4 states: q0, q1, q2 e q4.;[('simbolo-q0', '#04ed00', 'stroke'), ('simbolo-q1', '#04ed00', 'stroke'), ('simbolo-q2', '#04ed00', 'stroke'), ('simbolo-q4', '#04ed00', 'stroke')];True;True
414;Which state in the automaton has the most transitions;Which eh state uhm in uhm the uhm automaton has eh the mmm most transitions ;The automaton has 4 states: q0, q1, q2 e q4.;[('simbolo-q0', '#04ed00', 'stroke'), ('simbolo-q1', '#04ed00', 'stroke'), ('simbolo-q2', '#04ed00', 'stroke'), ('simbolo-q4', '#04ed00', 'stroke')];there is no transition between q0 and q0.;[];False;False
414;Which state in the automaton has the most transitions;Uhm which eh state mmm in the uhm automaton has mmm the eh most mmm transitions ;The automaton has 4 states: q0, q1, q2 e q4.;[('simbolo-q0', '#04ed00', 'stroke'), ('simbolo-q1', '#04ed00', 'stroke'), ('simbolo-q2', '#04ed00', 'stroke'), ('simbolo-q4', '#04ed00', 'stroke')];there is no transition between q0 and q0.;[];False;False
414;Which state in the automaton has the most transitions;Eh which uhm state uhm in mmm the eh automaton eh has uhm the mmm most transitions ;The automaton has 4 states: q0, q1, q2 e q4.;[('simbolo-q0', '#04ed00', 'stroke'), ('simbolo-q1', '#04ed00', 'stroke'), ('simbolo-q2', '#04ed00', 'stroke'), ('simbolo-q4', '#04ed00', 'stroke')];there is no transition between q0 and q0.;[];False;False
414;Which state in the automaton has the most transitions;Eh which eh state mmm in mmm the uhm automaton uhm has mmm the uhm most eh transitions ;The automaton has 4 states: q0, q1, q2 e q4.;[('simbolo-q0', '#04ed00', 'stroke'), ('simbolo-q1', '#04ed00', 'stroke'), ('simbolo-q2', '#04ed00', 'stroke'), ('simbolo-q4', '#04ed00', 'stroke')];there is no transition between q0 and q0.;[];False;False
415;Is there any state in the automaton that has no outgoing transitions;Is there any state in eh the automaton that has no outgoing transitions ;The state q0 exists.;[('simbolo-q0', '#04ed00', 'stroke')];The state q0 exists.;[('simbolo-q0', '#04ed00', 'stroke')];True;True
415;Is there any state in the automaton that has no outgoing transitions;Is there uhm any state in the mmm automaton that has no outgoing transitions ;The state q0 exists.;[('simbolo-q0', '#04ed00', 'stroke')];The state q0 exists.;[('simbolo-q0', '#04ed00', 'stroke')];True;True
415;Is there any state in the automaton that has no outgoing transitions;Is there any state mmm in the automaton that mmm has eh no outgoing transitions ;The state q0 exists.;[('simbolo-q0', '#04ed00', 'stroke')];The automaton has 4 states: q0, q1, q2 e q4.;[('simbolo-q0', '#04ed00', 'stroke'), ('simbolo-q1', '#04ed00', 'stroke'), ('simbolo-q2', '#04ed00', 'stroke'), ('simbolo-q4', '#04ed00', 'stroke')];False;False
415;Is there any state in the automaton that has no outgoing transitions;Eh is there any state eh in uhm the automaton that has mmm no outgoing transitions ;The state q0 exists.;[('simbolo-q0', '#04ed00', 'stroke')];The state q0 exists.;[('simbolo-q0', '#04ed00', 'stroke')];True;True
415;Is there any state in the automaton that has no outgoing transitions;Eh is eh there any mmm state in mmm the mmm automaton that has no outgoing transitions ;The state q0 exists.;[('simbolo-q0', '#04ed00', 'stroke')];The automaton has 4 states: q0, q1, q2 e q4.;[('simbolo-q0', '#04ed00', 'stroke'), ('simbolo-q1', '#04ed00', 'stroke'), ('simbolo-q2', '#04ed00', 'stroke'), ('simbolo-q4', '#04ed00', 'stroke')];False;False
415;Is there any state in the automaton that has no outgoing transitions;Is there any state eh in mmm the automaton uhm that uhm has no mmm outgoing uhm transitions ;The state q0 exists.;[('simbolo-q0', '#04ed00', 'stroke')];The state q0 exists.;[('simbolo-q0', '#04ed00', 'stroke')];True;True
415;Is there any state in the automaton that has no outgoing transitions;Uhm is eh there any eh state uhm in mmm the automaton that has eh no outgoing uhm transitions ;The state q0 exists.;[('simbolo-q0', '#04ed00', 'stroke')];The automaton has 4 states: q0, q1, q2 e q4.;[('simbolo-q0', '#04ed00', 'stroke'), ('simbolo-q1', '#04ed00', 'stroke'), ('simbolo-q2', '#04ed00', 'stroke'), ('simbolo-q4', '#04ed00', 'stroke')];False;False
415;Is there any state in the automaton that has no outgoing transitions;Is uhm there mmm any uhm state uhm in the automaton eh that eh has mmm no uhm outgoing transitions ;The state q0 exists.;[('simbolo-q0', '#04ed00', 'stroke')];The state q0 exists.;[('simbolo-q0', '#04ed00', 'stroke')];True;True
415;Is there any state in the automaton that has no outgoing transitions;Mmm is there any mmm state uhm in eh the mmm automaton eh that mmm has no eh outgoing eh transitions ;The state q0 exists.;[('simbolo-q0', '#04ed00', 'stroke')];there is no transition between q0 and q0.;[];False;False
415;Is there any state in the automaton that has no outgoing transitions;Eh is uhm there uhm any mmm state uhm in uhm the uhm automaton that eh has mmm no outgoing uhm transitions ;The state q0 exists.;[('simbolo-q0', '#04ed00', 'stroke')];The state q0 exists.;[('simbolo-q0', '#04ed00', 'stroke')];True;True
415;Is there any state in the automaton that has no outgoing transitions;Uhm is eh there uhm any uhm state mmm in mmm the mmm automaton uhm that has eh no mmm outgoing uhm transitions ;The state q0 exists.;[('simbolo-q0', '#04ed00', 'stroke')];The state q0 exists.;[('simbolo-q0', '#04ed00', 'stroke')];True;True
415;Is there any state in the automaton that has no outgoing transitions;Eh is uhm there eh any eh state eh in eh the uhm automaton mmm that eh has uhm no mmm outgoing mmm transitions ;The state q0 exists.;[('simbolo-q0', '#04ed00', 'stroke')];The automaton has 4 states: q0, q1, q2 e q4.;[('simbolo-q0', '#04ed00', 'stroke'), ('simbolo-q1', '#04ed00', 'stroke'), ('simbolo-q2', '#04ed00', 'stroke'), ('simbolo-q4', '#04ed00', 'stroke')];False;False
416;bye;Eh bye ;Potresti essere più specifico?;[];Potresti essere più specifico?;[];True;True
417;How many states are in this automaton;How many states mmm are in this automaton ;This automaton has 4 states;[('simbolo-q0', '#04ed00', 'stroke'), ('simbolo-q1', '#04ed00', 'stroke'), ('simbolo-q2', '#04ed00', 'stroke'), ('simbolo-q4', '#04ed00', 'stroke')];This automaton has 4 states;[('simbolo-q0', '#04ed00', 'stroke'), ('simbolo-q1', '#04ed00', 'stroke'), ('simbolo-q2', '#04ed00', 'stroke'), ('simbolo-q4', '#04ed00', 'stroke')];True;True
417;How many states are in this automaton;How mmm many states are uhm in this automaton ;This automaton has 4 states;[('simbolo-q0', '#04ed00', 'stroke'), ('simbolo-q1', '#04ed00', 'stroke'), ('simbolo-q2', '#04ed00', 'stroke'), ('simbolo-q4', '#04ed00', 'stroke')];This automaton has 4 states;[('simbolo-q0', '#04ed00', 'stroke'), ('simbolo-q1', '#04ed00', 'stroke'), ('simbolo-q2', '#04ed00', 'stroke'), ('simbolo-q4', '#04ed00', 'stroke')];True;True
417;How many states are in this automaton;Mmm how uhm many uhm states are in this automaton ;This automaton has 4 states;[('simbolo-q0', '#04ed00', 'stroke'), ('simbolo-q1', '#04ed00', 'stroke'), ('simbolo-q2', '#04ed00', 'stroke'), ('simbolo-q4', '#04ed00', 'stroke')];This automaton has 4 states;[('simbolo-q0', '#04ed00', 'stroke'), ('simbolo-q1', '#04ed00', 'stroke'), ('simbolo-q2', '#04ed00', 'stroke'), ('simbolo-q4', '#04ed00', 'stroke')];True;True
417;How many states are in this automaton;Mmm how many eh states are eh in this mmm automaton ;This automaton has 4 states;[('simbolo-q0', '#04ed00', 'stroke'), ('simbolo-q1', '#04ed00', 'stroke'), ('simbolo-q2', '#04ed00', 'stroke'), ('simbolo-q4', '#04ed00', 'stroke')];This automaton has 4 states;[('simbolo-q0', '#04ed00', 'stroke'), ('simbolo-q1', '#04ed00', 'stroke'), ('simbolo-q2', '#04ed00', 'stroke'), ('simbolo-q4', '#04ed00', 'stroke')];True;True
417;How many states are in this automaton;Eh how uhm many eh states are eh in eh this automaton ;This automaton has 4 states;[('simbolo-q0', '#04ed00', 'stroke'), ('simbolo-q1', '#04ed00', 'stroke'), ('simbolo-q2', '#04ed00', 'stroke'), ('simbolo-q4', '#04ed00', 'stroke')];This automaton has 4 states;[('simbolo-q0', '#04ed00', 'stroke'), ('simbolo-q1', '#04ed00', 'stroke'), ('simbolo-q2', '#04ed00', 'stroke'), ('simbolo-q4', '#04ed00', 'stroke')];True;True
417;How many states are in this automaton;Mmm how uhm many mmm states uhm are uhm in mmm this automaton ;This automaton has 4 states;[('simbolo-q0', '#04ed00', 'stroke'), ('simbolo-q1', '#04ed00', 'stroke'), ('simbolo-q2', '#04ed00', 'stroke'), ('simbolo-q4', '#04ed00', 'stroke')];This automaton has 4 states;[('simbolo-q0', '#04ed00', 'stroke'), ('simbolo-q1', '#04ed00', 'stroke'), ('simbolo-q2', '#04ed00', 'stroke'), ('simbolo-q4', '#04ed00', 'stroke')];True;True
417;How many states are in this automaton;Uhm how mmm many uhm states uhm are eh in eh this mmm automaton ;This automaton has 4 states;[('simbolo-q0', '#04ed00', 'stroke'), ('simbolo-q1', '#04ed00', 'stroke'), ('simbolo-q2', '#04ed00', 'stroke'), ('simbolo-q4', '#04ed00', 'stroke')];This automaton has 4 states;[('simbolo-q0', '#04ed00', 'stroke'), ('simbolo-q1', '#04ed00', 'stroke'), ('simbolo-q2', '#04ed00', 'stroke'), ('simbolo-q4', '#04ed00', 'stroke')];True;True
418;What input causes the automaton to move from one state to the next;What input causes the automaton to move from mmm one state to the next ;Potresti essere più specifico?;[];The automaton has 3 transitions: q0 con valore 1 va in q1, q1 con valore 1 va in q2, q4 con valore 0 va in q0.;[('simbolo-q0-q1', '#04ed00', 'stroke'), ('simbolo-q1-q2', '#04ed00', 'stroke'), ('simbolo-q4-q0', '#04ed00', 'stroke')];False;False
418;What input causes the automaton to move from one state to the next;What input causes the automaton uhm to move from one state to uhm the next ;Potresti essere più specifico?;[];The automaton has 3 transitions: q0 con valore 1 va in q1, q1 con valore 1 va in q2, q4 con valore 0 va in q0.;[('simbolo-q0-q1', '#04ed00', 'stroke'), ('simbolo-q1-q2', '#04ed00', 'stroke'), ('simbolo-q4-q0', '#04ed00', 'stroke')];False;False
418;What input causes the automaton to move from one state to the next;What mmm input eh causes the automaton to move uhm from one state to the next ;Potresti essere più specifico?;[];Potresti essere più specifico?;[];True;True
418;What input causes the automaton to move from one state to the next;What input causes uhm the automaton to move from eh one state mmm to the mmm next ;Potresti essere più specifico?;[];there is no transition between q0 and q0.;[];False;True
418;What input causes the automaton to move from one state to the next;Eh what input causes mmm the automaton mmm to uhm move mmm from one state to the next ;Potresti essere più specifico?;[];Potresti essere più specifico?;[];True;True
418;What input causes the automaton to move from one state to the next;Eh what input causes eh the eh automaton mmm to move from eh one state to uhm the next ;Potresti essere più specifico?;[];Potresti essere più specifico?;[];True;True
418;What input causes the automaton to move from one state to the next;What eh input uhm causes uhm the mmm automaton to mmm move mmm from one state to the eh next ;Potresti essere più specifico?;[];The automaton has 3 transitions: q0 con valore 1 va in q1, q1 con valore 1 va in q2, q4 con valore 0 va in q0.;[('simbolo-q0-q1', '#04ed00', 'stroke'), ('simbolo-q1-q2', '#04ed00', 'stroke'), ('simbolo-q4-q0', '#04ed00', 'stroke')];False;False
418;What input causes the automaton to move from one state to the next;What mmm input mmm causes uhm the automaton to mmm move uhm from one state eh to eh the uhm next ;Potresti essere più specifico?;[];The automaton has 4 states: q0, q1, q2 e q4.;[('simbolo-q0', '#04ed00', 'stroke'), ('simbolo-q1', '#04ed00', 'stroke'), ('simbolo-q2', '#04ed00', 'stroke'), ('simbolo-q4', '#04ed00', 'stroke')];False;False
418;What input causes the automaton to move from one state to the next;Uhm what input causes the eh automaton mmm to eh move mmm from uhm one uhm state to eh the uhm next ;Potresti essere più specifico?;[];the transition is not defined.;[];False;True
418;What input causes the automaton to move from one state to the next;Eh what input mmm causes uhm the mmm automaton to mmm move from mmm one eh state uhm to uhm the mmm next ;Potresti essere più specifico?;[];Potresti essere più specifico?;[];True;True
418;What input causes the automaton to move from one state to the next;Uhm what mmm input causes eh the mmm automaton uhm to uhm move uhm from mmm one uhm state eh to eh the next ;Potresti essere più specifico?;[];Potresti essere più specifico?;[];True;True
418;What input causes the automaton to move from one state to the next;Eh what input uhm causes mmm the eh automaton uhm to mmm move uhm from eh one uhm state uhm to mmm the uhm next ;Potresti essere più specifico?;[];Potresti essere più specifico?;[];True;True
418;What input causes the automaton to move from one state to the next;Uhm what uhm input uhm causes mmm the mmm automaton mmm to mmm move mmm from mmm one mmm state eh to uhm the mmm next ;Potresti essere più specifico?;[];Potresti essere più specifico?;[];True;True
419;Which state follows q1 in the automaton;Which state follows q1 in eh the automaton ;The state q0 exists.;[('simbolo-q0', '#04ed00', 'stroke')];The state q0 exists.;[('simbolo-q0', '#04ed00', 'stroke')];True;True
419;Which state follows q1 in the automaton;Which uhm state uhm follows q1 in the automaton ;The state q0 exists.;[('simbolo-q0', '#04ed00', 'stroke')];The automaton has 4 states: q0, q1, q2 e q4.;[('simbolo-q0', '#04ed00', 'stroke'), ('simbolo-q1', '#04ed00', 'stroke'), ('simbolo-q2', '#04ed00', 'stroke'), ('simbolo-q4', '#04ed00', 'stroke')];False;False
419;Which state follows q1 in the automaton;Eh which state eh follows q1 in eh the automaton ;The state q0 exists.;[('simbolo-q0', '#04ed00', 'stroke')];The automaton has 4 states: q0, q1, q2 e q4.;[('simbolo-q0', '#04ed00', 'stroke'), ('simbolo-q1', '#04ed00', 'stroke'), ('simbolo-q2', '#04ed00', 'stroke'), ('simbolo-q4', '#04ed00', 'stroke')];False;False
419;Which state follows q1 in the automaton;Mmm which state uhm follows eh q1 in the mmm automaton ;The state q0 exists.;[('simbolo-q0', '#04ed00', 'stroke')];The automaton has 4 states: q0, q1, q2 e q4.;[('simbolo-q0', '#04ed00', 'stroke'), ('simbolo-q1', '#04ed00', 'stroke'), ('simbolo-q2', '#04ed00', 'stroke'), ('simbolo-q4', '#04ed00', 'stroke')];False;False
419;Which state follows q1 in the automaton;Eh which state follows uhm q1 eh in mmm the uhm automaton ;The state q0 exists.;[('simbolo-q0', '#04ed00', 'stroke')];The automaton has 4 states: q0, q1, q2 e q4.;[('simbolo-q0', '#04ed00', 'stroke'), ('simbolo-q1', '#04ed00', 'stroke'), ('simbolo-q2', '#04ed00', 'stroke'), ('simbolo-q4', '#04ed00', 'stroke')];False;False
419;Which state follows q1 in the automaton;Which eh state uhm follows eh q1 eh in mmm the eh automaton ;The state q0 exists.;[('simbolo-q0', '#04ed00', 'stroke')];The automaton has 4 states: q0, q1, q2 e q4.;[('simbolo-q0', '#04ed00', 'stroke'), ('simbolo-q1', '#04ed00', 'stroke'), ('simbolo-q2', '#04ed00', 'stroke'), ('simbolo-q4', '#04ed00', 'stroke')];False;False
419;Which state follows q1 in the automaton;Eh which uhm state uhm follows uhm q1 eh in mmm the uhm automaton ;The state q0 exists.;[('simbolo-q0', '#04ed00', 'stroke')];The state q0 exists.;[('simbolo-q0', '#04ed00', 'stroke')];True;True
420;What input causes the automaton to move from q3 to q4;What input causes uhm the automaton to move from q3 to q4 ;The transition between q3 and q4 is with value 0.;[('simbolo-q3-q4', '#04ed00', 'stroke')];The transition between q3 and q4 is with value 0.;[('simbolo-q3-q4', '#04ed00', 'stroke')];True;True
420;What input causes the automaton to move from q3 to q4;Uhm what input causes the automaton to move from q3 eh to q4 ;The transition between q3 and q4 is with value 0.;[('simbolo-q3-q4', '#04ed00', 'stroke')];The transition between q3 and q4 is with value 0.;[('simbolo-q3-q4', '#04ed00', 'stroke')];True;True
420;What input causes the automaton to move from q3 to q4;What input causes the eh automaton eh to mmm move from q3 to q4 ;The transition between q3 and q4 is with value 0.;[('simbolo-q3-q4', '#04ed00', 'stroke')];The transition between q3 and q4 is with value 0.;[('simbolo-q3-q4', '#04ed00', 'stroke')];True;True
420;What input causes the automaton to move from q3 to q4;Eh what input causes uhm the automaton to move mmm from q3 to eh q4 ;The transition between q3 and q4 is with value 0.;[('simbolo-q3-q4', '#04ed00', 'stroke')];The transition between q3 and q4 is with value 0.;[('simbolo-q3-q4', '#04ed00', 'stroke')];True;True
420;What input causes the automaton to move from q3 to q4;What uhm input mmm causes the automaton to eh move mmm from mmm q3 to q4 ;The transition between q3 and q4 is with value 0.;[('simbolo-q3-q4', '#04ed00', 'stroke')];The transition between q3 and q4 is with value 0.;[('simbolo-q3-q4', '#04ed00', 'stroke')];True;True
420;What input causes the automaton to move from q3 to q4;Mmm what eh input mmm causes the automaton mmm to move from eh q3 to uhm q4 ;The transition between q3 and q4 is with value 0.;[('simbolo-q3-q4', '#04ed00', 'stroke')];The transition between q3 and q4 is with value 0.;[('simbolo-q3-q4', '#04ed00', 'stroke')];True;True
420;What input causes the automaton to move from q3 to q4;Uhm what mmm input causes the eh automaton to eh move from uhm q3 uhm to uhm q4 ;The transition between q3 and q4 is with value 0.;[('simbolo-q3-q4', '#04ed00', 'stroke')];Potresti essere più specifico?;[];False;False
420;What input causes the automaton to move from q3 to q4;What mmm input causes the uhm automaton eh to eh move mmm from uhm q3 uhm to eh q4 ;The transition between q3 and q4 is with value 0.;[('simbolo-q3-q4', '#04ed00', 'stroke')];Potresti essere più specifico?;[];False;False
420;What input causes the automaton to move from q3 to q4;Uhm what input uhm causes mmm the uhm automaton uhm to eh move eh from eh q3 mmm to q4 ;The transition between q3 and q4 is with value 0.;[('simbolo-q3-q4', '#04ed00', 'stroke')];The transition between q3 and q4 is with value 0.;[('simbolo-q3-q4', '#04ed00', 'stroke')];True;True
420;What input causes the automaton to move from q3 to q4;Uhm what input eh causes mmm the eh automaton mmm to mmm move mmm from mmm q3 uhm to mmm q4 ;The transition between q3 and q4 is with value 0.;[('simbolo-q3-q4', '#04ed00', 'stroke')];Potresti essere più specifico?;[];False;False
420;What input causes the automaton to move from q3 to q4;Eh what eh input uhm causes eh the eh automaton mmm to mmm move mmm from mmm q3 mmm to uhm q4 ;The transition between q3 and q4 is with value 0.;[('simbolo-q3-q4', '#04ed00', 'stroke')];The transition between q3 and q4 is with value 0.;[('simbolo-q3-q4', '#04ed00', 'stroke')];True;True
421;What happens after the automaton reaches q4;What happens uhm after the automaton reaches q4 ;The automaton has 4 states: q0, q1, q2 e q4.;[('simbolo-q0', '#04ed00', 'stroke'), ('simbolo-q1', '#04ed00', 'stroke'), ('simbolo-q2', '#04ed00', 'stroke'), ('simbolo-q4', '#04ed00', 'stroke')];The automaton has 4 states: q0, q1, q2 e q4.;[('simbolo-q0', '#04ed00', 'stroke'), ('simbolo-q1', '#04ed00', 'stroke'), ('simbolo-q2', '#04ed00', 'stroke'), ('simbolo-q4', '#04ed00', 'stroke')];True;True
421;What happens after the automaton reaches q4;Mmm what happens after uhm the automaton reaches q4 ;The automaton has 4 states: q0, q1, q2 e q4.;[('simbolo-q0', '#04ed00', 'stroke'), ('simbolo-q1', '#04ed00', 'stroke'), ('simbolo-q2', '#04ed00', 'stroke'), ('simbolo-q4', '#04ed00', 'stroke')];the transition is not defined.;[];False;False
421;What happens after the automaton reaches q4;What uhm happens after uhm the automaton reaches uhm q4 ;The automaton has 4 states: q0, q1, q2 e q4.;[('simbolo-q0', '#04ed00', 'stroke'), ('simbolo-q1', '#04ed00', 'stroke'), ('simbolo-q2', '#04ed00', 'stroke'), ('simbolo-q4', '#04ed00', 'stroke')];the transition is not defined.;[];False;False
421;What happens after the automaton reaches q4;Eh what happens mmm after eh the automaton reaches mmm q4 ;The automaton has 4 states: q0, q1, q2 e q4.;[('simbolo-q0', '#04ed00', 'stroke'), ('simbolo-q1', '#04ed00', 'stroke'), ('simbolo-q2', '#04ed00', 'stroke'), ('simbolo-q4', '#04ed00', 'stroke')];The state q4 exists.;[('simbolo-q4', '#04ed00', 'stroke')];False;False
421;What happens after the automaton reaches q4;Uhm what happens mmm after uhm the automaton mmm reaches eh q4 ;The automaton has 4 states: q0, q1, q2 e q4.;[('simbolo-q0', '#04ed00', 'stroke'), ('simbolo-q1', '#04ed00', 'stroke'), ('simbolo-q2', '#04ed00', 'stroke'), ('simbolo-q4', '#04ed00', 'stroke')];the transition is not defined.;[];False;False
421;What happens after the automaton reaches q4;Uhm what mmm happens uhm after the eh automaton uhm reaches eh q4 ;The automaton has 4 states: q0, q1, q2 e q4.;[('simbolo-q0', '#04ed00', 'stroke'), ('simbolo-q1', '#04ed00', 'stroke'), ('simbolo-q2', '#04ed00', 'stroke'), ('simbolo-q4', '#04ed00', 'stroke')];the transition is not defined.;[];False;False
421;What happens after the automaton reaches q4;Uhm what uhm happens mmm after mmm the mmm automaton eh reaches eh q4 ;The automaton has 4 states: q0, q1, q2 e q4.;[('simbolo-q0', '#04ed00', 'stroke'), ('simbolo-q1', '#04ed00', 'stroke'), ('simbolo-q2', '#04ed00', 'stroke'), ('simbolo-q4', '#04ed00', 'stroke')];Potresti essere più specifico?;[];False;False
422;Does the automaton return to q0 after every valid input sequence;Does the mmm automaton return to q0 after every valid input sequence ;The automaton accepts zero or more words formed by a sequence of the type 110. In total there are 4 states: q0, q1, q2 e q4. q0 is both the initial and the final state.Le transizioni sono: q0 with value 1 goes goes q1, q1 with value 1 goes goes q2, q4 with value 0 goes to q0.;[];Potresti essere più specifico?;[];False;True
422;Does the automaton return to q0 after every valid input sequence;Does the automaton return to q0 after eh every mmm valid input sequence ;The automaton accepts zero or more words formed by a sequence of the type 110. In total there are 4 states: q0, q1, q2 e q4. q0 is both the initial and the final state.Le transizioni sono: q0 with value 1 goes goes q1, q1 with value 1 goes goes q2, q4 with value 0 goes to q0.;[];Potresti essere più specifico?;[];False;True
422;Does the automaton return to q0 after every valid input sequence;Does the automaton mmm return to q0 after mmm every eh valid input sequence ;The automaton accepts zero or more words formed by a sequence of the type 110. In total there are 4 states: q0, q1, q2 e q4. q0 is both the initial and the final state.Le transizioni sono: q0 with value 1 goes goes q1, q1 with value 1 goes goes q2, q4 with value 0 goes to q0.;[];Potresti essere più specifico?;[];False;True
422;Does the automaton return to q0 after every valid input sequence;Does the uhm automaton uhm return uhm to uhm q0 after every valid input sequence ;The automaton accepts zero or more words formed by a sequence of the type 110. In total there are 4 states: q0, q1, q2 e q4. q0 is both the initial and the final state.Le transizioni sono: q0 with value 1 goes goes q1, q1 with value 1 goes goes q2, q4 with value 0 goes to q0.;[];The automaton accepts zero or more words formed by a sequence of the type 110. In total there are 4 states: q0, q1, q2 e q4. q0 is both the initial and the final state.Le transizioni sono: q0 with value 1 goes goes q1, q1 with value 1 goes goes q2, q4 with value 0 goes to q0.;[];True;True
422;Does the automaton return to q0 after every valid input sequence;Does uhm the mmm automaton uhm return mmm to uhm q0 after every valid input sequence ;The automaton accepts zero or more words formed by a sequence of the type 110. In total there are 4 states: q0, q1, q2 e q4. q0 is both the initial and the final state.Le transizioni sono: q0 with value 1 goes goes q1, q1 with value 1 goes goes q2, q4 with value 0 goes to q0.;[];The automaton accepts zero or more words formed by a sequence of the type 110. In total there are 4 states: q0, q1, q2 e q4. q0 is both the initial and the final state.Le transizioni sono: q0 with value 1 goes goes q1, q1 with value 1 goes goes q2, q4 with value 0 goes to q0.;[];True;True
422;Does the automaton return to q0 after every valid input sequence;Does eh the automaton return to mmm q0 eh after uhm every eh valid uhm input sequence ;The automaton accepts zero or more words formed by a sequence of the type 110. In total there are 4 states: q0, q1, q2 e q4. q0 is both the initial and the final state.Le transizioni sono: q0 with value 1 goes goes q1, q1 with value 1 goes goes q2, q4 with value 0 goes to q0.;[];Potresti essere più specifico?;[];False;True
422;Does the automaton return to q0 after every valid input sequence;Does the mmm automaton mmm return mmm to eh q0 uhm after eh every valid mmm input sequence ;The automaton accepts zero or more words formed by a sequence of the type 110. In total there are 4 states: q0, q1, q2 e q4. q0 is both the initial and the final state.Le transizioni sono: q0 with value 1 goes goes q1, q1 with value 1 goes goes q2, q4 with value 0 goes to q0.;[];The automaton accepts zero or more words formed by a sequence of the type 110. In total there are 4 states: q0, q1, q2 e q4. q0 is both the initial and the final state.Le transizioni sono: q0 with value 1 goes goes q1, q1 with value 1 goes goes q2, q4 with value 0 goes to q0.;[];True;True
422;Does the automaton return to q0 after every valid input sequence;Uhm does uhm the mmm automaton uhm return mmm to q0 after uhm every eh valid mmm input sequence ;The automaton accepts zero or more words formed by a sequence of the type 110. In total there are 4 states: q0, q1, q2 e q4. q0 is both the initial and the final state.Le transizioni sono: q0 with value 1 goes goes q1, q1 with value 1 goes goes q2, q4 with value 0 goes to q0.;[];Potresti essere più specifico?;[];False;True
422;Does the automaton return to q0 after every valid input sequence;Eh does eh the mmm automaton eh return mmm to eh q0 eh after every valid mmm input mmm sequence ;The automaton accepts zero or more words formed by a sequence of the type 110. In total there are 4 states: q0, q1, q2 e q4. q0 is both the initial and the final state.Le transizioni sono: q0 with value 1 goes goes q1, q1 with value 1 goes goes q2, q4 with value 0 goes to q0.;[];The automaton accepts zero or more words formed by a sequence of the type 110. In total there are 4 states: q0, q1, q2 e q4. q0 is both the initial and the final state.Le transizioni sono: q0 with value 1 goes goes q1, q1 with value 1 goes goes q2, q4 with value 0 goes to q0.;[];True;True
422;Does the automaton return to q0 after every valid input sequence;Mmm does mmm the mmm automaton mmm return eh to uhm q0 after eh every uhm valid mmm input uhm sequence ;The automaton accepts zero or more words formed by a sequence of the type 110. In total there are 4 states: q0, q1, q2 e q4. q0 is both the initial and the final state.Le transizioni sono: q0 with value 1 goes goes q1, q1 with value 1 goes goes q2, q4 with value 0 goes to q0.;[];Potresti essere più specifico?;[];False;True
422;Does the automaton return to q0 after every valid input sequence;Eh does uhm the eh automaton uhm return uhm to uhm q0 mmm after mmm every eh valid mmm input eh sequence ;The automaton accepts zero or more words formed by a sequence of the type 110. In total there are 4 states: q0, q1, q2 e q4. q0 is both the initial and the final state.Le transizioni sono: q0 with value 1 goes goes q1, q1 with value 1 goes goes q2, q4 with value 0 goes to q0.;[];Potresti essere più specifico?;[];False;True
423;What kind of language is accepted by this automaton;What kind of uhm language is accepted by this automaton ;Potresti essere più specifico?;[];Potresti essere più specifico?;[];True;True
423;What kind of language is accepted by this automaton;What kind of eh language is accepted by uhm this automaton ;Potresti essere più specifico?;[];Potresti essere più specifico?;[];True;True
423;What kind of language is accepted by this automaton;What uhm kind of mmm language uhm is accepted by this automaton ;Potresti essere più specifico?;[];Potresti essere più specifico?;[];True;True
423;What kind of language is accepted by this automaton;Uhm what kind of uhm language is mmm accepted by eh this automaton ;Potresti essere più specifico?;[];Potresti essere più specifico?;[];True;True
423;What kind of language is accepted by this automaton;Mmm what eh kind of language uhm is accepted mmm by this uhm automaton ;Potresti essere più specifico?;[];Potresti essere più specifico?;[];True;True
423;What kind of language is accepted by this automaton;What eh kind eh of language uhm is accepted uhm by eh this mmm automaton ;Potresti essere più specifico?;[];Potresti essere più specifico?;[];True;True
423;What kind of language is accepted by this automaton;Uhm what kind uhm of eh language mmm is mmm accepted by uhm this mmm automaton ;Potresti essere più specifico?;[];Potresti essere più specifico?;[];True;True
423;What kind of language is accepted by this automaton;Mmm what uhm kind eh of uhm language eh is eh accepted eh by mmm this automaton ;Potresti essere più specifico?;[];Potresti essere più specifico?;[];True;True
423;What kind of language is accepted by this automaton;Mmm what mmm kind mmm of eh language uhm is eh accepted mmm by uhm this uhm automaton ;Potresti essere più specifico?;[];Potresti essere più specifico?;[];True;True
424;Can the automaton accept an empty string;Can the automaton eh accept an empty string ;Potresti essere più specifico?;[];Potresti essere più specifico?;[];True;True
424;Can the automaton accept an empty string;Can the automaton accept an eh empty mmm string ;Potresti essere più specifico?;[];Potresti essere più specifico?;[];True;True
424;Can the automaton accept an empty string;Mmm can the mmm automaton accept eh an empty string ;Potresti essere più specifico?;[];Potresti essere più specifico?;[];True;True
424;Can the automaton accept an empty string;Uhm can mmm the eh automaton accept an empty uhm string ;Potresti essere più specifico?;[];Potresti essere più specifico?;[];True;True
424;Can the automaton accept an empty string;Mmm can the uhm automaton accept mmm an eh empty mmm string ;Potresti essere più specifico?;[];Potresti essere più specifico?;[];True;True
424;Can the automaton accept an empty string;Uhm can mmm the mmm automaton mmm accept an uhm empty uhm string ;Potresti essere più specifico?;[];Potresti essere più specifico?;[];True;True
424;Can the automaton accept an empty string;Eh can eh the mmm automaton uhm accept uhm an uhm empty uhm string ;Potresti essere più specifico?;[];The automaton accepts zero or more words formed by a sequence of the type 110. In total there are 4 states: q0, q1, q2 e q4. q0 is both the initial and the final state.Le transizioni sono: q0 with value 1 goes goes q1, q1 with value 1 goes goes q2, q4 with value 0 goes to q0.;[];False;True
425;Does the automaton accept sequences longer than three 1s followed by two 0s;Does mmm the automaton accept sequences longer than three 1s followed by two 0s ;Potresti essere più specifico?;[];Potresti essere più specifico?;[];True;True
425;Does the automaton accept sequences longer than three 1s followed by two 0s;Does the automaton eh accept sequences longer than three 1s followed by two eh 0s ;Potresti essere più specifico?;[];Potresti essere più specifico?;[];True;True
425;Does the automaton accept sequences longer than three 1s followed by two 0s;Does mmm the automaton accept sequences mmm longer uhm than three 1s followed by two 0s ;Potresti essere più specifico?;[];Potresti essere più specifico?;[];True;True
425;Does the automaton accept sequences longer than three 1s followed by two 0s;Uhm does the eh automaton accept uhm sequences longer than three uhm 1s followed by two 0s ;Potresti essere più specifico?;[];Potresti essere più specifico?;[];True;True
425;Does the automaton accept sequences longer than three 1s followed by two 0s;Uhm does mmm the automaton uhm accept sequences mmm longer than uhm three 1s followed by two 0s ;Potresti essere più specifico?;[];Potresti essere più specifico?;[];True;True
425;Does the automaton accept sequences longer than three 1s followed by two 0s;Does uhm the automaton mmm accept uhm sequences longer eh than uhm three 1s followed by two eh 0s ;Potresti essere più specifico?;[];Potresti essere più specifico?;[];True;True
425;Does the automaton accept sequences longer than three 1s followed by two 0s;Does uhm the eh automaton eh accept eh sequences longer eh than three 1s uhm followed by mmm two 0s ;Potresti essere più specifico?;[];Potresti essere più specifico?;[];True;True
425;Does the automaton accept sequences longer than three 1s followed by two 0s;Uhm does eh the eh automaton uhm accept sequences longer than three eh 1s mmm followed eh by two mmm 0s ;Potresti essere più specifico?;[];Potresti essere più specifico?;[];True;True
425;Does the automaton accept sequences longer than three 1s followed by two 0s;Mmm does eh the automaton uhm accept mmm sequences mmm longer mmm than mmm three 1s eh followed uhm by two 0s ;Potresti essere più specifico?;[];Potresti essere più specifico?;[];True;True
425;Does the automaton accept sequences longer than three 1s followed by two 0s;Eh does uhm the automaton accept sequences eh longer mmm than uhm three mmm 1s mmm followed uhm by uhm two eh 0s ;Potresti essere più specifico?;[];Potresti essere più specifico?;[];True;True
425;Does the automaton accept sequences longer than three 1s followed by two 0s;Mmm does mmm the eh automaton eh accept uhm sequences longer eh than three uhm 1s eh followed eh by mmm two uhm 0s ;Potresti essere più specifico?;[];Potresti essere più specifico?;[];True;True
425;Does the automaton accept sequences longer than three 1s followed by two 0s;Uhm does mmm the automaton eh accept eh sequences uhm longer uhm than mmm three uhm 1s eh followed mmm by eh two eh 0s ;Potresti essere più specifico?;[];Potresti essere più specifico?;[];True;True
425;Does the automaton accept sequences longer than three 1s followed by two 0s;Uhm does mmm the mmm automaton mmm accept eh sequences uhm longer uhm than eh three mmm 1s eh followed eh by eh two mmm 0s ;Potresti essere più specifico?;[];The automaton accepts zero or more words formed by a sequence of the type 110. In total there are 4 states: q0, q1, q2 e q4. q0 is both the initial and the final state.Le transizioni sono: q0 with value 1 goes goes q1, q1 with value 1 goes goes q2, q4 with value 0 goes to q0.;[];False;True
426;Which state in the automaton is both the initial and the final state;Which eh state in the automaton is both the initial and the final state ;The initial state is q0.;[('simbolo-q0', '#04ed00', 'stroke')];The initial state is q0.;[('simbolo-q0', '#04ed00', 'stroke')];True;True
426;Which state in the automaton is both the initial and the final state;Which uhm state in the mmm automaton is both the initial and the final state ;The initial state is q0.;[('simbolo-q0', '#04ed00', 'stroke')];The initial state is q0.;[('simbolo-q0', '#04ed00', 'stroke')];True;True
426;Which state in the automaton is both the initial and the final state;Which state uhm in the automaton is both the initial and the eh final mmm state ;The initial state is q0.;[('simbolo-q0', '#04ed00', 'stroke')];The initial state is q0.;[('simbolo-q0', '#04ed00', 'stroke')];True;True
426;Which state in the automaton is both the initial and the final state;Which state in mmm the uhm automaton is both the initial and the eh final mmm state ;The initial state is q0.;[('simbolo-q0', '#04ed00', 'stroke')];The initial state is q0.;[('simbolo-q0', '#04ed00', 'stroke')];True;True
426;Which state in the automaton is both the initial and the final state;Which eh state in uhm the automaton is both the initial uhm and uhm the final uhm state ;The initial state is q0.;[('simbolo-q0', '#04ed00', 'stroke')];The final state is q0.;[('simbolo-q0', '#04ed00', 'stroke')];False;True
426;Which state in the automaton is both the initial and the final state;Eh which state eh in the eh automaton mmm is both the initial and eh the final uhm state ;The initial state is q0.;[('simbolo-q0', '#04ed00', 'stroke')];The initial state is q0.;[('simbolo-q0', '#04ed00', 'stroke')];True;True
426;Which state in the automaton is both the initial and the final state;Eh which eh state eh in eh the eh automaton is both the initial and mmm the uhm final state ;The initial state is q0.;[('simbolo-q0', '#04ed00', 'stroke')];The initial state is q0.;[('simbolo-q0', '#04ed00', 'stroke')];True;True
426;Which state in the automaton is both the initial and the final state;Uhm which mmm state uhm in the mmm automaton is mmm both the eh initial and uhm the final eh state ;The initial state is q0.;[('simbolo-q0', '#04ed00', 'stroke')];The initial state is q0.;[('simbolo-q0', '#04ed00', 'stroke')];True;True
426;Which state in the automaton is both the initial and the final state;Which uhm state mmm in mmm the uhm automaton uhm is both eh the uhm initial eh and the final eh state ;The initial state is q0.;[('simbolo-q0', '#04ed00', 'stroke')];The state q0 exists.;[('simbolo-q0', '#04ed00', 'stroke')];False;True
426;Which state in the automaton is both the initial and the final state;Uhm which mmm state in uhm the uhm automaton uhm is uhm both eh the mmm initial mmm and uhm the final state ;The initial state is q0.;[('simbolo-q0', '#04ed00', 'stroke')];The automaton has 4 states: q0, q1, q2 e q4.;[('simbolo-q0', '#04ed00', 'stroke'), ('simbolo-q1', '#04ed00', 'stroke'), ('simbolo-q2', '#04ed00', 'stroke'), ('simbolo-q4', '#04ed00', 'stroke')];False;False
426;Which state in the automaton is both the initial and the final state;Which uhm state mmm in mmm the uhm automaton mmm is uhm both the uhm initial uhm and mmm the uhm final uhm state ;The initial state is q0.;[('simbolo-q0', '#04ed00', 'stroke')];The state q0 exists.;[('simbolo-q0', '#04ed00', 'stroke')];False;True
426;Which state in the automaton is both the initial and the final state;Eh which eh state eh in eh the mmm automaton is eh both uhm the mmm initial mmm and uhm the uhm final mmm state ;The initial state is q0.;[('simbolo-q0', '#04ed00', 'stroke')];The automaton has 4 states: q0, q1, q2 e q4.;[('simbolo-q0', '#04ed00', 'stroke'), ('simbolo-q1', '#04ed00', 'stroke'), ('simbolo-q2', '#04ed00', 'stroke'), ('simbolo-q4', '#04ed00', 'stroke')];False;False
426;Which state in the automaton is both the initial and the final state;Eh which mmm state mmm in eh the eh automaton mmm is mmm both mmm the eh initial eh and mmm the uhm final eh state ;The initial state is q0.;[('simbolo-q0', '#04ed00', 'stroke')];The automaton has 4 states: q0, q1, q2 e q4.;[('simbolo-q0', '#04ed00', 'stroke'), ('simbolo-q1', '#04ed00', 'stroke'), ('simbolo-q2', '#04ed00', 'stroke'), ('simbolo-q4', '#04ed00', 'stroke')];False;False
427;Thank you for responding to me;Uhm thank you for responding to me ;Potresti essere più specifico?;[];Potresti essere più specifico?;[];True;True
427;Thank you for responding to me;Eh thank you for responding to mmm me ;Potresti essere più specifico?;[];Potresti essere più specifico?;[];True;True
427;Thank you for responding to me;Thank mmm you for responding mmm to mmm me ;Potresti essere più specifico?;[];Potresti essere più specifico?;[];True;True
427;Thank you for responding to me;Uhm thank uhm you uhm for responding eh to me ;Potresti essere più specifico?;[];Potresti essere più specifico?;[];True;True
427;Thank you for responding to me;Mmm thank you eh for uhm responding eh to uhm me ;Potresti essere più specifico?;[];Potresti essere più specifico?;[];True;True
427;Thank you for responding to me;Mmm thank uhm you uhm for eh responding mmm to mmm me ;Potresti essere più specifico?;[];Potresti essere più specifico?;[];True;True
428;what i can ask you;What i mmm can ask you ;Potresti essere più specifico?;[];Potresti essere più specifico?;[];True;True
428;what i can ask you;Mmm what i can eh ask you ;Potresti essere più specifico?;[];Potresti essere più specifico?;[];True;True
428;what i can ask you;Eh what i uhm can mmm ask you ;Potresti essere più specifico?;[];Potresti essere più specifico?;[];True;True
428;what i can ask you;What mmm i mmm can eh ask eh you ;Potresti essere più specifico?;[];Potresti essere più specifico?;[];True;True
428;what i can ask you;Uhm what uhm i uhm can mmm ask eh you ;Potresti essere più specifico?;[];Potresti essere più specifico?;[];True;True
429;how many nodes are there?;How uhm many nodes are there? ;This automaton has 4 states;[('simbolo-q0', '#04ed00', 'stroke'), ('simbolo-q1', '#04ed00', 'stroke'), ('simbolo-q2', '#04ed00', 'stroke'), ('simbolo-q4', '#04ed00', 'stroke')];This automaton has 4 states;[('simbolo-q0', '#04ed00', 'stroke'), ('simbolo-q1', '#04ed00', 'stroke'), ('simbolo-q2', '#04ed00', 'stroke'), ('simbolo-q4', '#04ed00', 'stroke')];True;True
429;how many nodes are there?;Mmm how many nodes are uhm there? ;This automaton has 4 states;[('simbolo-q0', '#04ed00', 'stroke'), ('simbolo-q1', '#04ed00', 'stroke'), ('simbolo-q2', '#04ed00', 'stroke'), ('simbolo-q4', '#04ed00', 'stroke')];This automaton has 4 states;[('simbolo-q0', '#04ed00', 'stroke'), ('simbolo-q1', '#04ed00', 'stroke'), ('simbolo-q2', '#04ed00', 'stroke'), ('simbolo-q4', '#04ed00', 'stroke')];True;True
429;how many nodes are there?;How uhm many nodes uhm are mmm there? ;This automaton has 4 states;[('simbolo-q0', '#04ed00', 'stroke'), ('simbolo-q1', '#04ed00', 'stroke'), ('simbolo-q2', '#04ed00', 'stroke'), ('simbolo-q4', '#04ed00', 'stroke')];This automaton has 4 states;[('simbolo-q0', '#04ed00', 'stroke'), ('simbolo-q1', '#04ed00', 'stroke'), ('simbolo-q2', '#04ed00', 'stroke'), ('simbolo-q4', '#04ed00', 'stroke')];True;True
429;how many nodes are there?;Mmm how eh many eh nodes eh are there? ;This automaton has 4 states;[('simbolo-q0', '#04ed00', 'stroke'), ('simbolo-q1', '#04ed00', 'stroke'), ('simbolo-q2', '#04ed00', 'stroke'), ('simbolo-q4', '#04ed00', 'stroke')];Potresti essere più specifico?;[];False;False
429;how many nodes are there?;Eh how eh many eh nodes mmm are mmm there? ;This automaton has 4 states;[('simbolo-q0', '#04ed00', 'stroke'), ('simbolo-q1', '#04ed00', 'stroke'), ('simbolo-q2', '#04ed00', 'stroke'), ('simbolo-q4', '#04ed00', 'stroke')];Potresti essere più specifico?;[];False;False
430;what are the transitions between these states;What are uhm the transitions between these states ;there is no transition between q0 and q0.;[];there is no transition between q0 and q0.;[];True;True
430;what are the transitions between these states;What uhm are the mmm transitions between these states ;there is no transition between q0 and q0.;[];there is no transition between q0 and q0.;[];True;True
430;what are the transitions between these states;What mmm are the transitions mmm between mmm these states ;there is no transition between q0 and q0.;[];there is no transition between q0 and q0.;[];True;True
430;what are the transitions between these states;Uhm what mmm are the mmm transitions mmm between these states ;there is no transition between q0 and q0.;[];there is no transition between q0 and q0.;[];True;True
430;what are the transitions between these states;What uhm are eh the mmm transitions between uhm these mmm states ;there is no transition between q0 and q0.;[];there is no transition between q0 and q0.;[];True;True
430;what are the transitions between these states;Mmm what mmm are uhm the uhm transitions between uhm these uhm states ;there is no transition between q0 and q0.;[];there is no transition between q0 and q0.;[];True;True
430;what are the transitions between these states;Mmm what uhm are uhm the uhm transitions uhm between mmm these uhm states ;there is no transition between q0 and q0.;[];there is no transition between q0 and q0.;[];True;True
431;what are the arcs;What are mmm the arcs ;there is no transition between q0 and q0.;[];there is no transition between q0 and q0.;[];True;True
431;what are the arcs;What mmm are the mmm arcs ;there is no transition between q0 and q0.;[];there is no transition between q0 and q0.;[];True;True
431;what are the arcs;Uhm what eh are the eh arcs ;there is no transition between q0 and q0.;[];there is no transition between q0 and q0.;[];True;True
431;what are the arcs;Eh what uhm are eh the uhm arcs ;there is no transition between q0 and q0.;[];there is no transition between q0 and q0.;[];True;True
432;describe me the state q1;Describe me the state mmm q1 ;The state q1 exists.;[('simbolo-q1', '#04ed00', 'stroke')];The state q0 exists.;[('simbolo-q0', '#04ed00', 'stroke')];False;False
432;describe me the state q1;Eh describe me the uhm state q1 ;The state q1 exists.;[('simbolo-q1', '#04ed00', 'stroke')];The state q0 exists.;[('simbolo-q0', '#04ed00', 'stroke')];False;False
432;describe me the state q1;Uhm describe me uhm the state uhm q1 ;The state q1 exists.;[('simbolo-q1', '#04ed00', 'stroke')];The state q0 exists.;[('simbolo-q0', '#04ed00', 'stroke')];False;False
432;describe me the state q1;Mmm describe uhm me the mmm state eh q1 ;The state q1 exists.;[('simbolo-q1', '#04ed00', 'stroke')];The state q0 exists.;[('simbolo-q0', '#04ed00', 'stroke')];False;False
432;describe me the state q1;Uhm describe eh me eh the uhm state eh q1 ;The state q1 exists.;[('simbolo-q1', '#04ed00', 'stroke')];The state q0 exists.;[('simbolo-q0', '#04ed00', 'stroke')];False;False
433;what input is accepted;What input uhm is accepted ;Potresti essere più specifico?;[];Potresti essere più specifico?;[];True;True
433;what input is accepted;What mmm input eh is accepted ;Potresti essere più specifico?;[];Potresti essere più specifico?;[];True;True
433;what input is accepted;Mmm what uhm input is mmm accepted ;Potresti essere più specifico?;[];Potresti essere più specifico?;[];True;True
433;what input is accepted;Mmm what eh input eh is eh accepted ;Potresti essere più specifico?;[];Potresti essere più specifico?;[];True;True
434;what is the accepted language;What is eh the accepted language ;Potresti essere più specifico?;[];Potresti essere più specifico?;[];True;True
434;what is the accepted language;What uhm is the accepted uhm language ;Potresti essere più specifico?;[];Potresti essere più specifico?;[];True;True
434;what is the accepted language;Mmm what uhm is the accepted mmm language ;Potresti essere più specifico?;[];Potresti essere più specifico?;[];True;True
434;what is the accepted language;Eh what uhm is uhm the mmm accepted language ;Potresti essere più specifico?;[];Potresti essere più specifico?;[];True;True
434;what is the accepted language;Eh what uhm is uhm the eh accepted mmm language ;Potresti essere più specifico?;[];Potresti essere più specifico?;[];True;True
435;is there an alpabet;Eh is there an alpabet ;Potresti essere più specifico?;[];Potresti essere più specifico?;[];True;True
435;is there an alpabet;Is there mmm an mmm alpabet ;Potresti essere più specifico?;[];Potresti essere più specifico?;[];True;True
435;is there an alpabet;Is uhm there uhm an mmm alpabet ;Potresti essere più specifico?;[];Potresti essere più specifico?;[];True;True
435;is there an alpabet;Uhm is eh there mmm an eh alpabet ;Potresti essere più specifico?;[];Potresti essere più specifico?;[];True;True
436;is there an alphabet;Is eh there an alphabet ;Potresti essere più specifico?;[];Potresti essere più specifico?;[];True;True
436;is there an alphabet;Is there uhm an eh alphabet ;Potresti essere più specifico?;[];Potresti essere più specifico?;[];True;True
436;is there an alphabet;Is eh there uhm an uhm alphabet ;Potresti essere più specifico?;[];Potresti essere più specifico?;[];True;True
436;is there an alphabet;Mmm is mmm there mmm an uhm alphabet ;Potresti essere più specifico?;[];Potresti essere più specifico?;[];True;True
437;is q3 the final node;Is q3 mmm the final node ;The final state is q0.;[('simbolo-q0', '#04ed00', 'stroke')];The final state is q0.;[('simbolo-q0', '#04ed00', 'stroke')];True;True
437;is q3 the final node;Eh is q3 mmm the final node ;The final state is q0.;[('simbolo-q0', '#04ed00', 'stroke')];The final state is q0.;[('simbolo-q0', '#04ed00', 'stroke')];True;True
437;is q3 the final node;Mmm is mmm q3 mmm the final node ;The final state is q0.;[('simbolo-q0', '#04ed00', 'stroke')];The final state is q0.;[('simbolo-q0', '#04ed00', 'stroke')];True;True
437;is q3 the final node;Uhm is uhm q3 mmm the uhm final node ;The final state is q0.;[('simbolo-q0', '#04ed00', 'stroke')];Potresti essere più specifico?;[];False;False
437;is q3 the final node;Uhm is eh q3 eh the eh final mmm node ;The final state is q0.;[('simbolo-q0', '#04ed00', 'stroke')];The automaton has 3 transitions: q0 con valore 1 va in q1, q1 con valore 1 va in q2, q4 con valore 0 va in q0.;[('simbolo-q0-q1', '#04ed00', 'stroke'), ('simbolo-q1-q2', '#04ed00', 'stroke'), ('simbolo-q4-q0', '#04ed00', 'stroke')];False;False
438;is q0 the final node;Is q0 uhm the final node ;The final state is q0.;[('simbolo-q0', '#04ed00', 'stroke')];The final state is q0.;[('simbolo-q0', '#04ed00', 'stroke')];True;True
438;is q0 the final node;Mmm is uhm q0 the final node ;The final state is q0.;[('simbolo-q0', '#04ed00', 'stroke')];The final state is q0.;[('simbolo-q0', '#04ed00', 'stroke')];True;True
438;is q0 the final node;Mmm is uhm q0 the final uhm node ;The final state is q0.;[('simbolo-q0', '#04ed00', 'stroke')];The final state is q0.;[('simbolo-q0', '#04ed00', 'stroke')];True;True
438;is q0 the final node;Mmm is mmm q0 mmm the eh final node ;The final state is q0.;[('simbolo-q0', '#04ed00', 'stroke')];The state q0 exists.;[('simbolo-q0', '#04ed00', 'stroke')];False;True
438;is q0 the final node;Mmm is eh q0 eh the eh final eh node ;The final state is q0.;[('simbolo-q0', '#04ed00', 'stroke')];The final state is q0.;[('simbolo-q0', '#04ed00', 'stroke')];True;True
439;is there a transition from q0 to q1;Is there a transition from q0 to mmm q1 ;The transition between q0 and q1 is with value 1.;[('simbolo-q0-q1', '#04ed00', 'stroke')];the transition is not defined.;[];False;False
439;is there a transition from q0 to q1;Is eh there a transition from q0 to mmm q1 ;The transition between q0 and q1 is with value 1.;[('simbolo-q0-q1', '#04ed00', 'stroke')];the transition is not defined.;[];False;False
439;is there a transition from q0 to q1;Eh is there uhm a transition from eh q0 to q1 ;The transition between q0 and q1 is with value 1.;[('simbolo-q0-q1', '#04ed00', 'stroke')];The transition between q0 and q1 is with value 1.;[('simbolo-q0-q1', '#04ed00', 'stroke')];True;True
439;is there a transition from q0 to q1;Is there eh a mmm transition from mmm q0 uhm to q1 ;The transition between q0 and q1 is with value 1.;[('simbolo-q0-q1', '#04ed00', 'stroke')];the transition is not defined.;[];False;False
439;is there a transition from q0 to q1;Uhm is there a mmm transition from uhm q0 eh to uhm q1 ;The transition between q0 and q1 is with value 1.;[('simbolo-q0-q1', '#04ed00', 'stroke')];the transition is not defined.;[];False;False
439;is there a transition from q0 to q1;Eh is uhm there mmm a mmm transition uhm from q0 mmm to q1 ;The transition between q0 and q1 is with value 1.;[('simbolo-q0-q1', '#04ed00', 'stroke')];The transition between q0 and q1 is with value 1.;[('simbolo-q0-q1', '#04ed00', 'stroke')];True;True
439;is there a transition from q0 to q1;Mmm is mmm there a mmm transition eh from mmm q0 mmm to mmm q1 ;The transition between q0 and q1 is with value 1.;[('simbolo-q0-q1', '#04ed00', 'stroke')];the transition is not defined.;[];False;False
439;is there a transition from q0 to q1;Uhm is uhm there uhm a mmm transition eh from eh q0 mmm to mmm q1 ;The transition between q0 and q1 is with value 1.;[('simbolo-q0-q1', '#04ed00', 'stroke')];The transition between q0 and q1 is with value 1.;[('simbolo-q0-q1', '#04ed00', 'stroke')];True;True
440;what are the name of states;What are the name of eh states ;The state q0 exists.;[('simbolo-q0', '#04ed00', 'stroke')];The state q0 exists.;[('simbolo-q0', '#04ed00', 'stroke')];True;True
440;what are the name of states;What are eh the mmm name of states ;The state q0 exists.;[('simbolo-q0', '#04ed00', 'stroke')];The state q0 exists.;[('simbolo-q0', '#04ed00', 'stroke')];True;True
440;what are the name of states;Uhm what are the mmm name of uhm states ;The state q0 exists.;[('simbolo-q0', '#04ed00', 'stroke')];The state q0 exists.;[('simbolo-q0', '#04ed00', 'stroke')];True;True
440;what are the name of states;Mmm what mmm are uhm the name of eh states ;The state q0 exists.;[('simbolo-q0', '#04ed00', 'stroke')];The state q0 exists.;[('simbolo-q0', '#04ed00', 'stroke')];True;True
440;what are the name of states;What uhm are mmm the eh name eh of uhm states ;The state q0 exists.;[('simbolo-q0', '#04ed00', 'stroke')];The state q0 exists.;[('simbolo-q0', '#04ed00', 'stroke')];True;True
440;what are the name of states;Eh what mmm are mmm the eh name uhm of mmm states ;The state q0 exists.;[('simbolo-q0', '#04ed00', 'stroke')];The state q0 exists.;[('simbolo-q0', '#04ed00', 'stroke')];True;True
441;briefly describe me the automaton;Briefly uhm describe me the automaton ;The automaton accepts zero or more words formed by a sequence of the type 110. In total there are 4 states: q0, q1, q2 e q4. q0 is both the initial and the final state.Le transizioni sono: q0 with value 1 goes goes q1, q1 with value 1 goes goes q2, q4 with value 0 goes to q0.;[];The automaton accepts zero or more words formed by a sequence of the type 110. In total there are 4 states: q0, q1, q2 e q4. q0 is both the initial and the final state.Le transizioni sono: q0 with value 1 goes goes q1, q1 with value 1 goes goes q2, q4 with value 0 goes to q0.;[];True;True
441;briefly describe me the automaton;Briefly describe eh me the uhm automaton ;The automaton accepts zero or more words formed by a sequence of the type 110. In total there are 4 states: q0, q1, q2 e q4. q0 is both the initial and the final state.Le transizioni sono: q0 with value 1 goes goes q1, q1 with value 1 goes goes q2, q4 with value 0 goes to q0.;[];The automaton accepts zero or more words formed by a sequence of the type 110. In total there are 4 states: q0, q1, q2 e q4. q0 is both the initial and the final state.Le transizioni sono: q0 with value 1 goes goes q1, q1 with value 1 goes goes q2, q4 with value 0 goes to q0.;[];True;True
441;briefly describe me the automaton;Briefly uhm describe me uhm the uhm automaton ;The automaton accepts zero or more words formed by a sequence of the type 110. In total there are 4 states: q0, q1, q2 e q4. q0 is both the initial and the final state.Le transizioni sono: q0 with value 1 goes goes q1, q1 with value 1 goes goes q2, q4 with value 0 goes to q0.;[];The automaton accepts zero or more words formed by a sequence of the type 110. In total there are 4 states: q0, q1, q2 e q4. q0 is both the initial and the final state.Le transizioni sono: q0 with value 1 goes goes q1, q1 with value 1 goes goes q2, q4 with value 0 goes to q0.;[];True;True
441;briefly describe me the automaton;Mmm briefly uhm describe me uhm the mmm automaton ;The automaton accepts zero or more words formed by a sequence of the type 110. In total there are 4 states: q0, q1, q2 e q4. q0 is both the initial and the final state.Le transizioni sono: q0 with value 1 goes goes q1, q1 with value 1 goes goes q2, q4 with value 0 goes to q0.;[];The automaton accepts zero or more words formed by a sequence of the type 110. In total there are 4 states: q0, q1, q2 e q4. q0 is both the initial and the final state.Le transizioni sono: q0 with value 1 goes goes q1, q1 with value 1 goes goes q2, q4 with value 0 goes to q0.;[];True;True
441;briefly describe me the automaton;Mmm briefly eh describe mmm me mmm the mmm automaton ;The automaton accepts zero or more words formed by a sequence of the type 110. In total there are 4 states: q0, q1, q2 e q4. q0 is both the initial and the final state.Le transizioni sono: q0 with value 1 goes goes q1, q1 with value 1 goes goes q2, q4 with value 0 goes to q0.;[];The automaton accepts zero or more words formed by a sequence of the type 110. In total there are 4 states: q0, q1, q2 e q4. q0 is both the initial and the final state.Le transizioni sono: q0 with value 1 goes goes q1, q1 with value 1 goes goes q2, q4 with value 0 goes to q0.;[];True;True
442;how many arcs start from q0 to q1;How mmm many arcs start from q0 to q1 ;The transition between q0 and q1 is with value 1.;[('simbolo-q0-q1', '#04ed00', 'stroke')];The transition between q0 and q1 is with value 1.;[('simbolo-q0-q1', '#04ed00', 'stroke')];True;True
442;how many arcs start from q0 to q1;How many mmm arcs start eh from q0 to q1 ;The transition between q0 and q1 is with value 1.;[('simbolo-q0-q1', '#04ed00', 'stroke')];The transition between q0 and q1 is with value 1.;[('simbolo-q0-q1', '#04ed00', 'stroke')];True;True
442;how many arcs start from q0 to q1;Uhm how many eh arcs start from q0 eh to q1 ;The transition between q0 and q1 is with value 1.;[('simbolo-q0-q1', '#04ed00', 'stroke')];The transition between q0 and q1 is with value 1.;[('simbolo-q0-q1', '#04ed00', 'stroke')];True;True
442;how many arcs start from q0 to q1;How many eh arcs start uhm from mmm q0 mmm to q1 ;The transition between q0 and q1 is with value 1.;[('simbolo-q0-q1', '#04ed00', 'stroke')];the transition is not defined.;[];False;False
442;how many arcs start from q0 to q1;How eh many eh arcs uhm start from q0 uhm to eh q1 ;The transition between q0 and q1 is with value 1.;[('simbolo-q0-q1', '#04ed00', 'stroke')];The transition between q0 and q1 is with value 1.;[('simbolo-q0-q1', '#04ed00', 'stroke')];True;True
442;how many arcs start from q0 to q1;How uhm many eh arcs start eh from eh q0 eh to mmm q1 ;The transition between q0 and q1 is with value 1.;[('simbolo-q0-q1', '#04ed00', 'stroke')];The transition between q0 and q1 is with value 1.;[('simbolo-q0-q1', '#04ed00', 'stroke')];True;True
442;how many arcs start from q0 to q1;Mmm how mmm many eh arcs uhm start from uhm q0 mmm to eh q1 ;The transition between q0 and q1 is with value 1.;[('simbolo-q0-q1', '#04ed00', 'stroke')];The transition between q0 and q1 is with value 1.;[('simbolo-q0-q1', '#04ed00', 'stroke')];True;True
442;how many arcs start from q0 to q1;Eh how eh many uhm arcs uhm start mmm from mmm q0 uhm to uhm q1 ;The transition between q0 and q1 is with value 1.;[('simbolo-q0-q1', '#04ed00', 'stroke')];The transition between q0 and q1 is with value 1.;[('simbolo-q0-q1', '#04ed00', 'stroke')];True;True
443;is there q5;Is mmm there q5 ;The state q0 exists.;[('simbolo-q0', '#04ed00', 'stroke')];The automaton has 4 states: q0, q1, q2 e q4.;[('simbolo-q0', '#04ed00', 'stroke'), ('simbolo-q1', '#04ed00', 'stroke'), ('simbolo-q2', '#04ed00', 'stroke'), ('simbolo-q4', '#04ed00', 'stroke')];False;False
443;is there q5;Eh is there eh q5 ;The state q0 exists.;[('simbolo-q0', '#04ed00', 'stroke')];Potresti essere più specifico?;[];False;False
443;is there q5;Eh is uhm there mmm q5 ;The state q0 exists.;[('simbolo-q0', '#04ed00', 'stroke')];Potresti essere più specifico?;[];False;False
444;is there a transitions from q0 to q4;Is there a transitions from q0 to mmm q4 ;there is no transition between q0 and q4.;[];the transition is not defined.;[];False;True
444;is there a transitions from q0 to q4;Is there a transitions uhm from q0 to eh q4 ;there is no transition between q0 and q4.;[];there is no transition between q0 and q4.;[];True;True
444;is there a transitions from q0 to q4;Is there a transitions uhm from mmm q0 uhm to q4 ;there is no transition between q0 and q4.;[];the transition is not defined.;[];False;True
444;is there a transitions from q0 to q4;Is mmm there eh a transitions uhm from q0 to eh q4 ;there is no transition between q0 and q4.;[];there is no transition between q0 and q4.;[];True;True
444;is there a transitions from q0 to q4;Is eh there mmm a transitions uhm from mmm q0 to eh q4 ;there is no transition between q0 and q4.;[];there is no transition between q0 and q4.;[];True;True
444;is there a transitions from q0 to q4;Uhm is there a eh transitions mmm from uhm q0 uhm to eh q4 ;there is no transition between q0 and q4.;[];the transition is not defined.;[];False;True
444;is there a transitions from q0 to q4;Uhm is eh there eh a uhm transitions mmm from uhm q0 eh to q4 ;there is no transition between q0 and q4.;[];there is no transition between q0 and q4.;[];True;True
444;is there a transitions from q0 to q4;Mmm is eh there eh a eh transitions mmm from uhm q0 mmm to uhm q4 ;there is no transition between q0 and q4.;[];the transition is not defined.;[];False;True
445;is q0 the last state;Uhm is q0 the last state ;The automaton has 4 states: q0, q1, q2 e q4.;[('simbolo-q0', '#04ed00', 'stroke'), ('simbolo-q1', '#04ed00', 'stroke'), ('simbolo-q2', '#04ed00', 'stroke'), ('simbolo-q4', '#04ed00', 'stroke')];The automaton has 4 states: q0, q1, q2 e q4.;[('simbolo-q0', '#04ed00', 'stroke'), ('simbolo-q1', '#04ed00', 'stroke'), ('simbolo-q2', '#04ed00', 'stroke'), ('simbolo-q4', '#04ed00', 'stroke')];True;True
445;is q0 the last state;Is q0 mmm the last uhm state ;The automaton has 4 states: q0, q1, q2 e q4.;[('simbolo-q0', '#04ed00', 'stroke'), ('simbolo-q1', '#04ed00', 'stroke'), ('simbolo-q2', '#04ed00', 'stroke'), ('simbolo-q4', '#04ed00', 'stroke')];The final state is q0.;[('simbolo-q0', '#04ed00', 'stroke')];False;False
445;is q0 the last state;Mmm is q0 eh the mmm last state ;The automaton has 4 states: q0, q1, q2 e q4.;[('simbolo-q0', '#04ed00', 'stroke'), ('simbolo-q1', '#04ed00', 'stroke'), ('simbolo-q2', '#04ed00', 'stroke'), ('simbolo-q4', '#04ed00', 'stroke')];The state q0 exists.;[('simbolo-q0', '#04ed00', 'stroke')];False;False
445;is q0 the last state;Uhm is eh q0 mmm the last uhm state ;The automaton has 4 states: q0, q1, q2 e q4.;[('simbolo-q0', '#04ed00', 'stroke'), ('simbolo-q1', '#04ed00', 'stroke'), ('simbolo-q2', '#04ed00', 'stroke'), ('simbolo-q4', '#04ed00', 'stroke')];The state q0 exists.;[('simbolo-q0', '#04ed00', 'stroke')];False;False
445;is q0 the last state;Uhm is uhm q0 mmm the eh last mmm state ;The automaton has 4 states: q0, q1, q2 e q4.;[('simbolo-q0', '#04ed00', 'stroke'), ('simbolo-q1', '#04ed00', 'stroke'), ('simbolo-q2', '#04ed00', 'stroke'), ('simbolo-q4', '#04ed00', 'stroke')];The automaton has 4 states: q0, q1, q2 e q4.;[('simbolo-q0', '#04ed00', 'stroke'), ('simbolo-q1', '#04ed00', 'stroke'), ('simbolo-q2', '#04ed00', 'stroke'), ('simbolo-q4', '#04ed00', 'stroke')];True;True
446;is q0 the initial state;Mmm is q0 the initial state ;The initial state is q0.;[('simbolo-q0', '#04ed00', 'stroke')];The initial state is q0.;[('simbolo-q0', '#04ed00', 'stroke')];True;True
446;is q0 the initial state;Is mmm q0 the initial mmm state ;The initial state is q0.;[('simbolo-q0', '#04ed00', 'stroke')];The initial state is q0.;[('simbolo-q0', '#04ed00', 'stroke')];True;True
446;is q0 the initial state;Eh is q0 the mmm initial uhm state ;The initial state is q0.;[('simbolo-q0', '#04ed00', 'stroke')];The initial state is q0.;[('simbolo-q0', '#04ed00', 'stroke')];True;True
446;is q0 the initial state;Uhm is mmm q0 uhm the uhm initial state ;The initial state is q0.;[('simbolo-q0', '#04ed00', 'stroke')];The initial state is q0.;[('simbolo-q0', '#04ed00', 'stroke')];True;True
446;is q0 the initial state;Eh is mmm q0 eh the eh initial eh state ;The initial state is q0.;[('simbolo-q0', '#04ed00', 'stroke')];The initial state is q0.;[('simbolo-q0', '#04ed00', 'stroke')];True;True
447;are there other final states;Eh are there other final states ;The final state is q0.;[('simbolo-q0', '#04ed00', 'stroke')];The final state is q0.;[('simbolo-q0', '#04ed00', 'stroke')];True;True
447;are there other final states;Are there mmm other mmm final states ;The final state is q0.;[('simbolo-q0', '#04ed00', 'stroke')];The automaton has 4 states: q0, q1, q2 e q4.;[('simbolo-q0', '#04ed00', 'stroke'), ('simbolo-q1', '#04ed00', 'stroke'), ('simbolo-q2', '#04ed00', 'stroke'), ('simbolo-q4', '#04ed00', 'stroke')];False;False
447;are there other final states;Uhm are there eh other final mmm states ;The final state is q0.;[('simbolo-q0', '#04ed00', 'stroke')];The final state is q0.;[('simbolo-q0', '#04ed00', 'stroke')];True;True
447;are there other final states;Are eh there uhm other uhm final uhm states ;The final state is q0.;[('simbolo-q0', '#04ed00', 'stroke')];The final state is q0.;[('simbolo-q0', '#04ed00', 'stroke')];True;True
447;are there other final states;Uhm are mmm there uhm other uhm final mmm states ;The final state is q0.;[('simbolo-q0', '#04ed00', 'stroke')];The final state is q0.;[('simbolo-q0', '#04ed00', 'stroke')];True;True
448;what input can be processed by the automaton;What input can be processed by mmm the automaton ;Potresti essere più specifico?;[];Potresti essere più specifico?;[];True;True
448;what input can be processed by the automaton;What input mmm can be processed by eh the automaton ;Potresti essere più specifico?;[];Potresti essere più specifico?;[];True;True
448;what input can be processed by the automaton;What mmm input can uhm be processed by mmm the automaton ;Potresti essere più specifico?;[];Potresti essere più specifico?;[];True;True
448;what input can be processed by the automaton;What uhm input can be mmm processed uhm by uhm the automaton ;Potresti essere più specifico?;[];Potresti essere più specifico?;[];True;True
448;what input can be processed by the automaton;Uhm what mmm input can eh be processed by eh the eh automaton ;Potresti essere più specifico?;[];Potresti essere più specifico?;[];True;True
448;what input can be processed by the automaton;What mmm input mmm can uhm be uhm processed uhm by mmm the automaton ;Potresti essere più specifico?;[];Potresti essere più specifico?;[];True;True
448;what input can be processed by the automaton;Mmm what mmm input eh can be eh processed mmm by uhm the uhm automaton ;Potresti essere più specifico?;[];Potresti essere più specifico?;[];True;True
448;what input can be processed by the automaton;Eh what eh input mmm can uhm be eh processed mmm by mmm the uhm automaton ;Potresti essere più specifico?;[];Potresti essere più specifico?;[];True;True
449;What input the automaton accept;What input the eh automaton accept ;Potresti essere più specifico?;[];Potresti essere più specifico?;[];True;True
449;What input the automaton accept;Uhm what input eh the automaton accept ;Potresti essere più specifico?;[];Potresti essere più specifico?;[];True;True
449;What input the automaton accept;Mmm what input mmm the automaton eh accept ;Potresti essere più specifico?;[];Potresti essere più specifico?;[];True;True
449;What input the automaton accept;Mmm what uhm input uhm the automaton eh accept ;Potresti essere più specifico?;[];The automaton accepts zero or more words formed by a sequence of the type 110. In total there are 4 states: q0, q1, q2 e q4. q0 is both the initial and the final state.Le transizioni sono: q0 with value 1 goes goes q1, q1 with value 1 goes goes q2, q4 with value 0 goes to q0.;[];False;True
449;What input the automaton accept;Mmm what mmm input uhm the eh automaton mmm accept ;Potresti essere più specifico?;[];Potresti essere più specifico?;[];True;True
450;what is the accepted language;What is the accepted eh language ;Potresti essere più specifico?;[];Potresti essere più specifico?;[];True;True
450;what is the accepted language;What is mmm the uhm accepted language ;Potresti essere più specifico?;[];Potresti essere più specifico?;[];True;True
450;what is the accepted language;Eh what uhm is the mmm accepted language ;Potresti essere più specifico?;[];Potresti essere più specifico?;[];True;True
450;what is the accepted language;Mmm what eh is mmm the accepted mmm language ;Potresti essere più specifico?;[];Potresti essere più specifico?;[];True;True
450;what is the accepted language;Mmm what mmm is mmm the eh accepted uhm language ;Potresti essere più specifico?;[];Potresti essere più specifico?;[];True;True
451;what are the nodes;What uhm are the nodes ;The state q0 exists.;[('simbolo-q0', '#04ed00', 'stroke')];The state q0 exists.;[('simbolo-q0', '#04ed00', 'stroke')];True;True
451;what are the nodes;Eh what are mmm the nodes ;The state q0 exists.;[('simbolo-q0', '#04ed00', 'stroke')];The state q0 exists.;[('simbolo-q0', '#04ed00', 'stroke')];True;True
451;what are the nodes;Uhm what uhm are the uhm nodes ;The state q0 exists.;[('simbolo-q0', '#04ed00', 'stroke')];The state q0 exists.;[('simbolo-q0', '#04ed00', 'stroke')];True;True
451;what are the nodes;Eh what uhm are mmm the eh nodes ;The state q0 exists.;[('simbolo-q0', '#04ed00', 'stroke')];The state q0 exists.;[('simbolo-q0', '#04ed00', 'stroke')];True;True
452;what are the states;What are mmm the states ;The state q0 exists.;[('simbolo-q0', '#04ed00', 'stroke')];The state q0 exists.;[('simbolo-q0', '#04ed00', 'stroke')];True;True
452;what are the states;What mmm are the mmm states ;The state q0 exists.;[('simbolo-q0', '#04ed00', 'stroke')];The state q0 exists.;[('simbolo-q0', '#04ed00', 'stroke')];True;True
452;what are the states;Eh what mmm are eh the states ;The state q0 exists.;[('simbolo-q0', '#04ed00', 'stroke')];The state q0 exists.;[('simbolo-q0', '#04ed00', 'stroke')];True;True
452;what are the states;Eh what mmm are eh the uhm states ;The state q0 exists.;[('simbolo-q0', '#04ed00', 'stroke')];The state q0 exists.;[('simbolo-q0', '#04ed00', 'stroke')];True;True
453;is there Q10;Is mmm there q10 ;Potresti essere più specifico?;[];The state q0 exists.;[('simbolo-q0', '#04ed00', 'stroke')];False;False
453;is there Q10;Mmm is uhm there q10 ;Potresti essere più specifico?;[];Potresti essere più specifico?;[];True;True
453;is there Q10;Mmm is uhm there mmm q10 ;Potresti essere più specifico?;[];Potresti essere più specifico?;[];True;True
454;how many transitions are there;Mmm how many transitions are there ;The automaton has 3 transitions: q0 con valore 1 va in q1, q1 con valore 1 va in q2, q4 con valore 0 va in q0.;[('simbolo-q0-q1', '#04ed00', 'stroke'), ('simbolo-q1-q2', '#04ed00', 'stroke'), ('simbolo-q4-q0', '#04ed00', 'stroke')];The automaton has 3 transitions: q0 con valore 1 va in q1, q1 con valore 1 va in q2, q4 con valore 0 va in q0.;[('simbolo-q0-q1', '#04ed00', 'stroke'), ('simbolo-q1-q2', '#04ed00', 'stroke'), ('simbolo-q4-q0', '#04ed00', 'stroke')];True;True
454;how many transitions are there;How mmm many uhm transitions are there ;The automaton has 3 transitions: q0 con valore 1 va in q1, q1 con valore 1 va in q2, q4 con valore 0 va in q0.;[('simbolo-q0-q1', '#04ed00', 'stroke'), ('simbolo-q1-q2', '#04ed00', 'stroke'), ('simbolo-q4-q0', '#04ed00', 'stroke')];The automaton has 3 transitions: q0 con valore 1 va in q1, q1 con valore 1 va in q2, q4 con valore 0 va in q0.;[('simbolo-q0-q1', '#04ed00', 'stroke'), ('simbolo-q1-q2', '#04ed00', 'stroke'), ('simbolo-q4-q0', '#04ed00', 'stroke')];True;True
454;how many transitions are there;Mmm how uhm many transitions mmm are there ;The automaton has 3 transitions: q0 con valore 1 va in q1, q1 con valore 1 va in q2, q4 con valore 0 va in q0.;[('simbolo-q0-q1', '#04ed00', 'stroke'), ('simbolo-q1-q2', '#04ed00', 'stroke'), ('simbolo-q4-q0', '#04ed00', 'stroke')];The automaton has 3 transitions: q0 con valore 1 va in q1, q1 con valore 1 va in q2, q4 con valore 0 va in q0.;[('simbolo-q0-q1', '#04ed00', 'stroke'), ('simbolo-q1-q2', '#04ed00', 'stroke'), ('simbolo-q4-q0', '#04ed00', 'stroke')];True;True
454;how many transitions are there;Eh how mmm many mmm transitions eh are there ;The automaton has 3 transitions: q0 con valore 1 va in q1, q1 con valore 1 va in q2, q4 con valore 0 va in q0.;[('simbolo-q0-q1', '#04ed00', 'stroke'), ('simbolo-q1-q2', '#04ed00', 'stroke'), ('simbolo-q4-q0', '#04ed00', 'stroke')];The automaton has 3 transitions: q0 con valore 1 va in q1, q1 con valore 1 va in q2, q4 con valore 0 va in q0.;[('simbolo-q0-q1', '#04ed00', 'stroke'), ('simbolo-q1-q2', '#04ed00', 'stroke'), ('simbolo-q4-q0', '#04ed00', 'stroke')];True;True
454;how many transitions are there;Mmm how uhm many mmm transitions mmm are mmm there ;The automaton has 3 transitions: q0 con valore 1 va in q1, q1 con valore 1 va in q2, q4 con valore 0 va in q0.;[('simbolo-q0-q1', '#04ed00', 'stroke'), ('simbolo-q1-q2', '#04ed00', 'stroke'), ('simbolo-q4-q0', '#04ed00', 'stroke')];The automaton has 3 transitions: q0 con valore 1 va in q1, q1 con valore 1 va in q2, q4 con valore 0 va in q0.;[('simbolo-q0-q1', '#04ed00', 'stroke'), ('simbolo-q1-q2', '#04ed00', 'stroke'), ('simbolo-q4-q0', '#04ed00', 'stroke')];True;True
455;is there a particular pattern among them;Is there eh a particular pattern among them ;Potresti essere più specifico?;[];Potresti essere più specifico?;[];True;True
455;is there a particular pattern among them;Is uhm there a particular pattern among eh them ;Potresti essere più specifico?;[];Potresti essere più specifico?;[];True;True
455;is there a particular pattern among them;Mmm is uhm there a uhm particular pattern among them ;Potresti essere più specifico?;[];Potresti essere più specifico?;[];True;True
455;is there a particular pattern among them;Is uhm there a uhm particular uhm pattern among mmm them ;Potresti essere più specifico?;[];Potresti essere più specifico?;[];True;True
455;is there a particular pattern among them;Uhm is mmm there mmm a eh particular pattern eh among them ;Potresti essere più specifico?;[];Potresti essere più specifico?;[];True;True
455;is there a particular pattern among them;Eh is eh there uhm a mmm particular uhm pattern among eh them ;Potresti essere più specifico?;[];Potresti essere più specifico?;[];True;True
455;is there a particular pattern among them;Uhm is eh there uhm a uhm particular uhm pattern uhm among uhm them ;Potresti essere più specifico?;[];Potresti essere più specifico?;[];True;True
456;is it a deterministic automaton;Is it a deterministic eh automaton ;The automaton accepts zero or more words formed by a sequence of the type 110. In total there are 4 states: q0, q1, q2 e q4. q0 is both the initial and the final state.Le transizioni sono: q0 with value 1 goes goes q1, q1 with value 1 goes goes q2, q4 with value 0 goes to q0.;[];The automaton accepts zero or more words formed by a sequence of the type 110. In total there are 4 states: q0, q1, q2 e q4. q0 is both the initial and the final state.Le transizioni sono: q0 with value 1 goes goes q1, q1 with value 1 goes goes q2, q4 with value 0 goes to q0.;[];True;True
456;is it a deterministic automaton;Is it a uhm deterministic uhm automaton ;The automaton accepts zero or more words formed by a sequence of the type 110. In total there are 4 states: q0, q1, q2 e q4. q0 is both the initial and the final state.Le transizioni sono: q0 with value 1 goes goes q1, q1 with value 1 goes goes q2, q4 with value 0 goes to q0.;[];The automaton accepts zero or more words formed by a sequence of the type 110. In total there are 4 states: q0, q1, q2 e q4. q0 is both the initial and the final state.Le transizioni sono: q0 with value 1 goes goes q1, q1 with value 1 goes goes q2, q4 with value 0 goes to q0.;[];True;True
456;is it a deterministic automaton;Is it mmm a mmm deterministic uhm automaton ;The automaton accepts zero or more words formed by a sequence of the type 110. In total there are 4 states: q0, q1, q2 e q4. q0 is both the initial and the final state.Le transizioni sono: q0 with value 1 goes goes q1, q1 with value 1 goes goes q2, q4 with value 0 goes to q0.;[];The automaton accepts zero or more words formed by a sequence of the type 110. In total there are 4 states: q0, q1, q2 e q4. q0 is both the initial and the final state.Le transizioni sono: q0 with value 1 goes goes q1, q1 with value 1 goes goes q2, q4 with value 0 goes to q0.;[];True;True
456;is it a deterministic automaton;Eh is mmm it eh a eh deterministic automaton ;The automaton accepts zero or more words formed by a sequence of the type 110. In total there are 4 states: q0, q1, q2 e q4. q0 is both the initial and the final state.Le transizioni sono: q0 with value 1 goes goes q1, q1 with value 1 goes goes q2, q4 with value 0 goes to q0.;[];The automaton accepts zero or more words formed by a sequence of the type 110. In total there are 4 states: q0, q1, q2 e q4. q0 is both the initial and the final state.Le transizioni sono: q0 with value 1 goes goes q1, q1 with value 1 goes goes q2, q4 with value 0 goes to q0.;[];True;True
456;is it a deterministic automaton;Mmm is mmm it mmm a eh deterministic eh automaton ;The automaton accepts zero or more words formed by a sequence of the type 110. In total there are 4 states: q0, q1, q2 e q4. q0 is both the initial and the final state.Le transizioni sono: q0 with value 1 goes goes q1, q1 with value 1 goes goes q2, q4 with value 0 goes to q0.;[];Potresti essere più specifico?;[];False;True
457;what is a deterministic automaton;What is a deterministic mmm automaton ;The automaton accepts zero or more words formed by a sequence of the type 110. In total there are 4 states: q0, q1, q2 e q4. q0 is both the initial and the final state.Le transizioni sono: q0 with value 1 goes goes q1, q1 with value 1 goes goes q2, q4 with value 0 goes to q0.;[];The automaton accepts zero or more words formed by a sequence of the type 110. In total there are 4 states: q0, q1, q2 e q4. q0 is both the initial and the final state.Le transizioni sono: q0 with value 1 goes goes q1, q1 with value 1 goes goes q2, q4 with value 0 goes to q0.;[];True;True
457;what is a deterministic automaton;What is eh a uhm deterministic automaton ;The automaton accepts zero or more words formed by a sequence of the type 110. In total there are 4 states: q0, q1, q2 e q4. q0 is both the initial and the final state.Le transizioni sono: q0 with value 1 goes goes q1, q1 with value 1 goes goes q2, q4 with value 0 goes to q0.;[];The automaton accepts zero or more words formed by a sequence of the type 110. In total there are 4 states: q0, q1, q2 e q4. q0 is both the initial and the final state.Le transizioni sono: q0 with value 1 goes goes q1, q1 with value 1 goes goes q2, q4 with value 0 goes to q0.;[];True;True
457;what is a deterministic automaton;What eh is a uhm deterministic uhm automaton ;The automaton accepts zero or more words formed by a sequence of the type 110. In total there are 4 states: q0, q1, q2 e q4. q0 is both the initial and the final state.Le transizioni sono: q0 with value 1 goes goes q1, q1 with value 1 goes goes q2, q4 with value 0 goes to q0.;[];The automaton accepts zero or more words formed by a sequence of the type 110. In total there are 4 states: q0, q1, q2 e q4. q0 is both the initial and the final state.Le transizioni sono: q0 with value 1 goes goes q1, q1 with value 1 goes goes q2, q4 with value 0 goes to q0.;[];True;True
457;what is a deterministic automaton;What eh is mmm a uhm deterministic uhm automaton ;The automaton accepts zero or more words formed by a sequence of the type 110. In total there are 4 states: q0, q1, q2 e q4. q0 is both the initial and the final state.Le transizioni sono: q0 with value 1 goes goes q1, q1 with value 1 goes goes q2, q4 with value 0 goes to q0.;[];The automaton accepts zero or more words formed by a sequence of the type 110. In total there are 4 states: q0, q1, q2 e q4. q0 is both the initial and the final state.Le transizioni sono: q0 with value 1 goes goes q1, q1 with value 1 goes goes q2, q4 with value 0 goes to q0.;[];True;True
457;what is a deterministic automaton;Mmm what eh is eh a mmm deterministic uhm automaton ;The automaton accepts zero or more words formed by a sequence of the type 110. In total there are 4 states: q0, q1, q2 e q4. q0 is both the initial and the final state.Le transizioni sono: q0 with value 1 goes goes q1, q1 with value 1 goes goes q2, q4 with value 0 goes to q0.;[];The automaton accepts zero or more words formed by a sequence of the type 110. In total there are 4 states: q0, q1, q2 e q4. q0 is both the initial and the final state.Le transizioni sono: q0 with value 1 goes goes q1, q1 with value 1 goes goes q2, q4 with value 0 goes to q0.;[];True;True
458;what is an automaton;What is an eh automaton ;The automaton accepts zero or more words formed by a sequence of the type 110. In total there are 4 states: q0, q1, q2 e q4. q0 is both the initial and the final state.Le transizioni sono: q0 with value 1 goes goes q1, q1 with value 1 goes goes q2, q4 with value 0 goes to q0.;[];The automaton accepts zero or more words formed by a sequence of the type 110. In total there are 4 states: q0, q1, q2 e q4. q0 is both the initial and the final state.Le transizioni sono: q0 with value 1 goes goes q1, q1 with value 1 goes goes q2, q4 with value 0 goes to q0.;[];True;True
458;what is an automaton;Mmm what uhm is an automaton ;The automaton accepts zero or more words formed by a sequence of the type 110. In total there are 4 states: q0, q1, q2 e q4. q0 is both the initial and the final state.Le transizioni sono: q0 with value 1 goes goes q1, q1 with value 1 goes goes q2, q4 with value 0 goes to q0.;[];The automaton accepts zero or more words formed by a sequence of the type 110. In total there are 4 states: q0, q1, q2 e q4. q0 is both the initial and the final state.Le transizioni sono: q0 with value 1 goes goes q1, q1 with value 1 goes goes q2, q4 with value 0 goes to q0.;[];True;True
458;what is an automaton;What eh is eh an uhm automaton ;The automaton accepts zero or more words formed by a sequence of the type 110. In total there are 4 states: q0, q1, q2 e q4. q0 is both the initial and the final state.Le transizioni sono: q0 with value 1 goes goes q1, q1 with value 1 goes goes q2, q4 with value 0 goes to q0.;[];The automaton accepts zero or more words formed by a sequence of the type 110. In total there are 4 states: q0, q1, q2 e q4. q0 is both the initial and the final state.Le transizioni sono: q0 with value 1 goes goes q1, q1 with value 1 goes goes q2, q4 with value 0 goes to q0.;[];True;True
458;what is an automaton;Eh what eh is eh an eh automaton ;The automaton accepts zero or more words formed by a sequence of the type 110. In total there are 4 states: q0, q1, q2 e q4. q0 is both the initial and the final state.Le transizioni sono: q0 with value 1 goes goes q1, q1 with value 1 goes goes q2, q4 with value 0 goes to q0.;[];The automaton accepts zero or more words formed by a sequence of the type 110. In total there are 4 states: q0, q1, q2 e q4. q0 is both the initial and the final state.Le transizioni sono: q0 with value 1 goes goes q1, q1 with value 1 goes goes q2, q4 with value 0 goes to q0.;[];True;True
459;what symbols accept;What eh symbols accept ;Potresti essere più specifico?;[];Potresti essere più specifico?;[];True;True
459;what symbols accept;What eh symbols mmm accept ;Potresti essere più specifico?;[];Potresti essere più specifico?;[];True;True
459;what symbols accept;Mmm what eh symbols eh accept ;Potresti essere più specifico?;[];Potresti essere più specifico?;[];True;True
460;is 1 a label for some arc;Is 1 a label for some uhm arc ;the transition is not defined.;[];the transition is not defined.;[];True;True
460;is 1 a label for some arc;Is uhm 1 a mmm label for some arc ;the transition is not defined.;[];the transition is not defined.;[];True;True
460;is 1 a label for some arc;Is 1 a mmm label uhm for some eh arc ;the transition is not defined.;[];the transition is not defined.;[];True;True
460;is 1 a label for some arc;Uhm is mmm 1 a label mmm for mmm some arc ;the transition is not defined.;[];the transition is not defined.;[];True;True
460;is 1 a label for some arc;Is uhm 1 mmm a mmm label eh for some uhm arc ;the transition is not defined.;[];the transition is not defined.;[];True;True
460;is 1 a label for some arc;Mmm is mmm 1 uhm a eh label uhm for uhm some arc ;the transition is not defined.;[];there is no transition between q0 and q0.;[];False;True
460;is 1 a label for some arc;Mmm is uhm 1 eh a uhm label eh for uhm some uhm arc ;the transition is not defined.;[];the transition is not defined.;[];True;True
461;which is final state;Which mmm is final state ;The final state is q0.;[('simbolo-q0', '#04ed00', 'stroke')];The final state is q0.;[('simbolo-q0', '#04ed00', 'stroke')];True;True
461;which is final state;Which uhm is uhm final state ;The final state is q0.;[('simbolo-q0', '#04ed00', 'stroke')];The final state is q0.;[('simbolo-q0', '#04ed00', 'stroke')];True;True
461;which is final state;Eh which eh is uhm final state ;The final state is q0.;[('simbolo-q0', '#04ed00', 'stroke')];The final state is q0.;[('simbolo-q0', '#04ed00', 'stroke')];True;True
461;which is final state;Mmm which uhm is uhm final mmm state ;The final state is q0.;[('simbolo-q0', '#04ed00', 'stroke')];The final state is q0.;[('simbolo-q0', '#04ed00', 'stroke')];True;True
462;Tell me a little bit about the automaton;Tell me a mmm little bit about the automaton ;The automaton accepts zero or more words formed by a sequence of the type 110. In total there are 4 states: q0, q1, q2 e q4. q0 is both the initial and the final state.Le transizioni sono: q0 with value 1 goes goes q1, q1 with value 1 goes goes q2, q4 with value 0 goes to q0.;[];The automaton accepts zero or more words formed by a sequence of the type 110. In total there are 4 states: q0, q1, q2 e q4. q0 is both the initial and the final state.Le transizioni sono: q0 with value 1 goes goes q1, q1 with value 1 goes goes q2, q4 with value 0 goes to q0.;[];True;True
462;Tell me a little bit about the automaton;Tell mmm me a little bit about mmm the automaton ;The automaton accepts zero or more words formed by a sequence of the type 110. In total there are 4 states: q0, q1, q2 e q4. q0 is both the initial and the final state.Le transizioni sono: q0 with value 1 goes goes q1, q1 with value 1 goes goes q2, q4 with value 0 goes to q0.;[];The automaton accepts zero or more words formed by a sequence of the type 110. In total there are 4 states: q0, q1, q2 e q4. q0 is both the initial and the final state.Le transizioni sono: q0 with value 1 goes goes q1, q1 with value 1 goes goes q2, q4 with value 0 goes to q0.;[];True;True
462;Tell me a little bit about the automaton;Tell me a eh little mmm bit about the uhm automaton ;The automaton accepts zero or more words formed by a sequence of the type 110. In total there are 4 states: q0, q1, q2 e q4. q0 is both the initial and the final state.Le transizioni sono: q0 with value 1 goes goes q1, q1 with value 1 goes goes q2, q4 with value 0 goes to q0.;[];The automaton accepts zero or more words formed by a sequence of the type 110. In total there are 4 states: q0, q1, q2 e q4. q0 is both the initial and the final state.Le transizioni sono: q0 with value 1 goes goes q1, q1 with value 1 goes goes q2, q4 with value 0 goes to q0.;[];True;True
462;Tell me a little bit about the automaton;Mmm tell mmm me a little uhm bit eh about the automaton ;The automaton accepts zero or more words formed by a sequence of the type 110. In total there are 4 states: q0, q1, q2 e q4. q0 is both the initial and the final state.Le transizioni sono: q0 with value 1 goes goes q1, q1 with value 1 goes goes q2, q4 with value 0 goes to q0.;[];The automaton accepts zero or more words formed by a sequence of the type 110. In total there are 4 states: q0, q1, q2 e q4. q0 is both the initial and the final state.Le transizioni sono: q0 with value 1 goes goes q1, q1 with value 1 goes goes q2, q4 with value 0 goes to q0.;[];True;True
462;Tell me a little bit about the automaton;Mmm tell mmm me uhm a uhm little bit about the uhm automaton ;The automaton accepts zero or more words formed by a sequence of the type 110. In total there are 4 states: q0, q1, q2 e q4. q0 is both the initial and the final state.Le transizioni sono: q0 with value 1 goes goes q1, q1 with value 1 goes goes q2, q4 with value 0 goes to q0.;[];The automaton accepts zero or more words formed by a sequence of the type 110. In total there are 4 states: q0, q1, q2 e q4. q0 is both the initial and the final state.Le transizioni sono: q0 with value 1 goes goes q1, q1 with value 1 goes goes q2, q4 with value 0 goes to q0.;[];True;True
462;Tell me a little bit about the automaton;Eh tell uhm me uhm a eh little uhm bit uhm about the automaton ;The automaton accepts zero or more words formed by a sequence of the type 110. In total there are 4 states: q0, q1, q2 e q4. q0 is both the initial and the final state.Le transizioni sono: q0 with value 1 goes goes q1, q1 with value 1 goes goes q2, q4 with value 0 goes to q0.;[];The automaton accepts zero or more words formed by a sequence of the type 110. In total there are 4 states: q0, q1, q2 e q4. q0 is both the initial and the final state.Le transizioni sono: q0 with value 1 goes goes q1, q1 with value 1 goes goes q2, q4 with value 0 goes to q0.;[];True;True
462;Tell me a little bit about the automaton;Mmm tell mmm me a eh little eh bit uhm about mmm the eh automaton ;The automaton accepts zero or more words formed by a sequence of the type 110. In total there are 4 states: q0, q1, q2 e q4. q0 is both the initial and the final state.Le transizioni sono: q0 with value 1 goes goes q1, q1 with value 1 goes goes q2, q4 with value 0 goes to q0.;[];The automaton accepts zero or more words formed by a sequence of the type 110. In total there are 4 states: q0, q1, q2 e q4. q0 is both the initial and the final state.Le transizioni sono: q0 with value 1 goes goes q1, q1 with value 1 goes goes q2, q4 with value 0 goes to q0.;[];True;True
462;Tell me a little bit about the automaton;Uhm tell uhm me uhm a mmm little eh bit mmm about uhm the uhm automaton ;The automaton accepts zero or more words formed by a sequence of the type 110. In total there are 4 states: q0, q1, q2 e q4. q0 is both the initial and the final state.Le transizioni sono: q0 with value 1 goes goes q1, q1 with value 1 goes goes q2, q4 with value 0 goes to q0.;[];The automaton accepts zero or more words formed by a sequence of the type 110. In total there are 4 states: q0, q1, q2 e q4. q0 is both the initial and the final state.Le transizioni sono: q0 with value 1 goes goes q1, q1 with value 1 goes goes q2, q4 with value 0 goes to q0.;[];True;True
463;Give me a list of the arcs;Give me eh a list of the arcs ;there is no transition between q0 and q0.;[];there is no transition between q0 and q0.;[];True;True
463;Give me a list of the arcs;Give me a mmm list of the eh arcs ;there is no transition between q0 and q0.;[];there is no transition between q0 and q0.;[];True;True
463;Give me a list of the arcs;Give eh me a list of uhm the eh arcs ;there is no transition between q0 and q0.;[];there is no transition between q0 and q0.;[];True;True
463;Give me a list of the arcs;Uhm give me a eh list of mmm the eh arcs ;there is no transition between q0 and q0.;[];there is no transition between q0 and q0.;[];True;True
463;Give me a list of the arcs;Eh give eh me uhm a mmm list eh of the arcs ;there is no transition between q0 and q0.;[];there is no transition between q0 and q0.;[];True;True
463;Give me a list of the arcs;Give uhm me uhm a uhm list uhm of uhm the eh arcs ;there is no transition between q0 and q0.;[];there is no transition between q0 and q0.;[];True;True
463;Give me a list of the arcs;Mmm give mmm me eh a mmm list uhm of mmm the mmm arcs ;there is no transition between q0 and q0.;[];there is no transition between q0 and q0.;[];True;True
464;give to me the list of states;Give to me the list mmm of states ;The state q0 exists.;[('simbolo-q0', '#04ed00', 'stroke')];The state q0 exists.;[('simbolo-q0', '#04ed00', 'stroke')];True;True
464;give to me the list of states;Give mmm to me mmm the list of states ;The state q0 exists.;[('simbolo-q0', '#04ed00', 'stroke')];The state q0 exists.;[('simbolo-q0', '#04ed00', 'stroke')];True;True
464;give to me the list of states;Give to uhm me mmm the list of uhm states ;The state q0 exists.;[('simbolo-q0', '#04ed00', 'stroke')];The state q0 exists.;[('simbolo-q0', '#04ed00', 'stroke')];True;True
464;give to me the list of states;Give mmm to mmm me eh the list of eh states ;The state q0 exists.;[('simbolo-q0', '#04ed00', 'stroke')];The state q0 exists.;[('simbolo-q0', '#04ed00', 'stroke')];True;True
464;give to me the list of states;Mmm give mmm to uhm me the mmm list of mmm states ;The state q0 exists.;[('simbolo-q0', '#04ed00', 'stroke')];The state q0 exists.;[('simbolo-q0', '#04ed00', 'stroke')];True;True
464;give to me the list of states;Eh give eh to eh me the mmm list mmm of mmm states ;The state q0 exists.;[('simbolo-q0', '#04ed00', 'stroke')];The state q0 exists.;[('simbolo-q0', '#04ed00', 'stroke')];True;True
464;give to me the list of states;Eh give mmm to eh me eh the uhm list mmm of mmm states ;The state q0 exists.;[('simbolo-q0', '#04ed00', 'stroke')];The state q0 exists.;[('simbolo-q0', '#04ed00', 'stroke')];True;True
465;How many states are there;How eh many states are there ;This automaton has 4 states;[('simbolo-q0', '#04ed00', 'stroke'), ('simbolo-q1', '#04ed00', 'stroke'), ('simbolo-q2', '#04ed00', 'stroke'), ('simbolo-q4', '#04ed00', 'stroke')];This automaton has 4 states;[('simbolo-q0', '#04ed00', 'stroke'), ('simbolo-q1', '#04ed00', 'stroke'), ('simbolo-q2', '#04ed00', 'stroke'), ('simbolo-q4', '#04ed00', 'stroke')];True;True
465;How many states are there;Uhm how mmm many states are there ;This automaton has 4 states;[('simbolo-q0', '#04ed00', 'stroke'), ('simbolo-q1', '#04ed00', 'stroke'), ('simbolo-q2', '#04ed00', 'stroke'), ('simbolo-q4', '#04ed00', 'stroke')];This automaton has 4 states;[('simbolo-q0', '#04ed00', 'stroke'), ('simbolo-q1', '#04ed00', 'stroke'), ('simbolo-q2', '#04ed00', 'stroke'), ('simbolo-q4', '#04ed00', 'stroke')];True;True
465;How many states are there;Uhm how many eh states mmm are there ;This automaton has 4 states;[('simbolo-q0', '#04ed00', 'stroke'), ('simbolo-q1', '#04ed00', 'stroke'), ('simbolo-q2', '#04ed00', 'stroke'), ('simbolo-q4', '#04ed00', 'stroke')];This automaton has 4 states;[('simbolo-q0', '#04ed00', 'stroke'), ('simbolo-q1', '#04ed00', 'stroke'), ('simbolo-q2', '#04ed00', 'stroke'), ('simbolo-q4', '#04ed00', 'stroke')];True;True
465;How many states are there;Eh how mmm many states eh are eh there ;This automaton has 4 states;[('simbolo-q0', '#04ed00', 'stroke'), ('simbolo-q1', '#04ed00', 'stroke'), ('simbolo-q2', '#04ed00', 'stroke'), ('simbolo-q4', '#04ed00', 'stroke')];This automaton has 4 states;[('simbolo-q0', '#04ed00', 'stroke'), ('simbolo-q1', '#04ed00', 'stroke'), ('simbolo-q2', '#04ed00', 'stroke'), ('simbolo-q4', '#04ed00', 'stroke')];True;True
465;How many states are there;Mmm how uhm many uhm states eh are uhm there ;This automaton has 4 states;[('simbolo-q0', '#04ed00', 'stroke'), ('simbolo-q1', '#04ed00', 'stroke'), ('simbolo-q2', '#04ed00', 'stroke'), ('simbolo-q4', '#04ed00', 'stroke')];This automaton has 4 states;[('simbolo-q0', '#04ed00', 'stroke'), ('simbolo-q1', '#04ed00', 'stroke'), ('simbolo-q2', '#04ed00', 'stroke'), ('simbolo-q4', '#04ed00', 'stroke')];True;True
466;start state;Start mmm state ;The initial state is q0.;[('simbolo-q0', '#04ed00', 'stroke')];The initial state is q0.;[('simbolo-q0', '#04ed00', 'stroke')];True;True
466;start state;Eh start eh state ;The initial state is q0.;[('simbolo-q0', '#04ed00', 'stroke')];The state q0 exists.;[('simbolo-q0', '#04ed00', 'stroke')];False;True
467;final states;Final mmm states ;The final state is q0.;[('simbolo-q0', '#04ed00', 'stroke')];The final state is q0.;[('simbolo-q0', '#04ed00', 'stroke')];True;True
467;final states;Mmm final mmm states ;The final state is q0.;[('simbolo-q0', '#04ed00', 'stroke')];The final state is q0.;[('simbolo-q0', '#04ed00', 'stroke')];True;True
468;What are the states connected to q0;Mmm what are the states connected to q0 ;The state q0 exists.;[('simbolo-q0', '#04ed00', 'stroke')];The state q0 exists.;[('simbolo-q0', '#04ed00', 'stroke')];True;True
468;What are the states connected to q0;Eh what are the states connected mmm to q0 ;The state q0 exists.;[('simbolo-q0', '#04ed00', 'stroke')];The state q0 exists.;[('simbolo-q0', '#04ed00', 'stroke')];True;True
468;What are the states connected to q0;What uhm are eh the states mmm connected to q0 ;The state q0 exists.;[('simbolo-q0', '#04ed00', 'stroke')];The state q0 exists.;[('simbolo-q0', '#04ed00', 'stroke')];True;True
468;What are the states connected to q0;Mmm what are mmm the uhm states mmm connected to q0 ;The state q0 exists.;[('simbolo-q0', '#04ed00', 'stroke')];The state q0 exists.;[('simbolo-q0', '#04ed00', 'stroke')];True;True
468;What are the states connected to q0;Mmm what uhm are the eh states connected uhm to eh q0 ;The state q0 exists.;[('simbolo-q0', '#04ed00', 'stroke')];The state q0 exists.;[('simbolo-q0', '#04ed00', 'stroke')];True;True
468;What are the states connected to q0;Eh what uhm are eh the states mmm connected mmm to uhm q0 ;The state q0 exists.;[('simbolo-q0', '#04ed00', 'stroke')];The state q0 exists.;[('simbolo-q0', '#04ed00', 'stroke')];True;True
468;What are the states connected to q0;Uhm what uhm are eh the uhm states eh connected eh to uhm q0 ;The state q0 exists.;[('simbolo-q0', '#04ed00', 'stroke')];The state q0 exists.;[('simbolo-q0', '#04ed00', 'stroke')];True;True
469;What are the states connected to q1;What are mmm the states connected to q1 ;The state q0 exists.;[('simbolo-q0', '#04ed00', 'stroke')];The state q0 exists.;[('simbolo-q0', '#04ed00', 'stroke')];True;True
469;What are the states connected to q1;Uhm what are the mmm states connected to q1 ;The state q0 exists.;[('simbolo-q0', '#04ed00', 'stroke')];The state q0 exists.;[('simbolo-q0', '#04ed00', 'stroke')];True;True
469;What are the states connected to q1;What are uhm the eh states uhm connected to q1 ;The state q0 exists.;[('simbolo-q0', '#04ed00', 'stroke')];The automaton has 4 states: q0, q1, q2 e q4.;[('simbolo-q0', '#04ed00', 'stroke'), ('simbolo-q1', '#04ed00', 'stroke'), ('simbolo-q2', '#04ed00', 'stroke'), ('simbolo-q4', '#04ed00', 'stroke')];False;False
469;What are the states connected to q1;Uhm what uhm are the mmm states connected uhm to q1 ;The state q0 exists.;[('simbolo-q0', '#04ed00', 'stroke')];The state q0 exists.;[('simbolo-q0', '#04ed00', 'stroke')];True;True
469;What are the states connected to q1;What uhm are uhm the states mmm connected mmm to mmm q1 ;The state q0 exists.;[('simbolo-q0', '#04ed00', 'stroke')];The state q0 exists.;[('simbolo-q0', '#04ed00', 'stroke')];True;True
469;What are the states connected to q1;Mmm what eh are eh the mmm states mmm connected eh to q1 ;The state q0 exists.;[('simbolo-q0', '#04ed00', 'stroke')];The state q0 exists.;[('simbolo-q0', '#04ed00', 'stroke')];True;True
469;What are the states connected to q1;Eh what uhm are uhm the eh states eh connected mmm to mmm q1 ;The state q0 exists.;[('simbolo-q0', '#04ed00', 'stroke')];The state q0 exists.;[('simbolo-q0', '#04ed00', 'stroke')];True;True
470;What are the states connected to q2;What are the states mmm connected to q2 ;The state q2 exists.;[('simbolo-q2', '#04ed00', 'stroke')];The state q0 exists.;[('simbolo-q0', '#04ed00', 'stroke')];False;False
470;What are the states connected to q2;What mmm are the states mmm connected to q2 ;The state q2 exists.;[('simbolo-q2', '#04ed00', 'stroke')];the transition is not defined.;[];False;False
470;What are the states connected to q2;Uhm what are the eh states connected to eh q2 ;The state q2 exists.;[('simbolo-q2', '#04ed00', 'stroke')];The automaton has 4 states: q0, q1, q2 e q4.;[('simbolo-q0', '#04ed00', 'stroke'), ('simbolo-q1', '#04ed00', 'stroke'), ('simbolo-q2', '#04ed00', 'stroke'), ('simbolo-q4', '#04ed00', 'stroke')];False;False
470;What are the states connected to q2;Eh what eh are the states uhm connected to uhm q2 ;The state q2 exists.;[('simbolo-q2', '#04ed00', 'stroke')];The automaton has 4 states: q0, q1, q2 e q4.;[('simbolo-q0', '#04ed00', 'stroke'), ('simbolo-q1', '#04ed00', 'stroke'), ('simbolo-q2', '#04ed00', 'stroke'), ('simbolo-q4', '#04ed00', 'stroke')];False;False
470;What are the states connected to q2;Eh what are mmm the mmm states connected uhm to eh q2 ;The state q2 exists.;[('simbolo-q2', '#04ed00', 'stroke')];The state q0 exists.;[('simbolo-q0', '#04ed00', 'stroke')];False;False
470;What are the states connected to q2;Mmm what are mmm the uhm states eh connected eh to eh q2 ;The state q2 exists.;[('simbolo-q2', '#04ed00', 'stroke')];The state q0 exists.;[('simbolo-q0', '#04ed00', 'stroke')];False;False
470;What are the states connected to q2;Eh what eh are eh the uhm states mmm connected uhm to eh q2 ;The state q2 exists.;[('simbolo-q2', '#04ed00', 'stroke')];The state q0 exists.;[('simbolo-q0', '#04ed00', 'stroke')];False;False
471;What are the states connected to q3;What are the eh states connected to q3 ;The state q0 exists.;[('simbolo-q0', '#04ed00', 'stroke')];The state q0 exists.;[('simbolo-q0', '#04ed00', 'stroke')];True;True
471;What are the states connected to q3;What are the states connected uhm to uhm q3 ;The state q0 exists.;[('simbolo-q0', '#04ed00', 'stroke')];The state q0 exists.;[('simbolo-q0', '#04ed00', 'stroke')];True;True
471;What are the states connected to q3;What eh are eh the states connected uhm to q3 ;The state q0 exists.;[('simbolo-q0', '#04ed00', 'stroke')];The state q3 exists.;[('simbolo-q3', '#04ed00', 'stroke')];False;False
471;What are the states connected to q3;What are mmm the mmm states uhm connected eh to q3 ;The state q0 exists.;[('simbolo-q0', '#04ed00', 'stroke')];The automaton has 4 states: q0, q1, q2 e q4.;[('simbolo-q0', '#04ed00', 'stroke'), ('simbolo-q1', '#04ed00', 'stroke'), ('simbolo-q2', '#04ed00', 'stroke'), ('simbolo-q4', '#04ed00', 'stroke')];False;False
471;What are the states connected to q3;Eh what eh are mmm the uhm states connected eh to q3 ;The state q0 exists.;[('simbolo-q0', '#04ed00', 'stroke')];The state q0 exists.;[('simbolo-q0', '#04ed00', 'stroke')];True;True
471;What are the states connected to q3;Eh what eh are eh the eh states connected mmm to mmm q3 ;The state q0 exists.;[('simbolo-q0', '#04ed00', 'stroke')];The state q0 exists.;[('simbolo-q0', '#04ed00', 'stroke')];True;True
471;What are the states connected to q3;Uhm what eh are uhm the eh states eh connected mmm to mmm q3 ;The state q0 exists.;[('simbolo-q0', '#04ed00', 'stroke')];The state q0 exists.;[('simbolo-q0', '#04ed00', 'stroke')];True;True
472;What are the states connected to q4;What are the states connected to uhm q4 ;The state q4 exists.;[('simbolo-q4', '#04ed00', 'stroke')];The state q0 exists.;[('simbolo-q0', '#04ed00', 'stroke')];False;False
472;What are the states connected to q4;What are uhm the states connected uhm to q4 ;The state q4 exists.;[('simbolo-q4', '#04ed00', 'stroke')];The state q4 exists.;[('simbolo-q4', '#04ed00', 'stroke')];True;True
472;What are the states connected to q4;Uhm what mmm are the states connected eh to q4 ;The state q4 exists.;[('simbolo-q4', '#04ed00', 'stroke')];The state q4 exists.;[('simbolo-q4', '#04ed00', 'stroke')];True;True
472;What are the states connected to q4;Mmm what are the eh states uhm connected uhm to q4 ;The state q4 exists.;[('simbolo-q4', '#04ed00', 'stroke')];The state q0 exists.;[('simbolo-q0', '#04ed00', 'stroke')];False;False
472;What are the states connected to q4;Uhm what mmm are mmm the eh states connected to mmm q4 ;The state q4 exists.;[('simbolo-q4', '#04ed00', 'stroke')];The state q0 exists.;[('simbolo-q0', '#04ed00', 'stroke')];False;False
472;What are the states connected to q4;What uhm are uhm the uhm states eh connected eh to uhm q4 ;The state q4 exists.;[('simbolo-q4', '#04ed00', 'stroke')];The state q0 exists.;[('simbolo-q0', '#04ed00', 'stroke')];False;False
472;What are the states connected to q4;Uhm what eh are uhm the uhm states mmm connected eh to uhm q4 ;The state q4 exists.;[('simbolo-q4', '#04ed00', 'stroke')];The state q0 exists.;[('simbolo-q0', '#04ed00', 'stroke')];False;False
473;What are the states connected to q5;Uhm what are the states connected to q5 ;The state q0 exists.;[('simbolo-q0', '#04ed00', 'stroke')];The state q0 exists.;[('simbolo-q0', '#04ed00', 'stroke')];True;True
473;What are the states connected to q5;Uhm what are eh the states connected to q5 ;The state q0 exists.;[('simbolo-q0', '#04ed00', 'stroke')];The state q0 exists.;[('simbolo-q0', '#04ed00', 'stroke')];True;True
473;What are the states connected to q5;What eh are mmm the states connected eh to q5 ;The state q0 exists.;[('simbolo-q0', '#04ed00', 'stroke')];The state q0 exists.;[('simbolo-q0', '#04ed00', 'stroke')];True;True
473;What are the states connected to q5;Mmm what uhm are eh the states uhm connected to q5 ;The state q0 exists.;[('simbolo-q0', '#04ed00', 'stroke')];The state q0 exists.;[('simbolo-q0', '#04ed00', 'stroke')];True;True
473;What are the states connected to q5;What eh are eh the states mmm connected eh to eh q5 ;The state q0 exists.;[('simbolo-q0', '#04ed00', 'stroke')];the transition is not defined.;[];False;False
473;What are the states connected to q5;Eh what mmm are uhm the states mmm connected eh to mmm q5 ;The state q0 exists.;[('simbolo-q0', '#04ed00', 'stroke')];The state q0 exists.;[('simbolo-q0', '#04ed00', 'stroke')];True;True
473;What are the states connected to q5;Uhm what eh are uhm the uhm states uhm connected uhm to eh q5 ;The state q0 exists.;[('simbolo-q0', '#04ed00', 'stroke')];The state q0 exists.;[('simbolo-q0', '#04ed00', 'stroke')];True;True
474;what is the transition function;What is the transition mmm function ;The automaton has 3 transitions: q0 con valore 1 va in q1, q1 con valore 1 va in q2, q4 con valore 0 va in q0.;[('simbolo-q0-q1', '#04ed00', 'stroke'), ('simbolo-q1-q2', '#04ed00', 'stroke'), ('simbolo-q4-q0', '#04ed00', 'stroke')];there is no transition between q0 and q0.;[];False;False
474;what is the transition function;What eh is the eh transition function ;The automaton has 3 transitions: q0 con valore 1 va in q1, q1 con valore 1 va in q2, q4 con valore 0 va in q0.;[('simbolo-q0-q1', '#04ed00', 'stroke'), ('simbolo-q1-q2', '#04ed00', 'stroke'), ('simbolo-q4-q0', '#04ed00', 'stroke')];there is no transition between q0 and q0.;[];False;False
474;what is the transition function;What is eh the eh transition mmm function ;The automaton has 3 transitions: q0 con valore 1 va in q1, q1 con valore 1 va in q2, q4 con valore 0 va in q0.;[('simbolo-q0-q1', '#04ed00', 'stroke'), ('simbolo-q1-q2', '#04ed00', 'stroke'), ('simbolo-q4-q0', '#04ed00', 'stroke')];there is no transition between q0 and q0.;[];False;False
474;what is the transition function;Mmm what eh is the eh transition mmm function ;The automaton has 3 transitions: q0 con valore 1 va in q1, q1 con valore 1 va in q2, q4 con valore 0 va in q0.;[('simbolo-q0-q1', '#04ed00', 'stroke'), ('simbolo-q1-q2', '#04ed00', 'stroke'), ('simbolo-q4-q0', '#04ed00', 'stroke')];there is no transition between q0 and q0.;[];False;False
474;what is the transition function;Uhm what eh is mmm the eh transition uhm function ;The automaton has 3 transitions: q0 con valore 1 va in q1, q1 con valore 1 va in q2, q4 con valore 0 va in q0.;[('simbolo-q0-q1', '#04ed00', 'stroke'), ('simbolo-q1-q2', '#04ed00', 'stroke'), ('simbolo-q4-q0', '#04ed00', 'stroke')];there is no transition between q0 and q0.;[];False;False
475;what is the output;What is uhm the output ;Potresti essere più specifico?;[];Potresti essere più specifico?;[];True;True
475;what is the output;What mmm is mmm the output ;Potresti essere più specifico?;[];Potresti essere più specifico?;[];True;True
475;what is the output;Eh what mmm is the uhm output ;Potresti essere più specifico?;[];Potresti essere più specifico?;[];True;True
475;what is the output;Uhm what uhm is eh the uhm output ;Potresti essere più specifico?;[];Potresti essere più specifico?;[];True;True
476;output;Uhm output ;Potresti essere più specifico?;[];Potresti essere più specifico?;[];True;True
477;can you provide me some examples of inputs and output;Mmm can you provide me some examples of inputs and output ;Potresti essere più specifico?;[];Potresti essere più specifico?;[];True;True
477;can you provide me some examples of inputs and output;Can you provide me some examples of mmm inputs eh and output ;Potresti essere più specifico?;[];Potresti essere più specifico?;[];True;True
477;can you provide me some examples of inputs and output;Uhm can eh you provide me some eh examples of inputs and output ;Potresti essere più specifico?;[];Potresti essere più specifico?;[];True;True
477;can you provide me some examples of inputs and output;Can eh you provide uhm me some mmm examples of inputs and eh output ;Potresti essere più specifico?;[];Potresti essere più specifico?;[];True;True
477;can you provide me some examples of inputs and output;Eh can you mmm provide me eh some examples of uhm inputs eh and output ;Potresti essere più specifico?;[];Potresti essere più specifico?;[];True;True
477;can you provide me some examples of inputs and output;Mmm can you provide uhm me uhm some examples of uhm inputs eh and uhm output ;Potresti essere più specifico?;[];Potresti essere più specifico?;[];True;True
477;can you provide me some examples of inputs and output;Eh can uhm you eh provide eh me uhm some mmm examples uhm of inputs and output ;Potresti essere più specifico?;[];Potresti essere più specifico?;[];True;True
477;can you provide me some examples of inputs and output;Eh can eh you mmm provide eh me some examples uhm of eh inputs eh and mmm output ;Potresti essere più specifico?;[];Potresti essere più specifico?;[];True;True
477;can you provide me some examples of inputs and output;Mmm can uhm you provide mmm me uhm some eh examples eh of mmm inputs eh and eh output ;Potresti essere più specifico?;[];Potresti essere più specifico?;[];True;True
477;can you provide me some examples of inputs and output;Uhm can mmm you eh provide uhm me uhm some uhm examples eh of eh inputs uhm and eh output ;Potresti essere più specifico?;[];Potresti essere più specifico?;[];True;True
478;Give me some examples of inputs and output;Uhm give me some examples of inputs and output ;Potresti essere più specifico?;[];Potresti essere più specifico?;[];True;True
478;Give me some examples of inputs and output;Give me some uhm examples mmm of inputs and output ;Potresti essere più specifico?;[];Potresti essere più specifico?;[];True;True
478;Give me some examples of inputs and output;Mmm give me some mmm examples eh of inputs and output ;Potresti essere più specifico?;[];Potresti essere più specifico?;[];True;True
478;Give me some examples of inputs and output;Uhm give me mmm some examples uhm of inputs and mmm output ;Potresti essere più specifico?;[];Potresti essere più specifico?;[];True;True
478;Give me some examples of inputs and output;Eh give mmm me some uhm examples eh of eh inputs and output ;Potresti essere più specifico?;[];Potresti essere più specifico?;[];True;True
478;Give me some examples of inputs and output;Eh give mmm me some mmm examples mmm of uhm inputs eh and output ;Potresti essere più specifico?;[];Potresti essere più specifico?;[];True;True
478;Give me some examples of inputs and output;Give mmm me uhm some eh examples eh of mmm inputs uhm and uhm output ;Potresti essere più specifico?;[];Potresti essere più specifico?;[];True;True
478;Give me some examples of inputs and output;Mmm give uhm me eh some eh examples eh of eh inputs eh and eh output ;Potresti essere più specifico?;[];Potresti essere più specifico?;[];True;True
479;is it an undefined automaton;Is uhm it an undefined automaton ;The automaton accepts zero or more words formed by a sequence of the type 110. In total there are 4 states: q0, q1, q2 e q4. q0 is both the initial and the final state.Le transizioni sono: q0 with value 1 goes goes q1, q1 with value 1 goes goes q2, q4 with value 0 goes to q0.;[];The automaton accepts zero or more words formed by a sequence of the type 110. In total there are 4 states: q0, q1, q2 e q4. q0 is both the initial and the final state.Le transizioni sono: q0 with value 1 goes goes q1, q1 with value 1 goes goes q2, q4 with value 0 goes to q0.;[];True;True
479;is it an undefined automaton;Is it mmm an undefined mmm automaton ;The automaton accepts zero or more words formed by a sequence of the type 110. In total there are 4 states: q0, q1, q2 e q4. q0 is both the initial and the final state.Le transizioni sono: q0 with value 1 goes goes q1, q1 with value 1 goes goes q2, q4 with value 0 goes to q0.;[];The automaton accepts zero or more words formed by a sequence of the type 110. In total there are 4 states: q0, q1, q2 e q4. q0 is both the initial and the final state.Le transizioni sono: q0 with value 1 goes goes q1, q1 with value 1 goes goes q2, q4 with value 0 goes to q0.;[];True;True
479;is it an undefined automaton;Mmm is it an uhm undefined eh automaton ;The automaton accepts zero or more words formed by a sequence of the type 110. In total there are 4 states: q0, q1, q2 e q4. q0 is both the initial and the final state.Le transizioni sono: q0 with value 1 goes goes q1, q1 with value 1 goes goes q2, q4 with value 0 goes to q0.;[];The automaton accepts zero or more words formed by a sequence of the type 110. In total there are 4 states: q0, q1, q2 e q4. q0 is both the initial and the final state.Le transizioni sono: q0 with value 1 goes goes q1, q1 with value 1 goes goes q2, q4 with value 0 goes to q0.;[];True;True
479;is it an undefined automaton;Mmm is eh it an mmm undefined uhm automaton ;The automaton accepts zero or more words formed by a sequence of the type 110. In total there are 4 states: q0, q1, q2 e q4. q0 is both the initial and the final state.Le transizioni sono: q0 with value 1 goes goes q1, q1 with value 1 goes goes q2, q4 with value 0 goes to q0.;[];Potresti essere più specifico?;[];False;True
479;is it an undefined automaton;Eh is uhm it mmm an uhm undefined eh automaton ;The automaton accepts zero or more words formed by a sequence of the type 110. In total there are 4 states: q0, q1, q2 e q4. q0 is both the initial and the final state.Le transizioni sono: q0 with value 1 goes goes q1, q1 with value 1 goes goes q2, q4 with value 0 goes to q0.;[];Potresti essere più specifico?;[];False;True
480;is it a non-deterministic finite state automaton;Uhm is it a non-deterministic finite state automaton ;The automaton accepts zero or more words formed by a sequence of the type 110. In total there are 4 states: q0, q1, q2 e q4. q0 is both the initial and the final state.Le transizioni sono: q0 with value 1 goes goes q1, q1 with value 1 goes goes q2, q4 with value 0 goes to q0.;[];The automaton accepts zero or more words formed by a sequence of the type 110. In total there are 4 states: q0, q1, q2 e q4. q0 is both the initial and the final state.Le transizioni sono: q0 with value 1 goes goes q1, q1 with value 1 goes goes q2, q4 with value 0 goes to q0.;[];True;True
480;is it a non-deterministic finite state automaton;Mmm is it a mmm non-deterministic finite state automaton ;The automaton accepts zero or more words formed by a sequence of the type 110. In total there are 4 states: q0, q1, q2 e q4. q0 is both the initial and the final state.Le transizioni sono: q0 with value 1 goes goes q1, q1 with value 1 goes goes q2, q4 with value 0 goes to q0.;[];Potresti essere più specifico?;[];False;True
480;is it a non-deterministic finite state automaton;Is it a uhm non-deterministic mmm finite state mmm automaton ;The automaton accepts zero or more words formed by a sequence of the type 110. In total there are 4 states: q0, q1, q2 e q4. q0 is both the initial and the final state.Le transizioni sono: q0 with value 1 goes goes q1, q1 with value 1 goes goes q2, q4 with value 0 goes to q0.;[];The automaton accepts zero or more words formed by a sequence of the type 110. In total there are 4 states: q0, q1, q2 e q4. q0 is both the initial and the final state.Le transizioni sono: q0 with value 1 goes goes q1, q1 with value 1 goes goes q2, q4 with value 0 goes to q0.;[];True;True
480;is it a non-deterministic finite state automaton;Uhm is it mmm a eh non-deterministic finite state eh automaton ;The automaton accepts zero or more words formed by a sequence of the type 110. In total there are 4 states: q0, q1, q2 e q4. q0 is both the initial and the final state.Le transizioni sono: q0 with value 1 goes goes q1, q1 with value 1 goes goes q2, q4 with value 0 goes to q0.;[];The automaton accepts zero or more words formed by a sequence of the type 110. In total there are 4 states: q0, q1, q2 e q4. q0 is both the initial and the final state.Le transizioni sono: q0 with value 1 goes goes q1, q1 with value 1 goes goes q2, q4 with value 0 goes to q0.;[];True;True
480;is it a non-deterministic finite state automaton;Is uhm it a eh non-deterministic eh finite eh state eh automaton ;The automaton accepts zero or more words formed by a sequence of the type 110. In total there are 4 states: q0, q1, q2 e q4. q0 is both the initial and the final state.Le transizioni sono: q0 with value 1 goes goes q1, q1 with value 1 goes goes q2, q4 with value 0 goes to q0.;[];The automaton accepts zero or more words formed by a sequence of the type 110. In total there are 4 states: q0, q1, q2 e q4. q0 is both the initial and the final state.Le transizioni sono: q0 with value 1 goes goes q1, q1 with value 1 goes goes q2, q4 with value 0 goes to q0.;[];True;True
480;is it a non-deterministic finite state automaton;Mmm is eh it mmm a mmm non-deterministic finite mmm state mmm automaton ;The automaton accepts zero or more words formed by a sequence of the type 110. In total there are 4 states: q0, q1, q2 e q4. q0 is both the initial and the final state.Le transizioni sono: q0 with value 1 goes goes q1, q1 with value 1 goes goes q2, q4 with value 0 goes to q0.;[];The automaton accepts zero or more words formed by a sequence of the type 110. In total there are 4 states: q0, q1, q2 e q4. q0 is both the initial and the final state.Le transizioni sono: q0 with value 1 goes goes q1, q1 with value 1 goes goes q2, q4 with value 0 goes to q0.;[];True;True
480;is it a non-deterministic finite state automaton;Eh is uhm it uhm a eh non-deterministic eh finite eh state mmm automaton ;The automaton accepts zero or more words formed by a sequence of the type 110. In total there are 4 states: q0, q1, q2 e q4. q0 is both the initial and the final state.Le transizioni sono: q0 with value 1 goes goes q1, q1 with value 1 goes goes q2, q4 with value 0 goes to q0.;[];The automaton accepts zero or more words formed by a sequence of the type 110. In total there are 4 states: q0, q1, q2 e q4. q0 is both the initial and the final state.Le transizioni sono: q0 with value 1 goes goes q1, q1 with value 1 goes goes q2, q4 with value 0 goes to q0.;[];True;True
481;is it a deterministic finite state automaton;Is it a deterministic finite state uhm automaton ;The automaton accepts zero or more words formed by a sequence of the type 110. In total there are 4 states: q0, q1, q2 e q4. q0 is both the initial and the final state.Le transizioni sono: q0 with value 1 goes goes q1, q1 with value 1 goes goes q2, q4 with value 0 goes to q0.;[];The automaton accepts zero or more words formed by a sequence of the type 110. In total there are 4 states: q0, q1, q2 e q4. q0 is both the initial and the final state.Le transizioni sono: q0 with value 1 goes goes q1, q1 with value 1 goes goes q2, q4 with value 0 goes to q0.;[];True;True
481;is it a deterministic finite state automaton;Is eh it a deterministic finite mmm state automaton ;The automaton accepts zero or more words formed by a sequence of the type 110. In total there are 4 states: q0, q1, q2 e q4. q0 is both the initial and the final state.Le transizioni sono: q0 with value 1 goes goes q1, q1 with value 1 goes goes q2, q4 with value 0 goes to q0.;[];The automaton accepts zero or more words formed by a sequence of the type 110. In total there are 4 states: q0, q1, q2 e q4. q0 is both the initial and the final state.Le transizioni sono: q0 with value 1 goes goes q1, q1 with value 1 goes goes q2, q4 with value 0 goes to q0.;[];True;True
481;is it a deterministic finite state automaton;Uhm is it a deterministic eh finite uhm state automaton ;The automaton accepts zero or more words formed by a sequence of the type 110. In total there are 4 states: q0, q1, q2 e q4. q0 is both the initial and the final state.Le transizioni sono: q0 with value 1 goes goes q1, q1 with value 1 goes goes q2, q4 with value 0 goes to q0.;[];The automaton accepts zero or more words formed by a sequence of the type 110. In total there are 4 states: q0, q1, q2 e q4. q0 is both the initial and the final state.Le transizioni sono: q0 with value 1 goes goes q1, q1 with value 1 goes goes q2, q4 with value 0 goes to q0.;[];True;True
481;is it a deterministic finite state automaton;Is it a eh deterministic eh finite mmm state uhm automaton ;The automaton accepts zero or more words formed by a sequence of the type 110. In total there are 4 states: q0, q1, q2 e q4. q0 is both the initial and the final state.Le transizioni sono: q0 with value 1 goes goes q1, q1 with value 1 goes goes q2, q4 with value 0 goes to q0.;[];The automaton accepts zero or more words formed by a sequence of the type 110. In total there are 4 states: q0, q1, q2 e q4. q0 is both the initial and the final state.Le transizioni sono: q0 with value 1 goes goes q1, q1 with value 1 goes goes q2, q4 with value 0 goes to q0.;[];True;True
481;is it a deterministic finite state automaton;Mmm is uhm it eh a deterministic mmm finite state mmm automaton ;The automaton accepts zero or more words formed by a sequence of the type 110. In total there are 4 states: q0, q1, q2 e q4. q0 is both the initial and the final state.Le transizioni sono: q0 with value 1 goes goes q1, q1 with value 1 goes goes q2, q4 with value 0 goes to q0.;[];The automaton accepts zero or more words formed by a sequence of the type 110. In total there are 4 states: q0, q1, q2 e q4. q0 is both the initial and the final state.Le transizioni sono: q0 with value 1 goes goes q1, q1 with value 1 goes goes q2, q4 with value 0 goes to q0.;[];True;True
481;is it a deterministic finite state automaton;Mmm is uhm it uhm a eh deterministic mmm finite uhm state automaton ;The automaton accepts zero or more words formed by a sequence of the type 110. In total there are 4 states: q0, q1, q2 e q4. q0 is both the initial and the final state.Le transizioni sono: q0 with value 1 goes goes q1, q1 with value 1 goes goes q2, q4 with value 0 goes to q0.;[];The automaton accepts zero or more words formed by a sequence of the type 110. In total there are 4 states: q0, q1, q2 e q4. q0 is both the initial and the final state.Le transizioni sono: q0 with value 1 goes goes q1, q1 with value 1 goes goes q2, q4 with value 0 goes to q0.;[];True;True
481;is it a deterministic finite state automaton;Uhm is eh it mmm a mmm deterministic uhm finite eh state eh automaton ;The automaton accepts zero or more words formed by a sequence of the type 110. In total there are 4 states: q0, q1, q2 e q4. q0 is both the initial and the final state.Le transizioni sono: q0 with value 1 goes goes q1, q1 with value 1 goes goes q2, q4 with value 0 goes to q0.;[];The automaton accepts zero or more words formed by a sequence of the type 110. In total there are 4 states: q0, q1, q2 e q4. q0 is both the initial and the final state.Le transizioni sono: q0 with value 1 goes goes q1, q1 with value 1 goes goes q2, q4 with value 0 goes to q0.;[];True;True
482;does it only accept 1s and 0s or other things;Does it only accept 1s and 0s or other eh things ;Potresti essere più specifico?;[];Potresti essere più specifico?;[];True;True
482;does it only accept 1s and 0s or other things;Uhm does it only accept 1s uhm and 0s or other things ;Potresti essere più specifico?;[];Potresti essere più specifico?;[];True;True
482;does it only accept 1s and 0s or other things;Does it mmm only uhm accept 1s and 0s uhm or other things ;Potresti essere più specifico?;[];Potresti essere più specifico?;[];True;True
482;does it only accept 1s and 0s or other things;Mmm does it only accept 1s and eh 0s eh or other eh things ;Potresti essere più specifico?;[];Potresti essere più specifico?;[];True;True
482;does it only accept 1s and 0s or other things;Mmm does uhm it eh only accept mmm 1s and 0s or uhm other things ;Potresti essere più specifico?;[];Potresti essere più specifico?;[];True;True
482;does it only accept 1s and 0s or other things;Uhm does it only uhm accept uhm 1s and uhm 0s or mmm other eh things ;Potresti essere più specifico?;[];Potresti essere più specifico?;[];True;True
482;does it only accept 1s and 0s or other things;Does mmm it eh only mmm accept uhm 1s and uhm 0s uhm or other eh things ;Potresti essere più specifico?;[];Potresti essere più specifico?;[];True;True
482;does it only accept 1s and 0s or other things;Uhm does it mmm only accept mmm 1s eh and eh 0s uhm or eh other mmm things ;Potresti essere più specifico?;[];Potresti essere più specifico?;[];True;True
482;does it only accept 1s and 0s or other things;Uhm does uhm it mmm only uhm accept mmm 1s eh and uhm 0s eh or mmm other things ;Potresti essere più specifico?;[];Potresti essere più specifico?;[];True;True
482;does it only accept 1s and 0s or other things;Mmm does uhm it uhm only eh accept eh 1s eh and eh 0s mmm or mmm other uhm things ;Potresti essere più specifico?;[];Potresti essere più specifico?;[];True;True
483;suggest me some question;Suggest me uhm some question ;Potresti essere più specifico?;[];Potresti essere più specifico?;[];True;True
483;suggest me some question;Eh suggest me uhm some question ;Potresti essere più specifico?;[];Potresti essere più specifico?;[];True;True
483;suggest me some question;Eh suggest eh me some eh question ;Potresti essere più specifico?;[];Potresti essere più specifico?;[];True;True
483;suggest me some question;Mmm suggest mmm me eh some eh question ;Potresti essere più specifico?;[];Potresti essere più specifico?;[];True;True
484;what are the paths between nodes;What are the paths uhm between nodes ;Potresti essere più specifico?;[];Potresti essere più specifico?;[];True;True
484;what are the paths between nodes;Uhm what are the uhm paths between nodes ;Potresti essere più specifico?;[];Potresti essere più specifico?;[];True;True
484;what are the paths between nodes;Mmm what are eh the eh paths between nodes ;Potresti essere più specifico?;[];Potresti essere più specifico?;[];True;True
484;what are the paths between nodes;Eh what eh are mmm the paths between uhm nodes ;Potresti essere più specifico?;[];Potresti essere più specifico?;[];True;True
484;what are the paths between nodes;Uhm what eh are uhm the uhm paths between uhm nodes ;Potresti essere più specifico?;[];Potresti essere più specifico?;[];True;True
484;what are the paths between nodes;Eh what mmm are mmm the mmm paths uhm between uhm nodes ;Potresti essere più specifico?;[];Potresti essere più specifico?;[];True;True
485;thank you to yours replies;Thank you to mmm yours replies ;Potresti essere più specifico?;[];Potresti essere più specifico?;[];True;True
485;thank you to yours replies;Thank you mmm to yours uhm replies ;Potresti essere più specifico?;[];Potresti essere più specifico?;[];True;True
485;thank you to yours replies;Mmm thank you mmm to yours eh replies ;Potresti essere più specifico?;[];Potresti essere più specifico?;[];True;True
485;thank you to yours replies;Mmm thank eh you uhm to mmm yours replies ;Potresti essere più specifico?;[];Potresti essere più specifico?;[];True;True
485;thank you to yours replies;Eh thank eh you eh to uhm yours mmm replies ;Potresti essere più specifico?;[];Potresti essere più specifico?;[];True;True
