TEST_CASE_NUMBER;TEST CASE;FOLLOW UP;TEST CASE TEXT;TEST CASE MULTI;FOLLOW UP TEXT;FOLLOW UP MULTI;COMPARE TEXT;COMPARE MULTI
3;There is a transition between q2 and q0 ;Between q2 and q0 there is a transition;there is no transition between q2 and q0.;[];there is no transition between q2 and q0.;[];True;True
3;There is a transition between q2 and q0 ;A transition between q2 and q0 there is;there is no transition between q2 and q0.;[];there is no transition between q2 and q0.;[];True;True
4;There is a transition between q5 and q7 ;Between q5 and q7 there is a transition;the transition is not defined.;[];the transition is not defined.;[];True;True
4;There is a transition between q5 and q7 ;A transition between q5 and q7 there is;the transition is not defined.;[];the transition is not defined.;[];True;True
5;Describe it please ;Please describe it;Potresti essere più specifico?;[];Potresti essere più specifico?;[];True;True
6;How many transitions does the automaton contain ;The automaton, how many transitions does it contain;The automaton has 3 transitions: q0 con valore 1 va in q1, q1 con valore 1 va in q2, q4 con valore 0 va in q0.;[('simbolo-q0-q1', '#04ed00', 'stroke'), ('simbolo-q1-q2', '#04ed00', 'stroke'), ('simbolo-q4-q0', '#04ed00', 'stroke')];The automaton has 3 transitions: q0 con valore 1 va in q1, q1 con valore 1 va in q2, q4 con valore 0 va in q0.;[('simbolo-q0-q1', '#04ed00', 'stroke'), ('simbolo-q1-q2', '#04ed00', 'stroke'), ('simbolo-q4-q0', '#04ed00', 'stroke')];True;True
6;How many transitions does the automaton contain ;How many transitions does it contain, the automaton;The automaton has 3 transitions: q0 con valore 1 va in q1, q1 con valore 1 va in q2, q4 con valore 0 va in q0.;[('simbolo-q0-q1', '#04ed00', 'stroke'), ('simbolo-q1-q2', '#04ed00', 'stroke'), ('simbolo-q4-q0', '#04ed00', 'stroke')];The automaton has 3 transitions: q0 con valore 1 va in q1, q1 con valore 1 va in q2, q4 con valore 0 va in q0.;[('simbolo-q0-q1', '#04ed00', 'stroke'), ('simbolo-q1-q2', '#04ed00', 'stroke'), ('simbolo-q4-q0', '#04ed00', 'stroke')];True;True
7;there is a particular pattern among them ;Among them there is a particular pattern;Potresti essere più specifico?;[];Potresti essere più specifico?;[];True;True
7;there is a particular pattern among them ;A particular pattern there is among them;Potresti essere più specifico?;[];Potresti essere più specifico?;[];True;True
8;What is the alphabet ;The alphabet, what is;Potresti essere più specifico?;[];Potresti essere più specifico?;[];True;True
8;What is the alphabet ;What is the alphabet;Potresti essere più specifico?;[];Potresti essere più specifico?;[];True;True
9;What are the transitions ;The transitions, what are;there is no transition between q0 and q0.;[];there is no transition between q0 and q0.;[];True;True
9;What are the transitions ;What are the transitions;there is no transition between q0 and q0.;[];there is no transition between q0 and q0.;[];True;True
10;What are the states ;The states, what are;The state q0 exists.;[('simbolo-q0', '#04ed00', 'stroke')];The state q0 exists.;[('simbolo-q0', '#04ed00', 'stroke')];True;True
10;What are the states ;What are the states;The state q0 exists.;[('simbolo-q0', '#04ed00', 'stroke')];The state q0 exists.;[('simbolo-q0', '#04ed00', 'stroke')];True;True
11;What is q1 ;Q1, what is;The automaton has 4 states: q0, q1, q2 e q4.;[('simbolo-q0', '#04ed00', 'stroke'), ('simbolo-q1', '#04ed00', 'stroke'), ('simbolo-q2', '#04ed00', 'stroke'), ('simbolo-q4', '#04ed00', 'stroke')];The state q0 exists.;[('simbolo-q0', '#04ed00', 'stroke')];False;False
11;What is q1 ;What is q1;The automaton has 4 states: q0, q1, q2 e q4.;[('simbolo-q0', '#04ed00', 'stroke'), ('simbolo-q1', '#04ed00', 'stroke'), ('simbolo-q2', '#04ed00', 'stroke'), ('simbolo-q4', '#04ed00', 'stroke')];The state q0 exists.;[('simbolo-q0', '#04ed00', 'stroke')];False;False
12;how many states and edges ;States and edges, how many;This automaton has 4 states;[('simbolo-q0', '#04ed00', 'stroke'), ('simbolo-q1', '#04ed00', 'stroke'), ('simbolo-q2', '#04ed00', 'stroke'), ('simbolo-q4', '#04ed00', 'stroke')];The automaton has 3 transitions: q0 con valore 1 va in q1, q1 con valore 1 va in q2, q4 con valore 0 va in q0.;[('simbolo-q0-q1', '#04ed00', 'stroke'), ('simbolo-q1-q2', '#04ed00', 'stroke'), ('simbolo-q4-q0', '#04ed00', 'stroke')];False;False
12;how many states and edges ;How many states and edges;This automaton has 4 states;[('simbolo-q0', '#04ed00', 'stroke'), ('simbolo-q1', '#04ed00', 'stroke'), ('simbolo-q2', '#04ed00', 'stroke'), ('simbolo-q4', '#04ed00', 'stroke')];This automaton has 4 states;[('simbolo-q0', '#04ed00', 'stroke'), ('simbolo-q1', '#04ed00', 'stroke'), ('simbolo-q2', '#04ed00', 'stroke'), ('simbolo-q4', '#04ed00', 'stroke')];True;True
13;is it directed ;Directed, is it;Potresti essere più specifico?;[];there is no transition between q0 and q0.;[];False;True
13;is it directed ;Is it directed;Potresti essere più specifico?;[];there is no transition between q0 and q0.;[];False;True
14;How is the automaton represented ;The automaton, how is it represented;The automaton accepts zero or more words formed by a sequence of the type 110. In total there are 4 states: q0, q1, q2 e q4. q0 is both the initial and the final state.Le transizioni sono: q0 with value 1 goes goes q1, q1 with value 1 goes goes q2, q4 with value 0 goes to q0.;[];The automaton accepts zero or more words formed by a sequence of the type 110. In total there are 4 states: q0, q1, q2 e q4. q0 is both the initial and the final state.Le transizioni sono: q0 with value 1 goes goes q1, q1 with value 1 goes goes q2, q4 with value 0 goes to q0.;[];True;True
14;How is the automaton represented ;How is it represented, the automaton;The automaton accepts zero or more words formed by a sequence of the type 110. In total there are 4 states: q0, q1, q2 e q4. q0 is both the initial and the final state.Le transizioni sono: q0 with value 1 goes goes q1, q1 with value 1 goes goes q2, q4 with value 0 goes to q0.;[];The automaton accepts zero or more words formed by a sequence of the type 110. In total there are 4 states: q0, q1, q2 e q4. q0 is both the initial and the final state.Le transizioni sono: q0 with value 1 goes goes q1, q1 with value 1 goes goes q2, q4 with value 0 goes to q0.;[];True;True
15;has it cycles ;Cycles, has it;Potresti essere più specifico?;[];Potresti essere più specifico?;[];True;True
15;has it cycles ;Has it cycles;Potresti essere più specifico?;[];Potresti essere più specifico?;[];True;True
16;Describe the automaton ;The automaton, describe;The automaton accepts zero or more words formed by a sequence of the type 110. In total there are 4 states: q0, q1, q2 e q4. q0 is both the initial and the final state.Le transizioni sono: q0 with value 1 goes goes q1, q1 with value 1 goes goes q2, q4 with value 0 goes to q0.;[];The automaton accepts zero or more words formed by a sequence of the type 110. In total there are 4 states: q0, q1, q2 e q4. q0 is both the initial and the final state.Le transizioni sono: q0 with value 1 goes goes q1, q1 with value 1 goes goes q2, q4 with value 0 goes to q0.;[];True;True
16;Describe the automaton ;Describe the automaton;The automaton accepts zero or more words formed by a sequence of the type 110. In total there are 4 states: q0, q1, q2 e q4. q0 is both the initial and the final state.Le transizioni sono: q0 with value 1 goes goes q1, q1 with value 1 goes goes q2, q4 with value 0 goes to q0.;[];The automaton accepts zero or more words formed by a sequence of the type 110. In total there are 4 states: q0, q1, q2 e q4. q0 is both the initial and the final state.Le transizioni sono: q0 with value 1 goes goes q1, q1 with value 1 goes goes q2, q4 with value 0 goes to q0.;[];True;True
17;The automaton accepts a language allowing words made of an odd number of 0s and 1s ;A language allowing words made of an odd number of 0s and 1s, the automaton accepts;Potresti essere più specifico?;[];Potresti essere più specifico?;[];True;True
17;The automaton accepts a language allowing words made of an odd number of 0s and 1s ;The automaton accepts a language allowing words made of an odd number of 0s and 1s;Potresti essere più specifico?;[];Potresti essere più specifico?;[];True;True
18;is it possible repetitive pattern in the transactions ;Possible repetitive pattern in the transactions, is it;Potresti essere più specifico?;[];Potresti essere più specifico?;[];True;True
18;is it possible repetitive pattern in the transactions ;Is it possible repetitive pattern in the transactions;Potresti essere più specifico?;[];Potresti essere più specifico?;[];True;True
19;If q2 is the final state the language accepted by the automaton is the same ;The language accepted by the automaton is the same if q2 is the final state;The final state is q0.;[('simbolo-q0', '#04ed00', 'stroke')];Potresti essere più specifico?;[];False;False
19;If q2 is the final state the language accepted by the automaton is the same ;If q2 is the final state, the language accepted by the automaton is the same;The final state is q0.;[('simbolo-q0', '#04ed00', 'stroke')];Potresti essere più specifico?;[];False;False
20;Briefly describe the automaton ;The automaton, briefly describe;The automaton accepts zero or more words formed by a sequence of the type 110. In total there are 4 states: q0, q1, q2 e q4. q0 is both the initial and the final state.Le transizioni sono: q0 with value 1 goes goes q1, q1 with value 1 goes goes q2, q4 with value 0 goes to q0.;[];The automaton accepts zero or more words formed by a sequence of the type 110. In total there are 4 states: q0, q1, q2 e q4. q0 is both the initial and the final state.Le transizioni sono: q0 with value 1 goes goes q1, q1 with value 1 goes goes q2, q4 with value 0 goes to q0.;[];True;True
20;Briefly describe the automaton ;Briefly describe the automaton;The automaton accepts zero or more words formed by a sequence of the type 110. In total there are 4 states: q0, q1, q2 e q4. q0 is both the initial and the final state.Le transizioni sono: q0 with value 1 goes goes q1, q1 with value 1 goes goes q2, q4 with value 0 goes to q0.;[];The automaton accepts zero or more words formed by a sequence of the type 110. In total there are 4 states: q0, q1, q2 e q4. q0 is both the initial and the final state.Le transizioni sono: q0 with value 1 goes goes q1, q1 with value 1 goes goes q2, q4 with value 0 goes to q0.;[];True;True
21;Does it only accept 1s and 0s ;1s and 0s only, does it accept;Potresti essere più specifico?;[];Potresti essere più specifico?;[];True;True
21;Does it only accept 1s and 0s ;Does it only accept 1s and 0s;Potresti essere più specifico?;[];Potresti essere più specifico?;[];True;True
22;How is the automaton represented ;The automaton, how is it represented;The automaton accepts zero or more words formed by a sequence of the type 110. In total there are 4 states: q0, q1, q2 e q4. q0 is both the initial and the final state.Le transizioni sono: q0 with value 1 goes goes q1, q1 with value 1 goes goes q2, q4 with value 0 goes to q0.;[];The automaton accepts zero or more words formed by a sequence of the type 110. In total there are 4 states: q0, q1, q2 e q4. q0 is both the initial and the final state.Le transizioni sono: q0 with value 1 goes goes q1, q1 with value 1 goes goes q2, q4 with value 0 goes to q0.;[];True;True
22;How is the automaton represented ;How is the automaton represented;The automaton accepts zero or more words formed by a sequence of the type 110. In total there are 4 states: q0, q1, q2 e q4. q0 is both the initial and the final state.Le transizioni sono: q0 with value 1 goes goes q1, q1 with value 1 goes goes q2, q4 with value 0 goes to q0.;[];The automaton accepts zero or more words formed by a sequence of the type 110. In total there are 4 states: q0, q1, q2 e q4. q0 is both the initial and the final state.Le transizioni sono: q0 with value 1 goes goes q1, q1 with value 1 goes goes q2, q4 with value 0 goes to q0.;[];True;True
23;And how about the arrows ;The arrows, how about;there is no transition between q0 and q0.;[];there is no transition between q0 and q0.;[];True;True
23;And how about the arrows ;And how about the arrows;there is no transition between q0 and q0.;[];there is no transition between q0 and q0.;[];True;True
24;Which is the initial state ;The initial state, which is;The initial state is q0.;[('simbolo-q0', '#04ed00', 'stroke')];The initial state is q0.;[('simbolo-q0', '#04ed00', 'stroke')];True;True
24;Which is the initial state ;Which is the initial state;The initial state is q0.;[('simbolo-q0', '#04ed00', 'stroke')];The initial state is q0.;[('simbolo-q0', '#04ed00', 'stroke')];True;True
25;Does it have 5 states then ;Five states then, does it have;The automaton has 4 states: q0, q1, q2 e q4.;[('simbolo-q0', '#04ed00', 'stroke'), ('simbolo-q1', '#04ed00', 'stroke'), ('simbolo-q2', '#04ed00', 'stroke'), ('simbolo-q4', '#04ed00', 'stroke')];There are 5 states in this automaton.;[('simbolo-q0', '#04ed00', 'stroke'), ('simbolo-q1', '#04ed00', 'stroke'), ('simbolo-q2', '#04ed00', 'stroke'), ('simbolo-q3', '#04ed00', 'stroke'), ('simbolo-q4', '#04ed00', 'stroke')];False;False
25;Does it have 5 states then ;Does it have 5 states then;The automaton has 4 states: q0, q1, q2 e q4.;[('simbolo-q0', '#04ed00', 'stroke'), ('simbolo-q1', '#04ed00', 'stroke'), ('simbolo-q2', '#04ed00', 'stroke'), ('simbolo-q4', '#04ed00', 'stroke')];The automaton has 4 states: q0, q1, q2 e q4.;[('simbolo-q0', '#04ed00', 'stroke'), ('simbolo-q1', '#04ed00', 'stroke'), ('simbolo-q2', '#04ed00', 'stroke'), ('simbolo-q4', '#04ed00', 'stroke')];True;True
26;How many states are there ;How many states are there;This automaton has 4 states;[('simbolo-q0', '#04ed00', 'stroke'), ('simbolo-q1', '#04ed00', 'stroke'), ('simbolo-q2', '#04ed00', 'stroke'), ('simbolo-q4', '#04ed00', 'stroke')];This automaton has 4 states;[('simbolo-q0', '#04ed00', 'stroke'), ('simbolo-q1', '#04ed00', 'stroke'), ('simbolo-q2', '#04ed00', 'stroke'), ('simbolo-q4', '#04ed00', 'stroke')];True;True
26;How many states are there ;There are how many states;This automaton has 4 states;[('simbolo-q0', '#04ed00', 'stroke'), ('simbolo-q1', '#04ed00', 'stroke'), ('simbolo-q2', '#04ed00', 'stroke'), ('simbolo-q4', '#04ed00', 'stroke')];This automaton has 4 states;[('simbolo-q0', '#04ed00', 'stroke'), ('simbolo-q1', '#04ed00', 'stroke'), ('simbolo-q2', '#04ed00', 'stroke'), ('simbolo-q4', '#04ed00', 'stroke')];True;True
27;Give me a list of the arcs ;A list of the arcs, give me;there is no transition between q0 and q0.;[];there is no transition between q0 and q0.;[];True;True
27;Give me a list of the arcs ;Give me a list of the arcs;there is no transition between q0 and q0.;[];there is no transition between q0 and q0.;[];True;True
28;Is there an arc from q0 to q1 ;From q0 to q1, is there an arc;The transition between q0 and q1 is with value 1.;[('simbolo-q0-q1', '#04ed00', 'stroke')];The transition between q0 and q1 is with value 1.;[('simbolo-q0-q1', '#04ed00', 'stroke')];True;True
28;Is there an arc from q0 to q1 ;Is there an arc from q0 to q1;The transition between q0 and q1 is with value 1.;[('simbolo-q0-q1', '#04ed00', 'stroke')];The transition between q0 and q1 is with value 1.;[('simbolo-q0-q1', '#04ed00', 'stroke')];True;True
29;What is the shape of the arcs ;The shape of the arcs, what is;there is no transition between q0 and q0.;[];there is no transition between q0 and q0.;[];True;True
29;What is the shape of the arcs ;What is the shape of the arcs;there is no transition between q0 and q0.;[];The automaton has 4 states: q0, q1, q2 e q4.;[('simbolo-q0', '#04ed00', 'stroke'), ('simbolo-q1', '#04ed00', 'stroke'), ('simbolo-q2', '#04ed00', 'stroke'), ('simbolo-q4', '#04ed00', 'stroke')];False;False
30;Is there an arc from q0 to q2 q3 or q4 ;From q0 to q2 q3 or q4, is there an arc;there is no transition between q0 and q2.;[];there is no transition between q0 and q2.;[];True;True
30;Is there an arc from q0 to q2 q3 or q4 ;Is there an arc from q0 to q2 q3 or q4;there is no transition between q0 and q2.;[];there is no transition between q0 and q2.;[];True;True
31;Which are the transitions from q1 ;From q1, which are the transitions;there is no transition between q0 and q0.;[];there is no transition between q0 and q0.;[];True;True
31;Which are the transitions from q1 ;Which are the transitions from q1;there is no transition between q0 and q0.;[];the transition is not defined.;[];False;True
32;Which are the transitions from q2 ;From q2, which are the transitions;there is no transition between q0 and q0.;[];there is no transition between q0 and q0.;[];True;True
32;Which are the transitions from q2 ;Which are the transitions from q2;there is no transition between q0 and q0.;[];the transition is not defined.;[];False;True
33;Which are the transitions from q3 ;From q3, which are the transitions;the transition is not defined.;[];there is no transition between q0 and q0.;[];False;True
33;Which are the transitions from q3 ;Which are the transitions from q3;the transition is not defined.;[];there is no transition between q0 and q0.;[];False;True
34;Which are the transitions from q4 ;From q4, which are the transitions;the transition is not defined.;[];there is no transition between q0 and q0.;[];False;True
34;Which are the transitions from q4 ;Which are the transitions from q4;the transition is not defined.;[];the transition is not defined.;[];True;True
35;What is the purpose of the automaton ;The purpose of the automaton, what is;The automaton accepts zero or more words formed by a sequence of the type 110. In total there are 4 states: q0, q1, q2 e q4. q0 is both the initial and the final state.Le transizioni sono: q0 with value 1 goes goes q1, q1 with value 1 goes goes q2, q4 with value 0 goes to q0.;[];The automaton accepts zero or more words formed by a sequence of the type 110. In total there are 4 states: q0, q1, q2 e q4. q0 is both the initial and the final state.Le transizioni sono: q0 with value 1 goes goes q1, q1 with value 1 goes goes q2, q4 with value 0 goes to q0.;[];True;True
35;What is the purpose of the automaton ;What is the purpose of the automaton;The automaton accepts zero or more words formed by a sequence of the type 110. In total there are 4 states: q0, q1, q2 e q4. q0 is both the initial and the final state.Le transizioni sono: q0 with value 1 goes goes q1, q1 with value 1 goes goes q2, q4 with value 0 goes to q0.;[];The automaton accepts zero or more words formed by a sequence of the type 110. In total there are 4 states: q0, q1, q2 e q4. q0 is both the initial and the final state.Le transizioni sono: q0 with value 1 goes goes q1, q1 with value 1 goes goes q2, q4 with value 0 goes to q0.;[];True;True
36;What happens when a 0 comes to state q1 ;When a 0 comes to state q1, what happens;The transition between q1 and q2 is with value 1.;[('simbolo-q1-q2', '#04ed00', 'stroke')];the transition is not defined.;[];False;False
36;What happens when a 0 comes to state q1 ;What happens when a 0 comes to state q1;The transition between q1 and q2 is with value 1.;[('simbolo-q1-q2', '#04ed00', 'stroke')];The transition between q1 and q2 is with value 1.;[('simbolo-q1-q2', '#04ed00', 'stroke')];True;True
37;How many states do you have ;States, how many do you have;This automaton has 4 states;[('simbolo-q0', '#04ed00', 'stroke'), ('simbolo-q1', '#04ed00', 'stroke'), ('simbolo-q2', '#04ed00', 'stroke'), ('simbolo-q4', '#04ed00', 'stroke')];This automaton has 4 states;[('simbolo-q0', '#04ed00', 'stroke'), ('simbolo-q1', '#04ed00', 'stroke'), ('simbolo-q2', '#04ed00', 'stroke'), ('simbolo-q4', '#04ed00', 'stroke')];True;True
37;How many states do you have ;How many states do you have;This automaton has 4 states;[('simbolo-q0', '#04ed00', 'stroke'), ('simbolo-q1', '#04ed00', 'stroke'), ('simbolo-q2', '#04ed00', 'stroke'), ('simbolo-q4', '#04ed00', 'stroke')];This automaton has 4 states;[('simbolo-q0', '#04ed00', 'stroke'), ('simbolo-q1', '#04ed00', 'stroke'), ('simbolo-q2', '#04ed00', 'stroke'), ('simbolo-q4', '#04ed00', 'stroke')];True;True
38;how are your states linked together ;Your states, how are they linked together;there is no transition between q0 and q0.;[];there is no transition between q0 and q0.;[];True;True
38;how are your states linked together ;How are your states linked together;there is no transition between q0 and q0.;[];there is no transition between q0 and q0.;[];True;True
39;is q0 linked to q0 ;To q0, is q0 linked;there is no transition between q0 and q0.;[];there is no transition between q0 and q0.;[];True;True
39;is q0 linked to q0 ;Is q0 linked to q0;there is no transition between q0 and q0.;[];there is no transition between q0 and q0.;[];True;True
40;is q1 linked to q4 ;To q4, is q1 linked;there is no transition between q1 and q4.;[];there is no transition between q4 and q1.;[];False;True
40;is q1 linked to q4 ;Is q1 linked to q4;there is no transition between q1 and q4.;[];there is no transition between q1 and q4.;[];True;True
41;what are the transitions from q4 ;From q4, what are the transitions;the transition is not defined.;[];there is no transition between q0 and q0.;[];False;True
41;what are the transitions from q4 ;What are the transitions from q4;the transition is not defined.;[];the transition is not defined.;[];True;True
42;what are the links of q4 ;The links of q4, what are;the transition is not defined.;[];the transition is not defined.;[];True;True
42;what are the links of q4 ;What are the links of q4;the transition is not defined.;[];there is no transition between q0 and q0.;[];False;True
43;what are the transitions from q4 ;From q4, what are the transitions;the transition is not defined.;[];there is no transition between q0 and q0.;[];False;True
43;what are the transitions from q4 ;What are the transitions from q4;the transition is not defined.;[];the transition is not defined.;[];True;True
44;is q4 linked to q0 ;To q0, is q4 linked;The transition between q4 and q0 is with value 0.;[('simbolo-q4-q0', '#04ed00', 'stroke')];The transition between q4 and q0 is with value 0.;[('simbolo-q4-q0', '#04ed00', 'stroke')];True;True
44;is q4 linked to q0 ;Is q4 linked to q0;The transition between q4 and q0 is with value 0.;[('simbolo-q4-q0', '#04ed00', 'stroke')];The transition between q4 and q0 is with value 0.;[('simbolo-q4-q0', '#04ed00', 'stroke')];True;True
45;can you describe me the automaton ;The automaton, can you describe me;The automaton accepts zero or more words formed by a sequence of the type 110. In total there are 4 states: q0, q1, q2 e q4. q0 is both the initial and the final state.Le transizioni sono: q0 with value 1 goes goes q1, q1 with value 1 goes goes q2, q4 with value 0 goes to q0.;[];Potresti essere più specifico?;[];False;True
45;can you describe me the automaton ;Can you describe me the automaton;The automaton accepts zero or more words formed by a sequence of the type 110. In total there are 4 states: q0, q1, q2 e q4. q0 is both the initial and the final state.Le transizioni sono: q0 with value 1 goes goes q1, q1 with value 1 goes goes q2, q4 with value 0 goes to q0.;[];The automaton accepts zero or more words formed by a sequence of the type 110. In total there are 4 states: q0, q1, q2 e q4. q0 is both the initial and the final state.Le transizioni sono: q0 with value 1 goes goes q1, q1 with value 1 goes goes q2, q4 with value 0 goes to q0.;[];True;True
46;Could you briefly describe the automaton ;The automaton, could you briefly describe;The automaton accepts zero or more words formed by a sequence of the type 110. In total there are 4 states: q0, q1, q2 e q4. q0 is both the initial and the final state.Le transizioni sono: q0 with value 1 goes goes q1, q1 with value 1 goes goes q2, q4 with value 0 goes to q0.;[];The automaton accepts zero or more words formed by a sequence of the type 110. In total there are 4 states: q0, q1, q2 e q4. q0 is both the initial and the final state.Le transizioni sono: q0 with value 1 goes goes q1, q1 with value 1 goes goes q2, q4 with value 0 goes to q0.;[];True;True
46;Could you briefly describe the automaton ;Could you briefly describe the automaton;The automaton accepts zero or more words formed by a sequence of the type 110. In total there are 4 states: q0, q1, q2 e q4. q0 is both the initial and the final state.Le transizioni sono: q0 with value 1 goes goes q1, q1 with value 1 goes goes q2, q4 with value 0 goes to q0.;[];The automaton accepts zero or more words formed by a sequence of the type 110. In total there are 4 states: q0, q1, q2 e q4. q0 is both the initial and the final state.Le transizioni sono: q0 with value 1 goes goes q1, q1 with value 1 goes goes q2, q4 with value 0 goes to q0.;[];True;True
47;How many states are there ;How many states are there;This automaton has 4 states;[('simbolo-q0', '#04ed00', 'stroke'), ('simbolo-q1', '#04ed00', 'stroke'), ('simbolo-q2', '#04ed00', 'stroke'), ('simbolo-q4', '#04ed00', 'stroke')];This automaton has 4 states;[('simbolo-q0', '#04ed00', 'stroke'), ('simbolo-q1', '#04ed00', 'stroke'), ('simbolo-q2', '#04ed00', 'stroke'), ('simbolo-q4', '#04ed00', 'stroke')];True;True
47;How many states are there ;There are how many states;This automaton has 4 states;[('simbolo-q0', '#04ed00', 'stroke'), ('simbolo-q1', '#04ed00', 'stroke'), ('simbolo-q2', '#04ed00', 'stroke'), ('simbolo-q4', '#04ed00', 'stroke')];This automaton has 4 states;[('simbolo-q0', '#04ed00', 'stroke'), ('simbolo-q1', '#04ed00', 'stroke'), ('simbolo-q2', '#04ed00', 'stroke'), ('simbolo-q4', '#04ed00', 'stroke')];True;True
48;Is there an arc from q0 to q1 ;From q0 to q1, is there an arc;The transition between q0 and q1 is with value 1.;[('simbolo-q0-q1', '#04ed00', 'stroke')];The transition between q0 and q1 is with value 1.;[('simbolo-q0-q1', '#04ed00', 'stroke')];True;True
48;Is there an arc from q0 to q1 ;Is there an arc from q0 to q1;The transition between q0 and q1 is with value 1.;[('simbolo-q0-q1', '#04ed00', 'stroke')];The transition between q0 and q1 is with value 1.;[('simbolo-q0-q1', '#04ed00', 'stroke')];True;True
49;Is there an arc from q1 to q2 ;From q1 to q2, is there an arc;The transition between q1 and q2 is with value 1.;[('simbolo-q1-q2', '#04ed00', 'stroke')];The transition between q1 and q2 is with value 1.;[('simbolo-q1-q2', '#04ed00', 'stroke')];True;True
49;Is there an arc from q1 to q2 ;Is there an arc from q1 to q2;The transition between q1 and q2 is with value 1.;[('simbolo-q1-q2', '#04ed00', 'stroke')];The transition between q1 and q2 is with value 1.;[('simbolo-q1-q2', '#04ed00', 'stroke')];True;True
50;What are the states connected to q0 ;Connected to q0, what are the states;The state q0 exists.;[('simbolo-q0', '#04ed00', 'stroke')];The state q0 exists.;[('simbolo-q0', '#04ed00', 'stroke')];True;True
50;What are the states connected to q0 ;What are the states connected to q0;The state q0 exists.;[('simbolo-q0', '#04ed00', 'stroke')];The automaton has 4 states: q0, q1, q2 e q4.;[('simbolo-q0', '#04ed00', 'stroke'), ('simbolo-q1', '#04ed00', 'stroke'), ('simbolo-q2', '#04ed00', 'stroke'), ('simbolo-q4', '#04ed00', 'stroke')];False;False
51;Is there an arc from q2 to q3 ;From q2 to q3, is there an arc;The transition between q2 and q3 is with value 0.;[('simbolo-q2-q3', '#04ed00', 'stroke')];there is no transition between q0 and q0.;[];False;False
51;Is there an arc from q2 to q3 ;Is there an arc from q2 to q3;The transition between q2 and q3 is with value 0.;[('simbolo-q2-q3', '#04ed00', 'stroke')];The transition between q2 and q3 is with value 0.;[('simbolo-q2-q3', '#04ed00', 'stroke')];True;True
52;Is there an arc from q3 to q4 ;From q3 to q4, is there an arc;The transition between q3 and q4 is with value 0.;[('simbolo-q3-q4', '#04ed00', 'stroke')];The transition between q3 and q4 is with value 0.;[('simbolo-q3-q4', '#04ed00', 'stroke')];True;True
52;Is there an arc from q3 to q4 ;Is there an arc from q3 to q4;The transition between q3 and q4 is with value 0.;[('simbolo-q3-q4', '#04ed00', 'stroke')];The transition between q3 and q4 is with value 0.;[('simbolo-q3-q4', '#04ed00', 'stroke')];True;True
53;Is there an arc from q4 to q0 ;From q4 to q0, is there an arc;The transition between q4 and q0 is with value 0.;[('simbolo-q4-q0', '#04ed00', 'stroke')];The transition between q4 and q0 is with value 0.;[('simbolo-q4-q0', '#04ed00', 'stroke')];True;True
53;Is there an arc from q4 to q0 ;Is there an arc from q4 to q0;The transition between q4 and q0 is with value 0.;[('simbolo-q4-q0', '#04ed00', 'stroke')];The transition between q4 and q0 is with value 0.;[('simbolo-q4-q0', '#04ed00', 'stroke')];True;True
54;Is there an arc from q4 ;From q4, is there an arc;the transition is not defined.;[];the transition is not defined.;[];True;True
54;Is there an arc from q4 ;Is there an arc from q4;the transition is not defined.;[];the transition is not defined.;[];True;True
55;Is there an arc from q0 ;From q0, is there an arc;the transition is not defined.;[];the transition is not defined.;[];True;True
55;Is there an arc from q0 ;Is there an arc from q0;the transition is not defined.;[];the transition is not defined.;[];True;True
56;Is there an arc from q1 ;From q1, is there an arc;the transition is not defined.;[];the transition is not defined.;[];True;True
56;Is there an arc from q1 ;Is there an arc from q1;the transition is not defined.;[];the transition is not defined.;[];True;True
57;Is there an arc from q2 ;From q2, is there an arc;the transition is not defined.;[];the transition is not defined.;[];True;True
57;Is there an arc from q2 ;Is there an arc from q2;the transition is not defined.;[];the transition is not defined.;[];True;True
58;Is there an arc from q3 ;From q3, is there an arc;the transition is not defined.;[];the transition is not defined.;[];True;True
58;Is there an arc from q3 ;Is there an arc from q3;the transition is not defined.;[];the transition is not defined.;[];True;True
59;How many states does the automaton have ;The automaton, how many states does it have;This automaton has 4 states;[('simbolo-q0', '#04ed00', 'stroke'), ('simbolo-q1', '#04ed00', 'stroke'), ('simbolo-q2', '#04ed00', 'stroke'), ('simbolo-q4', '#04ed00', 'stroke')];This automaton has 4 states;[('simbolo-q0', '#04ed00', 'stroke'), ('simbolo-q1', '#04ed00', 'stroke'), ('simbolo-q2', '#04ed00', 'stroke'), ('simbolo-q4', '#04ed00', 'stroke')];True;True
59;How many states does the automaton have ;How many states does the automaton have;This automaton has 4 states;[('simbolo-q0', '#04ed00', 'stroke'), ('simbolo-q1', '#04ed00', 'stroke'), ('simbolo-q2', '#04ed00', 'stroke'), ('simbolo-q4', '#04ed00', 'stroke')];This automaton has 4 states;[('simbolo-q0', '#04ed00', 'stroke'), ('simbolo-q1', '#04ed00', 'stroke'), ('simbolo-q2', '#04ed00', 'stroke'), ('simbolo-q4', '#04ed00', 'stroke')];True;True
60;Are there any loops ;Loops, are there any;Potresti essere più specifico?;[];Potresti essere più specifico?;[];True;True
60;Are there any loops ;Are there any loops;Potresti essere più specifico?;[];Potresti essere più specifico?;[];True;True
61;What transitions enter and exit q0 ;Enter and exit q0, what transitions;the transition is not defined.;[];the transition is not defined.;[];True;True
61;What transitions enter and exit q0 ;What transitions enter and exit q0;the transition is not defined.;[];the transition is not defined.;[];True;True
62;What transitions enter and exit q1 ;Enter and exit q1, what transitions;the transition is not defined.;[];there is no transition between q0 and q0.;[];False;True
62;What transitions enter and exit q1 ;What transitions enter and exit q1;the transition is not defined.;[];the transition is not defined.;[];True;True
63;What transitions enter and exit q2 ;Enter and exit q2, what transitions;the transition is not defined.;[];there is no transition between q0 and q0.;[];False;True
63;What transitions enter and exit q2 ;What transitions enter and exit q2;the transition is not defined.;[];the transition is not defined.;[];True;True
64;What transitions enter and exit q4 ;Enter and exit q4, what transitions;the transition is not defined.;[];the transition is not defined.;[];True;True
64;What transitions enter and exit q4 ;What transitions enter and exit q4;the transition is not defined.;[];the transition is not defined.;[];True;True
65;What transitions enter and exit q3 ;Enter and exit q3, what transitions;the transition is not defined.;[];there is no transition between q0 and q0.;[];False;True
65;What transitions enter and exit q3 ;What transitions enter and exit q3;the transition is not defined.;[];the transition is not defined.;[];True;True
66;What does the automaton recognize ;The automaton, what does it recognize;Potresti essere più specifico?;[];Potresti essere più specifico?;[];True;True
66;What does the automaton recognize ;What does the automaton recognize;Potresti essere più specifico?;[];Potresti essere più specifico?;[];True;True
67;What is the accepted language ;The accepted language, what is;Potresti essere più specifico?;[];Potresti essere più specifico?;[];True;True
67;What is the accepted language ;What is the accepted language;Potresti essere più specifico?;[];Potresti essere più specifico?;[];True;True
68;How many states are there ;How many states are there;This automaton has 4 states;[('simbolo-q0', '#04ed00', 'stroke'), ('simbolo-q1', '#04ed00', 'stroke'), ('simbolo-q2', '#04ed00', 'stroke'), ('simbolo-q4', '#04ed00', 'stroke')];This automaton has 4 states;[('simbolo-q0', '#04ed00', 'stroke'), ('simbolo-q1', '#04ed00', 'stroke'), ('simbolo-q2', '#04ed00', 'stroke'), ('simbolo-q4', '#04ed00', 'stroke')];True;True
68;How many states are there ;There are how many states;This automaton has 4 states;[('simbolo-q0', '#04ed00', 'stroke'), ('simbolo-q1', '#04ed00', 'stroke'), ('simbolo-q2', '#04ed00', 'stroke'), ('simbolo-q4', '#04ed00', 'stroke')];This automaton has 4 states;[('simbolo-q0', '#04ed00', 'stroke'), ('simbolo-q1', '#04ed00', 'stroke'), ('simbolo-q2', '#04ed00', 'stroke'), ('simbolo-q4', '#04ed00', 'stroke')];True;True
69;How many transitions are there ;How many transitions are there;The automaton has 3 transitions: q0 con valore 1 va in q1, q1 con valore 1 va in q2, q4 con valore 0 va in q0.;[('simbolo-q0-q1', '#04ed00', 'stroke'), ('simbolo-q1-q2', '#04ed00', 'stroke'), ('simbolo-q4-q0', '#04ed00', 'stroke')];The automaton has 3 transitions: q0 con valore 1 va in q1, q1 con valore 1 va in q2, q4 con valore 0 va in q0.;[('simbolo-q0-q1', '#04ed00', 'stroke'), ('simbolo-q1-q2', '#04ed00', 'stroke'), ('simbolo-q4-q0', '#04ed00', 'stroke')];True;True
69;How many transitions are there ;There are how many transitions;The automaton has 3 transitions: q0 con valore 1 va in q1, q1 con valore 1 va in q2, q4 con valore 0 va in q0.;[('simbolo-q0-q1', '#04ed00', 'stroke'), ('simbolo-q1-q2', '#04ed00', 'stroke'), ('simbolo-q4-q0', '#04ed00', 'stroke')];The automaton has 3 transitions: q0 con valore 1 va in q1, q1 con valore 1 va in q2, q4 con valore 0 va in q0.;[('simbolo-q0-q1', '#04ed00', 'stroke'), ('simbolo-q1-q2', '#04ed00', 'stroke'), ('simbolo-q4-q0', '#04ed00', 'stroke')];True;True
70;Is there a particular pattern ;A particular pattern, is there;Potresti essere più specifico?;[];Potresti essere più specifico?;[];True;True
70;Is there a particular pattern ;Is there a particular pattern;Potresti essere più specifico?;[];Potresti essere più specifico?;[];True;True
71;How many nodes are there ;How many nodes are there;Potresti essere più specifico?;[];This automaton has 4 states;[('simbolo-q0', '#04ed00', 'stroke'), ('simbolo-q1', '#04ed00', 'stroke'), ('simbolo-q2', '#04ed00', 'stroke'), ('simbolo-q4', '#04ed00', 'stroke')];False;False
71;How many nodes are there ;There are how many nodes;Potresti essere più specifico?;[];This automaton has 4 states;[('simbolo-q0', '#04ed00', 'stroke'), ('simbolo-q1', '#04ed00', 'stroke'), ('simbolo-q2', '#04ed00', 'stroke'), ('simbolo-q4', '#04ed00', 'stroke')];False;False
72;Which is the initial state ;The initial state, which is;The initial state is q0.;[('simbolo-q0', '#04ed00', 'stroke')];The initial state is q0.;[('simbolo-q0', '#04ed00', 'stroke')];True;True
72;Which is the initial state ;Which is the initial state;The initial state is q0.;[('simbolo-q0', '#04ed00', 'stroke')];The initial state is q0.;[('simbolo-q0', '#04ed00', 'stroke')];True;True
73;How many states ;How many states;This automaton has 4 states;[('simbolo-q0', '#04ed00', 'stroke'), ('simbolo-q1', '#04ed00', 'stroke'), ('simbolo-q2', '#04ed00', 'stroke'), ('simbolo-q4', '#04ed00', 'stroke')];This automaton has 4 states;[('simbolo-q0', '#04ed00', 'stroke'), ('simbolo-q1', '#04ed00', 'stroke'), ('simbolo-q2', '#04ed00', 'stroke'), ('simbolo-q4', '#04ed00', 'stroke')];True;True
73;How many states ;States, how many;This automaton has 4 states;[('simbolo-q0', '#04ed00', 'stroke'), ('simbolo-q1', '#04ed00', 'stroke'), ('simbolo-q2', '#04ed00', 'stroke'), ('simbolo-q4', '#04ed00', 'stroke')];This automaton has 4 states;[('simbolo-q0', '#04ed00', 'stroke'), ('simbolo-q1', '#04ed00', 'stroke'), ('simbolo-q2', '#04ed00', 'stroke'), ('simbolo-q4', '#04ed00', 'stroke')];True;True
74;Please describe the automaton ;The automaton, please describe;The automaton accepts zero or more words formed by a sequence of the type 110. In total there are 4 states: q0, q1, q2 e q4. q0 is both the initial and the final state.Le transizioni sono: q0 with value 1 goes goes q1, q1 with value 1 goes goes q2, q4 with value 0 goes to q0.;[];The automaton accepts zero or more words formed by a sequence of the type 110. In total there are 4 states: q0, q1, q2 e q4. q0 is both the initial and the final state.Le transizioni sono: q0 with value 1 goes goes q1, q1 with value 1 goes goes q2, q4 with value 0 goes to q0.;[];True;True
74;Please describe the automaton ;Please describe the automaton;The automaton accepts zero or more words formed by a sequence of the type 110. In total there are 4 states: q0, q1, q2 e q4. q0 is both the initial and the final state.Le transizioni sono: q0 with value 1 goes goes q1, q1 with value 1 goes goes q2, q4 with value 0 goes to q0.;[];The automaton accepts zero or more words formed by a sequence of the type 110. In total there are 4 states: q0, q1, q2 e q4. q0 is both the initial and the final state.Le transizioni sono: q0 with value 1 goes goes q1, q1 with value 1 goes goes q2, q4 with value 0 goes to q0.;[];True;True
75;Can you provide a representation of the automaton ;A representation of the automaton, can you provide;The automaton accepts zero or more words formed by a sequence of the type 110. In total there are 4 states: q0, q1, q2 e q4. q0 is both the initial and the final state.Le transizioni sono: q0 with value 1 goes goes q1, q1 with value 1 goes goes q2, q4 with value 0 goes to q0.;[];The automaton accepts zero or more words formed by a sequence of the type 110. In total there are 4 states: q0, q1, q2 e q4. q0 is both the initial and the final state.Le transizioni sono: q0 with value 1 goes goes q1, q1 with value 1 goes goes q2, q4 with value 0 goes to q0.;[];True;True
75;Can you provide a representation of the automaton ;Can you provide a representation of the automaton;The automaton accepts zero or more words formed by a sequence of the type 110. In total there are 4 states: q0, q1, q2 e q4. q0 is both the initial and the final state.Le transizioni sono: q0 with value 1 goes goes q1, q1 with value 1 goes goes q2, q4 with value 0 goes to q0.;[];The automaton accepts zero or more words formed by a sequence of the type 110. In total there are 4 states: q0, q1, q2 e q4. q0 is both the initial and the final state.Le transizioni sono: q0 with value 1 goes goes q1, q1 with value 1 goes goes q2, q4 with value 0 goes to q0.;[];True;True
76;Describe graphically automaton ;Graphically automaton, describe;The automaton accepts zero or more words formed by a sequence of the type 110. In total there are 4 states: q0, q1, q2 e q4. q0 is both the initial and the final state.Le transizioni sono: q0 with value 1 goes goes q1, q1 with value 1 goes goes q2, q4 with value 0 goes to q0.;[];The automaton accepts zero or more words formed by a sequence of the type 110. In total there are 4 states: q0, q1, q2 e q4. q0 is both the initial and the final state.Le transizioni sono: q0 with value 1 goes goes q1, q1 with value 1 goes goes q2, q4 with value 0 goes to q0.;[];True;True
76;Describe graphically automaton ;Describe graphically automaton;The automaton accepts zero or more words formed by a sequence of the type 110. In total there are 4 states: q0, q1, q2 e q4. q0 is both the initial and the final state.Le transizioni sono: q0 with value 1 goes goes q1, q1 with value 1 goes goes q2, q4 with value 0 goes to q0.;[];The automaton accepts zero or more words formed by a sequence of the type 110. In total there are 4 states: q0, q1, q2 e q4. q0 is both the initial and the final state.Le transizioni sono: q0 with value 1 goes goes q1, q1 with value 1 goes goes q2, q4 with value 0 goes to q0.;[];True;True
77;Give me some examples of inputs and output ;Some examples of inputs and output, give me;Potresti essere più specifico?;[];Potresti essere più specifico?;[];True;True
77;Give me some examples of inputs and output ;Give me some examples of inputs and output;Potresti essere più specifico?;[];Potresti essere più specifico?;[];True;True
78;Can you provide me some examples of inputs ;Some examples of inputs, can you provide me;Potresti essere più specifico?;[];Potresti essere più specifico?;[];True;True
78;Can you provide me some examples of inputs ;Can you provide me some examples of inputs;Potresti essere più specifico?;[];Potresti essere più specifico?;[];True;True
79;Which is the initial state ;The initial state, which is;The initial state is q0.;[('simbolo-q0', '#04ed00', 'stroke')];The initial state is q0.;[('simbolo-q0', '#04ed00', 'stroke')];True;True
79;Which is the initial state ;Which is the initial state;The initial state is q0.;[('simbolo-q0', '#04ed00', 'stroke')];The initial state is q0.;[('simbolo-q0', '#04ed00', 'stroke')];True;True
80;Can you describe the input and the output ;The input and the output, can you describe;Potresti essere più specifico?;[];Potresti essere più specifico?;[];True;True
80;Can you describe the input and the output ;Can you describe the input and the output;Potresti essere più specifico?;[];Potresti essere più specifico?;[];True;True
81;Can you describe the transition function ;The transition function, can you describe;The automaton has 3 transitions: q0 con valore 1 va in q1, q1 con valore 1 va in q2, q4 con valore 0 va in q0.;[('simbolo-q0-q1', '#04ed00', 'stroke'), ('simbolo-q1-q2', '#04ed00', 'stroke'), ('simbolo-q4-q0', '#04ed00', 'stroke')];there is no transition between q0 and q0.;[];False;False
81;Can you describe the transition function ;Can you describe the transition function;The automaton has 3 transitions: q0 con valore 1 va in q1, q1 con valore 1 va in q2, q4 con valore 0 va in q0.;[('simbolo-q0-q1', '#04ed00', 'stroke'), ('simbolo-q1-q2', '#04ed00', 'stroke'), ('simbolo-q4-q0', '#04ed00', 'stroke')];there is no transition between q0 and q0.;[];False;False
82;What is the output ;The output, what is;Potresti essere più specifico?;[];Potresti essere più specifico?;[];True;True
82;What is the output ;What is the output;Potresti essere più specifico?;[];Potresti essere più specifico?;[];True;True
83;Talk me about transitions ;About transitions, talk me;there is no transition between q0 and q0.;[];The automaton has 3 transitions: q0 con valore 1 va in q1, q1 con valore 1 va in q2, q4 con valore 0 va in q0.;[('simbolo-q0-q1', '#04ed00', 'stroke'), ('simbolo-q1-q2', '#04ed00', 'stroke'), ('simbolo-q4-q0', '#04ed00', 'stroke')];False;False
83;Talk me about transitions ;Talk me about transitions;there is no transition between q0 and q0.;[];there is no transition between q0 and q0.;[];True;True
84;What is the accepted language ;The accepted language, what is;Potresti essere più specifico?;[];Potresti essere più specifico?;[];True;True
84;What is the accepted language ;What is the accepted language;Potresti essere più specifico?;[];Potresti essere più specifico?;[];True;True
85;What is the result ;The result, what is;Potresti essere più specifico?;[];Potresti essere più specifico?;[];True;True
85;What is the result ;What is the result;Potresti essere più specifico?;[];Potresti essere più specifico?;[];True;True
86;Output ;Output;Potresti essere più specifico?;[];Potresti essere più specifico?;[];True;True
86;Output ;Output;Potresti essere più specifico?;[];Potresti essere più specifico?;[];True;True
87;Which is the initial state ;The initial state, which is;The initial state is q0.;[('simbolo-q0', '#04ed00', 'stroke')];The initial state is q0.;[('simbolo-q0', '#04ed00', 'stroke')];True;True
87;Which is the initial state ;Which is the initial state;The initial state is q0.;[('simbolo-q0', '#04ed00', 'stroke')];The initial state is q0.;[('simbolo-q0', '#04ed00', 'stroke')];True;True
88;what is optimization ;Optimization, what is;Potresti essere più specifico?;[];Potresti essere più specifico?;[];True;True
88;what is optimization ;What is optimization;Potresti essere più specifico?;[];Potresti essere più specifico?;[];True;True
89;what is automation ;Automation, what is;The automaton accepts zero or more words formed by a sequence of the type 110. In total there are 4 states: q0, q1, q2 e q4. q0 is both the initial and the final state.Le transizioni sono: q0 with value 1 goes goes q1, q1 with value 1 goes goes q2, q4 with value 0 goes to q0.;[];The automaton accepts zero or more words formed by a sequence of the type 110. In total there are 4 states: q0, q1, q2 e q4. q0 is both the initial and the final state.Le transizioni sono: q0 with value 1 goes goes q1, q1 with value 1 goes goes q2, q4 with value 0 goes to q0.;[];True;True
89;what is automation ;What is automation;The automaton accepts zero or more words formed by a sequence of the type 110. In total there are 4 states: q0, q1, q2 e q4. q0 is both the initial and the final state.Le transizioni sono: q0 with value 1 goes goes q1, q1 with value 1 goes goes q2, q4 with value 0 goes to q0.;[];The automaton accepts zero or more words formed by a sequence of the type 110. In total there are 4 states: q0, q1, q2 e q4. q0 is both the initial and the final state.Le transizioni sono: q0 with value 1 goes goes q1, q1 with value 1 goes goes q2, q4 with value 0 goes to q0.;[];True;True
90;how many states ;States, how many;This automaton has 4 states;[('simbolo-q0', '#04ed00', 'stroke'), ('simbolo-q1', '#04ed00', 'stroke'), ('simbolo-q2', '#04ed00', 'stroke'), ('simbolo-q4', '#04ed00', 'stroke')];This automaton has 4 states;[('simbolo-q0', '#04ed00', 'stroke'), ('simbolo-q1', '#04ed00', 'stroke'), ('simbolo-q2', '#04ed00', 'stroke'), ('simbolo-q4', '#04ed00', 'stroke')];True;True
90;how many states ;How many states;This automaton has 4 states;[('simbolo-q0', '#04ed00', 'stroke'), ('simbolo-q1', '#04ed00', 'stroke'), ('simbolo-q2', '#04ed00', 'stroke'), ('simbolo-q4', '#04ed00', 'stroke')];This automaton has 4 states;[('simbolo-q0', '#04ed00', 'stroke'), ('simbolo-q1', '#04ed00', 'stroke'), ('simbolo-q2', '#04ed00', 'stroke'), ('simbolo-q4', '#04ed00', 'stroke')];True;True
91;what are the input symbols ;The input symbols, what are;Potresti essere più specifico?;[];Potresti essere più specifico?;[];True;True
91;what are the input symbols ;What are the input symbols;Potresti essere più specifico?;[];Potresti essere più specifico?;[];True;True
92;can you describe the automaton ;The automaton, can you describe;The automaton accepts zero or more words formed by a sequence of the type 110. In total there are 4 states: q0, q1, q2 e q4. q0 is both the initial and the final state.Le transizioni sono: q0 with value 1 goes goes q1, q1 with value 1 goes goes q2, q4 with value 0 goes to q0.;[];Potresti essere più specifico?;[];False;True
92;can you describe the automaton ;Can you describe the automaton;The automaton accepts zero or more words formed by a sequence of the type 110. In total there are 4 states: q0, q1, q2 e q4. q0 is both the initial and the final state.Le transizioni sono: q0 with value 1 goes goes q1, q1 with value 1 goes goes q2, q4 with value 0 goes to q0.;[];The automaton accepts zero or more words formed by a sequence of the type 110. In total there are 4 states: q0, q1, q2 e q4. q0 is both the initial and the final state.Le transizioni sono: q0 with value 1 goes goes q1, q1 with value 1 goes goes q2, q4 with value 0 goes to q0.;[];True;True
93;How is the automaton represented ;The automaton, how is it represented;The automaton accepts zero or more words formed by a sequence of the type 110. In total there are 4 states: q0, q1, q2 e q4. q0 is both the initial and the final state.Le transizioni sono: q0 with value 1 goes goes q1, q1 with value 1 goes goes q2, q4 with value 0 goes to q0.;[];The automaton accepts zero or more words formed by a sequence of the type 110. In total there are 4 states: q0, q1, q2 e q4. q0 is both the initial and the final state.Le transizioni sono: q0 with value 1 goes goes q1, q1 with value 1 goes goes q2, q4 with value 0 goes to q0.;[];True;True
93;How is the automaton represented ;How is the automaton represented;The automaton accepts zero or more words formed by a sequence of the type 110. In total there are 4 states: q0, q1, q2 e q4. q0 is both the initial and the final state.Le transizioni sono: q0 with value 1 goes goes q1, q1 with value 1 goes goes q2, q4 with value 0 goes to q0.;[];The automaton accepts zero or more words formed by a sequence of the type 110. In total there are 4 states: q0, q1, q2 e q4. q0 is both the initial and the final state.Le transizioni sono: q0 with value 1 goes goes q1, q1 with value 1 goes goes q2, q4 with value 0 goes to q0.;[];True;True
94;How are transitions defined ;Transitions, how are they defined;The automaton has 3 transitions: q0 con valore 1 va in q1, q1 con valore 1 va in q2, q4 con valore 0 va in q0.;[('simbolo-q0-q1', '#04ed00', 'stroke'), ('simbolo-q1-q2', '#04ed00', 'stroke'), ('simbolo-q4-q0', '#04ed00', 'stroke')];there is no transition between q0 and q0.;[];False;False
94;How are transitions defined ;How are transitions defined;The automaton has 3 transitions: q0 con valore 1 va in q1, q1 con valore 1 va in q2, q4 con valore 0 va in q0.;[('simbolo-q0-q1', '#04ed00', 'stroke'), ('simbolo-q1-q2', '#04ed00', 'stroke'), ('simbolo-q4-q0', '#04ed00', 'stroke')];there is no transition between q0 and q0.;[];False;False
95;can you deescribe the transitions ;The transitions, can you describe;there is no transition between q0 and q0.;[];there is no transition between q0 and q0.;[];True;True
95;can you deescribe the transitions ;Can you describe the transitions;there is no transition between q0 and q0.;[];The automaton has 3 transitions: q0 con valore 1 va in q1, q1 con valore 1 va in q2, q4 con valore 0 va in q0.;[('simbolo-q0-q1', '#04ed00', 'stroke'), ('simbolo-q1-q2', '#04ed00', 'stroke'), ('simbolo-q4-q0', '#04ed00', 'stroke')];False;False
96;can you describe the transitions ;The transitions, can you describe;there is no transition between q0 and q0.;[];there is no transition between q0 and q0.;[];True;True
96;can you describe the transitions ;Can you describe the transitions;there is no transition between q0 and q0.;[];there is no transition between q0 and q0.;[];True;True
97;if the input is 11100 which is the result ;If the input is 11100, which is the result;Potresti essere più specifico?;[];Potresti essere più specifico?;[];True;True
97;if the input is 11100 which is the result ;Which is the result if the input is 11100;Potresti essere più specifico?;[];The automaton has 3 transitions: q0 con valore 1 va in q1, q1 con valore 1 va in q2, q4 con valore 0 va in q0.;[('simbolo-q0-q1', '#04ed00', 'stroke'), ('simbolo-q1-q2', '#04ed00', 'stroke'), ('simbolo-q4-q0', '#04ed00', 'stroke')];False;False
98;if the input is 110 which is the result ;If the input is 110, which is the result;Potresti essere più specifico?;[];Potresti essere più specifico?;[];True;True
98;if the input is 110 which is the result ;Which is the result if the input is 110;Potresti essere più specifico?;[];The automaton has 4 states: q0, q1, q2 e q4.;[('simbolo-q0', '#04ed00', 'stroke'), ('simbolo-q1', '#04ed00', 'stroke'), ('simbolo-q2', '#04ed00', 'stroke'), ('simbolo-q4', '#04ed00', 'stroke')];False;False
99;Can you describe the automaton ;The automaton, can you describe;The automaton accepts zero or more words formed by a sequence of the type 110. In total there are 4 states: q0, q1, q2 e q4. q0 is both the initial and the final state.Le transizioni sono: q0 with value 1 goes goes q1, q1 with value 1 goes goes q2, q4 with value 0 goes to q0.;[];The automaton accepts zero or more words formed by a sequence of the type 110. In total there are 4 states: q0, q1, q2 e q4. q0 is both the initial and the final state.Le transizioni sono: q0 with value 1 goes goes q1, q1 with value 1 goes goes q2, q4 with value 0 goes to q0.;[];True;True
99;Can you describe the automaton ;Can you describe the automaton;The automaton accepts zero or more words formed by a sequence of the type 110. In total there are 4 states: q0, q1, q2 e q4. q0 is both the initial and the final state.Le transizioni sono: q0 with value 1 goes goes q1, q1 with value 1 goes goes q2, q4 with value 0 goes to q0.;[];The automaton accepts zero or more words formed by a sequence of the type 110. In total there are 4 states: q0, q1, q2 e q4. q0 is both the initial and the final state.Le transizioni sono: q0 with value 1 goes goes q1, q1 with value 1 goes goes q2, q4 with value 0 goes to q0.;[];True;True
100;What are the accepted inputs ;The accepted inputs, what are;Potresti essere più specifico?;[];Potresti essere più specifico?;[];True;True
100;What are the accepted inputs ;What are the accepted inputs;Potresti essere più specifico?;[];Potresti essere più specifico?;[];True;True
101;What is the accepted language ;The accepted language, what is;Potresti essere più specifico?;[];Potresti essere più specifico?;[];True;True
101;What is the accepted language ;What is the accepted language;Potresti essere più specifico?;[];Potresti essere più specifico?;[];True;True
102;Is 11100 part of the accepted language ;Part of the accepted language, is 11100;Potresti essere più specifico?;[];Potresti essere più specifico?;[];True;True
102;Is 11100 part of the accepted language ;Is 11100 part of the accepted language;Potresti essere più specifico?;[];Potresti essere più specifico?;[];True;True
103;How many transitions are there in the automaton ;In the automaton, how many transitions are there;The automaton has 3 transitions: q0 con valore 1 va in q1, q1 con valore 1 va in q2, q4 con valore 0 va in q0.;[('simbolo-q0-q1', '#04ed00', 'stroke'), ('simbolo-q1-q2', '#04ed00', 'stroke'), ('simbolo-q4-q0', '#04ed00', 'stroke')];The automaton has 3 transitions: q0 con valore 1 va in q1, q1 con valore 1 va in q2, q4 con valore 0 va in q0.;[('simbolo-q0-q1', '#04ed00', 'stroke'), ('simbolo-q1-q2', '#04ed00', 'stroke'), ('simbolo-q4-q0', '#04ed00', 'stroke')];True;True
103;How many transitions are there in the automaton ;How many transitions are there in the automaton;The automaton has 3 transitions: q0 con valore 1 va in q1, q1 con valore 1 va in q2, q4 con valore 0 va in q0.;[('simbolo-q0-q1', '#04ed00', 'stroke'), ('simbolo-q1-q2', '#04ed00', 'stroke'), ('simbolo-q4-q0', '#04ed00', 'stroke')];The automaton has 3 transitions: q0 con valore 1 va in q1, q1 con valore 1 va in q2, q4 con valore 0 va in q0.;[('simbolo-q0-q1', '#04ed00', 'stroke'), ('simbolo-q1-q2', '#04ed00', 'stroke'), ('simbolo-q4-q0', '#04ed00', 'stroke')];True;True
104;Is there a particular pattern among the arcs ;Among the arcs, is there a particular pattern;Potresti essere più specifico?;[];Potresti essere più specifico?;[];True;True
104;Is there a particular pattern among the arcs ;Is there a particular pattern among the arcs;Potresti essere più specifico?;[];Potresti essere più specifico?;[];True;True
105;Is there a transition from q0 to q5 ;From q0 to q5, is there a transition;the transition is not defined.;[];the transition is not defined.;[];True;True
105;Is there a transition from q0 to q5 ;Is there a transition from q0 to q5;the transition is not defined.;[];the transition is not defined.;[];True;True
106;what are all the transictions ;The transictions, what are all;there is no transition between q0 and q0.;[];there is no transition between q0 and q0.;[];True;True
106;what are all the transictions ;What are all the transictions;there is no transition between q0 and q0.;[];there is no transition between q0 and q0.;[];True;True
107;Please describe the transitions ;The transitions, please describe;there is no transition between q0 and q0.;[];there is no transition between q0 and q0.;[];True;True
107;Please describe the transitions ;Please describe the transitions;there is no transition between q0 and q0.;[];there is no transition between q0 and q0.;[];True;True
108;Is q0 the final state ;The final state, is q0;The final state is q0.;[('simbolo-q0', '#04ed00', 'stroke')];The final state is q0.;[('simbolo-q0', '#04ed00', 'stroke')];True;True
108;Is q0 the final state ;Is q0 the final state;The final state is q0.;[('simbolo-q0', '#04ed00', 'stroke')];The final state is q0.;[('simbolo-q0', '#04ed00', 'stroke')];True;True
109;How many states does Automaton 1 have ;Automaton 1, how many states does it have;This automaton has 4 states;[('simbolo-q0', '#04ed00', 'stroke'), ('simbolo-q1', '#04ed00', 'stroke'), ('simbolo-q2', '#04ed00', 'stroke'), ('simbolo-q4', '#04ed00', 'stroke')];This automaton has 4 states;[('simbolo-q0', '#04ed00', 'stroke'), ('simbolo-q1', '#04ed00', 'stroke'), ('simbolo-q2', '#04ed00', 'stroke'), ('simbolo-q4', '#04ed00', 'stroke')];True;True
109;How many states does Automaton 1 have ;How many states does Automaton 1 have;This automaton has 4 states;[('simbolo-q0', '#04ed00', 'stroke'), ('simbolo-q1', '#04ed00', 'stroke'), ('simbolo-q2', '#04ed00', 'stroke'), ('simbolo-q4', '#04ed00', 'stroke')];This automaton has 4 states;[('simbolo-q0', '#04ed00', 'stroke'), ('simbolo-q1', '#04ed00', 'stroke'), ('simbolo-q2', '#04ed00', 'stroke'), ('simbolo-q4', '#04ed00', 'stroke')];True;True
110;How many transitions does the automata have ;The automata, how many transitions does it have;The automaton has 3 transitions: q0 con valore 1 va in q1, q1 con valore 1 va in q2, q4 con valore 0 va in q0.;[('simbolo-q0-q1', '#04ed00', 'stroke'), ('simbolo-q1-q2', '#04ed00', 'stroke'), ('simbolo-q4-q0', '#04ed00', 'stroke')];The automaton has 3 transitions: q0 con valore 1 va in q1, q1 con valore 1 va in q2, q4 con valore 0 va in q0.;[('simbolo-q0-q1', '#04ed00', 'stroke'), ('simbolo-q1-q2', '#04ed00', 'stroke'), ('simbolo-q4-q0', '#04ed00', 'stroke')];True;True
110;How many transitions does the automata have ;How many transitions does the automata have;The automaton has 3 transitions: q0 con valore 1 va in q1, q1 con valore 1 va in q2, q4 con valore 0 va in q0.;[('simbolo-q0-q1', '#04ed00', 'stroke'), ('simbolo-q1-q2', '#04ed00', 'stroke'), ('simbolo-q4-q0', '#04ed00', 'stroke')];The automaton has 3 transitions: q0 con valore 1 va in q1, q1 con valore 1 va in q2, q4 con valore 0 va in q0.;[('simbolo-q0-q1', '#04ed00', 'stroke'), ('simbolo-q1-q2', '#04ed00', 'stroke'), ('simbolo-q4-q0', '#04ed00', 'stroke')];True;True
111;Show me the transitions of the automaton ;The transitions of the automaton, show me;there is no transition between q0 and q0.;[];there is no transition between q0 and q0.;[];True;True
111;Show me the transitions of the automaton ;Show me the transitions of the automaton;there is no transition between q0 and q0.;[];there is no transition between q0 and q0.;[];True;True
112;What transitions does the automaton have ;The automaton, what transitions does it have;there is no transition between q0 and q0.;[];there is no transition between q0 and q0.;[];True;True
112;What transitions does the automaton have ;What transitions does the automaton have;there is no transition between q0 and q0.;[];there is no transition between q0 and q0.;[];True;True
113;Describe the automaton ;The automaton, describe;The automaton accepts zero or more words formed by a sequence of the type 110. In total there are 4 states: q0, q1, q2 e q4. q0 is both the initial and the final state.Le transizioni sono: q0 with value 1 goes goes q1, q1 with value 1 goes goes q2, q4 with value 0 goes to q0.;[];The automaton accepts zero or more words formed by a sequence of the type 110. In total there are 4 states: q0, q1, q2 e q4. q0 is both the initial and the final state.Le transizioni sono: q0 with value 1 goes goes q1, q1 with value 1 goes goes q2, q4 with value 0 goes to q0.;[];True;True
113;Describe the automaton ;Describe the automaton;The automaton accepts zero or more words formed by a sequence of the type 110. In total there are 4 states: q0, q1, q2 e q4. q0 is both the initial and the final state.Le transizioni sono: q0 with value 1 goes goes q1, q1 with value 1 goes goes q2, q4 with value 0 goes to q0.;[];The automaton accepts zero or more words formed by a sequence of the type 110. In total there are 4 states: q0, q1, q2 e q4. q0 is both the initial and the final state.Le transizioni sono: q0 with value 1 goes goes q1, q1 with value 1 goes goes q2, q4 with value 0 goes to q0.;[];True;True
114;briefly describe the automaton ;The automaton, briefly describe;The automaton accepts zero or more words formed by a sequence of the type 110. In total there are 4 states: q0, q1, q2 e q4. q0 is both the initial and the final state.Le transizioni sono: q0 with value 1 goes goes q1, q1 with value 1 goes goes q2, q4 with value 0 goes to q0.;[];The automaton accepts zero or more words formed by a sequence of the type 110. In total there are 4 states: q0, q1, q2 e q4. q0 is both the initial and the final state.Le transizioni sono: q0 with value 1 goes goes q1, q1 with value 1 goes goes q2, q4 with value 0 goes to q0.;[];True;True
114;briefly describe the automaton ;Briefly describe the automaton;The automaton accepts zero or more words formed by a sequence of the type 110. In total there are 4 states: q0, q1, q2 e q4. q0 is both the initial and the final state.Le transizioni sono: q0 with value 1 goes goes q1, q1 with value 1 goes goes q2, q4 with value 0 goes to q0.;[];The automaton accepts zero or more words formed by a sequence of the type 110. In total there are 4 states: q0, q1, q2 e q4. q0 is both the initial and the final state.Le transizioni sono: q0 with value 1 goes goes q1, q1 with value 1 goes goes q2, q4 with value 0 goes to q0.;[];True;True
115;briefly describe the automaton ;The automaton, briefly describe;The automaton accepts zero or more words formed by a sequence of the type 110. In total there are 4 states: q0, q1, q2 e q4. q0 is both the initial and the final state.Le transizioni sono: q0 with value 1 goes goes q1, q1 with value 1 goes goes q2, q4 with value 0 goes to q0.;[];The automaton accepts zero or more words formed by a sequence of the type 110. In total there are 4 states: q0, q1, q2 e q4. q0 is both the initial and the final state.Le transizioni sono: q0 with value 1 goes goes q1, q1 with value 1 goes goes q2, q4 with value 0 goes to q0.;[];True;True
115;briefly describe the automaton ;Briefly describe the automaton;The automaton accepts zero or more words formed by a sequence of the type 110. In total there are 4 states: q0, q1, q2 e q4. q0 is both the initial and the final state.Le transizioni sono: q0 with value 1 goes goes q1, q1 with value 1 goes goes q2, q4 with value 0 goes to q0.;[];The automaton accepts zero or more words formed by a sequence of the type 110. In total there are 4 states: q0, q1, q2 e q4. q0 is both the initial and the final state.Le transizioni sono: q0 with value 1 goes goes q1, q1 with value 1 goes goes q2, q4 with value 0 goes to q0.;[];True;True
116;how many states are there ;States, how many are there;This automaton has 4 states;[('simbolo-q0', '#04ed00', 'stroke'), ('simbolo-q1', '#04ed00', 'stroke'), ('simbolo-q2', '#04ed00', 'stroke'), ('simbolo-q4', '#04ed00', 'stroke')];This automaton has 4 states;[('simbolo-q0', '#04ed00', 'stroke'), ('simbolo-q1', '#04ed00', 'stroke'), ('simbolo-q2', '#04ed00', 'stroke'), ('simbolo-q4', '#04ed00', 'stroke')];True;True
116;how many states are there ;How many states are there;This automaton has 4 states;[('simbolo-q0', '#04ed00', 'stroke'), ('simbolo-q1', '#04ed00', 'stroke'), ('simbolo-q2', '#04ed00', 'stroke'), ('simbolo-q4', '#04ed00', 'stroke')];This automaton has 4 states;[('simbolo-q0', '#04ed00', 'stroke'), ('simbolo-q1', '#04ed00', 'stroke'), ('simbolo-q2', '#04ed00', 'stroke'), ('simbolo-q4', '#04ed00', 'stroke')];True;True
117;how many arcs there are ;Arcs, how many there are;The automaton has 3 transitions: q0 con valore 1 va in q1, q1 con valore 1 va in q2, q4 con valore 0 va in q0.;[('simbolo-q0-q1', '#04ed00', 'stroke'), ('simbolo-q1-q2', '#04ed00', 'stroke'), ('simbolo-q4-q0', '#04ed00', 'stroke')];The automaton has 3 transitions: q0 con valore 1 va in q1, q1 con valore 1 va in q2, q4 con valore 0 va in q0.;[('simbolo-q0-q1', '#04ed00', 'stroke'), ('simbolo-q1-q2', '#04ed00', 'stroke'), ('simbolo-q4-q0', '#04ed00', 'stroke')];True;True
117;how many arcs there are ;How many arcs there are;The automaton has 3 transitions: q0 con valore 1 va in q1, q1 con valore 1 va in q2, q4 con valore 0 va in q0.;[('simbolo-q0-q1', '#04ed00', 'stroke'), ('simbolo-q1-q2', '#04ed00', 'stroke'), ('simbolo-q4-q0', '#04ed00', 'stroke')];The automaton has 3 transitions: q0 con valore 1 va in q1, q1 con valore 1 va in q2, q4 con valore 0 va in q0.;[('simbolo-q0-q1', '#04ed00', 'stroke'), ('simbolo-q1-q2', '#04ed00', 'stroke'), ('simbolo-q4-q0', '#04ed00', 'stroke')];True;True
118;is there a particulare pattern ;A particular pattern, is there;Potresti essere più specifico?;[];Potresti essere più specifico?;[];True;True
118;is there a particulare pattern ;Is there a particulare pattern;Potresti essere più specifico?;[];Potresti essere più specifico?;[];True;True
119;are there arcs between q2 and q0 ;Between q2 and q0, are there arcs;there is no transition between q2 and q0.;[];there is no transition between q2 and q0.;[];True;True
119;are there arcs between q2 and q0 ;Are there arcs between q2 and q0;there is no transition between q2 and q0.;[];there is no transition between q2 and q0.;[];True;True
120;are there arcs from q4 ;From q4, are there arcs;the transition is not defined.;[];the transition is not defined.;[];True;True
120;are there arcs from q4 ;Are there arcs from q4;the transition is not defined.;[];the transition is not defined.;[];True;True
121;are there arcs from q4 ;From q4, are there arcs;the transition is not defined.;[];the transition is not defined.;[];True;True
121;are there arcs from q4 ;Are there arcs from q4;the transition is not defined.;[];the transition is not defined.;[];True;True
122;what are the final states ;The final states, what are;The final state is q0.;[('simbolo-q0', '#04ed00', 'stroke')];The final state is q0.;[('simbolo-q0', '#04ed00', 'stroke')];True;True
122;what are the final states ;What are the final states;The final state is q0.;[('simbolo-q0', '#04ed00', 'stroke')];The final state is q0.;[('simbolo-q0', '#04ed00', 'stroke')];True;True
123;how many final states there are ;Final states, how many are there;The automaton has 4 states: q0, q1, q2 e q4.;[('simbolo-q0', '#04ed00', 'stroke'), ('simbolo-q1', '#04ed00', 'stroke'), ('simbolo-q2', '#04ed00', 'stroke'), ('simbolo-q4', '#04ed00', 'stroke')];The automaton has 4 states: q0, q1, q2 e q4.;[('simbolo-q0', '#04ed00', 'stroke'), ('simbolo-q1', '#04ed00', 'stroke'), ('simbolo-q2', '#04ed00', 'stroke'), ('simbolo-q4', '#04ed00', 'stroke')];True;True
123;how many final states there are ;How many final states there are;The automaton has 4 states: q0, q1, q2 e q4.;[('simbolo-q0', '#04ed00', 'stroke'), ('simbolo-q1', '#04ed00', 'stroke'), ('simbolo-q2', '#04ed00', 'stroke'), ('simbolo-q4', '#04ed00', 'stroke')];The automaton has 4 states: q0, q1, q2 e q4.;[('simbolo-q0', '#04ed00', 'stroke'), ('simbolo-q1', '#04ed00', 'stroke'), ('simbolo-q2', '#04ed00', 'stroke'), ('simbolo-q4', '#04ed00', 'stroke')];True;True
124;is q0 a final state ;A final state, is q0;The final state is q0.;[('simbolo-q0', '#04ed00', 'stroke')];The final state is q0.;[('simbolo-q0', '#04ed00', 'stroke')];True;True
124;is q0 a final state ;Is q0 a final state;The final state is q0.;[('simbolo-q0', '#04ed00', 'stroke')];The final state is q0.;[('simbolo-q0', '#04ed00', 'stroke')];True;True
125;is q4 a final state ;A final state, is q4;The final state is q0.;[('simbolo-q0', '#04ed00', 'stroke')];The final state is q0.;[('simbolo-q0', '#04ed00', 'stroke')];True;True
125;is q4 a final state ;Is q4 a final state;The final state is q0.;[('simbolo-q0', '#04ed00', 'stroke')];The final state is q0.;[('simbolo-q0', '#04ed00', 'stroke')];True;True
126;which are the final states ;The final states, which are;The final state is q0.;[('simbolo-q0', '#04ed00', 'stroke')];The final state is q0.;[('simbolo-q0', '#04ed00', 'stroke')];True;True
126;which are the final states ;Which are the final states;The final state is q0.;[('simbolo-q0', '#04ed00', 'stroke')];The final state is q0.;[('simbolo-q0', '#04ed00', 'stroke')];True;True
127;which is the final state ;The final state, which is;The final state is q0.;[('simbolo-q0', '#04ed00', 'stroke')];The final state is q0.;[('simbolo-q0', '#04ed00', 'stroke')];True;True
127;which is the final state ;Which is the final state;The final state is q0.;[('simbolo-q0', '#04ed00', 'stroke')];The final state is q0.;[('simbolo-q0', '#04ed00', 'stroke')];True;True
128;How many final states are there ;The final states, how many are there;The automaton has 4 states: q0, q1, q2 e q4.;[('simbolo-q0', '#04ed00', 'stroke'), ('simbolo-q1', '#04ed00', 'stroke'), ('simbolo-q2', '#04ed00', 'stroke'), ('simbolo-q4', '#04ed00', 'stroke')];The automaton has 4 states: q0, q1, q2 e q4.;[('simbolo-q0', '#04ed00', 'stroke'), ('simbolo-q1', '#04ed00', 'stroke'), ('simbolo-q2', '#04ed00', 'stroke'), ('simbolo-q4', '#04ed00', 'stroke')];True;True
128;How many final states are there ;How many final states are there;The automaton has 4 states: q0, q1, q2 e q4.;[('simbolo-q0', '#04ed00', 'stroke'), ('simbolo-q1', '#04ed00', 'stroke'), ('simbolo-q2', '#04ed00', 'stroke'), ('simbolo-q4', '#04ed00', 'stroke')];The automaton has 4 states: q0, q1, q2 e q4.;[('simbolo-q0', '#04ed00', 'stroke'), ('simbolo-q1', '#04ed00', 'stroke'), ('simbolo-q2', '#04ed00', 'stroke'), ('simbolo-q4', '#04ed00', 'stroke')];True;True
129;How many states are there ;States, how many are there;This automaton has 4 states;[('simbolo-q0', '#04ed00', 'stroke'), ('simbolo-q1', '#04ed00', 'stroke'), ('simbolo-q2', '#04ed00', 'stroke'), ('simbolo-q4', '#04ed00', 'stroke')];This automaton has 4 states;[('simbolo-q0', '#04ed00', 'stroke'), ('simbolo-q1', '#04ed00', 'stroke'), ('simbolo-q2', '#04ed00', 'stroke'), ('simbolo-q4', '#04ed00', 'stroke')];True;True
129;How many states are there ;How many states are there;This automaton has 4 states;[('simbolo-q0', '#04ed00', 'stroke'), ('simbolo-q1', '#04ed00', 'stroke'), ('simbolo-q2', '#04ed00', 'stroke'), ('simbolo-q4', '#04ed00', 'stroke')];This automaton has 4 states;[('simbolo-q0', '#04ed00', 'stroke'), ('simbolo-q1', '#04ed00', 'stroke'), ('simbolo-q2', '#04ed00', 'stroke'), ('simbolo-q4', '#04ed00', 'stroke')];True;True
130;How many transitions are there ;Transitions, how many are there;The automaton has 3 transitions: q0 con valore 1 va in q1, q1 con valore 1 va in q2, q4 con valore 0 va in q0.;[('simbolo-q0-q1', '#04ed00', 'stroke'), ('simbolo-q1-q2', '#04ed00', 'stroke'), ('simbolo-q4-q0', '#04ed00', 'stroke')];The automaton has 3 transitions: q0 con valore 1 va in q1, q1 con valore 1 va in q2, q4 con valore 0 va in q0.;[('simbolo-q0-q1', '#04ed00', 'stroke'), ('simbolo-q1-q2', '#04ed00', 'stroke'), ('simbolo-q4-q0', '#04ed00', 'stroke')];True;True
130;How many transitions are there ;How many transitions are there;The automaton has 3 transitions: q0 con valore 1 va in q1, q1 con valore 1 va in q2, q4 con valore 0 va in q0.;[('simbolo-q0-q1', '#04ed00', 'stroke'), ('simbolo-q1-q2', '#04ed00', 'stroke'), ('simbolo-q4-q0', '#04ed00', 'stroke')];The automaton has 3 transitions: q0 con valore 1 va in q1, q1 con valore 1 va in q2, q4 con valore 0 va in q0.;[('simbolo-q0-q1', '#04ed00', 'stroke'), ('simbolo-q1-q2', '#04ed00', 'stroke'), ('simbolo-q4-q0', '#04ed00', 'stroke')];True;True
131;there is a particular pattern among them ;Among them, there is a particular pattern;Potresti essere più specifico?;[];Potresti essere più specifico?;[];True;True
132;Is there a transition from q0 to q5 ;From q0 to q5, is there a transition;the transition is not defined.;[];the transition is not defined.;[];True;True
133;what is its optimal spatial representation ;Its optimal spatial representation, what is;Potresti essere più specifico?;[];Potresti essere più specifico?;[];True;True
134;briefly describe you the automaton ;The automaton, briefly describe you;The automaton accepts zero or more words formed by a sequence of the type 110. In total there are 4 states: q0, q1, q2 e q4. q0 is both the initial and the final state.Le transizioni sono: q0 with value 1 goes goes q1, q1 with value 1 goes goes q2, q4 with value 0 goes to q0.;[];The automaton accepts zero or more words formed by a sequence of the type 110. In total there are 4 states: q0, q1, q2 e q4. q0 is both the initial and the final state.Le transizioni sono: q0 with value 1 goes goes q1, q1 with value 1 goes goes q2, q4 with value 0 goes to q0.;[];True;True
135;The automaton accepts a language allowing words made of an odd number of 0s and 1s ;A language allowing words made of an odd number of 0s and 1s, the automaton accepts;Potresti essere più specifico?;[];Potresti essere più specifico?;[];True;True
136;It is possible to find a repetitive pattern in the transitions ;In the transitions, it is possible to find a repetitive pattern;Potresti essere più specifico?;[];Potresti essere più specifico?;[];True;True
137;If q2 were the final state the language accepted by the automaton is the same ;If q2 were the final state, the language accepted by the automaton is the same;The final state is q0.;[('simbolo-q0', '#04ed00', 'stroke')];Potresti essere più specifico?;[];False;False
138;What can I use finite state automata for ;Finite state automata, what can I use them for;The automaton accepts zero or more words formed by a sequence of the type 110. In total there are 4 states: q0, q1, q2 e q4. q0 is both the initial and the final state.Le transizioni sono: q0 with value 1 goes goes q1, q1 with value 1 goes goes q2, q4 with value 0 goes to q0.;[];The automaton accepts zero or more words formed by a sequence of the type 110. In total there are 4 states: q0, q1, q2 e q4. q0 is both the initial and the final state.Le transizioni sono: q0 with value 1 goes goes q1, q1 with value 1 goes goes q2, q4 with value 0 goes to q0.;[];True;True
139;How many states can I use in an automaton ;In an automaton, how many states can I use;This automaton has 4 states;[('simbolo-q0', '#04ed00', 'stroke'), ('simbolo-q1', '#04ed00', 'stroke'), ('simbolo-q2', '#04ed00', 'stroke'), ('simbolo-q4', '#04ed00', 'stroke')];This automaton has 4 states;[('simbolo-q0', '#04ed00', 'stroke'), ('simbolo-q1', '#04ed00', 'stroke'), ('simbolo-q2', '#04ed00', 'stroke'), ('simbolo-q4', '#04ed00', 'stroke')];True;True
140;Can I use 5 states in an automaton ;In an automaton, can I use 5 states;The automaton has 4 states: q0, q1, q2 e q4.;[('simbolo-q0', '#04ed00', 'stroke'), ('simbolo-q1', '#04ed00', 'stroke'), ('simbolo-q2', '#04ed00', 'stroke'), ('simbolo-q4', '#04ed00', 'stroke')];There are 5 states in this automaton.;[('simbolo-q0', '#04ed00', 'stroke'), ('simbolo-q1', '#04ed00', 'stroke'), ('simbolo-q2', '#04ed00', 'stroke'), ('simbolo-q3', '#04ed00', 'stroke'), ('simbolo-q4', '#04ed00', 'stroke')];False;False
141;What is the final state of an automaton ;The final state of an automaton, what is;The final state is q0.;[('simbolo-q0', '#04ed00', 'stroke')];The final state is q0.;[('simbolo-q0', '#04ed00', 'stroke')];True;True
142;How can I define an automaton ;An automaton, how can I define;The automaton accepts zero or more words formed by a sequence of the type 110. In total there are 4 states: q0, q1, q2 e q4. q0 is both the initial and the final state.Le transizioni sono: q0 with value 1 goes goes q1, q1 with value 1 goes goes q2, q4 with value 0 goes to q0.;[];The automaton accepts zero or more words formed by a sequence of the type 110. In total there are 4 states: q0, q1, q2 e q4. q0 is both the initial and the final state.Le transizioni sono: q0 with value 1 goes goes q1, q1 with value 1 goes goes q2, q4 with value 0 goes to q0.;[];True;True
143;How is an automaton defined ;An automaton, how is it defined;The automaton accepts zero or more words formed by a sequence of the type 110. In total there are 4 states: q0, q1, q2 e q4. q0 is both the initial and the final state.Le transizioni sono: q0 with value 1 goes goes q1, q1 with value 1 goes goes q2, q4 with value 0 goes to q0.;[];The automaton accepts zero or more words formed by a sequence of the type 110. In total there are 4 states: q0, q1, q2 e q4. q0 is both the initial and the final state.Le transizioni sono: q0 with value 1 goes goes q1, q1 with value 1 goes goes q2, q4 with value 0 goes to q0.;[];True;True
144;Describe the automaton ;The automaton, describe;The automaton accepts zero or more words formed by a sequence of the type 110. In total there are 4 states: q0, q1, q2 e q4. q0 is both the initial and the final state.Le transizioni sono: q0 with value 1 goes goes q1, q1 with value 1 goes goes q2, q4 with value 0 goes to q0.;[];The automaton accepts zero or more words formed by a sequence of the type 110. In total there are 4 states: q0, q1, q2 e q4. q0 is both the initial and the final state.Le transizioni sono: q0 with value 1 goes goes q1, q1 with value 1 goes goes q2, q4 with value 0 goes to q0.;[];True;True
145;What is an example of accepted string ;An example of accepted string, what is;Potresti essere più specifico?;[];Potresti essere più specifico?;[];True;True
146;What is the final state ;The final state, what is;The final state is q0.;[('simbolo-q0', '#04ed00', 'stroke')];The final state is q0.;[('simbolo-q0', '#04ed00', 'stroke')];True;True
147;Which transitions start from q0 ;From q0, which transitions start;there is no transition between q0 and q0.;[];there is no transition between q0 and q0.;[];True;True
148;How many transitions start from q0 ;From q0, how many transitions start;the transition is not defined.;[];The automaton has 3 transitions: q0 con valore 1 va in q1, q1 con valore 1 va in q2, q4 con valore 0 va in q0.;[('simbolo-q0-q1', '#04ed00', 'stroke'), ('simbolo-q1-q2', '#04ed00', 'stroke'), ('simbolo-q4-q0', '#04ed00', 'stroke')];False;False
149;Which transitions start from q1 ;From q1, which transitions start;the transition is not defined.;[];there is no transition between q0 and q0.;[];False;True
150;Which transitions start from q2 ;From q2, which transitions start;the transition is not defined.;[];there is no transition between q0 and q0.;[];False;True
151;Which transitions end in q0 ;In q0, which transitions end;there is no transition between q0 and q0.;[];there is no transition between q0 and q0.;[];True;True
152;How many transitions are there ;How many transitions are there;The automaton has 3 transitions: q0 con valore 1 va in q1, q1 con valore 1 va in q2, q4 con valore 0 va in q0.;[('simbolo-q0-q1', '#04ed00', 'stroke'), ('simbolo-q1-q2', '#04ed00', 'stroke'), ('simbolo-q4-q0', '#04ed00', 'stroke')];The automaton has 3 transitions: q0 con valore 1 va in q1, q1 con valore 1 va in q2, q4 con valore 0 va in q0.;[('simbolo-q0-q1', '#04ed00', 'stroke'), ('simbolo-q1-q2', '#04ed00', 'stroke'), ('simbolo-q4-q0', '#04ed00', 'stroke')];True;True
153;Is there a pattern among the arcs ;Among the arcs, is there a pattern;Potresti essere più specifico?;[];Potresti essere più specifico?;[];True;True
154;What could be a minimal spatial representation for this automaton ;For this automaton, what could be a minimal spatial representation;Potresti essere più specifico?;[];Potresti essere più specifico?;[];True;True
155;how many states are there ;States, how many are there;This automaton has 4 states;[('simbolo-q0', '#04ed00', 'stroke'), ('simbolo-q1', '#04ed00', 'stroke'), ('simbolo-q2', '#04ed00', 'stroke'), ('simbolo-q4', '#04ed00', 'stroke')];This automaton has 4 states;[('simbolo-q0', '#04ed00', 'stroke'), ('simbolo-q1', '#04ed00', 'stroke'), ('simbolo-q2', '#04ed00', 'stroke'), ('simbolo-q4', '#04ed00', 'stroke')];True;True
156;is there an arc between q0 and q1 ;Between q0 and q1, is there an arc;The transition between q0 and q1 is with value 1.;[('simbolo-q0-q1', '#04ed00', 'stroke')];The transition between q0 and q1 is with value 1.;[('simbolo-q0-q1', '#04ed00', 'stroke')];True;True
157;which are the trasitions ;The transitions, which are;there is no transition between q0 and q0.;[];there is no transition between q0 and q0.;[];True;True
158;describe the automaton ;The automaton, describe;The automaton accepts zero or more words formed by a sequence of the type 110. In total there are 4 states: q0, q1, q2 e q4. q0 is both the initial and the final state.Le transizioni sono: q0 with value 1 goes goes q1, q1 with value 1 goes goes q2, q4 with value 0 goes to q0.;[];The automaton accepts zero or more words formed by a sequence of the type 110. In total there are 4 states: q0, q1, q2 e q4. q0 is both the initial and the final state.Le transizioni sono: q0 with value 1 goes goes q1, q1 with value 1 goes goes q2, q4 with value 0 goes to q0.;[];True;True
159;what is the phd for ;The PhD, what is it for;Potresti essere più specifico?;[];Potresti essere più specifico?;[];True;True
160;maximum number of states in an automaton ;In an automaton, maximum number of states;This automaton has 4 states;[('simbolo-q0', '#04ed00', 'stroke'), ('simbolo-q1', '#04ed00', 'stroke'), ('simbolo-q2', '#04ed00', 'stroke'), ('simbolo-q4', '#04ed00', 'stroke')];This automaton has 4 states;[('simbolo-q0', '#04ed00', 'stroke'), ('simbolo-q1', '#04ed00', 'stroke'), ('simbolo-q2', '#04ed00', 'stroke'), ('simbolo-q4', '#04ed00', 'stroke')];True;True
161;How is the automaton represented ;The automaton, how is it represented;The automaton accepts zero or more words formed by a sequence of the type 110. In total there are 4 states: q0, q1, q2 e q4. q0 is both the initial and the final state.Le transizioni sono: q0 with value 1 goes goes q1, q1 with value 1 goes goes q2, q4 with value 0 goes to q0.;[];The automaton accepts zero or more words formed by a sequence of the type 110. In total there are 4 states: q0, q1, q2 e q4. q0 is both the initial and the final state.Le transizioni sono: q0 with value 1 goes goes q1, q1 with value 1 goes goes q2, q4 with value 0 goes to q0.;[];True;True
162;How many states does a pentagon shaped automaton have ;A pentagon shaped automaton, how many states does it have;This automaton has 4 states;[('simbolo-q0', '#04ed00', 'stroke'), ('simbolo-q1', '#04ed00', 'stroke'), ('simbolo-q2', '#04ed00', 'stroke'), ('simbolo-q4', '#04ed00', 'stroke')];This automaton has 4 states;[('simbolo-q0', '#04ed00', 'stroke'), ('simbolo-q1', '#04ed00', 'stroke'), ('simbolo-q2', '#04ed00', 'stroke'), ('simbolo-q4', '#04ed00', 'stroke')];True;True
163;Briefly describe the automaton How many states are there ;The automaton, briefly describe;The automaton has 4 states and 3 transitions.;[];The automaton accepts zero or more words formed by a sequence of the type 110. In total there are 4 states: q0, q1, q2 e q4. q0 is both the initial and the final state.Le transizioni sono: q0 with value 1 goes goes q1, q1 with value 1 goes goes q2, q4 with value 0 goes to q0.;[];False;True
164;Briefly describe the automaton 2 How many states are there ;The automaton 2, briefly describe;The automaton has 4 states and 3 transitions.;[];The automaton accepts zero or more words formed by a sequence of the type 110. In total there are 4 states: q0, q1, q2 e q4. q0 is both the initial and the final state.Le transizioni sono: q0 with value 1 goes goes q1, q1 with value 1 goes goes q2, q4 with value 0 goes to q0.;[];False;True
165;How many states are in Automation 2 ;In Automation 2, how many states are there;This automaton has 4 states;[('simbolo-q0', '#04ed00', 'stroke'), ('simbolo-q1', '#04ed00', 'stroke'), ('simbolo-q2', '#04ed00', 'stroke'), ('simbolo-q4', '#04ed00', 'stroke')];This automaton has 4 states;[('simbolo-q0', '#04ed00', 'stroke'), ('simbolo-q1', '#04ed00', 'stroke'), ('simbolo-q2', '#04ed00', 'stroke'), ('simbolo-q4', '#04ed00', 'stroke')];True;True
166;How many transitions are there ;How many transitions are there;The automaton has 3 transitions: q0 con valore 1 va in q1, q1 con valore 1 va in q2, q4 con valore 0 va in q0.;[('simbolo-q0-q1', '#04ed00', 'stroke'), ('simbolo-q1-q2', '#04ed00', 'stroke'), ('simbolo-q4-q0', '#04ed00', 'stroke')];The automaton has 3 transitions: q0 con valore 1 va in q1, q1 con valore 1 va in q2, q4 con valore 0 va in q0.;[('simbolo-q0-q1', '#04ed00', 'stroke'), ('simbolo-q1-q2', '#04ed00', 'stroke'), ('simbolo-q4-q0', '#04ed00', 'stroke')];True;True
167;Is there a transition from q0 to q5 ;From q0 to q5, is there a transition;the transition is not defined.;[];the transition is not defined.;[];True;True
168;According to your understanding of Automaton 2 what is its optimal spatial representation ;According to your understanding of Automaton 2, what is its optimal spatial representation;Potresti essere più specifico?;[];Potresti essere più specifico?;[];True;True
169;The automaton accepts a language allowing words made of an odd number of 0s and 1s ;A language allowing words made of an odd number of 0s and 1s is accepted by the automaton;Potresti essere più specifico?;[];Potresti essere più specifico?;[];True;True
169;The automaton accepts a language allowing words made of an odd number of 0s and 1s ;Words made of an odd number of 0s and 1s are accepted by the automaton, a language;Potresti essere più specifico?;[];Potresti essere più specifico?;[];True;True
170;How many states are there ;How many states are there?;This automaton has 4 states;[('simbolo-q0', '#04ed00', 'stroke'), ('simbolo-q1', '#04ed00', 'stroke'), ('simbolo-q2', '#04ed00', 'stroke'), ('simbolo-q4', '#04ed00', 'stroke')];This automaton has 4 states;[('simbolo-q0', '#04ed00', 'stroke'), ('simbolo-q1', '#04ed00', 'stroke'), ('simbolo-q2', '#04ed00', 'stroke'), ('simbolo-q4', '#04ed00', 'stroke')];True;True
171;Briefly describe the automaton ;Briefly describe the automaton;The automaton accepts zero or more words formed by a sequence of the type 110. In total there are 4 states: q0, q1, q2 e q4. q0 is both the initial and the final state.Le transizioni sono: q0 with value 1 goes goes q1, q1 with value 1 goes goes q2, q4 with value 0 goes to q0.;[];The automaton accepts zero or more words formed by a sequence of the type 110. In total there are 4 states: q0, q1, q2 e q4. q0 is both the initial and the final state.Le transizioni sono: q0 with value 1 goes goes q1, q1 with value 1 goes goes q2, q4 with value 0 goes to q0.;[];True;True
172;How is the automaton represented ;How is the automaton represented?;The automaton accepts zero or more words formed by a sequence of the type 110. In total there are 4 states: q0, q1, q2 e q4. q0 is both the initial and the final state.Le transizioni sono: q0 with value 1 goes goes q1, q1 with value 1 goes goes q2, q4 with value 0 goes to q0.;[];The automaton accepts zero or more words formed by a sequence of the type 110. In total there are 4 states: q0, q1, q2 e q4. q0 is both the initial and the final state.Le transizioni sono: q0 with value 1 goes goes q1, q1 with value 1 goes goes q2, q4 with value 0 goes to q0.;[];True;True
173;Is there an arc between q0 and q1 ;Is there an arc between q0 and q1?;The transition between q0 and q1 is with value 1.;[('simbolo-q0-q1', '#04ed00', 'stroke')];The transition between q0 and q1 is with value 1.;[('simbolo-q0-q1', '#04ed00', 'stroke')];True;True
174;Is there an arc between q1 and q2 ;Is there an arc between q1 and q2?;The transition between q1 and q2 is with value 1.;[('simbolo-q1-q2', '#04ed00', 'stroke')];The transition between q1 and q2 is with value 1.;[('simbolo-q1-q2', '#04ed00', 'stroke')];True;True
175;describe me the automaton ;Describe me the automaton;The automaton accepts zero or more words formed by a sequence of the type 110. In total there are 4 states: q0, q1, q2 e q4. q0 is both the initial and the final state.Le transizioni sono: q0 with value 1 goes goes q1, q1 with value 1 goes goes q2, q4 with value 0 goes to q0.;[];The automaton accepts zero or more words formed by a sequence of the type 110. In total there are 4 states: q0, q1, q2 e q4. q0 is both the initial and the final state.Le transizioni sono: q0 with value 1 goes goes q1, q1 with value 1 goes goes q2, q4 with value 0 goes to q0.;[];True;True
176;how many states does the automaton have ;How many states does the automaton have?;This automaton has 4 states;[('simbolo-q0', '#04ed00', 'stroke'), ('simbolo-q1', '#04ed00', 'stroke'), ('simbolo-q2', '#04ed00', 'stroke'), ('simbolo-q4', '#04ed00', 'stroke')];This automaton has 4 states;[('simbolo-q0', '#04ed00', 'stroke'), ('simbolo-q1', '#04ed00', 'stroke'), ('simbolo-q2', '#04ed00', 'stroke'), ('simbolo-q4', '#04ed00', 'stroke')];True;True
177;wat is the language recognised by the automaton ;What is the language recognized by the automaton?;Potresti essere più specifico?;[];Potresti essere più specifico?;[];True;True
177;wat is the language recognised by the automaton ;By the automaton, what is the language recognized?;Potresti essere più specifico?;[];Potresti essere più specifico?;[];True;True
178;describe me the automaton ;Describe me the automaton;The automaton accepts zero or more words formed by a sequence of the type 110. In total there are 4 states: q0, q1, q2 e q4. q0 is both the initial and the final state.Le transizioni sono: q0 with value 1 goes goes q1, q1 with value 1 goes goes q2, q4 with value 0 goes to q0.;[];The automaton accepts zero or more words formed by a sequence of the type 110. In total there are 4 states: q0, q1, q2 e q4. q0 is both the initial and the final state.Le transizioni sono: q0 with value 1 goes goes q1, q1 with value 1 goes goes q2, q4 with value 0 goes to q0.;[];True;True
179;briefly describe the automation ;Briefly describe the automation;The automaton accepts zero or more words formed by a sequence of the type 110. In total there are 4 states: q0, q1, q2 e q4. q0 is both the initial and the final state.Le transizioni sono: q0 with value 1 goes goes q1, q1 with value 1 goes goes q2, q4 with value 0 goes to q0.;[];The automaton accepts zero or more words formed by a sequence of the type 110. In total there are 4 states: q0, q1, q2 e q4. q0 is both the initial and the final state.Le transizioni sono: q0 with value 1 goes goes q1, q1 with value 1 goes goes q2, q4 with value 0 goes to q0.;[];True;True
180;how many states ;How many states are there?;This automaton has 4 states;[('simbolo-q0', '#04ed00', 'stroke'), ('simbolo-q1', '#04ed00', 'stroke'), ('simbolo-q2', '#04ed00', 'stroke'), ('simbolo-q4', '#04ed00', 'stroke')];This automaton has 4 states;[('simbolo-q0', '#04ed00', 'stroke'), ('simbolo-q1', '#04ed00', 'stroke'), ('simbolo-q2', '#04ed00', 'stroke'), ('simbolo-q4', '#04ed00', 'stroke')];True;True
180;how many states ;There are how many states?;This automaton has 4 states;[('simbolo-q0', '#04ed00', 'stroke'), ('simbolo-q1', '#04ed00', 'stroke'), ('simbolo-q2', '#04ed00', 'stroke'), ('simbolo-q4', '#04ed00', 'stroke')];This automaton has 4 states;[('simbolo-q0', '#04ed00', 'stroke'), ('simbolo-q1', '#04ed00', 'stroke'), ('simbolo-q2', '#04ed00', 'stroke'), ('simbolo-q4', '#04ed00', 'stroke')];True;True
181;how many transitions ;How many transitions are there?;The automaton has 3 transitions: q0 con valore 1 va in q1, q1 con valore 1 va in q2, q4 con valore 0 va in q0.;[('simbolo-q0-q1', '#04ed00', 'stroke'), ('simbolo-q1-q2', '#04ed00', 'stroke'), ('simbolo-q4-q0', '#04ed00', 'stroke')];The automaton has 3 transitions: q0 con valore 1 va in q1, q1 con valore 1 va in q2, q4 con valore 0 va in q0.;[('simbolo-q0-q1', '#04ed00', 'stroke'), ('simbolo-q1-q2', '#04ed00', 'stroke'), ('simbolo-q4-q0', '#04ed00', 'stroke')];True;True
181;how many transitions ;There are how many transitions?;The automaton has 3 transitions: q0 con valore 1 va in q1, q1 con valore 1 va in q2, q4 con valore 0 va in q0.;[('simbolo-q0-q1', '#04ed00', 'stroke'), ('simbolo-q1-q2', '#04ed00', 'stroke'), ('simbolo-q4-q0', '#04ed00', 'stroke')];The automaton has 3 transitions: q0 con valore 1 va in q1, q1 con valore 1 va in q2, q4 con valore 0 va in q0.;[('simbolo-q0-q1', '#04ed00', 'stroke'), ('simbolo-q1-q2', '#04ed00', 'stroke'), ('simbolo-q4-q0', '#04ed00', 'stroke')];True;True
182;What is the best way to represent this automa ;What is the best way to represent this automaton?;The automaton accepts zero or more words formed by a sequence of the type 110. In total there are 4 states: q0, q1, q2 e q4. q0 is both the initial and the final state.Le transizioni sono: q0 with value 1 goes goes q1, q1 with value 1 goes goes q2, q4 with value 0 goes to q0.;[];The automaton accepts zero or more words formed by a sequence of the type 110. In total there are 4 states: q0, q1, q2 e q4. q0 is both the initial and the final state.Le transizioni sono: q0 with value 1 goes goes q1, q1 with value 1 goes goes q2, q4 with value 0 goes to q0.;[];True;True
182;What is the best way to represent this automa ;This automaton, what is the best way to represent?;The automaton accepts zero or more words formed by a sequence of the type 110. In total there are 4 states: q0, q1, q2 e q4. q0 is both the initial and the final state.Le transizioni sono: q0 with value 1 goes goes q1, q1 with value 1 goes goes q2, q4 with value 0 goes to q0.;[];The automaton accepts zero or more words formed by a sequence of the type 110. In total there are 4 states: q0, q1, q2 e q4. q0 is both the initial and the final state.Le transizioni sono: q0 with value 1 goes goes q1, q1 with value 1 goes goes q2, q4 with value 0 goes to q0.;[];True;True
183;what is its optimal spatial representation ;What is its optimal spatial representation?;Potresti essere più specifico?;[];Potresti essere più specifico?;[];True;True
184;What is the initial state ;What is the initial state?;The initial state is q0.;[('simbolo-q0', '#04ed00', 'stroke')];The initial state is q0.;[('simbolo-q0', '#04ed00', 'stroke')];True;True
185;What is the final state ;What is the final state?;The final state is q0.;[('simbolo-q0', '#04ed00', 'stroke')];The final state is q0.;[('simbolo-q0', '#04ed00', 'stroke')];True;True
186;What about transitions ;What about the transitions?;there is no transition between q0 and q0.;[];The automaton has 3 transitions: q0 con valore 1 va in q1, q1 con valore 1 va in q2, q4 con valore 0 va in q0.;[('simbolo-q0-q1', '#04ed00', 'stroke'), ('simbolo-q1-q2', '#04ed00', 'stroke'), ('simbolo-q4-q0', '#04ed00', 'stroke')];False;False
186;What about transitions ;About the transitions, what?;there is no transition between q0 and q0.;[];there is no transition between q0 and q0.;[];True;True
187;what language accepts this auotmata ;What language does this automaton accept?;Potresti essere più specifico?;[];Potresti essere più specifico?;[];True;True
187;what language accepts this auotmata ;This automaton accepts what language?;Potresti essere più specifico?;[];Potresti essere più specifico?;[];True;True
188;what is an automaton ;What is an automaton?;The automaton accepts zero or more words formed by a sequence of the type 110. In total there are 4 states: q0, q1, q2 e q4. q0 is both the initial and the final state.Le transizioni sono: q0 with value 1 goes goes q1, q1 with value 1 goes goes q2, q4 with value 0 goes to q0.;[];The automaton accepts zero or more words formed by a sequence of the type 110. In total there are 4 states: q0, q1, q2 e q4. q0 is both the initial and the final state.Le transizioni sono: q0 with value 1 goes goes q1, q1 with value 1 goes goes q2, q4 with value 0 goes to q0.;[];True;True
189;what is the initial stage of the automaton ;What is the initial stage of the automaton?;The initial state is q0.;[('simbolo-q0', '#04ed00', 'stroke')];The initial state is q0.;[('simbolo-q0', '#04ed00', 'stroke')];True;True
190;Breifly describe me the automaton ;Briefly describe me the automaton;The automaton accepts zero or more words formed by a sequence of the type 110. In total there are 4 states: q0, q1, q2 e q4. q0 is both the initial and the final state.Le transizioni sono: q0 with value 1 goes goes q1, q1 with value 1 goes goes q2, q4 with value 0 goes to q0.;[];The automaton accepts zero or more words formed by a sequence of the type 110. In total there are 4 states: q0, q1, q2 e q4. q0 is both the initial and the final state.Le transizioni sono: q0 with value 1 goes goes q1, q1 with value 1 goes goes q2, q4 with value 0 goes to q0.;[];True;True
190;Breifly describe me the automaton ;Me, briefly describe the automaton;The automaton accepts zero or more words formed by a sequence of the type 110. In total there are 4 states: q0, q1, q2 e q4. q0 is both the initial and the final state.Le transizioni sono: q0 with value 1 goes goes q1, q1 with value 1 goes goes q2, q4 with value 0 goes to q0.;[];The automaton accepts zero or more words formed by a sequence of the type 110. In total there are 4 states: q0, q1, q2 e q4. q0 is both the initial and the final state.Le transizioni sono: q0 with value 1 goes goes q1, q1 with value 1 goes goes q2, q4 with value 0 goes to q0.;[];True;True
191;what is the initial state of the automaton ;What is the initial state of the automaton?;The initial state is q0.;[('simbolo-q0', '#04ed00', 'stroke')];The initial state is q0.;[('simbolo-q0', '#04ed00', 'stroke')];True;True
192;what is the language accepted by the automaton ;What is the language accepted by the automaton?;Potresti essere più specifico?;[];Potresti essere più specifico?;[];True;True
193;is the string 110 accepted by the automaton ;Is the string 110 accepted by the automaton?;Potresti essere più specifico?;[];Potresti essere più specifico?;[];True;True
194;Describe the automaton ;Describe me the automaton;The automaton accepts zero or more words formed by a sequence of the type 110. In total there are 4 states: q0, q1, q2 e q4. q0 is both the initial and the final state.Le transizioni sono: q0 with value 1 goes goes q1, q1 with value 1 goes goes q2, q4 with value 0 goes to q0.;[];The automaton accepts zero or more words formed by a sequence of the type 110. In total there are 4 states: q0, q1, q2 e q4. q0 is both the initial and the final state.Le transizioni sono: q0 with value 1 goes goes q1, q1 with value 1 goes goes q2, q4 with value 0 goes to q0.;[];True;True
194;Describe the automaton ;Me, describe the automaton;The automaton accepts zero or more words formed by a sequence of the type 110. In total there are 4 states: q0, q1, q2 e q4. q0 is both the initial and the final state.Le transizioni sono: q0 with value 1 goes goes q1, q1 with value 1 goes goes q2, q4 with value 0 goes to q0.;[];The automaton accepts zero or more words formed by a sequence of the type 110. In total there are 4 states: q0, q1, q2 e q4. q0 is both the initial and the final state.Le transizioni sono: q0 with value 1 goes goes q1, q1 with value 1 goes goes q2, q4 with value 0 goes to q0.;[];True;True
195;describe the transition table of the automaton ;Describe the transition table of the automaton;there is no transition between q0 and q0.;[];Potresti essere più specifico?;[];False;True
196;is there an arc from q0 to q1 ;Is there an arc from q0 to q1?;The transition between q0 and q1 is with value 1.;[('simbolo-q0-q1', '#04ed00', 'stroke')];The transition between q0 and q1 is with value 1.;[('simbolo-q0-q1', '#04ed00', 'stroke')];True;True
197;is there an arc from q2 to q1 ;Is there an arc from q2 to q1?;there is no transition between q2 and q1.;[];there is no transition between q2 and q1.;[];True;True
198;how many states there are ;How many states are there?;This automaton has 4 states;[('simbolo-q0', '#04ed00', 'stroke'), ('simbolo-q1', '#04ed00', 'stroke'), ('simbolo-q2', '#04ed00', 'stroke'), ('simbolo-q4', '#04ed00', 'stroke')];This automaton has 4 states;[('simbolo-q0', '#04ed00', 'stroke'), ('simbolo-q1', '#04ed00', 'stroke'), ('simbolo-q2', '#04ed00', 'stroke'), ('simbolo-q4', '#04ed00', 'stroke')];True;True
198;how many states there are ;There are how many states?;This automaton has 4 states;[('simbolo-q0', '#04ed00', 'stroke'), ('simbolo-q1', '#04ed00', 'stroke'), ('simbolo-q2', '#04ed00', 'stroke'), ('simbolo-q4', '#04ed00', 'stroke')];This automaton has 4 states;[('simbolo-q0', '#04ed00', 'stroke'), ('simbolo-q1', '#04ed00', 'stroke'), ('simbolo-q2', '#04ed00', 'stroke'), ('simbolo-q4', '#04ed00', 'stroke')];True;True
199;what symbols does the automaton accept ;What symbols does the automaton accept?;Potresti essere più specifico?;[];Potresti essere più specifico?;[];True;True
200;what are the symbols accepted by the automaton ;What are the symbols accepted by the automaton?;Potresti essere più specifico?;[];Potresti essere più specifico?;[];True;True
201;what is the alphabet ;What is the alphabet?;Potresti essere più specifico?;[];Potresti essere più specifico?;[];True;True
202;how is the automaton represented ;How is the automaton represented?;The automaton accepts zero or more words formed by a sequence of the type 110. In total there are 4 states: q0, q1, q2 e q4. q0 is both the initial and the final state.Le transizioni sono: q0 with value 1 goes goes q1, q1 with value 1 goes goes q2, q4 with value 0 goes to q0.;[];The automaton accepts zero or more words formed by a sequence of the type 110. In total there are 4 states: q0, q1, q2 e q4. q0 is both the initial and the final state.Le transizioni sono: q0 with value 1 goes goes q1, q1 with value 1 goes goes q2, q4 with value 0 goes to q0.;[];True;True
205;How many states are there ;How many states are there?;This automaton has 4 states;[('simbolo-q0', '#04ed00', 'stroke'), ('simbolo-q1', '#04ed00', 'stroke'), ('simbolo-q2', '#04ed00', 'stroke'), ('simbolo-q4', '#04ed00', 'stroke')];This automaton has 4 states;[('simbolo-q0', '#04ed00', 'stroke'), ('simbolo-q1', '#04ed00', 'stroke'), ('simbolo-q2', '#04ed00', 'stroke'), ('simbolo-q4', '#04ed00', 'stroke')];True;True
207;How many regions are there in Italy ;How many regions are there in Italy?;The automaton has 4 states: q0, q1, q2 e q4.;[('simbolo-q0', '#04ed00', 'stroke'), ('simbolo-q1', '#04ed00', 'stroke'), ('simbolo-q2', '#04ed00', 'stroke'), ('simbolo-q4', '#04ed00', 'stroke')];The automaton has 4 states: q0, q1, q2 e q4.;[('simbolo-q0', '#04ed00', 'stroke'), ('simbolo-q1', '#04ed00', 'stroke'), ('simbolo-q2', '#04ed00', 'stroke'), ('simbolo-q4', '#04ed00', 'stroke')];True;True
208;In which year we are ;In which year we are?;Potresti essere più specifico?;[];Potresti essere più specifico?;[];True;True
209;In which year we are ;In which year we are?;Potresti essere più specifico?;[];Potresti essere più specifico?;[];True;True
210;It is possible to find a repetitive pattern in the transitions ;It is possible to find a repetitive pattern in the transitions;Potresti essere più specifico?;[];Potresti essere più specifico?;[];True;True
211;The automaton accepts a language allowing words made of an odd number of 0s and 1s ;The automaton accepts a language allowing words made of an odd number of 0s and 1s;Potresti essere più specifico?;[];Potresti essere più specifico?;[];True;True
212;If q2 were the final state the language accepted by the automaton is the same ;If q2 were the final state the language accepted by the automaton is the same;The final state is q0.;[('simbolo-q0', '#04ed00', 'stroke')];Potresti essere più specifico?;[];False;False
213;If q2 were the final state the language accepted by the automaton is the same ;If q2 were the final state the language accepted by the automaton is the same;The final state is q0.;[('simbolo-q0', '#04ed00', 'stroke')];Potresti essere più specifico?;[];False;False
214;If q0 were the final state the language accepted by the automaton is the same ;If q0 were the final state the language accepted by the automaton is the same;The final state is q0.;[('simbolo-q0', '#04ed00', 'stroke')];Potresti essere più specifico?;[];False;False
215;how many states has the automata ;How many states has the automata?;This automaton has 4 states;[('simbolo-q0', '#04ed00', 'stroke'), ('simbolo-q1', '#04ed00', 'stroke'), ('simbolo-q2', '#04ed00', 'stroke'), ('simbolo-q4', '#04ed00', 'stroke')];This automaton has 4 states;[('simbolo-q0', '#04ed00', 'stroke'), ('simbolo-q1', '#04ed00', 'stroke'), ('simbolo-q2', '#04ed00', 'stroke'), ('simbolo-q4', '#04ed00', 'stroke')];True;True
216;how many arcs are there in the automata ;How many arcs are there in the automata?;Potresti essere più specifico?;[];The automaton has 3 transitions: q0 con valore 1 va in q1, q1 con valore 1 va in q2, q4 con valore 0 va in q0.;[('simbolo-q0-q1', '#04ed00', 'stroke'), ('simbolo-q1-q2', '#04ed00', 'stroke'), ('simbolo-q4-q0', '#04ed00', 'stroke')];False;False
217;is there a particulare pattern among automata arcs ;Is there a particular pattern among automata arcs?;Potresti essere più specifico?;[];Potresti essere più specifico?;[];True;True
217;is there a particulare pattern among automata arcs ;Among automata arcs, is there a particular pattern?;Potresti essere più specifico?;[];Potresti essere più specifico?;[];True;True
218;which is the transition function ;Which is the transition function?;there is no transition between q0 and q0.;[];there is no transition between q0 and q0.;[];True;True
219;What is the accepted language ;The accepted language, what is;Potresti essere più specifico?;[];Potresti essere più specifico?;[];True;True
221;How is the automaton represented ;The automaton is how represented?;The automaton accepts zero or more words formed by a sequence of the type 110. In total there are 4 states: q0, q1, q2 e q4. q0 is both the initial and the final state.Le transizioni sono: q0 with value 1 goes goes q1, q1 with value 1 goes goes q2, q4 with value 0 goes to q0.;[];The automaton accepts zero or more words formed by a sequence of the type 110. In total there are 4 states: q0, q1, q2 e q4. q0 is both the initial and the final state.Le transizioni sono: q0 with value 1 goes goes q1, q1 with value 1 goes goes q2, q4 with value 0 goes to q0.;[];True;True
222;what is the regular expression describing the automata ;The regular expression describing the automata, what is;Potresti essere più specifico?;[];Potresti essere più specifico?;[];True;True
223;can you briefly describe the automata ;Can you describe the automata briefly?;The automaton accepts zero or more words formed by a sequence of the type 110. In total there are 4 states: q0, q1, q2 e q4. q0 is both the initial and the final state.Le transizioni sono: q0 with value 1 goes goes q1, q1 with value 1 goes goes q2, q4 with value 0 goes to q0.;[];The automaton accepts zero or more words formed by a sequence of the type 110. In total there are 4 states: q0, q1, q2 e q4. q0 is both the initial and the final state.Le transizioni sono: q0 with value 1 goes goes q1, q1 with value 1 goes goes q2, q4 with value 0 goes to q0.;[];True;True
224;Summarise the automaton ;The automaton, summarise;The automaton accepts zero or more words formed by a sequence of the type 110. In total there are 4 states: q0, q1, q2 e q4. q0 is both the initial and the final state.Le transizioni sono: q0 with value 1 goes goes q1, q1 with value 1 goes goes q2, q4 with value 0 goes to q0.;[];The automaton accepts zero or more words formed by a sequence of the type 110. In total there are 4 states: q0, q1, q2 e q4. q0 is both the initial and the final state.Le transizioni sono: q0 with value 1 goes goes q1, q1 with value 1 goes goes q2, q4 with value 0 goes to q0.;[];True;True
225;How many states are there ;There are how many states;This automaton has 4 states;[('simbolo-q0', '#04ed00', 'stroke'), ('simbolo-q1', '#04ed00', 'stroke'), ('simbolo-q2', '#04ed00', 'stroke'), ('simbolo-q4', '#04ed00', 'stroke')];This automaton has 4 states;[('simbolo-q0', '#04ed00', 'stroke'), ('simbolo-q1', '#04ed00', 'stroke'), ('simbolo-q2', '#04ed00', 'stroke'), ('simbolo-q4', '#04ed00', 'stroke')];True;True
226;What language does the automaton accept ;The automaton accepts what language;Potresti essere più specifico?;[];Potresti essere più specifico?;[];True;True
228;What transitions does the automaton have ;The automaton has what transitions;there is no transition between q0 and q0.;[];there is no transition between q0 and q0.;[];True;True
233;where is automaton 2 ;Automaton 2, where is;The automaton accepts zero or more words formed by a sequence of the type 110. In total there are 4 states: q0, q1, q2 e q4. q0 is both the initial and the final state.Le transizioni sono: q0 with value 1 goes goes q1, q1 with value 1 goes goes q2, q4 with value 0 goes to q0.;[];The automaton accepts zero or more words formed by a sequence of the type 110. In total there are 4 states: q0, q1, q2 e q4. q0 is both the initial and the final state.Le transizioni sono: q0 with value 1 goes goes q1, q1 with value 1 goes goes q2, q4 with value 0 goes to q0.;[];True;True
234;How is the automaton represented ;The automaton is how represented?;The automaton accepts zero or more words formed by a sequence of the type 110. In total there are 4 states: q0, q1, q2 e q4. q0 is both the initial and the final state.Le transizioni sono: q0 with value 1 goes goes q1, q1 with value 1 goes goes q2, q4 with value 0 goes to q0.;[];The automaton accepts zero or more words formed by a sequence of the type 110. In total there are 4 states: q0, q1, q2 e q4. q0 is both the initial and the final state.Le transizioni sono: q0 with value 1 goes goes q1, q1 with value 1 goes goes q2, q4 with value 0 goes to q0.;[];True;True
235;Describe the automaton ;The automaton, describe;The automaton accepts zero or more words formed by a sequence of the type 110. In total there are 4 states: q0, q1, q2 e q4. q0 is both the initial and the final state.Le transizioni sono: q0 with value 1 goes goes q1, q1 with value 1 goes goes q2, q4 with value 0 goes to q0.;[];The automaton accepts zero or more words formed by a sequence of the type 110. In total there are 4 states: q0, q1, q2 e q4. q0 is both the initial and the final state.Le transizioni sono: q0 with value 1 goes goes q1, q1 with value 1 goes goes q2, q4 with value 0 goes to q0.;[];True;True
236;Which are the principal pros ;The principal pros, which are;Potresti essere più specifico?;[];Potresti essere più specifico?;[];True;True
239;Describe automaton ;Automaton, describe;The automaton accepts zero or more words formed by a sequence of the type 110. In total there are 4 states: q0, q1, q2 e q4. q0 is both the initial and the final state.Le transizioni sono: q0 with value 1 goes goes q1, q1 with value 1 goes goes q2, q4 with value 0 goes to q0.;[];The automaton accepts zero or more words formed by a sequence of the type 110. In total there are 4 states: q0, q1, q2 e q4. q0 is both the initial and the final state.Le transizioni sono: q0 with value 1 goes goes q1, q1 with value 1 goes goes q2, q4 with value 0 goes to q0.;[];True;True
240;Show me the automaton ;The automaton, show me;The automaton accepts zero or more words formed by a sequence of the type 110. In total there are 4 states: q0, q1, q2 e q4. q0 is both the initial and the final state.Le transizioni sono: q0 with value 1 goes goes q1, q1 with value 1 goes goes q2, q4 with value 0 goes to q0.;[];The automaton accepts zero or more words formed by a sequence of the type 110. In total there are 4 states: q0, q1, q2 e q4. q0 is both the initial and the final state.Le transizioni sono: q0 with value 1 goes goes q1, q1 with value 1 goes goes q2, q4 with value 0 goes to q0.;[];True;True
241;How many states are These ;These are how many states;This automaton has 4 states;[('simbolo-q0', '#04ed00', 'stroke'), ('simbolo-q1', '#04ed00', 'stroke'), ('simbolo-q2', '#04ed00', 'stroke'), ('simbolo-q4', '#04ed00', 'stroke')];This automaton has 4 states;[('simbolo-q0', '#04ed00', 'stroke'), ('simbolo-q1', '#04ed00', 'stroke'), ('simbolo-q2', '#04ed00', 'stroke'), ('simbolo-q4', '#04ed00', 'stroke')];True;True
243;What is the starting state ;The starting state, what is;The initial state is q0.;[('simbolo-q0', '#04ed00', 'stroke')];The initial state is q0.;[('simbolo-q0', '#04ed00', 'stroke')];True;True
244;What are the states ;The states, what are;The state q0 exists.;[('simbolo-q0', '#04ed00', 'stroke')];The state q0 exists.;[('simbolo-q0', '#04ed00', 'stroke')];True;True
245;What direction are the connections between the states ;Between the states, what direction are the connections;there is no transition between q0 and q0.;[];there is no transition between q0 and q0.;[];True;True
246;Describe the automaton ;The automaton, describe;The automaton accepts zero or more words formed by a sequence of the type 110. In total there are 4 states: q0, q1, q2 e q4. q0 is both the initial and the final state.Le transizioni sono: q0 with value 1 goes goes q1, q1 with value 1 goes goes q2, q4 with value 0 goes to q0.;[];The automaton accepts zero or more words formed by a sequence of the type 110. In total there are 4 states: q0, q1, q2 e q4. q0 is both the initial and the final state.Le transizioni sono: q0 with value 1 goes goes q1, q1 with value 1 goes goes q2, q4 with value 0 goes to q0.;[];True;True
253;how many transitions;There are how many transitions;The automaton has 3 transitions: q0 con valore 1 va in q1, q1 con valore 1 va in q2, q4 con valore 0 va in q0.;[('simbolo-q0-q1', '#04ed00', 'stroke'), ('simbolo-q1-q2', '#04ed00', 'stroke'), ('simbolo-q4-q0', '#04ed00', 'stroke')];The automaton has 3 transitions: q0 con valore 1 va in q1, q1 con valore 1 va in q2, q4 con valore 0 va in q0.;[('simbolo-q0-q1', '#04ed00', 'stroke'), ('simbolo-q1-q2', '#04ed00', 'stroke'), ('simbolo-q4-q0', '#04ed00', 'stroke')];True;True
256;how many loops are there;There are how many loops;The automaton has 3 transitions: q0 con valore 1 va in q1, q1 con valore 1 va in q2, q4 con valore 0 va in q0.;[('simbolo-q0-q1', '#04ed00', 'stroke'), ('simbolo-q1-q2', '#04ed00', 'stroke'), ('simbolo-q4-q0', '#04ed00', 'stroke')];Potresti essere più specifico?;[];False;False
257;how many states;There are how many states;This automaton has 4 states;[('simbolo-q0', '#04ed00', 'stroke'), ('simbolo-q1', '#04ed00', 'stroke'), ('simbolo-q2', '#04ed00', 'stroke'), ('simbolo-q4', '#04ed00', 'stroke')];This automaton has 4 states;[('simbolo-q0', '#04ed00', 'stroke'), ('simbolo-q1', '#04ed00', 'stroke'), ('simbolo-q2', '#04ed00', 'stroke'), ('simbolo-q4', '#04ed00', 'stroke')];True;True
258;what are the states and the connections between states ;The states and the connections between states, what are;The state q0 exists.;[('simbolo-q0', '#04ed00', 'stroke')];The state q0 exists.;[('simbolo-q0', '#04ed00', 'stroke')];True;True
259;what are the states and the transitions ;The states and the transitions, what are;there is no transition between q0 and q0.;[];there is no transition between q0 and q0.;[];True;True
260;which are the states and the transitions ;The states and the transitions, which are;there is no transition between q0 and q0.;[];there is no transition between q0 and q0.;[];True;True
261;how is the automaton represented ;The automaton is how represented?;The automaton accepts zero or more words formed by a sequence of the type 110. In total there are 4 states: q0, q1, q2 e q4. q0 is both the initial and the final state.Le transizioni sono: q0 with value 1 goes goes q1, q1 with value 1 goes goes q2, q4 with value 0 goes to q0.;[];The automaton accepts zero or more words formed by a sequence of the type 110. In total there are 4 states: q0, q1, q2 e q4. q0 is both the initial and the final state.Le transizioni sono: q0 with value 1 goes goes q1, q1 with value 1 goes goes q2, q4 with value 0 goes to q0.;[];True;True
263;how many states are there ;There are how many states;This automaton has 4 states;[('simbolo-q0', '#04ed00', 'stroke'), ('simbolo-q1', '#04ed00', 'stroke'), ('simbolo-q2', '#04ed00', 'stroke'), ('simbolo-q4', '#04ed00', 'stroke')];This automaton has 4 states;[('simbolo-q0', '#04ed00', 'stroke'), ('simbolo-q1', '#04ed00', 'stroke'), ('simbolo-q2', '#04ed00', 'stroke'), ('simbolo-q4', '#04ed00', 'stroke')];True;True
265; how many transitions ;There are how many transitions;The automaton has 3 transitions: q0 con valore 1 va in q1, q1 con valore 1 va in q2, q4 con valore 0 va in q0.;[('simbolo-q0-q1', '#04ed00', 'stroke'), ('simbolo-q1-q2', '#04ed00', 'stroke'), ('simbolo-q4-q0', '#04ed00', 'stroke')];The automaton has 3 transitions: q0 con valore 1 va in q1, q1 con valore 1 va in q2, q4 con valore 0 va in q0.;[('simbolo-q0-q1', '#04ed00', 'stroke'), ('simbolo-q1-q2', '#04ed00', 'stroke'), ('simbolo-q4-q0', '#04ed00', 'stroke')];True;True
267;what are the transitions ;The transitions, what are;there is no transition between q0 and q0.;[];there is no transition between q0 and q0.;[];True;True
268;describe the transitions;The transitions, describe;The automaton has 3 transitions: q0 con valore 1 va in q1, q1 con valore 1 va in q2, q4 con valore 0 va in q0.;[('simbolo-q0-q1', '#04ed00', 'stroke'), ('simbolo-q1-q2', '#04ed00', 'stroke'), ('simbolo-q4-q0', '#04ed00', 'stroke')];there is no transition between q0 and q0.;[];False;False
269;how is marked the arc between q0 and q2 ;The arc between q0 and q2, how is it marked;there is no transition between q0 and q2.;[];there is no transition between q0 and q2.;[];True;True
270;how is represented;How is it represented;Potresti essere più specifico?;[];Potresti essere più specifico?;[];True;True
271;what are the final states;The final states, what are;The final state is q0.;[('simbolo-q0', '#04ed00', 'stroke')];The final state is q0.;[('simbolo-q0', '#04ed00', 'stroke')];True;True
272;final states;The final states;The final state is q0.;[('simbolo-q0', '#04ed00', 'stroke')];The final state is q0.;[('simbolo-q0', '#04ed00', 'stroke')];True;True
273;start states;The start states;The state q0 exists.;[('simbolo-q0', '#04ed00', 'stroke')];The automaton has 4 states: q0, q1, q2 e q4.;[('simbolo-q0', '#04ed00', 'stroke'), ('simbolo-q1', '#04ed00', 'stroke'), ('simbolo-q2', '#04ed00', 'stroke'), ('simbolo-q4', '#04ed00', 'stroke')];False;False
274;which is the start state ;The start state, which is;The initial state is q0.;[('simbolo-q0', '#04ed00', 'stroke')];The initial state is q0.;[('simbolo-q0', '#04ed00', 'stroke')];True;True
277;How many states are there ;There are how many states;This automaton has 4 states;[('simbolo-q0', '#04ed00', 'stroke'), ('simbolo-q1', '#04ed00', 'stroke'), ('simbolo-q2', '#04ed00', 'stroke'), ('simbolo-q4', '#04ed00', 'stroke')];This automaton has 4 states;[('simbolo-q0', '#04ed00', 'stroke'), ('simbolo-q1', '#04ed00', 'stroke'), ('simbolo-q2', '#04ed00', 'stroke'), ('simbolo-q4', '#04ed00', 'stroke')];True;True
278;How many transitions are there ;There are how many transitions;The automaton has 3 transitions: q0 con valore 1 va in q1, q1 con valore 1 va in q2, q4 con valore 0 va in q0.;[('simbolo-q0-q1', '#04ed00', 'stroke'), ('simbolo-q1-q2', '#04ed00', 'stroke'), ('simbolo-q4-q0', '#04ed00', 'stroke')];The automaton has 3 transitions: q0 con valore 1 va in q1, q1 con valore 1 va in q2, q4 con valore 0 va in q0.;[('simbolo-q0-q1', '#04ed00', 'stroke'), ('simbolo-q1-q2', '#04ed00', 'stroke'), ('simbolo-q4-q0', '#04ed00', 'stroke')];True;True
279;How many transitions are there ;There are how many transitions;The automaton has 3 transitions: q0 con valore 1 va in q1, q1 con valore 1 va in q2, q4 con valore 0 va in q0.;[('simbolo-q0-q1', '#04ed00', 'stroke'), ('simbolo-q1-q2', '#04ed00', 'stroke'), ('simbolo-q4-q0', '#04ed00', 'stroke')];The automaton has 3 transitions: q0 con valore 1 va in q1, q1 con valore 1 va in q2, q4 con valore 0 va in q0.;[('simbolo-q0-q1', '#04ed00', 'stroke'), ('simbolo-q1-q2', '#04ed00', 'stroke'), ('simbolo-q4-q0', '#04ed00', 'stroke')];True;True
280;Is there a pattern among the transitions ;Among the transitions, is there a pattern;Potresti essere più specifico?;[];Potresti essere più specifico?;[];True;True
281;Is there a transition from q0 to q5 ;From q0 to q5, is there a transition;the transition is not defined.;[];the transition is not defined.;[];True;True
282;Does the automaton accept a language allowing words made of an odd number of 0s and 1s ;A language allowing words made of an odd number of 0s and 1s, does the automaton accept;Potresti essere più specifico?;[];Potresti essere più specifico?;[];True;True
284;It is possible to find a repetitive pattern in the transitions ;In the transitions, it is possible to find a repetitive pattern;Potresti essere più specifico?;[];Potresti essere più specifico?;[];True;True
285;describe it;It, describe;Potresti essere più specifico?;[];Potresti essere più specifico?;[];True;True
286;arcs between q4 and q0;Between q4 and q0, arcs;The transition between q4 and q0 is with value 0.;[('simbolo-q4-q0', '#04ed00', 'stroke')];there is no transition between q0 and q0.;[];False;False
287;arcs from q4;From q4, arcs;the transition is not defined.;[];there is no transition between q0 and q0.;[];False;True
288;final states;The final states;The final state is q0.;[('simbolo-q0', '#04ed00', 'stroke')];The final state is q0.;[('simbolo-q0', '#04ed00', 'stroke')];True;True
289;which are the final states ;The final states, which are;The final state is q0.;[('simbolo-q0', '#04ed00', 'stroke')];The final state is q0.;[('simbolo-q0', '#04ed00', 'stroke')];True;True
290;which is initial state;The initial state, which is;The initial state is q0.;[('simbolo-q0', '#04ed00', 'stroke')];The initial state is q0.;[('simbolo-q0', '#04ed00', 'stroke')];True;True
291;which is final state;The final state, which is;The final state is q0.;[('simbolo-q0', '#04ed00', 'stroke')];The final state is q0.;[('simbolo-q0', '#04ed00', 'stroke')];True;True
292;final state;The final state;The final state is q0.;[('simbolo-q0', '#04ed00', 'stroke')];The final state is q0.;[('simbolo-q0', '#04ed00', 'stroke')];True;True
293; final states;The final states;The final state is q0.;[('simbolo-q0', '#04ed00', 'stroke')];The final state is q0.;[('simbolo-q0', '#04ed00', 'stroke')];True;True
294;arc from q2 to q1;From q2 to q1, arc;there is no transition between q2 and q1.;[];there is no transition between q2 and q1.;[];True;True
295;label from q3 to q4;From q3 to q4, label;The transition between q3 and q4 is with value 0.;[('simbolo-q3-q4', '#04ed00', 'stroke')];The transition between q3 and q4 is with value 0.;[('simbolo-q3-q4', '#04ed00', 'stroke')];True;True
296;how many arcs;There are how many arcs;The automaton has 3 transitions: q0 con valore 1 va in q1, q1 con valore 1 va in q2, q4 con valore 0 va in q0.;[('simbolo-q0-q1', '#04ed00', 'stroke'), ('simbolo-q1-q2', '#04ed00', 'stroke'), ('simbolo-q4-q0', '#04ed00', 'stroke')];The automaton has 3 transitions: q0 con valore 1 va in q1, q1 con valore 1 va in q2, q4 con valore 0 va in q0.;[('simbolo-q0-q1', '#04ed00', 'stroke'), ('simbolo-q1-q2', '#04ed00', 'stroke'), ('simbolo-q4-q0', '#04ed00', 'stroke')];True;True
297;pattern among arcs;Among arcs, pattern;Potresti essere più specifico?;[];Potresti essere più specifico?;[];True;True
299;arc from q2;From q2, arc;the transition is not defined.;[];there is no transition between q0 and q0.;[];False;True
300;transition from q3;From q3, transition;the transition is not defined.;[];there is no transition between q0 and q0.;[];False;True
301;how many transitions;There are how many transitions;The automaton has 3 transitions: q0 con valore 1 va in q1, q1 con valore 1 va in q2, q4 con valore 0 va in q0.;[('simbolo-q0-q1', '#04ed00', 'stroke'), ('simbolo-q1-q2', '#04ed00', 'stroke'), ('simbolo-q4-q0', '#04ed00', 'stroke')];The automaton has 3 transitions: q0 con valore 1 va in q1, q1 con valore 1 va in q2, q4 con valore 0 va in q0.;[('simbolo-q0-q1', '#04ed00', 'stroke'), ('simbolo-q1-q2', '#04ed00', 'stroke'), ('simbolo-q4-q0', '#04ed00', 'stroke')];True;True
302;how many states are there ;There are how many states;This automaton has 4 states;[('simbolo-q0', '#04ed00', 'stroke'), ('simbolo-q1', '#04ed00', 'stroke'), ('simbolo-q2', '#04ed00', 'stroke'), ('simbolo-q4', '#04ed00', 'stroke')];This automaton has 4 states;[('simbolo-q0', '#04ed00', 'stroke'), ('simbolo-q1', '#04ed00', 'stroke'), ('simbolo-q2', '#04ed00', 'stroke'), ('simbolo-q4', '#04ed00', 'stroke')];True;True
303;which are the states connected with 0 ;With 0, which are the states connected;The state q0 exists.;[('simbolo-q0', '#04ed00', 'stroke')];The automaton has 4 states: q0, q1, q2 e q4.;[('simbolo-q0', '#04ed00', 'stroke'), ('simbolo-q1', '#04ed00', 'stroke'), ('simbolo-q2', '#04ed00', 'stroke'), ('simbolo-q4', '#04ed00', 'stroke')];False;False
304;what arcs are marked with 0 ;With 0, what arcs are marked;there is no transition between q0 and q0.;[];the transition is not defined.;[];False;True
305;what are the arcs ;The arcs, what are;there is no transition between q0 and q0.;[];there is no transition between q0 and q0.;[];True;True
306;overview of the automaton;The automaton, overview of;The automaton accepts zero or more words formed by a sequence of the type 110. In total there are 4 states: q0, q1, q2 e q4. q0 is both the initial and the final state.Le transizioni sono: q0 with value 1 goes goes q1, q1 with value 1 goes goes q2, q4 with value 0 goes to q0.;[];The automaton accepts zero or more words formed by a sequence of the type 110. In total there are 4 states: q0, q1, q2 e q4. q0 is both the initial and the final state.Le transizioni sono: q0 with value 1 goes goes q1, q1 with value 1 goes goes q2, q4 with value 0 goes to q0.;[];True;True
307;overview of the automaton;The automaton, overview of;The automaton accepts zero or more words formed by a sequence of the type 110. In total there are 4 states: q0, q1, q2 e q4. q0 is both the initial and the final state.Le transizioni sono: q0 with value 1 goes goes q1, q1 with value 1 goes goes q2, q4 with value 0 goes to q0.;[];The automaton accepts zero or more words formed by a sequence of the type 110. In total there are 4 states: q0, q1, q2 e q4. q0 is both the initial and the final state.Le transizioni sono: q0 with value 1 goes goes q1, q1 with value 1 goes goes q2, q4 with value 0 goes to q0.;[];True;True
308; how is the automaton ;The automaton, how is;The automaton accepts zero or more words formed by a sequence of the type 110. In total there are 4 states: q0, q1, q2 e q4. q0 is both the initial and the final state.Le transizioni sono: q0 with value 1 goes goes q1, q1 with value 1 goes goes q2, q4 with value 0 goes to q0.;[];The automaton accepts zero or more words formed by a sequence of the type 110. In total there are 4 states: q0, q1, q2 e q4. q0 is both the initial and the final state.Le transizioni sono: q0 with value 1 goes goes q1, q1 with value 1 goes goes q2, q4 with value 0 goes to q0.;[];True;True
309;how many 0 art here ;There are how many 0;Potresti essere più specifico?;[];Potresti essere più specifico?;[];True;True
310;how many arcs marked by 1 are there ;There are how many arcs marked by 1;The automaton has 3 transitions: q0 con valore 1 va in q1, q1 con valore 1 va in q2, q4 con valore 0 va in q0.;[('simbolo-q0-q1', '#04ed00', 'stroke'), ('simbolo-q1-q2', '#04ed00', 'stroke'), ('simbolo-q4-q0', '#04ed00', 'stroke')];The automaton has 3 transitions: q0 con valore 1 va in q1, q1 con valore 1 va in q2, q4 con valore 0 va in q0.;[('simbolo-q0-q1', '#04ed00', 'stroke'), ('simbolo-q1-q2', '#04ed00', 'stroke'), ('simbolo-q4-q0', '#04ed00', 'stroke')];True;True
311;what are the patterns;The patterns, what are;Potresti essere più specifico?;[];Potresti essere più specifico?;[];True;True
312;what are the patterns ;The patterns, what are;Potresti essere più specifico?;[];Potresti essere più specifico?;[];True;True
313;patterns among arc;Among arc, patterns;Potresti essere più specifico?;[];Potresti essere più specifico?;[];True;True
314;patterns among arcs;Among arcs, patterns;Potresti essere più specifico?;[];Potresti essere più specifico?;[];True;True
315;describe the shape of the automaton;The shape of the automaton, describe;The automaton accepts zero or more words formed by a sequence of the type 110. In total there are 4 states: q0, q1, q2 e q4. q0 is both the initial and the final state.Le transizioni sono: q0 with value 1 goes goes q1, q1 with value 1 goes goes q2, q4 with value 0 goes to q0.;[];The automaton accepts zero or more words formed by a sequence of the type 110. In total there are 4 states: q0, q1, q2 e q4. q0 is both the initial and the final state.Le transizioni sono: q0 with value 1 goes goes q1, q1 with value 1 goes goes q2, q4 with value 0 goes to q0.;[];True;True
316;what is an automaton;An automaton, what is;The automaton accepts zero or more words formed by a sequence of the type 110. In total there are 4 states: q0, q1, q2 e q4. q0 is both the initial and the final state.Le transizioni sono: q0 with value 1 goes goes q1, q1 with value 1 goes goes q2, q4 with value 0 goes to q0.;[];The automaton accepts zero or more words formed by a sequence of the type 110. In total there are 4 states: q0, q1, q2 e q4. q0 is both the initial and the final state.Le transizioni sono: q0 with value 1 goes goes q1, q1 with value 1 goes goes q2, q4 with value 0 goes to q0.;[];True;True
317;transition diagram;Diagram, transition;there is no transition between q0 and q0.;[];there is no transition between q0 and q0.;[];True;True
318;describe the transition diagram;The transition diagram, describe;there is no transition between q0 and q0.;[];there is no transition between q0 and q0.;[];True;True
319;how many transitions are ther ein the automaton;In the automaton, how many transitions are there;The automaton has 3 transitions: q0 con valore 1 va in q1, q1 con valore 1 va in q2, q4 con valore 0 va in q0.;[('simbolo-q0-q1', '#04ed00', 'stroke'), ('simbolo-q1-q2', '#04ed00', 'stroke'), ('simbolo-q4-q0', '#04ed00', 'stroke')];The automaton has 3 transitions: q0 con valore 1 va in q1, q1 con valore 1 va in q2, q4 con valore 0 va in q0.;[('simbolo-q0-q1', '#04ed00', 'stroke'), ('simbolo-q1-q2', '#04ed00', 'stroke'), ('simbolo-q4-q0', '#04ed00', 'stroke')];True;True
320;what is a pattern;A pattern, what is;Potresti essere più specifico?;[];Potresti essere più specifico?;[];True;True
321;what is a particular pattern among arcs;Among arcs, what is a particular pattern;Potresti essere più specifico?;[];Potresti essere più specifico?;[];True;True
322;briefly describe the automaton;The automaton, briefly describe;The automaton accepts zero or more words formed by a sequence of the type 110. In total there are 4 states: q0, q1, q2 e q4. q0 is both the initial and the final state.Le transizioni sono: q0 with value 1 goes goes q1, q1 with value 1 goes goes q2, q4 with value 0 goes to q0.;[];The automaton accepts zero or more words formed by a sequence of the type 110. In total there are 4 states: q0, q1, q2 e q4. q0 is both the initial and the final state.Le transizioni sono: q0 with value 1 goes goes q1, q1 with value 1 goes goes q2, q4 with value 0 goes to q0.;[];True;True
323;what s the number of nodes;The number of nodes, what s;This automaton has 4 states;[('simbolo-q0', '#04ed00', 'stroke'), ('simbolo-q1', '#04ed00', 'stroke'), ('simbolo-q2', '#04ed00', 'stroke'), ('simbolo-q4', '#04ed00', 'stroke')];This automaton has 4 states;[('simbolo-q0', '#04ed00', 'stroke'), ('simbolo-q1', '#04ed00', 'stroke'), ('simbolo-q2', '#04ed00', 'stroke'), ('simbolo-q4', '#04ed00', 'stroke')];True;True
328;is 1 a label for some arc;A label for some arc, is 1;the transition is not defined.;[];there is no transition between q0 and q0.;[];False;True
329;what is the accepted language;The accepted language, what is;Potresti essere più specifico?;[];Potresti essere più specifico?;[];True;True
330;does the automaton accept other languages;Other languages, does the automaton accept;Potresti essere più specifico?;[];Potresti essere più specifico?;[];True;True
333;q2 to q3;To q3, q2;The transition between q2 and q3 is with value 0.;[('simbolo-q2-q3', '#04ed00', 'stroke')];there is no transition between q3 and q2.;[];False;False
334;q3 to q2;To q2, q3;there is no transition between q3 and q2.;[];The transition between q2 and q3 is with value 0.;[('simbolo-q2-q3', '#04ed00', 'stroke')];False;False
335;q3 to q4;To q4, q3;The transition between q3 and q4 is with value 0.;[('simbolo-q3-q4', '#04ed00', 'stroke')];there is no transition between q4 and q3.;[];False;False
336;q4 to q0;To q0, q4;The transition between q4 and q0 is with value 0.;[('simbolo-q4-q0', '#04ed00', 'stroke')];there is no transition between q0 and q4.;[];False;False
337;q0 to q4;To q4, q0;there is no transition between q0 and q4.;[];The transition between q4 and q0 is with value 0.;[('simbolo-q4-q0', '#04ed00', 'stroke')];False;False
338;describe the position of nodes;The position of nodes, describe;The state q0 exists.;[('simbolo-q0', '#04ed00', 'stroke')];The automaton has 4 states: q0, q1, q2 e q4.;[('simbolo-q0', '#04ed00', 'stroke'), ('simbolo-q1', '#04ed00', 'stroke'), ('simbolo-q2', '#04ed00', 'stroke'), ('simbolo-q4', '#04ed00', 'stroke')];False;False
339;describe the arcs;The arcs, describe;there is no transition between q0 and q0.;[];there is no transition between q0 and q0.;[];True;True
340;describe the position of arcs;The position of arcs, describe;there is no transition between q0 and q0.;[];there is no transition between q0 and q0.;[];True;True
341;is there any self loop;Any self loop, is there;Potresti essere più specifico?;[];Potresti essere più specifico?;[];True;True
342;what is a connection;A connection, what is;Potresti essere più specifico?;[];there is no transition between q0 and q0.;[];False;True
343;represent the automaton;The automaton, represent;The automaton accepts zero or more words formed by a sequence of the type 110. In total there are 4 states: q0, q1, q2 e q4. q0 is both the initial and the final state.Le transizioni sono: q0 with value 1 goes goes q1, q1 with value 1 goes goes q2, q4 with value 0 goes to q0.;[];The automaton accepts zero or more words formed by a sequence of the type 110. In total there are 4 states: q0, q1, q2 e q4. q0 is both the initial and the final state.Le transizioni sono: q0 with value 1 goes goes q1, q1 with value 1 goes goes q2, q4 with value 0 goes to q0.;[];True;True
344;how many states;There are how many states;This automaton has 4 states;[('simbolo-q0', '#04ed00', 'stroke'), ('simbolo-q1', '#04ed00', 'stroke'), ('simbolo-q2', '#04ed00', 'stroke'), ('simbolo-q4', '#04ed00', 'stroke')];This automaton has 4 states;[('simbolo-q0', '#04ed00', 'stroke'), ('simbolo-q1', '#04ed00', 'stroke'), ('simbolo-q2', '#04ed00', 'stroke'), ('simbolo-q4', '#04ed00', 'stroke')];True;True
345;what is the input;The input, what is;Potresti essere più specifico?;[];Potresti essere più specifico?;[];True;True
346;can you describe the automaton;The automaton, can you describe;The automaton accepts zero or more words formed by a sequence of the type 110. In total there are 4 states: q0, q1, q2 e q4. q0 is both the initial and the final state.Le transizioni sono: q0 with value 1 goes goes q1, q1 with value 1 goes goes q2, q4 with value 0 goes to q0.;[];Potresti essere più specifico?;[];False;True
347;which arc from q1;From q1, which arc;the transition is not defined.;[];there is no transition between q0 and q0.;[];False;True
348;which arc from q2;From q2, which arc;the transition is not defined.;[];the transition is not defined.;[];True;True
349;which arc from q3;From q3, which arc;the transition is not defined.;[];the transition is not defined.;[];True;True
350;which arc from q3;From q3, which arc;the transition is not defined.;[];the transition is not defined.;[];True;True
351;which arc from q4;From q4, which arc;the transition is not defined.;[];there is no transition between q0 and q0.;[];False;True
352;can you describe the transitions;The transitions, can you describe;The automaton has 3 transitions: q0 con valore 1 va in q1, q1 con valore 1 va in q2, q4 con valore 0 va in q0.;[('simbolo-q0-q1', '#04ed00', 'stroke'), ('simbolo-q1-q2', '#04ed00', 'stroke'), ('simbolo-q4-q0', '#04ed00', 'stroke')];there is no transition between q0 and q0.;[];False;False
353;how many states;There are how many states;This automaton has 4 states;[('simbolo-q0', '#04ed00', 'stroke'), ('simbolo-q1', '#04ed00', 'stroke'), ('simbolo-q2', '#04ed00', 'stroke'), ('simbolo-q4', '#04ed00', 'stroke')];This automaton has 4 states;[('simbolo-q0', '#04ed00', 'stroke'), ('simbolo-q1', '#04ed00', 'stroke'), ('simbolo-q2', '#04ed00', 'stroke'), ('simbolo-q4', '#04ed00', 'stroke')];True;True
354;describe me the automaton;The automaton, describe me;The automaton accepts zero or more words formed by a sequence of the type 110. In total there are 4 states: q0, q1, q2 e q4. q0 is both the initial and the final state.Le transizioni sono: q0 with value 1 goes goes q1, q1 with value 1 goes goes q2, q4 with value 0 goes to q0.;[];The automaton accepts zero or more words formed by a sequence of the type 110. In total there are 4 states: q0, q1, q2 e q4. q0 is both the initial and the final state.Le transizioni sono: q0 with value 1 goes goes q1, q1 with value 1 goes goes q2, q4 with value 0 goes to q0.;[];True;True
355;explain how words made by 1s and 0s are used;How words made by 1s and 0s are used, explain;Potresti essere più specifico?;[];Potresti essere più specifico?;[];True;True
356;What is the accepted language;The accepted language, what is;Potresti essere più specifico?;[];Potresti essere più specifico?;[];True;True
357;how many arcs are there;There are how many arcs;The automaton has 3 transitions: q0 con valore 1 va in q1, q1 con valore 1 va in q2, q4 con valore 0 va in q0.;[('simbolo-q0-q1', '#04ed00', 'stroke'), ('simbolo-q1-q2', '#04ed00', 'stroke'), ('simbolo-q4-q0', '#04ed00', 'stroke')];The automaton has 3 transitions: q0 con valore 1 va in q1, q1 con valore 1 va in q2, q4 con valore 0 va in q0.;[('simbolo-q0-q1', '#04ed00', 'stroke'), ('simbolo-q1-q2', '#04ed00', 'stroke'), ('simbolo-q4-q0', '#04ed00', 'stroke')];True;True
358;is there a particular pattern among the arcs;Among the arcs, is there a particular pattern;Potresti essere più specifico?;[];Potresti essere più specifico?;[];True;True
361;describe me the transitions;The transitions, describe me;The automaton has 3 transitions: q0 con valore 1 va in q1, q1 con valore 1 va in q2, q4 con valore 0 va in q0.;[('simbolo-q0-q1', '#04ed00', 'stroke'), ('simbolo-q1-q2', '#04ed00', 'stroke'), ('simbolo-q4-q0', '#04ed00', 'stroke')];there is no transition between q0 and q0.;[];False;False
362;describe me the alphabet and how its used;The alphabet and how its used, describe me;Potresti essere più specifico?;[];Potresti essere più specifico?;[];True;True
363;describe me the alphabet;The alphabet, describe me;Potresti essere più specifico?;[];Potresti essere più specifico?;[];True;True
364;describe me the language accepted;The language accepted, describe me;Potresti essere più specifico?;[];Potresti essere più specifico?;[];True;True
365;what is a word in the language accepted;A word in the language accepted, what is;Potresti essere più specifico?;[];Potresti essere più specifico?;[];True;True
366;describe me the state q1;The state q1, describe me;The state q0 exists.;[('simbolo-q0', '#04ed00', 'stroke')];The automaton has 4 states: q0, q1, q2 e q4.;[('simbolo-q0', '#04ed00', 'stroke'), ('simbolo-q1', '#04ed00', 'stroke'), ('simbolo-q2', '#04ed00', 'stroke'), ('simbolo-q4', '#04ed00', 'stroke')];False;False
367;which is the final state;The final state, which is;The final state is q0.;[('simbolo-q0', '#04ed00', 'stroke')];The final state is q0.;[('simbolo-q0', '#04ed00', 'stroke')];True;True
368;can i transite from q1 to q0;From q1 to q0, can I transite;there is no transition between q1 and q0.;[];there is no transition between q1 and q0.;[];True;True
369;is 2 accepted as input;As input, is 2 accepted;Potresti essere più specifico?;[];Potresti essere più specifico?;[];True;True
370;suggest me some questions;Some questions, suggest me;Potresti essere più specifico?;[];Potresti essere più specifico?;[];True;True
371;tell me something about the states ;About the states, tell me something;The state q0 exists.;[('simbolo-q0', '#04ed00', 'stroke')];The state q0 exists.;[('simbolo-q0', '#04ed00', 'stroke')];True;True
372;thank for helping me;For helping me, thank;Potresti essere più specifico?;[];Potresti essere più specifico?;[];True;True
374;what can i ask you;You, what can I ask;Potresti essere più specifico?;[];Potresti essere più specifico?;[];True;True
375;is the automation a DFA or NFA;A DFA or NFA, is the automation;Potresti essere più specifico?;[];The automaton accepts zero or more words formed by a sequence of the type 110. In total there are 4 states: q0, q1, q2 e q4. q0 is both the initial and the final state.Le transizioni sono: q0 with value 1 goes goes q1, q1 with value 1 goes goes q2, q4 with value 0 goes to q0.;[];False;True
376;can you describe the trasition function;The trasition function, can you describe;there is no transition between q0 and q0.;[];there is no transition between q0 and q0.;[];True;True
377;in which state would the automation goes if it read a 0 from the state q1;If it read a 0 from the state q1, in which state would the automation goes;The automaton has 4 states: q0, q1, q2 e q4.;[('simbolo-q0', '#04ed00', 'stroke'), ('simbolo-q1', '#04ed00', 'stroke'), ('simbolo-q2', '#04ed00', 'stroke'), ('simbolo-q4', '#04ed00', 'stroke')];The state q0 exists.;[('simbolo-q0', '#04ed00', 'stroke')];False;False
378;is the automation deterministic or non-deterministic;Deterministic or non-deterministic, is the automation;Potresti essere più specifico?;[];The automaton accepts zero or more words formed by a sequence of the type 110. In total there are 4 states: q0, q1, q2 e q4. q0 is both the initial and the final state.Le transizioni sono: q0 with value 1 goes goes q1, q1 with value 1 goes goes q2, q4 with value 0 goes to q0.;[];False;True
379;given the deterministc nature of the automation, why there is no a transition when I am in q1 and the automation read 0;Given the deterministc nature of the automation, why is there no a transition when I am in q1 and the automation read 0;The transition between q1 and q2 is with value 1.;[('simbolo-q1-q2', '#04ed00', 'stroke')];The transition between q1 and q2 is with value 1.;[('simbolo-q1-q2', '#04ed00', 'stroke')];True;True
380;given the deterministc nature of the automation why there is no a transition when I am in q1 and the automation read 0;Given the deterministc nature of the automation, why is there no a transition when I am in q1 and the automation read 0;The transition between q1 and q2 is with value 1.;[('simbolo-q1-q2', '#04ed00', 'stroke')];The transition between q1 and q2 is with value 1.;[('simbolo-q1-q2', '#04ed00', 'stroke')];True;True
381;tell me a real use case of this automation;Of this automation, tell me a real use case;The automaton accepts zero or more words formed by a sequence of the type 110. In total there are 4 states: q0, q1, q2 e q4. q0 is both the initial and the final state.Le transizioni sono: q0 with value 1 goes goes q1, q1 with value 1 goes goes q2, q4 with value 0 goes to q0.;[];The automaton accepts zero or more words formed by a sequence of the type 110. In total there are 4 states: q0, q1, q2 e q4. q0 is both the initial and the final state.Le transizioni sono: q0 with value 1 goes goes q1, q1 with value 1 goes goes q2, q4 with value 0 goes to q0.;[];True;True
382;how many states are in the automation;In the automation, how many states are;This automaton has 4 states;[('simbolo-q0', '#04ed00', 'stroke'), ('simbolo-q1', '#04ed00', 'stroke'), ('simbolo-q2', '#04ed00', 'stroke'), ('simbolo-q4', '#04ed00', 'stroke')];This automaton has 4 states;[('simbolo-q0', '#04ed00', 'stroke'), ('simbolo-q1', '#04ed00', 'stroke'), ('simbolo-q2', '#04ed00', 'stroke'), ('simbolo-q4', '#04ed00', 'stroke')];True;True
383;are there any loops in the automaton;In the automaton, are there any loops;Potresti essere più specifico?;[];Potresti essere più specifico?;[];True;True
384;can you explain me what is a final state of a DFA?;Of a DFA, can you explain me what is a final state;The final state is q0.;[('simbolo-q0', '#04ed00', 'stroke')];The final state is q0.;[('simbolo-q0', '#04ed00', 'stroke')];True;True
385;can you describe to me how works a transition function;How works a transition function, can you describe to me;there is no transition between q0 and q0.;[];there is no transition between q0 and q0.;[];True;True
386;based on your previous answer this automata could accept the binary string 111100;Based on your previous answer, the binary string 111100 could be accepted by this automata;Potresti essere più specifico?;[];Potresti essere più specifico?;[];True;True
387;how many final states the automaton has;The automaton has how many final states;The automaton has 4 states: q0, q1, q2 e q4.;[('simbolo-q0', '#04ed00', 'stroke'), ('simbolo-q1', '#04ed00', 'stroke'), ('simbolo-q2', '#04ed00', 'stroke'), ('simbolo-q4', '#04ed00', 'stroke')];The automaton has 4 states: q0, q1, q2 e q4.;[('simbolo-q0', '#04ed00', 'stroke'), ('simbolo-q1', '#04ed00', 'stroke'), ('simbolo-q2', '#04ed00', 'stroke'), ('simbolo-q4', '#04ed00', 'stroke')];True;True
388;what is the final state;The final state, what is;The final state is q0.;[('simbolo-q0', '#04ed00', 'stroke')];The final state is q0.;[('simbolo-q0', '#04ed00', 'stroke')];True;True
389;how can i reach the state q4 from the state q2;From the state q2, how can I reach the state q4;there is no transition between q2 and q4.;[];there is no transition between q2 and q4.;[];True;True
390;is there a way to reach the state q1 from the state q3;From the state q3, is there a way to reach the state q1;there is no transition between q3 and q1.;[];there is no transition between q3 and q1.;[];True;True
391;are there some pattern;Some pattern, are there;Potresti essere più specifico?;[];Potresti essere più specifico?;[];True;True
392;Explain the difference between deterministic and non deterministic finite automata;Between deterministic and non deterministic finite automata, explain the difference;Potresti essere più specifico?;[];Potresti essere più specifico?;[];True;True
393;Define the concept of an accepting state in finite automata;In finite automata, define the concept of an accepting state;The state q0 exists.;[('simbolo-q0', '#04ed00', 'stroke')];The state q0 exists.;[('simbolo-q0', '#04ed00', 'stroke')];True;True
394;Can a finite automaton recognize non-regular languages;Non-regular languages, can a finite automaton recognize;Potresti essere più specifico?;[];Potresti essere più specifico?;[];True;True
395;Describe the transitions and the accepting states of this specific automaton;The transitions and the accepting states of this specific automaton, describe;Potresti essere più specifico?;[];The automaton accepts zero or more words formed by a sequence of the type 110. In total there are 4 states: q0, q1, q2 e q4. q0 is both the initial and the final state.Le transizioni sono: q0 with value 1 goes goes q1, q1 with value 1 goes goes q2, q4 with value 0 goes to q0.;[];False;True
396;What happens if the input sequence does not match the required pattern of three 1s followed by two 0s in this automaton;If the input sequence does not match the required pattern of three 1s followed by two 0s in this automaton, what happens;Potresti essere più specifico?;[];Potresti essere più specifico?;[];True;True
397;How does the automaton behave if the input starts with a 0 instead of a 1?;If the input starts with a 0 instead of a 1, how does the automaton behave;The automaton has 3 transitions: q0 con valore 1 va in q1, q1 con valore 1 va in q2, q4 con valore 0 va in q0.;[('simbolo-q0-q1', '#04ed00', 'stroke'), ('simbolo-q1-q2', '#04ed00', 'stroke'), ('simbolo-q4-q0', '#04ed00', 'stroke')];The automaton accepts zero or more words formed by a sequence of the type 110. In total there are 4 states: q0, q1, q2 e q4. q0 is both the initial and the final state.Le transizioni sono: q0 with value 1 goes goes q1, q1 with value 1 goes goes q2, q4 with value 0 goes to q0.;[];False;False
398;What is the role of the state q4 in the automaton's behavior;In the automaton's behavior, what is the role of the state q4;The automaton has 4 states: q0, q1, q2 e q4.;[('simbolo-q0', '#04ed00', 'stroke'), ('simbolo-q1', '#04ed00', 'stroke'), ('simbolo-q2', '#04ed00', 'stroke'), ('simbolo-q4', '#04ed00', 'stroke')];The state q0 exists.;[('simbolo-q0', '#04ed00', 'stroke')];False;False
399;What is the role of the state q4 in the behavior of automaton;In the behavior of automaton, what is the role of the state q4;The state q0 exists.;[('simbolo-q0', '#04ed00', 'stroke')];The state q0 exists.;[('simbolo-q0', '#04ed00', 'stroke')];True;True
400;How does the automaton transition back to the initial state after completing a valid sequence;After completing a valid sequence, how does the automaton transition back to the initial state;the transition is not defined.;[];there is no transition between q0 and q0.;[];False;True
401;How many transitions are there in this automaton;In this automaton, how many transitions are there;The automaton has 3 transitions: q0 con valore 1 va in q1, q1 con valore 1 va in q2, q4 con valore 0 va in q0.;[('simbolo-q0-q1', '#04ed00', 'stroke'), ('simbolo-q1-q2', '#04ed00', 'stroke'), ('simbolo-q4-q0', '#04ed00', 'stroke')];The automaton has 3 transitions: q0 con valore 1 va in q1, q1 con valore 1 va in q2, q4 con valore 0 va in q0.;[('simbolo-q0-q1', '#04ed00', 'stroke'), ('simbolo-q1-q2', '#04ed00', 'stroke'), ('simbolo-q4-q0', '#04ed00', 'stroke')];True;True
402;Is there a particular pattern among the transitions in this automaton;Among the transitions in this automaton, is there a particular pattern;Potresti essere più specifico?;[];Potresti essere più specifico?;[];True;True
403;What happens if the input string is shorter than three 1s followed by two 0s;If the input string is shorter than three 1s followed by two 0s, what happens;Potresti essere più specifico?;[];Potresti essere più specifico?;[];True;True
404;goodmorning, how are you;How are you, goodmorning;Potresti essere più specifico?;[];Potresti essere più specifico?;[];True;True
405;describe me the automaton;The automaton, describe me;The automaton accepts zero or more words formed by a sequence of the type 110. In total there are 4 states: q0, q1, q2 e q4. q0 is both the initial and the final state.Le transizioni sono: q0 with value 1 goes goes q1, q1 with value 1 goes goes q2, q4 with value 0 goes to q0.;[];The automaton accepts zero or more words formed by a sequence of the type 110. In total there are 4 states: q0, q1, q2 e q4. q0 is both the initial and the final state.Le transizioni sono: q0 with value 1 goes goes q1, q1 with value 1 goes goes q2, q4 with value 0 goes to q0.;[];True;True
406;How many states are in automaton;In automaton, how many states are;This automaton has 4 states;[('simbolo-q0', '#04ed00', 'stroke'), ('simbolo-q1', '#04ed00', 'stroke'), ('simbolo-q2', '#04ed00', 'stroke'), ('simbolo-q4', '#04ed00', 'stroke')];This automaton has 4 states;[('simbolo-q0', '#04ed00', 'stroke'), ('simbolo-q1', '#04ed00', 'stroke'), ('simbolo-q2', '#04ed00', 'stroke'), ('simbolo-q4', '#04ed00', 'stroke')];True;True
407;What does each state do in automaton;In automaton, what does each state do;The state q0 exists.;[('simbolo-q0', '#04ed00', 'stroke')];The state q0 exists.;[('simbolo-q0', '#04ed00', 'stroke')];True;True
408;What is the starting state of the automaton;Of the automaton, what is the starting state;The initial state is q0.;[('simbolo-q0', '#04ed00', 'stroke')];The initial state is q0.;[('simbolo-q0', '#04ed00', 'stroke')];True;True
409;What is the role of the final state in the automaton;In the automaton, what is the role of the final state;The final state is q0.;[('simbolo-q0', '#04ed00', 'stroke')];The final state is q0.;[('simbolo-q0', '#04ed00', 'stroke')];True;True
410;What happens if the input does not follow the sequence of three 1s followed by two 0s;If the input does not follow the sequence of three 1s followed by two 0s, what happens;The automaton accepts zero or more words formed by a sequence of the type 110. In total there are 4 states: q0, q1, q2 e q4. q0 is both the initial and the final state.Le transizioni sono: q0 with value 1 goes goes q1, q1 with value 1 goes goes q2, q4 with value 0 goes to q0.;[];Potresti essere più specifico?;[];False;True
411;What triggers a transition from one state to another in the automaton;From one state to another in the automaton, what triggers a transition;there is no transition between q0 and q0.;[];there is no transition between q0 and q0.;[];True;True
412;What input pattern is required for the automaton to reach its final state;For the automaton to reach its final state, what input pattern is required;Potresti essere più specifico?;[];Potresti essere più specifico?;[];True;True
413;How many transitions are there in the automaton;In the automaton, how many transitions are there;The automaton has 3 transitions: q0 con valore 1 va in q1, q1 con valore 1 va in q2, q4 con valore 0 va in q0.;[('simbolo-q0-q1', '#04ed00', 'stroke'), ('simbolo-q1-q2', '#04ed00', 'stroke'), ('simbolo-q4-q0', '#04ed00', 'stroke')];The automaton has 3 transitions: q0 con valore 1 va in q1, q1 con valore 1 va in q2, q4 con valore 0 va in q0.;[('simbolo-q0-q1', '#04ed00', 'stroke'), ('simbolo-q1-q2', '#04ed00', 'stroke'), ('simbolo-q4-q0', '#04ed00', 'stroke')];True;True
414;Which state in the automaton has the most transitions;In the automaton, which state has the most transitions;The state q0 exists.;[('simbolo-q0', '#04ed00', 'stroke')];The automaton has 4 states: q0, q1, q2 e q4.;[('simbolo-q0', '#04ed00', 'stroke'), ('simbolo-q1', '#04ed00', 'stroke'), ('simbolo-q2', '#04ed00', 'stroke'), ('simbolo-q4', '#04ed00', 'stroke')];False;False
415;Is there any state in the automaton that has no outgoing transitions;In the automaton, is there any state that has no outgoing transitions;The state q0 exists.;[('simbolo-q0', '#04ed00', 'stroke')];The automaton has 4 states: q0, q1, q2 e q4.;[('simbolo-q0', '#04ed00', 'stroke'), ('simbolo-q1', '#04ed00', 'stroke'), ('simbolo-q2', '#04ed00', 'stroke'), ('simbolo-q4', '#04ed00', 'stroke')];False;False
417;How many states are in this automaton;In this automaton, how many states are;This automaton has 4 states;[('simbolo-q0', '#04ed00', 'stroke'), ('simbolo-q1', '#04ed00', 'stroke'), ('simbolo-q2', '#04ed00', 'stroke'), ('simbolo-q4', '#04ed00', 'stroke')];This automaton has 4 states;[('simbolo-q0', '#04ed00', 'stroke'), ('simbolo-q1', '#04ed00', 'stroke'), ('simbolo-q2', '#04ed00', 'stroke'), ('simbolo-q4', '#04ed00', 'stroke')];True;True
418;What input causes the automaton to move from one state to the next;The automaton, what input causes it to move from one state to the next;The automaton has 4 states: q0, q1, q2 e q4.;[('simbolo-q0', '#04ed00', 'stroke'), ('simbolo-q1', '#04ed00', 'stroke'), ('simbolo-q2', '#04ed00', 'stroke'), ('simbolo-q4', '#04ed00', 'stroke')];The automaton has 3 transitions: q0 con valore 1 va in q1, q1 con valore 1 va in q2, q4 con valore 0 va in q0.;[('simbolo-q0-q1', '#04ed00', 'stroke'), ('simbolo-q1-q2', '#04ed00', 'stroke'), ('simbolo-q4-q0', '#04ed00', 'stroke')];False;False
419;Which state follows q1 in the automaton;Which state in the automaton follows q1;The state q0 exists.;[('simbolo-q0', '#04ed00', 'stroke')];Potresti essere più specifico?;[];False;False
419;Which state follows q1 in the automaton;In the automaton which state follows q1;The state q0 exists.;[('simbolo-q0', '#04ed00', 'stroke')];The automaton has 4 states: q0, q1, q2 e q4.;[('simbolo-q0', '#04ed00', 'stroke'), ('simbolo-q1', '#04ed00', 'stroke'), ('simbolo-q2', '#04ed00', 'stroke'), ('simbolo-q4', '#04ed00', 'stroke')];False;False
420;What input causes the automaton to move from q3 to q4;What input causes the automaton to move to q4 from q3;The transition between q3 and q4 is with value 0.;[('simbolo-q3-q4', '#04ed00', 'stroke')];The transition between q3 and q4 is with value 0.;[('simbolo-q3-q4', '#04ed00', 'stroke')];True;True
420;What input causes the automaton to move from q3 to q4;To q4 from q3 what input causes the automaton to move;The transition between q3 and q4 is with value 0.;[('simbolo-q3-q4', '#04ed00', 'stroke')];The transition between q3 and q4 is with value 0.;[('simbolo-q3-q4', '#04ed00', 'stroke')];True;True
421;What happens after the automaton reaches q4;After the automaton reaches q4 what happens;The state q4 exists.;[('simbolo-q4', '#04ed00', 'stroke')];The state q0 exists.;[('simbolo-q0', '#04ed00', 'stroke')];False;False
422;Does the automaton return to q0 after every valid input sequence;After every valid input sequence does the automaton return to q0;The automaton accepts zero or more words formed by a sequence of the type 110. In total there are 4 states: q0, q1, q2 e q4. q0 is both the initial and the final state.Le transizioni sono: q0 with value 1 goes goes q1, q1 with value 1 goes goes q2, q4 with value 0 goes to q0.;[];The automaton has 4 states: q0, q1, q2 e q4.;[('simbolo-q0', '#04ed00', 'stroke'), ('simbolo-q1', '#04ed00', 'stroke'), ('simbolo-q2', '#04ed00', 'stroke'), ('simbolo-q4', '#04ed00', 'stroke')];False;False
423;What kind of language is accepted by this automaton;By this automaton what kind of language is accepted;Potresti essere più specifico?;[];Potresti essere più specifico?;[];True;True
424;Can the automaton accept an empty string;An empty string can the automaton accept;Potresti essere più specifico?;[];Potresti essere più specifico?;[];True;True
425;Does the automaton accept sequences longer than three 1s followed by two 0s;Sequences longer than three 1s followed by two 0s does the automaton accept;Potresti essere più specifico?;[];Potresti essere più specifico?;[];True;True
426;Which state in the automaton is both the initial and the final state;Which state in the automaton is both the initial and the final state;The initial state is q0.;[('simbolo-q0', '#04ed00', 'stroke')];The initial state is q0.;[('simbolo-q0', '#04ed00', 'stroke')];True;True
427;Thank you for responding to me;For responding to me thank you;Potresti essere più specifico?;[];Potresti essere più specifico?;[];True;True
427;Thank you for responding to me;To me thank you for responding;Potresti essere più specifico?;[];Potresti essere più specifico?;[];True;True
428;what i can ask you;What can i ask you;Potresti essere più specifico?;[];Potresti essere più specifico?;[];True;True
428;what i can ask you;Can i ask you what;Potresti essere più specifico?;[];Potresti essere più specifico?;[];True;True
429;how many nodes are there?;There are how many nodes;This automaton has 4 states;[('simbolo-q0', '#04ed00', 'stroke'), ('simbolo-q1', '#04ed00', 'stroke'), ('simbolo-q2', '#04ed00', 'stroke'), ('simbolo-q4', '#04ed00', 'stroke')];This automaton has 4 states;[('simbolo-q0', '#04ed00', 'stroke'), ('simbolo-q1', '#04ed00', 'stroke'), ('simbolo-q2', '#04ed00', 'stroke'), ('simbolo-q4', '#04ed00', 'stroke')];True;True
430;what are the transitions between these states;Between these states what are the transitions;there is no transition between q0 and q0.;[];there is no transition between q0 and q0.;[];True;True
431;what are the arcs;The arcs, what are;there is no transition between q0 and q0.;[];there is no transition between q0 and q0.;[];True;True
434;what is the accepted language;The accepted language, what is;Potresti essere più specifico?;[];Potresti essere più specifico?;[];True;True
436;is there an alphabet;There is an alphabet;Potresti essere più specifico?;[];Potresti essere più specifico?;[];True;True
437;is q3 the final node;Is the final node q3;The final state is q0.;[('simbolo-q0', '#04ed00', 'stroke')];The final state is q0.;[('simbolo-q0', '#04ed00', 'stroke')];True;True
437;is q3 the final node;The final node is q3;The final state is q0.;[('simbolo-q0', '#04ed00', 'stroke')];The final state is q0.;[('simbolo-q0', '#04ed00', 'stroke')];True;True
438;is q0 the final node;Is the final node q0;The final state is q0.;[('simbolo-q0', '#04ed00', 'stroke')];The final state is q0.;[('simbolo-q0', '#04ed00', 'stroke')];True;True
438;is q0 the final node;The final node is q0;The final state is q0.;[('simbolo-q0', '#04ed00', 'stroke')];The final state is q0.;[('simbolo-q0', '#04ed00', 'stroke')];True;True
439;is there a transition from q0 to q1;From q0 to q1 is there a transition;The transition between q0 and q1 is with value 1.;[('simbolo-q0-q1', '#04ed00', 'stroke')];The transition between q0 and q1 is with value 1.;[('simbolo-q0-q1', '#04ed00', 'stroke')];True;True
442;how many arcs start from q0 to q1;From q0 to q1 how many arcs start;The transition between q0 and q1 is with value 1.;[('simbolo-q0-q1', '#04ed00', 'stroke')];The transition between q0 and q1 is with value 1.;[('simbolo-q0-q1', '#04ed00', 'stroke')];True;True
443;is there q5;Q5 is there;The state q0 exists.;[('simbolo-q0', '#04ed00', 'stroke')];Potresti essere più specifico?;[];False;False
444;is there a transitions from q0 to q4;From q0 to q4 is there a transitions;there is no transition between q0 and q4.;[];there is no transition between q0 and q4.;[];True;True
445;is q0 the last state;Is the last state q0;The automaton has 4 states: q0, q1, q2 e q4.;[('simbolo-q0', '#04ed00', 'stroke'), ('simbolo-q1', '#04ed00', 'stroke'), ('simbolo-q2', '#04ed00', 'stroke'), ('simbolo-q4', '#04ed00', 'stroke')];The state q0 exists.;[('simbolo-q0', '#04ed00', 'stroke')];False;False
446;is q0 the initial state;Is the initial state q0;The initial state is q0.;[('simbolo-q0', '#04ed00', 'stroke')];The initial state is q0.;[('simbolo-q0', '#04ed00', 'stroke')];True;True
447;are there other final states;Other final states are there;The final state is q0.;[('simbolo-q0', '#04ed00', 'stroke')];The final state is q0.;[('simbolo-q0', '#04ed00', 'stroke')];True;True
448;what input can be processed by the automaton;By the automaton what input can be processed;Potresti essere più specifico?;[];Potresti essere più specifico?;[];True;True
450;what is the accepted language;The accepted language, what is;Potresti essere più specifico?;[];Potresti essere più specifico?;[];True;True
451;what are the nodes;The nodes what are;The state q0 exists.;[('simbolo-q0', '#04ed00', 'stroke')];The state q0 exists.;[('simbolo-q0', '#04ed00', 'stroke')];True;True
452;what are the states;The states what are;The state q0 exists.;[('simbolo-q0', '#04ed00', 'stroke')];The state q0 exists.;[('simbolo-q0', '#04ed00', 'stroke')];True;True
453;is there Q10;Q10 is there;The state q0 exists.;[('simbolo-q0', '#04ed00', 'stroke')];The state q0 exists.;[('simbolo-q0', '#04ed00', 'stroke')];True;True
454;how many transitions are there;There are how many transitions;The automaton has 3 transitions: q0 con valore 1 va in q1, q1 con valore 1 va in q2, q4 con valore 0 va in q0.;[('simbolo-q0-q1', '#04ed00', 'stroke'), ('simbolo-q1-q2', '#04ed00', 'stroke'), ('simbolo-q4-q0', '#04ed00', 'stroke')];The automaton has 3 transitions: q0 con valore 1 va in q1, q1 con valore 1 va in q2, q4 con valore 0 va in q0.;[('simbolo-q0-q1', '#04ed00', 'stroke'), ('simbolo-q1-q2', '#04ed00', 'stroke'), ('simbolo-q4-q0', '#04ed00', 'stroke')];True;True
455;is there a particular pattern among them;Among them is there a particular pattern;Potresti essere più specifico?;[];Potresti essere più specifico?;[];True;True
457;what is a deterministic automaton;A deterministic automaton, what is;The automaton accepts zero or more words formed by a sequence of the type 110. In total there are 4 states: q0, q1, q2 e q4. q0 is both the initial and the final state.Le transizioni sono: q0 with value 1 goes goes q1, q1 with value 1 goes goes q2, q4 with value 0 goes to q0.;[];The automaton accepts zero or more words formed by a sequence of the type 110. In total there are 4 states: q0, q1, q2 e q4. q0 is both the initial and the final state.Le transizioni sono: q0 with value 1 goes goes q1, q1 with value 1 goes goes q2, q4 with value 0 goes to q0.;[];True;True
458;what is an automaton;An automaton, what is;The automaton accepts zero or more words formed by a sequence of the type 110. In total there are 4 states: q0, q1, q2 e q4. q0 is both the initial and the final state.Le transizioni sono: q0 with value 1 goes goes q1, q1 with value 1 goes goes q2, q4 with value 0 goes to q0.;[];The automaton accepts zero or more words formed by a sequence of the type 110. In total there are 4 states: q0, q1, q2 e q4. q0 is both the initial and the final state.Le transizioni sono: q0 with value 1 goes goes q1, q1 with value 1 goes goes q2, q4 with value 0 goes to q0.;[];True;True
460;is 1 a label for some arc;A label for some arc is 1;the transition is not defined.;[];there is no transition between q0 and q0.;[];False;True
462;Tell me a little bit about the automaton;Tell me about the automaton a little bit;The automaton accepts zero or more words formed by a sequence of the type 110. In total there are 4 states: q0, q1, q2 e q4. q0 is both the initial and the final state.Le transizioni sono: q0 with value 1 goes goes q1, q1 with value 1 goes goes q2, q4 with value 0 goes to q0.;[];The automaton accepts zero or more words formed by a sequence of the type 110. In total there are 4 states: q0, q1, q2 e q4. q0 is both the initial and the final state.Le transizioni sono: q0 with value 1 goes goes q1, q1 with value 1 goes goes q2, q4 with value 0 goes to q0.;[];True;True
463;Give me a list of the arcs;Of the arcs give me a list;there is no transition between q0 and q0.;[];there is no transition between q0 and q0.;[];True;True
464;give to me the list of states;To me give the list of states;The state q0 exists.;[('simbolo-q0', '#04ed00', 'stroke')];The state q0 exists.;[('simbolo-q0', '#04ed00', 'stroke')];True;True
465;How many states are there;There are how many states;This automaton has 4 states;[('simbolo-q0', '#04ed00', 'stroke'), ('simbolo-q1', '#04ed00', 'stroke'), ('simbolo-q2', '#04ed00', 'stroke'), ('simbolo-q4', '#04ed00', 'stroke')];This automaton has 4 states;[('simbolo-q0', '#04ed00', 'stroke'), ('simbolo-q1', '#04ed00', 'stroke'), ('simbolo-q2', '#04ed00', 'stroke'), ('simbolo-q4', '#04ed00', 'stroke')];True;True
468;What are the states connected to q0;To q0 what are the states connected;The state q0 exists.;[('simbolo-q0', '#04ed00', 'stroke')];there is no transition between q0 and q0.;[];False;False
469;What are the states connected to q1;To q1, what are the states connected?;The state q1 exists.;[('simbolo-q1', '#04ed00', 'stroke')];there is no transition between q0 and q0.;[];False;False
470;What are the states connected to q2;To q2, what are the states connected?;The state q0 exists.;[('simbolo-q0', '#04ed00', 'stroke')];the transition is not defined.;[];False;False
471;What are the states connected to q3;To q3, what are the states connected?;The state q0 exists.;[('simbolo-q0', '#04ed00', 'stroke')];the transition is not defined.;[];False;False
472;What are the states connected to q4;To q4, what are the states connected?;The state q0 exists.;[('simbolo-q0', '#04ed00', 'stroke')];the transition is not defined.;[];False;False
473;What are the states connected to q5;To q5, what are the states connected?;The state q0 exists.;[('simbolo-q0', '#04ed00', 'stroke')];the transition is not defined.;[];False;False
474;what is the transition function;The transition function, what is?;The automaton has 3 transitions: q0 con valore 1 va in q1, q1 con valore 1 va in q2, q4 con valore 0 va in q0.;[('simbolo-q0-q1', '#04ed00', 'stroke'), ('simbolo-q1-q2', '#04ed00', 'stroke'), ('simbolo-q4-q0', '#04ed00', 'stroke')];there is no transition between q0 and q0.;[];False;False
475;what is the output;The output, what is?;Potresti essere più specifico?;[];Potresti essere più specifico?;[];True;True
477;can you provide me some examples of inputs and output;Some examples of inputs and output, can you provide me?;Potresti essere più specifico?;[];Potresti essere più specifico?;[];True;True
478;Give me some examples of inputs and output;Some examples of inputs and output, give me;Potresti essere più specifico?;[];Potresti essere più specifico?;[];True;True
479;is it an undefined automaton;An undefined automaton, is it?;The automaton accepts zero or more words formed by a sequence of the type 110. In total there are 4 states: q0, q1, q2 e q4. q0 is both the initial and the final state.Le transizioni sono: q0 with value 1 goes goes q1, q1 with value 1 goes goes q2, q4 with value 0 goes to q0.;[];The automaton accepts zero or more words formed by a sequence of the type 110. In total there are 4 states: q0, q1, q2 e q4. q0 is both the initial and the final state.Le transizioni sono: q0 with value 1 goes goes q1, q1 with value 1 goes goes q2, q4 with value 0 goes to q0.;[];True;True
480;is it a non-deterministic finite state automaton;A non-deterministic finite state automaton, is it?;Potresti essere più specifico?;[];Potresti essere più specifico?;[];True;True
481;is it a deterministic finite state automaton;A deterministic finite state automaton, is it?;The automaton accepts zero or more words formed by a sequence of the type 110. In total there are 4 states: q0, q1, q2 e q4. q0 is both the initial and the final state.Le transizioni sono: q0 with value 1 goes goes q1, q1 with value 1 goes goes q2, q4 with value 0 goes to q0.;[];The automaton accepts zero or more words formed by a sequence of the type 110. In total there are 4 states: q0, q1, q2 e q4. q0 is both the initial and the final state.Le transizioni sono: q0 with value 1 goes goes q1, q1 with value 1 goes goes q2, q4 with value 0 goes to q0.;[];True;True
482;does it only accept 1s and 0s or other things;Or other things, does it only accept 1s and 0s?;Potresti essere più specifico?;[];Potresti essere più specifico?;[];True;True
484;what are the paths between nodes;Between nodes, what are the paths?;Potresti essere più specifico?;[];Potresti essere più specifico?;[];True;True
485;thank you to yours replies;To yours replies, thank you;Potresti essere più specifico?;[];The automaton accepts zero or more words formed by a sequence of the type 110. In total there are 4 states: q0, q1, q2 e q4. q0 is both the initial and the final state.Le transizioni sono: q0 with value 1 goes goes q1, q1 with value 1 goes goes q2, q4 with value 0 goes to q0.;[];False;True
