TEST_CASE_NUMBER;TEST CASE;FOLLOW UP;TEST CASE TEXT;TEST CASE MULTI;FOLLOW UP TEXT;FOLLOW UP MULTI;COMPARE TEXT;COMPARE MULTI
2;describe the automaton ; specify the automaton;The automaton accepts zero or more words formed by a sequence of the type 110. In total there are 4 states: q0, q1, q2 e q4. q0 is both the initial and the final state.Le transizioni sono: q0 with value 1 goes goes q1, q1 with value 1 goes goes q2, q4 with value 0 goes to q0.;[];The automaton accepts zero or more words formed by a sequence of the type 110. In total there are 4 states: q0, q1, q2 e q4. q0 is both the initial and the final state.Le transizioni sono: q0 with value 1 goes goes q1, q1 with value 1 goes goes q2, q4 with value 0 goes to q0.;[];True;True
2;describe the automaton ; define the automaton;The automaton accepts zero or more words formed by a sequence of the type 110. In total there are 4 states: q0, q1, q2 e q4. q0 is both the initial and the final state.Le transizioni sono: q0 with value 1 goes goes q1, q1 with value 1 goes goes q2, q4 with value 0 goes to q0.;[];The automaton accepts zero or more words formed by a sequence of the type 110. In total there are 4 states: q0, q1, q2 e q4. q0 is both the initial and the final state.Le transizioni sono: q0 with value 1 goes goes q1, q1 with value 1 goes goes q2, q4 with value 0 goes to q0.;[];True;True
2;describe the automaton ; outline the automaton;The automaton accepts zero or more words formed by a sequence of the type 110. In total there are 4 states: q0, q1, q2 e q4. q0 is both the initial and the final state.Le transizioni sono: q0 with value 1 goes goes q1, q1 with value 1 goes goes q2, q4 with value 0 goes to q0.;[];The automaton accepts zero or more words formed by a sequence of the type 110. In total there are 4 states: q0, q1, q2 e q4. q0 is both the initial and the final state.Le transizioni sono: q0 with value 1 goes goes q1, q1 with value 1 goes goes q2, q4 with value 0 goes to q0.;[];True;True
2;describe the automaton ;describe the finite automaton ;The automaton accepts zero or more words formed by a sequence of the type 110. In total there are 4 states: q0, q1, q2 e q4. q0 is both the initial and the final state.Le transizioni sono: q0 with value 1 goes goes q1, q1 with value 1 goes goes q2, q4 with value 0 goes to q0.;[];The automaton accepts zero or more words formed by a sequence of the type 110. In total there are 4 states: q0, q1, q2 e q4. q0 is both the initial and the final state.Le transizioni sono: q0 with value 1 goes goes q1, q1 with value 1 goes goes q2, q4 with value 0 goes to q0.;[];True;True
2;describe the automaton ;describe the machine ;The automaton accepts zero or more words formed by a sequence of the type 110. In total there are 4 states: q0, q1, q2 e q4. q0 is both the initial and the final state.Le transizioni sono: q0 with value 1 goes goes q1, q1 with value 1 goes goes q2, q4 with value 0 goes to q0.;[];Potresti essere più specifico?;[];False;True
2;describe the automaton ;describe the state machine ;The automaton accepts zero or more words formed by a sequence of the type 110. In total there are 4 states: q0, q1, q2 e q4. q0 is both the initial and the final state.Le transizioni sono: q0 with value 1 goes goes q1, q1 with value 1 goes goes q2, q4 with value 0 goes to q0.;[];The state q0 exists.;[('simbolo-q0', '#04ed00', 'stroke')];False;False
3;There is a transition between q2 and q0 ;There is a state transition between q2 and q0;there is no transition between q2 and q0.;[];there is no transition between q2 and q0.;[];True;True
3;There is a transition between q2 and q0 ;There is a arc between q2 and q0;there is no transition between q2 and q0.;[];there is no transition between q2 and q0.;[];True;True
4;There is a transition between q5 and q7 ;There is a state transition between q5 and q7;the transition is not defined.;[];the transition is not defined.;[];True;True
4;There is a transition between q5 and q7 ;There is a arc between q5 and q7;the transition is not defined.;[];the transition is not defined.;[];True;True
5;Describe it please ; specify it please;Potresti essere più specifico?;[];Potresti essere più specifico?;[];True;True
5;Describe it please ; define it please;Potresti essere più specifico?;[];Potresti essere più specifico?;[];True;True
5;Describe it please ; outline it please;Potresti essere più specifico?;[];Potresti essere più specifico?;[];True;True
6;How many transitions does the automaton contain ;How many transitions does the finite automaton contain;The automaton has 3 transitions: q0 con valore 1 va in q1, q1 con valore 1 va in q2, q4 con valore 0 va in q0.;[('simbolo-q0-q1', '#04ed00', 'stroke'), ('simbolo-q1-q2', '#04ed00', 'stroke'), ('simbolo-q4-q0', '#04ed00', 'stroke')];The automaton has 3 transitions: q0 con valore 1 va in q1, q1 con valore 1 va in q2, q4 con valore 0 va in q0.;[('simbolo-q0-q1', '#04ed00', 'stroke'), ('simbolo-q1-q2', '#04ed00', 'stroke'), ('simbolo-q4-q0', '#04ed00', 'stroke')];True;True
6;How many transitions does the automaton contain ;How many transitions does the machine contain;The automaton has 3 transitions: q0 con valore 1 va in q1, q1 con valore 1 va in q2, q4 con valore 0 va in q0.;[('simbolo-q0-q1', '#04ed00', 'stroke'), ('simbolo-q1-q2', '#04ed00', 'stroke'), ('simbolo-q4-q0', '#04ed00', 'stroke')];The automaton has 3 transitions: q0 con valore 1 va in q1, q1 con valore 1 va in q2, q4 con valore 0 va in q0.;[('simbolo-q0-q1', '#04ed00', 'stroke'), ('simbolo-q1-q2', '#04ed00', 'stroke'), ('simbolo-q4-q0', '#04ed00', 'stroke')];True;True
6;How many transitions does the automaton contain ;How many transitions does the state machine contain;The automaton has 3 transitions: q0 con valore 1 va in q1, q1 con valore 1 va in q2, q4 con valore 0 va in q0.;[('simbolo-q0-q1', '#04ed00', 'stroke'), ('simbolo-q1-q2', '#04ed00', 'stroke'), ('simbolo-q4-q0', '#04ed00', 'stroke')];The automaton has 3 transitions: q0 con valore 1 va in q1, q1 con valore 1 va in q2, q4 con valore 0 va in q0.;[('simbolo-q0-q1', '#04ed00', 'stroke'), ('simbolo-q1-q2', '#04ed00', 'stroke'), ('simbolo-q4-q0', '#04ed00', 'stroke')];True;True
14;How is the automaton represented ;How is the finite automaton represented;The automaton accepts zero or more words formed by a sequence of the type 110. In total there are 4 states: q0, q1, q2 e q4. q0 is both the initial and the final state.Le transizioni sono: q0 with value 1 goes goes q1, q1 with value 1 goes goes q2, q4 with value 0 goes to q0.;[];The automaton accepts zero or more words formed by a sequence of the type 110. In total there are 4 states: q0, q1, q2 e q4. q0 is both the initial and the final state.Le transizioni sono: q0 with value 1 goes goes q1, q1 with value 1 goes goes q2, q4 with value 0 goes to q0.;[];True;True
14;How is the automaton represented ;How is the machine represented;The automaton accepts zero or more words formed by a sequence of the type 110. In total there are 4 states: q0, q1, q2 e q4. q0 is both the initial and the final state.Le transizioni sono: q0 with value 1 goes goes q1, q1 with value 1 goes goes q2, q4 with value 0 goes to q0.;[];Potresti essere più specifico?;[];False;True
14;How is the automaton represented ;How is the state machine represented;The automaton accepts zero or more words formed by a sequence of the type 110. In total there are 4 states: q0, q1, q2 e q4. q0 is both the initial and the final state.Le transizioni sono: q0 with value 1 goes goes q1, q1 with value 1 goes goes q2, q4 with value 0 goes to q0.;[];The automaton has 4 states: q0, q1, q2 e q4.;[('simbolo-q0', '#04ed00', 'stroke'), ('simbolo-q1', '#04ed00', 'stroke'), ('simbolo-q2', '#04ed00', 'stroke'), ('simbolo-q4', '#04ed00', 'stroke')];False;False
16;Describe the automaton ; specify the automaton;The automaton accepts zero or more words formed by a sequence of the type 110. In total there are 4 states: q0, q1, q2 e q4. q0 is both the initial and the final state.Le transizioni sono: q0 with value 1 goes goes q1, q1 with value 1 goes goes q2, q4 with value 0 goes to q0.;[];The automaton accepts zero or more words formed by a sequence of the type 110. In total there are 4 states: q0, q1, q2 e q4. q0 is both the initial and the final state.Le transizioni sono: q0 with value 1 goes goes q1, q1 with value 1 goes goes q2, q4 with value 0 goes to q0.;[];True;True
16;Describe the automaton ; define the automaton;The automaton accepts zero or more words formed by a sequence of the type 110. In total there are 4 states: q0, q1, q2 e q4. q0 is both the initial and the final state.Le transizioni sono: q0 with value 1 goes goes q1, q1 with value 1 goes goes q2, q4 with value 0 goes to q0.;[];The automaton accepts zero or more words formed by a sequence of the type 110. In total there are 4 states: q0, q1, q2 e q4. q0 is both the initial and the final state.Le transizioni sono: q0 with value 1 goes goes q1, q1 with value 1 goes goes q2, q4 with value 0 goes to q0.;[];True;True
16;Describe the automaton ; outline the automaton;The automaton accepts zero or more words formed by a sequence of the type 110. In total there are 4 states: q0, q1, q2 e q4. q0 is both the initial and the final state.Le transizioni sono: q0 with value 1 goes goes q1, q1 with value 1 goes goes q2, q4 with value 0 goes to q0.;[];The automaton accepts zero or more words formed by a sequence of the type 110. In total there are 4 states: q0, q1, q2 e q4. q0 is both the initial and the final state.Le transizioni sono: q0 with value 1 goes goes q1, q1 with value 1 goes goes q2, q4 with value 0 goes to q0.;[];True;True
16;Describe the automaton ;Describe the finite automaton ;The automaton accepts zero or more words formed by a sequence of the type 110. In total there are 4 states: q0, q1, q2 e q4. q0 is both the initial and the final state.Le transizioni sono: q0 with value 1 goes goes q1, q1 with value 1 goes goes q2, q4 with value 0 goes to q0.;[];The automaton accepts zero or more words formed by a sequence of the type 110. In total there are 4 states: q0, q1, q2 e q4. q0 is both the initial and the final state.Le transizioni sono: q0 with value 1 goes goes q1, q1 with value 1 goes goes q2, q4 with value 0 goes to q0.;[];True;True
16;Describe the automaton ;Describe the machine ;The automaton accepts zero or more words formed by a sequence of the type 110. In total there are 4 states: q0, q1, q2 e q4. q0 is both the initial and the final state.Le transizioni sono: q0 with value 1 goes goes q1, q1 with value 1 goes goes q2, q4 with value 0 goes to q0.;[];Potresti essere più specifico?;[];False;True
16;Describe the automaton ;Describe the state machine ;The automaton accepts zero or more words formed by a sequence of the type 110. In total there are 4 states: q0, q1, q2 e q4. q0 is both the initial and the final state.Le transizioni sono: q0 with value 1 goes goes q1, q1 with value 1 goes goes q2, q4 with value 0 goes to q0.;[];The state q0 exists.;[('simbolo-q0', '#04ed00', 'stroke')];False;False
17;The automaton accepts a language allowing words made of an odd number of 0s and 1s ;The finite automaton accepts a language allowing words made of an odd number of 0s and 1s;Potresti essere più specifico?;[];Potresti essere più specifico?;[];True;True
17;The automaton accepts a language allowing words made of an odd number of 0s and 1s ;The machine accepts a language allowing words made of an odd number of 0s and 1s;Potresti essere più specifico?;[];Potresti essere più specifico?;[];True;True
17;The automaton accepts a language allowing words made of an odd number of 0s and 1s ;The state machine accepts a language allowing words made of an odd number of 0s and 1s;Potresti essere più specifico?;[];Potresti essere più specifico?;[];True;True
19;If q2 is the final state the language accepted by the automaton is the same ;If q2 is the goal state the language accepted by the automaton is the same;Potresti essere più specifico?;[];Potresti essere più specifico?;[];True;True
19;If q2 is the final state the language accepted by the automaton is the same ;If q2 is the end state the language accepted by the automaton is the same;Potresti essere più specifico?;[];Potresti essere più specifico?;[];True;True
19;If q2 is the final state the language accepted by the automaton is the same ;If q2 is the final configuration the language accepted by the automaton is the same;Potresti essere più specifico?;[];Potresti essere più specifico?;[];True;True
19;If q2 is the final state the language accepted by the automaton is the same ;If q2 is the final state the language accepted by the finite automaton is the same;Potresti essere più specifico?;[];Potresti essere più specifico?;[];True;True
19;If q2 is the final state the language accepted by the automaton is the same ;If q2 is the final state the language accepted by the machine is the same;Potresti essere più specifico?;[];The final state is q0.;[('simbolo-q0', '#04ed00', 'stroke')];False;False
19;If q2 is the final state the language accepted by the automaton is the same ;If q2 is the final state the language accepted by the state machine is the same;Potresti essere più specifico?;[];Potresti essere più specifico?;[];True;True
20;Briefly describe the automaton ;Briefly specify the automaton;The automaton accepts zero or more words formed by a sequence of the type 110. In total there are 4 states: q0, q1, q2 e q4. q0 is both the initial and the final state.Le transizioni sono: q0 with value 1 goes goes q1, q1 with value 1 goes goes q2, q4 with value 0 goes to q0.;[];The automaton accepts zero or more words formed by a sequence of the type 110. In total there are 4 states: q0, q1, q2 e q4. q0 is both the initial and the final state.Le transizioni sono: q0 with value 1 goes goes q1, q1 with value 1 goes goes q2, q4 with value 0 goes to q0.;[];True;True
20;Briefly describe the automaton ;Briefly define the automaton;The automaton accepts zero or more words formed by a sequence of the type 110. In total there are 4 states: q0, q1, q2 e q4. q0 is both the initial and the final state.Le transizioni sono: q0 with value 1 goes goes q1, q1 with value 1 goes goes q2, q4 with value 0 goes to q0.;[];The automaton accepts zero or more words formed by a sequence of the type 110. In total there are 4 states: q0, q1, q2 e q4. q0 is both the initial and the final state.Le transizioni sono: q0 with value 1 goes goes q1, q1 with value 1 goes goes q2, q4 with value 0 goes to q0.;[];True;True
20;Briefly describe the automaton ;Briefly outline the automaton;The automaton accepts zero or more words formed by a sequence of the type 110. In total there are 4 states: q0, q1, q2 e q4. q0 is both the initial and the final state.Le transizioni sono: q0 with value 1 goes goes q1, q1 with value 1 goes goes q2, q4 with value 0 goes to q0.;[];The automaton accepts zero or more words formed by a sequence of the type 110. In total there are 4 states: q0, q1, q2 e q4. q0 is both the initial and the final state.Le transizioni sono: q0 with value 1 goes goes q1, q1 with value 1 goes goes q2, q4 with value 0 goes to q0.;[];True;True
20;Briefly describe the automaton ;Briefly describe the finite automaton ;The automaton accepts zero or more words formed by a sequence of the type 110. In total there are 4 states: q0, q1, q2 e q4. q0 is both the initial and the final state.Le transizioni sono: q0 with value 1 goes goes q1, q1 with value 1 goes goes q2, q4 with value 0 goes to q0.;[];The automaton accepts zero or more words formed by a sequence of the type 110. In total there are 4 states: q0, q1, q2 e q4. q0 is both the initial and the final state.Le transizioni sono: q0 with value 1 goes goes q1, q1 with value 1 goes goes q2, q4 with value 0 goes to q0.;[];True;True
20;Briefly describe the automaton ;Briefly describe the machine ;The automaton accepts zero or more words formed by a sequence of the type 110. In total there are 4 states: q0, q1, q2 e q4. q0 is both the initial and the final state.Le transizioni sono: q0 with value 1 goes goes q1, q1 with value 1 goes goes q2, q4 with value 0 goes to q0.;[];The automaton accepts zero or more words formed by a sequence of the type 110. In total there are 4 states: q0, q1, q2 e q4. q0 is both the initial and the final state.Le transizioni sono: q0 with value 1 goes goes q1, q1 with value 1 goes goes q2, q4 with value 0 goes to q0.;[];True;True
20;Briefly describe the automaton ;Briefly describe the state machine ;The automaton accepts zero or more words formed by a sequence of the type 110. In total there are 4 states: q0, q1, q2 e q4. q0 is both the initial and the final state.Le transizioni sono: q0 with value 1 goes goes q1, q1 with value 1 goes goes q2, q4 with value 0 goes to q0.;[];The state q0 exists.;[('simbolo-q0', '#04ed00', 'stroke')];False;False
22;How is the automaton represented ;How is the finite automaton represented;The automaton accepts zero or more words formed by a sequence of the type 110. In total there are 4 states: q0, q1, q2 e q4. q0 is both the initial and the final state.Le transizioni sono: q0 with value 1 goes goes q1, q1 with value 1 goes goes q2, q4 with value 0 goes to q0.;[];The automaton accepts zero or more words formed by a sequence of the type 110. In total there are 4 states: q0, q1, q2 e q4. q0 is both the initial and the final state.Le transizioni sono: q0 with value 1 goes goes q1, q1 with value 1 goes goes q2, q4 with value 0 goes to q0.;[];True;True
22;How is the automaton represented ;How is the machine represented;The automaton accepts zero or more words formed by a sequence of the type 110. In total there are 4 states: q0, q1, q2 e q4. q0 is both the initial and the final state.Le transizioni sono: q0 with value 1 goes goes q1, q1 with value 1 goes goes q2, q4 with value 0 goes to q0.;[];The automaton accepts zero or more words formed by a sequence of the type 110. In total there are 4 states: q0, q1, q2 e q4. q0 is both the initial and the final state.Le transizioni sono: q0 with value 1 goes goes q1, q1 with value 1 goes goes q2, q4 with value 0 goes to q0.;[];True;True
22;How is the automaton represented ;How is the state machine represented;The automaton accepts zero or more words formed by a sequence of the type 110. In total there are 4 states: q0, q1, q2 e q4. q0 is both the initial and the final state.Le transizioni sono: q0 with value 1 goes goes q1, q1 with value 1 goes goes q2, q4 with value 0 goes to q0.;[];The automaton has 4 states: q0, q1, q2 e q4.;[('simbolo-q0', '#04ed00', 'stroke'), ('simbolo-q1', '#04ed00', 'stroke'), ('simbolo-q2', '#04ed00', 'stroke'), ('simbolo-q4', '#04ed00', 'stroke')];False;False
24;Which is the initial state ;Which is the initial configuration ;The initial state is q0.;[('simbolo-q0', '#04ed00', 'stroke')];The initial state is q0.;[('simbolo-q0', '#04ed00', 'stroke')];True;True
28;Is there an arc from q0 to q1 ;Is there an transition from q0 to q1;The transition between q0 and q1 is with value 1.;[('simbolo-q0-q1', '#04ed00', 'stroke')];The transition between q0 and q1 is with value 1.;[('simbolo-q0-q1', '#04ed00', 'stroke')];True;True
28;Is there an arc from q0 to q1 ;Is there an state transition from q0 to q1;The transition between q0 and q1 is with value 1.;[('simbolo-q0-q1', '#04ed00', 'stroke')];The transition between q0 and q1 is with value 1.;[('simbolo-q0-q1', '#04ed00', 'stroke')];True;True
30;Is there an arc from q0 to q2 q3 or q4 ;Is there an transition from q0 to q2 q3 or q4;there is no transition between q0 and q2.;[];there is no transition between q0 and q2.;[];True;True
30;Is there an arc from q0 to q2 q3 or q4 ;Is there an state transition from q0 to q2 q3 or q4;there is no transition between q0 and q2.;[];there is no transition between q0 and q2.;[];True;True
35;What is the purpose of the automaton ;What is the purpose of the finite automaton ;The automaton accepts zero or more words formed by a sequence of the type 110. In total there are 4 states: q0, q1, q2 e q4. q0 is both the initial and the final state.Le transizioni sono: q0 with value 1 goes goes q1, q1 with value 1 goes goes q2, q4 with value 0 goes to q0.;[];The automaton accepts zero or more words formed by a sequence of the type 110. In total there are 4 states: q0, q1, q2 e q4. q0 is both the initial and the final state.Le transizioni sono: q0 with value 1 goes goes q1, q1 with value 1 goes goes q2, q4 with value 0 goes to q0.;[];True;True
35;What is the purpose of the automaton ;What is the purpose of the machine ;The automaton accepts zero or more words formed by a sequence of the type 110. In total there are 4 states: q0, q1, q2 e q4. q0 is both the initial and the final state.Le transizioni sono: q0 with value 1 goes goes q1, q1 with value 1 goes goes q2, q4 with value 0 goes to q0.;[];Potresti essere più specifico?;[];False;True
35;What is the purpose of the automaton ;What is the purpose of the state machine ;The automaton accepts zero or more words formed by a sequence of the type 110. In total there are 4 states: q0, q1, q2 e q4. q0 is both the initial and the final state.Le transizioni sono: q0 with value 1 goes goes q1, q1 with value 1 goes goes q2, q4 with value 0 goes to q0.;[];The state q0 exists.;[('simbolo-q0', '#04ed00', 'stroke')];False;False
36;What happens when a 0 comes to state q1 ;What happens when a 0 comes to configuration q1;The automaton has 4 states: q0, q1, q2 e q4.;[('simbolo-q0', '#04ed00', 'stroke'), ('simbolo-q1', '#04ed00', 'stroke'), ('simbolo-q2', '#04ed00', 'stroke'), ('simbolo-q4', '#04ed00', 'stroke')];The transition between q1 and q2 is with value 1.;[('simbolo-q1-q2', '#04ed00', 'stroke')];False;False
45;can you describe me the automaton ;can you specify me the automaton;The automaton accepts zero or more words formed by a sequence of the type 110. In total there are 4 states: q0, q1, q2 e q4. q0 is both the initial and the final state.Le transizioni sono: q0 with value 1 goes goes q1, q1 with value 1 goes goes q2, q4 with value 0 goes to q0.;[];The automaton accepts zero or more words formed by a sequence of the type 110. In total there are 4 states: q0, q1, q2 e q4. q0 is both the initial and the final state.Le transizioni sono: q0 with value 1 goes goes q1, q1 with value 1 goes goes q2, q4 with value 0 goes to q0.;[];True;True
45;can you describe me the automaton ;can you define me the automaton;The automaton accepts zero or more words formed by a sequence of the type 110. In total there are 4 states: q0, q1, q2 e q4. q0 is both the initial and the final state.Le transizioni sono: q0 with value 1 goes goes q1, q1 with value 1 goes goes q2, q4 with value 0 goes to q0.;[];The automaton accepts zero or more words formed by a sequence of the type 110. In total there are 4 states: q0, q1, q2 e q4. q0 is both the initial and the final state.Le transizioni sono: q0 with value 1 goes goes q1, q1 with value 1 goes goes q2, q4 with value 0 goes to q0.;[];True;True
45;can you describe me the automaton ;can you outline me the automaton;The automaton accepts zero or more words formed by a sequence of the type 110. In total there are 4 states: q0, q1, q2 e q4. q0 is both the initial and the final state.Le transizioni sono: q0 with value 1 goes goes q1, q1 with value 1 goes goes q2, q4 with value 0 goes to q0.;[];The automaton accepts zero or more words formed by a sequence of the type 110. In total there are 4 states: q0, q1, q2 e q4. q0 is both the initial and the final state.Le transizioni sono: q0 with value 1 goes goes q1, q1 with value 1 goes goes q2, q4 with value 0 goes to q0.;[];True;True
45;can you describe me the automaton ;can you describe me the finite automaton ;The automaton accepts zero or more words formed by a sequence of the type 110. In total there are 4 states: q0, q1, q2 e q4. q0 is both the initial and the final state.Le transizioni sono: q0 with value 1 goes goes q1, q1 with value 1 goes goes q2, q4 with value 0 goes to q0.;[];The automaton accepts zero or more words formed by a sequence of the type 110. In total there are 4 states: q0, q1, q2 e q4. q0 is both the initial and the final state.Le transizioni sono: q0 with value 1 goes goes q1, q1 with value 1 goes goes q2, q4 with value 0 goes to q0.;[];True;True
45;can you describe me the automaton ;can you describe me the machine ;The automaton accepts zero or more words formed by a sequence of the type 110. In total there are 4 states: q0, q1, q2 e q4. q0 is both the initial and the final state.Le transizioni sono: q0 with value 1 goes goes q1, q1 with value 1 goes goes q2, q4 with value 0 goes to q0.;[];Potresti essere più specifico?;[];False;True
45;can you describe me the automaton ;can you describe me the state machine ;The automaton accepts zero or more words formed by a sequence of the type 110. In total there are 4 states: q0, q1, q2 e q4. q0 is both the initial and the final state.Le transizioni sono: q0 with value 1 goes goes q1, q1 with value 1 goes goes q2, q4 with value 0 goes to q0.;[];Potresti essere più specifico?;[];False;True
46;Could you briefly describe the automaton ;Could you briefly specify the automaton;The automaton accepts zero or more words formed by a sequence of the type 110. In total there are 4 states: q0, q1, q2 e q4. q0 is both the initial and the final state.Le transizioni sono: q0 with value 1 goes goes q1, q1 with value 1 goes goes q2, q4 with value 0 goes to q0.;[];The automaton accepts zero or more words formed by a sequence of the type 110. In total there are 4 states: q0, q1, q2 e q4. q0 is both the initial and the final state.Le transizioni sono: q0 with value 1 goes goes q1, q1 with value 1 goes goes q2, q4 with value 0 goes to q0.;[];True;True
46;Could you briefly describe the automaton ;Could you briefly define the automaton;The automaton accepts zero or more words formed by a sequence of the type 110. In total there are 4 states: q0, q1, q2 e q4. q0 is both the initial and the final state.Le transizioni sono: q0 with value 1 goes goes q1, q1 with value 1 goes goes q2, q4 with value 0 goes to q0.;[];The automaton accepts zero or more words formed by a sequence of the type 110. In total there are 4 states: q0, q1, q2 e q4. q0 is both the initial and the final state.Le transizioni sono: q0 with value 1 goes goes q1, q1 with value 1 goes goes q2, q4 with value 0 goes to q0.;[];True;True
46;Could you briefly describe the automaton ;Could you briefly outline the automaton;The automaton accepts zero or more words formed by a sequence of the type 110. In total there are 4 states: q0, q1, q2 e q4. q0 is both the initial and the final state.Le transizioni sono: q0 with value 1 goes goes q1, q1 with value 1 goes goes q2, q4 with value 0 goes to q0.;[];The automaton accepts zero or more words formed by a sequence of the type 110. In total there are 4 states: q0, q1, q2 e q4. q0 is both the initial and the final state.Le transizioni sono: q0 with value 1 goes goes q1, q1 with value 1 goes goes q2, q4 with value 0 goes to q0.;[];True;True
46;Could you briefly describe the automaton ;Could you briefly describe the finite automaton ;The automaton accepts zero or more words formed by a sequence of the type 110. In total there are 4 states: q0, q1, q2 e q4. q0 is both the initial and the final state.Le transizioni sono: q0 with value 1 goes goes q1, q1 with value 1 goes goes q2, q4 with value 0 goes to q0.;[];The automaton accepts zero or more words formed by a sequence of the type 110. In total there are 4 states: q0, q1, q2 e q4. q0 is both the initial and the final state.Le transizioni sono: q0 with value 1 goes goes q1, q1 with value 1 goes goes q2, q4 with value 0 goes to q0.;[];True;True
46;Could you briefly describe the automaton ;Could you briefly describe the machine ;The automaton accepts zero or more words formed by a sequence of the type 110. In total there are 4 states: q0, q1, q2 e q4. q0 is both the initial and the final state.Le transizioni sono: q0 with value 1 goes goes q1, q1 with value 1 goes goes q2, q4 with value 0 goes to q0.;[];Potresti essere più specifico?;[];False;True
46;Could you briefly describe the automaton ;Could you briefly describe the state machine ;The automaton accepts zero or more words formed by a sequence of the type 110. In total there are 4 states: q0, q1, q2 e q4. q0 is both the initial and the final state.Le transizioni sono: q0 with value 1 goes goes q1, q1 with value 1 goes goes q2, q4 with value 0 goes to q0.;[];The automaton has 4 states: q0, q1, q2 e q4.;[('simbolo-q0', '#04ed00', 'stroke'), ('simbolo-q1', '#04ed00', 'stroke'), ('simbolo-q2', '#04ed00', 'stroke'), ('simbolo-q4', '#04ed00', 'stroke')];False;False
48;Is there an arc from q0 to q1 ;Is there an transition from q0 to q1;The transition between q0 and q1 is with value 1.;[('simbolo-q0-q1', '#04ed00', 'stroke')];The transition between q0 and q1 is with value 1.;[('simbolo-q0-q1', '#04ed00', 'stroke')];True;True
48;Is there an arc from q0 to q1 ;Is there an state transition from q0 to q1;The transition between q0 and q1 is with value 1.;[('simbolo-q0-q1', '#04ed00', 'stroke')];The transition between q0 and q1 is with value 1.;[('simbolo-q0-q1', '#04ed00', 'stroke')];True;True
49;Is there an arc from q1 to q2 ;Is there an transition from q1 to q2;The transition between q1 and q2 is with value 1.;[('simbolo-q1-q2', '#04ed00', 'stroke')];The transition between q1 and q2 is with value 1.;[('simbolo-q1-q2', '#04ed00', 'stroke')];True;True
49;Is there an arc from q1 to q2 ;Is there an state transition from q1 to q2;The transition between q1 and q2 is with value 1.;[('simbolo-q1-q2', '#04ed00', 'stroke')];The transition between q1 and q2 is with value 1.;[('simbolo-q1-q2', '#04ed00', 'stroke')];True;True
51;Is there an arc from q2 to q3 ;Is there an transition from q2 to q3;The transition between q2 and q3 is with value 0.;[('simbolo-q2-q3', '#04ed00', 'stroke')];The transition between q2 and q3 is with value 0.;[('simbolo-q2-q3', '#04ed00', 'stroke')];True;True
51;Is there an arc from q2 to q3 ;Is there an state transition from q2 to q3;The transition between q2 and q3 is with value 0.;[('simbolo-q2-q3', '#04ed00', 'stroke')];The transition between q2 and q3 is with value 0.;[('simbolo-q2-q3', '#04ed00', 'stroke')];True;True
52;Is there an arc from q3 to q4 ;Is there an transition from q3 to q4;The transition between q3 and q4 is with value 0.;[('simbolo-q3-q4', '#04ed00', 'stroke')];The transition between q3 and q4 is with value 0.;[('simbolo-q3-q4', '#04ed00', 'stroke')];True;True
52;Is there an arc from q3 to q4 ;Is there an state transition from q3 to q4;The transition between q3 and q4 is with value 0.;[('simbolo-q3-q4', '#04ed00', 'stroke')];The transition between q3 and q4 is with value 0.;[('simbolo-q3-q4', '#04ed00', 'stroke')];True;True
53;Is there an arc from q4 to q0 ;Is there an transition from q4 to q0;The transition between q4 and q0 is with value 0.;[('simbolo-q4-q0', '#04ed00', 'stroke')];The transition between q4 and q0 is with value 0.;[('simbolo-q4-q0', '#04ed00', 'stroke')];True;True
53;Is there an arc from q4 to q0 ;Is there an state transition from q4 to q0;The transition between q4 and q0 is with value 0.;[('simbolo-q4-q0', '#04ed00', 'stroke')];The transition between q4 and q0 is with value 0.;[('simbolo-q4-q0', '#04ed00', 'stroke')];True;True
54;Is there an arc from q4 ;Is there an transition from q4;the transition is not defined.;[];the transition is not defined.;[];True;True
54;Is there an arc from q4 ;Is there an state transition from q4;the transition is not defined.;[];The automaton has 4 states: q0, q1, q2 e q4.;[('simbolo-q0', '#04ed00', 'stroke'), ('simbolo-q1', '#04ed00', 'stroke'), ('simbolo-q2', '#04ed00', 'stroke'), ('simbolo-q4', '#04ed00', 'stroke')];False;False
55;Is there an arc from q0 ;Is there an transition from q0;the transition is not defined.;[];the transition is not defined.;[];True;True
55;Is there an arc from q0 ;Is there an state transition from q0;the transition is not defined.;[];the transition is not defined.;[];True;True
56;Is there an arc from q1 ;Is there an transition from q1;the transition is not defined.;[];the transition is not defined.;[];True;True
56;Is there an arc from q1 ;Is there an state transition from q1;the transition is not defined.;[];the transition is not defined.;[];True;True
57;Is there an arc from q2 ;Is there an transition from q2;the transition is not defined.;[];the transition is not defined.;[];True;True
57;Is there an arc from q2 ;Is there an state transition from q2;the transition is not defined.;[];The automaton has 4 states: q0, q1, q2 e q4.;[('simbolo-q0', '#04ed00', 'stroke'), ('simbolo-q1', '#04ed00', 'stroke'), ('simbolo-q2', '#04ed00', 'stroke'), ('simbolo-q4', '#04ed00', 'stroke')];False;False
58;Is there an arc from q3 ;Is there an transition from q3;the transition is not defined.;[];the transition is not defined.;[];True;True
58;Is there an arc from q3 ;Is there an state transition from q3;the transition is not defined.;[];The automaton has 4 states: q0, q1, q2 e q4.;[('simbolo-q0', '#04ed00', 'stroke'), ('simbolo-q1', '#04ed00', 'stroke'), ('simbolo-q2', '#04ed00', 'stroke'), ('simbolo-q4', '#04ed00', 'stroke')];False;False
59;How many states does the automaton have ;How many states does the finite automaton have;This automaton has 4 states;[('simbolo-q0', '#04ed00', 'stroke'), ('simbolo-q1', '#04ed00', 'stroke'), ('simbolo-q2', '#04ed00', 'stroke'), ('simbolo-q4', '#04ed00', 'stroke')];This automaton has 4 states;[('simbolo-q0', '#04ed00', 'stroke'), ('simbolo-q1', '#04ed00', 'stroke'), ('simbolo-q2', '#04ed00', 'stroke'), ('simbolo-q4', '#04ed00', 'stroke')];True;True
59;How many states does the automaton have ;How many states does the machine have;This automaton has 4 states;[('simbolo-q0', '#04ed00', 'stroke'), ('simbolo-q1', '#04ed00', 'stroke'), ('simbolo-q2', '#04ed00', 'stroke'), ('simbolo-q4', '#04ed00', 'stroke')];This automaton has 4 states;[('simbolo-q0', '#04ed00', 'stroke'), ('simbolo-q1', '#04ed00', 'stroke'), ('simbolo-q2', '#04ed00', 'stroke'), ('simbolo-q4', '#04ed00', 'stroke')];True;True
59;How many states does the automaton have ;How many states does the state machine have;This automaton has 4 states;[('simbolo-q0', '#04ed00', 'stroke'), ('simbolo-q1', '#04ed00', 'stroke'), ('simbolo-q2', '#04ed00', 'stroke'), ('simbolo-q4', '#04ed00', 'stroke')];This automaton has 4 states;[('simbolo-q0', '#04ed00', 'stroke'), ('simbolo-q1', '#04ed00', 'stroke'), ('simbolo-q2', '#04ed00', 'stroke'), ('simbolo-q4', '#04ed00', 'stroke')];True;True
66;What does the automaton recognize ;What does the finite automaton recognize;Potresti essere più specifico?;[];Potresti essere più specifico?;[];True;True
66;What does the automaton recognize ;What does the machine recognize;Potresti essere più specifico?;[];Potresti essere più specifico?;[];True;True
66;What does the automaton recognize ;What does the state machine recognize;Potresti essere più specifico?;[];Potresti essere più specifico?;[];True;True
72;Which is the initial state ;Which is the initial configuration ;The initial state is q0.;[('simbolo-q0', '#04ed00', 'stroke')];The initial state is q0.;[('simbolo-q0', '#04ed00', 'stroke')];True;True
74;Please describe the automaton ;Please specify the automaton;The automaton accepts zero or more words formed by a sequence of the type 110. In total there are 4 states: q0, q1, q2 e q4. q0 is both the initial and the final state.Le transizioni sono: q0 with value 1 goes goes q1, q1 with value 1 goes goes q2, q4 with value 0 goes to q0.;[];The automaton accepts zero or more words formed by a sequence of the type 110. In total there are 4 states: q0, q1, q2 e q4. q0 is both the initial and the final state.Le transizioni sono: q0 with value 1 goes goes q1, q1 with value 1 goes goes q2, q4 with value 0 goes to q0.;[];True;True
74;Please describe the automaton ;Please define the automaton;The automaton accepts zero or more words formed by a sequence of the type 110. In total there are 4 states: q0, q1, q2 e q4. q0 is both the initial and the final state.Le transizioni sono: q0 with value 1 goes goes q1, q1 with value 1 goes goes q2, q4 with value 0 goes to q0.;[];The automaton accepts zero or more words formed by a sequence of the type 110. In total there are 4 states: q0, q1, q2 e q4. q0 is both the initial and the final state.Le transizioni sono: q0 with value 1 goes goes q1, q1 with value 1 goes goes q2, q4 with value 0 goes to q0.;[];True;True
74;Please describe the automaton ;Please outline the automaton;The automaton accepts zero or more words formed by a sequence of the type 110. In total there are 4 states: q0, q1, q2 e q4. q0 is both the initial and the final state.Le transizioni sono: q0 with value 1 goes goes q1, q1 with value 1 goes goes q2, q4 with value 0 goes to q0.;[];The automaton accepts zero or more words formed by a sequence of the type 110. In total there are 4 states: q0, q1, q2 e q4. q0 is both the initial and the final state.Le transizioni sono: q0 with value 1 goes goes q1, q1 with value 1 goes goes q2, q4 with value 0 goes to q0.;[];True;True
74;Please describe the automaton ;Please describe the finite automaton ;The automaton accepts zero or more words formed by a sequence of the type 110. In total there are 4 states: q0, q1, q2 e q4. q0 is both the initial and the final state.Le transizioni sono: q0 with value 1 goes goes q1, q1 with value 1 goes goes q2, q4 with value 0 goes to q0.;[];The automaton accepts zero or more words formed by a sequence of the type 110. In total there are 4 states: q0, q1, q2 e q4. q0 is both the initial and the final state.Le transizioni sono: q0 with value 1 goes goes q1, q1 with value 1 goes goes q2, q4 with value 0 goes to q0.;[];True;True
74;Please describe the automaton ;Please describe the machine ;The automaton accepts zero or more words formed by a sequence of the type 110. In total there are 4 states: q0, q1, q2 e q4. q0 is both the initial and the final state.Le transizioni sono: q0 with value 1 goes goes q1, q1 with value 1 goes goes q2, q4 with value 0 goes to q0.;[];Potresti essere più specifico?;[];False;True
74;Please describe the automaton ;Please describe the state machine ;The automaton accepts zero or more words formed by a sequence of the type 110. In total there are 4 states: q0, q1, q2 e q4. q0 is both the initial and the final state.Le transizioni sono: q0 with value 1 goes goes q1, q1 with value 1 goes goes q2, q4 with value 0 goes to q0.;[];The state q0 exists.;[('simbolo-q0', '#04ed00', 'stroke')];False;False
75;Can you provide a representation of the automaton ;Can you provide a representation of the finite automaton ;The automaton accepts zero or more words formed by a sequence of the type 110. In total there are 4 states: q0, q1, q2 e q4. q0 is both the initial and the final state.Le transizioni sono: q0 with value 1 goes goes q1, q1 with value 1 goes goes q2, q4 with value 0 goes to q0.;[];The automaton accepts zero or more words formed by a sequence of the type 110. In total there are 4 states: q0, q1, q2 e q4. q0 is both the initial and the final state.Le transizioni sono: q0 with value 1 goes goes q1, q1 with value 1 goes goes q2, q4 with value 0 goes to q0.;[];True;True
75;Can you provide a representation of the automaton ;Can you provide a representation of the machine ;The automaton accepts zero or more words formed by a sequence of the type 110. In total there are 4 states: q0, q1, q2 e q4. q0 is both the initial and the final state.Le transizioni sono: q0 with value 1 goes goes q1, q1 with value 1 goes goes q2, q4 with value 0 goes to q0.;[];Potresti essere più specifico?;[];False;True
75;Can you provide a representation of the automaton ;Can you provide a representation of the state machine ;The automaton accepts zero or more words formed by a sequence of the type 110. In total there are 4 states: q0, q1, q2 e q4. q0 is both the initial and the final state.Le transizioni sono: q0 with value 1 goes goes q1, q1 with value 1 goes goes q2, q4 with value 0 goes to q0.;[];The state q0 exists.;[('simbolo-q0', '#04ed00', 'stroke')];False;False
76;Describe graphically automaton ; specify graphically automaton;The automaton accepts zero or more words formed by a sequence of the type 110. In total there are 4 states: q0, q1, q2 e q4. q0 is both the initial and the final state.Le transizioni sono: q0 with value 1 goes goes q1, q1 with value 1 goes goes q2, q4 with value 0 goes to q0.;[];The automaton accepts zero or more words formed by a sequence of the type 110. In total there are 4 states: q0, q1, q2 e q4. q0 is both the initial and the final state.Le transizioni sono: q0 with value 1 goes goes q1, q1 with value 1 goes goes q2, q4 with value 0 goes to q0.;[];True;True
76;Describe graphically automaton ; define graphically automaton;The automaton accepts zero or more words formed by a sequence of the type 110. In total there are 4 states: q0, q1, q2 e q4. q0 is both the initial and the final state.Le transizioni sono: q0 with value 1 goes goes q1, q1 with value 1 goes goes q2, q4 with value 0 goes to q0.;[];The automaton accepts zero or more words formed by a sequence of the type 110. In total there are 4 states: q0, q1, q2 e q4. q0 is both the initial and the final state.Le transizioni sono: q0 with value 1 goes goes q1, q1 with value 1 goes goes q2, q4 with value 0 goes to q0.;[];True;True
76;Describe graphically automaton ; outline graphically automaton;The automaton accepts zero or more words formed by a sequence of the type 110. In total there are 4 states: q0, q1, q2 e q4. q0 is both the initial and the final state.Le transizioni sono: q0 with value 1 goes goes q1, q1 with value 1 goes goes q2, q4 with value 0 goes to q0.;[];The automaton accepts zero or more words formed by a sequence of the type 110. In total there are 4 states: q0, q1, q2 e q4. q0 is both the initial and the final state.Le transizioni sono: q0 with value 1 goes goes q1, q1 with value 1 goes goes q2, q4 with value 0 goes to q0.;[];True;True
76;Describe graphically automaton ;Describe graphically finite automaton ;The automaton accepts zero or more words formed by a sequence of the type 110. In total there are 4 states: q0, q1, q2 e q4. q0 is both the initial and the final state.Le transizioni sono: q0 with value 1 goes goes q1, q1 with value 1 goes goes q2, q4 with value 0 goes to q0.;[];The automaton accepts zero or more words formed by a sequence of the type 110. In total there are 4 states: q0, q1, q2 e q4. q0 is both the initial and the final state.Le transizioni sono: q0 with value 1 goes goes q1, q1 with value 1 goes goes q2, q4 with value 0 goes to q0.;[];True;True
76;Describe graphically automaton ;Describe graphically machine ;The automaton accepts zero or more words formed by a sequence of the type 110. In total there are 4 states: q0, q1, q2 e q4. q0 is both the initial and the final state.Le transizioni sono: q0 with value 1 goes goes q1, q1 with value 1 goes goes q2, q4 with value 0 goes to q0.;[];The automaton accepts zero or more words formed by a sequence of the type 110. In total there are 4 states: q0, q1, q2 e q4. q0 is both the initial and the final state.Le transizioni sono: q0 with value 1 goes goes q1, q1 with value 1 goes goes q2, q4 with value 0 goes to q0.;[];True;True
76;Describe graphically automaton ;Describe graphically state machine ;The automaton accepts zero or more words formed by a sequence of the type 110. In total there are 4 states: q0, q1, q2 e q4. q0 is both the initial and the final state.Le transizioni sono: q0 with value 1 goes goes q1, q1 with value 1 goes goes q2, q4 with value 0 goes to q0.;[];The automaton has 4 states: q0, q1, q2 e q4.;[('simbolo-q0', '#04ed00', 'stroke'), ('simbolo-q1', '#04ed00', 'stroke'), ('simbolo-q2', '#04ed00', 'stroke'), ('simbolo-q4', '#04ed00', 'stroke')];False;False
79;Which is the initial state ;Which is the initial configuration ;The initial state is q0.;[('simbolo-q0', '#04ed00', 'stroke')];The initial state is q0.;[('simbolo-q0', '#04ed00', 'stroke')];True;True
80;Can you describe the input and the output ;Can you specify the input and the output;Potresti essere più specifico?;[];Potresti essere più specifico?;[];True;True
80;Can you describe the input and the output ;Can you define the input and the output;Potresti essere più specifico?;[];Potresti essere più specifico?;[];True;True
80;Can you describe the input and the output ;Can you outline the input and the output;Potresti essere più specifico?;[];Potresti essere più specifico?;[];True;True
81;Can you describe the transition function ;Can you specify the transition function;The automaton has 3 transitions: q0 con valore 1 va in q1, q1 con valore 1 va in q2, q4 con valore 0 va in q0.;[('simbolo-q0-q1', '#04ed00', 'stroke'), ('simbolo-q1-q2', '#04ed00', 'stroke'), ('simbolo-q4-q0', '#04ed00', 'stroke')];The automaton has 3 transitions: q0 con valore 1 va in q1, q1 con valore 1 va in q2, q4 con valore 0 va in q0.;[('simbolo-q0-q1', '#04ed00', 'stroke'), ('simbolo-q1-q2', '#04ed00', 'stroke'), ('simbolo-q4-q0', '#04ed00', 'stroke')];True;True
81;Can you describe the transition function ;Can you define the transition function;The automaton has 3 transitions: q0 con valore 1 va in q1, q1 con valore 1 va in q2, q4 con valore 0 va in q0.;[('simbolo-q0-q1', '#04ed00', 'stroke'), ('simbolo-q1-q2', '#04ed00', 'stroke'), ('simbolo-q4-q0', '#04ed00', 'stroke')];The automaton has 3 transitions: q0 con valore 1 va in q1, q1 con valore 1 va in q2, q4 con valore 0 va in q0.;[('simbolo-q0-q1', '#04ed00', 'stroke'), ('simbolo-q1-q2', '#04ed00', 'stroke'), ('simbolo-q4-q0', '#04ed00', 'stroke')];True;True
81;Can you describe the transition function ;Can you outline the transition function;The automaton has 3 transitions: q0 con valore 1 va in q1, q1 con valore 1 va in q2, q4 con valore 0 va in q0.;[('simbolo-q0-q1', '#04ed00', 'stroke'), ('simbolo-q1-q2', '#04ed00', 'stroke'), ('simbolo-q4-q0', '#04ed00', 'stroke')];there is no transition between q0 and q0.;[];False;False
81;Can you describe the transition function ;Can you describe the state transition function;The automaton has 3 transitions: q0 con valore 1 va in q1, q1 con valore 1 va in q2, q4 con valore 0 va in q0.;[('simbolo-q0-q1', '#04ed00', 'stroke'), ('simbolo-q1-q2', '#04ed00', 'stroke'), ('simbolo-q4-q0', '#04ed00', 'stroke')];there is no transition between q0 and q0.;[];False;False
81;Can you describe the transition function ;Can you describe the arc function;The automaton has 3 transitions: q0 con valore 1 va in q1, q1 con valore 1 va in q2, q4 con valore 0 va in q0.;[('simbolo-q0-q1', '#04ed00', 'stroke'), ('simbolo-q1-q2', '#04ed00', 'stroke'), ('simbolo-q4-q0', '#04ed00', 'stroke')];there is no transition between q0 and q0.;[];False;False
87;Which is the initial state ;Which is the initial configuration ;The initial state is q0.;[('simbolo-q0', '#04ed00', 'stroke')];Potresti essere più specifico?;[];False;False
92;can you describe the automaton ;can you specify the automaton;The automaton accepts zero or more words formed by a sequence of the type 110. In total there are 4 states: q0, q1, q2 e q4. q0 is both the initial and the final state.Le transizioni sono: q0 with value 1 goes goes q1, q1 with value 1 goes goes q2, q4 with value 0 goes to q0.;[];The automaton accepts zero or more words formed by a sequence of the type 110. In total there are 4 states: q0, q1, q2 e q4. q0 is both the initial and the final state.Le transizioni sono: q0 with value 1 goes goes q1, q1 with value 1 goes goes q2, q4 with value 0 goes to q0.;[];True;True
92;can you describe the automaton ;can you define the automaton;The automaton accepts zero or more words formed by a sequence of the type 110. In total there are 4 states: q0, q1, q2 e q4. q0 is both the initial and the final state.Le transizioni sono: q0 with value 1 goes goes q1, q1 with value 1 goes goes q2, q4 with value 0 goes to q0.;[];The automaton accepts zero or more words formed by a sequence of the type 110. In total there are 4 states: q0, q1, q2 e q4. q0 is both the initial and the final state.Le transizioni sono: q0 with value 1 goes goes q1, q1 with value 1 goes goes q2, q4 with value 0 goes to q0.;[];True;True
92;can you describe the automaton ;can you outline the automaton;The automaton accepts zero or more words formed by a sequence of the type 110. In total there are 4 states: q0, q1, q2 e q4. q0 is both the initial and the final state.Le transizioni sono: q0 with value 1 goes goes q1, q1 with value 1 goes goes q2, q4 with value 0 goes to q0.;[];The automaton accepts zero or more words formed by a sequence of the type 110. In total there are 4 states: q0, q1, q2 e q4. q0 is both the initial and the final state.Le transizioni sono: q0 with value 1 goes goes q1, q1 with value 1 goes goes q2, q4 with value 0 goes to q0.;[];True;True
92;can you describe the automaton ;can you describe the finite automaton ;The automaton accepts zero or more words formed by a sequence of the type 110. In total there are 4 states: q0, q1, q2 e q4. q0 is both the initial and the final state.Le transizioni sono: q0 with value 1 goes goes q1, q1 with value 1 goes goes q2, q4 with value 0 goes to q0.;[];The automaton accepts zero or more words formed by a sequence of the type 110. In total there are 4 states: q0, q1, q2 e q4. q0 is both the initial and the final state.Le transizioni sono: q0 with value 1 goes goes q1, q1 with value 1 goes goes q2, q4 with value 0 goes to q0.;[];True;True
92;can you describe the automaton ;can you describe the machine ;The automaton accepts zero or more words formed by a sequence of the type 110. In total there are 4 states: q0, q1, q2 e q4. q0 is both the initial and the final state.Le transizioni sono: q0 with value 1 goes goes q1, q1 with value 1 goes goes q2, q4 with value 0 goes to q0.;[];Potresti essere più specifico?;[];False;True
92;can you describe the automaton ;can you describe the state machine ;The automaton accepts zero or more words formed by a sequence of the type 110. In total there are 4 states: q0, q1, q2 e q4. q0 is both the initial and the final state.Le transizioni sono: q0 with value 1 goes goes q1, q1 with value 1 goes goes q2, q4 with value 0 goes to q0.;[];Potresti essere più specifico?;[];False;True
93;How is the automaton represented ;How is the finite automaton represented;The automaton accepts zero or more words formed by a sequence of the type 110. In total there are 4 states: q0, q1, q2 e q4. q0 is both the initial and the final state.Le transizioni sono: q0 with value 1 goes goes q1, q1 with value 1 goes goes q2, q4 with value 0 goes to q0.;[];The automaton accepts zero or more words formed by a sequence of the type 110. In total there are 4 states: q0, q1, q2 e q4. q0 is both the initial and the final state.Le transizioni sono: q0 with value 1 goes goes q1, q1 with value 1 goes goes q2, q4 with value 0 goes to q0.;[];True;True
93;How is the automaton represented ;How is the machine represented;The automaton accepts zero or more words formed by a sequence of the type 110. In total there are 4 states: q0, q1, q2 e q4. q0 is both the initial and the final state.Le transizioni sono: q0 with value 1 goes goes q1, q1 with value 1 goes goes q2, q4 with value 0 goes to q0.;[];The automaton accepts zero or more words formed by a sequence of the type 110. In total there are 4 states: q0, q1, q2 e q4. q0 is both the initial and the final state.Le transizioni sono: q0 with value 1 goes goes q1, q1 with value 1 goes goes q2, q4 with value 0 goes to q0.;[];True;True
93;How is the automaton represented ;How is the state machine represented;The automaton accepts zero or more words formed by a sequence of the type 110. In total there are 4 states: q0, q1, q2 e q4. q0 is both the initial and the final state.Le transizioni sono: q0 with value 1 goes goes q1, q1 with value 1 goes goes q2, q4 with value 0 goes to q0.;[];The automaton has 4 states: q0, q1, q2 e q4.;[('simbolo-q0', '#04ed00', 'stroke'), ('simbolo-q1', '#04ed00', 'stroke'), ('simbolo-q2', '#04ed00', 'stroke'), ('simbolo-q4', '#04ed00', 'stroke')];False;False
96;can you describe the transitions ;can you specify the transitions;The automaton has 3 transitions: q0 con valore 1 va in q1, q1 con valore 1 va in q2, q4 con valore 0 va in q0.;[('simbolo-q0-q1', '#04ed00', 'stroke'), ('simbolo-q1-q2', '#04ed00', 'stroke'), ('simbolo-q4-q0', '#04ed00', 'stroke')];there is no transition between q0 and q0.;[];False;False
96;can you describe the transitions ;can you define the transitions;The automaton has 3 transitions: q0 con valore 1 va in q1, q1 con valore 1 va in q2, q4 con valore 0 va in q0.;[('simbolo-q0-q1', '#04ed00', 'stroke'), ('simbolo-q1-q2', '#04ed00', 'stroke'), ('simbolo-q4-q0', '#04ed00', 'stroke')];The automaton has 3 transitions: q0 con valore 1 va in q1, q1 con valore 1 va in q2, q4 con valore 0 va in q0.;[('simbolo-q0-q1', '#04ed00', 'stroke'), ('simbolo-q1-q2', '#04ed00', 'stroke'), ('simbolo-q4-q0', '#04ed00', 'stroke')];True;True
96;can you describe the transitions ;can you outline the transitions;The automaton has 3 transitions: q0 con valore 1 va in q1, q1 con valore 1 va in q2, q4 con valore 0 va in q0.;[('simbolo-q0-q1', '#04ed00', 'stroke'), ('simbolo-q1-q2', '#04ed00', 'stroke'), ('simbolo-q4-q0', '#04ed00', 'stroke')];there is no transition between q0 and q0.;[];False;False
99;Can you describe the automaton ;Can you specify the automaton;The automaton accepts zero or more words formed by a sequence of the type 110. In total there are 4 states: q0, q1, q2 e q4. q0 is both the initial and the final state.Le transizioni sono: q0 with value 1 goes goes q1, q1 with value 1 goes goes q2, q4 with value 0 goes to q0.;[];The automaton accepts zero or more words formed by a sequence of the type 110. In total there are 4 states: q0, q1, q2 e q4. q0 is both the initial and the final state.Le transizioni sono: q0 with value 1 goes goes q1, q1 with value 1 goes goes q2, q4 with value 0 goes to q0.;[];True;True
99;Can you describe the automaton ;Can you define the automaton;The automaton accepts zero or more words formed by a sequence of the type 110. In total there are 4 states: q0, q1, q2 e q4. q0 is both the initial and the final state.Le transizioni sono: q0 with value 1 goes goes q1, q1 with value 1 goes goes q2, q4 with value 0 goes to q0.;[];The automaton accepts zero or more words formed by a sequence of the type 110. In total there are 4 states: q0, q1, q2 e q4. q0 is both the initial and the final state.Le transizioni sono: q0 with value 1 goes goes q1, q1 with value 1 goes goes q2, q4 with value 0 goes to q0.;[];True;True
99;Can you describe the automaton ;Can you outline the automaton;The automaton accepts zero or more words formed by a sequence of the type 110. In total there are 4 states: q0, q1, q2 e q4. q0 is both the initial and the final state.Le transizioni sono: q0 with value 1 goes goes q1, q1 with value 1 goes goes q2, q4 with value 0 goes to q0.;[];The automaton accepts zero or more words formed by a sequence of the type 110. In total there are 4 states: q0, q1, q2 e q4. q0 is both the initial and the final state.Le transizioni sono: q0 with value 1 goes goes q1, q1 with value 1 goes goes q2, q4 with value 0 goes to q0.;[];True;True
99;Can you describe the automaton ;Can you describe the finite automaton ;The automaton accepts zero or more words formed by a sequence of the type 110. In total there are 4 states: q0, q1, q2 e q4. q0 is both the initial and the final state.Le transizioni sono: q0 with value 1 goes goes q1, q1 with value 1 goes goes q2, q4 with value 0 goes to q0.;[];The automaton accepts zero or more words formed by a sequence of the type 110. In total there are 4 states: q0, q1, q2 e q4. q0 is both the initial and the final state.Le transizioni sono: q0 with value 1 goes goes q1, q1 with value 1 goes goes q2, q4 with value 0 goes to q0.;[];True;True
99;Can you describe the automaton ;Can you describe the machine ;The automaton accepts zero or more words formed by a sequence of the type 110. In total there are 4 states: q0, q1, q2 e q4. q0 is both the initial and the final state.Le transizioni sono: q0 with value 1 goes goes q1, q1 with value 1 goes goes q2, q4 with value 0 goes to q0.;[];The automaton accepts zero or more words formed by a sequence of the type 110. In total there are 4 states: q0, q1, q2 e q4. q0 is both the initial and the final state.Le transizioni sono: q0 with value 1 goes goes q1, q1 with value 1 goes goes q2, q4 with value 0 goes to q0.;[];True;True
99;Can you describe the automaton ;Can you describe the state machine ;The automaton accepts zero or more words formed by a sequence of the type 110. In total there are 4 states: q0, q1, q2 e q4. q0 is both the initial and the final state.Le transizioni sono: q0 with value 1 goes goes q1, q1 with value 1 goes goes q2, q4 with value 0 goes to q0.;[];The automaton has 4 states: q0, q1, q2 e q4.;[('simbolo-q0', '#04ed00', 'stroke'), ('simbolo-q1', '#04ed00', 'stroke'), ('simbolo-q2', '#04ed00', 'stroke'), ('simbolo-q4', '#04ed00', 'stroke')];False;False
103;How many transitions are there in the automaton ;How many transitions are there in the finite automaton ;The automaton has 3 transitions: q0 con valore 1 va in q1, q1 con valore 1 va in q2, q4 con valore 0 va in q0.;[('simbolo-q0-q1', '#04ed00', 'stroke'), ('simbolo-q1-q2', '#04ed00', 'stroke'), ('simbolo-q4-q0', '#04ed00', 'stroke')];The automaton has 3 transitions: q0 con valore 1 va in q1, q1 con valore 1 va in q2, q4 con valore 0 va in q0.;[('simbolo-q0-q1', '#04ed00', 'stroke'), ('simbolo-q1-q2', '#04ed00', 'stroke'), ('simbolo-q4-q0', '#04ed00', 'stroke')];True;True
103;How many transitions are there in the automaton ;How many transitions are there in the machine ;The automaton has 3 transitions: q0 con valore 1 va in q1, q1 con valore 1 va in q2, q4 con valore 0 va in q0.;[('simbolo-q0-q1', '#04ed00', 'stroke'), ('simbolo-q1-q2', '#04ed00', 'stroke'), ('simbolo-q4-q0', '#04ed00', 'stroke')];The automaton has 3 transitions: q0 con valore 1 va in q1, q1 con valore 1 va in q2, q4 con valore 0 va in q0.;[('simbolo-q0-q1', '#04ed00', 'stroke'), ('simbolo-q1-q2', '#04ed00', 'stroke'), ('simbolo-q4-q0', '#04ed00', 'stroke')];True;True
103;How many transitions are there in the automaton ;How many transitions are there in the state machine ;The automaton has 3 transitions: q0 con valore 1 va in q1, q1 con valore 1 va in q2, q4 con valore 0 va in q0.;[('simbolo-q0-q1', '#04ed00', 'stroke'), ('simbolo-q1-q2', '#04ed00', 'stroke'), ('simbolo-q4-q0', '#04ed00', 'stroke')];The automaton has 3 transitions: q0 con valore 1 va in q1, q1 con valore 1 va in q2, q4 con valore 0 va in q0.;[('simbolo-q0-q1', '#04ed00', 'stroke'), ('simbolo-q1-q2', '#04ed00', 'stroke'), ('simbolo-q4-q0', '#04ed00', 'stroke')];True;True
105;Is there a transition from q0 to q5 ;Is there a state transition from q0 to q5;the transition is not defined.;[];the transition is not defined.;[];True;True
105;Is there a transition from q0 to q5 ;Is there a arc from q0 to q5;the transition is not defined.;[];the transition is not defined.;[];True;True
107;Please describe the transitions ;Please specify the transitions;there is no transition between q0 and q0.;[];there is no transition between q0 and q0.;[];True;True
107;Please describe the transitions ;Please define the transitions;there is no transition between q0 and q0.;[];The automaton has 3 transitions: q0 con valore 1 va in q1, q1 con valore 1 va in q2, q4 con valore 0 va in q0.;[('simbolo-q0-q1', '#04ed00', 'stroke'), ('simbolo-q1-q2', '#04ed00', 'stroke'), ('simbolo-q4-q0', '#04ed00', 'stroke')];False;False
107;Please describe the transitions ;Please outline the transitions;there is no transition between q0 and q0.;[];there is no transition between q0 and q0.;[];True;True
108;Is q0 the final state ;Is q0 the goal state;The final state is q0.;[('simbolo-q0', '#04ed00', 'stroke')];The automaton has 4 states: q0, q1, q2 e q4.;[('simbolo-q0', '#04ed00', 'stroke'), ('simbolo-q1', '#04ed00', 'stroke'), ('simbolo-q2', '#04ed00', 'stroke'), ('simbolo-q4', '#04ed00', 'stroke')];False;False
108;Is q0 the final state ;Is q0 the end state;The final state is q0.;[('simbolo-q0', '#04ed00', 'stroke')];The state q0 exists.;[('simbolo-q0', '#04ed00', 'stroke')];False;True
108;Is q0 the final state ;Is q0 the final configuration ;The final state is q0.;[('simbolo-q0', '#04ed00', 'stroke')];The final state is q0.;[('simbolo-q0', '#04ed00', 'stroke')];True;True
109;How many states does Automaton 1 have ;How many states does finite automaton 1 have;This automaton has 4 states;[('simbolo-q0', '#04ed00', 'stroke'), ('simbolo-q1', '#04ed00', 'stroke'), ('simbolo-q2', '#04ed00', 'stroke'), ('simbolo-q4', '#04ed00', 'stroke')];This automaton has 4 states;[('simbolo-q0', '#04ed00', 'stroke'), ('simbolo-q1', '#04ed00', 'stroke'), ('simbolo-q2', '#04ed00', 'stroke'), ('simbolo-q4', '#04ed00', 'stroke')];True;True
109;How many states does Automaton 1 have ;How many states does machine 1 have;This automaton has 4 states;[('simbolo-q0', '#04ed00', 'stroke'), ('simbolo-q1', '#04ed00', 'stroke'), ('simbolo-q2', '#04ed00', 'stroke'), ('simbolo-q4', '#04ed00', 'stroke')];This automaton has 4 states;[('simbolo-q0', '#04ed00', 'stroke'), ('simbolo-q1', '#04ed00', 'stroke'), ('simbolo-q2', '#04ed00', 'stroke'), ('simbolo-q4', '#04ed00', 'stroke')];True;True
109;How many states does Automaton 1 have ;How many states does state machine 1 have;This automaton has 4 states;[('simbolo-q0', '#04ed00', 'stroke'), ('simbolo-q1', '#04ed00', 'stroke'), ('simbolo-q2', '#04ed00', 'stroke'), ('simbolo-q4', '#04ed00', 'stroke')];This automaton has 4 states;[('simbolo-q0', '#04ed00', 'stroke'), ('simbolo-q1', '#04ed00', 'stroke'), ('simbolo-q2', '#04ed00', 'stroke'), ('simbolo-q4', '#04ed00', 'stroke')];True;True
111;Show me the transitions of the automaton ;Show me the transitions of the finite automaton ;there is no transition between q0 and q0.;[];there is no transition between q0 and q0.;[];True;True
111;Show me the transitions of the automaton ;Show me the transitions of the machine ;there is no transition between q0 and q0.;[];there is no transition between q0 and q0.;[];True;True
111;Show me the transitions of the automaton ;Show me the transitions of the state machine ;there is no transition between q0 and q0.;[];there is no transition between q0 and q0.;[];True;True
112;What transitions does the automaton have ;What transitions does the finite automaton have;The automaton has 3 transitions: q0 con valore 1 va in q1, q1 con valore 1 va in q2, q4 con valore 0 va in q0.;[('simbolo-q0-q1', '#04ed00', 'stroke'), ('simbolo-q1-q2', '#04ed00', 'stroke'), ('simbolo-q4-q0', '#04ed00', 'stroke')];The automaton has 3 transitions: q0 con valore 1 va in q1, q1 con valore 1 va in q2, q4 con valore 0 va in q0.;[('simbolo-q0-q1', '#04ed00', 'stroke'), ('simbolo-q1-q2', '#04ed00', 'stroke'), ('simbolo-q4-q0', '#04ed00', 'stroke')];True;True
112;What transitions does the automaton have ;What transitions does the machine have;The automaton has 3 transitions: q0 con valore 1 va in q1, q1 con valore 1 va in q2, q4 con valore 0 va in q0.;[('simbolo-q0-q1', '#04ed00', 'stroke'), ('simbolo-q1-q2', '#04ed00', 'stroke'), ('simbolo-q4-q0', '#04ed00', 'stroke')];The automaton has 3 transitions: q0 con valore 1 va in q1, q1 con valore 1 va in q2, q4 con valore 0 va in q0.;[('simbolo-q0-q1', '#04ed00', 'stroke'), ('simbolo-q1-q2', '#04ed00', 'stroke'), ('simbolo-q4-q0', '#04ed00', 'stroke')];True;True
112;What transitions does the automaton have ;What transitions does the state machine have;The automaton has 3 transitions: q0 con valore 1 va in q1, q1 con valore 1 va in q2, q4 con valore 0 va in q0.;[('simbolo-q0-q1', '#04ed00', 'stroke'), ('simbolo-q1-q2', '#04ed00', 'stroke'), ('simbolo-q4-q0', '#04ed00', 'stroke')];there is no transition between q0 and q0.;[];False;False
113;Describe the automaton ; specify the automaton;The automaton accepts zero or more words formed by a sequence of the type 110. In total there are 4 states: q0, q1, q2 e q4. q0 is both the initial and the final state.Le transizioni sono: q0 with value 1 goes goes q1, q1 with value 1 goes goes q2, q4 with value 0 goes to q0.;[];The automaton accepts zero or more words formed by a sequence of the type 110. In total there are 4 states: q0, q1, q2 e q4. q0 is both the initial and the final state.Le transizioni sono: q0 with value 1 goes goes q1, q1 with value 1 goes goes q2, q4 with value 0 goes to q0.;[];True;True
113;Describe the automaton ; define the automaton;The automaton accepts zero or more words formed by a sequence of the type 110. In total there are 4 states: q0, q1, q2 e q4. q0 is both the initial and the final state.Le transizioni sono: q0 with value 1 goes goes q1, q1 with value 1 goes goes q2, q4 with value 0 goes to q0.;[];The automaton accepts zero or more words formed by a sequence of the type 110. In total there are 4 states: q0, q1, q2 e q4. q0 is both the initial and the final state.Le transizioni sono: q0 with value 1 goes goes q1, q1 with value 1 goes goes q2, q4 with value 0 goes to q0.;[];True;True
113;Describe the automaton ; outline the automaton;The automaton accepts zero or more words formed by a sequence of the type 110. In total there are 4 states: q0, q1, q2 e q4. q0 is both the initial and the final state.Le transizioni sono: q0 with value 1 goes goes q1, q1 with value 1 goes goes q2, q4 with value 0 goes to q0.;[];The automaton accepts zero or more words formed by a sequence of the type 110. In total there are 4 states: q0, q1, q2 e q4. q0 is both the initial and the final state.Le transizioni sono: q0 with value 1 goes goes q1, q1 with value 1 goes goes q2, q4 with value 0 goes to q0.;[];True;True
113;Describe the automaton ;Describe the finite automaton ;The automaton accepts zero or more words formed by a sequence of the type 110. In total there are 4 states: q0, q1, q2 e q4. q0 is both the initial and the final state.Le transizioni sono: q0 with value 1 goes goes q1, q1 with value 1 goes goes q2, q4 with value 0 goes to q0.;[];The automaton accepts zero or more words formed by a sequence of the type 110. In total there are 4 states: q0, q1, q2 e q4. q0 is both the initial and the final state.Le transizioni sono: q0 with value 1 goes goes q1, q1 with value 1 goes goes q2, q4 with value 0 goes to q0.;[];True;True
113;Describe the automaton ;Describe the machine ;The automaton accepts zero or more words formed by a sequence of the type 110. In total there are 4 states: q0, q1, q2 e q4. q0 is both the initial and the final state.Le transizioni sono: q0 with value 1 goes goes q1, q1 with value 1 goes goes q2, q4 with value 0 goes to q0.;[];Potresti essere più specifico?;[];False;True
113;Describe the automaton ;Describe the state machine ;The automaton accepts zero or more words formed by a sequence of the type 110. In total there are 4 states: q0, q1, q2 e q4. q0 is both the initial and the final state.Le transizioni sono: q0 with value 1 goes goes q1, q1 with value 1 goes goes q2, q4 with value 0 goes to q0.;[];Potresti essere più specifico?;[];False;True
114;briefly describe the automaton ;briefly specify the automaton;The automaton accepts zero or more words formed by a sequence of the type 110. In total there are 4 states: q0, q1, q2 e q4. q0 is both the initial and the final state.Le transizioni sono: q0 with value 1 goes goes q1, q1 with value 1 goes goes q2, q4 with value 0 goes to q0.;[];The automaton accepts zero or more words formed by a sequence of the type 110. In total there are 4 states: q0, q1, q2 e q4. q0 is both the initial and the final state.Le transizioni sono: q0 with value 1 goes goes q1, q1 with value 1 goes goes q2, q4 with value 0 goes to q0.;[];True;True
114;briefly describe the automaton ;briefly define the automaton;The automaton accepts zero or more words formed by a sequence of the type 110. In total there are 4 states: q0, q1, q2 e q4. q0 is both the initial and the final state.Le transizioni sono: q0 with value 1 goes goes q1, q1 with value 1 goes goes q2, q4 with value 0 goes to q0.;[];The automaton accepts zero or more words formed by a sequence of the type 110. In total there are 4 states: q0, q1, q2 e q4. q0 is both the initial and the final state.Le transizioni sono: q0 with value 1 goes goes q1, q1 with value 1 goes goes q2, q4 with value 0 goes to q0.;[];True;True
114;briefly describe the automaton ;briefly outline the automaton;The automaton accepts zero or more words formed by a sequence of the type 110. In total there are 4 states: q0, q1, q2 e q4. q0 is both the initial and the final state.Le transizioni sono: q0 with value 1 goes goes q1, q1 with value 1 goes goes q2, q4 with value 0 goes to q0.;[];The automaton accepts zero or more words formed by a sequence of the type 110. In total there are 4 states: q0, q1, q2 e q4. q0 is both the initial and the final state.Le transizioni sono: q0 with value 1 goes goes q1, q1 with value 1 goes goes q2, q4 with value 0 goes to q0.;[];True;True
114;briefly describe the automaton ;briefly describe the finite automaton ;The automaton accepts zero or more words formed by a sequence of the type 110. In total there are 4 states: q0, q1, q2 e q4. q0 is both the initial and the final state.Le transizioni sono: q0 with value 1 goes goes q1, q1 with value 1 goes goes q2, q4 with value 0 goes to q0.;[];The automaton accepts zero or more words formed by a sequence of the type 110. In total there are 4 states: q0, q1, q2 e q4. q0 is both the initial and the final state.Le transizioni sono: q0 with value 1 goes goes q1, q1 with value 1 goes goes q2, q4 with value 0 goes to q0.;[];True;True
114;briefly describe the automaton ;briefly describe the machine ;The automaton accepts zero or more words formed by a sequence of the type 110. In total there are 4 states: q0, q1, q2 e q4. q0 is both the initial and the final state.Le transizioni sono: q0 with value 1 goes goes q1, q1 with value 1 goes goes q2, q4 with value 0 goes to q0.;[];Potresti essere più specifico?;[];False;True
114;briefly describe the automaton ;briefly describe the state machine ;The automaton accepts zero or more words formed by a sequence of the type 110. In total there are 4 states: q0, q1, q2 e q4. q0 is both the initial and the final state.Le transizioni sono: q0 with value 1 goes goes q1, q1 with value 1 goes goes q2, q4 with value 0 goes to q0.;[];The state q0 exists.;[('simbolo-q0', '#04ed00', 'stroke')];False;False
115;briefly describe the automaton ;briefly specify the automaton;The automaton accepts zero or more words formed by a sequence of the type 110. In total there are 4 states: q0, q1, q2 e q4. q0 is both the initial and the final state.Le transizioni sono: q0 with value 1 goes goes q1, q1 with value 1 goes goes q2, q4 with value 0 goes to q0.;[];The automaton accepts zero or more words formed by a sequence of the type 110. In total there are 4 states: q0, q1, q2 e q4. q0 is both the initial and the final state.Le transizioni sono: q0 with value 1 goes goes q1, q1 with value 1 goes goes q2, q4 with value 0 goes to q0.;[];True;True
115;briefly describe the automaton ;briefly define the automaton;The automaton accepts zero or more words formed by a sequence of the type 110. In total there are 4 states: q0, q1, q2 e q4. q0 is both the initial and the final state.Le transizioni sono: q0 with value 1 goes goes q1, q1 with value 1 goes goes q2, q4 with value 0 goes to q0.;[];The automaton accepts zero or more words formed by a sequence of the type 110. In total there are 4 states: q0, q1, q2 e q4. q0 is both the initial and the final state.Le transizioni sono: q0 with value 1 goes goes q1, q1 with value 1 goes goes q2, q4 with value 0 goes to q0.;[];True;True
115;briefly describe the automaton ;briefly outline the automaton;The automaton accepts zero or more words formed by a sequence of the type 110. In total there are 4 states: q0, q1, q2 e q4. q0 is both the initial and the final state.Le transizioni sono: q0 with value 1 goes goes q1, q1 with value 1 goes goes q2, q4 with value 0 goes to q0.;[];The automaton accepts zero or more words formed by a sequence of the type 110. In total there are 4 states: q0, q1, q2 e q4. q0 is both the initial and the final state.Le transizioni sono: q0 with value 1 goes goes q1, q1 with value 1 goes goes q2, q4 with value 0 goes to q0.;[];True;True
115;briefly describe the automaton ;briefly describe the finite automaton ;The automaton accepts zero or more words formed by a sequence of the type 110. In total there are 4 states: q0, q1, q2 e q4. q0 is both the initial and the final state.Le transizioni sono: q0 with value 1 goes goes q1, q1 with value 1 goes goes q2, q4 with value 0 goes to q0.;[];The automaton accepts zero or more words formed by a sequence of the type 110. In total there are 4 states: q0, q1, q2 e q4. q0 is both the initial and the final state.Le transizioni sono: q0 with value 1 goes goes q1, q1 with value 1 goes goes q2, q4 with value 0 goes to q0.;[];True;True
115;briefly describe the automaton ;briefly describe the machine ;The automaton accepts zero or more words formed by a sequence of the type 110. In total there are 4 states: q0, q1, q2 e q4. q0 is both the initial and the final state.Le transizioni sono: q0 with value 1 goes goes q1, q1 with value 1 goes goes q2, q4 with value 0 goes to q0.;[];Potresti essere più specifico?;[];False;True
115;briefly describe the automaton ;briefly describe the state machine ;The automaton accepts zero or more words formed by a sequence of the type 110. In total there are 4 states: q0, q1, q2 e q4. q0 is both the initial and the final state.Le transizioni sono: q0 with value 1 goes goes q1, q1 with value 1 goes goes q2, q4 with value 0 goes to q0.;[];The state q0 exists.;[('simbolo-q0', '#04ed00', 'stroke')];False;False
122;what are the final states ;what are the goal states;The final state is q0.;[('simbolo-q0', '#04ed00', 'stroke')];The state q0 exists.;[('simbolo-q0', '#04ed00', 'stroke')];False;True
122;what are the final states ;what are the end states;The final state is q0.;[('simbolo-q0', '#04ed00', 'stroke')];The state q0 exists.;[('simbolo-q0', '#04ed00', 'stroke')];False;True
123;how many final states there are ;how many goal states there are;The automaton has 4 states: q0, q1, q2 e q4.;[('simbolo-q0', '#04ed00', 'stroke'), ('simbolo-q1', '#04ed00', 'stroke'), ('simbolo-q2', '#04ed00', 'stroke'), ('simbolo-q4', '#04ed00', 'stroke')];This automaton has 4 states;[('simbolo-q0', '#04ed00', 'stroke'), ('simbolo-q1', '#04ed00', 'stroke'), ('simbolo-q2', '#04ed00', 'stroke'), ('simbolo-q4', '#04ed00', 'stroke')];False;True
123;how many final states there are ;how many end states there are;The automaton has 4 states: q0, q1, q2 e q4.;[('simbolo-q0', '#04ed00', 'stroke'), ('simbolo-q1', '#04ed00', 'stroke'), ('simbolo-q2', '#04ed00', 'stroke'), ('simbolo-q4', '#04ed00', 'stroke')];The automaton has 4 states: q0, q1, q2 e q4.;[('simbolo-q0', '#04ed00', 'stroke'), ('simbolo-q1', '#04ed00', 'stroke'), ('simbolo-q2', '#04ed00', 'stroke'), ('simbolo-q4', '#04ed00', 'stroke')];True;True
124;is q0 a final state ;is q0 a goal state;The final state is q0.;[('simbolo-q0', '#04ed00', 'stroke')];The automaton has 4 states: q0, q1, q2 e q4.;[('simbolo-q0', '#04ed00', 'stroke'), ('simbolo-q1', '#04ed00', 'stroke'), ('simbolo-q2', '#04ed00', 'stroke'), ('simbolo-q4', '#04ed00', 'stroke')];False;False
124;is q0 a final state ;is q0 a end state;The final state is q0.;[('simbolo-q0', '#04ed00', 'stroke')];The automaton has 4 states: q0, q1, q2 e q4.;[('simbolo-q0', '#04ed00', 'stroke'), ('simbolo-q1', '#04ed00', 'stroke'), ('simbolo-q2', '#04ed00', 'stroke'), ('simbolo-q4', '#04ed00', 'stroke')];False;False
124;is q0 a final state ;is q0 a final configuration ;The final state is q0.;[('simbolo-q0', '#04ed00', 'stroke')];The final state is q0.;[('simbolo-q0', '#04ed00', 'stroke')];True;True
125;is q4 a final state ;is q4 a goal state;The final state is q0.;[('simbolo-q0', '#04ed00', 'stroke')];The state q0 exists.;[('simbolo-q0', '#04ed00', 'stroke')];False;True
125;is q4 a final state ;is q4 a end state;The final state is q0.;[('simbolo-q0', '#04ed00', 'stroke')];The final state is q0.;[('simbolo-q0', '#04ed00', 'stroke')];True;True
125;is q4 a final state ;is q4 a final configuration ;The final state is q0.;[('simbolo-q0', '#04ed00', 'stroke')];The final state is q0.;[('simbolo-q0', '#04ed00', 'stroke')];True;True
126;which are the final states ;which are the goal states;The final state is q0.;[('simbolo-q0', '#04ed00', 'stroke')];The state q0 exists.;[('simbolo-q0', '#04ed00', 'stroke')];False;True
126;which are the final states ;which are the end states;The final state is q0.;[('simbolo-q0', '#04ed00', 'stroke')];The state q0 exists.;[('simbolo-q0', '#04ed00', 'stroke')];False;True
127;which is the final state ;which is the goal state;The final state is q0.;[('simbolo-q0', '#04ed00', 'stroke')];The state q0 exists.;[('simbolo-q0', '#04ed00', 'stroke')];False;True
127;which is the final state ;which is the end state;The final state is q0.;[('simbolo-q0', '#04ed00', 'stroke')];The final state is q0.;[('simbolo-q0', '#04ed00', 'stroke')];True;True
127;which is the final state ;which is the final configuration ;The final state is q0.;[('simbolo-q0', '#04ed00', 'stroke')];The final state is q0.;[('simbolo-q0', '#04ed00', 'stroke')];True;True
128;How many final states are there ;How many goal states are there;The automaton has 4 states: q0, q1, q2 e q4.;[('simbolo-q0', '#04ed00', 'stroke'), ('simbolo-q1', '#04ed00', 'stroke'), ('simbolo-q2', '#04ed00', 'stroke'), ('simbolo-q4', '#04ed00', 'stroke')];This automaton has 4 states;[('simbolo-q0', '#04ed00', 'stroke'), ('simbolo-q1', '#04ed00', 'stroke'), ('simbolo-q2', '#04ed00', 'stroke'), ('simbolo-q4', '#04ed00', 'stroke')];False;True
128;How many final states are there ;How many end states are there;The automaton has 4 states: q0, q1, q2 e q4.;[('simbolo-q0', '#04ed00', 'stroke'), ('simbolo-q1', '#04ed00', 'stroke'), ('simbolo-q2', '#04ed00', 'stroke'), ('simbolo-q4', '#04ed00', 'stroke')];The automaton has 4 states: q0, q1, q2 e q4.;[('simbolo-q0', '#04ed00', 'stroke'), ('simbolo-q1', '#04ed00', 'stroke'), ('simbolo-q2', '#04ed00', 'stroke'), ('simbolo-q4', '#04ed00', 'stroke')];True;True
132;Is there a transition from q0 to q5 ;Is there a state transition from q0 to q5;the transition is not defined.;[];the transition is not defined.;[];True;True
132;Is there a transition from q0 to q5 ;Is there a arc from q0 to q5;the transition is not defined.;[];the transition is not defined.;[];True;True
134;briefly describe you the automaton ;briefly specify you the automaton;The automaton accepts zero or more words formed by a sequence of the type 110. In total there are 4 states: q0, q1, q2 e q4. q0 is both the initial and the final state.Le transizioni sono: q0 with value 1 goes goes q1, q1 with value 1 goes goes q2, q4 with value 0 goes to q0.;[];The automaton accepts zero or more words formed by a sequence of the type 110. In total there are 4 states: q0, q1, q2 e q4. q0 is both the initial and the final state.Le transizioni sono: q0 with value 1 goes goes q1, q1 with value 1 goes goes q2, q4 with value 0 goes to q0.;[];True;True
134;briefly describe you the automaton ;briefly define you the automaton;The automaton accepts zero or more words formed by a sequence of the type 110. In total there are 4 states: q0, q1, q2 e q4. q0 is both the initial and the final state.Le transizioni sono: q0 with value 1 goes goes q1, q1 with value 1 goes goes q2, q4 with value 0 goes to q0.;[];The automaton accepts zero or more words formed by a sequence of the type 110. In total there are 4 states: q0, q1, q2 e q4. q0 is both the initial and the final state.Le transizioni sono: q0 with value 1 goes goes q1, q1 with value 1 goes goes q2, q4 with value 0 goes to q0.;[];True;True
134;briefly describe you the automaton ;briefly outline you the automaton;The automaton accepts zero or more words formed by a sequence of the type 110. In total there are 4 states: q0, q1, q2 e q4. q0 is both the initial and the final state.Le transizioni sono: q0 with value 1 goes goes q1, q1 with value 1 goes goes q2, q4 with value 0 goes to q0.;[];The automaton accepts zero or more words formed by a sequence of the type 110. In total there are 4 states: q0, q1, q2 e q4. q0 is both the initial and the final state.Le transizioni sono: q0 with value 1 goes goes q1, q1 with value 1 goes goes q2, q4 with value 0 goes to q0.;[];True;True
134;briefly describe you the automaton ;briefly describe you the finite automaton ;The automaton accepts zero or more words formed by a sequence of the type 110. In total there are 4 states: q0, q1, q2 e q4. q0 is both the initial and the final state.Le transizioni sono: q0 with value 1 goes goes q1, q1 with value 1 goes goes q2, q4 with value 0 goes to q0.;[];The automaton accepts zero or more words formed by a sequence of the type 110. In total there are 4 states: q0, q1, q2 e q4. q0 is both the initial and the final state.Le transizioni sono: q0 with value 1 goes goes q1, q1 with value 1 goes goes q2, q4 with value 0 goes to q0.;[];True;True
134;briefly describe you the automaton ;briefly describe you the machine ;The automaton accepts zero or more words formed by a sequence of the type 110. In total there are 4 states: q0, q1, q2 e q4. q0 is both the initial and the final state.Le transizioni sono: q0 with value 1 goes goes q1, q1 with value 1 goes goes q2, q4 with value 0 goes to q0.;[];Potresti essere più specifico?;[];False;True
134;briefly describe you the automaton ;briefly describe you the state machine ;The automaton accepts zero or more words formed by a sequence of the type 110. In total there are 4 states: q0, q1, q2 e q4. q0 is both the initial and the final state.Le transizioni sono: q0 with value 1 goes goes q1, q1 with value 1 goes goes q2, q4 with value 0 goes to q0.;[];The state q0 exists.;[('simbolo-q0', '#04ed00', 'stroke')];False;False
135;The automaton accepts a language allowing words made of an odd number of 0s and 1s ;The finite automaton accepts a language allowing words made of an odd number of 0s and 1s;Potresti essere più specifico?;[];Potresti essere più specifico?;[];True;True
135;The automaton accepts a language allowing words made of an odd number of 0s and 1s ;The machine accepts a language allowing words made of an odd number of 0s and 1s;Potresti essere più specifico?;[];Potresti essere più specifico?;[];True;True
135;The automaton accepts a language allowing words made of an odd number of 0s and 1s ;The state machine accepts a language allowing words made of an odd number of 0s and 1s;Potresti essere più specifico?;[];Potresti essere più specifico?;[];True;True
137;If q2 were the final state the language accepted by the automaton is the same ;If q2 were the goal state the language accepted by the automaton is the same;The final state is q0.;[('simbolo-q0', '#04ed00', 'stroke')];Potresti essere più specifico?;[];False;False
137;If q2 were the final state the language accepted by the automaton is the same ;If q2 were the end state the language accepted by the automaton is the same;The final state is q0.;[('simbolo-q0', '#04ed00', 'stroke')];Potresti essere più specifico?;[];False;False
137;If q2 were the final state the language accepted by the automaton is the same ;If q2 were the final configuration the language accepted by the automaton is the same;The final state is q0.;[('simbolo-q0', '#04ed00', 'stroke')];Potresti essere più specifico?;[];False;False
137;If q2 were the final state the language accepted by the automaton is the same ;If q2 were the final state the language accepted by the finite automaton is the same;The final state is q0.;[('simbolo-q0', '#04ed00', 'stroke')];The final state is q0.;[('simbolo-q0', '#04ed00', 'stroke')];True;True
137;If q2 were the final state the language accepted by the automaton is the same ;If q2 were the final state the language accepted by the machine is the same;The final state is q0.;[('simbolo-q0', '#04ed00', 'stroke')];The final state is q0.;[('simbolo-q0', '#04ed00', 'stroke')];True;True
137;If q2 were the final state the language accepted by the automaton is the same ;If q2 were the final state the language accepted by the state machine is the same;The final state is q0.;[('simbolo-q0', '#04ed00', 'stroke')];The final state is q0.;[('simbolo-q0', '#04ed00', 'stroke')];True;True
138;What can I use finite state automata for ;What can I use finite configuration automata for;The automaton accepts zero or more words formed by a sequence of the type 110. In total there are 4 states: q0, q1, q2 e q4. q0 is both the initial and the final state.Le transizioni sono: q0 with value 1 goes goes q1, q1 with value 1 goes goes q2, q4 with value 0 goes to q0.;[];The automaton accepts zero or more words formed by a sequence of the type 110. In total there are 4 states: q0, q1, q2 e q4. q0 is both the initial and the final state.Le transizioni sono: q0 with value 1 goes goes q1, q1 with value 1 goes goes q2, q4 with value 0 goes to q0.;[];True;True
139;How many states can I use in an automaton ;How many states can I use in an finite automaton ;This automaton has 4 states;[('simbolo-q0', '#04ed00', 'stroke'), ('simbolo-q1', '#04ed00', 'stroke'), ('simbolo-q2', '#04ed00', 'stroke'), ('simbolo-q4', '#04ed00', 'stroke')];This automaton has 4 states;[('simbolo-q0', '#04ed00', 'stroke'), ('simbolo-q1', '#04ed00', 'stroke'), ('simbolo-q2', '#04ed00', 'stroke'), ('simbolo-q4', '#04ed00', 'stroke')];True;True
139;How many states can I use in an automaton ;How many states can I use in an machine ;This automaton has 4 states;[('simbolo-q0', '#04ed00', 'stroke'), ('simbolo-q1', '#04ed00', 'stroke'), ('simbolo-q2', '#04ed00', 'stroke'), ('simbolo-q4', '#04ed00', 'stroke')];This automaton has 4 states;[('simbolo-q0', '#04ed00', 'stroke'), ('simbolo-q1', '#04ed00', 'stroke'), ('simbolo-q2', '#04ed00', 'stroke'), ('simbolo-q4', '#04ed00', 'stroke')];True;True
139;How many states can I use in an automaton ;How many states can I use in an state machine ;This automaton has 4 states;[('simbolo-q0', '#04ed00', 'stroke'), ('simbolo-q1', '#04ed00', 'stroke'), ('simbolo-q2', '#04ed00', 'stroke'), ('simbolo-q4', '#04ed00', 'stroke')];This automaton has 4 states;[('simbolo-q0', '#04ed00', 'stroke'), ('simbolo-q1', '#04ed00', 'stroke'), ('simbolo-q2', '#04ed00', 'stroke'), ('simbolo-q4', '#04ed00', 'stroke')];True;True
140;Can I use 5 states in an automaton ;Can I use 5 states in an finite automaton ;There are 5 states in this automaton.;[('simbolo-q0', '#04ed00', 'stroke'), ('simbolo-q1', '#04ed00', 'stroke'), ('simbolo-q2', '#04ed00', 'stroke'), ('simbolo-q3', '#04ed00', 'stroke'), ('simbolo-q4', '#04ed00', 'stroke')];There are 5 states in this automaton.;[('simbolo-q0', '#04ed00', 'stroke'), ('simbolo-q1', '#04ed00', 'stroke'), ('simbolo-q2', '#04ed00', 'stroke'), ('simbolo-q3', '#04ed00', 'stroke'), ('simbolo-q4', '#04ed00', 'stroke')];True;True
140;Can I use 5 states in an automaton ;Can I use 5 states in an machine ;There are 5 states in this automaton.;[('simbolo-q0', '#04ed00', 'stroke'), ('simbolo-q1', '#04ed00', 'stroke'), ('simbolo-q2', '#04ed00', 'stroke'), ('simbolo-q3', '#04ed00', 'stroke'), ('simbolo-q4', '#04ed00', 'stroke')];There are 5 states in this automaton.;[('simbolo-q0', '#04ed00', 'stroke'), ('simbolo-q1', '#04ed00', 'stroke'), ('simbolo-q2', '#04ed00', 'stroke'), ('simbolo-q3', '#04ed00', 'stroke'), ('simbolo-q4', '#04ed00', 'stroke')];True;True
140;Can I use 5 states in an automaton ;Can I use 5 states in an state machine ;There are 5 states in this automaton.;[('simbolo-q0', '#04ed00', 'stroke'), ('simbolo-q1', '#04ed00', 'stroke'), ('simbolo-q2', '#04ed00', 'stroke'), ('simbolo-q3', '#04ed00', 'stroke'), ('simbolo-q4', '#04ed00', 'stroke')];The automaton has 4 states: q0, q1, q2 e q4.;[('simbolo-q0', '#04ed00', 'stroke'), ('simbolo-q1', '#04ed00', 'stroke'), ('simbolo-q2', '#04ed00', 'stroke'), ('simbolo-q4', '#04ed00', 'stroke')];False;False
141;What is the final state of an automaton ;What is the goal state of an automaton;The final state is q0.;[('simbolo-q0', '#04ed00', 'stroke')];The automaton has 4 states: q0, q1, q2 e q4.;[('simbolo-q0', '#04ed00', 'stroke'), ('simbolo-q1', '#04ed00', 'stroke'), ('simbolo-q2', '#04ed00', 'stroke'), ('simbolo-q4', '#04ed00', 'stroke')];False;False
141;What is the final state of an automaton ;What is the end state of an automaton;The final state is q0.;[('simbolo-q0', '#04ed00', 'stroke')];The final state is q0.;[('simbolo-q0', '#04ed00', 'stroke')];True;True
141;What is the final state of an automaton ;What is the final configuration of an automaton;The final state is q0.;[('simbolo-q0', '#04ed00', 'stroke')];The automaton accepts zero or more words formed by a sequence of the type 110. In total there are 4 states: q0, q1, q2 e q4. q0 is both the initial and the final state.Le transizioni sono: q0 with value 1 goes goes q1, q1 with value 1 goes goes q2, q4 with value 0 goes to q0.;[];False;False
141;What is the final state of an automaton ;What is the final state of an finite automaton ;The final state is q0.;[('simbolo-q0', '#04ed00', 'stroke')];The final state is q0.;[('simbolo-q0', '#04ed00', 'stroke')];True;True
141;What is the final state of an automaton ;What is the final state of an machine ;The final state is q0.;[('simbolo-q0', '#04ed00', 'stroke')];The final state is q0.;[('simbolo-q0', '#04ed00', 'stroke')];True;True
141;What is the final state of an automaton ;What is the final state of an state machine ;The final state is q0.;[('simbolo-q0', '#04ed00', 'stroke')];The final state is q0.;[('simbolo-q0', '#04ed00', 'stroke')];True;True
142;How can I define an automaton ;How can I describe an automaton;The automaton accepts zero or more words formed by a sequence of the type 110. In total there are 4 states: q0, q1, q2 e q4. q0 is both the initial and the final state.Le transizioni sono: q0 with value 1 goes goes q1, q1 with value 1 goes goes q2, q4 with value 0 goes to q0.;[];The automaton accepts zero or more words formed by a sequence of the type 110. In total there are 4 states: q0, q1, q2 e q4. q0 is both the initial and the final state.Le transizioni sono: q0 with value 1 goes goes q1, q1 with value 1 goes goes q2, q4 with value 0 goes to q0.;[];True;True
142;How can I define an automaton ;How can I specify an automaton;The automaton accepts zero or more words formed by a sequence of the type 110. In total there are 4 states: q0, q1, q2 e q4. q0 is both the initial and the final state.Le transizioni sono: q0 with value 1 goes goes q1, q1 with value 1 goes goes q2, q4 with value 0 goes to q0.;[];Potresti essere più specifico?;[];False;True
142;How can I define an automaton ;How can I outline an automaton;The automaton accepts zero or more words formed by a sequence of the type 110. In total there are 4 states: q0, q1, q2 e q4. q0 is both the initial and the final state.Le transizioni sono: q0 with value 1 goes goes q1, q1 with value 1 goes goes q2, q4 with value 0 goes to q0.;[];The automaton accepts zero or more words formed by a sequence of the type 110. In total there are 4 states: q0, q1, q2 e q4. q0 is both the initial and the final state.Le transizioni sono: q0 with value 1 goes goes q1, q1 with value 1 goes goes q2, q4 with value 0 goes to q0.;[];True;True
142;How can I define an automaton ;How can I define an finite automaton ;The automaton accepts zero or more words formed by a sequence of the type 110. In total there are 4 states: q0, q1, q2 e q4. q0 is both the initial and the final state.Le transizioni sono: q0 with value 1 goes goes q1, q1 with value 1 goes goes q2, q4 with value 0 goes to q0.;[];The automaton accepts zero or more words formed by a sequence of the type 110. In total there are 4 states: q0, q1, q2 e q4. q0 is both the initial and the final state.Le transizioni sono: q0 with value 1 goes goes q1, q1 with value 1 goes goes q2, q4 with value 0 goes to q0.;[];True;True
142;How can I define an automaton ;How can I define an machine ;The automaton accepts zero or more words formed by a sequence of the type 110. In total there are 4 states: q0, q1, q2 e q4. q0 is both the initial and the final state.Le transizioni sono: q0 with value 1 goes goes q1, q1 with value 1 goes goes q2, q4 with value 0 goes to q0.;[];Potresti essere più specifico?;[];False;True
142;How can I define an automaton ;How can I define an state machine ;The automaton accepts zero or more words formed by a sequence of the type 110. In total there are 4 states: q0, q1, q2 e q4. q0 is both the initial and the final state.Le transizioni sono: q0 with value 1 goes goes q1, q1 with value 1 goes goes q2, q4 with value 0 goes to q0.;[];The state q0 exists.;[('simbolo-q0', '#04ed00', 'stroke')];False;False
143;How is an automaton defined ;How is an finite automaton defined;The automaton accepts zero or more words formed by a sequence of the type 110. In total there are 4 states: q0, q1, q2 e q4. q0 is both the initial and the final state.Le transizioni sono: q0 with value 1 goes goes q1, q1 with value 1 goes goes q2, q4 with value 0 goes to q0.;[];The automaton accepts zero or more words formed by a sequence of the type 110. In total there are 4 states: q0, q1, q2 e q4. q0 is both the initial and the final state.Le transizioni sono: q0 with value 1 goes goes q1, q1 with value 1 goes goes q2, q4 with value 0 goes to q0.;[];True;True
143;How is an automaton defined ;How is an machine defined;The automaton accepts zero or more words formed by a sequence of the type 110. In total there are 4 states: q0, q1, q2 e q4. q0 is both the initial and the final state.Le transizioni sono: q0 with value 1 goes goes q1, q1 with value 1 goes goes q2, q4 with value 0 goes to q0.;[];Potresti essere più specifico?;[];False;True
143;How is an automaton defined ;How is an state machine defined;The automaton accepts zero or more words formed by a sequence of the type 110. In total there are 4 states: q0, q1, q2 e q4. q0 is both the initial and the final state.Le transizioni sono: q0 with value 1 goes goes q1, q1 with value 1 goes goes q2, q4 with value 0 goes to q0.;[];The automaton has 4 states: q0, q1, q2 e q4.;[('simbolo-q0', '#04ed00', 'stroke'), ('simbolo-q1', '#04ed00', 'stroke'), ('simbolo-q2', '#04ed00', 'stroke'), ('simbolo-q4', '#04ed00', 'stroke')];False;False
144;Describe the automaton ; specify the automaton;The automaton accepts zero or more words formed by a sequence of the type 110. In total there are 4 states: q0, q1, q2 e q4. q0 is both the initial and the final state.Le transizioni sono: q0 with value 1 goes goes q1, q1 with value 1 goes goes q2, q4 with value 0 goes to q0.;[];The automaton accepts zero or more words formed by a sequence of the type 110. In total there are 4 states: q0, q1, q2 e q4. q0 is both the initial and the final state.Le transizioni sono: q0 with value 1 goes goes q1, q1 with value 1 goes goes q2, q4 with value 0 goes to q0.;[];True;True
144;Describe the automaton ; define the automaton;The automaton accepts zero or more words formed by a sequence of the type 110. In total there are 4 states: q0, q1, q2 e q4. q0 is both the initial and the final state.Le transizioni sono: q0 with value 1 goes goes q1, q1 with value 1 goes goes q2, q4 with value 0 goes to q0.;[];The automaton accepts zero or more words formed by a sequence of the type 110. In total there are 4 states: q0, q1, q2 e q4. q0 is both the initial and the final state.Le transizioni sono: q0 with value 1 goes goes q1, q1 with value 1 goes goes q2, q4 with value 0 goes to q0.;[];True;True
144;Describe the automaton ; outline the automaton;The automaton accepts zero or more words formed by a sequence of the type 110. In total there are 4 states: q0, q1, q2 e q4. q0 is both the initial and the final state.Le transizioni sono: q0 with value 1 goes goes q1, q1 with value 1 goes goes q2, q4 with value 0 goes to q0.;[];The automaton accepts zero or more words formed by a sequence of the type 110. In total there are 4 states: q0, q1, q2 e q4. q0 is both the initial and the final state.Le transizioni sono: q0 with value 1 goes goes q1, q1 with value 1 goes goes q2, q4 with value 0 goes to q0.;[];True;True
144;Describe the automaton ;Describe the finite automaton ;The automaton accepts zero or more words formed by a sequence of the type 110. In total there are 4 states: q0, q1, q2 e q4. q0 is both the initial and the final state.Le transizioni sono: q0 with value 1 goes goes q1, q1 with value 1 goes goes q2, q4 with value 0 goes to q0.;[];The automaton accepts zero or more words formed by a sequence of the type 110. In total there are 4 states: q0, q1, q2 e q4. q0 is both the initial and the final state.Le transizioni sono: q0 with value 1 goes goes q1, q1 with value 1 goes goes q2, q4 with value 0 goes to q0.;[];True;True
144;Describe the automaton ;Describe the machine ;The automaton accepts zero or more words formed by a sequence of the type 110. In total there are 4 states: q0, q1, q2 e q4. q0 is both the initial and the final state.Le transizioni sono: q0 with value 1 goes goes q1, q1 with value 1 goes goes q2, q4 with value 0 goes to q0.;[];Potresti essere più specifico?;[];False;True
144;Describe the automaton ;Describe the state machine ;The automaton accepts zero or more words formed by a sequence of the type 110. In total there are 4 states: q0, q1, q2 e q4. q0 is both the initial and the final state.Le transizioni sono: q0 with value 1 goes goes q1, q1 with value 1 goes goes q2, q4 with value 0 goes to q0.;[];The state q0 exists.;[('simbolo-q0', '#04ed00', 'stroke')];False;False
146;What is the final state ;What is the goal state;The final state is q0.;[('simbolo-q0', '#04ed00', 'stroke')];The automaton has 4 states: q0, q1, q2 e q4.;[('simbolo-q0', '#04ed00', 'stroke'), ('simbolo-q1', '#04ed00', 'stroke'), ('simbolo-q2', '#04ed00', 'stroke'), ('simbolo-q4', '#04ed00', 'stroke')];False;False
146;What is the final state ;What is the end state;The final state is q0.;[('simbolo-q0', '#04ed00', 'stroke')];The state q0 exists.;[('simbolo-q0', '#04ed00', 'stroke')];False;True
146;What is the final state ;What is the final configuration ;The final state is q0.;[('simbolo-q0', '#04ed00', 'stroke')];The final state is q0.;[('simbolo-q0', '#04ed00', 'stroke')];True;True
151;Which transitions end in q0 ;Which transitions final in q0;there is no transition between q0 and q0.;[];the transition is not defined.;[];False;True
151;Which transitions end in q0 ;Which transitions goal in q0;there is no transition between q0 and q0.;[];the transition is not defined.;[];False;True
154;What could be a minimal spatial representation for this automaton ;What could be a minimal spatial representation for this finite automaton ;Potresti essere più specifico?;[];Potresti essere più specifico?;[];True;True
154;What could be a minimal spatial representation for this automaton ;What could be a minimal spatial representation for this machine ;Potresti essere più specifico?;[];Potresti essere più specifico?;[];True;True
154;What could be a minimal spatial representation for this automaton ;What could be a minimal spatial representation for this state machine ;Potresti essere più specifico?;[];Potresti essere più specifico?;[];True;True
156;is there an arc between q0 and q1 ;is there an transition between q0 and q1;The transition between q0 and q1 is with value 1.;[('simbolo-q0-q1', '#04ed00', 'stroke')];The transition between q0 and q1 is with value 1.;[('simbolo-q0-q1', '#04ed00', 'stroke')];True;True
156;is there an arc between q0 and q1 ;is there an state transition between q0 and q1;The transition between q0 and q1 is with value 1.;[('simbolo-q0-q1', '#04ed00', 'stroke')];The transition between q0 and q1 is with value 1.;[('simbolo-q0-q1', '#04ed00', 'stroke')];True;True
158;describe the automaton ; specify the automaton;The automaton accepts zero or more words formed by a sequence of the type 110. In total there are 4 states: q0, q1, q2 e q4. q0 is both the initial and the final state.Le transizioni sono: q0 with value 1 goes goes q1, q1 with value 1 goes goes q2, q4 with value 0 goes to q0.;[];The automaton accepts zero or more words formed by a sequence of the type 110. In total there are 4 states: q0, q1, q2 e q4. q0 is both the initial and the final state.Le transizioni sono: q0 with value 1 goes goes q1, q1 with value 1 goes goes q2, q4 with value 0 goes to q0.;[];True;True
158;describe the automaton ; define the automaton;The automaton accepts zero or more words formed by a sequence of the type 110. In total there are 4 states: q0, q1, q2 e q4. q0 is both the initial and the final state.Le transizioni sono: q0 with value 1 goes goes q1, q1 with value 1 goes goes q2, q4 with value 0 goes to q0.;[];The automaton accepts zero or more words formed by a sequence of the type 110. In total there are 4 states: q0, q1, q2 e q4. q0 is both the initial and the final state.Le transizioni sono: q0 with value 1 goes goes q1, q1 with value 1 goes goes q2, q4 with value 0 goes to q0.;[];True;True
158;describe the automaton ; outline the automaton;The automaton accepts zero or more words formed by a sequence of the type 110. In total there are 4 states: q0, q1, q2 e q4. q0 is both the initial and the final state.Le transizioni sono: q0 with value 1 goes goes q1, q1 with value 1 goes goes q2, q4 with value 0 goes to q0.;[];The automaton accepts zero or more words formed by a sequence of the type 110. In total there are 4 states: q0, q1, q2 e q4. q0 is both the initial and the final state.Le transizioni sono: q0 with value 1 goes goes q1, q1 with value 1 goes goes q2, q4 with value 0 goes to q0.;[];True;True
158;describe the automaton ;describe the finite automaton ;The automaton accepts zero or more words formed by a sequence of the type 110. In total there are 4 states: q0, q1, q2 e q4. q0 is both the initial and the final state.Le transizioni sono: q0 with value 1 goes goes q1, q1 with value 1 goes goes q2, q4 with value 0 goes to q0.;[];The automaton accepts zero or more words formed by a sequence of the type 110. In total there are 4 states: q0, q1, q2 e q4. q0 is both the initial and the final state.Le transizioni sono: q0 with value 1 goes goes q1, q1 with value 1 goes goes q2, q4 with value 0 goes to q0.;[];True;True
158;describe the automaton ;describe the machine ;The automaton accepts zero or more words formed by a sequence of the type 110. In total there are 4 states: q0, q1, q2 e q4. q0 is both the initial and the final state.Le transizioni sono: q0 with value 1 goes goes q1, q1 with value 1 goes goes q2, q4 with value 0 goes to q0.;[];Potresti essere più specifico?;[];False;True
158;describe the automaton ;describe the state machine ;The automaton accepts zero or more words formed by a sequence of the type 110. In total there are 4 states: q0, q1, q2 e q4. q0 is both the initial and the final state.Le transizioni sono: q0 with value 1 goes goes q1, q1 with value 1 goes goes q2, q4 with value 0 goes to q0.;[];The state q0 exists.;[('simbolo-q0', '#04ed00', 'stroke')];False;False
160;maximum number of states in an automaton ;maximum number of states in an finite automaton ;This automaton has 4 states;[('simbolo-q0', '#04ed00', 'stroke'), ('simbolo-q1', '#04ed00', 'stroke'), ('simbolo-q2', '#04ed00', 'stroke'), ('simbolo-q4', '#04ed00', 'stroke')];This automaton has 4 states;[('simbolo-q0', '#04ed00', 'stroke'), ('simbolo-q1', '#04ed00', 'stroke'), ('simbolo-q2', '#04ed00', 'stroke'), ('simbolo-q4', '#04ed00', 'stroke')];True;True
160;maximum number of states in an automaton ;maximum number of states in an machine ;This automaton has 4 states;[('simbolo-q0', '#04ed00', 'stroke'), ('simbolo-q1', '#04ed00', 'stroke'), ('simbolo-q2', '#04ed00', 'stroke'), ('simbolo-q4', '#04ed00', 'stroke')];This automaton has 4 states;[('simbolo-q0', '#04ed00', 'stroke'), ('simbolo-q1', '#04ed00', 'stroke'), ('simbolo-q2', '#04ed00', 'stroke'), ('simbolo-q4', '#04ed00', 'stroke')];True;True
160;maximum number of states in an automaton ;maximum number of states in an state machine ;This automaton has 4 states;[('simbolo-q0', '#04ed00', 'stroke'), ('simbolo-q1', '#04ed00', 'stroke'), ('simbolo-q2', '#04ed00', 'stroke'), ('simbolo-q4', '#04ed00', 'stroke')];This automaton has 4 states;[('simbolo-q0', '#04ed00', 'stroke'), ('simbolo-q1', '#04ed00', 'stroke'), ('simbolo-q2', '#04ed00', 'stroke'), ('simbolo-q4', '#04ed00', 'stroke')];True;True
161;How is the automaton represented ;How is the finite automaton represented;The automaton accepts zero or more words formed by a sequence of the type 110. In total there are 4 states: q0, q1, q2 e q4. q0 is both the initial and the final state.Le transizioni sono: q0 with value 1 goes goes q1, q1 with value 1 goes goes q2, q4 with value 0 goes to q0.;[];The automaton accepts zero or more words formed by a sequence of the type 110. In total there are 4 states: q0, q1, q2 e q4. q0 is both the initial and the final state.Le transizioni sono: q0 with value 1 goes goes q1, q1 with value 1 goes goes q2, q4 with value 0 goes to q0.;[];True;True
161;How is the automaton represented ;How is the machine represented;The automaton accepts zero or more words formed by a sequence of the type 110. In total there are 4 states: q0, q1, q2 e q4. q0 is both the initial and the final state.Le transizioni sono: q0 with value 1 goes goes q1, q1 with value 1 goes goes q2, q4 with value 0 goes to q0.;[];The automaton accepts zero or more words formed by a sequence of the type 110. In total there are 4 states: q0, q1, q2 e q4. q0 is both the initial and the final state.Le transizioni sono: q0 with value 1 goes goes q1, q1 with value 1 goes goes q2, q4 with value 0 goes to q0.;[];True;True
161;How is the automaton represented ;How is the state machine represented;The automaton accepts zero or more words formed by a sequence of the type 110. In total there are 4 states: q0, q1, q2 e q4. q0 is both the initial and the final state.Le transizioni sono: q0 with value 1 goes goes q1, q1 with value 1 goes goes q2, q4 with value 0 goes to q0.;[];The state q0 exists.;[('simbolo-q0', '#04ed00', 'stroke')];False;False
162;How many states does a pentagon shaped automaton have ;How many states does a pentagon shaped finite automaton have;This automaton has 4 states;[('simbolo-q0', '#04ed00', 'stroke'), ('simbolo-q1', '#04ed00', 'stroke'), ('simbolo-q2', '#04ed00', 'stroke'), ('simbolo-q4', '#04ed00', 'stroke')];This automaton has 4 states;[('simbolo-q0', '#04ed00', 'stroke'), ('simbolo-q1', '#04ed00', 'stroke'), ('simbolo-q2', '#04ed00', 'stroke'), ('simbolo-q4', '#04ed00', 'stroke')];True;True
162;How many states does a pentagon shaped automaton have ;How many states does a pentagon shaped machine have;This automaton has 4 states;[('simbolo-q0', '#04ed00', 'stroke'), ('simbolo-q1', '#04ed00', 'stroke'), ('simbolo-q2', '#04ed00', 'stroke'), ('simbolo-q4', '#04ed00', 'stroke')];This automaton has 4 states;[('simbolo-q0', '#04ed00', 'stroke'), ('simbolo-q1', '#04ed00', 'stroke'), ('simbolo-q2', '#04ed00', 'stroke'), ('simbolo-q4', '#04ed00', 'stroke')];True;True
162;How many states does a pentagon shaped automaton have ;How many states does a pentagon shaped state machine have;This automaton has 4 states;[('simbolo-q0', '#04ed00', 'stroke'), ('simbolo-q1', '#04ed00', 'stroke'), ('simbolo-q2', '#04ed00', 'stroke'), ('simbolo-q4', '#04ed00', 'stroke')];This automaton has 4 states;[('simbolo-q0', '#04ed00', 'stroke'), ('simbolo-q1', '#04ed00', 'stroke'), ('simbolo-q2', '#04ed00', 'stroke'), ('simbolo-q4', '#04ed00', 'stroke')];True;True
163;Briefly describe the automaton How many states are there ;Briefly specify the automaton How many states are there;The automaton accepts zero or more words formed by a sequence of the type 110. In total there are 4 states: q0, q1, q2 e q4. q0 is both the initial and the final state.Le transizioni sono: q0 with value 1 goes goes q1, q1 with value 1 goes goes q2, q4 with value 0 goes to q0.;[];The automaton has 4 states and 3 transitions.;[];False;True
163;Briefly describe the automaton How many states are there ;Briefly define the automaton How many states are there;The automaton accepts zero or more words formed by a sequence of the type 110. In total there are 4 states: q0, q1, q2 e q4. q0 is both the initial and the final state.Le transizioni sono: q0 with value 1 goes goes q1, q1 with value 1 goes goes q2, q4 with value 0 goes to q0.;[];The automaton has 4 states and 3 transitions.;[];False;True
163;Briefly describe the automaton How many states are there ;Briefly outline the automaton How many states are there;The automaton accepts zero or more words formed by a sequence of the type 110. In total there are 4 states: q0, q1, q2 e q4. q0 is both the initial and the final state.Le transizioni sono: q0 with value 1 goes goes q1, q1 with value 1 goes goes q2, q4 with value 0 goes to q0.;[];The automaton has 4 states and 3 transitions.;[];False;True
163;Briefly describe the automaton How many states are there ;Briefly describe the finite automaton How many states are there;The automaton accepts zero or more words formed by a sequence of the type 110. In total there are 4 states: q0, q1, q2 e q4. q0 is both the initial and the final state.Le transizioni sono: q0 with value 1 goes goes q1, q1 with value 1 goes goes q2, q4 with value 0 goes to q0.;[];The automaton has 4 states and 3 transitions.;[];False;True
163;Briefly describe the automaton How many states are there ;Briefly describe the machine How many states are there;The automaton accepts zero or more words formed by a sequence of the type 110. In total there are 4 states: q0, q1, q2 e q4. q0 is both the initial and the final state.Le transizioni sono: q0 with value 1 goes goes q1, q1 with value 1 goes goes q2, q4 with value 0 goes to q0.;[];This automaton has 4 states;[('simbolo-q0', '#04ed00', 'stroke'), ('simbolo-q1', '#04ed00', 'stroke'), ('simbolo-q2', '#04ed00', 'stroke'), ('simbolo-q4', '#04ed00', 'stroke')];False;False
163;Briefly describe the automaton How many states are there ;Briefly describe the state machine How many states are there;The automaton accepts zero or more words formed by a sequence of the type 110. In total there are 4 states: q0, q1, q2 e q4. q0 is both the initial and the final state.Le transizioni sono: q0 with value 1 goes goes q1, q1 with value 1 goes goes q2, q4 with value 0 goes to q0.;[];This automaton has 4 states;[('simbolo-q0', '#04ed00', 'stroke'), ('simbolo-q1', '#04ed00', 'stroke'), ('simbolo-q2', '#04ed00', 'stroke'), ('simbolo-q4', '#04ed00', 'stroke')];False;False
164;Briefly describe the automaton 2 How many states are there ;Briefly specify the automaton 2 How many states are there;The automaton has 4 states and 3 transitions.;[];This automaton has 4 states;[('simbolo-q0', '#04ed00', 'stroke'), ('simbolo-q1', '#04ed00', 'stroke'), ('simbolo-q2', '#04ed00', 'stroke'), ('simbolo-q4', '#04ed00', 'stroke')];False;False
164;Briefly describe the automaton 2 How many states are there ;Briefly define the automaton 2 How many states are there;The automaton has 4 states and 3 transitions.;[];This automaton has 4 states;[('simbolo-q0', '#04ed00', 'stroke'), ('simbolo-q1', '#04ed00', 'stroke'), ('simbolo-q2', '#04ed00', 'stroke'), ('simbolo-q4', '#04ed00', 'stroke')];False;False
164;Briefly describe the automaton 2 How many states are there ;Briefly outline the automaton 2 How many states are there;The automaton has 4 states and 3 transitions.;[];This automaton has 4 states;[('simbolo-q0', '#04ed00', 'stroke'), ('simbolo-q1', '#04ed00', 'stroke'), ('simbolo-q2', '#04ed00', 'stroke'), ('simbolo-q4', '#04ed00', 'stroke')];False;False
164;Briefly describe the automaton 2 How many states are there ;Briefly describe the finite automaton 2 How many states are there;The automaton has 4 states and 3 transitions.;[];This automaton has 4 states;[('simbolo-q0', '#04ed00', 'stroke'), ('simbolo-q1', '#04ed00', 'stroke'), ('simbolo-q2', '#04ed00', 'stroke'), ('simbolo-q4', '#04ed00', 'stroke')];False;False
164;Briefly describe the automaton 2 How many states are there ;Briefly describe the machine 2 How many states are there;The automaton has 4 states and 3 transitions.;[];This automaton has 4 states;[('simbolo-q0', '#04ed00', 'stroke'), ('simbolo-q1', '#04ed00', 'stroke'), ('simbolo-q2', '#04ed00', 'stroke'), ('simbolo-q4', '#04ed00', 'stroke')];False;False
164;Briefly describe the automaton 2 How many states are there ;Briefly describe the state machine 2 How many states are there;The automaton has 4 states and 3 transitions.;[];This automaton has 4 states;[('simbolo-q0', '#04ed00', 'stroke'), ('simbolo-q1', '#04ed00', 'stroke'), ('simbolo-q2', '#04ed00', 'stroke'), ('simbolo-q4', '#04ed00', 'stroke')];False;False
167;Is there a transition from q0 to q5 ;Is there a state transition from q0 to q5;the transition is not defined.;[];the transition is not defined.;[];True;True
167;Is there a transition from q0 to q5 ;Is there a arc from q0 to q5;the transition is not defined.;[];the transition is not defined.;[];True;True
168;According to your understanding of Automaton 2 what is its optimal spatial representation ;According to your understanding of finite automaton 2 what is its optimal spatial representation;Potresti essere più specifico?;[];Potresti essere più specifico?;[];True;True
168;According to your understanding of Automaton 2 what is its optimal spatial representation ;According to your understanding of machine 2 what is its optimal spatial representation;Potresti essere più specifico?;[];Potresti essere più specifico?;[];True;True
168;According to your understanding of Automaton 2 what is its optimal spatial representation ;According to your understanding of state machine 2 what is its optimal spatial representation;Potresti essere più specifico?;[];The automaton has 4 states: q0, q1, q2 e q4.;[('simbolo-q0', '#04ed00', 'stroke'), ('simbolo-q1', '#04ed00', 'stroke'), ('simbolo-q2', '#04ed00', 'stroke'), ('simbolo-q4', '#04ed00', 'stroke')];False;False
169;The automaton accepts a language allowing words made of an odd number of 0s and 1s ;The finite automaton accepts a language allowing words made of an odd number of 0s and 1s;Potresti essere più specifico?;[];Potresti essere più specifico?;[];True;True
169;The automaton accepts a language allowing words made of an odd number of 0s and 1s ;The machine accepts a language allowing words made of an odd number of 0s and 1s;Potresti essere più specifico?;[];Potresti essere più specifico?;[];True;True
169;The automaton accepts a language allowing words made of an odd number of 0s and 1s ;The state machine accepts a language allowing words made of an odd number of 0s and 1s;Potresti essere più specifico?;[];Potresti essere più specifico?;[];True;True
171;Briefly describe the automaton ;Briefly specify the automaton;The automaton accepts zero or more words formed by a sequence of the type 110. In total there are 4 states: q0, q1, q2 e q4. q0 is both the initial and the final state.Le transizioni sono: q0 with value 1 goes goes q1, q1 with value 1 goes goes q2, q4 with value 0 goes to q0.;[];The automaton accepts zero or more words formed by a sequence of the type 110. In total there are 4 states: q0, q1, q2 e q4. q0 is both the initial and the final state.Le transizioni sono: q0 with value 1 goes goes q1, q1 with value 1 goes goes q2, q4 with value 0 goes to q0.;[];True;True
171;Briefly describe the automaton ;Briefly define the automaton;The automaton accepts zero or more words formed by a sequence of the type 110. In total there are 4 states: q0, q1, q2 e q4. q0 is both the initial and the final state.Le transizioni sono: q0 with value 1 goes goes q1, q1 with value 1 goes goes q2, q4 with value 0 goes to q0.;[];The automaton accepts zero or more words formed by a sequence of the type 110. In total there are 4 states: q0, q1, q2 e q4. q0 is both the initial and the final state.Le transizioni sono: q0 with value 1 goes goes q1, q1 with value 1 goes goes q2, q4 with value 0 goes to q0.;[];True;True
171;Briefly describe the automaton ;Briefly outline the automaton;The automaton accepts zero or more words formed by a sequence of the type 110. In total there are 4 states: q0, q1, q2 e q4. q0 is both the initial and the final state.Le transizioni sono: q0 with value 1 goes goes q1, q1 with value 1 goes goes q2, q4 with value 0 goes to q0.;[];The automaton accepts zero or more words formed by a sequence of the type 110. In total there are 4 states: q0, q1, q2 e q4. q0 is both the initial and the final state.Le transizioni sono: q0 with value 1 goes goes q1, q1 with value 1 goes goes q2, q4 with value 0 goes to q0.;[];True;True
171;Briefly describe the automaton ;Briefly describe the finite automaton ;The automaton accepts zero or more words formed by a sequence of the type 110. In total there are 4 states: q0, q1, q2 e q4. q0 is both the initial and the final state.Le transizioni sono: q0 with value 1 goes goes q1, q1 with value 1 goes goes q2, q4 with value 0 goes to q0.;[];The automaton accepts zero or more words formed by a sequence of the type 110. In total there are 4 states: q0, q1, q2 e q4. q0 is both the initial and the final state.Le transizioni sono: q0 with value 1 goes goes q1, q1 with value 1 goes goes q2, q4 with value 0 goes to q0.;[];True;True
171;Briefly describe the automaton ;Briefly describe the machine ;The automaton accepts zero or more words formed by a sequence of the type 110. In total there are 4 states: q0, q1, q2 e q4. q0 is both the initial and the final state.Le transizioni sono: q0 with value 1 goes goes q1, q1 with value 1 goes goes q2, q4 with value 0 goes to q0.;[];Potresti essere più specifico?;[];False;True
171;Briefly describe the automaton ;Briefly describe the state machine ;The automaton accepts zero or more words formed by a sequence of the type 110. In total there are 4 states: q0, q1, q2 e q4. q0 is both the initial and the final state.Le transizioni sono: q0 with value 1 goes goes q1, q1 with value 1 goes goes q2, q4 with value 0 goes to q0.;[];The state q0 exists.;[('simbolo-q0', '#04ed00', 'stroke')];False;False
172;How is the automaton represented ;How is the finite automaton represented;The automaton accepts zero or more words formed by a sequence of the type 110. In total there are 4 states: q0, q1, q2 e q4. q0 is both the initial and the final state.Le transizioni sono: q0 with value 1 goes goes q1, q1 with value 1 goes goes q2, q4 with value 0 goes to q0.;[];The automaton accepts zero or more words formed by a sequence of the type 110. In total there are 4 states: q0, q1, q2 e q4. q0 is both the initial and the final state.Le transizioni sono: q0 with value 1 goes goes q1, q1 with value 1 goes goes q2, q4 with value 0 goes to q0.;[];True;True
172;How is the automaton represented ;How is the machine represented;The automaton accepts zero or more words formed by a sequence of the type 110. In total there are 4 states: q0, q1, q2 e q4. q0 is both the initial and the final state.Le transizioni sono: q0 with value 1 goes goes q1, q1 with value 1 goes goes q2, q4 with value 0 goes to q0.;[];The automaton accepts zero or more words formed by a sequence of the type 110. In total there are 4 states: q0, q1, q2 e q4. q0 is both the initial and the final state.Le transizioni sono: q0 with value 1 goes goes q1, q1 with value 1 goes goes q2, q4 with value 0 goes to q0.;[];True;True
172;How is the automaton represented ;How is the state machine represented;The automaton accepts zero or more words formed by a sequence of the type 110. In total there are 4 states: q0, q1, q2 e q4. q0 is both the initial and the final state.Le transizioni sono: q0 with value 1 goes goes q1, q1 with value 1 goes goes q2, q4 with value 0 goes to q0.;[];The automaton has 4 states: q0, q1, q2 e q4.;[('simbolo-q0', '#04ed00', 'stroke'), ('simbolo-q1', '#04ed00', 'stroke'), ('simbolo-q2', '#04ed00', 'stroke'), ('simbolo-q4', '#04ed00', 'stroke')];False;False
173;Is there an arc between q0 and q1 ;Is there an transition between q0 and q1;The transition between q0 and q1 is with value 1.;[('simbolo-q0-q1', '#04ed00', 'stroke')];The transition between q0 and q1 is with value 1.;[('simbolo-q0-q1', '#04ed00', 'stroke')];True;True
173;Is there an arc between q0 and q1 ;Is there an state transition between q0 and q1;The transition between q0 and q1 is with value 1.;[('simbolo-q0-q1', '#04ed00', 'stroke')];The transition between q0 and q1 is with value 1.;[('simbolo-q0-q1', '#04ed00', 'stroke')];True;True
174;Is there an arc between q1 and q2 ;Is there an transition between q1 and q2;The transition between q1 and q2 is with value 1.;[('simbolo-q1-q2', '#04ed00', 'stroke')];The transition between q1 and q2 is with value 1.;[('simbolo-q1-q2', '#04ed00', 'stroke')];True;True
174;Is there an arc between q1 and q2 ;Is there an state transition between q1 and q2;The transition between q1 and q2 is with value 1.;[('simbolo-q1-q2', '#04ed00', 'stroke')];The transition between q1 and q2 is with value 1.;[('simbolo-q1-q2', '#04ed00', 'stroke')];True;True
175;describe me the automaton ; specify me the automaton;The automaton accepts zero or more words formed by a sequence of the type 110. In total there are 4 states: q0, q1, q2 e q4. q0 is both the initial and the final state.Le transizioni sono: q0 with value 1 goes goes q1, q1 with value 1 goes goes q2, q4 with value 0 goes to q0.;[];The automaton accepts zero or more words formed by a sequence of the type 110. In total there are 4 states: q0, q1, q2 e q4. q0 is both the initial and the final state.Le transizioni sono: q0 with value 1 goes goes q1, q1 with value 1 goes goes q2, q4 with value 0 goes to q0.;[];True;True
175;describe me the automaton ; define me the automaton;The automaton accepts zero or more words formed by a sequence of the type 110. In total there are 4 states: q0, q1, q2 e q4. q0 is both the initial and the final state.Le transizioni sono: q0 with value 1 goes goes q1, q1 with value 1 goes goes q2, q4 with value 0 goes to q0.;[];The automaton accepts zero or more words formed by a sequence of the type 110. In total there are 4 states: q0, q1, q2 e q4. q0 is both the initial and the final state.Le transizioni sono: q0 with value 1 goes goes q1, q1 with value 1 goes goes q2, q4 with value 0 goes to q0.;[];True;True
175;describe me the automaton ; outline me the automaton;The automaton accepts zero or more words formed by a sequence of the type 110. In total there are 4 states: q0, q1, q2 e q4. q0 is both the initial and the final state.Le transizioni sono: q0 with value 1 goes goes q1, q1 with value 1 goes goes q2, q4 with value 0 goes to q0.;[];The automaton accepts zero or more words formed by a sequence of the type 110. In total there are 4 states: q0, q1, q2 e q4. q0 is both the initial and the final state.Le transizioni sono: q0 with value 1 goes goes q1, q1 with value 1 goes goes q2, q4 with value 0 goes to q0.;[];True;True
175;describe me the automaton ;describe me the finite automaton ;The automaton accepts zero or more words formed by a sequence of the type 110. In total there are 4 states: q0, q1, q2 e q4. q0 is both the initial and the final state.Le transizioni sono: q0 with value 1 goes goes q1, q1 with value 1 goes goes q2, q4 with value 0 goes to q0.;[];The automaton accepts zero or more words formed by a sequence of the type 110. In total there are 4 states: q0, q1, q2 e q4. q0 is both the initial and the final state.Le transizioni sono: q0 with value 1 goes goes q1, q1 with value 1 goes goes q2, q4 with value 0 goes to q0.;[];True;True
175;describe me the automaton ;describe me the machine ;The automaton accepts zero or more words formed by a sequence of the type 110. In total there are 4 states: q0, q1, q2 e q4. q0 is both the initial and the final state.Le transizioni sono: q0 with value 1 goes goes q1, q1 with value 1 goes goes q2, q4 with value 0 goes to q0.;[];Potresti essere più specifico?;[];False;True
175;describe me the automaton ;describe me the state machine ;The automaton accepts zero or more words formed by a sequence of the type 110. In total there are 4 states: q0, q1, q2 e q4. q0 is both the initial and the final state.Le transizioni sono: q0 with value 1 goes goes q1, q1 with value 1 goes goes q2, q4 with value 0 goes to q0.;[];Potresti essere più specifico?;[];False;True
176;how many states does the automaton have ;how many states does the finite automaton have;This automaton has 4 states;[('simbolo-q0', '#04ed00', 'stroke'), ('simbolo-q1', '#04ed00', 'stroke'), ('simbolo-q2', '#04ed00', 'stroke'), ('simbolo-q4', '#04ed00', 'stroke')];This automaton has 4 states;[('simbolo-q0', '#04ed00', 'stroke'), ('simbolo-q1', '#04ed00', 'stroke'), ('simbolo-q2', '#04ed00', 'stroke'), ('simbolo-q4', '#04ed00', 'stroke')];True;True
176;how many states does the automaton have ;how many states does the machine have;This automaton has 4 states;[('simbolo-q0', '#04ed00', 'stroke'), ('simbolo-q1', '#04ed00', 'stroke'), ('simbolo-q2', '#04ed00', 'stroke'), ('simbolo-q4', '#04ed00', 'stroke')];This automaton has 4 states;[('simbolo-q0', '#04ed00', 'stroke'), ('simbolo-q1', '#04ed00', 'stroke'), ('simbolo-q2', '#04ed00', 'stroke'), ('simbolo-q4', '#04ed00', 'stroke')];True;True
176;how many states does the automaton have ;how many states does the state machine have;This automaton has 4 states;[('simbolo-q0', '#04ed00', 'stroke'), ('simbolo-q1', '#04ed00', 'stroke'), ('simbolo-q2', '#04ed00', 'stroke'), ('simbolo-q4', '#04ed00', 'stroke')];This automaton has 4 states;[('simbolo-q0', '#04ed00', 'stroke'), ('simbolo-q1', '#04ed00', 'stroke'), ('simbolo-q2', '#04ed00', 'stroke'), ('simbolo-q4', '#04ed00', 'stroke')];True;True
177;wat is the language recognised by the automaton ;wat is the language recognised by the finite automaton ;Potresti essere più specifico?;[];Potresti essere più specifico?;[];True;True
177;wat is the language recognised by the automaton ;wat is the language recognised by the machine ;Potresti essere più specifico?;[];Potresti essere più specifico?;[];True;True
177;wat is the language recognised by the automaton ;wat is the language recognised by the state machine ;Potresti essere più specifico?;[];The automaton has 4 states: q0, q1, q2 e q4.;[('simbolo-q0', '#04ed00', 'stroke'), ('simbolo-q1', '#04ed00', 'stroke'), ('simbolo-q2', '#04ed00', 'stroke'), ('simbolo-q4', '#04ed00', 'stroke')];False;False
178;describe me the automaton ; specify me the automaton;The automaton accepts zero or more words formed by a sequence of the type 110. In total there are 4 states: q0, q1, q2 e q4. q0 is both the initial and the final state.Le transizioni sono: q0 with value 1 goes goes q1, q1 with value 1 goes goes q2, q4 with value 0 goes to q0.;[];The automaton accepts zero or more words formed by a sequence of the type 110. In total there are 4 states: q0, q1, q2 e q4. q0 is both the initial and the final state.Le transizioni sono: q0 with value 1 goes goes q1, q1 with value 1 goes goes q2, q4 with value 0 goes to q0.;[];True;True
178;describe me the automaton ; define me the automaton;The automaton accepts zero or more words formed by a sequence of the type 110. In total there are 4 states: q0, q1, q2 e q4. q0 is both the initial and the final state.Le transizioni sono: q0 with value 1 goes goes q1, q1 with value 1 goes goes q2, q4 with value 0 goes to q0.;[];The automaton accepts zero or more words formed by a sequence of the type 110. In total there are 4 states: q0, q1, q2 e q4. q0 is both the initial and the final state.Le transizioni sono: q0 with value 1 goes goes q1, q1 with value 1 goes goes q2, q4 with value 0 goes to q0.;[];True;True
178;describe me the automaton ; outline me the automaton;The automaton accepts zero or more words formed by a sequence of the type 110. In total there are 4 states: q0, q1, q2 e q4. q0 is both the initial and the final state.Le transizioni sono: q0 with value 1 goes goes q1, q1 with value 1 goes goes q2, q4 with value 0 goes to q0.;[];The automaton accepts zero or more words formed by a sequence of the type 110. In total there are 4 states: q0, q1, q2 e q4. q0 is both the initial and the final state.Le transizioni sono: q0 with value 1 goes goes q1, q1 with value 1 goes goes q2, q4 with value 0 goes to q0.;[];True;True
178;describe me the automaton ;describe me the finite automaton ;The automaton accepts zero or more words formed by a sequence of the type 110. In total there are 4 states: q0, q1, q2 e q4. q0 is both the initial and the final state.Le transizioni sono: q0 with value 1 goes goes q1, q1 with value 1 goes goes q2, q4 with value 0 goes to q0.;[];The automaton accepts zero or more words formed by a sequence of the type 110. In total there are 4 states: q0, q1, q2 e q4. q0 is both the initial and the final state.Le transizioni sono: q0 with value 1 goes goes q1, q1 with value 1 goes goes q2, q4 with value 0 goes to q0.;[];True;True
178;describe me the automaton ;describe me the machine ;The automaton accepts zero or more words formed by a sequence of the type 110. In total there are 4 states: q0, q1, q2 e q4. q0 is both the initial and the final state.Le transizioni sono: q0 with value 1 goes goes q1, q1 with value 1 goes goes q2, q4 with value 0 goes to q0.;[];Potresti essere più specifico?;[];False;True
178;describe me the automaton ;describe me the state machine ;The automaton accepts zero or more words formed by a sequence of the type 110. In total there are 4 states: q0, q1, q2 e q4. q0 is both the initial and the final state.Le transizioni sono: q0 with value 1 goes goes q1, q1 with value 1 goes goes q2, q4 with value 0 goes to q0.;[];Potresti essere più specifico?;[];False;True
179;briefly describe the automation ;briefly specify the automation;The automaton accepts zero or more words formed by a sequence of the type 110. In total there are 4 states: q0, q1, q2 e q4. q0 is both the initial and the final state.Le transizioni sono: q0 with value 1 goes goes q1, q1 with value 1 goes goes q2, q4 with value 0 goes to q0.;[];The automaton accepts zero or more words formed by a sequence of the type 110. In total there are 4 states: q0, q1, q2 e q4. q0 is both the initial and the final state.Le transizioni sono: q0 with value 1 goes goes q1, q1 with value 1 goes goes q2, q4 with value 0 goes to q0.;[];True;True
179;briefly describe the automation ;briefly define the automation;The automaton accepts zero or more words formed by a sequence of the type 110. In total there are 4 states: q0, q1, q2 e q4. q0 is both the initial and the final state.Le transizioni sono: q0 with value 1 goes goes q1, q1 with value 1 goes goes q2, q4 with value 0 goes to q0.;[];The automaton accepts zero or more words formed by a sequence of the type 110. In total there are 4 states: q0, q1, q2 e q4. q0 is both the initial and the final state.Le transizioni sono: q0 with value 1 goes goes q1, q1 with value 1 goes goes q2, q4 with value 0 goes to q0.;[];True;True
179;briefly describe the automation ;briefly outline the automation;The automaton accepts zero or more words formed by a sequence of the type 110. In total there are 4 states: q0, q1, q2 e q4. q0 is both the initial and the final state.Le transizioni sono: q0 with value 1 goes goes q1, q1 with value 1 goes goes q2, q4 with value 0 goes to q0.;[];The automaton accepts zero or more words formed by a sequence of the type 110. In total there are 4 states: q0, q1, q2 e q4. q0 is both the initial and the final state.Le transizioni sono: q0 with value 1 goes goes q1, q1 with value 1 goes goes q2, q4 with value 0 goes to q0.;[];True;True
184;What is the initial state ;What is the initial configuration ;The initial state is q0.;[('simbolo-q0', '#04ed00', 'stroke')];The initial state is q0.;[('simbolo-q0', '#04ed00', 'stroke')];True;True
185;What is the final state ;What is the goal state;The final state is q0.;[('simbolo-q0', '#04ed00', 'stroke')];The automaton has 4 states: q0, q1, q2 e q4.;[('simbolo-q0', '#04ed00', 'stroke'), ('simbolo-q1', '#04ed00', 'stroke'), ('simbolo-q2', '#04ed00', 'stroke'), ('simbolo-q4', '#04ed00', 'stroke')];False;False
185;What is the final state ;What is the end state;The final state is q0.;[('simbolo-q0', '#04ed00', 'stroke')];The state q0 exists.;[('simbolo-q0', '#04ed00', 'stroke')];False;True
185;What is the final state ;What is the final configuration ;The final state is q0.;[('simbolo-q0', '#04ed00', 'stroke')];The final state is q0.;[('simbolo-q0', '#04ed00', 'stroke')];True;True
188;what is an automaton ;what is an finite automaton ;The automaton accepts zero or more words formed by a sequence of the type 110. In total there are 4 states: q0, q1, q2 e q4. q0 is both the initial and the final state.Le transizioni sono: q0 with value 1 goes goes q1, q1 with value 1 goes goes q2, q4 with value 0 goes to q0.;[];The automaton accepts zero or more words formed by a sequence of the type 110. In total there are 4 states: q0, q1, q2 e q4. q0 is both the initial and the final state.Le transizioni sono: q0 with value 1 goes goes q1, q1 with value 1 goes goes q2, q4 with value 0 goes to q0.;[];True;True
188;what is an automaton ;what is an machine ;The automaton accepts zero or more words formed by a sequence of the type 110. In total there are 4 states: q0, q1, q2 e q4. q0 is both the initial and the final state.Le transizioni sono: q0 with value 1 goes goes q1, q1 with value 1 goes goes q2, q4 with value 0 goes to q0.;[];Potresti essere più specifico?;[];False;True
188;what is an automaton ;what is an state machine ;The automaton accepts zero or more words formed by a sequence of the type 110. In total there are 4 states: q0, q1, q2 e q4. q0 is both the initial and the final state.Le transizioni sono: q0 with value 1 goes goes q1, q1 with value 1 goes goes q2, q4 with value 0 goes to q0.;[];Potresti essere più specifico?;[];False;True
189;what is the initial stage of the automaton ;what is the initial stage of the finite automaton ;The initial state is q0.;[('simbolo-q0', '#04ed00', 'stroke')];The initial state is q0.;[('simbolo-q0', '#04ed00', 'stroke')];True;True
189;what is the initial stage of the automaton ;what is the initial stage of the machine ;The initial state is q0.;[('simbolo-q0', '#04ed00', 'stroke')];The initial state is q0.;[('simbolo-q0', '#04ed00', 'stroke')];True;True
189;what is the initial stage of the automaton ;what is the initial stage of the state machine ;The initial state is q0.;[('simbolo-q0', '#04ed00', 'stroke')];The initial state is q0.;[('simbolo-q0', '#04ed00', 'stroke')];True;True
190;Breifly describe me the automaton ;Breifly specify me the automaton;The automaton accepts zero or more words formed by a sequence of the type 110. In total there are 4 states: q0, q1, q2 e q4. q0 is both the initial and the final state.Le transizioni sono: q0 with value 1 goes goes q1, q1 with value 1 goes goes q2, q4 with value 0 goes to q0.;[];The automaton accepts zero or more words formed by a sequence of the type 110. In total there are 4 states: q0, q1, q2 e q4. q0 is both the initial and the final state.Le transizioni sono: q0 with value 1 goes goes q1, q1 with value 1 goes goes q2, q4 with value 0 goes to q0.;[];True;True
190;Breifly describe me the automaton ;Breifly define me the automaton;The automaton accepts zero or more words formed by a sequence of the type 110. In total there are 4 states: q0, q1, q2 e q4. q0 is both the initial and the final state.Le transizioni sono: q0 with value 1 goes goes q1, q1 with value 1 goes goes q2, q4 with value 0 goes to q0.;[];The automaton accepts zero or more words formed by a sequence of the type 110. In total there are 4 states: q0, q1, q2 e q4. q0 is both the initial and the final state.Le transizioni sono: q0 with value 1 goes goes q1, q1 with value 1 goes goes q2, q4 with value 0 goes to q0.;[];True;True
190;Breifly describe me the automaton ;Breifly outline me the automaton;The automaton accepts zero or more words formed by a sequence of the type 110. In total there are 4 states: q0, q1, q2 e q4. q0 is both the initial and the final state.Le transizioni sono: q0 with value 1 goes goes q1, q1 with value 1 goes goes q2, q4 with value 0 goes to q0.;[];The automaton accepts zero or more words formed by a sequence of the type 110. In total there are 4 states: q0, q1, q2 e q4. q0 is both the initial and the final state.Le transizioni sono: q0 with value 1 goes goes q1, q1 with value 1 goes goes q2, q4 with value 0 goes to q0.;[];True;True
190;Breifly describe me the automaton ;Breifly describe me the finite automaton ;The automaton accepts zero or more words formed by a sequence of the type 110. In total there are 4 states: q0, q1, q2 e q4. q0 is both the initial and the final state.Le transizioni sono: q0 with value 1 goes goes q1, q1 with value 1 goes goes q2, q4 with value 0 goes to q0.;[];The automaton accepts zero or more words formed by a sequence of the type 110. In total there are 4 states: q0, q1, q2 e q4. q0 is both the initial and the final state.Le transizioni sono: q0 with value 1 goes goes q1, q1 with value 1 goes goes q2, q4 with value 0 goes to q0.;[];True;True
190;Breifly describe me the automaton ;Breifly describe me the machine ;The automaton accepts zero or more words formed by a sequence of the type 110. In total there are 4 states: q0, q1, q2 e q4. q0 is both the initial and the final state.Le transizioni sono: q0 with value 1 goes goes q1, q1 with value 1 goes goes q2, q4 with value 0 goes to q0.;[];Potresti essere più specifico?;[];False;True
190;Breifly describe me the automaton ;Breifly describe me the state machine ;The automaton accepts zero or more words formed by a sequence of the type 110. In total there are 4 states: q0, q1, q2 e q4. q0 is both the initial and the final state.Le transizioni sono: q0 with value 1 goes goes q1, q1 with value 1 goes goes q2, q4 with value 0 goes to q0.;[];Potresti essere più specifico?;[];False;True
191;what is the initial state of the automaton ;what is the initial configuration of the automaton;The initial state is q0.;[('simbolo-q0', '#04ed00', 'stroke')];The initial state is q0.;[('simbolo-q0', '#04ed00', 'stroke')];True;True
191;what is the initial state of the automaton ;what is the initial state of the finite automaton ;The initial state is q0.;[('simbolo-q0', '#04ed00', 'stroke')];The initial state is q0.;[('simbolo-q0', '#04ed00', 'stroke')];True;True
191;what is the initial state of the automaton ;what is the initial state of the machine ;The initial state is q0.;[('simbolo-q0', '#04ed00', 'stroke')];The initial state is q0.;[('simbolo-q0', '#04ed00', 'stroke')];True;True
191;what is the initial state of the automaton ;what is the initial state of the state machine ;The initial state is q0.;[('simbolo-q0', '#04ed00', 'stroke')];The initial state is q0.;[('simbolo-q0', '#04ed00', 'stroke')];True;True
192;what is the language accepted by the automaton ;what is the language accepted by the finite automaton ;Potresti essere più specifico?;[];Potresti essere più specifico?;[];True;True
192;what is the language accepted by the automaton ;what is the language accepted by the machine ;Potresti essere più specifico?;[];Potresti essere più specifico?;[];True;True
192;what is the language accepted by the automaton ;what is the language accepted by the state machine ;Potresti essere più specifico?;[];Potresti essere più specifico?;[];True;True
193;is the string 110 accepted by the automaton ;is the string 110 accepted by the finite automaton ;Potresti essere più specifico?;[];Potresti essere più specifico?;[];True;True
193;is the string 110 accepted by the automaton ;is the string 110 accepted by the machine ;Potresti essere più specifico?;[];Potresti essere più specifico?;[];True;True
193;is the string 110 accepted by the automaton ;is the string 110 accepted by the state machine ;Potresti essere più specifico?;[];Potresti essere più specifico?;[];True;True
194;Describe the automaton ; specify the automaton;The automaton accepts zero or more words formed by a sequence of the type 110. In total there are 4 states: q0, q1, q2 e q4. q0 is both the initial and the final state.Le transizioni sono: q0 with value 1 goes goes q1, q1 with value 1 goes goes q2, q4 with value 0 goes to q0.;[];The automaton accepts zero or more words formed by a sequence of the type 110. In total there are 4 states: q0, q1, q2 e q4. q0 is both the initial and the final state.Le transizioni sono: q0 with value 1 goes goes q1, q1 with value 1 goes goes q2, q4 with value 0 goes to q0.;[];True;True
194;Describe the automaton ; define the automaton;The automaton accepts zero or more words formed by a sequence of the type 110. In total there are 4 states: q0, q1, q2 e q4. q0 is both the initial and the final state.Le transizioni sono: q0 with value 1 goes goes q1, q1 with value 1 goes goes q2, q4 with value 0 goes to q0.;[];The automaton accepts zero or more words formed by a sequence of the type 110. In total there are 4 states: q0, q1, q2 e q4. q0 is both the initial and the final state.Le transizioni sono: q0 with value 1 goes goes q1, q1 with value 1 goes goes q2, q4 with value 0 goes to q0.;[];True;True
194;Describe the automaton ; outline the automaton;The automaton accepts zero or more words formed by a sequence of the type 110. In total there are 4 states: q0, q1, q2 e q4. q0 is both the initial and the final state.Le transizioni sono: q0 with value 1 goes goes q1, q1 with value 1 goes goes q2, q4 with value 0 goes to q0.;[];The automaton accepts zero or more words formed by a sequence of the type 110. In total there are 4 states: q0, q1, q2 e q4. q0 is both the initial and the final state.Le transizioni sono: q0 with value 1 goes goes q1, q1 with value 1 goes goes q2, q4 with value 0 goes to q0.;[];True;True
194;Describe the automaton ;Describe the finite automaton ;The automaton accepts zero or more words formed by a sequence of the type 110. In total there are 4 states: q0, q1, q2 e q4. q0 is both the initial and the final state.Le transizioni sono: q0 with value 1 goes goes q1, q1 with value 1 goes goes q2, q4 with value 0 goes to q0.;[];The automaton accepts zero or more words formed by a sequence of the type 110. In total there are 4 states: q0, q1, q2 e q4. q0 is both the initial and the final state.Le transizioni sono: q0 with value 1 goes goes q1, q1 with value 1 goes goes q2, q4 with value 0 goes to q0.;[];True;True
194;Describe the automaton ;Describe the machine ;The automaton accepts zero or more words formed by a sequence of the type 110. In total there are 4 states: q0, q1, q2 e q4. q0 is both the initial and the final state.Le transizioni sono: q0 with value 1 goes goes q1, q1 with value 1 goes goes q2, q4 with value 0 goes to q0.;[];The automaton accepts zero or more words formed by a sequence of the type 110. In total there are 4 states: q0, q1, q2 e q4. q0 is both the initial and the final state.Le transizioni sono: q0 with value 1 goes goes q1, q1 with value 1 goes goes q2, q4 with value 0 goes to q0.;[];True;True
194;Describe the automaton ;Describe the state machine ;The automaton accepts zero or more words formed by a sequence of the type 110. In total there are 4 states: q0, q1, q2 e q4. q0 is both the initial and the final state.Le transizioni sono: q0 with value 1 goes goes q1, q1 with value 1 goes goes q2, q4 with value 0 goes to q0.;[];The state q0 exists.;[('simbolo-q0', '#04ed00', 'stroke')];False;False
195;describe the transition table of the automaton ; specify the transition table of the automaton;there is no transition between q0 and q0.;[];there is no transition between q0 and q0.;[];True;True
195;describe the transition table of the automaton ; define the transition table of the automaton;there is no transition between q0 and q0.;[];there is no transition between q0 and q0.;[];True;True
195;describe the transition table of the automaton ; outline the transition table of the automaton;there is no transition between q0 and q0.;[];there is no transition between q0 and q0.;[];True;True
195;describe the transition table of the automaton ;describe the state transition table of the automaton;there is no transition between q0 and q0.;[];there is no transition between q0 and q0.;[];True;True
195;describe the transition table of the automaton ;describe the arc table of the automaton;there is no transition between q0 and q0.;[];there is no transition between q0 and q0.;[];True;True
195;describe the transition table of the automaton ;describe the transition table of the finite automaton ;there is no transition between q0 and q0.;[];there is no transition between q0 and q0.;[];True;True
195;describe the transition table of the automaton ;describe the transition table of the machine ;there is no transition between q0 and q0.;[];there is no transition between q0 and q0.;[];True;True
195;describe the transition table of the automaton ;describe the transition table of the state machine ;there is no transition between q0 and q0.;[];there is no transition between q0 and q0.;[];True;True
196;is there an arc from q0 to q1 ;is there an transition from q0 to q1;The transition between q0 and q1 is with value 1.;[('simbolo-q0-q1', '#04ed00', 'stroke')];The transition between q0 and q1 is with value 1.;[('simbolo-q0-q1', '#04ed00', 'stroke')];True;True
196;is there an arc from q0 to q1 ;is there an state transition from q0 to q1;The transition between q0 and q1 is with value 1.;[('simbolo-q0-q1', '#04ed00', 'stroke')];The transition between q0 and q1 is with value 1.;[('simbolo-q0-q1', '#04ed00', 'stroke')];True;True
197;is there an arc from q2 to q1 ;is there an transition from q2 to q1;there is no transition between q2 and q1.;[];there is no transition between q2 and q1.;[];True;True
197;is there an arc from q2 to q1 ;is there an state transition from q2 to q1;there is no transition between q2 and q1.;[];there is no transition between q2 and q1.;[];True;True
199;what symbols does the automaton accept ;what symbols does the finite automaton accept;Potresti essere più specifico?;[];Potresti essere più specifico?;[];True;True
199;what symbols does the automaton accept ;what symbols does the machine accept;Potresti essere più specifico?;[];Potresti essere più specifico?;[];True;True
199;what symbols does the automaton accept ;what symbols does the state machine accept;Potresti essere più specifico?;[];The automaton has 4 states: q0, q1, q2 e q4.;[('simbolo-q0', '#04ed00', 'stroke'), ('simbolo-q1', '#04ed00', 'stroke'), ('simbolo-q2', '#04ed00', 'stroke'), ('simbolo-q4', '#04ed00', 'stroke')];False;False
200;what are the symbols accepted by the automaton ;what are the symbols accepted by the finite automaton ;Potresti essere più specifico?;[];Potresti essere più specifico?;[];True;True
200;what are the symbols accepted by the automaton ;what are the symbols accepted by the machine ;Potresti essere più specifico?;[];Potresti essere più specifico?;[];True;True
200;what are the symbols accepted by the automaton ;what are the symbols accepted by the state machine ;Potresti essere più specifico?;[];Potresti essere più specifico?;[];True;True
202;how is the automaton represented ;how is the finite automaton represented;The automaton accepts zero or more words formed by a sequence of the type 110. In total there are 4 states: q0, q1, q2 e q4. q0 is both the initial and the final state.Le transizioni sono: q0 with value 1 goes goes q1, q1 with value 1 goes goes q2, q4 with value 0 goes to q0.;[];The automaton accepts zero or more words formed by a sequence of the type 110. In total there are 4 states: q0, q1, q2 e q4. q0 is both the initial and the final state.Le transizioni sono: q0 with value 1 goes goes q1, q1 with value 1 goes goes q2, q4 with value 0 goes to q0.;[];True;True
202;how is the automaton represented ;how is the machine represented;The automaton accepts zero or more words formed by a sequence of the type 110. In total there are 4 states: q0, q1, q2 e q4. q0 is both the initial and the final state.Le transizioni sono: q0 with value 1 goes goes q1, q1 with value 1 goes goes q2, q4 with value 0 goes to q0.;[];The automaton accepts zero or more words formed by a sequence of the type 110. In total there are 4 states: q0, q1, q2 e q4. q0 is both the initial and the final state.Le transizioni sono: q0 with value 1 goes goes q1, q1 with value 1 goes goes q2, q4 with value 0 goes to q0.;[];True;True
202;how is the automaton represented ;how is the state machine represented;The automaton accepts zero or more words formed by a sequence of the type 110. In total there are 4 states: q0, q1, q2 e q4. q0 is both the initial and the final state.Le transizioni sono: q0 with value 1 goes goes q1, q1 with value 1 goes goes q2, q4 with value 0 goes to q0.;[];The automaton has 4 states: q0, q1, q2 e q4.;[('simbolo-q0', '#04ed00', 'stroke'), ('simbolo-q1', '#04ed00', 'stroke'), ('simbolo-q2', '#04ed00', 'stroke'), ('simbolo-q4', '#04ed00', 'stroke')];False;False
204;Descrivi l automa ; spiega l automa;The automaton accepts zero or more words formed by a sequence of the type 110. In total there are 4 states: q0, q1, q2 e q4. q0 is both the initial and the final state.Le transizioni sono: q0 with value 1 goes goes q1, q1 with value 1 goes goes q2, q4 with value 0 goes to q0.;[];The automaton accepts zero or more words formed by a sequence of the type 110. In total there are 4 states: q0, q1, q2 e q4. q0 is both the initial and the final state.Le transizioni sono: q0 with value 1 goes goes q1, q1 with value 1 goes goes q2, q4 with value 0 goes to q0.;[];True;True
204;Descrivi l automa ; racconta l automa;The automaton accepts zero or more words formed by a sequence of the type 110. In total there are 4 states: q0, q1, q2 e q4. q0 is both the initial and the final state.Le transizioni sono: q0 with value 1 goes goes q1, q1 with value 1 goes goes q2, q4 with value 0 goes to q0.;[];The automaton accepts zero or more words formed by a sequence of the type 110. In total there are 4 states: q0, q1, q2 e q4. q0 is both the initial and the final state.Le transizioni sono: q0 with value 1 goes goes q1, q1 with value 1 goes goes q2, q4 with value 0 goes to q0.;[];True;True
206;Describe automa ; specify automa;The automaton accepts zero or more words formed by a sequence of the type 110. In total there are 4 states: q0, q1, q2 e q4. q0 is both the initial and the final state.Le transizioni sono: q0 with value 1 goes goes q1, q1 with value 1 goes goes q2, q4 with value 0 goes to q0.;[];The automaton accepts zero or more words formed by a sequence of the type 110. In total there are 4 states: q0, q1, q2 e q4. q0 is both the initial and the final state.Le transizioni sono: q0 with value 1 goes goes q1, q1 with value 1 goes goes q2, q4 with value 0 goes to q0.;[];True;True
206;Describe automa ; define automa;The automaton accepts zero or more words formed by a sequence of the type 110. In total there are 4 states: q0, q1, q2 e q4. q0 is both the initial and the final state.Le transizioni sono: q0 with value 1 goes goes q1, q1 with value 1 goes goes q2, q4 with value 0 goes to q0.;[];The automaton accepts zero or more words formed by a sequence of the type 110. In total there are 4 states: q0, q1, q2 e q4. q0 is both the initial and the final state.Le transizioni sono: q0 with value 1 goes goes q1, q1 with value 1 goes goes q2, q4 with value 0 goes to q0.;[];True;True
206;Describe automa ; outline automa;The automaton accepts zero or more words formed by a sequence of the type 110. In total there are 4 states: q0, q1, q2 e q4. q0 is both the initial and the final state.Le transizioni sono: q0 with value 1 goes goes q1, q1 with value 1 goes goes q2, q4 with value 0 goes to q0.;[];The automaton accepts zero or more words formed by a sequence of the type 110. In total there are 4 states: q0, q1, q2 e q4. q0 is both the initial and the final state.Le transizioni sono: q0 with value 1 goes goes q1, q1 with value 1 goes goes q2, q4 with value 0 goes to q0.;[];True;True
211;The automaton accepts a language allowing words made of an odd number of 0s and 1s ;The finite automaton accepts a language allowing words made of an odd number of 0s and 1s;Potresti essere più specifico?;[];Potresti essere più specifico?;[];True;True
211;The automaton accepts a language allowing words made of an odd number of 0s and 1s ;The machine accepts a language allowing words made of an odd number of 0s and 1s;Potresti essere più specifico?;[];Potresti essere più specifico?;[];True;True
211;The automaton accepts a language allowing words made of an odd number of 0s and 1s ;The state machine accepts a language allowing words made of an odd number of 0s and 1s;Potresti essere più specifico?;[];Potresti essere più specifico?;[];True;True
212;If q2 were the final state the language accepted by the automaton is the same ;If q2 were the goal state the language accepted by the automaton is the same;The final state is q0.;[('simbolo-q0', '#04ed00', 'stroke')];Potresti essere più specifico?;[];False;False
212;If q2 were the final state the language accepted by the automaton is the same ;If q2 were the end state the language accepted by the automaton is the same;The final state is q0.;[('simbolo-q0', '#04ed00', 'stroke')];Potresti essere più specifico?;[];False;False
212;If q2 were the final state the language accepted by the automaton is the same ;If q2 were the final configuration the language accepted by the automaton is the same;The final state is q0.;[('simbolo-q0', '#04ed00', 'stroke')];Potresti essere più specifico?;[];False;False
212;If q2 were the final state the language accepted by the automaton is the same ;If q2 were the final state the language accepted by the finite automaton is the same;The final state is q0.;[('simbolo-q0', '#04ed00', 'stroke')];The final state is q0.;[('simbolo-q0', '#04ed00', 'stroke')];True;True
212;If q2 were the final state the language accepted by the automaton is the same ;If q2 were the final state the language accepted by the machine is the same;The final state is q0.;[('simbolo-q0', '#04ed00', 'stroke')];The final state is q0.;[('simbolo-q0', '#04ed00', 'stroke')];True;True
212;If q2 were the final state the language accepted by the automaton is the same ;If q2 were the final state the language accepted by the state machine is the same;The final state is q0.;[('simbolo-q0', '#04ed00', 'stroke')];The final state is q0.;[('simbolo-q0', '#04ed00', 'stroke')];True;True
213;If q2 were the final state the language accepted by the automaton is the same ;If q2 were the goal state the language accepted by the automaton is the same;The final state is q0.;[('simbolo-q0', '#04ed00', 'stroke')];Potresti essere più specifico?;[];False;False
213;If q2 were the final state the language accepted by the automaton is the same ;If q2 were the end state the language accepted by the automaton is the same;The final state is q0.;[('simbolo-q0', '#04ed00', 'stroke')];Potresti essere più specifico?;[];False;False
213;If q2 were the final state the language accepted by the automaton is the same ;If q2 were the final configuration the language accepted by the automaton is the same;The final state is q0.;[('simbolo-q0', '#04ed00', 'stroke')];Potresti essere più specifico?;[];False;False
213;If q2 were the final state the language accepted by the automaton is the same ;If q2 were the final state the language accepted by the finite automaton is the same;The final state is q0.;[('simbolo-q0', '#04ed00', 'stroke')];The final state is q0.;[('simbolo-q0', '#04ed00', 'stroke')];True;True
213;If q2 were the final state the language accepted by the automaton is the same ;If q2 were the final state the language accepted by the machine is the same;The final state is q0.;[('simbolo-q0', '#04ed00', 'stroke')];The final state is q0.;[('simbolo-q0', '#04ed00', 'stroke')];True;True
213;If q2 were the final state the language accepted by the automaton is the same ;If q2 were the final state the language accepted by the state machine is the same;The final state is q0.;[('simbolo-q0', '#04ed00', 'stroke')];Potresti essere più specifico?;[];False;False
214;If q0 were the final state the language accepted by the automaton is the same ;If q0 were the goal state the language accepted by the automaton is the same;The final state is q0.;[('simbolo-q0', '#04ed00', 'stroke')];The automaton has 4 states: q0, q1, q2 e q4.;[('simbolo-q0', '#04ed00', 'stroke'), ('simbolo-q1', '#04ed00', 'stroke'), ('simbolo-q2', '#04ed00', 'stroke'), ('simbolo-q4', '#04ed00', 'stroke')];False;False
214;If q0 were the final state the language accepted by the automaton is the same ;If q0 were the end state the language accepted by the automaton is the same;The final state is q0.;[('simbolo-q0', '#04ed00', 'stroke')];The automaton has 4 states: q0, q1, q2 e q4.;[('simbolo-q0', '#04ed00', 'stroke'), ('simbolo-q1', '#04ed00', 'stroke'), ('simbolo-q2', '#04ed00', 'stroke'), ('simbolo-q4', '#04ed00', 'stroke')];False;False
214;If q0 were the final state the language accepted by the automaton is the same ;If q0 were the final configuration the language accepted by the automaton is the same;The final state is q0.;[('simbolo-q0', '#04ed00', 'stroke')];Potresti essere più specifico?;[];False;False
214;If q0 were the final state the language accepted by the automaton is the same ;If q0 were the final state the language accepted by the finite automaton is the same;The final state is q0.;[('simbolo-q0', '#04ed00', 'stroke')];The final state is q0.;[('simbolo-q0', '#04ed00', 'stroke')];True;True
214;If q0 were the final state the language accepted by the automaton is the same ;If q0 were the final state the language accepted by the machine is the same;The final state is q0.;[('simbolo-q0', '#04ed00', 'stroke')];The final state is q0.;[('simbolo-q0', '#04ed00', 'stroke')];True;True
214;If q0 were the final state the language accepted by the automaton is the same ;If q0 were the final state the language accepted by the state machine is the same;The final state is q0.;[('simbolo-q0', '#04ed00', 'stroke')];The final state is q0.;[('simbolo-q0', '#04ed00', 'stroke')];True;True
218;which is the transition function ;which is the state transition function;there is no transition between q0 and q0.;[];there is no transition between q0 and q0.;[];True;True
218;which is the transition function ;which is the arc function;there is no transition between q0 and q0.;[];there is no transition between q0 and q0.;[];True;True
221;How is the automaton represented ;How is the finite automaton represented;The automaton accepts zero or more words formed by a sequence of the type 110. In total there are 4 states: q0, q1, q2 e q4. q0 is both the initial and the final state.Le transizioni sono: q0 with value 1 goes goes q1, q1 with value 1 goes goes q2, q4 with value 0 goes to q0.;[];The automaton accepts zero or more words formed by a sequence of the type 110. In total there are 4 states: q0, q1, q2 e q4. q0 is both the initial and the final state.Le transizioni sono: q0 with value 1 goes goes q1, q1 with value 1 goes goes q2, q4 with value 0 goes to q0.;[];True;True
221;How is the automaton represented ;How is the machine represented;The automaton accepts zero or more words formed by a sequence of the type 110. In total there are 4 states: q0, q1, q2 e q4. q0 is both the initial and the final state.Le transizioni sono: q0 with value 1 goes goes q1, q1 with value 1 goes goes q2, q4 with value 0 goes to q0.;[];The automaton accepts zero or more words formed by a sequence of the type 110. In total there are 4 states: q0, q1, q2 e q4. q0 is both the initial and the final state.Le transizioni sono: q0 with value 1 goes goes q1, q1 with value 1 goes goes q2, q4 with value 0 goes to q0.;[];True;True
221;How is the automaton represented ;How is the state machine represented;The automaton accepts zero or more words formed by a sequence of the type 110. In total there are 4 states: q0, q1, q2 e q4. q0 is both the initial and the final state.Le transizioni sono: q0 with value 1 goes goes q1, q1 with value 1 goes goes q2, q4 with value 0 goes to q0.;[];The state q0 exists.;[('simbolo-q0', '#04ed00', 'stroke')];False;False
223;can you briefly describe the automata ;can you briefly specify the automata;The automaton accepts zero or more words formed by a sequence of the type 110. In total there are 4 states: q0, q1, q2 e q4. q0 is both the initial and the final state.Le transizioni sono: q0 with value 1 goes goes q1, q1 with value 1 goes goes q2, q4 with value 0 goes to q0.;[];The automaton accepts zero or more words formed by a sequence of the type 110. In total there are 4 states: q0, q1, q2 e q4. q0 is both the initial and the final state.Le transizioni sono: q0 with value 1 goes goes q1, q1 with value 1 goes goes q2, q4 with value 0 goes to q0.;[];True;True
223;can you briefly describe the automata ;can you briefly define the automata;The automaton accepts zero or more words formed by a sequence of the type 110. In total there are 4 states: q0, q1, q2 e q4. q0 is both the initial and the final state.Le transizioni sono: q0 with value 1 goes goes q1, q1 with value 1 goes goes q2, q4 with value 0 goes to q0.;[];The automaton accepts zero or more words formed by a sequence of the type 110. In total there are 4 states: q0, q1, q2 e q4. q0 is both the initial and the final state.Le transizioni sono: q0 with value 1 goes goes q1, q1 with value 1 goes goes q2, q4 with value 0 goes to q0.;[];True;True
223;can you briefly describe the automata ;can you briefly outline the automata;The automaton accepts zero or more words formed by a sequence of the type 110. In total there are 4 states: q0, q1, q2 e q4. q0 is both the initial and the final state.Le transizioni sono: q0 with value 1 goes goes q1, q1 with value 1 goes goes q2, q4 with value 0 goes to q0.;[];The automaton accepts zero or more words formed by a sequence of the type 110. In total there are 4 states: q0, q1, q2 e q4. q0 is both the initial and the final state.Le transizioni sono: q0 with value 1 goes goes q1, q1 with value 1 goes goes q2, q4 with value 0 goes to q0.;[];True;True
224;Summarise the automaton ;Summarise the finite automaton ;The automaton accepts zero or more words formed by a sequence of the type 110. In total there are 4 states: q0, q1, q2 e q4. q0 is both the initial and the final state.Le transizioni sono: q0 with value 1 goes goes q1, q1 with value 1 goes goes q2, q4 with value 0 goes to q0.;[];The automaton accepts zero or more words formed by a sequence of the type 110. In total there are 4 states: q0, q1, q2 e q4. q0 is both the initial and the final state.Le transizioni sono: q0 with value 1 goes goes q1, q1 with value 1 goes goes q2, q4 with value 0 goes to q0.;[];True;True
224;Summarise the automaton ;Summarise the machine ;The automaton accepts zero or more words formed by a sequence of the type 110. In total there are 4 states: q0, q1, q2 e q4. q0 is both the initial and the final state.Le transizioni sono: q0 with value 1 goes goes q1, q1 with value 1 goes goes q2, q4 with value 0 goes to q0.;[];The automaton accepts zero or more words formed by a sequence of the type 110. In total there are 4 states: q0, q1, q2 e q4. q0 is both the initial and the final state.Le transizioni sono: q0 with value 1 goes goes q1, q1 with value 1 goes goes q2, q4 with value 0 goes to q0.;[];True;True
224;Summarise the automaton ;Summarise the state machine ;The automaton accepts zero or more words formed by a sequence of the type 110. In total there are 4 states: q0, q1, q2 e q4. q0 is both the initial and the final state.Le transizioni sono: q0 with value 1 goes goes q1, q1 with value 1 goes goes q2, q4 with value 0 goes to q0.;[];The state q0 exists.;[('simbolo-q0', '#04ed00', 'stroke')];False;False
226;What language does the automaton accept ;What language does the finite automaton accept;Potresti essere più specifico?;[];Potresti essere più specifico?;[];True;True
226;What language does the automaton accept ;What language does the machine accept;Potresti essere più specifico?;[];Potresti essere più specifico?;[];True;True
226;What language does the automaton accept ;What language does the state machine accept;Potresti essere più specifico?;[];Potresti essere più specifico?;[];True;True
228;What transitions does the automaton have ;What transitions does the finite automaton have;there is no transition between q0 and q0.;[];there is no transition between q0 and q0.;[];True;True
228;What transitions does the automaton have ;What transitions does the machine have;there is no transition between q0 and q0.;[];The automaton has 3 transitions: q0 con valore 1 va in q1, q1 con valore 1 va in q2, q4 con valore 0 va in q0.;[('simbolo-q0-q1', '#04ed00', 'stroke'), ('simbolo-q1-q2', '#04ed00', 'stroke'), ('simbolo-q4-q0', '#04ed00', 'stroke')];False;False
228;What transitions does the automaton have ;What transitions does the state machine have;there is no transition between q0 and q0.;[];there is no transition between q0 and q0.;[];True;True
233;where is automaton 2 ;where is finite automaton 2;The automaton has 4 states: q0, q1, q2 e q4.;[('simbolo-q0', '#04ed00', 'stroke'), ('simbolo-q1', '#04ed00', 'stroke'), ('simbolo-q2', '#04ed00', 'stroke'), ('simbolo-q4', '#04ed00', 'stroke')];The automaton accepts zero or more words formed by a sequence of the type 110. In total there are 4 states: q0, q1, q2 e q4. q0 is both the initial and the final state.Le transizioni sono: q0 with value 1 goes goes q1, q1 with value 1 goes goes q2, q4 with value 0 goes to q0.;[];False;False
233;where is automaton 2 ;where is machine 2;The automaton has 4 states: q0, q1, q2 e q4.;[('simbolo-q0', '#04ed00', 'stroke'), ('simbolo-q1', '#04ed00', 'stroke'), ('simbolo-q2', '#04ed00', 'stroke'), ('simbolo-q4', '#04ed00', 'stroke')];Potresti essere più specifico?;[];False;False
233;where is automaton 2 ;where is state machine 2;The automaton has 4 states: q0, q1, q2 e q4.;[('simbolo-q0', '#04ed00', 'stroke'), ('simbolo-q1', '#04ed00', 'stroke'), ('simbolo-q2', '#04ed00', 'stroke'), ('simbolo-q4', '#04ed00', 'stroke')];The automaton has 4 states: q0, q1, q2 e q4.;[('simbolo-q0', '#04ed00', 'stroke'), ('simbolo-q1', '#04ed00', 'stroke'), ('simbolo-q2', '#04ed00', 'stroke'), ('simbolo-q4', '#04ed00', 'stroke')];True;True
234;How is the automaton represented ;How is the finite automaton represented;The automaton accepts zero or more words formed by a sequence of the type 110. In total there are 4 states: q0, q1, q2 e q4. q0 is both the initial and the final state.Le transizioni sono: q0 with value 1 goes goes q1, q1 with value 1 goes goes q2, q4 with value 0 goes to q0.;[];The automaton accepts zero or more words formed by a sequence of the type 110. In total there are 4 states: q0, q1, q2 e q4. q0 is both the initial and the final state.Le transizioni sono: q0 with value 1 goes goes q1, q1 with value 1 goes goes q2, q4 with value 0 goes to q0.;[];True;True
234;How is the automaton represented ;How is the machine represented;The automaton accepts zero or more words formed by a sequence of the type 110. In total there are 4 states: q0, q1, q2 e q4. q0 is both the initial and the final state.Le transizioni sono: q0 with value 1 goes goes q1, q1 with value 1 goes goes q2, q4 with value 0 goes to q0.;[];Potresti essere più specifico?;[];False;True
234;How is the automaton represented ;How is the state machine represented;The automaton accepts zero or more words formed by a sequence of the type 110. In total there are 4 states: q0, q1, q2 e q4. q0 is both the initial and the final state.Le transizioni sono: q0 with value 1 goes goes q1, q1 with value 1 goes goes q2, q4 with value 0 goes to q0.;[];The state q0 exists.;[('simbolo-q0', '#04ed00', 'stroke')];False;False
235;Describe the automaton ; specify the automaton;The automaton accepts zero or more words formed by a sequence of the type 110. In total there are 4 states: q0, q1, q2 e q4. q0 is both the initial and the final state.Le transizioni sono: q0 with value 1 goes goes q1, q1 with value 1 goes goes q2, q4 with value 0 goes to q0.;[];The automaton accepts zero or more words formed by a sequence of the type 110. In total there are 4 states: q0, q1, q2 e q4. q0 is both the initial and the final state.Le transizioni sono: q0 with value 1 goes goes q1, q1 with value 1 goes goes q2, q4 with value 0 goes to q0.;[];True;True
235;Describe the automaton ; define the automaton;The automaton accepts zero or more words formed by a sequence of the type 110. In total there are 4 states: q0, q1, q2 e q4. q0 is both the initial and the final state.Le transizioni sono: q0 with value 1 goes goes q1, q1 with value 1 goes goes q2, q4 with value 0 goes to q0.;[];The automaton accepts zero or more words formed by a sequence of the type 110. In total there are 4 states: q0, q1, q2 e q4. q0 is both the initial and the final state.Le transizioni sono: q0 with value 1 goes goes q1, q1 with value 1 goes goes q2, q4 with value 0 goes to q0.;[];True;True
235;Describe the automaton ; outline the automaton;The automaton accepts zero or more words formed by a sequence of the type 110. In total there are 4 states: q0, q1, q2 e q4. q0 is both the initial and the final state.Le transizioni sono: q0 with value 1 goes goes q1, q1 with value 1 goes goes q2, q4 with value 0 goes to q0.;[];The automaton accepts zero or more words formed by a sequence of the type 110. In total there are 4 states: q0, q1, q2 e q4. q0 is both the initial and the final state.Le transizioni sono: q0 with value 1 goes goes q1, q1 with value 1 goes goes q2, q4 with value 0 goes to q0.;[];True;True
235;Describe the automaton ;Describe the finite automaton ;The automaton accepts zero or more words formed by a sequence of the type 110. In total there are 4 states: q0, q1, q2 e q4. q0 is both the initial and the final state.Le transizioni sono: q0 with value 1 goes goes q1, q1 with value 1 goes goes q2, q4 with value 0 goes to q0.;[];The automaton accepts zero or more words formed by a sequence of the type 110. In total there are 4 states: q0, q1, q2 e q4. q0 is both the initial and the final state.Le transizioni sono: q0 with value 1 goes goes q1, q1 with value 1 goes goes q2, q4 with value 0 goes to q0.;[];True;True
235;Describe the automaton ;Describe the machine ;The automaton accepts zero or more words formed by a sequence of the type 110. In total there are 4 states: q0, q1, q2 e q4. q0 is both the initial and the final state.Le transizioni sono: q0 with value 1 goes goes q1, q1 with value 1 goes goes q2, q4 with value 0 goes to q0.;[];The automaton accepts zero or more words formed by a sequence of the type 110. In total there are 4 states: q0, q1, q2 e q4. q0 is both the initial and the final state.Le transizioni sono: q0 with value 1 goes goes q1, q1 with value 1 goes goes q2, q4 with value 0 goes to q0.;[];True;True
235;Describe the automaton ;Describe the state machine ;The automaton accepts zero or more words formed by a sequence of the type 110. In total there are 4 states: q0, q1, q2 e q4. q0 is both the initial and the final state.Le transizioni sono: q0 with value 1 goes goes q1, q1 with value 1 goes goes q2, q4 with value 0 goes to q0.;[];Potresti essere più specifico?;[];False;True
238;What are automaton ;What are finite automaton ;The automaton accepts zero or more words formed by a sequence of the type 110. In total there are 4 states: q0, q1, q2 e q4. q0 is both the initial and the final state.Le transizioni sono: q0 with value 1 goes goes q1, q1 with value 1 goes goes q2, q4 with value 0 goes to q0.;[];The automaton accepts zero or more words formed by a sequence of the type 110. In total there are 4 states: q0, q1, q2 e q4. q0 is both the initial and the final state.Le transizioni sono: q0 with value 1 goes goes q1, q1 with value 1 goes goes q2, q4 with value 0 goes to q0.;[];True;True
238;What are automaton ;What are machine ;The automaton accepts zero or more words formed by a sequence of the type 110. In total there are 4 states: q0, q1, q2 e q4. q0 is both the initial and the final state.Le transizioni sono: q0 with value 1 goes goes q1, q1 with value 1 goes goes q2, q4 with value 0 goes to q0.;[];Potresti essere più specifico?;[];False;True
238;What are automaton ;What are state machine ;The automaton accepts zero or more words formed by a sequence of the type 110. In total there are 4 states: q0, q1, q2 e q4. q0 is both the initial and the final state.Le transizioni sono: q0 with value 1 goes goes q1, q1 with value 1 goes goes q2, q4 with value 0 goes to q0.;[];Potresti essere più specifico?;[];False;True
239;Describe automaton ; specify automaton;The automaton accepts zero or more words formed by a sequence of the type 110. In total there are 4 states: q0, q1, q2 e q4. q0 is both the initial and the final state.Le transizioni sono: q0 with value 1 goes goes q1, q1 with value 1 goes goes q2, q4 with value 0 goes to q0.;[];The automaton accepts zero or more words formed by a sequence of the type 110. In total there are 4 states: q0, q1, q2 e q4. q0 is both the initial and the final state.Le transizioni sono: q0 with value 1 goes goes q1, q1 with value 1 goes goes q2, q4 with value 0 goes to q0.;[];True;True
239;Describe automaton ; define automaton;The automaton accepts zero or more words formed by a sequence of the type 110. In total there are 4 states: q0, q1, q2 e q4. q0 is both the initial and the final state.Le transizioni sono: q0 with value 1 goes goes q1, q1 with value 1 goes goes q2, q4 with value 0 goes to q0.;[];The automaton accepts zero or more words formed by a sequence of the type 110. In total there are 4 states: q0, q1, q2 e q4. q0 is both the initial and the final state.Le transizioni sono: q0 with value 1 goes goes q1, q1 with value 1 goes goes q2, q4 with value 0 goes to q0.;[];True;True
239;Describe automaton ; outline automaton;The automaton accepts zero or more words formed by a sequence of the type 110. In total there are 4 states: q0, q1, q2 e q4. q0 is both the initial and the final state.Le transizioni sono: q0 with value 1 goes goes q1, q1 with value 1 goes goes q2, q4 with value 0 goes to q0.;[];The automaton accepts zero or more words formed by a sequence of the type 110. In total there are 4 states: q0, q1, q2 e q4. q0 is both the initial and the final state.Le transizioni sono: q0 with value 1 goes goes q1, q1 with value 1 goes goes q2, q4 with value 0 goes to q0.;[];True;True
239;Describe automaton ;Describe finite automaton ;The automaton accepts zero or more words formed by a sequence of the type 110. In total there are 4 states: q0, q1, q2 e q4. q0 is both the initial and the final state.Le transizioni sono: q0 with value 1 goes goes q1, q1 with value 1 goes goes q2, q4 with value 0 goes to q0.;[];The automaton accepts zero or more words formed by a sequence of the type 110. In total there are 4 states: q0, q1, q2 e q4. q0 is both the initial and the final state.Le transizioni sono: q0 with value 1 goes goes q1, q1 with value 1 goes goes q2, q4 with value 0 goes to q0.;[];True;True
239;Describe automaton ;Describe machine ;The automaton accepts zero or more words formed by a sequence of the type 110. In total there are 4 states: q0, q1, q2 e q4. q0 is both the initial and the final state.Le transizioni sono: q0 with value 1 goes goes q1, q1 with value 1 goes goes q2, q4 with value 0 goes to q0.;[];Potresti essere più specifico?;[];False;True
239;Describe automaton ;Describe state machine ;The automaton accepts zero or more words formed by a sequence of the type 110. In total there are 4 states: q0, q1, q2 e q4. q0 is both the initial and the final state.Le transizioni sono: q0 with value 1 goes goes q1, q1 with value 1 goes goes q2, q4 with value 0 goes to q0.;[];Potresti essere più specifico?;[];False;True
240;Show me the automaton ;Show me the finite automaton ;The automaton accepts zero or more words formed by a sequence of the type 110. In total there are 4 states: q0, q1, q2 e q4. q0 is both the initial and the final state.Le transizioni sono: q0 with value 1 goes goes q1, q1 with value 1 goes goes q2, q4 with value 0 goes to q0.;[];The automaton accepts zero or more words formed by a sequence of the type 110. In total there are 4 states: q0, q1, q2 e q4. q0 is both the initial and the final state.Le transizioni sono: q0 with value 1 goes goes q1, q1 with value 1 goes goes q2, q4 with value 0 goes to q0.;[];True;True
240;Show me the automaton ;Show me the machine ;The automaton accepts zero or more words formed by a sequence of the type 110. In total there are 4 states: q0, q1, q2 e q4. q0 is both the initial and the final state.Le transizioni sono: q0 with value 1 goes goes q1, q1 with value 1 goes goes q2, q4 with value 0 goes to q0.;[];Potresti essere più specifico?;[];False;True
240;Show me the automaton ;Show me the state machine ;The automaton accepts zero or more words formed by a sequence of the type 110. In total there are 4 states: q0, q1, q2 e q4. q0 is both the initial and the final state.Le transizioni sono: q0 with value 1 goes goes q1, q1 with value 1 goes goes q2, q4 with value 0 goes to q0.;[];Potresti essere più specifico?;[];False;True
242;Which one si the final state ;Which one si the goal state;The final state is q0.;[('simbolo-q0', '#04ed00', 'stroke')];The automaton has 4 states: q0, q1, q2 e q4.;[('simbolo-q0', '#04ed00', 'stroke'), ('simbolo-q1', '#04ed00', 'stroke'), ('simbolo-q2', '#04ed00', 'stroke'), ('simbolo-q4', '#04ed00', 'stroke')];False;False
242;Which one si the final state ;Which one si the end state;The final state is q0.;[('simbolo-q0', '#04ed00', 'stroke')];The state q0 exists.;[('simbolo-q0', '#04ed00', 'stroke')];False;True
242;Which one si the final state ;Which one si the final configuration ;The final state is q0.;[('simbolo-q0', '#04ed00', 'stroke')];The final state is q0.;[('simbolo-q0', '#04ed00', 'stroke')];True;True
243;What is the starting state ;What is the starting configuration ;The initial state is q0.;[('simbolo-q0', '#04ed00', 'stroke')];The initial state is q0.;[('simbolo-q0', '#04ed00', 'stroke')];True;True
246;Describe the automaton ; specify the automaton;The automaton accepts zero or more words formed by a sequence of the type 110. In total there are 4 states: q0, q1, q2 e q4. q0 is both the initial and the final state.Le transizioni sono: q0 with value 1 goes goes q1, q1 with value 1 goes goes q2, q4 with value 0 goes to q0.;[];The automaton accepts zero or more words formed by a sequence of the type 110. In total there are 4 states: q0, q1, q2 e q4. q0 is both the initial and the final state.Le transizioni sono: q0 with value 1 goes goes q1, q1 with value 1 goes goes q2, q4 with value 0 goes to q0.;[];True;True
246;Describe the automaton ; define the automaton;The automaton accepts zero or more words formed by a sequence of the type 110. In total there are 4 states: q0, q1, q2 e q4. q0 is both the initial and the final state.Le transizioni sono: q0 with value 1 goes goes q1, q1 with value 1 goes goes q2, q4 with value 0 goes to q0.;[];The automaton accepts zero or more words formed by a sequence of the type 110. In total there are 4 states: q0, q1, q2 e q4. q0 is both the initial and the final state.Le transizioni sono: q0 with value 1 goes goes q1, q1 with value 1 goes goes q2, q4 with value 0 goes to q0.;[];True;True
246;Describe the automaton ; outline the automaton;The automaton accepts zero or more words formed by a sequence of the type 110. In total there are 4 states: q0, q1, q2 e q4. q0 is both the initial and the final state.Le transizioni sono: q0 with value 1 goes goes q1, q1 with value 1 goes goes q2, q4 with value 0 goes to q0.;[];The automaton accepts zero or more words formed by a sequence of the type 110. In total there are 4 states: q0, q1, q2 e q4. q0 is both the initial and the final state.Le transizioni sono: q0 with value 1 goes goes q1, q1 with value 1 goes goes q2, q4 with value 0 goes to q0.;[];True;True
246;Describe the automaton ;Describe the finite automaton ;The automaton accepts zero or more words formed by a sequence of the type 110. In total there are 4 states: q0, q1, q2 e q4. q0 is both the initial and the final state.Le transizioni sono: q0 with value 1 goes goes q1, q1 with value 1 goes goes q2, q4 with value 0 goes to q0.;[];The automaton accepts zero or more words formed by a sequence of the type 110. In total there are 4 states: q0, q1, q2 e q4. q0 is both the initial and the final state.Le transizioni sono: q0 with value 1 goes goes q1, q1 with value 1 goes goes q2, q4 with value 0 goes to q0.;[];True;True
246;Describe the automaton ;Describe the machine ;The automaton accepts zero or more words formed by a sequence of the type 110. In total there are 4 states: q0, q1, q2 e q4. q0 is both the initial and the final state.Le transizioni sono: q0 with value 1 goes goes q1, q1 with value 1 goes goes q2, q4 with value 0 goes to q0.;[];Potresti essere più specifico?;[];False;True
246;Describe the automaton ;Describe the state machine ;The automaton accepts zero or more words formed by a sequence of the type 110. In total there are 4 states: q0, q1, q2 e q4. q0 is both the initial and the final state.Le transizioni sono: q0 with value 1 goes goes q1, q1 with value 1 goes goes q2, q4 with value 0 goes to q0.;[];The state q0 exists.;[('simbolo-q0', '#04ed00', 'stroke')];False;False
247;initial state;initial configuration ;The initial state is q0.;[('simbolo-q0', '#04ed00', 'stroke')];The initial state is q0.;[('simbolo-q0', '#04ed00', 'stroke')];True;True
248;arc from q0; transition from q0;there is no transition between q0 and q0.;[];the transition is not defined.;[];False;True
248;arc from q0; state transition from q0;there is no transition between q0 and q0.;[];the transition is not defined.;[];False;True
249;arc from q0; transition from q0;the transition is not defined.;[];the transition is not defined.;[];True;True
249;arc from q0; state transition from q0;the transition is not defined.;[];the transition is not defined.;[];True;True
250; arc from q2; transition from q2;there is no transition between q0 and q0.;[];there is no transition between q0 and q0.;[];True;True
250; arc from q2; state transition from q2;there is no transition between q0 and q0.;[];there is no transition between q0 and q0.;[];True;True
251;transition from q1; state transition from q1;there is no transition between q0 and q0.;[];the transition is not defined.;[];False;True
251;transition from q1; arc from q1;there is no transition between q0 and q0.;[];the transition is not defined.;[];False;True
261;how is the automaton represented ;how is the finite automaton represented;The automaton accepts zero or more words formed by a sequence of the type 110. In total there are 4 states: q0, q1, q2 e q4. q0 is both the initial and the final state.Le transizioni sono: q0 with value 1 goes goes q1, q1 with value 1 goes goes q2, q4 with value 0 goes to q0.;[];The automaton accepts zero or more words formed by a sequence of the type 110. In total there are 4 states: q0, q1, q2 e q4. q0 is both the initial and the final state.Le transizioni sono: q0 with value 1 goes goes q1, q1 with value 1 goes goes q2, q4 with value 0 goes to q0.;[];True;True
261;how is the automaton represented ;how is the machine represented;The automaton accepts zero or more words formed by a sequence of the type 110. In total there are 4 states: q0, q1, q2 e q4. q0 is both the initial and the final state.Le transizioni sono: q0 with value 1 goes goes q1, q1 with value 1 goes goes q2, q4 with value 0 goes to q0.;[];The automaton has 4 states: q0, q1, q2 e q4.;[('simbolo-q0', '#04ed00', 'stroke'), ('simbolo-q1', '#04ed00', 'stroke'), ('simbolo-q2', '#04ed00', 'stroke'), ('simbolo-q4', '#04ed00', 'stroke')];False;False
261;how is the automaton represented ;how is the state machine represented;The automaton accepts zero or more words formed by a sequence of the type 110. In total there are 4 states: q0, q1, q2 e q4. q0 is both the initial and the final state.Le transizioni sono: q0 with value 1 goes goes q1, q1 with value 1 goes goes q2, q4 with value 0 goes to q0.;[];The automaton has 4 states: q0, q1, q2 e q4.;[('simbolo-q0', '#04ed00', 'stroke'), ('simbolo-q1', '#04ed00', 'stroke'), ('simbolo-q2', '#04ed00', 'stroke'), ('simbolo-q4', '#04ed00', 'stroke')];False;False
266;arc between q0 and q1 ; transition between q0 and q1;The transition between q0 and q1 is with value 1.;[('simbolo-q0-q1', '#04ed00', 'stroke')];The transition between q0 and q1 is with value 1.;[('simbolo-q0-q1', '#04ed00', 'stroke')];True;True
266;arc between q0 and q1 ; state transition between q0 and q1;The transition between q0 and q1 is with value 1.;[('simbolo-q0-q1', '#04ed00', 'stroke')];The transition between q0 and q1 is with value 1.;[('simbolo-q0-q1', '#04ed00', 'stroke')];True;True
268;describe the transitions; specify the transitions;there is no transition between q0 and q0.;[];The automaton has 3 transitions: q0 con valore 1 va in q1, q1 con valore 1 va in q2, q4 con valore 0 va in q0.;[('simbolo-q0-q1', '#04ed00', 'stroke'), ('simbolo-q1-q2', '#04ed00', 'stroke'), ('simbolo-q4-q0', '#04ed00', 'stroke')];False;False
268;describe the transitions; define the transitions;there is no transition between q0 and q0.;[];The automaton has 3 transitions: q0 con valore 1 va in q1, q1 con valore 1 va in q2, q4 con valore 0 va in q0.;[('simbolo-q0-q1', '#04ed00', 'stroke'), ('simbolo-q1-q2', '#04ed00', 'stroke'), ('simbolo-q4-q0', '#04ed00', 'stroke')];False;False
268;describe the transitions; outline the transitions;there is no transition between q0 and q0.;[];there is no transition between q0 and q0.;[];True;True
269;how is marked the arc between q0 and q2 ;how is marked the transition between q0 and q2;there is no transition between q0 and q2.;[];there is no transition between q0 and q2.;[];True;True
269;how is marked the arc between q0 and q2 ;how is marked the state transition between q0 and q2;there is no transition between q0 and q2.;[];there is no transition between q0 and q2.;[];True;True
271;what are the final states;what are the goal states;The final state is q0.;[('simbolo-q0', '#04ed00', 'stroke')];The state q0 exists.;[('simbolo-q0', '#04ed00', 'stroke')];False;True
271;what are the final states;what are the end states;The final state is q0.;[('simbolo-q0', '#04ed00', 'stroke')];The state q0 exists.;[('simbolo-q0', '#04ed00', 'stroke')];False;True
272;final states; goal states;The final state is q0.;[('simbolo-q0', '#04ed00', 'stroke')];The state q0 exists.;[('simbolo-q0', '#04ed00', 'stroke')];False;True
272;final states; end states;The final state is q0.;[('simbolo-q0', '#04ed00', 'stroke')];The state q0 exists.;[('simbolo-q0', '#04ed00', 'stroke')];False;True
274;which is the start state ;which is the start configuration ;The initial state is q0.;[('simbolo-q0', '#04ed00', 'stroke')];The initial state is q0.;[('simbolo-q0', '#04ed00', 'stroke')];True;True
275;Tell me a little bit about the automaton ;Tell me a little bit about the finite automaton ;The automaton accepts zero or more words formed by a sequence of the type 110. In total there are 4 states: q0, q1, q2 e q4. q0 is both the initial and the final state.Le transizioni sono: q0 with value 1 goes goes q1, q1 with value 1 goes goes q2, q4 with value 0 goes to q0.;[];The automaton accepts zero or more words formed by a sequence of the type 110. In total there are 4 states: q0, q1, q2 e q4. q0 is both the initial and the final state.Le transizioni sono: q0 with value 1 goes goes q1, q1 with value 1 goes goes q2, q4 with value 0 goes to q0.;[];True;True
275;Tell me a little bit about the automaton ;Tell me a little bit about the machine ;The automaton accepts zero or more words formed by a sequence of the type 110. In total there are 4 states: q0, q1, q2 e q4. q0 is both the initial and the final state.Le transizioni sono: q0 with value 1 goes goes q1, q1 with value 1 goes goes q2, q4 with value 0 goes to q0.;[];Potresti essere più specifico?;[];False;True
275;Tell me a little bit about the automaton ;Tell me a little bit about the state machine ;The automaton accepts zero or more words formed by a sequence of the type 110. In total there are 4 states: q0, q1, q2 e q4. q0 is both the initial and the final state.Le transizioni sono: q0 with value 1 goes goes q1, q1 with value 1 goes goes q2, q4 with value 0 goes to q0.;[];Potresti essere più specifico?;[];False;True
276;Tell me a little bit about the automaton ;Tell me a little bit about the finite automaton ;The automaton accepts zero or more words formed by a sequence of the type 110. In total there are 4 states: q0, q1, q2 e q4. q0 is both the initial and the final state.Le transizioni sono: q0 with value 1 goes goes q1, q1 with value 1 goes goes q2, q4 with value 0 goes to q0.;[];The automaton accepts zero or more words formed by a sequence of the type 110. In total there are 4 states: q0, q1, q2 e q4. q0 is both the initial and the final state.Le transizioni sono: q0 with value 1 goes goes q1, q1 with value 1 goes goes q2, q4 with value 0 goes to q0.;[];True;True
276;Tell me a little bit about the automaton ;Tell me a little bit about the machine ;The automaton accepts zero or more words formed by a sequence of the type 110. In total there are 4 states: q0, q1, q2 e q4. q0 is both the initial and the final state.Le transizioni sono: q0 with value 1 goes goes q1, q1 with value 1 goes goes q2, q4 with value 0 goes to q0.;[];Potresti essere più specifico?;[];False;True
276;Tell me a little bit about the automaton ;Tell me a little bit about the state machine ;The automaton accepts zero or more words formed by a sequence of the type 110. In total there are 4 states: q0, q1, q2 e q4. q0 is both the initial and the final state.Le transizioni sono: q0 with value 1 goes goes q1, q1 with value 1 goes goes q2, q4 with value 0 goes to q0.;[];The automaton accepts zero or more words formed by a sequence of the type 110. In total there are 4 states: q0, q1, q2 e q4. q0 is both the initial and the final state.Le transizioni sono: q0 with value 1 goes goes q1, q1 with value 1 goes goes q2, q4 with value 0 goes to q0.;[];True;True
281;Is there a transition from q0 to q5 ;Is there a state transition from q0 to q5;the transition is not defined.;[];the transition is not defined.;[];True;True
281;Is there a transition from q0 to q5 ;Is there a arc from q0 to q5;the transition is not defined.;[];the transition is not defined.;[];True;True
282;Does the automaton accept a language allowing words made of an odd number of 0s and 1s ;Does the finite automaton accept a language allowing words made of an odd number of 0s and 1s;Potresti essere più specifico?;[];Potresti essere più specifico?;[];True;True
282;Does the automaton accept a language allowing words made of an odd number of 0s and 1s ;Does the machine accept a language allowing words made of an odd number of 0s and 1s;Potresti essere più specifico?;[];Potresti essere più specifico?;[];True;True
282;Does the automaton accept a language allowing words made of an odd number of 0s and 1s ;Does the state machine accept a language allowing words made of an odd number of 0s and 1s;Potresti essere più specifico?;[];Potresti essere più specifico?;[];True;True
285;describe it; specify it;Potresti essere più specifico?;[];Potresti essere più specifico?;[];True;True
285;describe it; define it;Potresti essere più specifico?;[];Potresti essere più specifico?;[];True;True
285;describe it; outline it;Potresti essere più specifico?;[];Potresti essere più specifico?;[];True;True
288;final states; goal states;The final state is q0.;[('simbolo-q0', '#04ed00', 'stroke')];The state q0 exists.;[('simbolo-q0', '#04ed00', 'stroke')];False;True
288;final states; end states;The final state is q0.;[('simbolo-q0', '#04ed00', 'stroke')];The state q0 exists.;[('simbolo-q0', '#04ed00', 'stroke')];False;True
289;which are the final states ;which are the goal states;The final state is q0.;[('simbolo-q0', '#04ed00', 'stroke')];The state q0 exists.;[('simbolo-q0', '#04ed00', 'stroke')];False;True
289;which are the final states ;which are the end states;The final state is q0.;[('simbolo-q0', '#04ed00', 'stroke')];The final state is q0.;[('simbolo-q0', '#04ed00', 'stroke')];True;True
290;which is initial state;which is initial configuration ;The initial state is q0.;[('simbolo-q0', '#04ed00', 'stroke')];The initial state is q0.;[('simbolo-q0', '#04ed00', 'stroke')];True;True
291;which is final state;which is goal state;The final state is q0.;[('simbolo-q0', '#04ed00', 'stroke')];The state q0 exists.;[('simbolo-q0', '#04ed00', 'stroke')];False;True
291;which is final state;which is end state;The final state is q0.;[('simbolo-q0', '#04ed00', 'stroke')];The state q0 exists.;[('simbolo-q0', '#04ed00', 'stroke')];False;True
291;which is final state;which is final configuration ;The final state is q0.;[('simbolo-q0', '#04ed00', 'stroke')];The final state is q0.;[('simbolo-q0', '#04ed00', 'stroke')];True;True
292;final state; goal state;The final state is q0.;[('simbolo-q0', '#04ed00', 'stroke')];The state q0 exists.;[('simbolo-q0', '#04ed00', 'stroke')];False;True
292;final state; end state;The final state is q0.;[('simbolo-q0', '#04ed00', 'stroke')];The state q0 exists.;[('simbolo-q0', '#04ed00', 'stroke')];False;True
292;final state;final configuration ;The final state is q0.;[('simbolo-q0', '#04ed00', 'stroke')];The final state is q0.;[('simbolo-q0', '#04ed00', 'stroke')];True;True
293; final states; goal states;The final state is q0.;[('simbolo-q0', '#04ed00', 'stroke')];The state q0 exists.;[('simbolo-q0', '#04ed00', 'stroke')];False;True
293; final states; end states;The final state is q0.;[('simbolo-q0', '#04ed00', 'stroke')];The state q0 exists.;[('simbolo-q0', '#04ed00', 'stroke')];False;True
294;arc from q2 to q1; transition from q2 to q1;there is no transition between q2 and q1.;[];there is no transition between q2 and q1.;[];True;True
294;arc from q2 to q1; state transition from q2 to q1;there is no transition between q2 and q1.;[];there is no transition between q2 and q1.;[];True;True
298;describe ; specify ;Potresti essere più specifico?;[];Potresti essere più specifico?;[];True;True
298;describe ; define ;Potresti essere più specifico?;[];Potresti essere più specifico?;[];True;True
298;describe ; outline ;Potresti essere più specifico?;[];Potresti essere più specifico?;[];True;True
299;arc from q2; transition from q2;the transition is not defined.;[];there is no transition between q0 and q0.;[];False;True
299;arc from q2; state transition from q2;the transition is not defined.;[];there is no transition between q0 and q0.;[];False;True
300;transition from q3; state transition from q3;there is no transition between q0 and q0.;[];the transition is not defined.;[];False;True
300;transition from q3; arc from q3;there is no transition between q0 and q0.;[];there is no transition between q0 and q0.;[];True;True
306;overview of the automaton;overview of the finite automaton ;The automaton accepts zero or more words formed by a sequence of the type 110. In total there are 4 states: q0, q1, q2 e q4. q0 is both the initial and the final state.Le transizioni sono: q0 with value 1 goes goes q1, q1 with value 1 goes goes q2, q4 with value 0 goes to q0.;[];The automaton accepts zero or more words formed by a sequence of the type 110. In total there are 4 states: q0, q1, q2 e q4. q0 is both the initial and the final state.Le transizioni sono: q0 with value 1 goes goes q1, q1 with value 1 goes goes q2, q4 with value 0 goes to q0.;[];True;True
306;overview of the automaton;overview of the machine ;The automaton accepts zero or more words formed by a sequence of the type 110. In total there are 4 states: q0, q1, q2 e q4. q0 is both the initial and the final state.Le transizioni sono: q0 with value 1 goes goes q1, q1 with value 1 goes goes q2, q4 with value 0 goes to q0.;[];The automaton accepts zero or more words formed by a sequence of the type 110. In total there are 4 states: q0, q1, q2 e q4. q0 is both the initial and the final state.Le transizioni sono: q0 with value 1 goes goes q1, q1 with value 1 goes goes q2, q4 with value 0 goes to q0.;[];True;True
306;overview of the automaton;overview of the state machine ;The automaton accepts zero or more words formed by a sequence of the type 110. In total there are 4 states: q0, q1, q2 e q4. q0 is both the initial and the final state.Le transizioni sono: q0 with value 1 goes goes q1, q1 with value 1 goes goes q2, q4 with value 0 goes to q0.;[];The state q0 exists.;[('simbolo-q0', '#04ed00', 'stroke')];False;False
307;overview of the automaton;overview of the finite automaton ;The automaton accepts zero or more words formed by a sequence of the type 110. In total there are 4 states: q0, q1, q2 e q4. q0 is both the initial and the final state.Le transizioni sono: q0 with value 1 goes goes q1, q1 with value 1 goes goes q2, q4 with value 0 goes to q0.;[];The automaton accepts zero or more words formed by a sequence of the type 110. In total there are 4 states: q0, q1, q2 e q4. q0 is both the initial and the final state.Le transizioni sono: q0 with value 1 goes goes q1, q1 with value 1 goes goes q2, q4 with value 0 goes to q0.;[];True;True
307;overview of the automaton;overview of the machine ;The automaton accepts zero or more words formed by a sequence of the type 110. In total there are 4 states: q0, q1, q2 e q4. q0 is both the initial and the final state.Le transizioni sono: q0 with value 1 goes goes q1, q1 with value 1 goes goes q2, q4 with value 0 goes to q0.;[];The automaton accepts zero or more words formed by a sequence of the type 110. In total there are 4 states: q0, q1, q2 e q4. q0 is both the initial and the final state.Le transizioni sono: q0 with value 1 goes goes q1, q1 with value 1 goes goes q2, q4 with value 0 goes to q0.;[];True;True
307;overview of the automaton;overview of the state machine ;The automaton accepts zero or more words formed by a sequence of the type 110. In total there are 4 states: q0, q1, q2 e q4. q0 is both the initial and the final state.Le transizioni sono: q0 with value 1 goes goes q1, q1 with value 1 goes goes q2, q4 with value 0 goes to q0.;[];The state q0 exists.;[('simbolo-q0', '#04ed00', 'stroke')];False;False
308; how is the automaton ;how is the finite automaton ;The automaton accepts zero or more words formed by a sequence of the type 110. In total there are 4 states: q0, q1, q2 e q4. q0 is both the initial and the final state.Le transizioni sono: q0 with value 1 goes goes q1, q1 with value 1 goes goes q2, q4 with value 0 goes to q0.;[];The automaton accepts zero or more words formed by a sequence of the type 110. In total there are 4 states: q0, q1, q2 e q4. q0 is both the initial and the final state.Le transizioni sono: q0 with value 1 goes goes q1, q1 with value 1 goes goes q2, q4 with value 0 goes to q0.;[];True;True
308; how is the automaton ;how is the machine ;The automaton accepts zero or more words formed by a sequence of the type 110. In total there are 4 states: q0, q1, q2 e q4. q0 is both the initial and the final state.Le transizioni sono: q0 with value 1 goes goes q1, q1 with value 1 goes goes q2, q4 with value 0 goes to q0.;[];Potresti essere più specifico?;[];False;True
308; how is the automaton ;how is the state machine ;The automaton accepts zero or more words formed by a sequence of the type 110. In total there are 4 states: q0, q1, q2 e q4. q0 is both the initial and the final state.Le transizioni sono: q0 with value 1 goes goes q1, q1 with value 1 goes goes q2, q4 with value 0 goes to q0.;[];The state q0 exists.;[('simbolo-q0', '#04ed00', 'stroke')];False;False
313;patterns among arc;patterns among transition ;Potresti essere più specifico?;[];The automaton has 3 transitions: q0 con valore 1 va in q1, q1 con valore 1 va in q2, q4 con valore 0 va in q0.;[('simbolo-q0-q1', '#04ed00', 'stroke'), ('simbolo-q1-q2', '#04ed00', 'stroke'), ('simbolo-q4-q0', '#04ed00', 'stroke')];False;False
313;patterns among arc;patterns among state transition ;Potresti essere più specifico?;[];Potresti essere più specifico?;[];True;True
315;describe the shape of the automaton; specify the shape of the automaton;The automaton accepts zero or more words formed by a sequence of the type 110. In total there are 4 states: q0, q1, q2 e q4. q0 is both the initial and the final state.Le transizioni sono: q0 with value 1 goes goes q1, q1 with value 1 goes goes q2, q4 with value 0 goes to q0.;[];The automaton accepts zero or more words formed by a sequence of the type 110. In total there are 4 states: q0, q1, q2 e q4. q0 is both the initial and the final state.Le transizioni sono: q0 with value 1 goes goes q1, q1 with value 1 goes goes q2, q4 with value 0 goes to q0.;[];True;True
315;describe the shape of the automaton; define the shape of the automaton;The automaton accepts zero or more words formed by a sequence of the type 110. In total there are 4 states: q0, q1, q2 e q4. q0 is both the initial and the final state.Le transizioni sono: q0 with value 1 goes goes q1, q1 with value 1 goes goes q2, q4 with value 0 goes to q0.;[];The automaton accepts zero or more words formed by a sequence of the type 110. In total there are 4 states: q0, q1, q2 e q4. q0 is both the initial and the final state.Le transizioni sono: q0 with value 1 goes goes q1, q1 with value 1 goes goes q2, q4 with value 0 goes to q0.;[];True;True
315;describe the shape of the automaton; outline the shape of the automaton;The automaton accepts zero or more words formed by a sequence of the type 110. In total there are 4 states: q0, q1, q2 e q4. q0 is both the initial and the final state.Le transizioni sono: q0 with value 1 goes goes q1, q1 with value 1 goes goes q2, q4 with value 0 goes to q0.;[];The automaton accepts zero or more words formed by a sequence of the type 110. In total there are 4 states: q0, q1, q2 e q4. q0 is both the initial and the final state.Le transizioni sono: q0 with value 1 goes goes q1, q1 with value 1 goes goes q2, q4 with value 0 goes to q0.;[];True;True
315;describe the shape of the automaton;describe the shape of the finite automaton ;The automaton accepts zero or more words formed by a sequence of the type 110. In total there are 4 states: q0, q1, q2 e q4. q0 is both the initial and the final state.Le transizioni sono: q0 with value 1 goes goes q1, q1 with value 1 goes goes q2, q4 with value 0 goes to q0.;[];The automaton accepts zero or more words formed by a sequence of the type 110. In total there are 4 states: q0, q1, q2 e q4. q0 is both the initial and the final state.Le transizioni sono: q0 with value 1 goes goes q1, q1 with value 1 goes goes q2, q4 with value 0 goes to q0.;[];True;True
315;describe the shape of the automaton;describe the shape of the machine ;The automaton accepts zero or more words formed by a sequence of the type 110. In total there are 4 states: q0, q1, q2 e q4. q0 is both the initial and the final state.Le transizioni sono: q0 with value 1 goes goes q1, q1 with value 1 goes goes q2, q4 with value 0 goes to q0.;[];The automaton accepts zero or more words formed by a sequence of the type 110. In total there are 4 states: q0, q1, q2 e q4. q0 is both the initial and the final state.Le transizioni sono: q0 with value 1 goes goes q1, q1 with value 1 goes goes q2, q4 with value 0 goes to q0.;[];True;True
315;describe the shape of the automaton;describe the shape of the state machine ;The automaton accepts zero or more words formed by a sequence of the type 110. In total there are 4 states: q0, q1, q2 e q4. q0 is both the initial and the final state.Le transizioni sono: q0 with value 1 goes goes q1, q1 with value 1 goes goes q2, q4 with value 0 goes to q0.;[];The state q0 exists.;[('simbolo-q0', '#04ed00', 'stroke')];False;False
316;what is an automaton;what is an finite automaton ;The automaton accepts zero or more words formed by a sequence of the type 110. In total there are 4 states: q0, q1, q2 e q4. q0 is both the initial and the final state.Le transizioni sono: q0 with value 1 goes goes q1, q1 with value 1 goes goes q2, q4 with value 0 goes to q0.;[];The automaton accepts zero or more words formed by a sequence of the type 110. In total there are 4 states: q0, q1, q2 e q4. q0 is both the initial and the final state.Le transizioni sono: q0 with value 1 goes goes q1, q1 with value 1 goes goes q2, q4 with value 0 goes to q0.;[];True;True
316;what is an automaton;what is an machine ;The automaton accepts zero or more words formed by a sequence of the type 110. In total there are 4 states: q0, q1, q2 e q4. q0 is both the initial and the final state.Le transizioni sono: q0 with value 1 goes goes q1, q1 with value 1 goes goes q2, q4 with value 0 goes to q0.;[];Potresti essere più specifico?;[];False;True
316;what is an automaton;what is an state machine ;The automaton accepts zero or more words formed by a sequence of the type 110. In total there are 4 states: q0, q1, q2 e q4. q0 is both the initial and the final state.Le transizioni sono: q0 with value 1 goes goes q1, q1 with value 1 goes goes q2, q4 with value 0 goes to q0.;[];Potresti essere più specifico?;[];False;True
317;transition diagram; state transition diagram;there is no transition between q0 and q0.;[];there is no transition between q0 and q0.;[];True;True
317;transition diagram; arc diagram;there is no transition between q0 and q0.;[];Potresti essere più specifico?;[];False;True
318;describe the transition diagram; specify the transition diagram;there is no transition between q0 and q0.;[];there is no transition between q0 and q0.;[];True;True
318;describe the transition diagram; define the transition diagram;there is no transition between q0 and q0.;[];The automaton has 3 transitions: q0 con valore 1 va in q1, q1 con valore 1 va in q2, q4 con valore 0 va in q0.;[('simbolo-q0-q1', '#04ed00', 'stroke'), ('simbolo-q1-q2', '#04ed00', 'stroke'), ('simbolo-q4-q0', '#04ed00', 'stroke')];False;False
318;describe the transition diagram; outline the transition diagram;there is no transition between q0 and q0.;[];The automaton has 3 transitions: q0 con valore 1 va in q1, q1 con valore 1 va in q2, q4 con valore 0 va in q0.;[('simbolo-q0-q1', '#04ed00', 'stroke'), ('simbolo-q1-q2', '#04ed00', 'stroke'), ('simbolo-q4-q0', '#04ed00', 'stroke')];False;False
318;describe the transition diagram;describe the state transition diagram;there is no transition between q0 and q0.;[];The automaton has 3 transitions: q0 con valore 1 va in q1, q1 con valore 1 va in q2, q4 con valore 0 va in q0.;[('simbolo-q0-q1', '#04ed00', 'stroke'), ('simbolo-q1-q2', '#04ed00', 'stroke'), ('simbolo-q4-q0', '#04ed00', 'stroke')];False;False
318;describe the transition diagram;describe the arc diagram;there is no transition between q0 and q0.;[];there is no transition between q0 and q0.;[];True;True
319;how many transitions are ther ein the automaton;how many transitions are ther ein the finite automaton ;The automaton has 3 transitions: q0 con valore 1 va in q1, q1 con valore 1 va in q2, q4 con valore 0 va in q0.;[('simbolo-q0-q1', '#04ed00', 'stroke'), ('simbolo-q1-q2', '#04ed00', 'stroke'), ('simbolo-q4-q0', '#04ed00', 'stroke')];The automaton has 3 transitions: q0 con valore 1 va in q1, q1 con valore 1 va in q2, q4 con valore 0 va in q0.;[('simbolo-q0-q1', '#04ed00', 'stroke'), ('simbolo-q1-q2', '#04ed00', 'stroke'), ('simbolo-q4-q0', '#04ed00', 'stroke')];True;True
319;how many transitions are ther ein the automaton;how many transitions are ther ein the machine ;The automaton has 3 transitions: q0 con valore 1 va in q1, q1 con valore 1 va in q2, q4 con valore 0 va in q0.;[('simbolo-q0-q1', '#04ed00', 'stroke'), ('simbolo-q1-q2', '#04ed00', 'stroke'), ('simbolo-q4-q0', '#04ed00', 'stroke')];The automaton has 3 transitions: q0 con valore 1 va in q1, q1 con valore 1 va in q2, q4 con valore 0 va in q0.;[('simbolo-q0-q1', '#04ed00', 'stroke'), ('simbolo-q1-q2', '#04ed00', 'stroke'), ('simbolo-q4-q0', '#04ed00', 'stroke')];True;True
319;how many transitions are ther ein the automaton;how many transitions are ther ein the state machine ;The automaton has 3 transitions: q0 con valore 1 va in q1, q1 con valore 1 va in q2, q4 con valore 0 va in q0.;[('simbolo-q0-q1', '#04ed00', 'stroke'), ('simbolo-q1-q2', '#04ed00', 'stroke'), ('simbolo-q4-q0', '#04ed00', 'stroke')];The automaton has 3 transitions: q0 con valore 1 va in q1, q1 con valore 1 va in q2, q4 con valore 0 va in q0.;[('simbolo-q0-q1', '#04ed00', 'stroke'), ('simbolo-q1-q2', '#04ed00', 'stroke'), ('simbolo-q4-q0', '#04ed00', 'stroke')];True;True
322;briefly describe the automaton;briefly specify the automaton;The automaton accepts zero or more words formed by a sequence of the type 110. In total there are 4 states: q0, q1, q2 e q4. q0 is both the initial and the final state.Le transizioni sono: q0 with value 1 goes goes q1, q1 with value 1 goes goes q2, q4 with value 0 goes to q0.;[];The automaton accepts zero or more words formed by a sequence of the type 110. In total there are 4 states: q0, q1, q2 e q4. q0 is both the initial and the final state.Le transizioni sono: q0 with value 1 goes goes q1, q1 with value 1 goes goes q2, q4 with value 0 goes to q0.;[];True;True
322;briefly describe the automaton;briefly define the automaton;The automaton accepts zero or more words formed by a sequence of the type 110. In total there are 4 states: q0, q1, q2 e q4. q0 is both the initial and the final state.Le transizioni sono: q0 with value 1 goes goes q1, q1 with value 1 goes goes q2, q4 with value 0 goes to q0.;[];The automaton accepts zero or more words formed by a sequence of the type 110. In total there are 4 states: q0, q1, q2 e q4. q0 is both the initial and the final state.Le transizioni sono: q0 with value 1 goes goes q1, q1 with value 1 goes goes q2, q4 with value 0 goes to q0.;[];True;True
322;briefly describe the automaton;briefly outline the automaton;The automaton accepts zero or more words formed by a sequence of the type 110. In total there are 4 states: q0, q1, q2 e q4. q0 is both the initial and the final state.Le transizioni sono: q0 with value 1 goes goes q1, q1 with value 1 goes goes q2, q4 with value 0 goes to q0.;[];The automaton accepts zero or more words formed by a sequence of the type 110. In total there are 4 states: q0, q1, q2 e q4. q0 is both the initial and the final state.Le transizioni sono: q0 with value 1 goes goes q1, q1 with value 1 goes goes q2, q4 with value 0 goes to q0.;[];True;True
322;briefly describe the automaton;briefly describe the finite automaton ;The automaton accepts zero or more words formed by a sequence of the type 110. In total there are 4 states: q0, q1, q2 e q4. q0 is both the initial and the final state.Le transizioni sono: q0 with value 1 goes goes q1, q1 with value 1 goes goes q2, q4 with value 0 goes to q0.;[];The automaton accepts zero or more words formed by a sequence of the type 110. In total there are 4 states: q0, q1, q2 e q4. q0 is both the initial and the final state.Le transizioni sono: q0 with value 1 goes goes q1, q1 with value 1 goes goes q2, q4 with value 0 goes to q0.;[];True;True
322;briefly describe the automaton;briefly describe the machine ;The automaton accepts zero or more words formed by a sequence of the type 110. In total there are 4 states: q0, q1, q2 e q4. q0 is both the initial and the final state.Le transizioni sono: q0 with value 1 goes goes q1, q1 with value 1 goes goes q2, q4 with value 0 goes to q0.;[];Potresti essere più specifico?;[];False;True
322;briefly describe the automaton;briefly describe the state machine ;The automaton accepts zero or more words formed by a sequence of the type 110. In total there are 4 states: q0, q1, q2 e q4. q0 is both the initial and the final state.Le transizioni sono: q0 with value 1 goes goes q1, q1 with value 1 goes goes q2, q4 with value 0 goes to q0.;[];The state q0 exists.;[('simbolo-q0', '#04ed00', 'stroke')];False;False
328;is 1 a label for some arc;is 1 a label for some transition ;the transition is not defined.;[];The state q0 exists.;[('simbolo-q0', '#04ed00', 'stroke')];False;False
328;is 1 a label for some arc;is 1 a label for some state transition ;the transition is not defined.;[];there is no transition between q0 and q0.;[];False;True
330;does the automaton accept other languages;does the finite automaton accept other languages;Potresti essere più specifico?;[];Potresti essere più specifico?;[];True;True
330;does the automaton accept other languages;does the machine accept other languages;Potresti essere più specifico?;[];Potresti essere più specifico?;[];True;True
330;does the automaton accept other languages;does the state machine accept other languages;Potresti essere più specifico?;[];Potresti essere più specifico?;[];True;True
338;describe the position of nodes; specify the position of nodes;The state q0 exists.;[('simbolo-q0', '#04ed00', 'stroke')];Potresti essere più specifico?;[];False;False
338;describe the position of nodes; define the position of nodes;The state q0 exists.;[('simbolo-q0', '#04ed00', 'stroke')];The automaton has 4 states: q0, q1, q2 e q4.;[('simbolo-q0', '#04ed00', 'stroke'), ('simbolo-q1', '#04ed00', 'stroke'), ('simbolo-q2', '#04ed00', 'stroke'), ('simbolo-q4', '#04ed00', 'stroke')];False;False
338;describe the position of nodes; outline the position of nodes;The state q0 exists.;[('simbolo-q0', '#04ed00', 'stroke')];The automaton has 4 states: q0, q1, q2 e q4.;[('simbolo-q0', '#04ed00', 'stroke'), ('simbolo-q1', '#04ed00', 'stroke'), ('simbolo-q2', '#04ed00', 'stroke'), ('simbolo-q4', '#04ed00', 'stroke')];False;False
339;describe the arcs; specify the arcs;there is no transition between q0 and q0.;[];there is no transition between q0 and q0.;[];True;True
339;describe the arcs; define the arcs;there is no transition between q0 and q0.;[];there is no transition between q0 and q0.;[];True;True
339;describe the arcs; outline the arcs;there is no transition between q0 and q0.;[];there is no transition between q0 and q0.;[];True;True
340;describe the position of arcs; specify the position of arcs;there is no transition between q0 and q0.;[];there is no transition between q0 and q0.;[];True;True
340;describe the position of arcs; define the position of arcs;there is no transition between q0 and q0.;[];there is no transition between q0 and q0.;[];True;True
340;describe the position of arcs; outline the position of arcs;there is no transition between q0 and q0.;[];there is no transition between q0 and q0.;[];True;True
341;is there any self loop;is there any self cycle ;there is no transition between q0 and q0.;[];there is no transition between q0 and q0.;[];True;True
343;represent the automaton;represent the finite automaton ;The automaton accepts zero or more words formed by a sequence of the type 110. In total there are 4 states: q0, q1, q2 e q4. q0 is both the initial and the final state.Le transizioni sono: q0 with value 1 goes goes q1, q1 with value 1 goes goes q2, q4 with value 0 goes to q0.;[];The automaton accepts zero or more words formed by a sequence of the type 110. In total there are 4 states: q0, q1, q2 e q4. q0 is both the initial and the final state.Le transizioni sono: q0 with value 1 goes goes q1, q1 with value 1 goes goes q2, q4 with value 0 goes to q0.;[];True;True
343;represent the automaton;represent the machine ;The automaton accepts zero or more words formed by a sequence of the type 110. In total there are 4 states: q0, q1, q2 e q4. q0 is both the initial and the final state.Le transizioni sono: q0 with value 1 goes goes q1, q1 with value 1 goes goes q2, q4 with value 0 goes to q0.;[];Potresti essere più specifico?;[];False;True
343;represent the automaton;represent the state machine ;The automaton accepts zero or more words formed by a sequence of the type 110. In total there are 4 states: q0, q1, q2 e q4. q0 is both the initial and the final state.Le transizioni sono: q0 with value 1 goes goes q1, q1 with value 1 goes goes q2, q4 with value 0 goes to q0.;[];The state q0 exists.;[('simbolo-q0', '#04ed00', 'stroke')];False;False
346;can you describe the automaton;can you specify the automaton;The automaton accepts zero or more words formed by a sequence of the type 110. In total there are 4 states: q0, q1, q2 e q4. q0 is both the initial and the final state.Le transizioni sono: q0 with value 1 goes goes q1, q1 with value 1 goes goes q2, q4 with value 0 goes to q0.;[];The automaton accepts zero or more words formed by a sequence of the type 110. In total there are 4 states: q0, q1, q2 e q4. q0 is both the initial and the final state.Le transizioni sono: q0 with value 1 goes goes q1, q1 with value 1 goes goes q2, q4 with value 0 goes to q0.;[];True;True
346;can you describe the automaton;can you define the automaton;The automaton accepts zero or more words formed by a sequence of the type 110. In total there are 4 states: q0, q1, q2 e q4. q0 is both the initial and the final state.Le transizioni sono: q0 with value 1 goes goes q1, q1 with value 1 goes goes q2, q4 with value 0 goes to q0.;[];The automaton accepts zero or more words formed by a sequence of the type 110. In total there are 4 states: q0, q1, q2 e q4. q0 is both the initial and the final state.Le transizioni sono: q0 with value 1 goes goes q1, q1 with value 1 goes goes q2, q4 with value 0 goes to q0.;[];True;True
346;can you describe the automaton;can you outline the automaton;The automaton accepts zero or more words formed by a sequence of the type 110. In total there are 4 states: q0, q1, q2 e q4. q0 is both the initial and the final state.Le transizioni sono: q0 with value 1 goes goes q1, q1 with value 1 goes goes q2, q4 with value 0 goes to q0.;[];The automaton accepts zero or more words formed by a sequence of the type 110. In total there are 4 states: q0, q1, q2 e q4. q0 is both the initial and the final state.Le transizioni sono: q0 with value 1 goes goes q1, q1 with value 1 goes goes q2, q4 with value 0 goes to q0.;[];True;True
346;can you describe the automaton;can you describe the finite automaton ;The automaton accepts zero or more words formed by a sequence of the type 110. In total there are 4 states: q0, q1, q2 e q4. q0 is both the initial and the final state.Le transizioni sono: q0 with value 1 goes goes q1, q1 with value 1 goes goes q2, q4 with value 0 goes to q0.;[];The automaton accepts zero or more words formed by a sequence of the type 110. In total there are 4 states: q0, q1, q2 e q4. q0 is both the initial and the final state.Le transizioni sono: q0 with value 1 goes goes q1, q1 with value 1 goes goes q2, q4 with value 0 goes to q0.;[];True;True
346;can you describe the automaton;can you describe the machine ;The automaton accepts zero or more words formed by a sequence of the type 110. In total there are 4 states: q0, q1, q2 e q4. q0 is both the initial and the final state.Le transizioni sono: q0 with value 1 goes goes q1, q1 with value 1 goes goes q2, q4 with value 0 goes to q0.;[];The automaton accepts zero or more words formed by a sequence of the type 110. In total there are 4 states: q0, q1, q2 e q4. q0 is both the initial and the final state.Le transizioni sono: q0 with value 1 goes goes q1, q1 with value 1 goes goes q2, q4 with value 0 goes to q0.;[];True;True
346;can you describe the automaton;can you describe the state machine ;The automaton accepts zero or more words formed by a sequence of the type 110. In total there are 4 states: q0, q1, q2 e q4. q0 is both the initial and the final state.Le transizioni sono: q0 with value 1 goes goes q1, q1 with value 1 goes goes q2, q4 with value 0 goes to q0.;[];The state q0 exists.;[('simbolo-q0', '#04ed00', 'stroke')];False;False
347;which arc from q1;which transition from q1;the transition is not defined.;[];the transition is not defined.;[];True;True
347;which arc from q1;which state transition from q1;the transition is not defined.;[];Potresti essere più specifico?;[];False;True
348;which arc from q2;which transition from q2;the transition is not defined.;[];the transition is not defined.;[];True;True
348;which arc from q2;which state transition from q2;the transition is not defined.;[];The automaton has 4 states: q0, q1, q2 e q4.;[('simbolo-q0', '#04ed00', 'stroke'), ('simbolo-q1', '#04ed00', 'stroke'), ('simbolo-q2', '#04ed00', 'stroke'), ('simbolo-q4', '#04ed00', 'stroke')];False;False
349;which arc from q3;which transition from q3;the transition is not defined.;[];the transition is not defined.;[];True;True
349;which arc from q3;which state transition from q3;the transition is not defined.;[];the transition is not defined.;[];True;True
350;which arc from q3;which transition from q3;the transition is not defined.;[];the transition is not defined.;[];True;True
350;which arc from q3;which state transition from q3;the transition is not defined.;[];the transition is not defined.;[];True;True
351;which arc from q4;which transition from q4;the transition is not defined.;[];the transition is not defined.;[];True;True
351;which arc from q4;which state transition from q4;the transition is not defined.;[];the transition is not defined.;[];True;True
352;can you describe the transitions;can you specify the transitions;The automaton has 3 transitions: q0 con valore 1 va in q1, q1 con valore 1 va in q2, q4 con valore 0 va in q0.;[('simbolo-q0-q1', '#04ed00', 'stroke'), ('simbolo-q1-q2', '#04ed00', 'stroke'), ('simbolo-q4-q0', '#04ed00', 'stroke')];The automaton has 3 transitions: q0 con valore 1 va in q1, q1 con valore 1 va in q2, q4 con valore 0 va in q0.;[('simbolo-q0-q1', '#04ed00', 'stroke'), ('simbolo-q1-q2', '#04ed00', 'stroke'), ('simbolo-q4-q0', '#04ed00', 'stroke')];True;True
352;can you describe the transitions;can you define the transitions;The automaton has 3 transitions: q0 con valore 1 va in q1, q1 con valore 1 va in q2, q4 con valore 0 va in q0.;[('simbolo-q0-q1', '#04ed00', 'stroke'), ('simbolo-q1-q2', '#04ed00', 'stroke'), ('simbolo-q4-q0', '#04ed00', 'stroke')];The automaton has 3 transitions: q0 con valore 1 va in q1, q1 con valore 1 va in q2, q4 con valore 0 va in q0.;[('simbolo-q0-q1', '#04ed00', 'stroke'), ('simbolo-q1-q2', '#04ed00', 'stroke'), ('simbolo-q4-q0', '#04ed00', 'stroke')];True;True
352;can you describe the transitions;can you outline the transitions;The automaton has 3 transitions: q0 con valore 1 va in q1, q1 con valore 1 va in q2, q4 con valore 0 va in q0.;[('simbolo-q0-q1', '#04ed00', 'stroke'), ('simbolo-q1-q2', '#04ed00', 'stroke'), ('simbolo-q4-q0', '#04ed00', 'stroke')];The automaton has 3 transitions: q0 con valore 1 va in q1, q1 con valore 1 va in q2, q4 con valore 0 va in q0.;[('simbolo-q0-q1', '#04ed00', 'stroke'), ('simbolo-q1-q2', '#04ed00', 'stroke'), ('simbolo-q4-q0', '#04ed00', 'stroke')];True;True
354;describe me the automaton; specify me the automaton;The automaton accepts zero or more words formed by a sequence of the type 110. In total there are 4 states: q0, q1, q2 e q4. q0 is both the initial and the final state.Le transizioni sono: q0 with value 1 goes goes q1, q1 with value 1 goes goes q2, q4 with value 0 goes to q0.;[];The automaton accepts zero or more words formed by a sequence of the type 110. In total there are 4 states: q0, q1, q2 e q4. q0 is both the initial and the final state.Le transizioni sono: q0 with value 1 goes goes q1, q1 with value 1 goes goes q2, q4 with value 0 goes to q0.;[];True;True
354;describe me the automaton; define me the automaton;The automaton accepts zero or more words formed by a sequence of the type 110. In total there are 4 states: q0, q1, q2 e q4. q0 is both the initial and the final state.Le transizioni sono: q0 with value 1 goes goes q1, q1 with value 1 goes goes q2, q4 with value 0 goes to q0.;[];The automaton accepts zero or more words formed by a sequence of the type 110. In total there are 4 states: q0, q1, q2 e q4. q0 is both the initial and the final state.Le transizioni sono: q0 with value 1 goes goes q1, q1 with value 1 goes goes q2, q4 with value 0 goes to q0.;[];True;True
354;describe me the automaton; outline me the automaton;The automaton accepts zero or more words formed by a sequence of the type 110. In total there are 4 states: q0, q1, q2 e q4. q0 is both the initial and the final state.Le transizioni sono: q0 with value 1 goes goes q1, q1 with value 1 goes goes q2, q4 with value 0 goes to q0.;[];The automaton accepts zero or more words formed by a sequence of the type 110. In total there are 4 states: q0, q1, q2 e q4. q0 is both the initial and the final state.Le transizioni sono: q0 with value 1 goes goes q1, q1 with value 1 goes goes q2, q4 with value 0 goes to q0.;[];True;True
354;describe me the automaton;describe me the finite automaton ;The automaton accepts zero or more words formed by a sequence of the type 110. In total there are 4 states: q0, q1, q2 e q4. q0 is both the initial and the final state.Le transizioni sono: q0 with value 1 goes goes q1, q1 with value 1 goes goes q2, q4 with value 0 goes to q0.;[];The automaton accepts zero or more words formed by a sequence of the type 110. In total there are 4 states: q0, q1, q2 e q4. q0 is both the initial and the final state.Le transizioni sono: q0 with value 1 goes goes q1, q1 with value 1 goes goes q2, q4 with value 0 goes to q0.;[];True;True
354;describe me the automaton;describe me the machine ;The automaton accepts zero or more words formed by a sequence of the type 110. In total there are 4 states: q0, q1, q2 e q4. q0 is both the initial and the final state.Le transizioni sono: q0 with value 1 goes goes q1, q1 with value 1 goes goes q2, q4 with value 0 goes to q0.;[];Potresti essere più specifico?;[];False;True
354;describe me the automaton;describe me the state machine ;The automaton accepts zero or more words formed by a sequence of the type 110. In total there are 4 states: q0, q1, q2 e q4. q0 is both the initial and the final state.Le transizioni sono: q0 with value 1 goes goes q1, q1 with value 1 goes goes q2, q4 with value 0 goes to q0.;[];The state q0 exists.;[('simbolo-q0', '#04ed00', 'stroke')];False;False
359;if the automaton is in the state q3 and the input is 11100 what happens;if the finite automaton is in the state q3 and the input is 11100 what happens;The transition between q3 and q4 is with value 0.;[('simbolo-q3-q4', '#04ed00', 'stroke')];The transition between q3 and q4 is with value 0.;[('simbolo-q3-q4', '#04ed00', 'stroke')];True;True
359;if the automaton is in the state q3 and the input is 11100 what happens;if the machine is in the state q3 and the input is 11100 what happens;The transition between q3 and q4 is with value 0.;[('simbolo-q3-q4', '#04ed00', 'stroke')];The transition between q3 and q4 is with value 0.;[('simbolo-q3-q4', '#04ed00', 'stroke')];True;True
359;if the automaton is in the state q3 and the input is 11100 what happens;if the state machine is in the state q3 and the input is 11100 what happens;The transition between q3 and q4 is with value 0.;[('simbolo-q3-q4', '#04ed00', 'stroke')];The transition between q3 and q4 is with value 0.;[('simbolo-q3-q4', '#04ed00', 'stroke')];True;True
359;if the automaton is in the state q3 and the input is 11100 what happens;if the automaton is in the configuration q3 and the input is 11100 what happens;The transition between q3 and q4 is with value 0.;[('simbolo-q3-q4', '#04ed00', 'stroke')];The transition between q3 and q4 is with value 0.;[('simbolo-q3-q4', '#04ed00', 'stroke')];True;True
360;if the automaton is in the state q3 and the input is 11100 what happens;if the finite automaton is in the state q3 and the input is 11100 what happens;Potresti essere più specifico?;[];The state q0 exists.;[('simbolo-q0', '#04ed00', 'stroke')];False;False
360;if the automaton is in the state q3 and the input is 11100 what happens;if the machine is in the state q3 and the input is 11100 what happens;Potresti essere più specifico?;[];The transition between q3 and q4 is with value 0.;[('simbolo-q3-q4', '#04ed00', 'stroke')];False;False
360;if the automaton is in the state q3 and the input is 11100 what happens;if the state machine is in the state q3 and the input is 11100 what happens;Potresti essere più specifico?;[];The automaton has 3 transitions: q0 con valore 1 va in q1, q1 con valore 1 va in q2, q4 con valore 0 va in q0.;[('simbolo-q0-q1', '#04ed00', 'stroke'), ('simbolo-q1-q2', '#04ed00', 'stroke'), ('simbolo-q4-q0', '#04ed00', 'stroke')];False;False
360;if the automaton is in the state q3 and the input is 11100 what happens;if the automaton is in the configuration q3 and the input is 11100 what happens;Potresti essere più specifico?;[];The transition between q3 and q4 is with value 0.;[('simbolo-q3-q4', '#04ed00', 'stroke')];False;False
361;describe me the transitions; specify me the transitions;The automaton has 3 transitions: q0 con valore 1 va in q1, q1 con valore 1 va in q2, q4 con valore 0 va in q0.;[('simbolo-q0-q1', '#04ed00', 'stroke'), ('simbolo-q1-q2', '#04ed00', 'stroke'), ('simbolo-q4-q0', '#04ed00', 'stroke')];The automaton has 3 transitions: q0 con valore 1 va in q1, q1 con valore 1 va in q2, q4 con valore 0 va in q0.;[('simbolo-q0-q1', '#04ed00', 'stroke'), ('simbolo-q1-q2', '#04ed00', 'stroke'), ('simbolo-q4-q0', '#04ed00', 'stroke')];True;True
361;describe me the transitions; define me the transitions;The automaton has 3 transitions: q0 con valore 1 va in q1, q1 con valore 1 va in q2, q4 con valore 0 va in q0.;[('simbolo-q0-q1', '#04ed00', 'stroke'), ('simbolo-q1-q2', '#04ed00', 'stroke'), ('simbolo-q4-q0', '#04ed00', 'stroke')];there is no transition between q0 and q0.;[];False;False
361;describe me the transitions; outline me the transitions;The automaton has 3 transitions: q0 con valore 1 va in q1, q1 con valore 1 va in q2, q4 con valore 0 va in q0.;[('simbolo-q0-q1', '#04ed00', 'stroke'), ('simbolo-q1-q2', '#04ed00', 'stroke'), ('simbolo-q4-q0', '#04ed00', 'stroke')];there is no transition between q0 and q0.;[];False;False
362;describe me the alphabet and how its used; specify me the alphabet and how its used;Potresti essere più specifico?;[];Potresti essere più specifico?;[];True;True
362;describe me the alphabet and how its used; define me the alphabet and how its used;Potresti essere più specifico?;[];Potresti essere più specifico?;[];True;True
362;describe me the alphabet and how its used; outline me the alphabet and how its used;Potresti essere più specifico?;[];Potresti essere più specifico?;[];True;True
363;describe me the alphabet; specify me the alphabet;Potresti essere più specifico?;[];Potresti essere più specifico?;[];True;True
363;describe me the alphabet; define me the alphabet;Potresti essere più specifico?;[];Potresti essere più specifico?;[];True;True
363;describe me the alphabet; outline me the alphabet;Potresti essere più specifico?;[];Potresti essere più specifico?;[];True;True
364;describe me the language accepted; specify me the language accepted;Potresti essere più specifico?;[];Potresti essere più specifico?;[];True;True
364;describe me the language accepted; define me the language accepted;Potresti essere più specifico?;[];Potresti essere più specifico?;[];True;True
364;describe me the language accepted; outline me the language accepted;Potresti essere più specifico?;[];Potresti essere più specifico?;[];True;True
366;describe me the state q1; specify me the state q1;The state q0 exists.;[('simbolo-q0', '#04ed00', 'stroke')];The automaton has 4 states: q0, q1, q2 e q4.;[('simbolo-q0', '#04ed00', 'stroke'), ('simbolo-q1', '#04ed00', 'stroke'), ('simbolo-q2', '#04ed00', 'stroke'), ('simbolo-q4', '#04ed00', 'stroke')];False;False
366;describe me the state q1; define me the state q1;The state q0 exists.;[('simbolo-q0', '#04ed00', 'stroke')];The state q0 exists.;[('simbolo-q0', '#04ed00', 'stroke')];True;True
366;describe me the state q1; outline me the state q1;The state q0 exists.;[('simbolo-q0', '#04ed00', 'stroke')];The automaton has 4 states: q0, q1, q2 e q4.;[('simbolo-q0', '#04ed00', 'stroke'), ('simbolo-q1', '#04ed00', 'stroke'), ('simbolo-q2', '#04ed00', 'stroke'), ('simbolo-q4', '#04ed00', 'stroke')];False;False
366;describe me the state q1;describe me the configuration q1;The state q0 exists.;[('simbolo-q0', '#04ed00', 'stroke')];Potresti essere più specifico?;[];False;False
367;which is the final state;which is the goal state;The final state is q0.;[('simbolo-q0', '#04ed00', 'stroke')];The state q0 exists.;[('simbolo-q0', '#04ed00', 'stroke')];False;True
367;which is the final state;which is the end state;The final state is q0.;[('simbolo-q0', '#04ed00', 'stroke')];The final state is q0.;[('simbolo-q0', '#04ed00', 'stroke')];True;True
367;which is the final state;which is the final configuration ;The final state is q0.;[('simbolo-q0', '#04ed00', 'stroke')];The final state is q0.;[('simbolo-q0', '#04ed00', 'stroke')];True;True
376;can you describe the trasition function;can you specify the trasition function;The automaton has 3 transitions: q0 con valore 1 va in q1, q1 con valore 1 va in q2, q4 con valore 0 va in q0.;[('simbolo-q0-q1', '#04ed00', 'stroke'), ('simbolo-q1-q2', '#04ed00', 'stroke'), ('simbolo-q4-q0', '#04ed00', 'stroke')];there is no transition between q0 and q0.;[];False;False
376;can you describe the trasition function;can you define the trasition function;The automaton has 3 transitions: q0 con valore 1 va in q1, q1 con valore 1 va in q2, q4 con valore 0 va in q0.;[('simbolo-q0-q1', '#04ed00', 'stroke'), ('simbolo-q1-q2', '#04ed00', 'stroke'), ('simbolo-q4-q0', '#04ed00', 'stroke')];there is no transition between q0 and q0.;[];False;False
376;can you describe the trasition function;can you outline the trasition function;The automaton has 3 transitions: q0 con valore 1 va in q1, q1 con valore 1 va in q2, q4 con valore 0 va in q0.;[('simbolo-q0-q1', '#04ed00', 'stroke'), ('simbolo-q1-q2', '#04ed00', 'stroke'), ('simbolo-q4-q0', '#04ed00', 'stroke')];there is no transition between q0 and q0.;[];False;False
377;in which state would the automation goes if it read a 0 from the state q1;in which configuration would the automation goes if it read a 0 from the state q1;The automaton has 4 states: q0, q1, q2 e q4.;[('simbolo-q0', '#04ed00', 'stroke'), ('simbolo-q1', '#04ed00', 'stroke'), ('simbolo-q2', '#04ed00', 'stroke'), ('simbolo-q4', '#04ed00', 'stroke')];The state q0 exists.;[('simbolo-q0', '#04ed00', 'stroke')];False;False
377;in which state would the automation goes if it read a 0 from the state q1;in which state would the automation goes if it read a 0 from the configuration q1;The automaton has 4 states: q0, q1, q2 e q4.;[('simbolo-q0', '#04ed00', 'stroke'), ('simbolo-q1', '#04ed00', 'stroke'), ('simbolo-q2', '#04ed00', 'stroke'), ('simbolo-q4', '#04ed00', 'stroke')];The automaton has 4 states: q0, q1, q2 e q4.;[('simbolo-q0', '#04ed00', 'stroke'), ('simbolo-q1', '#04ed00', 'stroke'), ('simbolo-q2', '#04ed00', 'stroke'), ('simbolo-q4', '#04ed00', 'stroke')];True;True
379;given the deterministc nature of the automation, why there is no a transition when I am in q1 and the automation read 0;given the deterministc nature of the automation, why there is no a state transition when I am in q1 and the automation read 0;The transition between q1 and q2 is with value 1.;[('simbolo-q1-q2', '#04ed00', 'stroke')];The transition between q1 and q2 is with value 1.;[('simbolo-q1-q2', '#04ed00', 'stroke')];True;True
379;given the deterministc nature of the automation, why there is no a transition when I am in q1 and the automation read 0;given the deterministc nature of the automation, why there is no a arc when I am in q1 and the automation read 0;The transition between q1 and q2 is with value 1.;[('simbolo-q1-q2', '#04ed00', 'stroke')];Potresti essere più specifico?;[];False;False
380;given the deterministc nature of the automation why there is no a transition when I am in q1 and the automation read 0;given the deterministc nature of the automation why there is no a state transition when I am in q1 and the automation read 0;The transition between q1 and q2 is with value 1.;[('simbolo-q1-q2', '#04ed00', 'stroke')];The transition between q1 and q2 is with value 1.;[('simbolo-q1-q2', '#04ed00', 'stroke')];True;True
380;given the deterministc nature of the automation why there is no a transition when I am in q1 and the automation read 0;given the deterministc nature of the automation why there is no a arc when I am in q1 and the automation read 0;The transition between q1 and q2 is with value 1.;[('simbolo-q1-q2', '#04ed00', 'stroke')];The transition between q1 and q2 is with value 1.;[('simbolo-q1-q2', '#04ed00', 'stroke')];True;True
383;are there any loops in the automaton;are there any loops in the finite automaton ;Potresti essere più specifico?;[];Potresti essere più specifico?;[];True;True
383;are there any loops in the automaton;are there any loops in the machine ;Potresti essere più specifico?;[];Potresti essere più specifico?;[];True;True
383;are there any loops in the automaton;are there any loops in the state machine ;Potresti essere più specifico?;[];there is no transition between q0 and q0.;[];False;True
384;can you explain me what is a final state of a DFA?;can you explain me what is a goal state of a DFA?;The final state is q0.;[('simbolo-q0', '#04ed00', 'stroke')];The state q0 exists.;[('simbolo-q0', '#04ed00', 'stroke')];False;True
384;can you explain me what is a final state of a DFA?;can you explain me what is a end state of a DFA?;The final state is q0.;[('simbolo-q0', '#04ed00', 'stroke')];The final state is q0.;[('simbolo-q0', '#04ed00', 'stroke')];True;True
384;can you explain me what is a final state of a DFA?;can you explain me what is a final configuration of a DFA?;The final state is q0.;[('simbolo-q0', '#04ed00', 'stroke')];Potresti essere più specifico?;[];False;False
385;can you describe to me how works a transition function;can you specify to me how works a transition function;there is no transition between q0 and q0.;[];there is no transition between q0 and q0.;[];True;True
385;can you describe to me how works a transition function;can you define to me how works a transition function;there is no transition between q0 and q0.;[];The automaton has 3 transitions: q0 con valore 1 va in q1, q1 con valore 1 va in q2, q4 con valore 0 va in q0.;[('simbolo-q0-q1', '#04ed00', 'stroke'), ('simbolo-q1-q2', '#04ed00', 'stroke'), ('simbolo-q4-q0', '#04ed00', 'stroke')];False;False
385;can you describe to me how works a transition function;can you outline to me how works a transition function;there is no transition between q0 and q0.;[];there is no transition between q0 and q0.;[];True;True
385;can you describe to me how works a transition function;can you describe to me how works a state transition function;there is no transition between q0 and q0.;[];Potresti essere più specifico?;[];False;True
385;can you describe to me how works a transition function;can you describe to me how works a arc function;there is no transition between q0 and q0.;[];The automaton accepts zero or more words formed by a sequence of the type 110. In total there are 4 states: q0, q1, q2 e q4. q0 is both the initial and the final state.Le transizioni sono: q0 with value 1 goes goes q1, q1 with value 1 goes goes q2, q4 with value 0 goes to q0.;[];False;True
387;how many final states the automaton has;how many goal states the automaton has;The automaton has 4 states: q0, q1, q2 e q4.;[('simbolo-q0', '#04ed00', 'stroke'), ('simbolo-q1', '#04ed00', 'stroke'), ('simbolo-q2', '#04ed00', 'stroke'), ('simbolo-q4', '#04ed00', 'stroke')];This automaton has 4 states;[('simbolo-q0', '#04ed00', 'stroke'), ('simbolo-q1', '#04ed00', 'stroke'), ('simbolo-q2', '#04ed00', 'stroke'), ('simbolo-q4', '#04ed00', 'stroke')];False;True
387;how many final states the automaton has;how many end states the automaton has;The automaton has 4 states: q0, q1, q2 e q4.;[('simbolo-q0', '#04ed00', 'stroke'), ('simbolo-q1', '#04ed00', 'stroke'), ('simbolo-q2', '#04ed00', 'stroke'), ('simbolo-q4', '#04ed00', 'stroke')];The automaton has 4 states: q0, q1, q2 e q4.;[('simbolo-q0', '#04ed00', 'stroke'), ('simbolo-q1', '#04ed00', 'stroke'), ('simbolo-q2', '#04ed00', 'stroke'), ('simbolo-q4', '#04ed00', 'stroke')];True;True
387;how many final states the automaton has;how many final states the finite automaton has;The automaton has 4 states: q0, q1, q2 e q4.;[('simbolo-q0', '#04ed00', 'stroke'), ('simbolo-q1', '#04ed00', 'stroke'), ('simbolo-q2', '#04ed00', 'stroke'), ('simbolo-q4', '#04ed00', 'stroke')];The automaton has 4 states: q0, q1, q2 e q4.;[('simbolo-q0', '#04ed00', 'stroke'), ('simbolo-q1', '#04ed00', 'stroke'), ('simbolo-q2', '#04ed00', 'stroke'), ('simbolo-q4', '#04ed00', 'stroke')];True;True
387;how many final states the automaton has;how many final states the machine has;The automaton has 4 states: q0, q1, q2 e q4.;[('simbolo-q0', '#04ed00', 'stroke'), ('simbolo-q1', '#04ed00', 'stroke'), ('simbolo-q2', '#04ed00', 'stroke'), ('simbolo-q4', '#04ed00', 'stroke')];The automaton has 4 states: q0, q1, q2 e q4.;[('simbolo-q0', '#04ed00', 'stroke'), ('simbolo-q1', '#04ed00', 'stroke'), ('simbolo-q2', '#04ed00', 'stroke'), ('simbolo-q4', '#04ed00', 'stroke')];True;True
387;how many final states the automaton has;how many final states the state machine has;The automaton has 4 states: q0, q1, q2 e q4.;[('simbolo-q0', '#04ed00', 'stroke'), ('simbolo-q1', '#04ed00', 'stroke'), ('simbolo-q2', '#04ed00', 'stroke'), ('simbolo-q4', '#04ed00', 'stroke')];The automaton has 4 states: q0, q1, q2 e q4.;[('simbolo-q0', '#04ed00', 'stroke'), ('simbolo-q1', '#04ed00', 'stroke'), ('simbolo-q2', '#04ed00', 'stroke'), ('simbolo-q4', '#04ed00', 'stroke')];True;True
388;what is the final state;what is the goal state;The final state is q0.;[('simbolo-q0', '#04ed00', 'stroke')];The state q0 exists.;[('simbolo-q0', '#04ed00', 'stroke')];False;True
388;what is the final state;what is the end state;The final state is q0.;[('simbolo-q0', '#04ed00', 'stroke')];The final state is q0.;[('simbolo-q0', '#04ed00', 'stroke')];True;True
388;what is the final state;what is the final configuration ;The final state is q0.;[('simbolo-q0', '#04ed00', 'stroke')];The final state is q0.;[('simbolo-q0', '#04ed00', 'stroke')];True;True
389;how can i reach the state q4 from the state q2;how can i reach the configuration q4 from the state q2;there is no transition between q2 and q4.;[];there is no transition between q2 and q4.;[];True;True
389;how can i reach the state q4 from the state q2;how can i reach the state q4 from the configuration q2;there is no transition between q2 and q4.;[];there is no transition between q2 and q4.;[];True;True
390;is there a way to reach the state q1 from the state q3;is there a way to reach the configuration q1 from the state q3;there is no transition between q3 and q1.;[];there is no transition between q3 and q1.;[];True;True
390;is there a way to reach the state q1 from the state q3;is there a way to reach the state q1 from the configuration q3;there is no transition between q3 and q1.;[];there is no transition between q1 and q3.;[];False;True
393;Define the concept of an accepting state in finite automata; describe the concept of an accepting state in finite automata;The automaton has 4 states: q0, q1, q2 e q4.;[('simbolo-q0', '#04ed00', 'stroke'), ('simbolo-q1', '#04ed00', 'stroke'), ('simbolo-q2', '#04ed00', 'stroke'), ('simbolo-q4', '#04ed00', 'stroke')];The state q0 exists.;[('simbolo-q0', '#04ed00', 'stroke')];False;False
393;Define the concept of an accepting state in finite automata; specify the concept of an accepting state in finite automata;The automaton has 4 states: q0, q1, q2 e q4.;[('simbolo-q0', '#04ed00', 'stroke'), ('simbolo-q1', '#04ed00', 'stroke'), ('simbolo-q2', '#04ed00', 'stroke'), ('simbolo-q4', '#04ed00', 'stroke')];The automaton has 4 states: q0, q1, q2 e q4.;[('simbolo-q0', '#04ed00', 'stroke'), ('simbolo-q1', '#04ed00', 'stroke'), ('simbolo-q2', '#04ed00', 'stroke'), ('simbolo-q4', '#04ed00', 'stroke')];True;True
393;Define the concept of an accepting state in finite automata; outline the concept of an accepting state in finite automata;The automaton has 4 states: q0, q1, q2 e q4.;[('simbolo-q0', '#04ed00', 'stroke'), ('simbolo-q1', '#04ed00', 'stroke'), ('simbolo-q2', '#04ed00', 'stroke'), ('simbolo-q4', '#04ed00', 'stroke')];The final state is q0.;[('simbolo-q0', '#04ed00', 'stroke')];False;False
393;Define the concept of an accepting state in finite automata;Define the concept of an accepting configuration in finite automata;The automaton has 4 states: q0, q1, q2 e q4.;[('simbolo-q0', '#04ed00', 'stroke'), ('simbolo-q1', '#04ed00', 'stroke'), ('simbolo-q2', '#04ed00', 'stroke'), ('simbolo-q4', '#04ed00', 'stroke')];Potresti essere più specifico?;[];False;False
394;Can a finite automaton recognize non-regular languages;Can a finite finite automaton recognize non-regular languages;The automaton accepts zero or more words formed by a sequence of the type 110. In total there are 4 states: q0, q1, q2 e q4. q0 is both the initial and the final state.Le transizioni sono: q0 with value 1 goes goes q1, q1 with value 1 goes goes q2, q4 with value 0 goes to q0.;[];Potresti essere più specifico?;[];False;True
394;Can a finite automaton recognize non-regular languages;Can a finite machine recognize non-regular languages;The automaton accepts zero or more words formed by a sequence of the type 110. In total there are 4 states: q0, q1, q2 e q4. q0 is both the initial and the final state.Le transizioni sono: q0 with value 1 goes goes q1, q1 with value 1 goes goes q2, q4 with value 0 goes to q0.;[];Potresti essere più specifico?;[];False;True
394;Can a finite automaton recognize non-regular languages;Can a finite state machine recognize non-regular languages;The automaton accepts zero or more words formed by a sequence of the type 110. In total there are 4 states: q0, q1, q2 e q4. q0 is both the initial and the final state.Le transizioni sono: q0 with value 1 goes goes q1, q1 with value 1 goes goes q2, q4 with value 0 goes to q0.;[];Potresti essere più specifico?;[];False;True
395;Describe the transitions and the accepting states of this specific automaton; specify the transitions and the accepting states of this specific automaton;Potresti essere più specifico?;[];The automaton accepts zero or more words formed by a sequence of the type 110. In total there are 4 states: q0, q1, q2 e q4. q0 is both the initial and the final state.Le transizioni sono: q0 with value 1 goes goes q1, q1 with value 1 goes goes q2, q4 with value 0 goes to q0.;[];False;True
395;Describe the transitions and the accepting states of this specific automaton; define the transitions and the accepting states of this specific automaton;Potresti essere più specifico?;[];Potresti essere più specifico?;[];True;True
395;Describe the transitions and the accepting states of this specific automaton; outline the transitions and the accepting states of this specific automaton;Potresti essere più specifico?;[];Potresti essere più specifico?;[];True;True
395;Describe the transitions and the accepting states of this specific automaton;Describe the transitions and the accepting states of this specific finite automaton ;Potresti essere più specifico?;[];Potresti essere più specifico?;[];True;True
395;Describe the transitions and the accepting states of this specific automaton;Describe the transitions and the accepting states of this specific machine ;Potresti essere più specifico?;[];Potresti essere più specifico?;[];True;True
395;Describe the transitions and the accepting states of this specific automaton;Describe the transitions and the accepting states of this specific state machine ;Potresti essere più specifico?;[];Potresti essere più specifico?;[];True;True
396;What happens if the input sequence does not match the required pattern of three 1s followed by two 0s in this automaton;What happens if the input sequence does not match the required pattern of three 1s followed by two 0s in this finite automaton ;The automaton has 4 states: q0, q1, q2 e q4.;[('simbolo-q0', '#04ed00', 'stroke'), ('simbolo-q1', '#04ed00', 'stroke'), ('simbolo-q2', '#04ed00', 'stroke'), ('simbolo-q4', '#04ed00', 'stroke')];Potresti essere più specifico?;[];False;False
396;What happens if the input sequence does not match the required pattern of three 1s followed by two 0s in this automaton;What happens if the input sequence does not match the required pattern of three 1s followed by two 0s in this machine ;The automaton has 4 states: q0, q1, q2 e q4.;[('simbolo-q0', '#04ed00', 'stroke'), ('simbolo-q1', '#04ed00', 'stroke'), ('simbolo-q2', '#04ed00', 'stroke'), ('simbolo-q4', '#04ed00', 'stroke')];Potresti essere più specifico?;[];False;False
396;What happens if the input sequence does not match the required pattern of three 1s followed by two 0s in this automaton;What happens if the input sequence does not match the required pattern of three 1s followed by two 0s in this state machine ;The automaton has 4 states: q0, q1, q2 e q4.;[('simbolo-q0', '#04ed00', 'stroke'), ('simbolo-q1', '#04ed00', 'stroke'), ('simbolo-q2', '#04ed00', 'stroke'), ('simbolo-q4', '#04ed00', 'stroke')];The automaton has 3 transitions: q0 con valore 1 va in q1, q1 con valore 1 va in q2, q4 con valore 0 va in q0.;[('simbolo-q0-q1', '#04ed00', 'stroke'), ('simbolo-q1-q2', '#04ed00', 'stroke'), ('simbolo-q4-q0', '#04ed00', 'stroke')];False;False
397;How does the automaton behave if the input starts with a 0 instead of a 1?;How does the finite automaton behave if the input starts with a 0 instead of a 1?;The automaton has 3 transitions: q0 con valore 1 va in q1, q1 con valore 1 va in q2, q4 con valore 0 va in q0.;[('simbolo-q0-q1', '#04ed00', 'stroke'), ('simbolo-q1-q2', '#04ed00', 'stroke'), ('simbolo-q4-q0', '#04ed00', 'stroke')];The automaton has 3 transitions: q0 con valore 1 va in q1, q1 con valore 1 va in q2, q4 con valore 0 va in q0.;[('simbolo-q0-q1', '#04ed00', 'stroke'), ('simbolo-q1-q2', '#04ed00', 'stroke'), ('simbolo-q4-q0', '#04ed00', 'stroke')];True;True
397;How does the automaton behave if the input starts with a 0 instead of a 1?;How does the machine behave if the input starts with a 0 instead of a 1?;The automaton has 3 transitions: q0 con valore 1 va in q1, q1 con valore 1 va in q2, q4 con valore 0 va in q0.;[('simbolo-q0-q1', '#04ed00', 'stroke'), ('simbolo-q1-q2', '#04ed00', 'stroke'), ('simbolo-q4-q0', '#04ed00', 'stroke')];The automaton has 3 transitions: q0 con valore 1 va in q1, q1 con valore 1 va in q2, q4 con valore 0 va in q0.;[('simbolo-q0-q1', '#04ed00', 'stroke'), ('simbolo-q1-q2', '#04ed00', 'stroke'), ('simbolo-q4-q0', '#04ed00', 'stroke')];True;True
397;How does the automaton behave if the input starts with a 0 instead of a 1?;How does the state machine behave if the input starts with a 0 instead of a 1?;The automaton has 3 transitions: q0 con valore 1 va in q1, q1 con valore 1 va in q2, q4 con valore 0 va in q0.;[('simbolo-q0-q1', '#04ed00', 'stroke'), ('simbolo-q1-q2', '#04ed00', 'stroke'), ('simbolo-q4-q0', '#04ed00', 'stroke')];The automaton has 3 transitions: q0 con valore 1 va in q1, q1 con valore 1 va in q2, q4 con valore 0 va in q0.;[('simbolo-q0-q1', '#04ed00', 'stroke'), ('simbolo-q1-q2', '#04ed00', 'stroke'), ('simbolo-q4-q0', '#04ed00', 'stroke')];True;True
398;What is the role of the state q4 in the automaton's behavior;What is the role of the configuration q4 in the automaton's behavior;The state q4 exists.;[('simbolo-q4', '#04ed00', 'stroke')];The automaton has 4 states: q0, q1, q2 e q4.;[('simbolo-q0', '#04ed00', 'stroke'), ('simbolo-q1', '#04ed00', 'stroke'), ('simbolo-q2', '#04ed00', 'stroke'), ('simbolo-q4', '#04ed00', 'stroke')];False;False
399;What is the role of the state q4 in the behavior of automaton;What is the role of the configuration q4 in the behavior of automaton;The state q0 exists.;[('simbolo-q0', '#04ed00', 'stroke')];The automaton has 4 states: q0, q1, q2 e q4.;[('simbolo-q0', '#04ed00', 'stroke'), ('simbolo-q1', '#04ed00', 'stroke'), ('simbolo-q2', '#04ed00', 'stroke'), ('simbolo-q4', '#04ed00', 'stroke')];False;False
399;What is the role of the state q4 in the behavior of automaton;What is the role of the state q4 in the behavior of finite automaton ;The state q0 exists.;[('simbolo-q0', '#04ed00', 'stroke')];The state q4 exists.;[('simbolo-q4', '#04ed00', 'stroke')];False;False
399;What is the role of the state q4 in the behavior of automaton;What is the role of the state q4 in the behavior of machine ;The state q0 exists.;[('simbolo-q0', '#04ed00', 'stroke')];The automaton has 4 states: q0, q1, q2 e q4.;[('simbolo-q0', '#04ed00', 'stroke'), ('simbolo-q1', '#04ed00', 'stroke'), ('simbolo-q2', '#04ed00', 'stroke'), ('simbolo-q4', '#04ed00', 'stroke')];False;False
399;What is the role of the state q4 in the behavior of automaton;What is the role of the state q4 in the behavior of state machine ;The state q0 exists.;[('simbolo-q0', '#04ed00', 'stroke')];The automaton has 4 states: q0, q1, q2 e q4.;[('simbolo-q0', '#04ed00', 'stroke'), ('simbolo-q1', '#04ed00', 'stroke'), ('simbolo-q2', '#04ed00', 'stroke'), ('simbolo-q4', '#04ed00', 'stroke')];False;False
400;How does the automaton transition back to the initial state after completing a valid sequence;How does the finite automaton transition back to the initial state after completing a valid sequence;there is no transition between q0 and q0.;[];there is no transition between q0 and q0.;[];True;True
400;How does the automaton transition back to the initial state after completing a valid sequence;How does the machine transition back to the initial state after completing a valid sequence;there is no transition between q0 and q0.;[];there is no transition between q0 and q0.;[];True;True
400;How does the automaton transition back to the initial state after completing a valid sequence;How does the state machine transition back to the initial state after completing a valid sequence;there is no transition between q0 and q0.;[];the transition is not defined.;[];False;True
400;How does the automaton transition back to the initial state after completing a valid sequence;How does the automaton state transition back to the initial state after completing a valid sequence;there is no transition between q0 and q0.;[];The automaton has 4 states: q0, q1, q2 e q4.;[('simbolo-q0', '#04ed00', 'stroke'), ('simbolo-q1', '#04ed00', 'stroke'), ('simbolo-q2', '#04ed00', 'stroke'), ('simbolo-q4', '#04ed00', 'stroke')];False;False
400;How does the automaton transition back to the initial state after completing a valid sequence;How does the automaton arc back to the initial state after completing a valid sequence;there is no transition between q0 and q0.;[];the transition is not defined.;[];False;True
400;How does the automaton transition back to the initial state after completing a valid sequence;How does the automaton transition back to the initial configuration after completing a valid sequence;there is no transition between q0 and q0.;[];there is no transition between q0 and q0.;[];True;True
401;How many transitions are there in this automaton;How many transitions are there in this finite automaton ;The automaton has 3 transitions: q0 con valore 1 va in q1, q1 con valore 1 va in q2, q4 con valore 0 va in q0.;[('simbolo-q0-q1', '#04ed00', 'stroke'), ('simbolo-q1-q2', '#04ed00', 'stroke'), ('simbolo-q4-q0', '#04ed00', 'stroke')];The automaton has 3 transitions: q0 con valore 1 va in q1, q1 con valore 1 va in q2, q4 con valore 0 va in q0.;[('simbolo-q0-q1', '#04ed00', 'stroke'), ('simbolo-q1-q2', '#04ed00', 'stroke'), ('simbolo-q4-q0', '#04ed00', 'stroke')];True;True
401;How many transitions are there in this automaton;How many transitions are there in this machine ;The automaton has 3 transitions: q0 con valore 1 va in q1, q1 con valore 1 va in q2, q4 con valore 0 va in q0.;[('simbolo-q0-q1', '#04ed00', 'stroke'), ('simbolo-q1-q2', '#04ed00', 'stroke'), ('simbolo-q4-q0', '#04ed00', 'stroke')];The automaton has 3 transitions: q0 con valore 1 va in q1, q1 con valore 1 va in q2, q4 con valore 0 va in q0.;[('simbolo-q0-q1', '#04ed00', 'stroke'), ('simbolo-q1-q2', '#04ed00', 'stroke'), ('simbolo-q4-q0', '#04ed00', 'stroke')];True;True
401;How many transitions are there in this automaton;How many transitions are there in this state machine ;The automaton has 3 transitions: q0 con valore 1 va in q1, q1 con valore 1 va in q2, q4 con valore 0 va in q0.;[('simbolo-q0-q1', '#04ed00', 'stroke'), ('simbolo-q1-q2', '#04ed00', 'stroke'), ('simbolo-q4-q0', '#04ed00', 'stroke')];The automaton has 3 transitions: q0 con valore 1 va in q1, q1 con valore 1 va in q2, q4 con valore 0 va in q0.;[('simbolo-q0-q1', '#04ed00', 'stroke'), ('simbolo-q1-q2', '#04ed00', 'stroke'), ('simbolo-q4-q0', '#04ed00', 'stroke')];True;True
402;Is there a particular pattern among the transitions in this automaton;Is there a particular pattern among the transitions in this finite automaton ;Potresti essere più specifico?;[];Potresti essere più specifico?;[];True;True
402;Is there a particular pattern among the transitions in this automaton;Is there a particular pattern among the transitions in this machine ;Potresti essere più specifico?;[];Potresti essere più specifico?;[];True;True
402;Is there a particular pattern among the transitions in this automaton;Is there a particular pattern among the transitions in this state machine ;Potresti essere più specifico?;[];Potresti essere più specifico?;[];True;True
405;describe me the automaton; specify me the automaton;The automaton accepts zero or more words formed by a sequence of the type 110. In total there are 4 states: q0, q1, q2 e q4. q0 is both the initial and the final state.Le transizioni sono: q0 with value 1 goes goes q1, q1 with value 1 goes goes q2, q4 with value 0 goes to q0.;[];The automaton accepts zero or more words formed by a sequence of the type 110. In total there are 4 states: q0, q1, q2 e q4. q0 is both the initial and the final state.Le transizioni sono: q0 with value 1 goes goes q1, q1 with value 1 goes goes q2, q4 with value 0 goes to q0.;[];True;True
405;describe me the automaton; define me the automaton;The automaton accepts zero or more words formed by a sequence of the type 110. In total there are 4 states: q0, q1, q2 e q4. q0 is both the initial and the final state.Le transizioni sono: q0 with value 1 goes goes q1, q1 with value 1 goes goes q2, q4 with value 0 goes to q0.;[];The automaton accepts zero or more words formed by a sequence of the type 110. In total there are 4 states: q0, q1, q2 e q4. q0 is both the initial and the final state.Le transizioni sono: q0 with value 1 goes goes q1, q1 with value 1 goes goes q2, q4 with value 0 goes to q0.;[];True;True
405;describe me the automaton; outline me the automaton;The automaton accepts zero or more words formed by a sequence of the type 110. In total there are 4 states: q0, q1, q2 e q4. q0 is both the initial and the final state.Le transizioni sono: q0 with value 1 goes goes q1, q1 with value 1 goes goes q2, q4 with value 0 goes to q0.;[];The automaton accepts zero or more words formed by a sequence of the type 110. In total there are 4 states: q0, q1, q2 e q4. q0 is both the initial and the final state.Le transizioni sono: q0 with value 1 goes goes q1, q1 with value 1 goes goes q2, q4 with value 0 goes to q0.;[];True;True
405;describe me the automaton;describe me the finite automaton ;The automaton accepts zero or more words formed by a sequence of the type 110. In total there are 4 states: q0, q1, q2 e q4. q0 is both the initial and the final state.Le transizioni sono: q0 with value 1 goes goes q1, q1 with value 1 goes goes q2, q4 with value 0 goes to q0.;[];The automaton accepts zero or more words formed by a sequence of the type 110. In total there are 4 states: q0, q1, q2 e q4. q0 is both the initial and the final state.Le transizioni sono: q0 with value 1 goes goes q1, q1 with value 1 goes goes q2, q4 with value 0 goes to q0.;[];True;True
405;describe me the automaton;describe me the machine ;The automaton accepts zero or more words formed by a sequence of the type 110. In total there are 4 states: q0, q1, q2 e q4. q0 is both the initial and the final state.Le transizioni sono: q0 with value 1 goes goes q1, q1 with value 1 goes goes q2, q4 with value 0 goes to q0.;[];Potresti essere più specifico?;[];False;True
405;describe me the automaton;describe me the state machine ;The automaton accepts zero or more words formed by a sequence of the type 110. In total there are 4 states: q0, q1, q2 e q4. q0 is both the initial and the final state.Le transizioni sono: q0 with value 1 goes goes q1, q1 with value 1 goes goes q2, q4 with value 0 goes to q0.;[];Potresti essere più specifico?;[];False;True
406;How many states are in automaton;How many states are in finite automaton ;This automaton has 4 states;[('simbolo-q0', '#04ed00', 'stroke'), ('simbolo-q1', '#04ed00', 'stroke'), ('simbolo-q2', '#04ed00', 'stroke'), ('simbolo-q4', '#04ed00', 'stroke')];This automaton has 4 states;[('simbolo-q0', '#04ed00', 'stroke'), ('simbolo-q1', '#04ed00', 'stroke'), ('simbolo-q2', '#04ed00', 'stroke'), ('simbolo-q4', '#04ed00', 'stroke')];True;True
406;How many states are in automaton;How many states are in machine ;This automaton has 4 states;[('simbolo-q0', '#04ed00', 'stroke'), ('simbolo-q1', '#04ed00', 'stroke'), ('simbolo-q2', '#04ed00', 'stroke'), ('simbolo-q4', '#04ed00', 'stroke')];This automaton has 4 states;[('simbolo-q0', '#04ed00', 'stroke'), ('simbolo-q1', '#04ed00', 'stroke'), ('simbolo-q2', '#04ed00', 'stroke'), ('simbolo-q4', '#04ed00', 'stroke')];True;True
406;How many states are in automaton;How many states are in state machine ;This automaton has 4 states;[('simbolo-q0', '#04ed00', 'stroke'), ('simbolo-q1', '#04ed00', 'stroke'), ('simbolo-q2', '#04ed00', 'stroke'), ('simbolo-q4', '#04ed00', 'stroke')];This automaton has 4 states;[('simbolo-q0', '#04ed00', 'stroke'), ('simbolo-q1', '#04ed00', 'stroke'), ('simbolo-q2', '#04ed00', 'stroke'), ('simbolo-q4', '#04ed00', 'stroke')];True;True
407;What does each state do in automaton;What does each configuration do in automaton;The state q0 exists.;[('simbolo-q0', '#04ed00', 'stroke')];The automaton accepts zero or more words formed by a sequence of the type 110. In total there are 4 states: q0, q1, q2 e q4. q0 is both the initial and the final state.Le transizioni sono: q0 with value 1 goes goes q1, q1 with value 1 goes goes q2, q4 with value 0 goes to q0.;[];False;False
407;What does each state do in automaton;What does each state do in finite automaton ;The state q0 exists.;[('simbolo-q0', '#04ed00', 'stroke')];The state q0 exists.;[('simbolo-q0', '#04ed00', 'stroke')];True;True
407;What does each state do in automaton;What does each state do in machine ;The state q0 exists.;[('simbolo-q0', '#04ed00', 'stroke')];The state q0 exists.;[('simbolo-q0', '#04ed00', 'stroke')];True;True
407;What does each state do in automaton;What does each state do in state machine ;The state q0 exists.;[('simbolo-q0', '#04ed00', 'stroke')];The state q0 exists.;[('simbolo-q0', '#04ed00', 'stroke')];True;True
408;What is the starting state of the automaton;What is the starting configuration of the automaton;The initial state is q0.;[('simbolo-q0', '#04ed00', 'stroke')];The initial state is q0.;[('simbolo-q0', '#04ed00', 'stroke')];True;True
408;What is the starting state of the automaton;What is the starting state of the finite automaton ;The initial state is q0.;[('simbolo-q0', '#04ed00', 'stroke')];The initial state is q0.;[('simbolo-q0', '#04ed00', 'stroke')];True;True
408;What is the starting state of the automaton;What is the starting state of the machine ;The initial state is q0.;[('simbolo-q0', '#04ed00', 'stroke')];The initial state is q0.;[('simbolo-q0', '#04ed00', 'stroke')];True;True
408;What is the starting state of the automaton;What is the starting state of the state machine ;The initial state is q0.;[('simbolo-q0', '#04ed00', 'stroke')];The initial state is q0.;[('simbolo-q0', '#04ed00', 'stroke')];True;True
409;What is the role of the final state in the automaton;What is the role of the goal state in the automaton;The final state is q0.;[('simbolo-q0', '#04ed00', 'stroke')];The state q0 exists.;[('simbolo-q0', '#04ed00', 'stroke')];False;True
409;What is the role of the final state in the automaton;What is the role of the end state in the automaton;The final state is q0.;[('simbolo-q0', '#04ed00', 'stroke')];The state q0 exists.;[('simbolo-q0', '#04ed00', 'stroke')];False;True
409;What is the role of the final state in the automaton;What is the role of the final configuration in the automaton;The final state is q0.;[('simbolo-q0', '#04ed00', 'stroke')];The final state is q0.;[('simbolo-q0', '#04ed00', 'stroke')];True;True
409;What is the role of the final state in the automaton;What is the role of the final state in the finite automaton ;The final state is q0.;[('simbolo-q0', '#04ed00', 'stroke')];The final state is q0.;[('simbolo-q0', '#04ed00', 'stroke')];True;True
409;What is the role of the final state in the automaton;What is the role of the final state in the machine ;The final state is q0.;[('simbolo-q0', '#04ed00', 'stroke')];The final state is q0.;[('simbolo-q0', '#04ed00', 'stroke')];True;True
409;What is the role of the final state in the automaton;What is the role of the final state in the state machine ;The final state is q0.;[('simbolo-q0', '#04ed00', 'stroke')];The final state is q0.;[('simbolo-q0', '#04ed00', 'stroke')];True;True
411;What triggers a transition from one state to another in the automaton;What triggers a state transition from one state to another in the automaton;there is no transition between q0 and q0.;[];there is no transition between q0 and q0.;[];True;True
411;What triggers a transition from one state to another in the automaton;What triggers a arc from one state to another in the automaton;there is no transition between q0 and q0.;[];there is no transition between q0 and q0.;[];True;True
411;What triggers a transition from one state to another in the automaton;What triggers a transition from one configuration to another in the automaton;there is no transition between q0 and q0.;[];there is no transition between q0 and q0.;[];True;True
411;What triggers a transition from one state to another in the automaton;What triggers a transition from one state to another in the finite automaton ;there is no transition between q0 and q0.;[];there is no transition between q0 and q0.;[];True;True
411;What triggers a transition from one state to another in the automaton;What triggers a transition from one state to another in the machine ;there is no transition between q0 and q0.;[];there is no transition between q0 and q0.;[];True;True
411;What triggers a transition from one state to another in the automaton;What triggers a transition from one state to another in the state machine ;there is no transition between q0 and q0.;[];there is no transition between q0 and q0.;[];True;True
412;What input pattern is required for the automaton to reach its final state;What input pattern is required for the finite automaton to reach its final state;Potresti essere più specifico?;[];Potresti essere più specifico?;[];True;True
412;What input pattern is required for the automaton to reach its final state;What input pattern is required for the machine to reach its final state;Potresti essere più specifico?;[];Potresti essere più specifico?;[];True;True
412;What input pattern is required for the automaton to reach its final state;What input pattern is required for the state machine to reach its final state;Potresti essere più specifico?;[];Potresti essere più specifico?;[];True;True
412;What input pattern is required for the automaton to reach its final state;What input pattern is required for the automaton to reach its goal state;Potresti essere più specifico?;[];Potresti essere più specifico?;[];True;True
412;What input pattern is required for the automaton to reach its final state;What input pattern is required for the automaton to reach its end state;Potresti essere più specifico?;[];Potresti essere più specifico?;[];True;True
412;What input pattern is required for the automaton to reach its final state;What input pattern is required for the automaton to reach its final configuration ;Potresti essere più specifico?;[];Potresti essere più specifico?;[];True;True
413;How many transitions are there in the automaton;How many transitions are there in the finite automaton ;The automaton has 3 transitions: q0 con valore 1 va in q1, q1 con valore 1 va in q2, q4 con valore 0 va in q0.;[('simbolo-q0-q1', '#04ed00', 'stroke'), ('simbolo-q1-q2', '#04ed00', 'stroke'), ('simbolo-q4-q0', '#04ed00', 'stroke')];The automaton has 3 transitions: q0 con valore 1 va in q1, q1 con valore 1 va in q2, q4 con valore 0 va in q0.;[('simbolo-q0-q1', '#04ed00', 'stroke'), ('simbolo-q1-q2', '#04ed00', 'stroke'), ('simbolo-q4-q0', '#04ed00', 'stroke')];True;True
413;How many transitions are there in the automaton;How many transitions are there in the machine ;The automaton has 3 transitions: q0 con valore 1 va in q1, q1 con valore 1 va in q2, q4 con valore 0 va in q0.;[('simbolo-q0-q1', '#04ed00', 'stroke'), ('simbolo-q1-q2', '#04ed00', 'stroke'), ('simbolo-q4-q0', '#04ed00', 'stroke')];The automaton has 3 transitions: q0 con valore 1 va in q1, q1 con valore 1 va in q2, q4 con valore 0 va in q0.;[('simbolo-q0-q1', '#04ed00', 'stroke'), ('simbolo-q1-q2', '#04ed00', 'stroke'), ('simbolo-q4-q0', '#04ed00', 'stroke')];True;True
413;How many transitions are there in the automaton;How many transitions are there in the state machine ;The automaton has 3 transitions: q0 con valore 1 va in q1, q1 con valore 1 va in q2, q4 con valore 0 va in q0.;[('simbolo-q0-q1', '#04ed00', 'stroke'), ('simbolo-q1-q2', '#04ed00', 'stroke'), ('simbolo-q4-q0', '#04ed00', 'stroke')];The automaton has 3 transitions: q0 con valore 1 va in q1, q1 con valore 1 va in q2, q4 con valore 0 va in q0.;[('simbolo-q0-q1', '#04ed00', 'stroke'), ('simbolo-q1-q2', '#04ed00', 'stroke'), ('simbolo-q4-q0', '#04ed00', 'stroke')];True;True
414;Which state in the automaton has the most transitions;Which configuration in the automaton has the most transitions;The automaton has 4 states: q0, q1, q2 e q4.;[('simbolo-q0', '#04ed00', 'stroke'), ('simbolo-q1', '#04ed00', 'stroke'), ('simbolo-q2', '#04ed00', 'stroke'), ('simbolo-q4', '#04ed00', 'stroke')];there is no transition between q0 and q0.;[];False;False
414;Which state in the automaton has the most transitions;Which state in the finite automaton has the most transitions;The automaton has 4 states: q0, q1, q2 e q4.;[('simbolo-q0', '#04ed00', 'stroke'), ('simbolo-q1', '#04ed00', 'stroke'), ('simbolo-q2', '#04ed00', 'stroke'), ('simbolo-q4', '#04ed00', 'stroke')];The automaton has 4 states: q0, q1, q2 e q4.;[('simbolo-q0', '#04ed00', 'stroke'), ('simbolo-q1', '#04ed00', 'stroke'), ('simbolo-q2', '#04ed00', 'stroke'), ('simbolo-q4', '#04ed00', 'stroke')];True;True
414;Which state in the automaton has the most transitions;Which state in the machine has the most transitions;The automaton has 4 states: q0, q1, q2 e q4.;[('simbolo-q0', '#04ed00', 'stroke'), ('simbolo-q1', '#04ed00', 'stroke'), ('simbolo-q2', '#04ed00', 'stroke'), ('simbolo-q4', '#04ed00', 'stroke')];The state q0 exists.;[('simbolo-q0', '#04ed00', 'stroke')];False;False
414;Which state in the automaton has the most transitions;Which state in the state machine has the most transitions;The automaton has 4 states: q0, q1, q2 e q4.;[('simbolo-q0', '#04ed00', 'stroke'), ('simbolo-q1', '#04ed00', 'stroke'), ('simbolo-q2', '#04ed00', 'stroke'), ('simbolo-q4', '#04ed00', 'stroke')];The state q0 exists.;[('simbolo-q0', '#04ed00', 'stroke')];False;False
415;Is there any state in the automaton that has no outgoing transitions;Is there any configuration in the automaton that has no outgoing transitions;The state q0 exists.;[('simbolo-q0', '#04ed00', 'stroke')];The state q0 exists.;[('simbolo-q0', '#04ed00', 'stroke')];True;True
415;Is there any state in the automaton that has no outgoing transitions;Is there any state in the finite automaton that has no outgoing transitions;The state q0 exists.;[('simbolo-q0', '#04ed00', 'stroke')];The state q0 exists.;[('simbolo-q0', '#04ed00', 'stroke')];True;True
415;Is there any state in the automaton that has no outgoing transitions;Is there any state in the machine that has no outgoing transitions;The state q0 exists.;[('simbolo-q0', '#04ed00', 'stroke')];The state q0 exists.;[('simbolo-q0', '#04ed00', 'stroke')];True;True
415;Is there any state in the automaton that has no outgoing transitions;Is there any state in the state machine that has no outgoing transitions;The state q0 exists.;[('simbolo-q0', '#04ed00', 'stroke')];The state q0 exists.;[('simbolo-q0', '#04ed00', 'stroke')];True;True
417;How many states are in this automaton;How many states are in this finite automaton ;This automaton has 4 states;[('simbolo-q0', '#04ed00', 'stroke'), ('simbolo-q1', '#04ed00', 'stroke'), ('simbolo-q2', '#04ed00', 'stroke'), ('simbolo-q4', '#04ed00', 'stroke')];This automaton has 4 states;[('simbolo-q0', '#04ed00', 'stroke'), ('simbolo-q1', '#04ed00', 'stroke'), ('simbolo-q2', '#04ed00', 'stroke'), ('simbolo-q4', '#04ed00', 'stroke')];True;True
417;How many states are in this automaton;How many states are in this machine ;This automaton has 4 states;[('simbolo-q0', '#04ed00', 'stroke'), ('simbolo-q1', '#04ed00', 'stroke'), ('simbolo-q2', '#04ed00', 'stroke'), ('simbolo-q4', '#04ed00', 'stroke')];This automaton has 4 states;[('simbolo-q0', '#04ed00', 'stroke'), ('simbolo-q1', '#04ed00', 'stroke'), ('simbolo-q2', '#04ed00', 'stroke'), ('simbolo-q4', '#04ed00', 'stroke')];True;True
417;How many states are in this automaton;How many states are in this state machine ;This automaton has 4 states;[('simbolo-q0', '#04ed00', 'stroke'), ('simbolo-q1', '#04ed00', 'stroke'), ('simbolo-q2', '#04ed00', 'stroke'), ('simbolo-q4', '#04ed00', 'stroke')];This automaton has 4 states;[('simbolo-q0', '#04ed00', 'stroke'), ('simbolo-q1', '#04ed00', 'stroke'), ('simbolo-q2', '#04ed00', 'stroke'), ('simbolo-q4', '#04ed00', 'stroke')];True;True
418;What input causes the automaton to move from one state to the next;What input causes the finite automaton to move from one state to the next;The automaton has 3 transitions: q0 con valore 1 va in q1, q1 con valore 1 va in q2, q4 con valore 0 va in q0.;[('simbolo-q0-q1', '#04ed00', 'stroke'), ('simbolo-q1-q2', '#04ed00', 'stroke'), ('simbolo-q4-q0', '#04ed00', 'stroke')];The automaton has 3 transitions: q0 con valore 1 va in q1, q1 con valore 1 va in q2, q4 con valore 0 va in q0.;[('simbolo-q0-q1', '#04ed00', 'stroke'), ('simbolo-q1-q2', '#04ed00', 'stroke'), ('simbolo-q4-q0', '#04ed00', 'stroke')];True;True
418;What input causes the automaton to move from one state to the next;What input causes the machine to move from one state to the next;The automaton has 3 transitions: q0 con valore 1 va in q1, q1 con valore 1 va in q2, q4 con valore 0 va in q0.;[('simbolo-q0-q1', '#04ed00', 'stroke'), ('simbolo-q1-q2', '#04ed00', 'stroke'), ('simbolo-q4-q0', '#04ed00', 'stroke')];The automaton has 3 transitions: q0 con valore 1 va in q1, q1 con valore 1 va in q2, q4 con valore 0 va in q0.;[('simbolo-q0-q1', '#04ed00', 'stroke'), ('simbolo-q1-q2', '#04ed00', 'stroke'), ('simbolo-q4-q0', '#04ed00', 'stroke')];True;True
418;What input causes the automaton to move from one state to the next;What input causes the state machine to move from one state to the next;The automaton has 3 transitions: q0 con valore 1 va in q1, q1 con valore 1 va in q2, q4 con valore 0 va in q0.;[('simbolo-q0-q1', '#04ed00', 'stroke'), ('simbolo-q1-q2', '#04ed00', 'stroke'), ('simbolo-q4-q0', '#04ed00', 'stroke')];Potresti essere più specifico?;[];False;False
418;What input causes the automaton to move from one state to the next;What input causes the automaton to move from one configuration to the next;The automaton has 3 transitions: q0 con valore 1 va in q1, q1 con valore 1 va in q2, q4 con valore 0 va in q0.;[('simbolo-q0-q1', '#04ed00', 'stroke'), ('simbolo-q1-q2', '#04ed00', 'stroke'), ('simbolo-q4-q0', '#04ed00', 'stroke')];Potresti essere più specifico?;[];False;False
419;Which state follows q1 in the automaton;Which configuration follows q1 in the automaton;The automaton has 4 states: q0, q1, q2 e q4.;[('simbolo-q0', '#04ed00', 'stroke'), ('simbolo-q1', '#04ed00', 'stroke'), ('simbolo-q2', '#04ed00', 'stroke'), ('simbolo-q4', '#04ed00', 'stroke')];there is no transition between q0 and q0.;[];False;False
419;Which state follows q1 in the automaton;Which state follows q1 in the finite automaton ;The automaton has 4 states: q0, q1, q2 e q4.;[('simbolo-q0', '#04ed00', 'stroke'), ('simbolo-q1', '#04ed00', 'stroke'), ('simbolo-q2', '#04ed00', 'stroke'), ('simbolo-q4', '#04ed00', 'stroke')];The state q0 exists.;[('simbolo-q0', '#04ed00', 'stroke')];False;False
419;Which state follows q1 in the automaton;Which state follows q1 in the machine ;The automaton has 4 states: q0, q1, q2 e q4.;[('simbolo-q0', '#04ed00', 'stroke'), ('simbolo-q1', '#04ed00', 'stroke'), ('simbolo-q2', '#04ed00', 'stroke'), ('simbolo-q4', '#04ed00', 'stroke')];The state q0 exists.;[('simbolo-q0', '#04ed00', 'stroke')];False;False
419;Which state follows q1 in the automaton;Which state follows q1 in the state machine ;The automaton has 4 states: q0, q1, q2 e q4.;[('simbolo-q0', '#04ed00', 'stroke'), ('simbolo-q1', '#04ed00', 'stroke'), ('simbolo-q2', '#04ed00', 'stroke'), ('simbolo-q4', '#04ed00', 'stroke')];The state q0 exists.;[('simbolo-q0', '#04ed00', 'stroke')];False;False
420;What input causes the automaton to move from q3 to q4;What input causes the finite automaton to move from q3 to q4;The transition between q3 and q4 is with value 0.;[('simbolo-q3-q4', '#04ed00', 'stroke')];The transition between q3 and q4 is with value 0.;[('simbolo-q3-q4', '#04ed00', 'stroke')];True;True
420;What input causes the automaton to move from q3 to q4;What input causes the machine to move from q3 to q4;The transition between q3 and q4 is with value 0.;[('simbolo-q3-q4', '#04ed00', 'stroke')];The transition between q3 and q4 is with value 0.;[('simbolo-q3-q4', '#04ed00', 'stroke')];True;True
420;What input causes the automaton to move from q3 to q4;What input causes the state machine to move from q3 to q4;The transition between q3 and q4 is with value 0.;[('simbolo-q3-q4', '#04ed00', 'stroke')];The transition between q3 and q4 is with value 0.;[('simbolo-q3-q4', '#04ed00', 'stroke')];True;True
421;What happens after the automaton reaches q4;What happens after the finite automaton reaches q4;The automaton has 4 states: q0, q1, q2 e q4.;[('simbolo-q0', '#04ed00', 'stroke'), ('simbolo-q1', '#04ed00', 'stroke'), ('simbolo-q2', '#04ed00', 'stroke'), ('simbolo-q4', '#04ed00', 'stroke')];The state q4 exists.;[('simbolo-q4', '#04ed00', 'stroke')];False;False
421;What happens after the automaton reaches q4;What happens after the machine reaches q4;The automaton has 4 states: q0, q1, q2 e q4.;[('simbolo-q0', '#04ed00', 'stroke'), ('simbolo-q1', '#04ed00', 'stroke'), ('simbolo-q2', '#04ed00', 'stroke'), ('simbolo-q4', '#04ed00', 'stroke')];The automaton has 4 states: q0, q1, q2 e q4.;[('simbolo-q0', '#04ed00', 'stroke'), ('simbolo-q1', '#04ed00', 'stroke'), ('simbolo-q2', '#04ed00', 'stroke'), ('simbolo-q4', '#04ed00', 'stroke')];True;True
421;What happens after the automaton reaches q4;What happens after the state machine reaches q4;The automaton has 4 states: q0, q1, q2 e q4.;[('simbolo-q0', '#04ed00', 'stroke'), ('simbolo-q1', '#04ed00', 'stroke'), ('simbolo-q2', '#04ed00', 'stroke'), ('simbolo-q4', '#04ed00', 'stroke')];The state q0 exists.;[('simbolo-q0', '#04ed00', 'stroke')];False;False
422;Does the automaton return to q0 after every valid input sequence;Does the finite automaton return to q0 after every valid input sequence;Potresti essere più specifico?;[];The automaton accepts zero or more words formed by a sequence of the type 110. In total there are 4 states: q0, q1, q2 e q4. q0 is both the initial and the final state.Le transizioni sono: q0 with value 1 goes goes q1, q1 with value 1 goes goes q2, q4 with value 0 goes to q0.;[];False;True
422;Does the automaton return to q0 after every valid input sequence;Does the machine return to q0 after every valid input sequence;Potresti essere più specifico?;[];Potresti essere più specifico?;[];True;True
422;Does the automaton return to q0 after every valid input sequence;Does the state machine return to q0 after every valid input sequence;Potresti essere più specifico?;[];The automaton has 4 states: q0, q1, q2 e q4.;[('simbolo-q0', '#04ed00', 'stroke'), ('simbolo-q1', '#04ed00', 'stroke'), ('simbolo-q2', '#04ed00', 'stroke'), ('simbolo-q4', '#04ed00', 'stroke')];False;False
423;What kind of language is accepted by this automaton;What kind of language is accepted by this finite automaton ;Potresti essere più specifico?;[];Potresti essere più specifico?;[];True;True
423;What kind of language is accepted by this automaton;What kind of language is accepted by this machine ;Potresti essere più specifico?;[];Potresti essere più specifico?;[];True;True
423;What kind of language is accepted by this automaton;What kind of language is accepted by this state machine ;Potresti essere più specifico?;[];Potresti essere più specifico?;[];True;True
424;Can the automaton accept an empty string;Can the finite automaton accept an empty string;Potresti essere più specifico?;[];Potresti essere più specifico?;[];True;True
424;Can the automaton accept an empty string;Can the machine accept an empty string;Potresti essere più specifico?;[];Potresti essere più specifico?;[];True;True
424;Can the automaton accept an empty string;Can the state machine accept an empty string;Potresti essere più specifico?;[];Potresti essere più specifico?;[];True;True
425;Does the automaton accept sequences longer than three 1s followed by two 0s;Does the finite automaton accept sequences longer than three 1s followed by two 0s;Potresti essere più specifico?;[];Potresti essere più specifico?;[];True;True
425;Does the automaton accept sequences longer than three 1s followed by two 0s;Does the machine accept sequences longer than three 1s followed by two 0s;Potresti essere più specifico?;[];Potresti essere più specifico?;[];True;True
425;Does the automaton accept sequences longer than three 1s followed by two 0s;Does the state machine accept sequences longer than three 1s followed by two 0s;Potresti essere più specifico?;[];Potresti essere più specifico?;[];True;True
426;Which state in the automaton is both the initial and the final state;Which configuration in the automaton is both the initial and the final state;The initial state is q0.;[('simbolo-q0', '#04ed00', 'stroke')];The initial state is q0.;[('simbolo-q0', '#04ed00', 'stroke')];True;True
426;Which state in the automaton is both the initial and the final state;Which state in the finite automaton is both the initial and the final state;The initial state is q0.;[('simbolo-q0', '#04ed00', 'stroke')];The initial state is q0.;[('simbolo-q0', '#04ed00', 'stroke')];True;True
426;Which state in the automaton is both the initial and the final state;Which state in the machine is both the initial and the final state;The initial state is q0.;[('simbolo-q0', '#04ed00', 'stroke')];The initial state is q0.;[('simbolo-q0', '#04ed00', 'stroke')];True;True
426;Which state in the automaton is both the initial and the final state;Which state in the state machine is both the initial and the final state;The initial state is q0.;[('simbolo-q0', '#04ed00', 'stroke')];The initial state is q0.;[('simbolo-q0', '#04ed00', 'stroke')];True;True
426;Which state in the automaton is both the initial and the final state;Which state in the automaton is both the initial and the goal state;The initial state is q0.;[('simbolo-q0', '#04ed00', 'stroke')];The initial state is q0.;[('simbolo-q0', '#04ed00', 'stroke')];True;True
426;Which state in the automaton is both the initial and the final state;Which state in the automaton is both the initial and the end state;The initial state is q0.;[('simbolo-q0', '#04ed00', 'stroke')];The initial state is q0.;[('simbolo-q0', '#04ed00', 'stroke')];True;True
426;Which state in the automaton is both the initial and the final state;Which state in the automaton is both the initial and the final configuration ;The initial state is q0.;[('simbolo-q0', '#04ed00', 'stroke')];The initial state is q0.;[('simbolo-q0', '#04ed00', 'stroke')];True;True
432;describe me the state q1; specify me the state q1;The automaton has 4 states: q0, q1, q2 e q4.;[('simbolo-q0', '#04ed00', 'stroke'), ('simbolo-q1', '#04ed00', 'stroke'), ('simbolo-q2', '#04ed00', 'stroke'), ('simbolo-q4', '#04ed00', 'stroke')];The state q0 exists.;[('simbolo-q0', '#04ed00', 'stroke')];False;False
432;describe me the state q1; define me the state q1;The automaton has 4 states: q0, q1, q2 e q4.;[('simbolo-q0', '#04ed00', 'stroke'), ('simbolo-q1', '#04ed00', 'stroke'), ('simbolo-q2', '#04ed00', 'stroke'), ('simbolo-q4', '#04ed00', 'stroke')];The state q0 exists.;[('simbolo-q0', '#04ed00', 'stroke')];False;False
432;describe me the state q1; outline me the state q1;The automaton has 4 states: q0, q1, q2 e q4.;[('simbolo-q0', '#04ed00', 'stroke'), ('simbolo-q1', '#04ed00', 'stroke'), ('simbolo-q2', '#04ed00', 'stroke'), ('simbolo-q4', '#04ed00', 'stroke')];The state q0 exists.;[('simbolo-q0', '#04ed00', 'stroke')];False;False
432;describe me the state q1;describe me the configuration q1;The automaton has 4 states: q0, q1, q2 e q4.;[('simbolo-q0', '#04ed00', 'stroke'), ('simbolo-q1', '#04ed00', 'stroke'), ('simbolo-q2', '#04ed00', 'stroke'), ('simbolo-q4', '#04ed00', 'stroke')];Potresti essere più specifico?;[];False;False
437;is q3 the final node;is q3 the goal node;The final state is q0.;[('simbolo-q0', '#04ed00', 'stroke')];The state q0 exists.;[('simbolo-q0', '#04ed00', 'stroke')];False;True
437;is q3 the final node;is q3 the end node;The final state is q0.;[('simbolo-q0', '#04ed00', 'stroke')];The final state is q0.;[('simbolo-q0', '#04ed00', 'stroke')];True;True
438;is q0 the final node;is q0 the goal node;The final state is q0.;[('simbolo-q0', '#04ed00', 'stroke')];The automaton has 4 states: q0, q1, q2 e q4.;[('simbolo-q0', '#04ed00', 'stroke'), ('simbolo-q1', '#04ed00', 'stroke'), ('simbolo-q2', '#04ed00', 'stroke'), ('simbolo-q4', '#04ed00', 'stroke')];False;False
438;is q0 the final node;is q0 the end node;The final state is q0.;[('simbolo-q0', '#04ed00', 'stroke')];The final state is q0.;[('simbolo-q0', '#04ed00', 'stroke')];True;True
439;is there a transition from q0 to q1;is there a state transition from q0 to q1;The transition between q0 and q1 is with value 1.;[('simbolo-q0-q1', '#04ed00', 'stroke')];The transition between q0 and q1 is with value 1.;[('simbolo-q0-q1', '#04ed00', 'stroke')];True;True
439;is there a transition from q0 to q1;is there a arc from q0 to q1;The transition between q0 and q1 is with value 1.;[('simbolo-q0-q1', '#04ed00', 'stroke')];The transition between q0 and q1 is with value 1.;[('simbolo-q0-q1', '#04ed00', 'stroke')];True;True
441;briefly describe me the automaton;briefly specify me the automaton;The automaton accepts zero or more words formed by a sequence of the type 110. In total there are 4 states: q0, q1, q2 e q4. q0 is both the initial and the final state.Le transizioni sono: q0 with value 1 goes goes q1, q1 with value 1 goes goes q2, q4 with value 0 goes to q0.;[];The automaton accepts zero or more words formed by a sequence of the type 110. In total there are 4 states: q0, q1, q2 e q4. q0 is both the initial and the final state.Le transizioni sono: q0 with value 1 goes goes q1, q1 with value 1 goes goes q2, q4 with value 0 goes to q0.;[];True;True
441;briefly describe me the automaton;briefly define me the automaton;The automaton accepts zero or more words formed by a sequence of the type 110. In total there are 4 states: q0, q1, q2 e q4. q0 is both the initial and the final state.Le transizioni sono: q0 with value 1 goes goes q1, q1 with value 1 goes goes q2, q4 with value 0 goes to q0.;[];The automaton accepts zero or more words formed by a sequence of the type 110. In total there are 4 states: q0, q1, q2 e q4. q0 is both the initial and the final state.Le transizioni sono: q0 with value 1 goes goes q1, q1 with value 1 goes goes q2, q4 with value 0 goes to q0.;[];True;True
441;briefly describe me the automaton;briefly outline me the automaton;The automaton accepts zero or more words formed by a sequence of the type 110. In total there are 4 states: q0, q1, q2 e q4. q0 is both the initial and the final state.Le transizioni sono: q0 with value 1 goes goes q1, q1 with value 1 goes goes q2, q4 with value 0 goes to q0.;[];The automaton accepts zero or more words formed by a sequence of the type 110. In total there are 4 states: q0, q1, q2 e q4. q0 is both the initial and the final state.Le transizioni sono: q0 with value 1 goes goes q1, q1 with value 1 goes goes q2, q4 with value 0 goes to q0.;[];True;True
441;briefly describe me the automaton;briefly describe me the finite automaton ;The automaton accepts zero or more words formed by a sequence of the type 110. In total there are 4 states: q0, q1, q2 e q4. q0 is both the initial and the final state.Le transizioni sono: q0 with value 1 goes goes q1, q1 with value 1 goes goes q2, q4 with value 0 goes to q0.;[];The automaton accepts zero or more words formed by a sequence of the type 110. In total there are 4 states: q0, q1, q2 e q4. q0 is both the initial and the final state.Le transizioni sono: q0 with value 1 goes goes q1, q1 with value 1 goes goes q2, q4 with value 0 goes to q0.;[];True;True
441;briefly describe me the automaton;briefly describe me the machine ;The automaton accepts zero or more words formed by a sequence of the type 110. In total there are 4 states: q0, q1, q2 e q4. q0 is both the initial and the final state.Le transizioni sono: q0 with value 1 goes goes q1, q1 with value 1 goes goes q2, q4 with value 0 goes to q0.;[];The automaton accepts zero or more words formed by a sequence of the type 110. In total there are 4 states: q0, q1, q2 e q4. q0 is both the initial and the final state.Le transizioni sono: q0 with value 1 goes goes q1, q1 with value 1 goes goes q2, q4 with value 0 goes to q0.;[];True;True
441;briefly describe me the automaton;briefly describe me the state machine ;The automaton accepts zero or more words formed by a sequence of the type 110. In total there are 4 states: q0, q1, q2 e q4. q0 is both the initial and the final state.Le transizioni sono: q0 with value 1 goes goes q1, q1 with value 1 goes goes q2, q4 with value 0 goes to q0.;[];The automaton has 4 states: q0, q1, q2 e q4.;[('simbolo-q0', '#04ed00', 'stroke'), ('simbolo-q1', '#04ed00', 'stroke'), ('simbolo-q2', '#04ed00', 'stroke'), ('simbolo-q4', '#04ed00', 'stroke')];False;False
445;is q0 the last state;is q0 the last configuration ;The automaton has 4 states: q0, q1, q2 e q4.;[('simbolo-q0', '#04ed00', 'stroke'), ('simbolo-q1', '#04ed00', 'stroke'), ('simbolo-q2', '#04ed00', 'stroke'), ('simbolo-q4', '#04ed00', 'stroke')];The final state is q0.;[('simbolo-q0', '#04ed00', 'stroke')];False;False
446;is q0 the initial state;is q0 the initial configuration ;The initial state is q0.;[('simbolo-q0', '#04ed00', 'stroke')];The automaton has 4 states: q0, q1, q2 e q4.;[('simbolo-q0', '#04ed00', 'stroke'), ('simbolo-q1', '#04ed00', 'stroke'), ('simbolo-q2', '#04ed00', 'stroke'), ('simbolo-q4', '#04ed00', 'stroke')];False;False
447;are there other final states;are there other goal states;The final state is q0.;[('simbolo-q0', '#04ed00', 'stroke')];The state q0 exists.;[('simbolo-q0', '#04ed00', 'stroke')];False;True
447;are there other final states;are there other end states;The final state is q0.;[('simbolo-q0', '#04ed00', 'stroke')];The state q0 exists.;[('simbolo-q0', '#04ed00', 'stroke')];False;True
448;what input can be processed by the automaton;what input can be processed by the finite automaton ;Potresti essere più specifico?;[];Potresti essere più specifico?;[];True;True
448;what input can be processed by the automaton;what input can be processed by the machine ;Potresti essere più specifico?;[];Potresti essere più specifico?;[];True;True
448;what input can be processed by the automaton;what input can be processed by the state machine ;Potresti essere più specifico?;[];Potresti essere più specifico?;[];True;True
449;What input the automaton accept;What input the finite automaton accept;Potresti essere più specifico?;[];Potresti essere più specifico?;[];True;True
449;What input the automaton accept;What input the machine accept;Potresti essere più specifico?;[];Potresti essere più specifico?;[];True;True
449;What input the automaton accept;What input the state machine accept;Potresti essere più specifico?;[];Potresti essere più specifico?;[];True;True
456;is it a deterministic automaton;is it a deterministic finite automaton ;The automaton accepts zero or more words formed by a sequence of the type 110. In total there are 4 states: q0, q1, q2 e q4. q0 is both the initial and the final state.Le transizioni sono: q0 with value 1 goes goes q1, q1 with value 1 goes goes q2, q4 with value 0 goes to q0.;[];The automaton accepts zero or more words formed by a sequence of the type 110. In total there are 4 states: q0, q1, q2 e q4. q0 is both the initial and the final state.Le transizioni sono: q0 with value 1 goes goes q1, q1 with value 1 goes goes q2, q4 with value 0 goes to q0.;[];True;True
456;is it a deterministic automaton;is it a deterministic machine ;The automaton accepts zero or more words formed by a sequence of the type 110. In total there are 4 states: q0, q1, q2 e q4. q0 is both the initial and the final state.Le transizioni sono: q0 with value 1 goes goes q1, q1 with value 1 goes goes q2, q4 with value 0 goes to q0.;[];The automaton accepts zero or more words formed by a sequence of the type 110. In total there are 4 states: q0, q1, q2 e q4. q0 is both the initial and the final state.Le transizioni sono: q0 with value 1 goes goes q1, q1 with value 1 goes goes q2, q4 with value 0 goes to q0.;[];True;True
456;is it a deterministic automaton;is it a deterministic state machine ;The automaton accepts zero or more words formed by a sequence of the type 110. In total there are 4 states: q0, q1, q2 e q4. q0 is both the initial and the final state.Le transizioni sono: q0 with value 1 goes goes q1, q1 with value 1 goes goes q2, q4 with value 0 goes to q0.;[];The automaton has 4 states: q0, q1, q2 e q4.;[('simbolo-q0', '#04ed00', 'stroke'), ('simbolo-q1', '#04ed00', 'stroke'), ('simbolo-q2', '#04ed00', 'stroke'), ('simbolo-q4', '#04ed00', 'stroke')];False;False
457;what is a deterministic automaton;what is a deterministic finite automaton ;The automaton accepts zero or more words formed by a sequence of the type 110. In total there are 4 states: q0, q1, q2 e q4. q0 is both the initial and the final state.Le transizioni sono: q0 with value 1 goes goes q1, q1 with value 1 goes goes q2, q4 with value 0 goes to q0.;[];The automaton accepts zero or more words formed by a sequence of the type 110. In total there are 4 states: q0, q1, q2 e q4. q0 is both the initial and the final state.Le transizioni sono: q0 with value 1 goes goes q1, q1 with value 1 goes goes q2, q4 with value 0 goes to q0.;[];True;True
457;what is a deterministic automaton;what is a deterministic machine ;The automaton accepts zero or more words formed by a sequence of the type 110. In total there are 4 states: q0, q1, q2 e q4. q0 is both the initial and the final state.Le transizioni sono: q0 with value 1 goes goes q1, q1 with value 1 goes goes q2, q4 with value 0 goes to q0.;[];The automaton accepts zero or more words formed by a sequence of the type 110. In total there are 4 states: q0, q1, q2 e q4. q0 is both the initial and the final state.Le transizioni sono: q0 with value 1 goes goes q1, q1 with value 1 goes goes q2, q4 with value 0 goes to q0.;[];True;True
457;what is a deterministic automaton;what is a deterministic state machine ;The automaton accepts zero or more words formed by a sequence of the type 110. In total there are 4 states: q0, q1, q2 e q4. q0 is both the initial and the final state.Le transizioni sono: q0 with value 1 goes goes q1, q1 with value 1 goes goes q2, q4 with value 0 goes to q0.;[];The automaton has 4 states: q0, q1, q2 e q4.;[('simbolo-q0', '#04ed00', 'stroke'), ('simbolo-q1', '#04ed00', 'stroke'), ('simbolo-q2', '#04ed00', 'stroke'), ('simbolo-q4', '#04ed00', 'stroke')];False;False
458;what is an automaton;what is an finite automaton ;The automaton accepts zero or more words formed by a sequence of the type 110. In total there are 4 states: q0, q1, q2 e q4. q0 is both the initial and the final state.Le transizioni sono: q0 with value 1 goes goes q1, q1 with value 1 goes goes q2, q4 with value 0 goes to q0.;[];The automaton accepts zero or more words formed by a sequence of the type 110. In total there are 4 states: q0, q1, q2 e q4. q0 is both the initial and the final state.Le transizioni sono: q0 with value 1 goes goes q1, q1 with value 1 goes goes q2, q4 with value 0 goes to q0.;[];True;True
458;what is an automaton;what is an machine ;The automaton accepts zero or more words formed by a sequence of the type 110. In total there are 4 states: q0, q1, q2 e q4. q0 is both the initial and the final state.Le transizioni sono: q0 with value 1 goes goes q1, q1 with value 1 goes goes q2, q4 with value 0 goes to q0.;[];Potresti essere più specifico?;[];False;True
458;what is an automaton;what is an state machine ;The automaton accepts zero or more words formed by a sequence of the type 110. In total there are 4 states: q0, q1, q2 e q4. q0 is both the initial and the final state.Le transizioni sono: q0 with value 1 goes goes q1, q1 with value 1 goes goes q2, q4 with value 0 goes to q0.;[];Potresti essere più specifico?;[];False;True
460;is 1 a label for some arc;is 1 a label for some transition ;the transition is not defined.;[];there is no transition between q0 and q0.;[];False;True
460;is 1 a label for some arc;is 1 a label for some state transition ;the transition is not defined.;[];The automaton has 4 states: q0, q1, q2 e q4.;[('simbolo-q0', '#04ed00', 'stroke'), ('simbolo-q1', '#04ed00', 'stroke'), ('simbolo-q2', '#04ed00', 'stroke'), ('simbolo-q4', '#04ed00', 'stroke')];False;False
461;which is final state;which is goal state;The final state is q0.;[('simbolo-q0', '#04ed00', 'stroke')];The automaton has 4 states: q0, q1, q2 e q4.;[('simbolo-q0', '#04ed00', 'stroke'), ('simbolo-q1', '#04ed00', 'stroke'), ('simbolo-q2', '#04ed00', 'stroke'), ('simbolo-q4', '#04ed00', 'stroke')];False;False
461;which is final state;which is end state;The final state is q0.;[('simbolo-q0', '#04ed00', 'stroke')];The final state is q0.;[('simbolo-q0', '#04ed00', 'stroke')];True;True
461;which is final state;which is final configuration ;The final state is q0.;[('simbolo-q0', '#04ed00', 'stroke')];The final state is q0.;[('simbolo-q0', '#04ed00', 'stroke')];True;True
462;Tell me a little bit about the automaton;Tell me a little bit about the finite automaton ;The automaton accepts zero or more words formed by a sequence of the type 110. In total there are 4 states: q0, q1, q2 e q4. q0 is both the initial and the final state.Le transizioni sono: q0 with value 1 goes goes q1, q1 with value 1 goes goes q2, q4 with value 0 goes to q0.;[];The automaton accepts zero or more words formed by a sequence of the type 110. In total there are 4 states: q0, q1, q2 e q4. q0 is both the initial and the final state.Le transizioni sono: q0 with value 1 goes goes q1, q1 with value 1 goes goes q2, q4 with value 0 goes to q0.;[];True;True
462;Tell me a little bit about the automaton;Tell me a little bit about the machine ;The automaton accepts zero or more words formed by a sequence of the type 110. In total there are 4 states: q0, q1, q2 e q4. q0 is both the initial and the final state.Le transizioni sono: q0 with value 1 goes goes q1, q1 with value 1 goes goes q2, q4 with value 0 goes to q0.;[];Potresti essere più specifico?;[];False;True
462;Tell me a little bit about the automaton;Tell me a little bit about the state machine ;The automaton accepts zero or more words formed by a sequence of the type 110. In total there are 4 states: q0, q1, q2 e q4. q0 is both the initial and the final state.Le transizioni sono: q0 with value 1 goes goes q1, q1 with value 1 goes goes q2, q4 with value 0 goes to q0.;[];Potresti essere più specifico?;[];False;True
466;start state;start configuration ;The initial state is q0.;[('simbolo-q0', '#04ed00', 'stroke')];The initial state is q0.;[('simbolo-q0', '#04ed00', 'stroke')];True;True
467;final states; goal states;The final state is q0.;[('simbolo-q0', '#04ed00', 'stroke')];The state q0 exists.;[('simbolo-q0', '#04ed00', 'stroke')];False;True
467;final states; end states;The final state is q0.;[('simbolo-q0', '#04ed00', 'stroke')];The state q0 exists.;[('simbolo-q0', '#04ed00', 'stroke')];False;True
474;what is the transition function;what is the state transition function;there is no transition between q0 and q0.;[];there is no transition between q0 and q0.;[];True;True
474;what is the transition function;what is the arc function;there is no transition between q0 and q0.;[];there is no transition between q0 and q0.;[];True;True
479;is it an undefined automaton;is it an undefined finite automaton ;The automaton accepts zero or more words formed by a sequence of the type 110. In total there are 4 states: q0, q1, q2 e q4. q0 is both the initial and the final state.Le transizioni sono: q0 with value 1 goes goes q1, q1 with value 1 goes goes q2, q4 with value 0 goes to q0.;[];The automaton accepts zero or more words formed by a sequence of the type 110. In total there are 4 states: q0, q1, q2 e q4. q0 is both the initial and the final state.Le transizioni sono: q0 with value 1 goes goes q1, q1 with value 1 goes goes q2, q4 with value 0 goes to q0.;[];True;True
479;is it an undefined automaton;is it an undefined machine ;The automaton accepts zero or more words formed by a sequence of the type 110. In total there are 4 states: q0, q1, q2 e q4. q0 is both the initial and the final state.Le transizioni sono: q0 with value 1 goes goes q1, q1 with value 1 goes goes q2, q4 with value 0 goes to q0.;[];Potresti essere più specifico?;[];False;True
479;is it an undefined automaton;is it an undefined state machine ;The automaton accepts zero or more words formed by a sequence of the type 110. In total there are 4 states: q0, q1, q2 e q4. q0 is both the initial and the final state.Le transizioni sono: q0 with value 1 goes goes q1, q1 with value 1 goes goes q2, q4 with value 0 goes to q0.;[];The automaton has 4 states: q0, q1, q2 e q4.;[('simbolo-q0', '#04ed00', 'stroke'), ('simbolo-q1', '#04ed00', 'stroke'), ('simbolo-q2', '#04ed00', 'stroke'), ('simbolo-q4', '#04ed00', 'stroke')];False;False
480;is it a non-deterministic finite state automaton;is it a non-deterministic finite configuration automaton;The automaton accepts zero or more words formed by a sequence of the type 110. In total there are 4 states: q0, q1, q2 e q4. q0 is both the initial and the final state.Le transizioni sono: q0 with value 1 goes goes q1, q1 with value 1 goes goes q2, q4 with value 0 goes to q0.;[];The automaton accepts zero or more words formed by a sequence of the type 110. In total there are 4 states: q0, q1, q2 e q4. q0 is both the initial and the final state.Le transizioni sono: q0 with value 1 goes goes q1, q1 with value 1 goes goes q2, q4 with value 0 goes to q0.;[];True;True
480;is it a non-deterministic finite state automaton;is it a non-deterministic finite state finite automaton ;The automaton accepts zero or more words formed by a sequence of the type 110. In total there are 4 states: q0, q1, q2 e q4. q0 is both the initial and the final state.Le transizioni sono: q0 with value 1 goes goes q1, q1 with value 1 goes goes q2, q4 with value 0 goes to q0.;[];The automaton accepts zero or more words formed by a sequence of the type 110. In total there are 4 states: q0, q1, q2 e q4. q0 is both the initial and the final state.Le transizioni sono: q0 with value 1 goes goes q1, q1 with value 1 goes goes q2, q4 with value 0 goes to q0.;[];True;True
480;is it a non-deterministic finite state automaton;is it a non-deterministic finite state machine ;The automaton accepts zero or more words formed by a sequence of the type 110. In total there are 4 states: q0, q1, q2 e q4. q0 is both the initial and the final state.Le transizioni sono: q0 with value 1 goes goes q1, q1 with value 1 goes goes q2, q4 with value 0 goes to q0.;[];Potresti essere più specifico?;[];False;True
480;is it a non-deterministic finite state automaton;is it a non-deterministic finite state state machine ;The automaton accepts zero or more words formed by a sequence of the type 110. In total there are 4 states: q0, q1, q2 e q4. q0 is both the initial and the final state.Le transizioni sono: q0 with value 1 goes goes q1, q1 with value 1 goes goes q2, q4 with value 0 goes to q0.;[];The automaton has 4 states: q0, q1, q2 e q4.;[('simbolo-q0', '#04ed00', 'stroke'), ('simbolo-q1', '#04ed00', 'stroke'), ('simbolo-q2', '#04ed00', 'stroke'), ('simbolo-q4', '#04ed00', 'stroke')];False;False
481;is it a deterministic finite state automaton;is it a deterministic finite configuration automaton;The automaton accepts zero or more words formed by a sequence of the type 110. In total there are 4 states: q0, q1, q2 e q4. q0 is both the initial and the final state.Le transizioni sono: q0 with value 1 goes goes q1, q1 with value 1 goes goes q2, q4 with value 0 goes to q0.;[];The automaton accepts zero or more words formed by a sequence of the type 110. In total there are 4 states: q0, q1, q2 e q4. q0 is both the initial and the final state.Le transizioni sono: q0 with value 1 goes goes q1, q1 with value 1 goes goes q2, q4 with value 0 goes to q0.;[];True;True
481;is it a deterministic finite state automaton;is it a deterministic finite state finite automaton ;The automaton accepts zero or more words formed by a sequence of the type 110. In total there are 4 states: q0, q1, q2 e q4. q0 is both the initial and the final state.Le transizioni sono: q0 with value 1 goes goes q1, q1 with value 1 goes goes q2, q4 with value 0 goes to q0.;[];The automaton accepts zero or more words formed by a sequence of the type 110. In total there are 4 states: q0, q1, q2 e q4. q0 is both the initial and the final state.Le transizioni sono: q0 with value 1 goes goes q1, q1 with value 1 goes goes q2, q4 with value 0 goes to q0.;[];True;True
481;is it a deterministic finite state automaton;is it a deterministic finite state machine ;The automaton accepts zero or more words formed by a sequence of the type 110. In total there are 4 states: q0, q1, q2 e q4. q0 is both the initial and the final state.Le transizioni sono: q0 with value 1 goes goes q1, q1 with value 1 goes goes q2, q4 with value 0 goes to q0.;[];The automaton accepts zero or more words formed by a sequence of the type 110. In total there are 4 states: q0, q1, q2 e q4. q0 is both the initial and the final state.Le transizioni sono: q0 with value 1 goes goes q1, q1 with value 1 goes goes q2, q4 with value 0 goes to q0.;[];True;True
481;is it a deterministic finite state automaton;is it a deterministic finite state state machine ;The automaton accepts zero or more words formed by a sequence of the type 110. In total there are 4 states: q0, q1, q2 e q4. q0 is both the initial and the final state.Le transizioni sono: q0 with value 1 goes goes q1, q1 with value 1 goes goes q2, q4 with value 0 goes to q0.;[];The state q0 exists.;[('simbolo-q0', '#04ed00', 'stroke')];False;False
