TEST_CASE_NUMBER;TEST CASE1;TEST CASE2;FOLLOW UP;TEST CASE TEXT1;TEST CASE MULTI1;TEST CASE TEXT2;TEST CASE MULTI2;FOLLOW UP TEXT;FOLLOW UP MULTI;COMPARE TEXT1;COMPARE MULTI1;COMPARE TEXT2;COMPARE MULTI2;COMPARE COMBO;COMPARE COMBO
2;describe the automaton ;Which one si the final state ;describe the automaton . Which one si the final state ;The automaton accepts zero or more words formed by a sequence of the type 110. In total there are 4 states: q0, q1, q2 e q4. q0 is both the initial and the final state.Le transizioni sono: q0 with value 1 goes goes q1, q1 with value 1 goes goes q2, q4 with value 0 goes to q0.;[];The final state is q0.;[('simbolo-q0', '#04ed00', 'stroke')];The automaton accepts zero or more words formed by a sequence of the type 110. In total there are 4 states: q0, q1, q2 e q4. q0 is both the initial and the final state.Le transizioni sono: q0 with value 1 goes goes q1, q1 with value 1 goes goes q2, q4 with value 0 goes to q0.;[];True;True;False;False;False;False
2;describe the automaton ;How many states are there ;describe the automaton . How many states are there ;The automaton accepts zero or more words formed by a sequence of the type 110. In total there are 4 states: q0, q1, q2 e q4. q0 is both the initial and the final state.Le transizioni sono: q0 with value 1 goes goes q1, q1 with value 1 goes goes q2, q4 with value 0 goes to q0.;[];This automaton has 4 states;[('simbolo-q0', '#04ed00', 'stroke'), ('simbolo-q1', '#04ed00', 'stroke'), ('simbolo-q2', '#04ed00', 'stroke'), ('simbolo-q4', '#04ed00', 'stroke')];This automaton has 4 states;[('simbolo-q0', '#04ed00', 'stroke'), ('simbolo-q1', '#04ed00', 'stroke'), ('simbolo-q2', '#04ed00', 'stroke'), ('simbolo-q4', '#04ed00', 'stroke')];False;False;True;True;False;True
3;There is a transition between q2 and q0 ;what is an automaton;There is a transition between q2 and q0 . what is an automaton;there is no transition between q2 and q0.;[];The automaton accepts zero or more words formed by a sequence of the type 110. In total there are 4 states: q0, q1, q2 e q4. q0 is both the initial and the final state.Le transizioni sono: q0 with value 1 goes goes q1, q1 with value 1 goes goes q2, q4 with value 0 goes to q0.;[];there is no transition between q2 and q0.;[];True;True;False;True;False;True
3;There is a transition between q2 and q0 ;what input can be processed by the automaton;There is a transition between q2 and q0 . what input can be processed by the automaton;there is no transition between q2 and q0.;[];Potresti essere più specifico?;[];there is no transition between q2 and q0.;[];True;True;False;True;False;True
4;There is a transition between q5 and q7 ;Which is the initial state ;There is a transition between q5 and q7 . Which is the initial state ;the transition is not defined.;[];The initial state is q0.;[('simbolo-q0', '#04ed00', 'stroke')];the transition is not defined.;[];True;True;False;False;False;False
4;There is a transition between q5 and q7 ;describe me the alphabet and how its used;There is a transition between q5 and q7 . describe me the alphabet and how its used;the transition is not defined.;[];Potresti essere più specifico?;[];there is no transition between q0 and q0.;[];False;True;False;True;False;True
6;How many transitions does the automaton contain ;Is 11100 part of the accepted language ;How many transitions does the automaton contain . Is 11100 part of the accepted language ;The automaton has 3 transitions: q0 con valore 1 va in q1, q1 con valore 1 va in q2, q4 con valore 0 va in q0.;[('simbolo-q0-q1', '#04ed00', 'stroke'), ('simbolo-q1-q2', '#04ed00', 'stroke'), ('simbolo-q4-q0', '#04ed00', 'stroke')];Potresti essere più specifico?;[];The automaton has 3 transitions: q0 con valore 1 va in q1, q1 con valore 1 va in q2, q4 con valore 0 va in q0.;[('simbolo-q0-q1', '#04ed00', 'stroke'), ('simbolo-q1-q2', '#04ed00', 'stroke'), ('simbolo-q4-q0', '#04ed00', 'stroke')];True;True;False;False;False;True
6;How many transitions does the automaton contain ;How can I define an automaton ;How many transitions does the automaton contain . How can I define an automaton ;The automaton has 3 transitions: q0 con valore 1 va in q1, q1 con valore 1 va in q2, q4 con valore 0 va in q0.;[('simbolo-q0-q1', '#04ed00', 'stroke'), ('simbolo-q1-q2', '#04ed00', 'stroke'), ('simbolo-q4-q0', '#04ed00', 'stroke')];The automaton accepts zero or more words formed by a sequence of the type 110. In total there are 4 states: q0, q1, q2 e q4. q0 is both the initial and the final state.Le transizioni sono: q0 with value 1 goes goes q1, q1 with value 1 goes goes q2, q4 with value 0 goes to q0.;[];The automaton has 4 states and 3 transitions.;[];False;False;False;True;False;False
9;What are the transitions ;What is an example of accepted string ;What are the transitions . What is an example of accepted string ;there is no transition between q0 and q0.;[];Potresti essere più specifico?;[];there is no transition between q0 and q0.;[];True;True;False;True;False;True
9;What are the transitions ;which is initial state;What are the transitions . which is initial state;there is no transition between q0 and q0.;[];The initial state is q0.;[('simbolo-q0', '#04ed00', 'stroke')];there is no transition between q0 and q0.;[];True;True;False;False;False;False
10;What are the states ;what are the transitions from q4 ;What are the states . what are the transitions from q4 ;The state q0 exists.;[('simbolo-q0', '#04ed00', 'stroke')];the transition is not defined.;[];The state q0 exists.;[('simbolo-q0', '#04ed00', 'stroke')];True;True;False;False;False;True
10;What are the states ;How many transitions are there ;What are the states . How many transitions are there ;The state q0 exists.;[('simbolo-q0', '#04ed00', 'stroke')];The automaton has 3 transitions: q0 con valore 1 va in q1, q1 con valore 1 va in q2, q4 con valore 0 va in q0.;[('simbolo-q0-q1', '#04ed00', 'stroke'), ('simbolo-q1-q2', '#04ed00', 'stroke'), ('simbolo-q4-q0', '#04ed00', 'stroke')];The state q0 exists.;[('simbolo-q0', '#04ed00', 'stroke')];True;True;False;False;False;False
11;What is q1 ;Which is the initial state ;What is q1 . Which is the initial state ;The automaton has 4 states: q0, q1, q2 e q4.;[('simbolo-q0', '#04ed00', 'stroke'), ('simbolo-q1', '#04ed00', 'stroke'), ('simbolo-q2', '#04ed00', 'stroke'), ('simbolo-q4', '#04ed00', 'stroke')];The initial state is q0.;[('simbolo-q0', '#04ed00', 'stroke')];The initial state is q0.;[('simbolo-q0', '#04ed00', 'stroke')];False;False;True;True;False;False
11;What is q1 ;How are transitions defined ;What is q1 . How are transitions defined ;The automaton has 4 states: q0, q1, q2 e q4.;[('simbolo-q0', '#04ed00', 'stroke'), ('simbolo-q1', '#04ed00', 'stroke'), ('simbolo-q2', '#04ed00', 'stroke'), ('simbolo-q4', '#04ed00', 'stroke')];The automaton has 3 transitions: q0 con valore 1 va in q1, q1 con valore 1 va in q2, q4 con valore 0 va in q0.;[('simbolo-q0-q1', '#04ed00', 'stroke'), ('simbolo-q1-q2', '#04ed00', 'stroke'), ('simbolo-q4-q0', '#04ed00', 'stroke')];there is no transition between q0 and q0.;[];False;False;False;False;False;False
12;how many states and edges ;Is there an arc from q0 ;how many states and edges . Is there an arc from q0 ;This automaton has 4 states;[('simbolo-q0', '#04ed00', 'stroke'), ('simbolo-q1', '#04ed00', 'stroke'), ('simbolo-q2', '#04ed00', 'stroke'), ('simbolo-q4', '#04ed00', 'stroke')];the transition is not defined.;[];The automaton has 3 transitions: q0 con valore 1 va in q1, q1 con valore 1 va in q2, q4 con valore 0 va in q0.;[('simbolo-q0-q1', '#04ed00', 'stroke'), ('simbolo-q1-q2', '#04ed00', 'stroke'), ('simbolo-q4-q0', '#04ed00', 'stroke')];False;False;False;False;False;False
12;how many states and edges ;Output ;how many states and edges . Output ;This automaton has 4 states;[('simbolo-q0', '#04ed00', 'stroke'), ('simbolo-q1', '#04ed00', 'stroke'), ('simbolo-q2', '#04ed00', 'stroke'), ('simbolo-q4', '#04ed00', 'stroke')];Potresti essere più specifico?;[];This automaton has 4 states;[('simbolo-q0', '#04ed00', 'stroke'), ('simbolo-q1', '#04ed00', 'stroke'), ('simbolo-q2', '#04ed00', 'stroke'), ('simbolo-q4', '#04ed00', 'stroke')];True;True;False;False;False;True
14;How is the automaton represented ;Describe the automaton ;How is the automaton represented . Describe the automaton ;The automaton accepts zero or more words formed by a sequence of the type 110. In total there are 4 states: q0, q1, q2 e q4. q0 is both the initial and the final state.Le transizioni sono: q0 with value 1 goes goes q1, q1 with value 1 goes goes q2, q4 with value 0 goes to q0.;[];The automaton accepts zero or more words formed by a sequence of the type 110. In total there are 4 states: q0, q1, q2 e q4. q0 is both the initial and the final state.Le transizioni sono: q0 with value 1 goes goes q1, q1 with value 1 goes goes q2, q4 with value 0 goes to q0.;[];The automaton accepts zero or more words formed by a sequence of the type 110. In total there are 4 states: q0, q1, q2 e q4. q0 is both the initial and the final state.Le transizioni sono: q0 with value 1 goes goes q1, q1 with value 1 goes goes q2, q4 with value 0 goes to q0.;[];True;True;True;True;False;True
14;How is the automaton represented ;Is there a particular pattern among the arcs ;How is the automaton represented . Is there a particular pattern among the arcs ;The automaton accepts zero or more words formed by a sequence of the type 110. In total there are 4 states: q0, q1, q2 e q4. q0 is both the initial and the final state.Le transizioni sono: q0 with value 1 goes goes q1, q1 with value 1 goes goes q2, q4 with value 0 goes to q0.;[];Potresti essere più specifico?;[];there is no transition between q0 and q0.;[];False;True;False;True;False;True
16;Describe the automaton ;What is q1 ;Describe the automaton . What is q1 ;The automaton accepts zero or more words formed by a sequence of the type 110. In total there are 4 states: q0, q1, q2 e q4. q0 is both the initial and the final state.Le transizioni sono: q0 with value 1 goes goes q1, q1 with value 1 goes goes q2, q4 with value 0 goes to q0.;[];The state q0 exists.;[('simbolo-q0', '#04ed00', 'stroke')];The automaton accepts zero or more words formed by a sequence of the type 110. In total there are 4 states: q0, q1, q2 e q4. q0 is both the initial and the final state.Le transizioni sono: q0 with value 1 goes goes q1, q1 with value 1 goes goes q2, q4 with value 0 goes to q0.;[];True;True;False;False;False;False
16;Describe the automaton ;How many transitions does the automata have ;Describe the automaton . How many transitions does the automata have ;The automaton accepts zero or more words formed by a sequence of the type 110. In total there are 4 states: q0, q1, q2 e q4. q0 is both the initial and the final state.Le transizioni sono: q0 with value 1 goes goes q1, q1 with value 1 goes goes q2, q4 with value 0 goes to q0.;[];The automaton has 3 transitions: q0 con valore 1 va in q1, q1 con valore 1 va in q2, q4 con valore 0 va in q0.;[('simbolo-q0-q1', '#04ed00', 'stroke'), ('simbolo-q1-q2', '#04ed00', 'stroke'), ('simbolo-q4-q0', '#04ed00', 'stroke')];The automaton has 4 states and 3 transitions.;[];False;True;False;False;False;False
19;If q2 is the final state the language accepted by the automaton is the same ;What is the purpose of the automaton ;If q2 is the final state the language accepted by the automaton is the same . What is the purpose of the automaton ;The final state is q0.;[('simbolo-q0', '#04ed00', 'stroke')];The automaton accepts zero or more words formed by a sequence of the type 110. In total there are 4 states: q0, q1, q2 e q4. q0 is both the initial and the final state.Le transizioni sono: q0 with value 1 goes goes q1, q1 with value 1 goes goes q2, q4 with value 0 goes to q0.;[];Potresti essere più specifico?;[];False;False;False;True;False;False
19;If q2 is the final state the language accepted by the automaton is the same ;What is the accepted language ;If q2 is the final state the language accepted by the automaton is the same . What is the accepted language ;The final state is q0.;[('simbolo-q0', '#04ed00', 'stroke')];Potresti essere più specifico?;[];Potresti essere più specifico?;[];False;False;True;True;False;False
20;Briefly describe the automaton ;how are your states linked together ;Briefly describe the automaton . how are your states linked together ;The automaton accepts zero or more words formed by a sequence of the type 110. In total there are 4 states: q0, q1, q2 e q4. q0 is both the initial and the final state.Le transizioni sono: q0 with value 1 goes goes q1, q1 with value 1 goes goes q2, q4 with value 0 goes to q0.;[];there is no transition between q0 and q0.;[];The automaton accepts zero or more words formed by a sequence of the type 110. In total there are 4 states: q0, q1, q2 e q4. q0 is both the initial and the final state.Le transizioni sono: q0 with value 1 goes goes q1, q1 with value 1 goes goes q2, q4 with value 0 goes to q0.;[];True;True;False;True;False;True
20;Briefly describe the automaton ;What transitions enter and exit q4 ;Briefly describe the automaton . What transitions enter and exit q4 ;The automaton accepts zero or more words formed by a sequence of the type 110. In total there are 4 states: q0, q1, q2 e q4. q0 is both the initial and the final state.Le transizioni sono: q0 with value 1 goes goes q1, q1 with value 1 goes goes q2, q4 with value 0 goes to q0.;[];the transition is not defined.;[];the transition is not defined.;[];False;True;True;True;False;True
22;How is the automaton represented ;how many transitions ;How is the automaton represented . how many transitions ;The automaton accepts zero or more words formed by a sequence of the type 110. In total there are 4 states: q0, q1, q2 e q4. q0 is both the initial and the final state.Le transizioni sono: q0 with value 1 goes goes q1, q1 with value 1 goes goes q2, q4 with value 0 goes to q0.;[];The automaton has 3 transitions: q0 con valore 1 va in q1, q1 con valore 1 va in q2, q4 con valore 0 va in q0.;[('simbolo-q0-q1', '#04ed00', 'stroke'), ('simbolo-q1-q2', '#04ed00', 'stroke'), ('simbolo-q4-q0', '#04ed00', 'stroke')];The automaton has 4 states and 3 transitions.;[];False;True;False;False;False;False
22;How is the automaton represented ;whar are the transitions ;How is the automaton represented . whar are the transitions ;The automaton accepts zero or more words formed by a sequence of the type 110. In total there are 4 states: q0, q1, q2 e q4. q0 is both the initial and the final state.Le transizioni sono: q0 with value 1 goes goes q1, q1 with value 1 goes goes q2, q4 with value 0 goes to q0.;[];The automaton has 3 transitions: q0 con valore 1 va in q1, q1 con valore 1 va in q2, q4 con valore 0 va in q0.;[('simbolo-q0-q1', '#04ed00', 'stroke'), ('simbolo-q1-q2', '#04ed00', 'stroke'), ('simbolo-q4-q0', '#04ed00', 'stroke')];The automaton accepts zero or more words formed by a sequence of the type 110. In total there are 4 states: q0, q1, q2 e q4. q0 is both the initial and the final state.Le transizioni sono: q0 with value 1 goes goes q1, q1 with value 1 goes goes q2, q4 with value 0 goes to q0.;[];True;True;False;False;False;False
23;And how about the arrows ;Describe the automaton ;And how about the arrows . Describe the automaton ;there is no transition between q0 and q0.;[];The automaton accepts zero or more words formed by a sequence of the type 110. In total there are 4 states: q0, q1, q2 e q4. q0 is both the initial and the final state.Le transizioni sono: q0 with value 1 goes goes q1, q1 with value 1 goes goes q2, q4 with value 0 goes to q0.;[];The automaton accepts zero or more words formed by a sequence of the type 110. In total there are 4 states: q0, q1, q2 e q4. q0 is both the initial and the final state.Le transizioni sono: q0 with value 1 goes goes q1, q1 with value 1 goes goes q2, q4 with value 0 goes to q0.;[];False;True;True;True;False;True
23;And how about the arrows ;Is there an arc from q0 to q1 ;And how about the arrows . Is there an arc from q0 to q1 ;there is no transition between q0 and q0.;[];The transition between q0 and q1 is with value 1.;[('simbolo-q0-q1', '#04ed00', 'stroke')];The transition between q0 and q1 is with value 1.;[('simbolo-q0-q1', '#04ed00', 'stroke')];False;False;True;True;False;True
24;Which is the initial state ;How many states are there ;Which is the initial state . How many states are there ;The initial state is q0.;[('simbolo-q0', '#04ed00', 'stroke')];This automaton has 4 states;[('simbolo-q0', '#04ed00', 'stroke'), ('simbolo-q1', '#04ed00', 'stroke'), ('simbolo-q2', '#04ed00', 'stroke'), ('simbolo-q4', '#04ed00', 'stroke')];The initial state is q0.;[('simbolo-q0', '#04ed00', 'stroke')];True;True;False;False;False;False
24;Which is the initial state ;briefly describe the automaton;Which is the initial state . briefly describe the automaton;The initial state is q0.;[('simbolo-q0', '#04ed00', 'stroke')];The automaton accepts zero or more words formed by a sequence of the type 110. In total there are 4 states: q0, q1, q2 e q4. q0 is both the initial and the final state.Le transizioni sono: q0 with value 1 goes goes q1, q1 with value 1 goes goes q2, q4 with value 0 goes to q0.;[];The initial state is q0.;[('simbolo-q0', '#04ed00', 'stroke')];True;True;False;False;False;True
25;Does it have 5 states then ;Which is the initial state ;Does it have 5 states then . Which is the initial state ;The automaton has 4 states: q0, q1, q2 e q4.;[('simbolo-q0', '#04ed00', 'stroke'), ('simbolo-q1', '#04ed00', 'stroke'), ('simbolo-q2', '#04ed00', 'stroke'), ('simbolo-q4', '#04ed00', 'stroke')];The initial state is q0.;[('simbolo-q0', '#04ed00', 'stroke')];The initial state is q0.;[('simbolo-q0', '#04ed00', 'stroke')];False;False;True;True;False;False
25;Does it have 5 states then ;how many 0 art here ;Does it have 5 states then . how many 0 art here ;The automaton has 4 states: q0, q1, q2 e q4.;[('simbolo-q0', '#04ed00', 'stroke'), ('simbolo-q1', '#04ed00', 'stroke'), ('simbolo-q2', '#04ed00', 'stroke'), ('simbolo-q4', '#04ed00', 'stroke')];Potresti essere più specifico?;[];There are 5 states in this automaton.;[('simbolo-q0', '#04ed00', 'stroke'), ('simbolo-q1', '#04ed00', 'stroke'), ('simbolo-q2', '#04ed00', 'stroke'), ('simbolo-q3', '#04ed00', 'stroke'), ('simbolo-q4', '#04ed00', 'stroke')];False;False;False;False;False;False
26;How many states are there ;Is there an arc from q0 to q2 q3 or q4 ;How many states are there . Is there an arc from q0 to q2 q3 or q4 ;This automaton has 4 states;[('simbolo-q0', '#04ed00', 'stroke'), ('simbolo-q1', '#04ed00', 'stroke'), ('simbolo-q2', '#04ed00', 'stroke'), ('simbolo-q4', '#04ed00', 'stroke')];there is no transition between q0 and q2.;[];there is no transition between q0 and q0.;[];False;False;False;True;False;False
26;How many states are there ;What is the output ;How many states are there . What is the output ;This automaton has 4 states;[('simbolo-q0', '#04ed00', 'stroke'), ('simbolo-q1', '#04ed00', 'stroke'), ('simbolo-q2', '#04ed00', 'stroke'), ('simbolo-q4', '#04ed00', 'stroke')];Potresti essere più specifico?;[];This automaton has 4 states;[('simbolo-q0', '#04ed00', 'stroke'), ('simbolo-q1', '#04ed00', 'stroke'), ('simbolo-q2', '#04ed00', 'stroke'), ('simbolo-q4', '#04ed00', 'stroke')];True;True;False;False;False;True
27;Give me a list of the arcs ;briefly describe the automaton ;Give me a list of the arcs . briefly describe the automaton ;there is no transition between q0 and q0.;[];The automaton accepts zero or more words formed by a sequence of the type 110. In total there are 4 states: q0, q1, q2 e q4. q0 is both the initial and the final state.Le transizioni sono: q0 with value 1 goes goes q1, q1 with value 1 goes goes q2, q4 with value 0 goes to q0.;[];Potresti essere più specifico?;[];False;True;False;True;False;True
27;Give me a list of the arcs ;briefly describe you the automaton ;Give me a list of the arcs . briefly describe you the automaton ;there is no transition between q0 and q0.;[];The automaton accepts zero or more words formed by a sequence of the type 110. In total there are 4 states: q0, q1, q2 e q4. q0 is both the initial and the final state.Le transizioni sono: q0 with value 1 goes goes q1, q1 with value 1 goes goes q2, q4 with value 0 goes to q0.;[];there is no transition between q0 and q0.;[];True;True;False;True;False;True
28;Is there an arc from q0 to q1 ;Give me a list of the arcs ;Is there an arc from q0 to q1 . Give me a list of the arcs ;The transition between q0 and q1 is with value 1.;[('simbolo-q0-q1', '#04ed00', 'stroke')];there is no transition between q0 and q0.;[];The transition between q0 and q1 is with value 1.;[('simbolo-q0-q1', '#04ed00', 'stroke')];True;True;False;False;False;True
28;Is there an arc from q0 to q1 ;What is the output ;Is there an arc from q0 to q1 . What is the output ;The transition between q0 and q1 is with value 1.;[('simbolo-q0-q1', '#04ed00', 'stroke')];Potresti essere più specifico?;[];The transition between q0 and q1 is with value 1.;[('simbolo-q0-q1', '#04ed00', 'stroke')];True;True;False;False;False;True
29;What is the shape of the arcs ;which are the states and the transitions ;What is the shape of the arcs . which are the states and the transitions ;there is no transition between q0 and q0.;[];there is no transition between q0 and q0.;[];there is no transition between q0 and q0.;[];True;True;True;True;False;True
29;What is the shape of the arcs ;It is possible to find a repetitive pattern in the transitions ;What is the shape of the arcs . It is possible to find a repetitive pattern in the transitions ;there is no transition between q0 and q0.;[];Potresti essere più specifico?;[];Potresti essere più specifico?;[];False;True;True;True;False;True
30;Is there an arc from q0 to q2 q3 or q4 ;is q0 linked to q0 ;Is there an arc from q0 to q2 q3 or q4 . is q0 linked to q0 ;there is no transition between q0 and q2.;[];there is no transition between q0 and q0.;[];there is no transition between q0 and q0.;[];False;True;True;True;False;True
30;Is there an arc from q0 to q2 q3 or q4 ;Can you describe the automaton ;Is there an arc from q0 to q2 q3 or q4 . Can you describe the automaton ;there is no transition between q0 and q2.;[];The automaton accepts zero or more words formed by a sequence of the type 110. In total there are 4 states: q0, q1, q2 e q4. q0 is both the initial and the final state.Le transizioni sono: q0 with value 1 goes goes q1, q1 with value 1 goes goes q2, q4 with value 0 goes to q0.;[];there is no transition between q0 and q2.;[];True;True;False;True;False;True
31;Which are the transitions from q1 ;is q4 linked to q0 ;Which are the transitions from q1 . is q4 linked to q0 ;there is no transition between q0 and q0.;[];The transition between q4 and q0 is with value 0.;[('simbolo-q4-q0', '#04ed00', 'stroke')];there is no transition between q1 and q4.;[];False;True;False;False;False;False
31;Which are the transitions from q1 ;What transitions enter and exit q3 ;Which are the transitions from q1 . What transitions enter and exit q3 ;there is no transition between q0 and q0.;[];the transition is not defined.;[];there is no transition between q0 and q0.;[];True;True;False;True;False;True
32;Which are the transitions from q2 ;what is automation ;Which are the transitions from q2 . what is automation ;there is no transition between q0 and q0.;[];The automaton accepts zero or more words formed by a sequence of the type 110. In total there are 4 states: q0, q1, q2 e q4. q0 is both the initial and the final state.Le transizioni sono: q0 with value 1 goes goes q1, q1 with value 1 goes goes q2, q4 with value 0 goes to q0.;[];the transition is not defined.;[];False;True;False;True;False;True
32;Which are the transitions from q2 ;how many states ;Which are the transitions from q2 . how many states ;there is no transition between q0 and q0.;[];This automaton has 4 states;[('simbolo-q0', '#04ed00', 'stroke'), ('simbolo-q1', '#04ed00', 'stroke'), ('simbolo-q2', '#04ed00', 'stroke'), ('simbolo-q4', '#04ed00', 'stroke')];there is no transition between q0 and q0.;[];True;True;False;False;False;False
33;Which are the transitions from q3 ;Is there an arc from q1 to q2 ;Which are the transitions from q3 . Is there an arc from q1 to q2 ;the transition is not defined.;[];The transition between q1 and q2 is with value 1.;[('simbolo-q1-q2', '#04ed00', 'stroke')];there is no transition between q3 and q1.;[];False;True;False;False;False;False
33;Which are the transitions from q3 ;briefly describe you the automaton ;Which are the transitions from q3 . briefly describe you the automaton ;the transition is not defined.;[];The automaton accepts zero or more words formed by a sequence of the type 110. In total there are 4 states: q0, q1, q2 e q4. q0 is both the initial and the final state.Le transizioni sono: q0 with value 1 goes goes q1, q1 with value 1 goes goes q2, q4 with value 0 goes to q0.;[];there is no transition between q0 and q0.;[];False;True;False;True;False;True
34;Which are the transitions from q4 ;How many states does Automaton 1 have ;Which are the transitions from q4 . How many states does Automaton 1 have ;there is no transition between q0 and q0.;[];This automaton has 4 states;[('simbolo-q0', '#04ed00', 'stroke'), ('simbolo-q1', '#04ed00', 'stroke'), ('simbolo-q2', '#04ed00', 'stroke'), ('simbolo-q4', '#04ed00', 'stroke')];the transition is not defined.;[];False;True;False;False;False;False
34;Which are the transitions from q4 ;How many transitions are there in this automaton;Which are the transitions from q4 . How many transitions are there in this automaton;there is no transition between q0 and q0.;[];The automaton has 3 transitions: q0 con valore 1 va in q1, q1 con valore 1 va in q2, q4 con valore 0 va in q0.;[('simbolo-q0-q1', '#04ed00', 'stroke'), ('simbolo-q1-q2', '#04ed00', 'stroke'), ('simbolo-q4-q0', '#04ed00', 'stroke')];there is no transition between q0 and q0.;[];True;True;False;False;False;False
35;What is the purpose of the automaton ;How is the automaton represented ;What is the purpose of the automaton . How is the automaton represented ;The automaton accepts zero or more words formed by a sequence of the type 110. In total there are 4 states: q0, q1, q2 e q4. q0 is both the initial and the final state.Le transizioni sono: q0 with value 1 goes goes q1, q1 with value 1 goes goes q2, q4 with value 0 goes to q0.;[];The automaton accepts zero or more words formed by a sequence of the type 110. In total there are 4 states: q0, q1, q2 e q4. q0 is both the initial and the final state.Le transizioni sono: q0 with value 1 goes goes q1, q1 with value 1 goes goes q2, q4 with value 0 goes to q0.;[];The automaton accepts zero or more words formed by a sequence of the type 110. In total there are 4 states: q0, q1, q2 e q4. q0 is both the initial and the final state.Le transizioni sono: q0 with value 1 goes goes q1, q1 with value 1 goes goes q2, q4 with value 0 goes to q0.;[];True;True;True;True;False;True
35;What is the purpose of the automaton ;What are automaton ;What is the purpose of the automaton . What are automaton ;The automaton accepts zero or more words formed by a sequence of the type 110. In total there are 4 states: q0, q1, q2 e q4. q0 is both the initial and the final state.Le transizioni sono: q0 with value 1 goes goes q1, q1 with value 1 goes goes q2, q4 with value 0 goes to q0.;[];The automaton accepts zero or more words formed by a sequence of the type 110. In total there are 4 states: q0, q1, q2 e q4. q0 is both the initial and the final state.Le transizioni sono: q0 with value 1 goes goes q1, q1 with value 1 goes goes q2, q4 with value 0 goes to q0.;[];The automaton accepts zero or more words formed by a sequence of the type 110. In total there are 4 states: q0, q1, q2 e q4. q0 is both the initial and the final state.Le transizioni sono: q0 with value 1 goes goes q1, q1 with value 1 goes goes q2, q4 with value 0 goes to q0.;[];True;True;True;True;False;True
36;What happens when a 0 comes to state q1 ;Which are the transitions from q3 ;What happens when a 0 comes to state q1 . Which are the transitions from q3 ;The transition between q1 and q2 is with value 1.;[('simbolo-q1-q2', '#04ed00', 'stroke')];the transition is not defined.;[];there is no transition between q1 and q3.;[];False;False;False;True;False;False
36;What happens when a 0 comes to state q1 ;is q4 a final state ;What happens when a 0 comes to state q1 . is q4 a final state ;The transition between q1 and q2 is with value 1.;[('simbolo-q1-q2', '#04ed00', 'stroke')];The final state is q0.;[('simbolo-q0', '#04ed00', 'stroke')];there is no transition between q1 and q4.;[];False;False;False;False;False;False
37;How many states do you have ;Which one si the final state ;How many states do you have . Which one si the final state ;This automaton has 4 states;[('simbolo-q0', '#04ed00', 'stroke'), ('simbolo-q1', '#04ed00', 'stroke'), ('simbolo-q2', '#04ed00', 'stroke'), ('simbolo-q4', '#04ed00', 'stroke')];The final state is q0.;[('simbolo-q0', '#04ed00', 'stroke')];The final state is q0.;[('simbolo-q0', '#04ed00', 'stroke')];False;False;True;True;False;False
37;How many states do you have ;given the deterministc nature of the automation why there is no a transition when I am in q1 and the automation read 0;How many states do you have . given the deterministc nature of the automation why there is no a transition when I am in q1 and the automation read 0;This automaton has 4 states;[('simbolo-q0', '#04ed00', 'stroke'), ('simbolo-q1', '#04ed00', 'stroke'), ('simbolo-q2', '#04ed00', 'stroke'), ('simbolo-q4', '#04ed00', 'stroke')];there is no transition between q1 and q1.;[];This automaton has 4 states;[('simbolo-q0', '#04ed00', 'stroke'), ('simbolo-q1', '#04ed00', 'stroke'), ('simbolo-q2', '#04ed00', 'stroke'), ('simbolo-q4', '#04ed00', 'stroke')];True;True;False;False;False;True
38;how are your states linked together ;what are the transitions from q4 ;how are your states linked together . what are the transitions from q4 ;there is no transition between q0 and q0.;[];the transition is not defined.;[];the transition is not defined.;[];False;True;True;True;False;True
38;how are your states linked together ;can you deescribe the transitions ;how are your states linked together . can you deescribe the transitions ;there is no transition between q0 and q0.;[];The automaton has 3 transitions: q0 con valore 1 va in q1, q1 con valore 1 va in q2, q4 con valore 0 va in q0.;[('simbolo-q0-q1', '#04ed00', 'stroke'), ('simbolo-q1-q2', '#04ed00', 'stroke'), ('simbolo-q4-q0', '#04ed00', 'stroke')];there is no transition between q0 and q0.;[];True;True;False;False;False;False
39;is q0 linked to q0 ;what is the language accepted by the automaton ;is q0 linked to q0 . what is the language accepted by the automaton ;there is no transition between q0 and q0.;[];Potresti essere più specifico?;[];there is no transition between q0 and q0.;[];True;True;False;True;False;True
39;is q0 linked to q0 ;arcs between q4 and q0;is q0 linked to q0 . arcs between q4 and q0;there is no transition between q0 and q0.;[];The transition between q4 and q0 is with value 0.;[('simbolo-q4-q0', '#04ed00', 'stroke')];The transition between q4 and q0 is with value 0.;[('simbolo-q4-q0', '#04ed00', 'stroke')];False;False;True;True;False;True
40;is q1 linked to q4 ;Which transitions start from q2 ;is q1 linked to q4 . Which transitions start from q2 ;there is no transition between q1 and q4.;[];the transition is not defined.;[];there is no transition between q0 and q0.;[];False;True;False;True;False;True
40;is q1 linked to q4 ;How many transitions are there ;is q1 linked to q4 . How many transitions are there ;there is no transition between q1 and q4.;[];The automaton has 3 transitions: q0 con valore 1 va in q1, q1 con valore 1 va in q2, q4 con valore 0 va in q0.;[('simbolo-q0-q1', '#04ed00', 'stroke'), ('simbolo-q1-q2', '#04ed00', 'stroke'), ('simbolo-q4-q0', '#04ed00', 'stroke')];there is no transition between q1 and q4.;[];True;True;False;False;False;False
41;what are the transitions from q4 ;what are the input symbols ;what are the transitions from q4 . what are the input symbols ;there is no transition between q0 and q0.;[];Potresti essere più specifico?;[];there is no transition between q0 and q0.;[];True;True;False;True;False;True
41;what are the transitions from q4 ;Which state in the automaton is both the initial and the final state;what are the transitions from q4 . Which state in the automaton is both the initial and the final state;there is no transition between q0 and q0.;[];The initial state is q0.;[('simbolo-q0', '#04ed00', 'stroke')];there is no transition between q0 and q0.;[];True;True;False;False;False;False
42;what are the links of q4 ;How many states does the automaton have ;what are the links of q4 . How many states does the automaton have ;there is no transition between q0 and q0.;[];This automaton has 4 states;[('simbolo-q0', '#04ed00', 'stroke'), ('simbolo-q1', '#04ed00', 'stroke'), ('simbolo-q2', '#04ed00', 'stroke'), ('simbolo-q4', '#04ed00', 'stroke')];there is no transition between q0 and q0.;[];True;True;False;False;False;False
42;what are the links of q4 ;Describe graphically automaton ;what are the links of q4 . Describe graphically automaton ;there is no transition between q0 and q0.;[];The automaton accepts zero or more words formed by a sequence of the type 110. In total there are 4 states: q0, q1, q2 e q4. q0 is both the initial and the final state.Le transizioni sono: q0 with value 1 goes goes q1, q1 with value 1 goes goes q2, q4 with value 0 goes to q0.;[];there is no transition between q0 and q0.;[];True;True;False;True;False;True
43;what are the transitions from q4 ;is q4 linked to q0 ;what are the transitions from q4 . is q4 linked to q0 ;the transition is not defined.;[];The transition between q4 and q0 is with value 0.;[('simbolo-q4-q0', '#04ed00', 'stroke')];The transition between q4 and q0 is with value 0.;[('simbolo-q4-q0', '#04ed00', 'stroke')];False;False;True;True;False;True
43;what are the transitions from q4 ;how many arcs there are ;what are the transitions from q4 . how many arcs there are ;the transition is not defined.;[];The automaton has 3 transitions: q0 con valore 1 va in q1, q1 con valore 1 va in q2, q4 con valore 0 va in q0.;[('simbolo-q0-q1', '#04ed00', 'stroke'), ('simbolo-q1-q2', '#04ed00', 'stroke'), ('simbolo-q4-q0', '#04ed00', 'stroke')];the transition is not defined.;[];True;True;False;False;False;False
44;is q4 linked to q0 ;what are the transitions from q4 ;is q4 linked to q0 . what are the transitions from q4 ;The transition between q4 and q0 is with value 0.;[('simbolo-q4-q0', '#04ed00', 'stroke')];the transition is not defined.;[];The transition between q4 and q0 is with value 0.;[('simbolo-q4-q0', '#04ed00', 'stroke')];True;True;False;False;False;True
45;can you describe me the automaton ;Please describe the automaton ;can you describe me the automaton . Please describe the automaton ;The automaton accepts zero or more words formed by a sequence of the type 110. In total there are 4 states: q0, q1, q2 e q4. q0 is both the initial and the final state.Le transizioni sono: q0 with value 1 goes goes q1, q1 with value 1 goes goes q2, q4 with value 0 goes to q0.;[];The automaton accepts zero or more words formed by a sequence of the type 110. In total there are 4 states: q0, q1, q2 e q4. q0 is both the initial and the final state.Le transizioni sono: q0 with value 1 goes goes q1, q1 with value 1 goes goes q2, q4 with value 0 goes to q0.;[];The automaton accepts zero or more words formed by a sequence of the type 110. In total there are 4 states: q0, q1, q2 e q4. q0 is both the initial and the final state.Le transizioni sono: q0 with value 1 goes goes q1, q1 with value 1 goes goes q2, q4 with value 0 goes to q0.;[];True;True;True;True;False;True
45;can you describe me the automaton ;transition from q1;can you describe me the automaton . transition from q1;The automaton accepts zero or more words formed by a sequence of the type 110. In total there are 4 states: q0, q1, q2 e q4. q0 is both the initial and the final state.Le transizioni sono: q0 with value 1 goes goes q1, q1 with value 1 goes goes q2, q4 with value 0 goes to q0.;[];the transition is not defined.;[];the transition is not defined.;[];False;True;True;True;False;True
46;Could you briefly describe the automaton ;How many states ;Could you briefly describe the automaton . How many states ;The automaton accepts zero or more words formed by a sequence of the type 110. In total there are 4 states: q0, q1, q2 e q4. q0 is both the initial and the final state.Le transizioni sono: q0 with value 1 goes goes q1, q1 with value 1 goes goes q2, q4 with value 0 goes to q0.;[];This automaton has 4 states;[('simbolo-q0', '#04ed00', 'stroke'), ('simbolo-q1', '#04ed00', 'stroke'), ('simbolo-q2', '#04ed00', 'stroke'), ('simbolo-q4', '#04ed00', 'stroke')];The automaton has 4 states and 3 transitions.;[];False;True;False;False;False;False
46;Could you briefly describe the automaton ;Give me some examples of inputs and output ;Could you briefly describe the automaton . Give me some examples of inputs and output ;The automaton accepts zero or more words formed by a sequence of the type 110. In total there are 4 states: q0, q1, q2 e q4. q0 is both the initial and the final state.Le transizioni sono: q0 with value 1 goes goes q1, q1 with value 1 goes goes q2, q4 with value 0 goes to q0.;[];Potresti essere più specifico?;[];The automaton accepts zero or more words formed by a sequence of the type 110. In total there are 4 states: q0, q1, q2 e q4. q0 is both the initial and the final state.Le transizioni sono: q0 with value 1 goes goes q1, q1 with value 1 goes goes q2, q4 with value 0 goes to q0.;[];True;True;False;True;False;True
47;How many states are there ;If q2 is the final state the language accepted by the automaton is the same ;How many states are there . If q2 is the final state the language accepted by the automaton is the same ;This automaton has 4 states;[('simbolo-q0', '#04ed00', 'stroke'), ('simbolo-q1', '#04ed00', 'stroke'), ('simbolo-q2', '#04ed00', 'stroke'), ('simbolo-q4', '#04ed00', 'stroke')];Potresti essere più specifico?;[];Potresti essere più specifico?;[];False;False;True;True;False;False
47;How many states are there ;The automaton accepts a language allowing words made of an odd number of 0s and 1s ;How many states are there . The automaton accepts a language allowing words made of an odd number of 0s and 1s ;This automaton has 4 states;[('simbolo-q0', '#04ed00', 'stroke'), ('simbolo-q1', '#04ed00', 'stroke'), ('simbolo-q2', '#04ed00', 'stroke'), ('simbolo-q4', '#04ed00', 'stroke')];Potresti essere più specifico?;[];This automaton has 4 states;[('simbolo-q0', '#04ed00', 'stroke'), ('simbolo-q1', '#04ed00', 'stroke'), ('simbolo-q2', '#04ed00', 'stroke'), ('simbolo-q4', '#04ed00', 'stroke')];True;True;False;False;False;True
48;Is there an arc from q0 to q1 ;What are the transitions ;Is there an arc from q0 to q1 . What are the transitions ;The transition between q0 and q1 is with value 1.;[('simbolo-q0-q1', '#04ed00', 'stroke')];there is no transition between q0 and q0.;[];The transition between q0 and q1 is with value 1.;[('simbolo-q0-q1', '#04ed00', 'stroke')];True;True;False;False;False;True
48;Is there an arc from q0 to q1 ;What is q1 ;Is there an arc from q0 to q1 . What is q1 ;The transition between q0 and q1 is with value 1.;[('simbolo-q0-q1', '#04ed00', 'stroke')];The state q0 exists.;[('simbolo-q0', '#04ed00', 'stroke')];The transition between q0 and q1 is with value 1.;[('simbolo-q0-q1', '#04ed00', 'stroke')];True;True;False;False;False;False
49;Is there an arc from q1 to q2 ;what are the transitions from q4 ;Is there an arc from q1 to q2 . what are the transitions from q4 ;The transition between q1 and q2 is with value 1.;[('simbolo-q1-q2', '#04ed00', 'stroke')];the transition is not defined.;[];there is no transition between q4 and q1.;[];False;False;False;True;False;False
49;Is there an arc from q1 to q2 ;nodes;Is there an arc from q1 to q2 . nodes;The transition between q1 and q2 is with value 1.;[('simbolo-q1-q2', '#04ed00', 'stroke')];The state q0 exists.;[('simbolo-q0', '#04ed00', 'stroke')];The transition between q1 and q2 is with value 1.;[('simbolo-q1-q2', '#04ed00', 'stroke')];True;True;False;False;False;False
50;What are the states connected to q0 ;what is the phd for ;What are the states connected to q0 . what is the phd for ;The state q0 exists.;[('simbolo-q0', '#04ed00', 'stroke')];Potresti essere più specifico?;[];The state q0 exists.;[('simbolo-q0', '#04ed00', 'stroke')];True;True;False;False;False;True
50;What are the states connected to q0 ;Is there a transition from q0 to q5 ;What are the states connected to q0 . Is there a transition from q0 to q5 ;The state q0 exists.;[('simbolo-q0', '#04ed00', 'stroke')];the transition is not defined.;[];The automaton has 4 states: q0, q1, q2 e q4.;[('simbolo-q0', '#04ed00', 'stroke'), ('simbolo-q1', '#04ed00', 'stroke'), ('simbolo-q2', '#04ed00', 'stroke'), ('simbolo-q4', '#04ed00', 'stroke')];False;False;False;False;False;False
51;Is there an arc from q2 to q3 ;In which year we are ;Is there an arc from q2 to q3 . In which year we are ;The transition between q2 and q3 is with value 0.;[('simbolo-q2-q3', '#04ed00', 'stroke')];Potresti essere più specifico?;[];The transition between q2 and q3 is with value 0.;[('simbolo-q2-q3', '#04ed00', 'stroke')];True;True;False;False;False;True
51;Is there an arc from q2 to q3 ;In which year we are ;Is there an arc from q2 to q3 . In which year we are ;The transition between q2 and q3 is with value 0.;[('simbolo-q2-q3', '#04ed00', 'stroke')];Potresti essere più specifico?;[];The transition between q2 and q3 is with value 0.;[('simbolo-q2-q3', '#04ed00', 'stroke')];True;True;False;False;False;True
52;Is there an arc from q3 to q4 ;What is the result ;Is there an arc from q3 to q4 . What is the result ;The transition between q3 and q4 is with value 0.;[('simbolo-q3-q4', '#04ed00', 'stroke')];The automaton has 4 states: q0, q1, q2 e q4.;[('simbolo-q0', '#04ed00', 'stroke'), ('simbolo-q1', '#04ed00', 'stroke'), ('simbolo-q2', '#04ed00', 'stroke'), ('simbolo-q4', '#04ed00', 'stroke')];The transition between q3 and q4 is with value 0.;[('simbolo-q3-q4', '#04ed00', 'stroke')];True;True;False;False;False;False
52;Is there an arc from q3 to q4 ;is q4 a final state ;Is there an arc from q3 to q4 . is q4 a final state ;The transition between q3 and q4 is with value 0.;[('simbolo-q3-q4', '#04ed00', 'stroke')];The final state is q0.;[('simbolo-q0', '#04ed00', 'stroke')];The transition between q3 and q4 is with value 0.;[('simbolo-q3-q4', '#04ed00', 'stroke')];True;True;False;False;False;False
53;Is there an arc from q4 to q0 ;Describe the automaton ;Is there an arc from q4 to q0 . Describe the automaton ;The transition between q4 and q0 is with value 0.;[('simbolo-q4-q0', '#04ed00', 'stroke')];The automaton accepts zero or more words formed by a sequence of the type 110. In total there are 4 states: q0, q1, q2 e q4. q0 is both the initial and the final state.Le transizioni sono: q0 with value 1 goes goes q1, q1 with value 1 goes goes q2, q4 with value 0 goes to q0.;[];The transition between q4 and q0 is with value 0.;[('simbolo-q4-q0', '#04ed00', 'stroke')];True;True;False;False;False;True
53;Is there an arc from q4 to q0 ;which are the states connected with 0 ;Is there an arc from q4 to q0 . which are the states connected with 0 ;The transition between q4 and q0 is with value 0.;[('simbolo-q4-q0', '#04ed00', 'stroke')];The state q0 exists.;[('simbolo-q0', '#04ed00', 'stroke')];The transition between q4 and q0 is with value 0.;[('simbolo-q4-q0', '#04ed00', 'stroke')];True;True;False;False;False;False
54;Is there an arc from q4 ;If q2 is the final state the language accepted by the automaton is the same ;Is there an arc from q4 . If q2 is the final state the language accepted by the automaton is the same ;the transition is not defined.;[];Potresti essere più specifico?;[];there is no transition between q4 and q2.;[];False;True;False;True;False;True
54;Is there an arc from q4 ;What is the accepted language ;Is there an arc from q4 . What is the accepted language ;the transition is not defined.;[];Potresti essere più specifico?;[];the transition is not defined.;[];True;True;False;True;False;True
55;Is there an arc from q0 ;which are the final states ;Is there an arc from q0 . which are the final states ;the transition is not defined.;[];The final state is q0.;[('simbolo-q0', '#04ed00', 'stroke')];the transition is not defined.;[];True;True;False;False;False;False
55;Is there an arc from q0 ;Vorrei una descrizione di Automa1 ;Is there an arc from q0 . Vorrei una descrizione di Automa1 ;the transition is not defined.;[];The automaton accepts zero or more words formed by a sequence of the type 110. In total there are 4 states: q0, q1, q2 e q4. q0 is both the initial and the final state.Le transizioni sono: q0 with value 1 goes goes q1, q1 with value 1 goes goes q2, q4 with value 0 goes to q0.;[];the transition is not defined.;[];True;True;False;True;False;True
56;Is there an arc from q1 ;If q0 were the final state the language accepted by the automaton is the same ;Is there an arc from q1 . If q0 were the final state the language accepted by the automaton is the same ;the transition is not defined.;[];The final state is q0.;[('simbolo-q0', '#04ed00', 'stroke')];there is no transition between q1 and q0.;[];False;True;False;False;False;False
56;Is there an arc from q1 ;describe me the automaton;Is there an arc from q1 . describe me the automaton;the transition is not defined.;[];The automaton accepts zero or more words formed by a sequence of the type 110. In total there are 4 states: q0, q1, q2 e q4. q0 is both the initial and the final state.Le transizioni sono: q0 with value 1 goes goes q1, q1 with value 1 goes goes q2, q4 with value 0 goes to q0.;[];the transition is not defined.;[];True;True;False;True;False;True
57;Is there an arc from q2 ;There is a transition between q5 and q7 ;Is there an arc from q2 . There is a transition between q5 and q7 ;the transition is not defined.;[];the transition is not defined.;[];the transition is not defined.;[];True;True;True;True;False;True
57;Is there an arc from q2 ;briefly describe the automaton;Is there an arc from q2 . briefly describe the automaton;the transition is not defined.;[];The automaton accepts zero or more words formed by a sequence of the type 110. In total there are 4 states: q0, q1, q2 e q4. q0 is both the initial and the final state.Le transizioni sono: q0 with value 1 goes goes q1, q1 with value 1 goes goes q2, q4 with value 0 goes to q0.;[];the transition is not defined.;[];True;True;False;True;False;True
58;Is there an arc from q3 ;Which is the initial state ;Is there an arc from q3 . Which is the initial state ;the transition is not defined.;[];The initial state is q0.;[('simbolo-q0', '#04ed00', 'stroke')];The automaton has 3 transitions: q0 con valore 1 va in q1, q1 con valore 1 va in q2, q4 con valore 0 va in q0.;[('simbolo-q0-q1', '#04ed00', 'stroke'), ('simbolo-q1-q2', '#04ed00', 'stroke'), ('simbolo-q4-q0', '#04ed00', 'stroke')];False;False;False;False;False;False
58;Is there an arc from q3 ;Breifly describe me the automaton ;Is there an arc from q3 . Breifly describe me the automaton ;the transition is not defined.;[];The automaton accepts zero or more words formed by a sequence of the type 110. In total there are 4 states: q0, q1, q2 e q4. q0 is both the initial and the final state.Le transizioni sono: q0 with value 1 goes goes q1, q1 with value 1 goes goes q2, q4 with value 0 goes to q0.;[];the transition is not defined.;[];True;True;False;True;False;True
59;How many states does the automaton have ;what are the transitions from q4 ;How many states does the automaton have . what are the transitions from q4 ;This automaton has 4 states;[('simbolo-q0', '#04ed00', 'stroke'), ('simbolo-q1', '#04ed00', 'stroke'), ('simbolo-q2', '#04ed00', 'stroke'), ('simbolo-q4', '#04ed00', 'stroke')];there is no transition between q0 and q0.;[];This automaton has 4 states;[('simbolo-q0', '#04ed00', 'stroke'), ('simbolo-q1', '#04ed00', 'stroke'), ('simbolo-q2', '#04ed00', 'stroke'), ('simbolo-q4', '#04ed00', 'stroke')];True;True;False;False;False;True
59;How many states does the automaton have ;Is there an arc from q0 to q1 ;How many states does the automaton have . Is there an arc from q0 to q1 ;This automaton has 4 states;[('simbolo-q0', '#04ed00', 'stroke'), ('simbolo-q1', '#04ed00', 'stroke'), ('simbolo-q2', '#04ed00', 'stroke'), ('simbolo-q4', '#04ed00', 'stroke')];The transition between q0 and q1 is with value 1.;[('simbolo-q0-q1', '#04ed00', 'stroke')];This automaton has 4 states;[('simbolo-q0', '#04ed00', 'stroke'), ('simbolo-q1', '#04ed00', 'stroke'), ('simbolo-q2', '#04ed00', 'stroke'), ('simbolo-q4', '#04ed00', 'stroke')];True;True;False;False;False;False
61;What transitions enter and exit q0 ;There is a transition between q2 and q0 ;What transitions enter and exit q0 . There is a transition between q2 and q0 ;the transition is not defined.;[];there is no transition between q2 and q0.;[];there is no transition between q0 and q2.;[];False;True;False;True;False;True
61;What transitions enter and exit q0 ;Is there a transition from q0 to q5 ;What transitions enter and exit q0 . Is there a transition from q0 to q5 ;the transition is not defined.;[];the transition is not defined.;[];the transition is not defined.;[];True;True;True;True;False;True
62;What transitions enter and exit q1 ;What about transitions ;What transitions enter and exit q1 . What about transitions ;the transition is not defined.;[];there is no transition between q0 and q0.;[];there is no transition between q0 and q0.;[];False;True;True;True;False;True
62;What transitions enter and exit q1 ;Descrivi l automa ;What transitions enter and exit q1 . Descrivi l automa ;the transition is not defined.;[];The automaton accepts zero or more words formed by a sequence of the type 110. In total there are 4 states: q0, q1, q2 e q4. q0 is both the initial and the final state.Le transizioni sono: q0 with value 1 goes goes q1, q1 with value 1 goes goes q2, q4 with value 0 goes to q0.;[];there is no transition between q0 and q0.;[];False;True;False;True;False;True
63;What transitions enter and exit q2 ;how many states and edges ;What transitions enter and exit q2 . how many states and edges ;the transition is not defined.;[];This automaton has 4 states;[('simbolo-q0', '#04ed00', 'stroke'), ('simbolo-q1', '#04ed00', 'stroke'), ('simbolo-q2', '#04ed00', 'stroke'), ('simbolo-q4', '#04ed00', 'stroke')];there is no transition between q0 and q0.;[];False;True;False;False;False;False
63;What transitions enter and exit q2 ;Summarise the automaton ;What transitions enter and exit q2 . Summarise the automaton ;the transition is not defined.;[];The automaton accepts zero or more words formed by a sequence of the type 110. In total there are 4 states: q0, q1, q2 e q4. q0 is both the initial and the final state.Le transizioni sono: q0 with value 1 goes goes q1, q1 with value 1 goes goes q2, q4 with value 0 goes to q0.;[];there is no transition between q0 and q0.;[];False;True;False;True;False;True
64;What transitions enter and exit q4 ;What are the states connected to q0 ;What transitions enter and exit q4 . What are the states connected to q0 ;the transition is not defined.;[];The state q0 exists.;[('simbolo-q0', '#04ed00', 'stroke')];the transition is not defined.;[];True;True;False;False;False;False
64;What transitions enter and exit q4 ;what are the symbols accepted by the automaton ;What transitions enter and exit q4 . what are the symbols accepted by the automaton ;the transition is not defined.;[];Potresti essere più specifico?;[];there is no transition between q0 and q0.;[];False;True;False;True;False;True
65;What transitions enter and exit q3 ;describe me the language accepted;What transitions enter and exit q3 . describe me the language accepted;the transition is not defined.;[];Potresti essere più specifico?;[];the transition is not defined.;[];True;True;False;True;False;True
65;What transitions enter and exit q3 ;What is the starting state of the automaton;What transitions enter and exit q3 . What is the starting state of the automaton;the transition is not defined.;[];The initial state is q0.;[('simbolo-q0', '#04ed00', 'stroke')];the transition is not defined.;[];True;True;False;False;False;False
68;How many states are there ;How many states are there ;How many states are there . How many states are there ;This automaton has 4 states;[('simbolo-q0', '#04ed00', 'stroke'), ('simbolo-q1', '#04ed00', 'stroke'), ('simbolo-q2', '#04ed00', 'stroke'), ('simbolo-q4', '#04ed00', 'stroke')];This automaton has 4 states;[('simbolo-q0', '#04ed00', 'stroke'), ('simbolo-q1', '#04ed00', 'stroke'), ('simbolo-q2', '#04ed00', 'stroke'), ('simbolo-q4', '#04ed00', 'stroke')];This automaton has 4 states;[('simbolo-q0', '#04ed00', 'stroke'), ('simbolo-q1', '#04ed00', 'stroke'), ('simbolo-q2', '#04ed00', 'stroke'), ('simbolo-q4', '#04ed00', 'stroke')];True;True;True;True;False;False
68;How many states are there ;is there an arc from q2 to q1 ;How many states are there . is there an arc from q2 to q1 ;This automaton has 4 states;[('simbolo-q0', '#04ed00', 'stroke'), ('simbolo-q1', '#04ed00', 'stroke'), ('simbolo-q2', '#04ed00', 'stroke'), ('simbolo-q4', '#04ed00', 'stroke')];there is no transition between q2 and q1.;[];This automaton has 4 states;[('simbolo-q0', '#04ed00', 'stroke'), ('simbolo-q1', '#04ed00', 'stroke'), ('simbolo-q2', '#04ed00', 'stroke'), ('simbolo-q4', '#04ed00', 'stroke')];True;True;False;False;False;True
69;How many transitions are there ;is q1 linked to q4 ;How many transitions are there . is q1 linked to q4 ;The automaton has 3 transitions: q0 con valore 1 va in q1, q1 con valore 1 va in q2, q4 con valore 0 va in q0.;[('simbolo-q0-q1', '#04ed00', 'stroke'), ('simbolo-q1-q2', '#04ed00', 'stroke'), ('simbolo-q4-q0', '#04ed00', 'stroke')];there is no transition between q1 and q4.;[];The automaton has 3 transitions: q0 con valore 1 va in q1, q1 con valore 1 va in q2, q4 con valore 0 va in q0.;[('simbolo-q0-q1', '#04ed00', 'stroke'), ('simbolo-q1-q2', '#04ed00', 'stroke'), ('simbolo-q4-q0', '#04ed00', 'stroke')];True;True;False;False;False;True
69;How many transitions are there ;Summarise the automaton ;How many transitions are there . Summarise the automaton ;The automaton has 3 transitions: q0 con valore 1 va in q1, q1 con valore 1 va in q2, q4 con valore 0 va in q0.;[('simbolo-q0-q1', '#04ed00', 'stroke'), ('simbolo-q1-q2', '#04ed00', 'stroke'), ('simbolo-q4-q0', '#04ed00', 'stroke')];The automaton accepts zero or more words formed by a sequence of the type 110. In total there are 4 states: q0, q1, q2 e q4. q0 is both the initial and the final state.Le transizioni sono: q0 with value 1 goes goes q1, q1 with value 1 goes goes q2, q4 with value 0 goes to q0.;[];The automaton has 3 transitions: q0 con valore 1 va in q1, q1 con valore 1 va in q2, q4 con valore 0 va in q0.;[('simbolo-q0-q1', '#04ed00', 'stroke'), ('simbolo-q1-q2', '#04ed00', 'stroke'), ('simbolo-q4-q0', '#04ed00', 'stroke')];True;True;False;False;False;True
71;How many nodes are there ;how many states ;How many nodes are there . how many states ;This automaton has 4 states;[('simbolo-q0', '#04ed00', 'stroke'), ('simbolo-q1', '#04ed00', 'stroke'), ('simbolo-q2', '#04ed00', 'stroke'), ('simbolo-q4', '#04ed00', 'stroke')];This automaton has 4 states;[('simbolo-q0', '#04ed00', 'stroke'), ('simbolo-q1', '#04ed00', 'stroke'), ('simbolo-q2', '#04ed00', 'stroke'), ('simbolo-q4', '#04ed00', 'stroke')];This automaton has 4 states;[('simbolo-q0', '#04ed00', 'stroke'), ('simbolo-q1', '#04ed00', 'stroke'), ('simbolo-q2', '#04ed00', 'stroke'), ('simbolo-q4', '#04ed00', 'stroke')];True;True;True;True;False;False
71;How many nodes are there ;how many states does the automaton have ;How many nodes are there . how many states does the automaton have ;This automaton has 4 states;[('simbolo-q0', '#04ed00', 'stroke'), ('simbolo-q1', '#04ed00', 'stroke'), ('simbolo-q2', '#04ed00', 'stroke'), ('simbolo-q4', '#04ed00', 'stroke')];This automaton has 4 states;[('simbolo-q0', '#04ed00', 'stroke'), ('simbolo-q1', '#04ed00', 'stroke'), ('simbolo-q2', '#04ed00', 'stroke'), ('simbolo-q4', '#04ed00', 'stroke')];This automaton has 4 states;[('simbolo-q0', '#04ed00', 'stroke'), ('simbolo-q1', '#04ed00', 'stroke'), ('simbolo-q2', '#04ed00', 'stroke'), ('simbolo-q4', '#04ed00', 'stroke')];True;True;True;True;False;False
72;Which is the initial state ;Can you provide me some examples of inputs ;Which is the initial state . Can you provide me some examples of inputs ;The initial state is q0.;[('simbolo-q0', '#04ed00', 'stroke')];Potresti essere più specifico?;[];The initial state is q0.;[('simbolo-q0', '#04ed00', 'stroke')];True;True;False;False;False;True
72;Which is the initial state ;can you deescribe the transitions ;Which is the initial state . can you deescribe the transitions ;The initial state is q0.;[('simbolo-q0', '#04ed00', 'stroke')];The automaton has 3 transitions: q0 con valore 1 va in q1, q1 con valore 1 va in q2, q4 con valore 0 va in q0.;[('simbolo-q0-q1', '#04ed00', 'stroke'), ('simbolo-q1-q2', '#04ed00', 'stroke'), ('simbolo-q4-q0', '#04ed00', 'stroke')];The initial state is q0.;[('simbolo-q0', '#04ed00', 'stroke')];True;True;False;False;False;False
73;How many states ;What happens when a 0 comes to state q1 ;How many states . What happens when a 0 comes to state q1 ;This automaton has 4 states;[('simbolo-q0', '#04ed00', 'stroke'), ('simbolo-q1', '#04ed00', 'stroke'), ('simbolo-q2', '#04ed00', 'stroke'), ('simbolo-q4', '#04ed00', 'stroke')];The automaton has 4 states: q0, q1, q2 e q4.;[('simbolo-q0', '#04ed00', 'stroke'), ('simbolo-q1', '#04ed00', 'stroke'), ('simbolo-q2', '#04ed00', 'stroke'), ('simbolo-q4', '#04ed00', 'stroke')];This automaton has 4 states;[('simbolo-q0', '#04ed00', 'stroke'), ('simbolo-q1', '#04ed00', 'stroke'), ('simbolo-q2', '#04ed00', 'stroke'), ('simbolo-q4', '#04ed00', 'stroke')];True;True;False;True;False;False
73;How many states ;if the input is 110 which is the result ;How many states . if the input is 110 which is the result ;This automaton has 4 states;[('simbolo-q0', '#04ed00', 'stroke'), ('simbolo-q1', '#04ed00', 'stroke'), ('simbolo-q2', '#04ed00', 'stroke'), ('simbolo-q4', '#04ed00', 'stroke')];Potresti essere più specifico?;[];This automaton has 4 states;[('simbolo-q0', '#04ed00', 'stroke'), ('simbolo-q1', '#04ed00', 'stroke'), ('simbolo-q2', '#04ed00', 'stroke'), ('simbolo-q4', '#04ed00', 'stroke')];True;True;False;False;False;True
74;Please describe the automaton ;What is the final state of an automaton ;Please describe the automaton . What is the final state of an automaton ;The automaton accepts zero or more words formed by a sequence of the type 110. In total there are 4 states: q0, q1, q2 e q4. q0 is both the initial and the final state.Le transizioni sono: q0 with value 1 goes goes q1, q1 with value 1 goes goes q2, q4 with value 0 goes to q0.;[];The final state is q0.;[('simbolo-q0', '#04ed00', 'stroke')];The automaton accepts zero or more words formed by a sequence of the type 110. In total there are 4 states: q0, q1, q2 e q4. q0 is both the initial and the final state.Le transizioni sono: q0 with value 1 goes goes q1, q1 with value 1 goes goes q2, q4 with value 0 goes to q0.;[];True;True;False;False;False;False
74;Please describe the automaton ;Tell me a little bit about the automaton ;Please describe the automaton . Tell me a little bit about the automaton ;The automaton accepts zero or more words formed by a sequence of the type 110. In total there are 4 states: q0, q1, q2 e q4. q0 is both the initial and the final state.Le transizioni sono: q0 with value 1 goes goes q1, q1 with value 1 goes goes q2, q4 with value 0 goes to q0.;[];The automaton accepts zero or more words formed by a sequence of the type 110. In total there are 4 states: q0, q1, q2 e q4. q0 is both the initial and the final state.Le transizioni sono: q0 with value 1 goes goes q1, q1 with value 1 goes goes q2, q4 with value 0 goes to q0.;[];The automaton accepts zero or more words formed by a sequence of the type 110. In total there are 4 states: q0, q1, q2 e q4. q0 is both the initial and the final state.Le transizioni sono: q0 with value 1 goes goes q1, q1 with value 1 goes goes q2, q4 with value 0 goes to q0.;[];True;True;True;True;False;True
75;Can you provide a representation of the automaton ;is 1 a label for some arc;Can you provide a representation of the automaton . is 1 a label for some arc;The automaton accepts zero or more words formed by a sequence of the type 110. In total there are 4 states: q0, q1, q2 e q4. q0 is both the initial and the final state.Le transizioni sono: q0 with value 1 goes goes q1, q1 with value 1 goes goes q2, q4 with value 0 goes to q0.;[];the transition is not defined.;[];The automaton accepts zero or more words formed by a sequence of the type 110. In total there are 4 states: q0, q1, q2 e q4. q0 is both the initial and the final state.Le transizioni sono: q0 with value 1 goes goes q1, q1 with value 1 goes goes q2, q4 with value 0 goes to q0.;[];True;True;False;True;False;True
75;Can you provide a representation of the automaton ;suggest me some questions;Can you provide a representation of the automaton . suggest me some questions;The automaton accepts zero or more words formed by a sequence of the type 110. In total there are 4 states: q0, q1, q2 e q4. q0 is both the initial and the final state.Le transizioni sono: q0 with value 1 goes goes q1, q1 with value 1 goes goes q2, q4 with value 0 goes to q0.;[];Potresti essere più specifico?;[];The automaton accepts zero or more words formed by a sequence of the type 110. In total there are 4 states: q0, q1, q2 e q4. q0 is both the initial and the final state.Le transizioni sono: q0 with value 1 goes goes q1, q1 with value 1 goes goes q2, q4 with value 0 goes to q0.;[];True;True;False;True;False;True
76;Describe graphically automaton ;what is the regular expression describing the automata ;Describe graphically automaton . what is the regular expression describing the automata ;The automaton accepts zero or more words formed by a sequence of the type 110. In total there are 4 states: q0, q1, q2 e q4. q0 is both the initial and the final state.Le transizioni sono: q0 with value 1 goes goes q1, q1 with value 1 goes goes q2, q4 with value 0 goes to q0.;[];Potresti essere più specifico?;[];The automaton accepts zero or more words formed by a sequence of the type 110. In total there are 4 states: q0, q1, q2 e q4. q0 is both the initial and the final state.Le transizioni sono: q0 with value 1 goes goes q1, q1 with value 1 goes goes q2, q4 with value 0 goes to q0.;[];True;True;False;True;False;True
76;Describe graphically automaton ;atomaton 2 ;Describe graphically automaton . atomaton 2 ;The automaton accepts zero or more words formed by a sequence of the type 110. In total there are 4 states: q0, q1, q2 e q4. q0 is both the initial and the final state.Le transizioni sono: q0 with value 1 goes goes q1, q1 with value 1 goes goes q2, q4 with value 0 goes to q0.;[];The automaton accepts zero or more words formed by a sequence of the type 110. In total there are 4 states: q0, q1, q2 e q4. q0 is both the initial and the final state.Le transizioni sono: q0 with value 1 goes goes q1, q1 with value 1 goes goes q2, q4 with value 0 goes to q0.;[];The automaton accepts zero or more words formed by a sequence of the type 110. In total there are 4 states: q0, q1, q2 e q4. q0 is both the initial and the final state.Le transizioni sono: q0 with value 1 goes goes q1, q1 with value 1 goes goes q2, q4 with value 0 goes to q0.;[];True;True;True;True;False;True
79;Which is the initial state ;what can i ask you;Which is the initial state . what can i ask you;The initial state is q0.;[('simbolo-q0', '#04ed00', 'stroke')];Potresti essere più specifico?;[];The initial state is q0.;[('simbolo-q0', '#04ed00', 'stroke')];True;True;False;False;False;True
79;Which is the initial state ;what is the final state;Which is the initial state . what is the final state;The initial state is q0.;[('simbolo-q0', '#04ed00', 'stroke')];The final state is q0.;[('simbolo-q0', '#04ed00', 'stroke')];The initial state is q0.;[('simbolo-q0', '#04ed00', 'stroke')];True;True;False;True;False;False
81;Can you describe the transition function ;How many states are there ;Can you describe the transition function . How many states are there ;The automaton has 3 transitions: q0 con valore 1 va in q1, q1 con valore 1 va in q2, q4 con valore 0 va in q0.;[('simbolo-q0-q1', '#04ed00', 'stroke'), ('simbolo-q1-q2', '#04ed00', 'stroke'), ('simbolo-q4-q0', '#04ed00', 'stroke')];This automaton has 4 states;[('simbolo-q0', '#04ed00', 'stroke'), ('simbolo-q1', '#04ed00', 'stroke'), ('simbolo-q2', '#04ed00', 'stroke'), ('simbolo-q4', '#04ed00', 'stroke')];Potresti essere più specifico?;[];False;False;False;False;False;False
81;Can you describe the transition function ;Describe graphically automaton ;Can you describe the transition function . Describe graphically automaton ;The automaton has 3 transitions: q0 con valore 1 va in q1, q1 con valore 1 va in q2, q4 con valore 0 va in q0.;[('simbolo-q0-q1', '#04ed00', 'stroke'), ('simbolo-q1-q2', '#04ed00', 'stroke'), ('simbolo-q4-q0', '#04ed00', 'stroke')];The automaton accepts zero or more words formed by a sequence of the type 110. In total there are 4 states: q0, q1, q2 e q4. q0 is both the initial and the final state.Le transizioni sono: q0 with value 1 goes goes q1, q1 with value 1 goes goes q2, q4 with value 0 goes to q0.;[];there is no transition between q0 and q0.;[];False;False;False;True;False;False
83;Talk me about transitions ;there is a particular pattern among them ;Talk me about transitions . there is a particular pattern among them ;there is no transition between q0 and q0.;[];Potresti essere più specifico?;[];The automaton has 3 transitions: q0 con valore 1 va in q1, q1 con valore 1 va in q2, q4 con valore 0 va in q0.;[('simbolo-q0-q1', '#04ed00', 'stroke'), ('simbolo-q1-q2', '#04ed00', 'stroke'), ('simbolo-q4-q0', '#04ed00', 'stroke')];False;False;False;False;False;False
83;Talk me about transitions ;According to your understanding of Automaton 2 what is its optimal spatial representation ;Talk me about transitions . According to your understanding of Automaton 2 what is its optimal spatial representation ;there is no transition between q0 and q0.;[];Potresti essere più specifico?;[];The automaton has 3 transitions: q0 con valore 1 va in q1, q1 con valore 1 va in q2, q4 con valore 0 va in q0.;[('simbolo-q0-q1', '#04ed00', 'stroke'), ('simbolo-q1-q2', '#04ed00', 'stroke'), ('simbolo-q4-q0', '#04ed00', 'stroke')];False;False;False;False;False;False
87;Which is the initial state ;How is the automaton represented ;Which is the initial state . How is the automaton represented ;The initial state is q0.;[('simbolo-q0', '#04ed00', 'stroke')];The automaton accepts zero or more words formed by a sequence of the type 110. In total there are 4 states: q0, q1, q2 e q4. q0 is both the initial and the final state.Le transizioni sono: q0 with value 1 goes goes q1, q1 with value 1 goes goes q2, q4 with value 0 goes to q0.;[];The initial state is q0.;[('simbolo-q0', '#04ed00', 'stroke')];True;True;False;False;False;True
87;Which is the initial state ;What happens if the input does not follow the sequence of three 1s followed by two 0s;Which is the initial state . What happens if the input does not follow the sequence of three 1s followed by two 0s;The initial state is q0.;[('simbolo-q0', '#04ed00', 'stroke')];The automaton accepts zero or more words formed by a sequence of the type 110. In total there are 4 states: q0, q1, q2 e q4. q0 is both the initial and the final state.Le transizioni sono: q0 with value 1 goes goes q1, q1 with value 1 goes goes q2, q4 with value 0 goes to q0.;[];The initial state is q0.;[('simbolo-q0', '#04ed00', 'stroke')];True;True;False;False;False;True
89;what is automation ;Could you briefly describe the automaton ;what is automation . Could you briefly describe the automaton ;The automaton accepts zero or more words formed by a sequence of the type 110. In total there are 4 states: q0, q1, q2 e q4. q0 is both the initial and the final state.Le transizioni sono: q0 with value 1 goes goes q1, q1 with value 1 goes goes q2, q4 with value 0 goes to q0.;[];The automaton accepts zero or more words formed by a sequence of the type 110. In total there are 4 states: q0, q1, q2 e q4. q0 is both the initial and the final state.Le transizioni sono: q0 with value 1 goes goes q1, q1 with value 1 goes goes q2, q4 with value 0 goes to q0.;[];The automaton accepts zero or more words formed by a sequence of the type 110. In total there are 4 states: q0, q1, q2 e q4. q0 is both the initial and the final state.Le transizioni sono: q0 with value 1 goes goes q1, q1 with value 1 goes goes q2, q4 with value 0 goes to q0.;[];True;True;True;True;False;True
89;what is automation ;Can you describe the automaton ;what is automation . Can you describe the automaton ;The automaton accepts zero or more words formed by a sequence of the type 110. In total there are 4 states: q0, q1, q2 e q4. q0 is both the initial and the final state.Le transizioni sono: q0 with value 1 goes goes q1, q1 with value 1 goes goes q2, q4 with value 0 goes to q0.;[];The automaton accepts zero or more words formed by a sequence of the type 110. In total there are 4 states: q0, q1, q2 e q4. q0 is both the initial and the final state.Le transizioni sono: q0 with value 1 goes goes q1, q1 with value 1 goes goes q2, q4 with value 0 goes to q0.;[];The automaton accepts zero or more words formed by a sequence of the type 110. In total there are 4 states: q0, q1, q2 e q4. q0 is both the initial and the final state.Le transizioni sono: q0 with value 1 goes goes q1, q1 with value 1 goes goes q2, q4 with value 0 goes to q0.;[];True;True;True;True;False;True
90;how many states ;describe me the automaton ;how many states . describe me the automaton ;This automaton has 4 states;[('simbolo-q0', '#04ed00', 'stroke'), ('simbolo-q1', '#04ed00', 'stroke'), ('simbolo-q2', '#04ed00', 'stroke'), ('simbolo-q4', '#04ed00', 'stroke')];The automaton accepts zero or more words formed by a sequence of the type 110. In total there are 4 states: q0, q1, q2 e q4. q0 is both the initial and the final state.Le transizioni sono: q0 with value 1 goes goes q1, q1 with value 1 goes goes q2, q4 with value 0 goes to q0.;[];This automaton has 4 states;[('simbolo-q0', '#04ed00', 'stroke'), ('simbolo-q1', '#04ed00', 'stroke'), ('simbolo-q2', '#04ed00', 'stroke'), ('simbolo-q4', '#04ed00', 'stroke')];True;True;False;False;False;True
90;how many states ;How is the automaton represented ;how many states . How is the automaton represented ;This automaton has 4 states;[('simbolo-q0', '#04ed00', 'stroke'), ('simbolo-q1', '#04ed00', 'stroke'), ('simbolo-q2', '#04ed00', 'stroke'), ('simbolo-q4', '#04ed00', 'stroke')];The automaton accepts zero or more words formed by a sequence of the type 110. In total there are 4 states: q0, q1, q2 e q4. q0 is both the initial and the final state.Le transizioni sono: q0 with value 1 goes goes q1, q1 with value 1 goes goes q2, q4 with value 0 goes to q0.;[];This automaton has 4 states;[('simbolo-q0', '#04ed00', 'stroke'), ('simbolo-q1', '#04ed00', 'stroke'), ('simbolo-q2', '#04ed00', 'stroke'), ('simbolo-q4', '#04ed00', 'stroke')];True;True;False;False;False;True
92;can you describe the automaton ;Can you describe the automaton ;can you describe the automaton . Can you describe the automaton ;The automaton accepts zero or more words formed by a sequence of the type 110. In total there are 4 states: q0, q1, q2 e q4. q0 is both the initial and the final state.Le transizioni sono: q0 with value 1 goes goes q1, q1 with value 1 goes goes q2, q4 with value 0 goes to q0.;[];The automaton accepts zero or more words formed by a sequence of the type 110. In total there are 4 states: q0, q1, q2 e q4. q0 is both the initial and the final state.Le transizioni sono: q0 with value 1 goes goes q1, q1 with value 1 goes goes q2, q4 with value 0 goes to q0.;[];The automaton accepts zero or more words formed by a sequence of the type 110. In total there are 4 states: q0, q1, q2 e q4. q0 is both the initial and the final state.Le transizioni sono: q0 with value 1 goes goes q1, q1 with value 1 goes goes q2, q4 with value 0 goes to q0.;[];True;True;True;True;False;True
92;can you describe the automaton ;is 1 a label for some arc;can you describe the automaton . is 1 a label for some arc;The automaton accepts zero or more words formed by a sequence of the type 110. In total there are 4 states: q0, q1, q2 e q4. q0 is both the initial and the final state.Le transizioni sono: q0 with value 1 goes goes q1, q1 with value 1 goes goes q2, q4 with value 0 goes to q0.;[];the transition is not defined.;[];The automaton accepts zero or more words formed by a sequence of the type 110. In total there are 4 states: q0, q1, q2 e q4. q0 is both the initial and the final state.Le transizioni sono: q0 with value 1 goes goes q1, q1 with value 1 goes goes q2, q4 with value 0 goes to q0.;[];True;True;False;True;False;True
94;How are transitions defined ;How many states are there ;How are transitions defined . How many states are there ;The automaton has 3 transitions: q0 con valore 1 va in q1, q1 con valore 1 va in q2, q4 con valore 0 va in q0.;[('simbolo-q0-q1', '#04ed00', 'stroke'), ('simbolo-q1-q2', '#04ed00', 'stroke'), ('simbolo-q4-q0', '#04ed00', 'stroke')];This automaton has 4 states;[('simbolo-q0', '#04ed00', 'stroke'), ('simbolo-q1', '#04ed00', 'stroke'), ('simbolo-q2', '#04ed00', 'stroke'), ('simbolo-q4', '#04ed00', 'stroke')];there is no transition between q0 and q0.;[];False;False;False;False;False;False
94;How are transitions defined ;How many states are These ;How are transitions defined . How many states are These ;The automaton has 3 transitions: q0 con valore 1 va in q1, q1 con valore 1 va in q2, q4 con valore 0 va in q0.;[('simbolo-q0-q1', '#04ed00', 'stroke'), ('simbolo-q1-q2', '#04ed00', 'stroke'), ('simbolo-q4-q0', '#04ed00', 'stroke')];This automaton has 4 states;[('simbolo-q0', '#04ed00', 'stroke'), ('simbolo-q1', '#04ed00', 'stroke'), ('simbolo-q2', '#04ed00', 'stroke'), ('simbolo-q4', '#04ed00', 'stroke')];there is no transition between q0 and q0.;[];False;False;False;False;False;False
95;can you deescribe the transitions ;what is an automaton ;can you deescribe the transitions . what is an automaton ;The automaton has 3 transitions: q0 con valore 1 va in q1, q1 con valore 1 va in q2, q4 con valore 0 va in q0.;[('simbolo-q0-q1', '#04ed00', 'stroke'), ('simbolo-q1-q2', '#04ed00', 'stroke'), ('simbolo-q4-q0', '#04ed00', 'stroke')];The automaton accepts zero or more words formed by a sequence of the type 110. In total there are 4 states: q0, q1, q2 e q4. q0 is both the initial and the final state.Le transizioni sono: q0 with value 1 goes goes q1, q1 with value 1 goes goes q2, q4 with value 0 goes to q0.;[];there is no transition between q0 and q0.;[];False;False;False;True;False;False
95;can you deescribe the transitions ;are there other final states;can you deescribe the transitions . are there other final states;The automaton has 3 transitions: q0 con valore 1 va in q1, q1 con valore 1 va in q2, q4 con valore 0 va in q0.;[('simbolo-q0-q1', '#04ed00', 'stroke'), ('simbolo-q1-q2', '#04ed00', 'stroke'), ('simbolo-q4-q0', '#04ed00', 'stroke')];The final state is q0.;[('simbolo-q0', '#04ed00', 'stroke')];there is no transition between q0 and q0.;[];False;False;False;False;False;False
96;can you describe the transitions ;What can I use finite state automata for ;can you describe the transitions . What can I use finite state automata for ;there is no transition between q0 and q0.;[];The automaton accepts zero or more words formed by a sequence of the type 110. In total there are 4 states: q0, q1, q2 e q4. q0 is both the initial and the final state.Le transizioni sono: q0 with value 1 goes goes q1, q1 with value 1 goes goes q2, q4 with value 0 goes to q0.;[];there is no transition between q0 and q0.;[];True;True;False;True;False;True
96;can you describe the transitions ;how many states has the automata ;can you describe the transitions . how many states has the automata ;there is no transition between q0 and q0.;[];This automaton has 4 states;[('simbolo-q0', '#04ed00', 'stroke'), ('simbolo-q1', '#04ed00', 'stroke'), ('simbolo-q2', '#04ed00', 'stroke'), ('simbolo-q4', '#04ed00', 'stroke')];there is no transition between q0 and q0.;[];True;True;False;False;False;False
99;Can you describe the automaton ;What transitions does the automaton have ;Can you describe the automaton . What transitions does the automaton have ;The automaton accepts zero or more words formed by a sequence of the type 110. In total there are 4 states: q0, q1, q2 e q4. q0 is both the initial and the final state.Le transizioni sono: q0 with value 1 goes goes q1, q1 with value 1 goes goes q2, q4 with value 0 goes to q0.;[];there is no transition between q0 and q0.;[];The automaton accepts zero or more words formed by a sequence of the type 110. In total there are 4 states: q0, q1, q2 e q4. q0 is both the initial and the final state.Le transizioni sono: q0 with value 1 goes goes q1, q1 with value 1 goes goes q2, q4 with value 0 goes to q0.;[];True;True;False;True;False;True
99;Can you describe the automaton ;start states;Can you describe the automaton . start states;The automaton accepts zero or more words formed by a sequence of the type 110. In total there are 4 states: q0, q1, q2 e q4. q0 is both the initial and the final state.Le transizioni sono: q0 with value 1 goes goes q1, q1 with value 1 goes goes q2, q4 with value 0 goes to q0.;[];The state q0 exists.;[('simbolo-q0', '#04ed00', 'stroke')];The automaton has 4 states: q0, q1, q2 e q4.;[('simbolo-q0', '#04ed00', 'stroke'), ('simbolo-q1', '#04ed00', 'stroke'), ('simbolo-q2', '#04ed00', 'stroke'), ('simbolo-q4', '#04ed00', 'stroke')];False;False;False;False;False;False
103;How many transitions are there in the automaton ;Is there an arc from q2 to q3 ;How many transitions are there in the automaton . Is there an arc from q2 to q3 ;The automaton has 3 transitions: q0 con valore 1 va in q1, q1 con valore 1 va in q2, q4 con valore 0 va in q0.;[('simbolo-q0-q1', '#04ed00', 'stroke'), ('simbolo-q1-q2', '#04ed00', 'stroke'), ('simbolo-q4-q0', '#04ed00', 'stroke')];The transition between q2 and q3 is with value 0.;[('simbolo-q2-q3', '#04ed00', 'stroke')];The automaton has 3 transitions: q0 con valore 1 va in q1, q1 con valore 1 va in q2, q4 con valore 0 va in q0.;[('simbolo-q0-q1', '#04ed00', 'stroke'), ('simbolo-q1-q2', '#04ed00', 'stroke'), ('simbolo-q4-q0', '#04ed00', 'stroke')];True;True;False;False;False;False
103;How many transitions are there in the automaton ;describe the position of nodes;How many transitions are there in the automaton . describe the position of nodes;The automaton has 3 transitions: q0 con valore 1 va in q1, q1 con valore 1 va in q2, q4 con valore 0 va in q0.;[('simbolo-q0-q1', '#04ed00', 'stroke'), ('simbolo-q1-q2', '#04ed00', 'stroke'), ('simbolo-q4-q0', '#04ed00', 'stroke')];The automaton has 4 states: q0, q1, q2 e q4.;[('simbolo-q0', '#04ed00', 'stroke'), ('simbolo-q1', '#04ed00', 'stroke'), ('simbolo-q2', '#04ed00', 'stroke'), ('simbolo-q4', '#04ed00', 'stroke')];The automaton has 3 transitions: q0 con valore 1 va in q1, q1 con valore 1 va in q2, q4 con valore 0 va in q0.;[('simbolo-q0-q1', '#04ed00', 'stroke'), ('simbolo-q1-q2', '#04ed00', 'stroke'), ('simbolo-q4-q0', '#04ed00', 'stroke')];True;True;False;False;False;False
105;Is there a transition from q0 to q5 ;How many states are there ;Is there a transition from q0 to q5 . How many states are there ;the transition is not defined.;[];This automaton has 4 states;[('simbolo-q0', '#04ed00', 'stroke'), ('simbolo-q1', '#04ed00', 'stroke'), ('simbolo-q2', '#04ed00', 'stroke'), ('simbolo-q4', '#04ed00', 'stroke')];the transition is not defined.;[];True;True;False;False;False;False
105;Is there a transition from q0 to q5 ;how many arcs there are ;Is there a transition from q0 to q5 . how many arcs there are ;the transition is not defined.;[];The automaton has 3 transitions: q0 con valore 1 va in q1, q1 con valore 1 va in q2, q4 con valore 0 va in q0.;[('simbolo-q0-q1', '#04ed00', 'stroke'), ('simbolo-q1-q2', '#04ed00', 'stroke'), ('simbolo-q4-q0', '#04ed00', 'stroke')];the transition is not defined.;[];True;True;False;False;False;False
106;what are all the transictions ;can you describe me the automaton ;what are all the transictions . can you describe me the automaton ;there is no transition between q0 and q0.;[];The automaton accepts zero or more words formed by a sequence of the type 110. In total there are 4 states: q0, q1, q2 e q4. q0 is both the initial and the final state.Le transizioni sono: q0 with value 1 goes goes q1, q1 with value 1 goes goes q2, q4 with value 0 goes to q0.;[];there is no transition between q0 and q0.;[];True;True;False;True;False;True
106;what are all the transictions ;Describe the automaton ;what are all the transictions . Describe the automaton ;there is no transition between q0 and q0.;[];The automaton accepts zero or more words formed by a sequence of the type 110. In total there are 4 states: q0, q1, q2 e q4. q0 is both the initial and the final state.Le transizioni sono: q0 with value 1 goes goes q1, q1 with value 1 goes goes q2, q4 with value 0 goes to q0.;[];there is no transition between q0 and q0.;[];True;True;False;True;False;True
107;Please describe the transitions ;describe me the automaton ;Please describe the transitions . describe me the automaton ;The automaton has 3 transitions: q0 con valore 1 va in q1, q1 con valore 1 va in q2, q4 con valore 0 va in q0.;[('simbolo-q0-q1', '#04ed00', 'stroke'), ('simbolo-q1-q2', '#04ed00', 'stroke'), ('simbolo-q4-q0', '#04ed00', 'stroke')];The automaton accepts zero or more words formed by a sequence of the type 110. In total there are 4 states: q0, q1, q2 e q4. q0 is both the initial and the final state.Le transizioni sono: q0 with value 1 goes goes q1, q1 with value 1 goes goes q2, q4 with value 0 goes to q0.;[];there is no transition between q0 and q0.;[];False;False;False;True;False;False
107;Please describe the transitions ;does the automaton accept other languages;Please describe the transitions . does the automaton accept other languages;The automaton has 3 transitions: q0 con valore 1 va in q1, q1 con valore 1 va in q2, q4 con valore 0 va in q0.;[('simbolo-q0-q1', '#04ed00', 'stroke'), ('simbolo-q1-q2', '#04ed00', 'stroke'), ('simbolo-q4-q0', '#04ed00', 'stroke')];Potresti essere più specifico?;[];there is no transition between q0 and q0.;[];False;False;False;True;False;False
108;Is q0 the final state ;The automaton accepts a language allowing words made of an odd number of 0s and 1s ;Is q0 the final state . The automaton accepts a language allowing words made of an odd number of 0s and 1s ;The final state is q0.;[('simbolo-q0', '#04ed00', 'stroke')];Potresti essere più specifico?;[];The final state is q0.;[('simbolo-q0', '#04ed00', 'stroke')];True;True;False;False;False;True
108;Is q0 the final state ;where is automaton 2 ;Is q0 the final state . where is automaton 2 ;The final state is q0.;[('simbolo-q0', '#04ed00', 'stroke')];The automaton has 4 states: q0, q1, q2 e q4.;[('simbolo-q0', '#04ed00', 'stroke'), ('simbolo-q1', '#04ed00', 'stroke'), ('simbolo-q2', '#04ed00', 'stroke'), ('simbolo-q4', '#04ed00', 'stroke')];The final state is q0.;[('simbolo-q0', '#04ed00', 'stroke')];True;True;False;False;False;False
109;How many states does Automaton 1 have ;What happens when a 0 comes to state q1 ;How many states does Automaton 1 have . What happens when a 0 comes to state q1 ;This automaton has 4 states;[('simbolo-q0', '#04ed00', 'stroke'), ('simbolo-q1', '#04ed00', 'stroke'), ('simbolo-q2', '#04ed00', 'stroke'), ('simbolo-q4', '#04ed00', 'stroke')];The state q1 exists.;[('simbolo-q1', '#04ed00', 'stroke')];This automaton has 4 states;[('simbolo-q0', '#04ed00', 'stroke'), ('simbolo-q1', '#04ed00', 'stroke'), ('simbolo-q2', '#04ed00', 'stroke'), ('simbolo-q4', '#04ed00', 'stroke')];True;True;False;False;False;False
109;How many states does Automaton 1 have ;describe the position of arcs;How many states does Automaton 1 have . describe the position of arcs;This automaton has 4 states;[('simbolo-q0', '#04ed00', 'stroke'), ('simbolo-q1', '#04ed00', 'stroke'), ('simbolo-q2', '#04ed00', 'stroke'), ('simbolo-q4', '#04ed00', 'stroke')];there is no transition between q0 and q0.;[];This automaton has 4 states;[('simbolo-q0', '#04ed00', 'stroke'), ('simbolo-q1', '#04ed00', 'stroke'), ('simbolo-q2', '#04ed00', 'stroke'), ('simbolo-q4', '#04ed00', 'stroke')];True;True;False;False;False;True
110;How many transitions does the automata have ;How is the automaton represented ;How many transitions does the automata have . How is the automaton represented ;The automaton has 3 transitions: q0 con valore 1 va in q1, q1 con valore 1 va in q2, q4 con valore 0 va in q0.;[('simbolo-q0-q1', '#04ed00', 'stroke'), ('simbolo-q1-q2', '#04ed00', 'stroke'), ('simbolo-q4-q0', '#04ed00', 'stroke')];The automaton accepts zero or more words formed by a sequence of the type 110. In total there are 4 states: q0, q1, q2 e q4. q0 is both the initial and the final state.Le transizioni sono: q0 with value 1 goes goes q1, q1 with value 1 goes goes q2, q4 with value 0 goes to q0.;[];The automaton has 3 transitions: q0 con valore 1 va in q1, q1 con valore 1 va in q2, q4 con valore 0 va in q0.;[('simbolo-q0-q1', '#04ed00', 'stroke'), ('simbolo-q1-q2', '#04ed00', 'stroke'), ('simbolo-q4-q0', '#04ed00', 'stroke')];True;True;False;False;False;True
110;How many transitions does the automata have ;Can you provide a representation of the automaton ;How many transitions does the automata have . Can you provide a representation of the automaton ;The automaton has 3 transitions: q0 con valore 1 va in q1, q1 con valore 1 va in q2, q4 con valore 0 va in q0.;[('simbolo-q0-q1', '#04ed00', 'stroke'), ('simbolo-q1-q2', '#04ed00', 'stroke'), ('simbolo-q4-q0', '#04ed00', 'stroke')];The automaton accepts zero or more words formed by a sequence of the type 110. In total there are 4 states: q0, q1, q2 e q4. q0 is both the initial and the final state.Le transizioni sono: q0 with value 1 goes goes q1, q1 with value 1 goes goes q2, q4 with value 0 goes to q0.;[];The automaton has 3 transitions: q0 con valore 1 va in q1, q1 con valore 1 va in q2, q4 con valore 0 va in q0.;[('simbolo-q0-q1', '#04ed00', 'stroke'), ('simbolo-q1-q2', '#04ed00', 'stroke'), ('simbolo-q4-q0', '#04ed00', 'stroke')];True;True;False;False;False;True
111;Show me the transitions of the automaton ;How many transitions are there ;Show me the transitions of the automaton . How many transitions are there ;there is no transition between q0 and q0.;[];The automaton has 3 transitions: q0 con valore 1 va in q1, q1 con valore 1 va in q2, q4 con valore 0 va in q0.;[('simbolo-q0-q1', '#04ed00', 'stroke'), ('simbolo-q1-q2', '#04ed00', 'stroke'), ('simbolo-q4-q0', '#04ed00', 'stroke')];there is no transition between q0 and q0.;[];True;True;False;False;False;False
111;Show me the transitions of the automaton ;how is the automaton represented ;Show me the transitions of the automaton . how is the automaton represented ;there is no transition between q0 and q0.;[];The automaton accepts zero or more words formed by a sequence of the type 110. In total there are 4 states: q0, q1, q2 e q4. q0 is both the initial and the final state.Le transizioni sono: q0 with value 1 goes goes q1, q1 with value 1 goes goes q2, q4 with value 0 goes to q0.;[];there is no transition between q0 and q0.;[];True;True;False;True;False;True
112;What transitions does the automaton have ;Which are the transitions from q3 ;What transitions does the automaton have . Which are the transitions from q3 ;there is no transition between q0 and q0.;[];the transition is not defined.;[];there is no transition between q0 and q0.;[];True;True;False;True;False;True
112;What transitions does the automaton have ;What can I use finite state automata for ;What transitions does the automaton have . What can I use finite state automata for ;there is no transition between q0 and q0.;[];The automaton accepts zero or more words formed by a sequence of the type 110. In total there are 4 states: q0, q1, q2 e q4. q0 is both the initial and the final state.Le transizioni sono: q0 with value 1 goes goes q1, q1 with value 1 goes goes q2, q4 with value 0 goes to q0.;[];there is no transition between q0 and q0.;[];True;True;False;True;False;True
113;Describe the automaton ;Is there a transition from q0 to q5 ;Describe the automaton . Is there a transition from q0 to q5 ;The automaton accepts zero or more words formed by a sequence of the type 110. In total there are 4 states: q0, q1, q2 e q4. q0 is both the initial and the final state.Le transizioni sono: q0 with value 1 goes goes q1, q1 with value 1 goes goes q2, q4 with value 0 goes to q0.;[];the transition is not defined.;[];the transition is not defined.;[];False;True;True;True;False;True
113;Describe the automaton ;how many nodes are there?;Describe the automaton . how many nodes are there?;The automaton accepts zero or more words formed by a sequence of the type 110. In total there are 4 states: q0, q1, q2 e q4. q0 is both the initial and the final state.Le transizioni sono: q0 with value 1 goes goes q1, q1 with value 1 goes goes q2, q4 with value 0 goes to q0.;[];This automaton has 4 states;[('simbolo-q0', '#04ed00', 'stroke'), ('simbolo-q1', '#04ed00', 'stroke'), ('simbolo-q2', '#04ed00', 'stroke'), ('simbolo-q4', '#04ed00', 'stroke')];The automaton has 4 states and 3 transitions.;[];False;True;False;False;False;False
114;briefly describe the automaton ;describe the automaton ;briefly describe the automaton . describe the automaton ;The automaton accepts zero or more words formed by a sequence of the type 110. In total there are 4 states: q0, q1, q2 e q4. q0 is both the initial and the final state.Le transizioni sono: q0 with value 1 goes goes q1, q1 with value 1 goes goes q2, q4 with value 0 goes to q0.;[];The automaton accepts zero or more words formed by a sequence of the type 110. In total there are 4 states: q0, q1, q2 e q4. q0 is both the initial and the final state.Le transizioni sono: q0 with value 1 goes goes q1, q1 with value 1 goes goes q2, q4 with value 0 goes to q0.;[];The automaton accepts zero or more words formed by a sequence of the type 110. In total there are 4 states: q0, q1, q2 e q4. q0 is both the initial and the final state.Le transizioni sono: q0 with value 1 goes goes q1, q1 with value 1 goes goes q2, q4 with value 0 goes to q0.;[];True;True;True;True;False;True
114;briefly describe the automaton ;Show me the transitions of the automaton ;briefly describe the automaton . Show me the transitions of the automaton ;The automaton accepts zero or more words formed by a sequence of the type 110. In total there are 4 states: q0, q1, q2 e q4. q0 is both the initial and the final state.Le transizioni sono: q0 with value 1 goes goes q1, q1 with value 1 goes goes q2, q4 with value 0 goes to q0.;[];there is no transition between q0 and q0.;[];The automaton accepts zero or more words formed by a sequence of the type 110. In total there are 4 states: q0, q1, q2 e q4. q0 is both the initial and the final state.Le transizioni sono: q0 with value 1 goes goes q1, q1 with value 1 goes goes q2, q4 with value 0 goes to q0.;[];True;True;False;True;False;True
115;briefly describe the automaton ;arc from q2;briefly describe the automaton . arc from q2;The automaton accepts zero or more words formed by a sequence of the type 110. In total there are 4 states: q0, q1, q2 e q4. q0 is both the initial and the final state.Le transizioni sono: q0 with value 1 goes goes q1, q1 with value 1 goes goes q2, q4 with value 0 goes to q0.;[];the transition is not defined.;[];the transition is not defined.;[];False;True;True;True;False;True
116;how many states are there ;What is the shape of the arcs ;how many states are there . What is the shape of the arcs ;This automaton has 4 states;[('simbolo-q0', '#04ed00', 'stroke'), ('simbolo-q1', '#04ed00', 'stroke'), ('simbolo-q2', '#04ed00', 'stroke'), ('simbolo-q4', '#04ed00', 'stroke')];there is no transition between q0 and q0.;[];there is no transition between q0 and q0.;[];False;False;True;True;False;False
116;how many states are there ;is there a particulare pattern ;how many states are there . is there a particulare pattern ;This automaton has 4 states;[('simbolo-q0', '#04ed00', 'stroke'), ('simbolo-q1', '#04ed00', 'stroke'), ('simbolo-q2', '#04ed00', 'stroke'), ('simbolo-q4', '#04ed00', 'stroke')];Potresti essere più specifico?;[];This automaton has 4 states;[('simbolo-q0', '#04ed00', 'stroke'), ('simbolo-q1', '#04ed00', 'stroke'), ('simbolo-q2', '#04ed00', 'stroke'), ('simbolo-q4', '#04ed00', 'stroke')];True;True;False;False;False;True
117;how many arcs there are ;transitions;how many arcs there are . transitions;The automaton has 3 transitions: q0 con valore 1 va in q1, q1 con valore 1 va in q2, q4 con valore 0 va in q0.;[('simbolo-q0-q1', '#04ed00', 'stroke'), ('simbolo-q1-q2', '#04ed00', 'stroke'), ('simbolo-q4-q0', '#04ed00', 'stroke')];there is no transition between q0 and q0.;[];The automaton has 3 transitions: q0 con valore 1 va in q1, q1 con valore 1 va in q2, q4 con valore 0 va in q0.;[('simbolo-q0-q1', '#04ed00', 'stroke'), ('simbolo-q1-q2', '#04ed00', 'stroke'), ('simbolo-q4-q0', '#04ed00', 'stroke')];True;True;False;False;False;True
117;how many arcs there are ; how many transitions ;how many arcs there are .  how many transitions ;The automaton has 3 transitions: q0 con valore 1 va in q1, q1 con valore 1 va in q2, q4 con valore 0 va in q0.;[('simbolo-q0-q1', '#04ed00', 'stroke'), ('simbolo-q1-q2', '#04ed00', 'stroke'), ('simbolo-q4-q0', '#04ed00', 'stroke')];The automaton has 3 transitions: q0 con valore 1 va in q1, q1 con valore 1 va in q2, q4 con valore 0 va in q0.;[('simbolo-q0-q1', '#04ed00', 'stroke'), ('simbolo-q1-q2', '#04ed00', 'stroke'), ('simbolo-q4-q0', '#04ed00', 'stroke')];The automaton has 3 transitions: q0 con valore 1 va in q1, q1 con valore 1 va in q2, q4 con valore 0 va in q0.;[('simbolo-q0-q1', '#04ed00', 'stroke'), ('simbolo-q1-q2', '#04ed00', 'stroke'), ('simbolo-q4-q0', '#04ed00', 'stroke')];True;True;True;True;False;False
119;are there arcs between q2 and q0 ;Is there an arc from q1 ;are there arcs between q2 and q0 . Is there an arc from q1 ;there is no transition between q2 and q0.;[];the transition is not defined.;[];there is no transition between q2 and q0.;[];True;True;False;True;False;True
119;are there arcs between q2 and q0 ;The automaton accepts a language allowing words made of an odd number of 0s and 1s ;are there arcs between q2 and q0 . The automaton accepts a language allowing words made of an odd number of 0s and 1s ;there is no transition between q2 and q0.;[];Potresti essere più specifico?;[];there is no transition between q0 and q0.;[];False;True;False;True;False;True
120;are there arcs from q4 ;Is there an arc from q4 to q0 ;are there arcs from q4 . Is there an arc from q4 to q0 ;the transition is not defined.;[];The transition between q4 and q0 is with value 0.;[('simbolo-q4-q0', '#04ed00', 'stroke')];The transition between q4 and q0 is with value 0.;[('simbolo-q4-q0', '#04ed00', 'stroke')];False;False;True;True;False;True
120;are there arcs from q4 ;How many states are there ;are there arcs from q4 . How many states are there ;the transition is not defined.;[];This automaton has 4 states;[('simbolo-q0', '#04ed00', 'stroke'), ('simbolo-q1', '#04ed00', 'stroke'), ('simbolo-q2', '#04ed00', 'stroke'), ('simbolo-q4', '#04ed00', 'stroke')];there is no transition between q0 and q0.;[];False;True;False;False;False;False
121;are there arcs from q4 ;how many states ;are there arcs from q4 . how many states ;the transition is not defined.;[];This automaton has 4 states;[('simbolo-q0', '#04ed00', 'stroke'), ('simbolo-q1', '#04ed00', 'stroke'), ('simbolo-q2', '#04ed00', 'stroke'), ('simbolo-q4', '#04ed00', 'stroke')];the transition is not defined.;[];True;True;False;False;False;False
121;are there arcs from q4 ;How are transitions defined ;are there arcs from q4 . How are transitions defined ;the transition is not defined.;[];The automaton has 3 transitions: q0 con valore 1 va in q1, q1 con valore 1 va in q2, q4 con valore 0 va in q0.;[('simbolo-q0-q1', '#04ed00', 'stroke'), ('simbolo-q1-q2', '#04ed00', 'stroke'), ('simbolo-q4-q0', '#04ed00', 'stroke')];there is no transition between q0 and q0.;[];False;True;False;False;False;False
122;what are the final states ;There is a transition between q5 and q7 ;what are the final states . There is a transition between q5 and q7 ;The final state is q0.;[('simbolo-q0', '#04ed00', 'stroke')];the transition is not defined.;[];The final state is q0.;[('simbolo-q0', '#04ed00', 'stroke')];True;True;False;False;False;True
122;what are the final states ;What about transitions ;what are the final states . What about transitions ;The final state is q0.;[('simbolo-q0', '#04ed00', 'stroke')];there is no transition between q0 and q0.;[];The final state is q0.;[('simbolo-q0', '#04ed00', 'stroke')];True;True;False;False;False;True
123;how many final states there are ;is q0 a final state ;how many final states there are . is q0 a final state ;The automaton has 4 states: q0, q1, q2 e q4.;[('simbolo-q0', '#04ed00', 'stroke'), ('simbolo-q1', '#04ed00', 'stroke'), ('simbolo-q2', '#04ed00', 'stroke'), ('simbolo-q4', '#04ed00', 'stroke')];The final state is q0.;[('simbolo-q0', '#04ed00', 'stroke')];The final state is q0.;[('simbolo-q0', '#04ed00', 'stroke')];False;False;True;True;False;False
123;how many final states there are ;Describe the automaton ;how many final states there are . Describe the automaton ;The automaton has 4 states: q0, q1, q2 e q4.;[('simbolo-q0', '#04ed00', 'stroke'), ('simbolo-q1', '#04ed00', 'stroke'), ('simbolo-q2', '#04ed00', 'stroke'), ('simbolo-q4', '#04ed00', 'stroke')];The automaton accepts zero or more words formed by a sequence of the type 110. In total there are 4 states: q0, q1, q2 e q4. q0 is both the initial and the final state.Le transizioni sono: q0 with value 1 goes goes q1, q1 with value 1 goes goes q2, q4 with value 0 goes to q0.;[];This automaton has 4 states;[('simbolo-q0', '#04ed00', 'stroke'), ('simbolo-q1', '#04ed00', 'stroke'), ('simbolo-q2', '#04ed00', 'stroke'), ('simbolo-q4', '#04ed00', 'stroke')];False;True;False;False;False;True
124;is q0 a final state ;How can I define an automaton ;is q0 a final state . How can I define an automaton ;The final state is q0.;[('simbolo-q0', '#04ed00', 'stroke')];The automaton accepts zero or more words formed by a sequence of the type 110. In total there are 4 states: q0, q1, q2 e q4. q0 is both the initial and the final state.Le transizioni sono: q0 with value 1 goes goes q1, q1 with value 1 goes goes q2, q4 with value 0 goes to q0.;[];The final state is q0.;[('simbolo-q0', '#04ed00', 'stroke')];True;True;False;False;False;True
124;is q0 a final state ;represent the automaton;is q0 a final state . represent the automaton;The final state is q0.;[('simbolo-q0', '#04ed00', 'stroke')];The automaton accepts zero or more words formed by a sequence of the type 110. In total there are 4 states: q0, q1, q2 e q4. q0 is both the initial and the final state.Le transizioni sono: q0 with value 1 goes goes q1, q1 with value 1 goes goes q2, q4 with value 0 goes to q0.;[];The final state is q0.;[('simbolo-q0', '#04ed00', 'stroke')];True;True;False;False;False;True
125;is q4 a final state ;What is the purpose of the automaton ;is q4 a final state . What is the purpose of the automaton ;The final state is q0.;[('simbolo-q0', '#04ed00', 'stroke')];The automaton accepts zero or more words formed by a sequence of the type 110. In total there are 4 states: q0, q1, q2 e q4. q0 is both the initial and the final state.Le transizioni sono: q0 with value 1 goes goes q1, q1 with value 1 goes goes q2, q4 with value 0 goes to q0.;[];The final state is q0.;[('simbolo-q0', '#04ed00', 'stroke')];True;True;False;False;False;True
125;is q4 a final state ;briefly describe the automaton ;is q4 a final state . briefly describe the automaton ;The final state is q0.;[('simbolo-q0', '#04ed00', 'stroke')];The automaton accepts zero or more words formed by a sequence of the type 110. In total there are 4 states: q0, q1, q2 e q4. q0 is both the initial and the final state.Le transizioni sono: q0 with value 1 goes goes q1, q1 with value 1 goes goes q2, q4 with value 0 goes to q0.;[];The final state is q0.;[('simbolo-q0', '#04ed00', 'stroke')];True;True;False;False;False;True
126;which are the final states ;How is the automaton represented ;which are the final states . How is the automaton represented ;The final state is q0.;[('simbolo-q0', '#04ed00', 'stroke')];The automaton accepts zero or more words formed by a sequence of the type 110. In total there are 4 states: q0, q1, q2 e q4. q0 is both the initial and the final state.Le transizioni sono: q0 with value 1 goes goes q1, q1 with value 1 goes goes q2, q4 with value 0 goes to q0.;[];The final state is q0.;[('simbolo-q0', '#04ed00', 'stroke')];True;True;False;False;False;True
126;which are the final states ;in which state would the automation goes if it read a 0 from the state q1;which are the final states . in which state would the automation goes if it read a 0 from the state q1;The final state is q0.;[('simbolo-q0', '#04ed00', 'stroke')];The automaton has 4 states: q0, q1, q2 e q4.;[('simbolo-q0', '#04ed00', 'stroke'), ('simbolo-q1', '#04ed00', 'stroke'), ('simbolo-q2', '#04ed00', 'stroke'), ('simbolo-q4', '#04ed00', 'stroke')];The final state is q0.;[('simbolo-q0', '#04ed00', 'stroke')];True;True;False;False;False;False
127;which is the final state ;How is the automaton represented ;which is the final state . How is the automaton represented ;The final state is q0.;[('simbolo-q0', '#04ed00', 'stroke')];The automaton accepts zero or more words formed by a sequence of the type 110. In total there are 4 states: q0, q1, q2 e q4. q0 is both the initial and the final state.Le transizioni sono: q0 with value 1 goes goes q1, q1 with value 1 goes goes q2, q4 with value 0 goes to q0.;[];The final state is q0.;[('simbolo-q0', '#04ed00', 'stroke')];True;True;False;False;False;True
127;which is the final state ;are there arcs from q4 ;which is the final state . are there arcs from q4 ;The final state is q0.;[('simbolo-q0', '#04ed00', 'stroke')];the transition is not defined.;[];The final state is q0.;[('simbolo-q0', '#04ed00', 'stroke')];True;True;False;False;False;True
128;How many final states are there ;briefly describe the automation ;How many final states are there . briefly describe the automation ;The automaton has 4 states: q0, q1, q2 e q4.;[('simbolo-q0', '#04ed00', 'stroke'), ('simbolo-q1', '#04ed00', 'stroke'), ('simbolo-q2', '#04ed00', 'stroke'), ('simbolo-q4', '#04ed00', 'stroke')];The automaton accepts zero or more words formed by a sequence of the type 110. In total there are 4 states: q0, q1, q2 e q4. q0 is both the initial and the final state.Le transizioni sono: q0 with value 1 goes goes q1, q1 with value 1 goes goes q2, q4 with value 0 goes to q0.;[];The automaton has 4 states: q0, q1, q2 e q4.;[('simbolo-q0', '#04ed00', 'stroke'), ('simbolo-q1', '#04ed00', 'stroke'), ('simbolo-q2', '#04ed00', 'stroke'), ('simbolo-q4', '#04ed00', 'stroke')];True;True;False;False;False;True
128;How many final states are there ;how much does the representation takes ;How many final states are there . how much does the representation takes ;The automaton has 4 states: q0, q1, q2 e q4.;[('simbolo-q0', '#04ed00', 'stroke'), ('simbolo-q1', '#04ed00', 'stroke'), ('simbolo-q2', '#04ed00', 'stroke'), ('simbolo-q4', '#04ed00', 'stroke')];The automaton has 4 states: q0, q1, q2 e q4.;[('simbolo-q0', '#04ed00', 'stroke'), ('simbolo-q1', '#04ed00', 'stroke'), ('simbolo-q2', '#04ed00', 'stroke'), ('simbolo-q4', '#04ed00', 'stroke')];The automaton has 4 states: q0, q1, q2 e q4.;[('simbolo-q0', '#04ed00', 'stroke'), ('simbolo-q1', '#04ed00', 'stroke'), ('simbolo-q2', '#04ed00', 'stroke'), ('simbolo-q4', '#04ed00', 'stroke')];True;True;True;True;False;False
129;How many states are there ;Which is the initial state ;How many states are there . Which is the initial state ;This automaton has 4 states;[('simbolo-q0', '#04ed00', 'stroke'), ('simbolo-q1', '#04ed00', 'stroke'), ('simbolo-q2', '#04ed00', 'stroke'), ('simbolo-q4', '#04ed00', 'stroke')];The initial state is q0.;[('simbolo-q0', '#04ed00', 'stroke')];The initial state is q0.;[('simbolo-q0', '#04ed00', 'stroke')];False;False;True;True;False;False
129;How many states are there ;if the automaton is in the state q3 and the input is 11100 what happens;How many states are there . if the automaton is in the state q3 and the input is 11100 what happens;This automaton has 4 states;[('simbolo-q0', '#04ed00', 'stroke'), ('simbolo-q1', '#04ed00', 'stroke'), ('simbolo-q2', '#04ed00', 'stroke'), ('simbolo-q4', '#04ed00', 'stroke')];The transition between q3 and q4 is with value 0.;[('simbolo-q3-q4', '#04ed00', 'stroke')];This automaton has 4 states;[('simbolo-q0', '#04ed00', 'stroke'), ('simbolo-q1', '#04ed00', 'stroke'), ('simbolo-q2', '#04ed00', 'stroke'), ('simbolo-q4', '#04ed00', 'stroke')];True;True;False;False;False;False
130;How many transitions are there ;How many transitions are there ;How many transitions are there . How many transitions are there ;The automaton has 3 transitions: q0 con valore 1 va in q1, q1 con valore 1 va in q2, q4 con valore 0 va in q0.;[('simbolo-q0-q1', '#04ed00', 'stroke'), ('simbolo-q1-q2', '#04ed00', 'stroke'), ('simbolo-q4-q0', '#04ed00', 'stroke')];The automaton has 3 transitions: q0 con valore 1 va in q1, q1 con valore 1 va in q2, q4 con valore 0 va in q0.;[('simbolo-q0-q1', '#04ed00', 'stroke'), ('simbolo-q1-q2', '#04ed00', 'stroke'), ('simbolo-q4-q0', '#04ed00', 'stroke')];The automaton has 3 transitions: q0 con valore 1 va in q1, q1 con valore 1 va in q2, q4 con valore 0 va in q0.;[('simbolo-q0-q1', '#04ed00', 'stroke'), ('simbolo-q1-q2', '#04ed00', 'stroke'), ('simbolo-q4-q0', '#04ed00', 'stroke')];True;True;True;True;False;False
130;How many transitions are there ;Can you describe the transition function ;How many transitions are there . Can you describe the transition function ;The automaton has 3 transitions: q0 con valore 1 va in q1, q1 con valore 1 va in q2, q4 con valore 0 va in q0.;[('simbolo-q0-q1', '#04ed00', 'stroke'), ('simbolo-q1-q2', '#04ed00', 'stroke'), ('simbolo-q4-q0', '#04ed00', 'stroke')];there is no transition between q0 and q0.;[];there is no transition between q0 and q0.;[];False;False;True;True;False;False
132;Is there a transition from q0 to q5 ;How many states does Automaton 1 have ;Is there a transition from q0 to q5 . How many states does Automaton 1 have ;the transition is not defined.;[];This automaton has 4 states;[('simbolo-q0', '#04ed00', 'stroke'), ('simbolo-q1', '#04ed00', 'stroke'), ('simbolo-q2', '#04ed00', 'stroke'), ('simbolo-q4', '#04ed00', 'stroke')];the transition is not defined.;[];True;True;False;False;False;False
132;Is there a transition from q0 to q5 ;What is the final state of an automaton ;Is there a transition from q0 to q5 . What is the final state of an automaton ;the transition is not defined.;[];The final state is q0.;[('simbolo-q0', '#04ed00', 'stroke')];the transition is not defined.;[];True;True;False;False;False;False
134;briefly describe you the automaton ;Briefly describe the automaton ;briefly describe you the automaton . Briefly describe the automaton ;The automaton accepts zero or more words formed by a sequence of the type 110. In total there are 4 states: q0, q1, q2 e q4. q0 is both the initial and the final state.Le transizioni sono: q0 with value 1 goes goes q1, q1 with value 1 goes goes q2, q4 with value 0 goes to q0.;[];The automaton accepts zero or more words formed by a sequence of the type 110. In total there are 4 states: q0, q1, q2 e q4. q0 is both the initial and the final state.Le transizioni sono: q0 with value 1 goes goes q1, q1 with value 1 goes goes q2, q4 with value 0 goes to q0.;[];The automaton accepts zero or more words formed by a sequence of the type 110. In total there are 4 states: q0, q1, q2 e q4. q0 is both the initial and the final state.Le transizioni sono: q0 with value 1 goes goes q1, q1 with value 1 goes goes q2, q4 with value 0 goes to q0.;[];True;True;True;True;False;True
134;briefly describe you the automaton ;Can I use 5 states in an automaton ;briefly describe you the automaton . Can I use 5 states in an automaton ;The automaton accepts zero or more words formed by a sequence of the type 110. In total there are 4 states: q0, q1, q2 e q4. q0 is both the initial and the final state.Le transizioni sono: q0 with value 1 goes goes q1, q1 with value 1 goes goes q2, q4 with value 0 goes to q0.;[];The automaton has 4 states: q0, q1, q2 e q4.;[('simbolo-q0', '#04ed00', 'stroke'), ('simbolo-q1', '#04ed00', 'stroke'), ('simbolo-q2', '#04ed00', 'stroke'), ('simbolo-q4', '#04ed00', 'stroke')];The automaton accepts zero or more words formed by a sequence of the type 110. In total there are 4 states: q0, q1, q2 e q4. q0 is both the initial and the final state.Le transizioni sono: q0 with value 1 goes goes q1, q1 with value 1 goes goes q2, q4 with value 0 goes to q0.;[];True;True;False;False;False;False
137;If q2 were the final state the language accepted by the automaton is the same ;what is the phd for ;If q2 were the final state the language accepted by the automaton is the same . what is the phd for ;The final state is q0.;[('simbolo-q0', '#04ed00', 'stroke')];Potresti essere più specifico?;[];Potresti essere più specifico?;[];False;False;True;True;False;False
137;If q2 were the final state the language accepted by the automaton is the same ;is q0 the final node;If q2 were the final state the language accepted by the automaton is the same . is q0 the final node;The final state is q0.;[('simbolo-q0', '#04ed00', 'stroke')];The final state is q0.;[('simbolo-q0', '#04ed00', 'stroke')];The final state is q0.;[('simbolo-q0', '#04ed00', 'stroke')];True;True;True;True;False;False
138;What can I use finite state automata for ;Please describe the automaton ;What can I use finite state automata for . Please describe the automaton ;The automaton accepts zero or more words formed by a sequence of the type 110. In total there are 4 states: q0, q1, q2 e q4. q0 is both the initial and the final state.Le transizioni sono: q0 with value 1 goes goes q1, q1 with value 1 goes goes q2, q4 with value 0 goes to q0.;[];The automaton accepts zero or more words formed by a sequence of the type 110. In total there are 4 states: q0, q1, q2 e q4. q0 is both the initial and the final state.Le transizioni sono: q0 with value 1 goes goes q1, q1 with value 1 goes goes q2, q4 with value 0 goes to q0.;[];The automaton accepts zero or more words formed by a sequence of the type 110. In total there are 4 states: q0, q1, q2 e q4. q0 is both the initial and the final state.Le transizioni sono: q0 with value 1 goes goes q1, q1 with value 1 goes goes q2, q4 with value 0 goes to q0.;[];True;True;True;True;False;True
138;What can I use finite state automata for ;Tell me a little bit about the automaton ;What can I use finite state automata for . Tell me a little bit about the automaton ;The automaton accepts zero or more words formed by a sequence of the type 110. In total there are 4 states: q0, q1, q2 e q4. q0 is both the initial and the final state.Le transizioni sono: q0 with value 1 goes goes q1, q1 with value 1 goes goes q2, q4 with value 0 goes to q0.;[];The automaton accepts zero or more words formed by a sequence of the type 110. In total there are 4 states: q0, q1, q2 e q4. q0 is both the initial and the final state.Le transizioni sono: q0 with value 1 goes goes q1, q1 with value 1 goes goes q2, q4 with value 0 goes to q0.;[];The automaton accepts zero or more words formed by a sequence of the type 110. In total there are 4 states: q0, q1, q2 e q4. q0 is both the initial and the final state.Le transizioni sono: q0 with value 1 goes goes q1, q1 with value 1 goes goes q2, q4 with value 0 goes to q0.;[];True;True;True;True;False;True
139;How many states can I use in an automaton ;Give me a list of the arcs ;How many states can I use in an automaton . Give me a list of the arcs ;This automaton has 4 states;[('simbolo-q0', '#04ed00', 'stroke'), ('simbolo-q1', '#04ed00', 'stroke'), ('simbolo-q2', '#04ed00', 'stroke'), ('simbolo-q4', '#04ed00', 'stroke')];there is no transition between q0 and q0.;[];This automaton has 4 states;[('simbolo-q0', '#04ed00', 'stroke'), ('simbolo-q1', '#04ed00', 'stroke'), ('simbolo-q2', '#04ed00', 'stroke'), ('simbolo-q4', '#04ed00', 'stroke')];True;True;False;False;False;True
139;How many states can I use in an automaton ;What is the final state of an automaton ;How many states can I use in an automaton . What is the final state of an automaton ;This automaton has 4 states;[('simbolo-q0', '#04ed00', 'stroke'), ('simbolo-q1', '#04ed00', 'stroke'), ('simbolo-q2', '#04ed00', 'stroke'), ('simbolo-q4', '#04ed00', 'stroke')];The final state is q0.;[('simbolo-q0', '#04ed00', 'stroke')];The final state is q0.;[('simbolo-q0', '#04ed00', 'stroke')];False;False;True;True;False;False
140;Can I use 5 states in an automaton ;is q0 linked to q0 ;Can I use 5 states in an automaton . is q0 linked to q0 ;There are 5 states in this automaton.;[('simbolo-q0', '#04ed00', 'stroke'), ('simbolo-q1', '#04ed00', 'stroke'), ('simbolo-q2', '#04ed00', 'stroke'), ('simbolo-q3', '#04ed00', 'stroke'), ('simbolo-q4', '#04ed00', 'stroke')];there is no transition between q0 and q0.;[];There are 5 states in this automaton.;[('simbolo-q0', '#04ed00', 'stroke'), ('simbolo-q1', '#04ed00', 'stroke'), ('simbolo-q2', '#04ed00', 'stroke'), ('simbolo-q3', '#04ed00', 'stroke'), ('simbolo-q4', '#04ed00', 'stroke')];True;True;False;False;False;True
140;Can I use 5 states in an automaton ;what is the language accepted by the automaton ;Can I use 5 states in an automaton . what is the language accepted by the automaton ;There are 5 states in this automaton.;[('simbolo-q0', '#04ed00', 'stroke'), ('simbolo-q1', '#04ed00', 'stroke'), ('simbolo-q2', '#04ed00', 'stroke'), ('simbolo-q3', '#04ed00', 'stroke'), ('simbolo-q4', '#04ed00', 'stroke')];Potresti essere più specifico?;[];There are 5 states in this automaton.;[('simbolo-q0', '#04ed00', 'stroke'), ('simbolo-q1', '#04ed00', 'stroke'), ('simbolo-q2', '#04ed00', 'stroke'), ('simbolo-q3', '#04ed00', 'stroke'), ('simbolo-q4', '#04ed00', 'stroke')];True;True;False;False;False;True
141;What is the final state of an automaton ;How many states are there ;What is the final state of an automaton . How many states are there ;The final state is q0.;[('simbolo-q0', '#04ed00', 'stroke')];This automaton has 4 states;[('simbolo-q0', '#04ed00', 'stroke'), ('simbolo-q1', '#04ed00', 'stroke'), ('simbolo-q2', '#04ed00', 'stroke'), ('simbolo-q4', '#04ed00', 'stroke')];The final state is q0.;[('simbolo-q0', '#04ed00', 'stroke')];True;True;False;False;False;False
141;What is the final state of an automaton ;based on your previous answer this automata could accept the binary string 111100;What is the final state of an automaton . based on your previous answer this automata could accept the binary string 111100;The final state is q0.;[('simbolo-q0', '#04ed00', 'stroke')];Potresti essere più specifico?;[];The final state is q0.;[('simbolo-q0', '#04ed00', 'stroke')];True;True;False;False;False;True
142;How can I define an automaton ;Is there an arc from q1 ;How can I define an automaton . Is there an arc from q1 ;The automaton accepts zero or more words formed by a sequence of the type 110. In total there are 4 states: q0, q1, q2 e q4. q0 is both the initial and the final state.Le transizioni sono: q0 with value 1 goes goes q1, q1 with value 1 goes goes q2, q4 with value 0 goes to q0.;[];the transition is not defined.;[];The automaton accepts zero or more words formed by a sequence of the type 110. In total there are 4 states: q0, q1, q2 e q4. q0 is both the initial and the final state.Le transizioni sono: q0 with value 1 goes goes q1, q1 with value 1 goes goes q2, q4 with value 0 goes to q0.;[];True;True;False;True;False;True
142;How can I define an automaton ;Can you describe the automaton ;How can I define an automaton . Can you describe the automaton ;The automaton accepts zero or more words formed by a sequence of the type 110. In total there are 4 states: q0, q1, q2 e q4. q0 is both the initial and the final state.Le transizioni sono: q0 with value 1 goes goes q1, q1 with value 1 goes goes q2, q4 with value 0 goes to q0.;[];The automaton accepts zero or more words formed by a sequence of the type 110. In total there are 4 states: q0, q1, q2 e q4. q0 is both the initial and the final state.Le transizioni sono: q0 with value 1 goes goes q1, q1 with value 1 goes goes q2, q4 with value 0 goes to q0.;[];The automaton accepts zero or more words formed by a sequence of the type 110. In total there are 4 states: q0, q1, q2 e q4. q0 is both the initial and the final state.Le transizioni sono: q0 with value 1 goes goes q1, q1 with value 1 goes goes q2, q4 with value 0 goes to q0.;[];True;True;True;True;False;True
143;How is an automaton defined ;Describe graphically automaton ;How is an automaton defined . Describe graphically automaton ;The automaton accepts zero or more words formed by a sequence of the type 110. In total there are 4 states: q0, q1, q2 e q4. q0 is both the initial and the final state.Le transizioni sono: q0 with value 1 goes goes q1, q1 with value 1 goes goes q2, q4 with value 0 goes to q0.;[];The automaton accepts zero or more words formed by a sequence of the type 110. In total there are 4 states: q0, q1, q2 e q4. q0 is both the initial and the final state.Le transizioni sono: q0 with value 1 goes goes q1, q1 with value 1 goes goes q2, q4 with value 0 goes to q0.;[];The automaton accepts zero or more words formed by a sequence of the type 110. In total there are 4 states: q0, q1, q2 e q4. q0 is both the initial and the final state.Le transizioni sono: q0 with value 1 goes goes q1, q1 with value 1 goes goes q2, q4 with value 0 goes to q0.;[];True;True;True;True;False;True
143;How is an automaton defined ;what are the symbols accepted by the automaton ;How is an automaton defined . what are the symbols accepted by the automaton ;The automaton accepts zero or more words formed by a sequence of the type 110. In total there are 4 states: q0, q1, q2 e q4. q0 is both the initial and the final state.Le transizioni sono: q0 with value 1 goes goes q1, q1 with value 1 goes goes q2, q4 with value 0 goes to q0.;[];Potresti essere più specifico?;[];The automaton accepts zero or more words formed by a sequence of the type 110. In total there are 4 states: q0, q1, q2 e q4. q0 is both the initial and the final state.Le transizioni sono: q0 with value 1 goes goes q1, q1 with value 1 goes goes q2, q4 with value 0 goes to q0.;[];True;True;False;True;False;True
144;Describe the automaton ;Is there an arc from q4 to q0 ;Describe the automaton . Is there an arc from q4 to q0 ;The automaton accepts zero or more words formed by a sequence of the type 110. In total there are 4 states: q0, q1, q2 e q4. q0 is both the initial and the final state.Le transizioni sono: q0 with value 1 goes goes q1, q1 with value 1 goes goes q2, q4 with value 0 goes to q0.;[];The transition between q4 and q0 is with value 0.;[('simbolo-q4-q0', '#04ed00', 'stroke')];The transition between q4 and q0 is with value 0.;[('simbolo-q4-q0', '#04ed00', 'stroke')];False;False;True;True;False;True
144;Describe the automaton ;Breifly describe me the automaton ;Describe the automaton . Breifly describe me the automaton ;The automaton accepts zero or more words formed by a sequence of the type 110. In total there are 4 states: q0, q1, q2 e q4. q0 is both the initial and the final state.Le transizioni sono: q0 with value 1 goes goes q1, q1 with value 1 goes goes q2, q4 with value 0 goes to q0.;[];The automaton accepts zero or more words formed by a sequence of the type 110. In total there are 4 states: q0, q1, q2 e q4. q0 is both the initial and the final state.Le transizioni sono: q0 with value 1 goes goes q1, q1 with value 1 goes goes q2, q4 with value 0 goes to q0.;[];The automaton accepts zero or more words formed by a sequence of the type 110. In total there are 4 states: q0, q1, q2 e q4. q0 is both the initial and the final state.Le transizioni sono: q0 with value 1 goes goes q1, q1 with value 1 goes goes q2, q4 with value 0 goes to q0.;[];True;True;True;True;False;True
146;What is the final state ;how many states and edges ;What is the final state . how many states and edges ;The final state is q0.;[('simbolo-q0', '#04ed00', 'stroke')];This automaton has 4 states;[('simbolo-q0', '#04ed00', 'stroke'), ('simbolo-q1', '#04ed00', 'stroke'), ('simbolo-q2', '#04ed00', 'stroke'), ('simbolo-q4', '#04ed00', 'stroke')];The final state is q0.;[('simbolo-q0', '#04ed00', 'stroke')];True;True;False;False;False;False
146;What is the final state ;Can you describe the transition function ;What is the final state . Can you describe the transition function ;The final state is q0.;[('simbolo-q0', '#04ed00', 'stroke')];The automaton has 3 transitions: q0 con valore 1 va in q1, q1 con valore 1 va in q2, q4 con valore 0 va in q0.;[('simbolo-q0-q1', '#04ed00', 'stroke'), ('simbolo-q1-q2', '#04ed00', 'stroke'), ('simbolo-q4-q0', '#04ed00', 'stroke')];The final state is q0.;[('simbolo-q0', '#04ed00', 'stroke')];True;True;False;False;False;False
147;Which transitions start from q0 ;Is there an arc from q3 to q4 ;Which transitions start from q0 . Is there an arc from q3 to q4 ;there is no transition between q0 and q0.;[];The transition between q3 and q4 is with value 0.;[('simbolo-q3-q4', '#04ed00', 'stroke')];there is no transition between q0 and q3.;[];False;True;False;False;False;False
147;Which transitions start from q0 ;what are all the transictions ;Which transitions start from q0 . what are all the transictions ;there is no transition between q0 and q0.;[];there is no transition between q0 and q0.;[];the transition is not defined.;[];False;True;False;True;False;True
148;How many transitions start from q0 ;nodes;How many transitions start from q0 . nodes;the transition is not defined.;[];The state q0 exists.;[('simbolo-q0', '#04ed00', 'stroke')];The automaton has 3 transitions: q0 con valore 1 va in q1, q1 con valore 1 va in q2, q4 con valore 0 va in q0.;[('simbolo-q0-q1', '#04ed00', 'stroke'), ('simbolo-q1-q2', '#04ed00', 'stroke'), ('simbolo-q4-q0', '#04ed00', 'stroke')];False;False;False;False;False;False
148;How many transitions start from q0 ;can you explain me what is a final state of a DFA?;How many transitions start from q0 . can you explain me what is a final state of a DFA?;the transition is not defined.;[];The final state is q0.;[('simbolo-q0', '#04ed00', 'stroke')];The automaton has 3 transitions: q0 con valore 1 va in q1, q1 con valore 1 va in q2, q4 con valore 0 va in q0.;[('simbolo-q0-q1', '#04ed00', 'stroke'), ('simbolo-q1-q2', '#04ed00', 'stroke'), ('simbolo-q4-q0', '#04ed00', 'stroke')];False;False;False;False;False;False
149;Which transitions start from q1 ;If q2 were the final state the language accepted by the automaton is the same ;Which transitions start from q1 . If q2 were the final state the language accepted by the automaton is the same ;the transition is not defined.;[];The final state is q0.;[('simbolo-q0', '#04ed00', 'stroke')];there is no transition between q0 and q0.;[];False;True;False;False;False;False
149;Which transitions start from q1 ;how much does the representation takes ;Which transitions start from q1 . how much does the representation takes ;the transition is not defined.;[];The automaton has 4 states: q0, q1, q2 e q4.;[('simbolo-q0', '#04ed00', 'stroke'), ('simbolo-q1', '#04ed00', 'stroke'), ('simbolo-q2', '#04ed00', 'stroke'), ('simbolo-q4', '#04ed00', 'stroke')];the transition is not defined.;[];True;True;False;False;False;False
150;Which transitions start from q2 ;How many states are there ;Which transitions start from q2 . How many states are there ;the transition is not defined.;[];This automaton has 4 states;[('simbolo-q0', '#04ed00', 'stroke'), ('simbolo-q1', '#04ed00', 'stroke'), ('simbolo-q2', '#04ed00', 'stroke'), ('simbolo-q4', '#04ed00', 'stroke')];there is no transition between q0 and q0.;[];False;True;False;False;False;False
150;Which transitions start from q2 ;which is the final state ;Which transitions start from q2 . which is the final state ;the transition is not defined.;[];The final state is q0.;[('simbolo-q0', '#04ed00', 'stroke')];the transition is not defined.;[];True;True;False;False;False;False
151;Which transitions end in q0 ;describe the transitions;Which transitions end in q0 . describe the transitions;there is no transition between q0 and q0.;[];there is no transition between q0 and q0.;[];there is no transition between q0 and q0.;[];True;True;True;True;False;True
151;Which transitions end in q0 ;can i transite from q1 to q0;Which transitions end in q0 . can i transite from q1 to q0;there is no transition between q0 and q0.;[];there is no transition between q1 and q0.;[];there is no transition between q1 and q0.;[];False;True;True;True;False;True
152;How many transitions are there ;How many states do you have ;How many transitions are there . How many states do you have ;The automaton has 3 transitions: q0 con valore 1 va in q1, q1 con valore 1 va in q2, q4 con valore 0 va in q0.;[('simbolo-q0-q1', '#04ed00', 'stroke'), ('simbolo-q1-q2', '#04ed00', 'stroke'), ('simbolo-q4-q0', '#04ed00', 'stroke')];This automaton has 4 states;[('simbolo-q0', '#04ed00', 'stroke'), ('simbolo-q1', '#04ed00', 'stroke'), ('simbolo-q2', '#04ed00', 'stroke'), ('simbolo-q4', '#04ed00', 'stroke')];The automaton has 3 transitions: q0 con valore 1 va in q1, q1 con valore 1 va in q2, q4 con valore 0 va in q0.;[('simbolo-q0-q1', '#04ed00', 'stroke'), ('simbolo-q1-q2', '#04ed00', 'stroke'), ('simbolo-q4-q0', '#04ed00', 'stroke')];True;True;False;False;False;False
155;how many states are there ;Which are the transitions from q1 ;how many states are there . Which are the transitions from q1 ;This automaton has 4 states;[('simbolo-q0', '#04ed00', 'stroke'), ('simbolo-q1', '#04ed00', 'stroke'), ('simbolo-q2', '#04ed00', 'stroke'), ('simbolo-q4', '#04ed00', 'stroke')];the transition is not defined.;[];This automaton has 4 states;[('simbolo-q0', '#04ed00', 'stroke'), ('simbolo-q1', '#04ed00', 'stroke'), ('simbolo-q2', '#04ed00', 'stroke'), ('simbolo-q4', '#04ed00', 'stroke')];True;True;False;False;False;True
155;how many states are there ;is there an arc between q0 and q1 ;how many states are there . is there an arc between q0 and q1 ;This automaton has 4 states;[('simbolo-q0', '#04ed00', 'stroke'), ('simbolo-q1', '#04ed00', 'stroke'), ('simbolo-q2', '#04ed00', 'stroke'), ('simbolo-q4', '#04ed00', 'stroke')];The transition between q0 and q1 is with value 1.;[('simbolo-q0-q1', '#04ed00', 'stroke')];This automaton has 4 states;[('simbolo-q0', '#04ed00', 'stroke'), ('simbolo-q1', '#04ed00', 'stroke'), ('simbolo-q2', '#04ed00', 'stroke'), ('simbolo-q4', '#04ed00', 'stroke')];True;True;False;False;False;False
156;is there an arc between q0 and q1 ;Describe the automaton ;is there an arc between q0 and q1 . Describe the automaton ;The transition between q0 and q1 is with value 1.;[('simbolo-q0-q1', '#04ed00', 'stroke')];The automaton accepts zero or more words formed by a sequence of the type 110. In total there are 4 states: q0, q1, q2 e q4. q0 is both the initial and the final state.Le transizioni sono: q0 with value 1 goes goes q1, q1 with value 1 goes goes q2, q4 with value 0 goes to q0.;[];The transition between q0 and q1 is with value 1.;[('simbolo-q0-q1', '#04ed00', 'stroke')];True;True;False;False;False;True
156;is there an arc between q0 and q1 ;final states;is there an arc between q0 and q1 . final states;The transition between q0 and q1 is with value 1.;[('simbolo-q0-q1', '#04ed00', 'stroke')];The final state is q0.;[('simbolo-q0', '#04ed00', 'stroke')];The transition between q0 and q1 is with value 1.;[('simbolo-q0-q1', '#04ed00', 'stroke')];True;True;False;False;False;False
157;which are the trasitions ;What about transitions ;which are the trasitions . What about transitions ;there is no transition between q0 and q0.;[];there is no transition between q0 and q0.;[];there is no transition between q0 and q0.;[];True;True;True;True;False;True
157;which are the trasitions ;What is the role of the final state in the automaton;which are the trasitions . What is the role of the final state in the automaton;there is no transition between q0 and q0.;[];The final state is q0.;[('simbolo-q0', '#04ed00', 'stroke')];there is no transition between q0 and q0.;[];True;True;False;False;False;False
158;describe the automaton ;What transitions enter and exit q4 ;describe the automaton . What transitions enter and exit q4 ;The automaton accepts zero or more words formed by a sequence of the type 110. In total there are 4 states: q0, q1, q2 e q4. q0 is both the initial and the final state.Le transizioni sono: q0 with value 1 goes goes q1, q1 with value 1 goes goes q2, q4 with value 0 goes to q0.;[];the transition is not defined.;[];the transition is not defined.;[];False;True;True;True;False;True
158;describe the automaton ;describe me the automaton ;describe the automaton . describe me the automaton ;The automaton accepts zero or more words formed by a sequence of the type 110. In total there are 4 states: q0, q1, q2 e q4. q0 is both the initial and the final state.Le transizioni sono: q0 with value 1 goes goes q1, q1 with value 1 goes goes q2, q4 with value 0 goes to q0.;[];The automaton accepts zero or more words formed by a sequence of the type 110. In total there are 4 states: q0, q1, q2 e q4. q0 is both the initial and the final state.Le transizioni sono: q0 with value 1 goes goes q1, q1 with value 1 goes goes q2, q4 with value 0 goes to q0.;[];The automaton accepts zero or more words formed by a sequence of the type 110. In total there are 4 states: q0, q1, q2 e q4. q0 is both the initial and the final state.Le transizioni sono: q0 with value 1 goes goes q1, q1 with value 1 goes goes q2, q4 with value 0 goes to q0.;[];True;True;True;True;False;True
160;maximum number of states in an automaton ;What is q1 ;maximum number of states in an automaton . What is q1 ;This automaton has 4 states;[('simbolo-q0', '#04ed00', 'stroke'), ('simbolo-q1', '#04ed00', 'stroke'), ('simbolo-q2', '#04ed00', 'stroke'), ('simbolo-q4', '#04ed00', 'stroke')];The automaton has 4 states: q0, q1, q2 e q4.;[('simbolo-q0', '#04ed00', 'stroke'), ('simbolo-q1', '#04ed00', 'stroke'), ('simbolo-q2', '#04ed00', 'stroke'), ('simbolo-q4', '#04ed00', 'stroke')];This automaton has 4 states;[('simbolo-q0', '#04ed00', 'stroke'), ('simbolo-q1', '#04ed00', 'stroke'), ('simbolo-q2', '#04ed00', 'stroke'), ('simbolo-q4', '#04ed00', 'stroke')];True;True;False;True;False;False
160;maximum number of states in an automaton ;Is there an arc from q0 to q1 ;maximum number of states in an automaton . Is there an arc from q0 to q1 ;This automaton has 4 states;[('simbolo-q0', '#04ed00', 'stroke'), ('simbolo-q1', '#04ed00', 'stroke'), ('simbolo-q2', '#04ed00', 'stroke'), ('simbolo-q4', '#04ed00', 'stroke')];The transition between q0 and q1 is with value 1.;[('simbolo-q0-q1', '#04ed00', 'stroke')];This automaton has 4 states;[('simbolo-q0', '#04ed00', 'stroke'), ('simbolo-q1', '#04ed00', 'stroke'), ('simbolo-q2', '#04ed00', 'stroke'), ('simbolo-q4', '#04ed00', 'stroke')];True;True;False;False;False;False
161;How is the automaton represented ;How many transitions does the automaton contain ;How is the automaton represented . How many transitions does the automaton contain ;The automaton accepts zero or more words formed by a sequence of the type 110. In total there are 4 states: q0, q1, q2 e q4. q0 is both the initial and the final state.Le transizioni sono: q0 with value 1 goes goes q1, q1 with value 1 goes goes q2, q4 with value 0 goes to q0.;[];The automaton has 3 transitions: q0 con valore 1 va in q1, q1 con valore 1 va in q2, q4 con valore 0 va in q0.;[('simbolo-q0-q1', '#04ed00', 'stroke'), ('simbolo-q1-q2', '#04ed00', 'stroke'), ('simbolo-q4-q0', '#04ed00', 'stroke')];The automaton has 4 states and 3 transitions.;[];False;True;False;False;False;False
161;How is the automaton represented ;How many states do you have ;How is the automaton represented . How many states do you have ;The automaton accepts zero or more words formed by a sequence of the type 110. In total there are 4 states: q0, q1, q2 e q4. q0 is both the initial and the final state.Le transizioni sono: q0 with value 1 goes goes q1, q1 with value 1 goes goes q2, q4 with value 0 goes to q0.;[];This automaton has 4 states;[('simbolo-q0', '#04ed00', 'stroke'), ('simbolo-q1', '#04ed00', 'stroke'), ('simbolo-q2', '#04ed00', 'stroke'), ('simbolo-q4', '#04ed00', 'stroke')];The automaton has 4 states and 3 transitions.;[];False;True;False;False;False;False
162;How many states does a pentagon shaped automaton have ;Is there an arc from q3 ;How many states does a pentagon shaped automaton have . Is there an arc from q3 ;This automaton has 4 states;[('simbolo-q0', '#04ed00', 'stroke'), ('simbolo-q1', '#04ed00', 'stroke'), ('simbolo-q2', '#04ed00', 'stroke'), ('simbolo-q4', '#04ed00', 'stroke')];the transition is not defined.;[];This automaton has 4 states;[('simbolo-q0', '#04ed00', 'stroke'), ('simbolo-q1', '#04ed00', 'stroke'), ('simbolo-q2', '#04ed00', 'stroke'), ('simbolo-q4', '#04ed00', 'stroke')];True;True;False;False;False;True
162;How many states does a pentagon shaped automaton have ;What transitions enter and exit q4 ;How many states does a pentagon shaped automaton have . What transitions enter and exit q4 ;This automaton has 4 states;[('simbolo-q0', '#04ed00', 'stroke'), ('simbolo-q1', '#04ed00', 'stroke'), ('simbolo-q2', '#04ed00', 'stroke'), ('simbolo-q4', '#04ed00', 'stroke')];the transition is not defined.;[];This automaton has 4 states;[('simbolo-q0', '#04ed00', 'stroke'), ('simbolo-q1', '#04ed00', 'stroke'), ('simbolo-q2', '#04ed00', 'stroke'), ('simbolo-q4', '#04ed00', 'stroke')];True;True;False;False;False;True
163;Briefly describe the automaton How many states are there ;Describe the automaton ;Briefly describe the automaton How many states are there . Describe the automaton ;The automaton has 4 states and 3 transitions.;[];The automaton accepts zero or more words formed by a sequence of the type 110. In total there are 4 states: q0, q1, q2 e q4. q0 is both the initial and the final state.Le transizioni sono: q0 with value 1 goes goes q1, q1 with value 1 goes goes q2, q4 with value 0 goes to q0.;[];The automaton has 4 states and 3 transitions.;[];True;True;False;True;False;True
163;Briefly describe the automaton How many states are there ;describe me the state q1;Briefly describe the automaton How many states are there . describe me the state q1;The automaton has 4 states and 3 transitions.;[];The state q0 exists.;[('simbolo-q0', '#04ed00', 'stroke')];The automaton has 4 states and 3 transitions.;[];True;True;False;False;False;False
164;Briefly describe the automaton 2 How many states are there ;Does the automaton return to q0 after every valid input sequence;Briefly describe the automaton 2 How many states are there . Does the automaton return to q0 after every valid input sequence;The automaton has 4 states and 3 transitions.;[];The automaton accepts zero or more words formed by a sequence of the type 110. In total there are 4 states: q0, q1, q2 e q4. q0 is both the initial and the final state.Le transizioni sono: q0 with value 1 goes goes q1, q1 with value 1 goes goes q2, q4 with value 0 goes to q0.;[];The automaton has 4 states and 3 transitions.;[];True;True;False;True;False;True
164;Briefly describe the automaton 2 How many states are there ;how many transitions are there;Briefly describe the automaton 2 How many states are there . how many transitions are there;The automaton has 4 states and 3 transitions.;[];The automaton has 3 transitions: q0 con valore 1 va in q1, q1 con valore 1 va in q2, q4 con valore 0 va in q0.;[('simbolo-q0-q1', '#04ed00', 'stroke'), ('simbolo-q1-q2', '#04ed00', 'stroke'), ('simbolo-q4-q0', '#04ed00', 'stroke')];The automaton has 4 states and 3 transitions.;[];True;True;False;False;False;False
165;How many states are in Automation 2 ;which arc from q3;How many states are in Automation 2 . which arc from q3;This automaton has 4 states;[('simbolo-q0', '#04ed00', 'stroke'), ('simbolo-q1', '#04ed00', 'stroke'), ('simbolo-q2', '#04ed00', 'stroke'), ('simbolo-q4', '#04ed00', 'stroke')];the transition is not defined.;[];This automaton has 4 states;[('simbolo-q0', '#04ed00', 'stroke'), ('simbolo-q1', '#04ed00', 'stroke'), ('simbolo-q2', '#04ed00', 'stroke'), ('simbolo-q4', '#04ed00', 'stroke')];True;True;False;False;False;True
165;How many states are in Automation 2 ;Which state in the automaton is both the initial and the final state;How many states are in Automation 2 . Which state in the automaton is both the initial and the final state;This automaton has 4 states;[('simbolo-q0', '#04ed00', 'stroke'), ('simbolo-q1', '#04ed00', 'stroke'), ('simbolo-q2', '#04ed00', 'stroke'), ('simbolo-q4', '#04ed00', 'stroke')];The initial state is q0.;[('simbolo-q0', '#04ed00', 'stroke')];The initial state is q0.;[('simbolo-q0', '#04ed00', 'stroke')];False;False;True;True;False;False
166;How many transitions are there ;How many states does the automaton have ;How many transitions are there . How many states does the automaton have ;The automaton has 3 transitions: q0 con valore 1 va in q1, q1 con valore 1 va in q2, q4 con valore 0 va in q0.;[('simbolo-q0-q1', '#04ed00', 'stroke'), ('simbolo-q1-q2', '#04ed00', 'stroke'), ('simbolo-q4-q0', '#04ed00', 'stroke')];This automaton has 4 states;[('simbolo-q0', '#04ed00', 'stroke'), ('simbolo-q1', '#04ed00', 'stroke'), ('simbolo-q2', '#04ed00', 'stroke'), ('simbolo-q4', '#04ed00', 'stroke')];The automaton has 3 transitions: q0 con valore 1 va in q1, q1 con valore 1 va in q2, q4 con valore 0 va in q0.;[('simbolo-q0-q1', '#04ed00', 'stroke'), ('simbolo-q1-q2', '#04ed00', 'stroke'), ('simbolo-q4-q0', '#04ed00', 'stroke')];True;True;False;False;False;False
166;How many transitions are there ;transitions;How many transitions are there . transitions;The automaton has 3 transitions: q0 con valore 1 va in q1, q1 con valore 1 va in q2, q4 con valore 0 va in q0.;[('simbolo-q0-q1', '#04ed00', 'stroke'), ('simbolo-q1-q2', '#04ed00', 'stroke'), ('simbolo-q4-q0', '#04ed00', 'stroke')];there is no transition between q0 and q0.;[];The automaton has 3 transitions: q0 con valore 1 va in q1, q1 con valore 1 va in q2, q4 con valore 0 va in q0.;[('simbolo-q0-q1', '#04ed00', 'stroke'), ('simbolo-q1-q2', '#04ed00', 'stroke'), ('simbolo-q4-q0', '#04ed00', 'stroke')];True;True;False;False;False;True
167;Is there a transition from q0 to q5 ;Is there an arc from q0 to q1 ;Is there a transition from q0 to q5 . Is there an arc from q0 to q1 ;the transition is not defined.;[];The transition between q0 and q1 is with value 1.;[('simbolo-q0-q1', '#04ed00', 'stroke')];the transition is not defined.;[];True;True;False;False;False;False
167;Is there a transition from q0 to q5 ;Is there an arc between q1 and q2 ;Is there a transition from q0 to q5 . Is there an arc between q1 and q2 ;the transition is not defined.;[];The transition between q1 and q2 is with value 1.;[('simbolo-q1-q2', '#04ed00', 'stroke')];the transition is not defined.;[];True;True;False;False;False;False
170;How many states are there ;what are the links of q4 ;How many states are there . what are the links of q4 ;This automaton has 4 states;[('simbolo-q0', '#04ed00', 'stroke'), ('simbolo-q1', '#04ed00', 'stroke'), ('simbolo-q2', '#04ed00', 'stroke'), ('simbolo-q4', '#04ed00', 'stroke')];there is no transition between q0 and q0.;[];This automaton has 4 states;[('simbolo-q0', '#04ed00', 'stroke'), ('simbolo-q1', '#04ed00', 'stroke'), ('simbolo-q2', '#04ed00', 'stroke'), ('simbolo-q4', '#04ed00', 'stroke')];True;True;False;False;False;True
170;How many states are there ;which is the final state ;How many states are there . which is the final state ;This automaton has 4 states;[('simbolo-q0', '#04ed00', 'stroke'), ('simbolo-q1', '#04ed00', 'stroke'), ('simbolo-q2', '#04ed00', 'stroke'), ('simbolo-q4', '#04ed00', 'stroke')];The final state is q0.;[('simbolo-q0', '#04ed00', 'stroke')];The final state is q0.;[('simbolo-q0', '#04ed00', 'stroke')];False;False;True;True;False;False
171;Briefly describe the automaton ;Is there a pattern among the transitions ;Briefly describe the automaton . Is there a pattern among the transitions ;The automaton accepts zero or more words formed by a sequence of the type 110. In total there are 4 states: q0, q1, q2 e q4. q0 is both the initial and the final state.Le transizioni sono: q0 with value 1 goes goes q1, q1 with value 1 goes goes q2, q4 with value 0 goes to q0.;[];Potresti essere più specifico?;[];The automaton accepts zero or more words formed by a sequence of the type 110. In total there are 4 states: q0, q1, q2 e q4. q0 is both the initial and the final state.Le transizioni sono: q0 with value 1 goes goes q1, q1 with value 1 goes goes q2, q4 with value 0 goes to q0.;[];True;True;False;True;False;True
171;Briefly describe the automaton ;how many arcs;Briefly describe the automaton . how many arcs;The automaton accepts zero or more words formed by a sequence of the type 110. In total there are 4 states: q0, q1, q2 e q4. q0 is both the initial and the final state.Le transizioni sono: q0 with value 1 goes goes q1, q1 with value 1 goes goes q2, q4 with value 0 goes to q0.;[];The automaton has 3 transitions: q0 con valore 1 va in q1, q1 con valore 1 va in q2, q4 con valore 0 va in q0.;[('simbolo-q0-q1', '#04ed00', 'stroke'), ('simbolo-q1-q2', '#04ed00', 'stroke'), ('simbolo-q4-q0', '#04ed00', 'stroke')];The automaton has 3 transitions: q0 con valore 1 va in q1, q1 con valore 1 va in q2, q4 con valore 0 va in q0.;[('simbolo-q0-q1', '#04ed00', 'stroke'), ('simbolo-q1-q2', '#04ed00', 'stroke'), ('simbolo-q4-q0', '#04ed00', 'stroke')];False;False;True;True;False;True
172;How is the automaton represented ;what language accepts this auotmata ;How is the automaton represented . what language accepts this auotmata ;The automaton accepts zero or more words formed by a sequence of the type 110. In total there are 4 states: q0, q1, q2 e q4. q0 is both the initial and the final state.Le transizioni sono: q0 with value 1 goes goes q1, q1 with value 1 goes goes q2, q4 with value 0 goes to q0.;[];Potresti essere più specifico?;[];The automaton accepts zero or more words formed by a sequence of the type 110. In total there are 4 states: q0, q1, q2 e q4. q0 is both the initial and the final state.Le transizioni sono: q0 with value 1 goes goes q1, q1 with value 1 goes goes q2, q4 with value 0 goes to q0.;[];True;True;False;True;False;True
172;How is the automaton represented ;patterns among arcs;How is the automaton represented . patterns among arcs;The automaton accepts zero or more words formed by a sequence of the type 110. In total there are 4 states: q0, q1, q2 e q4. q0 is both the initial and the final state.Le transizioni sono: q0 with value 1 goes goes q1, q1 with value 1 goes goes q2, q4 with value 0 goes to q0.;[];Potresti essere più specifico?;[];The automaton accepts zero or more words formed by a sequence of the type 110. In total there are 4 states: q0, q1, q2 e q4. q0 is both the initial and the final state.Le transizioni sono: q0 with value 1 goes goes q1, q1 with value 1 goes goes q2, q4 with value 0 goes to q0.;[];True;True;False;True;False;True
173;Is there an arc between q0 and q1 ;what is the alphabet ;Is there an arc between q0 and q1 . what is the alphabet ;The transition between q0 and q1 is with value 1.;[('simbolo-q0-q1', '#04ed00', 'stroke')];Potresti essere più specifico?;[];The automaton has 3 transitions: q0 con valore 1 va in q1, q1 con valore 1 va in q2, q4 con valore 0 va in q0.;[('simbolo-q0-q1', '#04ed00', 'stroke'), ('simbolo-q1-q2', '#04ed00', 'stroke'), ('simbolo-q4-q0', '#04ed00', 'stroke')];False;False;False;False;False;False
173;Is there an arc between q0 and q1 ;Descrivi l automa ;Is there an arc between q0 and q1 . Descrivi l automa ;The transition between q0 and q1 is with value 1.;[('simbolo-q0-q1', '#04ed00', 'stroke')];The automaton accepts zero or more words formed by a sequence of the type 110. In total there are 4 states: q0, q1, q2 e q4. q0 is both the initial and the final state.Le transizioni sono: q0 with value 1 goes goes q1, q1 with value 1 goes goes q2, q4 with value 0 goes to q0.;[];The transition between q0 and q1 is with value 1.;[('simbolo-q0-q1', '#04ed00', 'stroke')];True;True;False;False;False;True
174;Is there an arc between q1 and q2 ;What about transitions ;Is there an arc between q1 and q2 . What about transitions ;The transition between q1 and q2 is with value 1.;[('simbolo-q1-q2', '#04ed00', 'stroke')];there is no transition between q0 and q0.;[];The transition between q1 and q2 is with value 1.;[('simbolo-q1-q2', '#04ed00', 'stroke')];True;True;False;False;False;True
174;Is there an arc between q1 and q2 ;Descrivi l automa ;Is there an arc between q1 and q2 . Descrivi l automa ;The transition between q1 and q2 is with value 1.;[('simbolo-q1-q2', '#04ed00', 'stroke')];The automaton accepts zero or more words formed by a sequence of the type 110. In total there are 4 states: q0, q1, q2 e q4. q0 is both the initial and the final state.Le transizioni sono: q0 with value 1 goes goes q1, q1 with value 1 goes goes q2, q4 with value 0 goes to q0.;[];The transition between q1 and q2 is with value 1.;[('simbolo-q1-q2', '#04ed00', 'stroke')];True;True;False;False;False;True
175;describe me the automaton ;Which are the transitions from q4 ;describe me the automaton . Which are the transitions from q4 ;The automaton accepts zero or more words formed by a sequence of the type 110. In total there are 4 states: q0, q1, q2 e q4. q0 is both the initial and the final state.Le transizioni sono: q0 with value 1 goes goes q1, q1 with value 1 goes goes q2, q4 with value 0 goes to q0.;[];the transition is not defined.;[];there is no transition between q0 and q0.;[];False;True;False;True;False;True
175;describe me the automaton ;briefly describe you the automaton ;describe me the automaton . briefly describe you the automaton ;The automaton accepts zero or more words formed by a sequence of the type 110. In total there are 4 states: q0, q1, q2 e q4. q0 is both the initial and the final state.Le transizioni sono: q0 with value 1 goes goes q1, q1 with value 1 goes goes q2, q4 with value 0 goes to q0.;[];The automaton accepts zero or more words formed by a sequence of the type 110. In total there are 4 states: q0, q1, q2 e q4. q0 is both the initial and the final state.Le transizioni sono: q0 with value 1 goes goes q1, q1 with value 1 goes goes q2, q4 with value 0 goes to q0.;[];The automaton accepts zero or more words formed by a sequence of the type 110. In total there are 4 states: q0, q1, q2 e q4. q0 is both the initial and the final state.Le transizioni sono: q0 with value 1 goes goes q1, q1 with value 1 goes goes q2, q4 with value 0 goes to q0.;[];True;True;True;True;False;True
178;describe me the automaton ;Is there an arc from q0 to q2 q3 or q4 ;describe me the automaton . Is there an arc from q0 to q2 q3 or q4 ;The automaton accepts zero or more words formed by a sequence of the type 110. In total there are 4 states: q0, q1, q2 e q4. q0 is both the initial and the final state.Le transizioni sono: q0 with value 1 goes goes q1, q1 with value 1 goes goes q2, q4 with value 0 goes to q0.;[];there is no transition between q0 and q2.;[];there is no transition between q0 and q2.;[];False;True;True;True;False;True
178;describe me the automaton ;Is there an arc from q2 to q3 ;describe me the automaton . Is there an arc from q2 to q3 ;The automaton accepts zero or more words formed by a sequence of the type 110. In total there are 4 states: q0, q1, q2 e q4. q0 is both the initial and the final state.Le transizioni sono: q0 with value 1 goes goes q1, q1 with value 1 goes goes q2, q4 with value 0 goes to q0.;[];The transition between q2 and q3 is with value 0.;[('simbolo-q2-q3', '#04ed00', 'stroke')];The transition between q2 and q3 is with value 0.;[('simbolo-q2-q3', '#04ed00', 'stroke')];False;False;True;True;False;True
179;briefly describe the automation ;Describe automaton ;briefly describe the automation . Describe automaton ;The automaton accepts zero or more words formed by a sequence of the type 110. In total there are 4 states: q0, q1, q2 e q4. q0 is both the initial and the final state.Le transizioni sono: q0 with value 1 goes goes q1, q1 with value 1 goes goes q2, q4 with value 0 goes to q0.;[];The automaton accepts zero or more words formed by a sequence of the type 110. In total there are 4 states: q0, q1, q2 e q4. q0 is both the initial and the final state.Le transizioni sono: q0 with value 1 goes goes q1, q1 with value 1 goes goes q2, q4 with value 0 goes to q0.;[];The automaton accepts zero or more words formed by a sequence of the type 110. In total there are 4 states: q0, q1, q2 e q4. q0 is both the initial and the final state.Le transizioni sono: q0 with value 1 goes goes q1, q1 with value 1 goes goes q2, q4 with value 0 goes to q0.;[];True;True;True;True;False;True
179;briefly describe the automation ;Does the automaton accept a language allowing words made of an odd number of 0s and 1s ;briefly describe the automation . Does the automaton accept a language allowing words made of an odd number of 0s and 1s ;The automaton accepts zero or more words formed by a sequence of the type 110. In total there are 4 states: q0, q1, q2 e q4. q0 is both the initial and the final state.Le transizioni sono: q0 with value 1 goes goes q1, q1 with value 1 goes goes q2, q4 with value 0 goes to q0.;[];Potresti essere più specifico?;[];Potresti essere più specifico?;[];False;True;True;True;False;True
180;how many states ;what is the initial state of the automaton ;how many states . what is the initial state of the automaton ;This automaton has 4 states;[('simbolo-q0', '#04ed00', 'stroke'), ('simbolo-q1', '#04ed00', 'stroke'), ('simbolo-q2', '#04ed00', 'stroke'), ('simbolo-q4', '#04ed00', 'stroke')];The initial state is q0.;[('simbolo-q0', '#04ed00', 'stroke')];The initial state is q0.;[('simbolo-q0', '#04ed00', 'stroke')];False;False;True;True;False;False
180;how many states ;how many states;how many states . how many states;This automaton has 4 states;[('simbolo-q0', '#04ed00', 'stroke'), ('simbolo-q1', '#04ed00', 'stroke'), ('simbolo-q2', '#04ed00', 'stroke'), ('simbolo-q4', '#04ed00', 'stroke')];This automaton has 4 states;[('simbolo-q0', '#04ed00', 'stroke'), ('simbolo-q1', '#04ed00', 'stroke'), ('simbolo-q2', '#04ed00', 'stroke'), ('simbolo-q4', '#04ed00', 'stroke')];This automaton has 4 states;[('simbolo-q0', '#04ed00', 'stroke'), ('simbolo-q1', '#04ed00', 'stroke'), ('simbolo-q2', '#04ed00', 'stroke'), ('simbolo-q4', '#04ed00', 'stroke')];True;True;True;True;False;False
181;how many transitions ;How many final states are there ;how many transitions . How many final states are there ;The automaton has 3 transitions: q0 con valore 1 va in q1, q1 con valore 1 va in q2, q4 con valore 0 va in q0.;[('simbolo-q0-q1', '#04ed00', 'stroke'), ('simbolo-q1-q2', '#04ed00', 'stroke'), ('simbolo-q4-q0', '#04ed00', 'stroke')];The automaton has 4 states: q0, q1, q2 e q4.;[('simbolo-q0', '#04ed00', 'stroke'), ('simbolo-q1', '#04ed00', 'stroke'), ('simbolo-q2', '#04ed00', 'stroke'), ('simbolo-q4', '#04ed00', 'stroke')];The automaton has 3 transitions: q0 con valore 1 va in q1, q1 con valore 1 va in q2, q4 con valore 0 va in q0.;[('simbolo-q0-q1', '#04ed00', 'stroke'), ('simbolo-q1-q2', '#04ed00', 'stroke'), ('simbolo-q4-q0', '#04ed00', 'stroke')];True;True;False;False;False;False
181;how many transitions ;How is the automaton represented ;how many transitions . How is the automaton represented ;The automaton has 3 transitions: q0 con valore 1 va in q1, q1 con valore 1 va in q2, q4 con valore 0 va in q0.;[('simbolo-q0-q1', '#04ed00', 'stroke'), ('simbolo-q1-q2', '#04ed00', 'stroke'), ('simbolo-q4-q0', '#04ed00', 'stroke')];The automaton accepts zero or more words formed by a sequence of the type 110. In total there are 4 states: q0, q1, q2 e q4. q0 is both the initial and the final state.Le transizioni sono: q0 with value 1 goes goes q1, q1 with value 1 goes goes q2, q4 with value 0 goes to q0.;[];The automaton has 3 transitions: q0 con valore 1 va in q1, q1 con valore 1 va in q2, q4 con valore 0 va in q0.;[('simbolo-q0-q1', '#04ed00', 'stroke'), ('simbolo-q1-q2', '#04ed00', 'stroke'), ('simbolo-q4-q0', '#04ed00', 'stroke')];True;True;False;False;False;True
182;What is the best way to represent this automa ;Describe the automaton ;What is the best way to represent this automa . Describe the automaton ;The automaton accepts zero or more words formed by a sequence of the type 110. In total there are 4 states: q0, q1, q2 e q4. q0 is both the initial and the final state.Le transizioni sono: q0 with value 1 goes goes q1, q1 with value 1 goes goes q2, q4 with value 0 goes to q0.;[];The automaton accepts zero or more words formed by a sequence of the type 110. In total there are 4 states: q0, q1, q2 e q4. q0 is both the initial and the final state.Le transizioni sono: q0 with value 1 goes goes q1, q1 with value 1 goes goes q2, q4 with value 0 goes to q0.;[];The automaton accepts zero or more words formed by a sequence of the type 110. In total there are 4 states: q0, q1, q2 e q4. q0 is both the initial and the final state.Le transizioni sono: q0 with value 1 goes goes q1, q1 with value 1 goes goes q2, q4 with value 0 goes to q0.;[];True;True;True;True;False;True
182;What is the best way to represent this automa ;Is there a pattern among the transitions ;What is the best way to represent this automa . Is there a pattern among the transitions ;The automaton accepts zero or more words formed by a sequence of the type 110. In total there are 4 states: q0, q1, q2 e q4. q0 is both the initial and the final state.Le transizioni sono: q0 with value 1 goes goes q1, q1 with value 1 goes goes q2, q4 with value 0 goes to q0.;[];Potresti essere più specifico?;[];Potresti essere più specifico?;[];False;True;True;True;False;True
184;What is the initial state ;Does it have 5 states then ;What is the initial state . Does it have 5 states then ;The initial state is q0.;[('simbolo-q0', '#04ed00', 'stroke')];The automaton has 4 states: q0, q1, q2 e q4.;[('simbolo-q0', '#04ed00', 'stroke'), ('simbolo-q1', '#04ed00', 'stroke'), ('simbolo-q2', '#04ed00', 'stroke'), ('simbolo-q4', '#04ed00', 'stroke')];The initial state is q0.;[('simbolo-q0', '#04ed00', 'stroke')];True;True;False;False;False;False
184;What is the initial state ;How many transitions are there ;What is the initial state . How many transitions are there ;The initial state is q0.;[('simbolo-q0', '#04ed00', 'stroke')];The automaton has 3 transitions: q0 con valore 1 va in q1, q1 con valore 1 va in q2, q4 con valore 0 va in q0.;[('simbolo-q0-q1', '#04ed00', 'stroke'), ('simbolo-q1-q2', '#04ed00', 'stroke'), ('simbolo-q4-q0', '#04ed00', 'stroke')];The initial state is q0.;[('simbolo-q0', '#04ed00', 'stroke')];True;True;False;False;False;False
185;What is the final state ;Give me a list of the arcs ;What is the final state . Give me a list of the arcs ;The final state is q0.;[('simbolo-q0', '#04ed00', 'stroke')];there is no transition between q0 and q0.;[];The final state is q0.;[('simbolo-q0', '#04ed00', 'stroke')];True;True;False;False;False;True
185;What is the final state ;what are the transitions from q4 ;What is the final state . what are the transitions from q4 ;The final state is q0.;[('simbolo-q0', '#04ed00', 'stroke')];the transition is not defined.;[];The final state is q0.;[('simbolo-q0', '#04ed00', 'stroke')];True;True;False;False;False;True
186;What about transitions ;how many arcs;What about transitions . how many arcs;there is no transition between q0 and q0.;[];The automaton has 3 transitions: q0 con valore 1 va in q1, q1 con valore 1 va in q2, q4 con valore 0 va in q0.;[('simbolo-q0-q1', '#04ed00', 'stroke'), ('simbolo-q1-q2', '#04ed00', 'stroke'), ('simbolo-q4-q0', '#04ed00', 'stroke')];The automaton has 3 transitions: q0 con valore 1 va in q1, q1 con valore 1 va in q2, q4 con valore 0 va in q0.;[('simbolo-q0-q1', '#04ed00', 'stroke'), ('simbolo-q1-q2', '#04ed00', 'stroke'), ('simbolo-q4-q0', '#04ed00', 'stroke')];False;False;True;True;False;True
186;What about transitions ;patterns among arcs;What about transitions . patterns among arcs;there is no transition between q0 and q0.;[];Potresti essere più specifico?;[];there is no transition between q0 and q0.;[];True;True;False;True;False;True
188;what is an automaton ;How is the automaton represented ;what is an automaton . How is the automaton represented ;The automaton accepts zero or more words formed by a sequence of the type 110. In total there are 4 states: q0, q1, q2 e q4. q0 is both the initial and the final state.Le transizioni sono: q0 with value 1 goes goes q1, q1 with value 1 goes goes q2, q4 with value 0 goes to q0.;[];The automaton accepts zero or more words formed by a sequence of the type 110. In total there are 4 states: q0, q1, q2 e q4. q0 is both the initial and the final state.Le transizioni sono: q0 with value 1 goes goes q1, q1 with value 1 goes goes q2, q4 with value 0 goes to q0.;[];The automaton accepts zero or more words formed by a sequence of the type 110. In total there are 4 states: q0, q1, q2 e q4. q0 is both the initial and the final state.Le transizioni sono: q0 with value 1 goes goes q1, q1 with value 1 goes goes q2, q4 with value 0 goes to q0.;[];True;True;True;True;False;True
188;what is an automaton ;What direction are the connections between the states ;what is an automaton . What direction are the connections between the states ;The automaton accepts zero or more words formed by a sequence of the type 110. In total there are 4 states: q0, q1, q2 e q4. q0 is both the initial and the final state.Le transizioni sono: q0 with value 1 goes goes q1, q1 with value 1 goes goes q2, q4 with value 0 goes to q0.;[];there is no transition between q0 and q0.;[];The automaton accepts zero or more words formed by a sequence of the type 110. In total there are 4 states: q0, q1, q2 e q4. q0 is both the initial and the final state.Le transizioni sono: q0 with value 1 goes goes q1, q1 with value 1 goes goes q2, q4 with value 0 goes to q0.;[];True;True;False;True;False;True
189;what is the initial stage of the automaton ;is there an arc from q2 to q1 ;what is the initial stage of the automaton . is there an arc from q2 to q1 ;The initial state is q0.;[('simbolo-q0', '#04ed00', 'stroke')];there is no transition between q2 and q1.;[];It is not the initial state.;[];False;False;False;True;False;False
189;what is the initial stage of the automaton ;arcs between q4 and q0;what is the initial stage of the automaton . arcs between q4 and q0;The initial state is q0.;[('simbolo-q0', '#04ed00', 'stroke')];The transition between q4 and q0 is with value 0.;[('simbolo-q4-q0', '#04ed00', 'stroke')];It is not the initial state.;[];False;False;False;False;False;False
190;Breifly describe me the automaton ;How many states does the automaton have ;Breifly describe me the automaton . How many states does the automaton have ;The automaton accepts zero or more words formed by a sequence of the type 110. In total there are 4 states: q0, q1, q2 e q4. q0 is both the initial and the final state.Le transizioni sono: q0 with value 1 goes goes q1, q1 with value 1 goes goes q2, q4 with value 0 goes to q0.;[];This automaton has 4 states;[('simbolo-q0', '#04ed00', 'stroke'), ('simbolo-q1', '#04ed00', 'stroke'), ('simbolo-q2', '#04ed00', 'stroke'), ('simbolo-q4', '#04ed00', 'stroke')];The automaton has 4 states and 3 transitions.;[];False;True;False;False;False;False
190;Breifly describe me the automaton ;How many states can I use in an automaton ;Breifly describe me the automaton . How many states can I use in an automaton ;The automaton accepts zero or more words formed by a sequence of the type 110. In total there are 4 states: q0, q1, q2 e q4. q0 is both the initial and the final state.Le transizioni sono: q0 with value 1 goes goes q1, q1 with value 1 goes goes q2, q4 with value 0 goes to q0.;[];This automaton has 4 states;[('simbolo-q0', '#04ed00', 'stroke'), ('simbolo-q1', '#04ed00', 'stroke'), ('simbolo-q2', '#04ed00', 'stroke'), ('simbolo-q4', '#04ed00', 'stroke')];The automaton has 4 states and 3 transitions.;[];False;True;False;False;False;False
191;what is the initial state of the automaton ;Which are the transitions from q2 ;what is the initial state of the automaton . Which are the transitions from q2 ;The initial state is q0.;[('simbolo-q0', '#04ed00', 'stroke')];the transition is not defined.;[];The initial state is q0.;[('simbolo-q0', '#04ed00', 'stroke')];True;True;False;False;False;True
191;what is the initial state of the automaton ;Which are the transitions from q4 ;what is the initial state of the automaton . Which are the transitions from q4 ;The initial state is q0.;[('simbolo-q0', '#04ed00', 'stroke')];there is no transition between q0 and q0.;[];The initial state is q0.;[('simbolo-q0', '#04ed00', 'stroke')];True;True;False;False;False;True
194;Describe the automaton ;Can you describe the automaton ;Describe the automaton . Can you describe the automaton ;The automaton accepts zero or more words formed by a sequence of the type 110. In total there are 4 states: q0, q1, q2 e q4. q0 is both the initial and the final state.Le transizioni sono: q0 with value 1 goes goes q1, q1 with value 1 goes goes q2, q4 with value 0 goes to q0.;[];The automaton accepts zero or more words formed by a sequence of the type 110. In total there are 4 states: q0, q1, q2 e q4. q0 is both the initial and the final state.Le transizioni sono: q0 with value 1 goes goes q1, q1 with value 1 goes goes q2, q4 with value 0 goes to q0.;[];The automaton accepts zero or more words formed by a sequence of the type 110. In total there are 4 states: q0, q1, q2 e q4. q0 is both the initial and the final state.Le transizioni sono: q0 with value 1 goes goes q1, q1 with value 1 goes goes q2, q4 with value 0 goes to q0.;[];True;True;True;True;False;True
194;Describe the automaton ;Is there a transition from q0 to q5 ;Describe the automaton . Is there a transition from q0 to q5 ;The automaton accepts zero or more words formed by a sequence of the type 110. In total there are 4 states: q0, q1, q2 e q4. q0 is both the initial and the final state.Le transizioni sono: q0 with value 1 goes goes q1, q1 with value 1 goes goes q2, q4 with value 0 goes to q0.;[];the transition is not defined.;[];the transition is not defined.;[];False;True;True;True;False;True
195;describe the transition table of the automaton ;Breifly describe me the automaton ;describe the transition table of the automaton . Breifly describe me the automaton ;there is no transition between q0 and q0.;[];The automaton accepts zero or more words formed by a sequence of the type 110. In total there are 4 states: q0, q1, q2 e q4. q0 is both the initial and the final state.Le transizioni sono: q0 with value 1 goes goes q1, q1 with value 1 goes goes q2, q4 with value 0 goes to q0.;[];Potresti essere più specifico?;[];False;True;False;True;False;True
195;describe the transition table of the automaton ;It is possible to find a repetitive pattern in the transitions ;describe the transition table of the automaton . It is possible to find a repetitive pattern in the transitions ;there is no transition between q0 and q0.;[];Potresti essere più specifico?;[];there is no transition between q0 and q0.;[];True;True;False;True;False;True
196;is there an arc from q0 to q1 ;Does the automaton accept sequences longer than three 1s followed by two 0s;is there an arc from q0 to q1 . Does the automaton accept sequences longer than three 1s followed by two 0s;The transition between q0 and q1 is with value 1.;[('simbolo-q0-q1', '#04ed00', 'stroke')];Potresti essere più specifico?;[];The transition between q0 and q1 is with value 1.;[('simbolo-q0-q1', '#04ed00', 'stroke')];True;True;False;False;False;True
197;is there an arc from q2 to q1 ;Is there an arc from q3 ;is there an arc from q2 to q1 . Is there an arc from q3 ;there is no transition between q2 and q1.;[];the transition is not defined.;[];there is no transition between q2 and q1.;[];True;True;False;True;False;True
197;is there an arc from q2 to q1 ;how many states has the automata ;is there an arc from q2 to q1 . how many states has the automata ;there is no transition between q2 and q1.;[];This automaton has 4 states;[('simbolo-q0', '#04ed00', 'stroke'), ('simbolo-q1', '#04ed00', 'stroke'), ('simbolo-q2', '#04ed00', 'stroke'), ('simbolo-q4', '#04ed00', 'stroke')];there is no transition between q2 and q1.;[];True;True;False;False;False;False
198;how many states there are ;Which transitions start from q2 ;how many states there are . Which transitions start from q2 ;This automaton has 4 states;[('simbolo-q0', '#04ed00', 'stroke'), ('simbolo-q1', '#04ed00', 'stroke'), ('simbolo-q2', '#04ed00', 'stroke'), ('simbolo-q4', '#04ed00', 'stroke')];the transition is not defined.;[];This automaton has 4 states;[('simbolo-q0', '#04ed00', 'stroke'), ('simbolo-q1', '#04ed00', 'stroke'), ('simbolo-q2', '#04ed00', 'stroke'), ('simbolo-q4', '#04ed00', 'stroke')];True;True;False;False;False;True
198;how many states there are ;How many states are there ;how many states there are . How many states are there ;This automaton has 4 states;[('simbolo-q0', '#04ed00', 'stroke'), ('simbolo-q1', '#04ed00', 'stroke'), ('simbolo-q2', '#04ed00', 'stroke'), ('simbolo-q4', '#04ed00', 'stroke')];This automaton has 4 states;[('simbolo-q0', '#04ed00', 'stroke'), ('simbolo-q1', '#04ed00', 'stroke'), ('simbolo-q2', '#04ed00', 'stroke'), ('simbolo-q4', '#04ed00', 'stroke')];This automaton has 4 states;[('simbolo-q0', '#04ed00', 'stroke'), ('simbolo-q1', '#04ed00', 'stroke'), ('simbolo-q2', '#04ed00', 'stroke'), ('simbolo-q4', '#04ed00', 'stroke')];True;True;True;True;False;False
202;how is the automaton represented ;What is the purpose of the automaton ;how is the automaton represented . What is the purpose of the automaton ;The automaton accepts zero or more words formed by a sequence of the type 110. In total there are 4 states: q0, q1, q2 e q4. q0 is both the initial and the final state.Le transizioni sono: q0 with value 1 goes goes q1, q1 with value 1 goes goes q2, q4 with value 0 goes to q0.;[];The automaton accepts zero or more words formed by a sequence of the type 110. In total there are 4 states: q0, q1, q2 e q4. q0 is both the initial and the final state.Le transizioni sono: q0 with value 1 goes goes q1, q1 with value 1 goes goes q2, q4 with value 0 goes to q0.;[];The automaton accepts zero or more words formed by a sequence of the type 110. In total there are 4 states: q0, q1, q2 e q4. q0 is both the initial and the final state.Le transizioni sono: q0 with value 1 goes goes q1, q1 with value 1 goes goes q2, q4 with value 0 goes to q0.;[];True;True;True;True;False;True
202;how is the automaton represented ;Can you provide a representation of the automaton ;how is the automaton represented . Can you provide a representation of the automaton ;The automaton accepts zero or more words formed by a sequence of the type 110. In total there are 4 states: q0, q1, q2 e q4. q0 is both the initial and the final state.Le transizioni sono: q0 with value 1 goes goes q1, q1 with value 1 goes goes q2, q4 with value 0 goes to q0.;[];The automaton accepts zero or more words formed by a sequence of the type 110. In total there are 4 states: q0, q1, q2 e q4. q0 is both the initial and the final state.Le transizioni sono: q0 with value 1 goes goes q1, q1 with value 1 goes goes q2, q4 with value 0 goes to q0.;[];The automaton accepts zero or more words formed by a sequence of the type 110. In total there are 4 states: q0, q1, q2 e q4. q0 is both the initial and the final state.Le transizioni sono: q0 with value 1 goes goes q1, q1 with value 1 goes goes q2, q4 with value 0 goes to q0.;[];True;True;True;True;False;True
203;Vorrei una descrizione di Automa1 ;What transitions enter and exit q3 ;Vorrei una descrizione di Automa1 . What transitions enter and exit q3 ;The automaton accepts zero or more words formed by a sequence of the type 110. In total there are 4 states: q0, q1, q2 e q4. q0 is both the initial and the final state.Le transizioni sono: q0 with value 1 goes goes q1, q1 with value 1 goes goes q2, q4 with value 0 goes to q0.;[];the transition is not defined.;[];the transition is not defined.;[];False;True;True;True;False;True
203;Vorrei una descrizione di Automa1 ;can you describe the transitions ;Vorrei una descrizione di Automa1 . can you describe the transitions ;The automaton accepts zero or more words formed by a sequence of the type 110. In total there are 4 states: q0, q1, q2 e q4. q0 is both the initial and the final state.Le transizioni sono: q0 with value 1 goes goes q1, q1 with value 1 goes goes q2, q4 with value 0 goes to q0.;[];there is no transition between q0 and q0.;[];there is no transition between q0 and q0.;[];False;True;True;True;False;True
204;Descrivi l automa ;What are the states ;Descrivi l automa . What are the states ;The automaton accepts zero or more words formed by a sequence of the type 110. In total there are 4 states: q0, q1, q2 e q4. q0 is both the initial and the final state.Le transizioni sono: q0 with value 1 goes goes q1, q1 with value 1 goes goes q2, q4 with value 0 goes to q0.;[];The state q0 exists.;[('simbolo-q0', '#04ed00', 'stroke')];The state q0 exists.;[('simbolo-q0', '#04ed00', 'stroke')];False;False;True;True;False;True
204;Descrivi l automa ;How many states can I use in an automaton ;Descrivi l automa . How many states can I use in an automaton ;The automaton accepts zero or more words formed by a sequence of the type 110. In total there are 4 states: q0, q1, q2 e q4. q0 is both the initial and the final state.Le transizioni sono: q0 with value 1 goes goes q1, q1 with value 1 goes goes q2, q4 with value 0 goes to q0.;[];This automaton has 4 states;[('simbolo-q0', '#04ed00', 'stroke'), ('simbolo-q1', '#04ed00', 'stroke'), ('simbolo-q2', '#04ed00', 'stroke'), ('simbolo-q4', '#04ed00', 'stroke')];The automaton has 4 states and 3 transitions.;[];False;True;False;False;False;False
205;How many states are there ;There is a transition between q5 and q7 ;How many states are there . There is a transition between q5 and q7 ;This automaton has 4 states;[('simbolo-q0', '#04ed00', 'stroke'), ('simbolo-q1', '#04ed00', 'stroke'), ('simbolo-q2', '#04ed00', 'stroke'), ('simbolo-q4', '#04ed00', 'stroke')];the transition is not defined.;[];This automaton has 4 states;[('simbolo-q0', '#04ed00', 'stroke'), ('simbolo-q1', '#04ed00', 'stroke'), ('simbolo-q2', '#04ed00', 'stroke'), ('simbolo-q4', '#04ed00', 'stroke')];True;True;False;False;False;True
205;How many states are there ;How many transitions are there ;How many states are there . How many transitions are there ;This automaton has 4 states;[('simbolo-q0', '#04ed00', 'stroke'), ('simbolo-q1', '#04ed00', 'stroke'), ('simbolo-q2', '#04ed00', 'stroke'), ('simbolo-q4', '#04ed00', 'stroke')];The automaton has 3 transitions: q0 con valore 1 va in q1, q1 con valore 1 va in q2, q4 con valore 0 va in q0.;[('simbolo-q0-q1', '#04ed00', 'stroke'), ('simbolo-q1-q2', '#04ed00', 'stroke'), ('simbolo-q4-q0', '#04ed00', 'stroke')];This automaton has 4 states;[('simbolo-q0', '#04ed00', 'stroke'), ('simbolo-q1', '#04ed00', 'stroke'), ('simbolo-q2', '#04ed00', 'stroke'), ('simbolo-q4', '#04ed00', 'stroke')];True;True;False;False;False;False
206;Describe automa ;How many states can I use in an automaton ;Describe automa . How many states can I use in an automaton ;The automaton accepts zero or more words formed by a sequence of the type 110. In total there are 4 states: q0, q1, q2 e q4. q0 is both the initial and the final state.Le transizioni sono: q0 with value 1 goes goes q1, q1 with value 1 goes goes q2, q4 with value 0 goes to q0.;[];This automaton has 4 states;[('simbolo-q0', '#04ed00', 'stroke'), ('simbolo-q1', '#04ed00', 'stroke'), ('simbolo-q2', '#04ed00', 'stroke'), ('simbolo-q4', '#04ed00', 'stroke')];The automaton has 4 states and 3 transitions.;[];False;True;False;False;False;False
206;Describe automa ;How many states are there ;Describe automa . How many states are there ;The automaton accepts zero or more words formed by a sequence of the type 110. In total there are 4 states: q0, q1, q2 e q4. q0 is both the initial and the final state.Le transizioni sono: q0 with value 1 goes goes q1, q1 with value 1 goes goes q2, q4 with value 0 goes to q0.;[];This automaton has 4 states;[('simbolo-q0', '#04ed00', 'stroke'), ('simbolo-q1', '#04ed00', 'stroke'), ('simbolo-q2', '#04ed00', 'stroke'), ('simbolo-q4', '#04ed00', 'stroke')];This automaton has 4 states;[('simbolo-q0', '#04ed00', 'stroke'), ('simbolo-q1', '#04ed00', 'stroke'), ('simbolo-q2', '#04ed00', 'stroke'), ('simbolo-q4', '#04ed00', 'stroke')];False;False;True;True;False;True
207;How many regions are there in Italy ;Which are the transitions from q1 ;How many regions are there in Italy . Which are the transitions from q1 ;The automaton has 4 states: q0, q1, q2 e q4.;[('simbolo-q0', '#04ed00', 'stroke'), ('simbolo-q1', '#04ed00', 'stroke'), ('simbolo-q2', '#04ed00', 'stroke'), ('simbolo-q4', '#04ed00', 'stroke')];there is no transition between q0 and q0.;[];The automaton has 4 states: q0, q1, q2 e q4.;[('simbolo-q0', '#04ed00', 'stroke'), ('simbolo-q1', '#04ed00', 'stroke'), ('simbolo-q2', '#04ed00', 'stroke'), ('simbolo-q4', '#04ed00', 'stroke')];True;True;False;False;False;True
207;How many regions are there in Italy ; how many transitions ;How many regions are there in Italy .  how many transitions ;The automaton has 4 states: q0, q1, q2 e q4.;[('simbolo-q0', '#04ed00', 'stroke'), ('simbolo-q1', '#04ed00', 'stroke'), ('simbolo-q2', '#04ed00', 'stroke'), ('simbolo-q4', '#04ed00', 'stroke')];The automaton has 3 transitions: q0 con valore 1 va in q1, q1 con valore 1 va in q2, q4 con valore 0 va in q0.;[('simbolo-q0-q1', '#04ed00', 'stroke'), ('simbolo-q1-q2', '#04ed00', 'stroke'), ('simbolo-q4-q0', '#04ed00', 'stroke')];The automaton has 4 states: q0, q1, q2 e q4.;[('simbolo-q0', '#04ed00', 'stroke'), ('simbolo-q1', '#04ed00', 'stroke'), ('simbolo-q2', '#04ed00', 'stroke'), ('simbolo-q4', '#04ed00', 'stroke')];True;True;False;False;False;False
212;If q2 were the final state the language accepted by the automaton is the same ;How is an automaton defined ;If q2 were the final state the language accepted by the automaton is the same . How is an automaton defined ;The final state is q0.;[('simbolo-q0', '#04ed00', 'stroke')];The automaton accepts zero or more words formed by a sequence of the type 110. In total there are 4 states: q0, q1, q2 e q4. q0 is both the initial and the final state.Le transizioni sono: q0 with value 1 goes goes q1, q1 with value 1 goes goes q2, q4 with value 0 goes to q0.;[];The automaton accepts zero or more words formed by a sequence of the type 110. In total there are 4 states: q0, q1, q2 e q4. q0 is both the initial and the final state.Le transizioni sono: q0 with value 1 goes goes q1, q1 with value 1 goes goes q2, q4 with value 0 goes to q0.;[];False;False;True;True;False;False
212;If q2 were the final state the language accepted by the automaton is the same ;briefly describe the automation ;If q2 were the final state the language accepted by the automaton is the same . briefly describe the automation ;The final state is q0.;[('simbolo-q0', '#04ed00', 'stroke')];The automaton accepts zero or more words formed by a sequence of the type 110. In total there are 4 states: q0, q1, q2 e q4. q0 is both the initial and the final state.Le transizioni sono: q0 with value 1 goes goes q1, q1 with value 1 goes goes q2, q4 with value 0 goes to q0.;[];The final state is q0.;[('simbolo-q0', '#04ed00', 'stroke')];True;True;False;False;False;True
213;If q2 were the final state the language accepted by the automaton is the same ;Is there an arc from q3 ;If q2 were the final state the language accepted by the automaton is the same . Is there an arc from q3 ;The final state is q0.;[('simbolo-q0', '#04ed00', 'stroke')];the transition is not defined.;[];there is no transition between q3 and q2.;[];False;False;False;True;False;False
213;If q2 were the final state the language accepted by the automaton is the same ;What transitions enter and exit q1 ;If q2 were the final state the language accepted by the automaton is the same . What transitions enter and exit q1 ;The final state is q0.;[('simbolo-q0', '#04ed00', 'stroke')];the transition is not defined.;[];there is no transition between q0 and q0.;[];False;False;False;True;False;False
214;If q0 were the final state the language accepted by the automaton is the same ;how is the automaton represented ;If q0 were the final state the language accepted by the automaton is the same . how is the automaton represented ;The final state is q0.;[('simbolo-q0', '#04ed00', 'stroke')];The automaton accepts zero or more words formed by a sequence of the type 110. In total there are 4 states: q0, q1, q2 e q4. q0 is both the initial and the final state.Le transizioni sono: q0 with value 1 goes goes q1, q1 with value 1 goes goes q2, q4 with value 0 goes to q0.;[];The automaton accepts zero or more words formed by a sequence of the type 110. In total there are 4 states: q0, q1, q2 e q4. q0 is both the initial and the final state.Le transizioni sono: q0 with value 1 goes goes q1, q1 with value 1 goes goes q2, q4 with value 0 goes to q0.;[];False;False;True;True;False;False
214;If q0 were the final state the language accepted by the automaton is the same ;start states;If q0 were the final state the language accepted by the automaton is the same . start states;The final state is q0.;[('simbolo-q0', '#04ed00', 'stroke')];The initial state is q0.;[('simbolo-q0', '#04ed00', 'stroke')];The final state is q0.;[('simbolo-q0', '#04ed00', 'stroke')];True;True;False;True;False;False
215;how many states has the automata ;can you deescribe the transitions ;how many states has the automata . can you deescribe the transitions ;This automaton has 4 states;[('simbolo-q0', '#04ed00', 'stroke'), ('simbolo-q1', '#04ed00', 'stroke'), ('simbolo-q2', '#04ed00', 'stroke'), ('simbolo-q4', '#04ed00', 'stroke')];The automaton has 3 transitions: q0 con valore 1 va in q1, q1 con valore 1 va in q2, q4 con valore 0 va in q0.;[('simbolo-q0-q1', '#04ed00', 'stroke'), ('simbolo-q1-q2', '#04ed00', 'stroke'), ('simbolo-q4-q0', '#04ed00', 'stroke')];This automaton has 4 states;[('simbolo-q0', '#04ed00', 'stroke'), ('simbolo-q1', '#04ed00', 'stroke'), ('simbolo-q2', '#04ed00', 'stroke'), ('simbolo-q4', '#04ed00', 'stroke')];True;True;False;False;False;False
215;how many states has the automata ;overview of the automaton;how many states has the automata . overview of the automaton;This automaton has 4 states;[('simbolo-q0', '#04ed00', 'stroke'), ('simbolo-q1', '#04ed00', 'stroke'), ('simbolo-q2', '#04ed00', 'stroke'), ('simbolo-q4', '#04ed00', 'stroke')];The automaton accepts zero or more words formed by a sequence of the type 110. In total there are 4 states: q0, q1, q2 e q4. q0 is both the initial and the final state.Le transizioni sono: q0 with value 1 goes goes q1, q1 with value 1 goes goes q2, q4 with value 0 goes to q0.;[];This automaton has 4 states;[('simbolo-q0', '#04ed00', 'stroke'), ('simbolo-q1', '#04ed00', 'stroke'), ('simbolo-q2', '#04ed00', 'stroke'), ('simbolo-q4', '#04ed00', 'stroke')];True;True;False;False;False;True
218;which is the transition function ;How many transitions does the automata have ;which is the transition function . How many transitions does the automata have ;there is no transition between q0 and q0.;[];The automaton has 3 transitions: q0 con valore 1 va in q1, q1 con valore 1 va in q2, q4 con valore 0 va in q0.;[('simbolo-q0-q1', '#04ed00', 'stroke'), ('simbolo-q1-q2', '#04ed00', 'stroke'), ('simbolo-q4-q0', '#04ed00', 'stroke')];The automaton has 3 transitions: q0 con valore 1 va in q1, q1 con valore 1 va in q2, q4 con valore 0 va in q0.;[('simbolo-q0-q1', '#04ed00', 'stroke'), ('simbolo-q1-q2', '#04ed00', 'stroke'), ('simbolo-q4-q0', '#04ed00', 'stroke')];False;False;True;True;False;True
218;which is the transition function ;is the automation deterministic or non-deterministic;which is the transition function . is the automation deterministic or non-deterministic;there is no transition between q0 and q0.;[];Potresti essere più specifico?;[];there is no transition between q0 and q0.;[];True;True;False;True;False;True
220;how much does the representation takes ;Please describe the transitions ;how much does the representation takes . Please describe the transitions ;The automaton accepts zero or more words formed by a sequence of the type 110. In total there are 4 states: q0, q1, q2 e q4. q0 is both the initial and the final state.Le transizioni sono: q0 with value 1 goes goes q1, q1 with value 1 goes goes q2, q4 with value 0 goes to q0.;[];there is no transition between q0 and q0.;[];there is no transition between q0 and q0.;[];False;True;True;True;False;True
220;how much does the representation takes ;How many states are in Automation 2 ;how much does the representation takes . How many states are in Automation 2 ;The automaton accepts zero or more words formed by a sequence of the type 110. In total there are 4 states: q0, q1, q2 e q4. q0 is both the initial and the final state.Le transizioni sono: q0 with value 1 goes goes q1, q1 with value 1 goes goes q2, q4 with value 0 goes to q0.;[];This automaton has 4 states;[('simbolo-q0', '#04ed00', 'stroke'), ('simbolo-q1', '#04ed00', 'stroke'), ('simbolo-q2', '#04ed00', 'stroke'), ('simbolo-q4', '#04ed00', 'stroke')];This automaton has 4 states;[('simbolo-q0', '#04ed00', 'stroke'), ('simbolo-q1', '#04ed00', 'stroke'), ('simbolo-q2', '#04ed00', 'stroke'), ('simbolo-q4', '#04ed00', 'stroke')];False;False;True;True;False;True
221;How is the automaton represented ;How is the automaton represented ;How is the automaton represented . How is the automaton represented ;The automaton accepts zero or more words formed by a sequence of the type 110. In total there are 4 states: q0, q1, q2 e q4. q0 is both the initial and the final state.Le transizioni sono: q0 with value 1 goes goes q1, q1 with value 1 goes goes q2, q4 with value 0 goes to q0.;[];The automaton accepts zero or more words formed by a sequence of the type 110. In total there are 4 states: q0, q1, q2 e q4. q0 is both the initial and the final state.Le transizioni sono: q0 with value 1 goes goes q1, q1 with value 1 goes goes q2, q4 with value 0 goes to q0.;[];The automaton accepts zero or more words formed by a sequence of the type 110. In total there are 4 states: q0, q1, q2 e q4. q0 is both the initial and the final state.Le transizioni sono: q0 with value 1 goes goes q1, q1 with value 1 goes goes q2, q4 with value 0 goes to q0.;[];True;True;True;True;False;True
221;How is the automaton represented ;are there arcs from q4 ;How is the automaton represented . are there arcs from q4 ;The automaton accepts zero or more words formed by a sequence of the type 110. In total there are 4 states: q0, q1, q2 e q4. q0 is both the initial and the final state.Le transizioni sono: q0 with value 1 goes goes q1, q1 with value 1 goes goes q2, q4 with value 0 goes to q0.;[];the transition is not defined.;[];the transition is not defined.;[];False;True;True;True;False;True
223;can you briefly describe the automata ;What are the transitions ;can you briefly describe the automata . What are the transitions ;The automaton accepts zero or more words formed by a sequence of the type 110. In total there are 4 states: q0, q1, q2 e q4. q0 is both the initial and the final state.Le transizioni sono: q0 with value 1 goes goes q1, q1 with value 1 goes goes q2, q4 with value 0 goes to q0.;[];there is no transition between q0 and q0.;[];The automaton accepts zero or more words formed by a sequence of the type 110. In total there are 4 states: q0, q1, q2 e q4. q0 is both the initial and the final state.Le transizioni sono: q0 with value 1 goes goes q1, q1 with value 1 goes goes q2, q4 with value 0 goes to q0.;[];True;True;False;True;False;True
223;can you briefly describe the automata ;describe the automaton ;can you briefly describe the automata . describe the automaton ;The automaton accepts zero or more words formed by a sequence of the type 110. In total there are 4 states: q0, q1, q2 e q4. q0 is both the initial and the final state.Le transizioni sono: q0 with value 1 goes goes q1, q1 with value 1 goes goes q2, q4 with value 0 goes to q0.;[];The automaton accepts zero or more words formed by a sequence of the type 110. In total there are 4 states: q0, q1, q2 e q4. q0 is both the initial and the final state.Le transizioni sono: q0 with value 1 goes goes q1, q1 with value 1 goes goes q2, q4 with value 0 goes to q0.;[];The automaton accepts zero or more words formed by a sequence of the type 110. In total there are 4 states: q0, q1, q2 e q4. q0 is both the initial and the final state.Le transizioni sono: q0 with value 1 goes goes q1, q1 with value 1 goes goes q2, q4 with value 0 goes to q0.;[];True;True;True;True;False;True
224;Summarise the automaton ;How many states does the automaton have ;Summarise the automaton . How many states does the automaton have ;The automaton accepts zero or more words formed by a sequence of the type 110. In total there are 4 states: q0, q1, q2 e q4. q0 is both the initial and the final state.Le transizioni sono: q0 with value 1 goes goes q1, q1 with value 1 goes goes q2, q4 with value 0 goes to q0.;[];This automaton has 4 states;[('simbolo-q0', '#04ed00', 'stroke'), ('simbolo-q1', '#04ed00', 'stroke'), ('simbolo-q2', '#04ed00', 'stroke'), ('simbolo-q4', '#04ed00', 'stroke')];The automaton has 4 states and 3 transitions.;[];False;True;False;False;False;False
224;Summarise the automaton ;how is the automaton represented ;Summarise the automaton . how is the automaton represented ;The automaton accepts zero or more words formed by a sequence of the type 110. In total there are 4 states: q0, q1, q2 e q4. q0 is both the initial and the final state.Le transizioni sono: q0 with value 1 goes goes q1, q1 with value 1 goes goes q2, q4 with value 0 goes to q0.;[];The automaton accepts zero or more words formed by a sequence of the type 110. In total there are 4 states: q0, q1, q2 e q4. q0 is both the initial and the final state.Le transizioni sono: q0 with value 1 goes goes q1, q1 with value 1 goes goes q2, q4 with value 0 goes to q0.;[];The automaton accepts zero or more words formed by a sequence of the type 110. In total there are 4 states: q0, q1, q2 e q4. q0 is both the initial and the final state.Le transizioni sono: q0 with value 1 goes goes q1, q1 with value 1 goes goes q2, q4 with value 0 goes to q0.;[];True;True;True;True;False;True
225;How many states are there ;What can I use finite state automata for ;How many states are there . What can I use finite state automata for ;This automaton has 4 states;[('simbolo-q0', '#04ed00', 'stroke'), ('simbolo-q1', '#04ed00', 'stroke'), ('simbolo-q2', '#04ed00', 'stroke'), ('simbolo-q4', '#04ed00', 'stroke')];The automaton accepts zero or more words formed by a sequence of the type 110. In total there are 4 states: q0, q1, q2 e q4. q0 is both the initial and the final state.Le transizioni sono: q0 with value 1 goes goes q1, q1 with value 1 goes goes q2, q4 with value 0 goes to q0.;[];This automaton has 4 states;[('simbolo-q0', '#04ed00', 'stroke'), ('simbolo-q1', '#04ed00', 'stroke'), ('simbolo-q2', '#04ed00', 'stroke'), ('simbolo-q4', '#04ed00', 'stroke')];True;True;False;False;False;True
225;How many states are there ;Which one si the final state ;How many states are there . Which one si the final state ;This automaton has 4 states;[('simbolo-q0', '#04ed00', 'stroke'), ('simbolo-q1', '#04ed00', 'stroke'), ('simbolo-q2', '#04ed00', 'stroke'), ('simbolo-q4', '#04ed00', 'stroke')];The final state is q0.;[('simbolo-q0', '#04ed00', 'stroke')];The final state is q0.;[('simbolo-q0', '#04ed00', 'stroke')];False;False;True;True;False;False
227;How many transitions does the automata have ;what are the states and the transitions ;How many transitions does the automata have . what are the states and the transitions ;The automaton has 3 transitions: q0 con valore 1 va in q1, q1 con valore 1 va in q2, q4 con valore 0 va in q0.;[('simbolo-q0-q1', '#04ed00', 'stroke'), ('simbolo-q1-q2', '#04ed00', 'stroke'), ('simbolo-q4-q0', '#04ed00', 'stroke')];The state q0 exists.;[('simbolo-q0', '#04ed00', 'stroke')];there is no transition between q0 and q0.;[];False;False;False;False;False;False
227;How many transitions does the automata have ;which arc from q3;How many transitions does the automata have . which arc from q3;The automaton has 3 transitions: q0 con valore 1 va in q1, q1 con valore 1 va in q2, q4 con valore 0 va in q0.;[('simbolo-q0-q1', '#04ed00', 'stroke'), ('simbolo-q1-q2', '#04ed00', 'stroke'), ('simbolo-q4-q0', '#04ed00', 'stroke')];the transition is not defined.;[];there is no transition between q0 and q0.;[];False;False;False;True;False;False
228;What transitions does the automaton have ;What is the final state ;What transitions does the automaton have . What is the final state ;there is no transition between q0 and q0.;[];The final state is q0.;[('simbolo-q0', '#04ed00', 'stroke')];there is no transition between q0 and q0.;[];True;True;False;False;False;False
228;What transitions does the automaton have ;describe the automaton ;What transitions does the automaton have . describe the automaton ;there is no transition between q0 and q0.;[];The automaton accepts zero or more words formed by a sequence of the type 110. In total there are 4 states: q0, q1, q2 e q4. q0 is both the initial and the final state.Le transizioni sono: q0 with value 1 goes goes q1, q1 with value 1 goes goes q2, q4 with value 0 goes to q0.;[];there is no transition between q0 and q0.;[];True;True;False;True;False;True
229;What are the transitions ;How many states are in Automation 2 ;What are the transitions . How many states are in Automation 2 ;there is no transition between q0 and q0.;[];This automaton has 4 states;[('simbolo-q0', '#04ed00', 'stroke'), ('simbolo-q1', '#04ed00', 'stroke'), ('simbolo-q2', '#04ed00', 'stroke'), ('simbolo-q4', '#04ed00', 'stroke')];there is no transition between q0 and q0.;[];True;True;False;False;False;False
229;What are the transitions ;What is the final state ;What are the transitions . What is the final state ;there is no transition between q0 and q0.;[];The final state is q0.;[('simbolo-q0', '#04ed00', 'stroke')];there is no transition between q0 and q0.;[];True;True;False;False;False;False
230;11;Is there an arc from q0 to q2 q3 or q4 ;11. Is there an arc from q0 to q2 q3 or q4 ;The automaton has 4 states: q0, q1, q2 e q4.;[('simbolo-q0', '#04ed00', 'stroke'), ('simbolo-q1', '#04ed00', 'stroke'), ('simbolo-q2', '#04ed00', 'stroke'), ('simbolo-q4', '#04ed00', 'stroke')];there is no transition between q0 and q2.;[];there is no transition between q0 and q2.;[];False;False;True;True;False;False
230;11;Which are the transitions from q2 ;11. Which are the transitions from q2 ;The automaton has 4 states: q0, q1, q2 e q4.;[('simbolo-q0', '#04ed00', 'stroke'), ('simbolo-q1', '#04ed00', 'stroke'), ('simbolo-q2', '#04ed00', 'stroke'), ('simbolo-q4', '#04ed00', 'stroke')];the transition is not defined.;[];the transition is not defined.;[];False;False;True;True;False;False
232;atomaton 2 ;How many transitions does the automaton contain ;atomaton 2 . How many transitions does the automaton contain ;The automaton accepts zero or more words formed by a sequence of the type 110. In total there are 4 states: q0, q1, q2 e q4. q0 is both the initial and the final state.Le transizioni sono: q0 with value 1 goes goes q1, q1 with value 1 goes goes q2, q4 with value 0 goes to q0.;[];The automaton has 3 transitions: q0 con valore 1 va in q1, q1 con valore 1 va in q2, q4 con valore 0 va in q0.;[('simbolo-q0-q1', '#04ed00', 'stroke'), ('simbolo-q1-q2', '#04ed00', 'stroke'), ('simbolo-q4-q0', '#04ed00', 'stroke')];The automaton has 3 transitions: q0 con valore 1 va in q1, q1 con valore 1 va in q2, q4 con valore 0 va in q0.;[('simbolo-q0-q1', '#04ed00', 'stroke'), ('simbolo-q1-q2', '#04ed00', 'stroke'), ('simbolo-q4-q0', '#04ed00', 'stroke')];False;False;True;True;False;True
232;atomaton 2 ;what are the patterns ;atomaton 2 . what are the patterns ;The automaton accepts zero or more words formed by a sequence of the type 110. In total there are 4 states: q0, q1, q2 e q4. q0 is both the initial and the final state.Le transizioni sono: q0 with value 1 goes goes q1, q1 with value 1 goes goes q2, q4 with value 0 goes to q0.;[];Potresti essere più specifico?;[];Potresti essere più specifico?;[];False;True;True;True;False;True
233;where is automaton 2 ;How many states are there ;where is automaton 2 . How many states are there ;The automaton accepts zero or more words formed by a sequence of the type 110. In total there are 4 states: q0, q1, q2 e q4. q0 is both the initial and the final state.Le transizioni sono: q0 with value 1 goes goes q1, q1 with value 1 goes goes q2, q4 with value 0 goes to q0.;[];This automaton has 4 states;[('simbolo-q0', '#04ed00', 'stroke'), ('simbolo-q1', '#04ed00', 'stroke'), ('simbolo-q2', '#04ed00', 'stroke'), ('simbolo-q4', '#04ed00', 'stroke')];This automaton has 4 states;[('simbolo-q0', '#04ed00', 'stroke'), ('simbolo-q1', '#04ed00', 'stroke'), ('simbolo-q2', '#04ed00', 'stroke'), ('simbolo-q4', '#04ed00', 'stroke')];False;False;True;True;False;True
233;where is automaton 2 ;describe me the automaton;where is automaton 2 . describe me the automaton;The automaton accepts zero or more words formed by a sequence of the type 110. In total there are 4 states: q0, q1, q2 e q4. q0 is both the initial and the final state.Le transizioni sono: q0 with value 1 goes goes q1, q1 with value 1 goes goes q2, q4 with value 0 goes to q0.;[];The automaton accepts zero or more words formed by a sequence of the type 110. In total there are 4 states: q0, q1, q2 e q4. q0 is both the initial and the final state.Le transizioni sono: q0 with value 1 goes goes q1, q1 with value 1 goes goes q2, q4 with value 0 goes to q0.;[];The automaton accepts zero or more words formed by a sequence of the type 110. In total there are 4 states: q0, q1, q2 e q4. q0 is both the initial and the final state.Le transizioni sono: q0 with value 1 goes goes q1, q1 with value 1 goes goes q2, q4 with value 0 goes to q0.;[];True;True;True;True;False;True
234;How is the automaton represented ;What is q1 ;How is the automaton represented . What is q1 ;The automaton accepts zero or more words formed by a sequence of the type 110. In total there are 4 states: q0, q1, q2 e q4. q0 is both the initial and the final state.Le transizioni sono: q0 with value 1 goes goes q1, q1 with value 1 goes goes q2, q4 with value 0 goes to q0.;[];The state q0 exists.;[('simbolo-q0', '#04ed00', 'stroke')];The automaton accepts zero or more words formed by a sequence of the type 110. In total there are 4 states: q0, q1, q2 e q4. q0 is both the initial and the final state.Le transizioni sono: q0 with value 1 goes goes q1, q1 with value 1 goes goes q2, q4 with value 0 goes to q0.;[];True;True;False;False;False;False
234;How is the automaton represented ;What transitions enter and exit q0 ;How is the automaton represented . What transitions enter and exit q0 ;The automaton accepts zero or more words formed by a sequence of the type 110. In total there are 4 states: q0, q1, q2 e q4. q0 is both the initial and the final state.Le transizioni sono: q0 with value 1 goes goes q1, q1 with value 1 goes goes q2, q4 with value 0 goes to q0.;[];the transition is not defined.;[];there is no transition between q0 and q0.;[];False;True;False;True;False;True
235;Describe the automaton ;Does it have 5 states then ;Describe the automaton . Does it have 5 states then ;The automaton accepts zero or more words formed by a sequence of the type 110. In total there are 4 states: q0, q1, q2 e q4. q0 is both the initial and the final state.Le transizioni sono: q0 with value 1 goes goes q1, q1 with value 1 goes goes q2, q4 with value 0 goes to q0.;[];The automaton has 4 states: q0, q1, q2 e q4.;[('simbolo-q0', '#04ed00', 'stroke'), ('simbolo-q1', '#04ed00', 'stroke'), ('simbolo-q2', '#04ed00', 'stroke'), ('simbolo-q4', '#04ed00', 'stroke')];The automaton accepts zero or more words formed by a sequence of the type 110. In total there are 4 states: q0, q1, q2 e q4. q0 is both the initial and the final state.Le transizioni sono: q0 with value 1 goes goes q1, q1 with value 1 goes goes q2, q4 with value 0 goes to q0.;[];True;True;False;False;False;False
235;Describe the automaton ;if the automaton is in the state q3 and the input is 11100 what happens;Describe the automaton . if the automaton is in the state q3 and the input is 11100 what happens;The automaton accepts zero or more words formed by a sequence of the type 110. In total there are 4 states: q0, q1, q2 e q4. q0 is both the initial and the final state.Le transizioni sono: q0 with value 1 goes goes q1, q1 with value 1 goes goes q2, q4 with value 0 goes to q0.;[];The transition between q3 and q4 is with value 0.;[('simbolo-q3-q4', '#04ed00', 'stroke')];the transition is not defined.;[];False;True;False;False;False;False
238;What are automaton ;Explain the difference between deterministic and non deterministic finite automata;What are automaton . Explain the difference between deterministic and non deterministic finite automata;The automaton accepts zero or more words formed by a sequence of the type 110. In total there are 4 states: q0, q1, q2 e q4. q0 is both the initial and the final state.Le transizioni sono: q0 with value 1 goes goes q1, q1 with value 1 goes goes q2, q4 with value 0 goes to q0.;[];Potresti essere più specifico?;[];The automaton accepts zero or more words formed by a sequence of the type 110. In total there are 4 states: q0, q1, q2 e q4. q0 is both the initial and the final state.Le transizioni sono: q0 with value 1 goes goes q1, q1 with value 1 goes goes q2, q4 with value 0 goes to q0.;[];True;True;False;True;False;True
238;What are automaton ;goodmorning, how are you;What are automaton . goodmorning, how are you;The automaton accepts zero or more words formed by a sequence of the type 110. In total there are 4 states: q0, q1, q2 e q4. q0 is both the initial and the final state.Le transizioni sono: q0 with value 1 goes goes q1, q1 with value 1 goes goes q2, q4 with value 0 goes to q0.;[];Potresti essere più specifico?;[];Potresti essere più specifico?;[];False;True;True;True;False;True
239;Describe automaton ;Which are the transitions from q3 ;Describe automaton . Which are the transitions from q3 ;The automaton accepts zero or more words formed by a sequence of the type 110. In total there are 4 states: q0, q1, q2 e q4. q0 is both the initial and the final state.Le transizioni sono: q0 with value 1 goes goes q1, q1 with value 1 goes goes q2, q4 with value 0 goes to q0.;[];the transition is not defined.;[];there is no transition between q0 and q0.;[];False;True;False;True;False;True
239;Describe automaton ;What are the states connected to q0 ;Describe automaton . What are the states connected to q0 ;The automaton accepts zero or more words formed by a sequence of the type 110. In total there are 4 states: q0, q1, q2 e q4. q0 is both the initial and the final state.Le transizioni sono: q0 with value 1 goes goes q1, q1 with value 1 goes goes q2, q4 with value 0 goes to q0.;[];The state q0 exists.;[('simbolo-q0', '#04ed00', 'stroke')];The automaton accepts zero or more words formed by a sequence of the type 110. In total there are 4 states: q0, q1, q2 e q4. q0 is both the initial and the final state.Le transizioni sono: q0 with value 1 goes goes q1, q1 with value 1 goes goes q2, q4 with value 0 goes to q0.;[];True;True;False;False;False;False
240;Show me the automaton ;Briefly describe the automaton ;Show me the automaton . Briefly describe the automaton ;The automaton accepts zero or more words formed by a sequence of the type 110. In total there are 4 states: q0, q1, q2 e q4. q0 is both the initial and the final state.Le transizioni sono: q0 with value 1 goes goes q1, q1 with value 1 goes goes q2, q4 with value 0 goes to q0.;[];The automaton accepts zero or more words formed by a sequence of the type 110. In total there are 4 states: q0, q1, q2 e q4. q0 is both the initial and the final state.Le transizioni sono: q0 with value 1 goes goes q1, q1 with value 1 goes goes q2, q4 with value 0 goes to q0.;[];The automaton accepts zero or more words formed by a sequence of the type 110. In total there are 4 states: q0, q1, q2 e q4. q0 is both the initial and the final state.Le transizioni sono: q0 with value 1 goes goes q1, q1 with value 1 goes goes q2, q4 with value 0 goes to q0.;[];True;True;True;True;False;True
240;Show me the automaton ;how many states are there ;Show me the automaton . how many states are there ;The automaton accepts zero or more words formed by a sequence of the type 110. In total there are 4 states: q0, q1, q2 e q4. q0 is both the initial and the final state.Le transizioni sono: q0 with value 1 goes goes q1, q1 with value 1 goes goes q2, q4 with value 0 goes to q0.;[];This automaton has 4 states;[('simbolo-q0', '#04ed00', 'stroke'), ('simbolo-q1', '#04ed00', 'stroke'), ('simbolo-q2', '#04ed00', 'stroke'), ('simbolo-q4', '#04ed00', 'stroke')];The automaton has 4 states and 3 transitions.;[];False;True;False;False;False;False
241;How many states are These ;what is automation ;How many states are These . what is automation ;This automaton has 4 states;[('simbolo-q0', '#04ed00', 'stroke'), ('simbolo-q1', '#04ed00', 'stroke'), ('simbolo-q2', '#04ed00', 'stroke'), ('simbolo-q4', '#04ed00', 'stroke')];The automaton accepts zero or more words formed by a sequence of the type 110. In total there are 4 states: q0, q1, q2 e q4. q0 is both the initial and the final state.Le transizioni sono: q0 with value 1 goes goes q1, q1 with value 1 goes goes q2, q4 with value 0 goes to q0.;[];This automaton has 4 states;[('simbolo-q0', '#04ed00', 'stroke'), ('simbolo-q1', '#04ed00', 'stroke'), ('simbolo-q2', '#04ed00', 'stroke'), ('simbolo-q4', '#04ed00', 'stroke')];True;True;False;False;False;True
241;How many states are These ;which are the final states ;How many states are These . which are the final states ;This automaton has 4 states;[('simbolo-q0', '#04ed00', 'stroke'), ('simbolo-q1', '#04ed00', 'stroke'), ('simbolo-q2', '#04ed00', 'stroke'), ('simbolo-q4', '#04ed00', 'stroke')];The final state is q0.;[('simbolo-q0', '#04ed00', 'stroke')];The final state is q0.;[('simbolo-q0', '#04ed00', 'stroke')];False;False;True;True;False;False
242;Which one si the final state ;how many final states there are ;Which one si the final state . how many final states there are ;The final state is q0.;[('simbolo-q0', '#04ed00', 'stroke')];The automaton has 4 states: q0, q1, q2 e q4.;[('simbolo-q0', '#04ed00', 'stroke'), ('simbolo-q1', '#04ed00', 'stroke'), ('simbolo-q2', '#04ed00', 'stroke'), ('simbolo-q4', '#04ed00', 'stroke')];This automaton has 4 states;[('simbolo-q0', '#04ed00', 'stroke'), ('simbolo-q1', '#04ed00', 'stroke'), ('simbolo-q2', '#04ed00', 'stroke'), ('simbolo-q4', '#04ed00', 'stroke')];False;False;False;True;False;False
242;Which one si the final state ;How many states are there ;Which one si the final state . How many states are there ;The final state is q0.;[('simbolo-q0', '#04ed00', 'stroke')];This automaton has 4 states;[('simbolo-q0', '#04ed00', 'stroke'), ('simbolo-q1', '#04ed00', 'stroke'), ('simbolo-q2', '#04ed00', 'stroke'), ('simbolo-q4', '#04ed00', 'stroke')];The final state is q0.;[('simbolo-q0', '#04ed00', 'stroke')];True;True;False;False;False;False
243;What is the starting state ;Which are the transitions from q3 ;What is the starting state . Which are the transitions from q3 ;The initial state is q0.;[('simbolo-q0', '#04ed00', 'stroke')];there is no transition between q0 and q0.;[];The initial state is q0.;[('simbolo-q0', '#04ed00', 'stroke')];True;True;False;False;False;True
243;What is the starting state ;What transitions enter and exit q1 ;What is the starting state . What transitions enter and exit q1 ;The initial state is q0.;[('simbolo-q0', '#04ed00', 'stroke')];the transition is not defined.;[];The initial state is q0.;[('simbolo-q0', '#04ed00', 'stroke')];True;True;False;False;False;True
244;What are the states ;what are the transitions from q4 ;What are the states . what are the transitions from q4 ;The state q0 exists.;[('simbolo-q0', '#04ed00', 'stroke')];the transition is not defined.;[];The state q0 exists.;[('simbolo-q0', '#04ed00', 'stroke')];True;True;False;False;False;True
244;What are the states ;Which transitions end in q0 ;What are the states . Which transitions end in q0 ;The state q0 exists.;[('simbolo-q0', '#04ed00', 'stroke')];the transition is not defined.;[];The state q0 exists.;[('simbolo-q0', '#04ed00', 'stroke')];True;True;False;False;False;True
245;What direction are the connections between the states ;final states;What direction are the connections between the states . final states;there is no transition between q0 and q0.;[];The final state is q0.;[('simbolo-q0', '#04ed00', 'stroke')];there is no transition between q0 and q0.;[];True;True;False;False;False;False
245;What direction are the connections between the states ;which is initial state;What direction are the connections between the states . which is initial state;there is no transition between q0 and q0.;[];The initial state is q0.;[('simbolo-q0', '#04ed00', 'stroke')];there is no transition between q0 and q0.;[];True;True;False;False;False;False
246;Describe the automaton ;Is there an arc from q1 to q2 ;Describe the automaton . Is there an arc from q1 to q2 ;The automaton accepts zero or more words formed by a sequence of the type 110. In total there are 4 states: q0, q1, q2 e q4. q0 is both the initial and the final state.Le transizioni sono: q0 with value 1 goes goes q1, q1 with value 1 goes goes q2, q4 with value 0 goes to q0.;[];The transition between q1 and q2 is with value 1.;[('simbolo-q1-q2', '#04ed00', 'stroke')];The automaton accepts zero or more words formed by a sequence of the type 110. In total there are 4 states: q0, q1, q2 e q4. q0 is both the initial and the final state.Le transizioni sono: q0 with value 1 goes goes q1, q1 with value 1 goes goes q2, q4 with value 0 goes to q0.;[];True;True;False;False;False;False
246;Describe the automaton ;transition from q1;Describe the automaton . transition from q1;The automaton accepts zero or more words formed by a sequence of the type 110. In total there are 4 states: q0, q1, q2 e q4. q0 is both the initial and the final state.Le transizioni sono: q0 with value 1 goes goes q1, q1 with value 1 goes goes q2, q4 with value 0 goes to q0.;[];there is no transition between q0 and q0.;[];the transition is not defined.;[];False;True;False;True;False;True
247;initial state;output;initial state. output;The initial state is q0.;[('simbolo-q0', '#04ed00', 'stroke')];Potresti essere più specifico?;[];The initial state is q0.;[('simbolo-q0', '#04ed00', 'stroke')];True;True;False;False;False;True
247;initial state;is it a non-deterministic finite state automaton;initial state. is it a non-deterministic finite state automaton;The initial state is q0.;[('simbolo-q0', '#04ed00', 'stroke')];The automaton accepts zero or more words formed by a sequence of the type 110. In total there are 4 states: q0, q1, q2 e q4. q0 is both the initial and the final state.Le transizioni sono: q0 with value 1 goes goes q1, q1 with value 1 goes goes q2, q4 with value 0 goes to q0.;[];The initial state is q0.;[('simbolo-q0', '#04ed00', 'stroke')];True;True;False;False;False;True
248;arc from q0;How many transitions are there ;arc from q0. How many transitions are there ;there is no transition between q0 and q0.;[];The automaton has 3 transitions: q0 con valore 1 va in q1, q1 con valore 1 va in q2, q4 con valore 0 va in q0.;[('simbolo-q0-q1', '#04ed00', 'stroke'), ('simbolo-q1-q2', '#04ed00', 'stroke'), ('simbolo-q4-q0', '#04ed00', 'stroke')];there is no transition between q0 and q0.;[];True;True;False;False;False;False
248;arc from q0;Is there a transition from q0 to q5 ;arc from q0. Is there a transition from q0 to q5 ;there is no transition between q0 and q0.;[];the transition is not defined.;[];the transition is not defined.;[];False;True;True;True;False;True
249;arc from q0;arc between q0 and q1 ;arc from q0. arc between q0 and q1 ;the transition is not defined.;[];The transition between q0 and q1 is with value 1.;[('simbolo-q0-q1', '#04ed00', 'stroke')];The transition between q0 and q1 is with value 1.;[('simbolo-q0-q1', '#04ed00', 'stroke')];False;False;True;True;False;True
249;arc from q0;how many final states the automaton has;arc from q0. how many final states the automaton has;the transition is not defined.;[];The automaton has 4 states: q0, q1, q2 e q4.;[('simbolo-q0', '#04ed00', 'stroke'), ('simbolo-q1', '#04ed00', 'stroke'), ('simbolo-q2', '#04ed00', 'stroke'), ('simbolo-q4', '#04ed00', 'stroke')];The automaton has 3 transitions: q0 con valore 1 va in q1, q1 con valore 1 va in q2, q4 con valore 0 va in q0.;[('simbolo-q0-q1', '#04ed00', 'stroke'), ('simbolo-q1-q2', '#04ed00', 'stroke'), ('simbolo-q4-q0', '#04ed00', 'stroke')];False;False;False;False;False;False
251;transition from q1;Is there an arc from q0 to q1 ;transition from q1. Is there an arc from q0 to q1 ;the transition is not defined.;[];The transition between q0 and q1 is with value 1.;[('simbolo-q0-q1', '#04ed00', 'stroke')];The transition between q0 and q1 is with value 1.;[('simbolo-q0-q1', '#04ed00', 'stroke')];False;False;True;True;False;True
251;transition from q1;What are the states connected to q5;transition from q1. What are the states connected to q5;the transition is not defined.;[];The state q0 exists.;[('simbolo-q0', '#04ed00', 'stroke')];the transition is not defined.;[];True;True;False;False;False;False
252;transitions;Can you describe the automaton ;transitions. Can you describe the automaton ;there is no transition between q0 and q0.;[];The automaton accepts zero or more words formed by a sequence of the type 110. In total there are 4 states: q0, q1, q2 e q4. q0 is both the initial and the final state.Le transizioni sono: q0 with value 1 goes goes q1, q1 with value 1 goes goes q2, q4 with value 0 goes to q0.;[];there is no transition between q0 and q0.;[];True;True;False;True;False;True
252;transitions;Is there an arc between q1 and q2 ;transitions. Is there an arc between q1 and q2 ;there is no transition between q0 and q0.;[];The transition between q1 and q2 is with value 1.;[('simbolo-q1-q2', '#04ed00', 'stroke')];The transition between q1 and q2 is with value 1.;[('simbolo-q1-q2', '#04ed00', 'stroke')];False;False;True;True;False;True
253;how many transitions;describe me the automaton ;how many transitions. describe me the automaton ;The automaton has 3 transitions: q0 con valore 1 va in q1, q1 con valore 1 va in q2, q4 con valore 0 va in q0.;[('simbolo-q0-q1', '#04ed00', 'stroke'), ('simbolo-q1-q2', '#04ed00', 'stroke'), ('simbolo-q4-q0', '#04ed00', 'stroke')];The automaton accepts zero or more words formed by a sequence of the type 110. In total there are 4 states: q0, q1, q2 e q4. q0 is both the initial and the final state.Le transizioni sono: q0 with value 1 goes goes q1, q1 with value 1 goes goes q2, q4 with value 0 goes to q0.;[];The automaton has 3 transitions: q0 con valore 1 va in q1, q1 con valore 1 va in q2, q4 con valore 0 va in q0.;[('simbolo-q0-q1', '#04ed00', 'stroke'), ('simbolo-q1-q2', '#04ed00', 'stroke'), ('simbolo-q4-q0', '#04ed00', 'stroke')];True;True;False;False;False;True
253;how many transitions;how many arcs;how many transitions. how many arcs;The automaton has 3 transitions: q0 con valore 1 va in q1, q1 con valore 1 va in q2, q4 con valore 0 va in q0.;[('simbolo-q0-q1', '#04ed00', 'stroke'), ('simbolo-q1-q2', '#04ed00', 'stroke'), ('simbolo-q4-q0', '#04ed00', 'stroke')];The automaton has 3 transitions: q0 con valore 1 va in q1, q1 con valore 1 va in q2, q4 con valore 0 va in q0.;[('simbolo-q0-q1', '#04ed00', 'stroke'), ('simbolo-q1-q2', '#04ed00', 'stroke'), ('simbolo-q4-q0', '#04ed00', 'stroke')];The automaton has 3 transitions: q0 con valore 1 va in q1, q1 con valore 1 va in q2, q4 con valore 0 va in q0.;[('simbolo-q0-q1', '#04ed00', 'stroke'), ('simbolo-q1-q2', '#04ed00', 'stroke'), ('simbolo-q4-q0', '#04ed00', 'stroke')];True;True;True;True;False;False
256;how many loops are there;are there some pattern;how many loops are there. are there some pattern;The automaton has 3 transitions: q0 con valore 1 va in q1, q1 con valore 1 va in q2, q4 con valore 0 va in q0.;[('simbolo-q0-q1', '#04ed00', 'stroke'), ('simbolo-q1-q2', '#04ed00', 'stroke'), ('simbolo-q4-q0', '#04ed00', 'stroke')];Potresti essere più specifico?;[];Potresti essere più specifico?;[];False;False;True;True;False;False
256;how many loops are there;What triggers a transition from one state to another in the automaton;how many loops are there. What triggers a transition from one state to another in the automaton;The automaton has 3 transitions: q0 con valore 1 va in q1, q1 con valore 1 va in q2, q4 con valore 0 va in q0.;[('simbolo-q0-q1', '#04ed00', 'stroke'), ('simbolo-q1-q2', '#04ed00', 'stroke'), ('simbolo-q4-q0', '#04ed00', 'stroke')];there is no transition between q0 and q0.;[];The automaton has 3 transitions: q0 con valore 1 va in q1, q1 con valore 1 va in q2, q4 con valore 0 va in q0.;[('simbolo-q0-q1', '#04ed00', 'stroke'), ('simbolo-q1-q2', '#04ed00', 'stroke'), ('simbolo-q4-q0', '#04ed00', 'stroke')];True;True;False;False;False;True
257;how many states;how many final states there are ;how many states. how many final states there are ;This automaton has 4 states;[('simbolo-q0', '#04ed00', 'stroke'), ('simbolo-q1', '#04ed00', 'stroke'), ('simbolo-q2', '#04ed00', 'stroke'), ('simbolo-q4', '#04ed00', 'stroke')];The automaton has 4 states: q0, q1, q2 e q4.;[('simbolo-q0', '#04ed00', 'stroke'), ('simbolo-q1', '#04ed00', 'stroke'), ('simbolo-q2', '#04ed00', 'stroke'), ('simbolo-q4', '#04ed00', 'stroke')];The final state is q0.;[('simbolo-q0', '#04ed00', 'stroke')];False;False;False;False;False;False
258;what are the states and the connections between states ;How is the automaton represented ;what are the states and the connections between states . How is the automaton represented ;there is no transition between q0 and q0.;[];The automaton accepts zero or more words formed by a sequence of the type 110. In total there are 4 states: q0, q1, q2 e q4. q0 is both the initial and the final state.Le transizioni sono: q0 with value 1 goes goes q1, q1 with value 1 goes goes q2, q4 with value 0 goes to q0.;[];The automaton accepts zero or more words formed by a sequence of the type 110. In total there are 4 states: q0, q1, q2 e q4. q0 is both the initial and the final state.Le transizioni sono: q0 with value 1 goes goes q1, q1 with value 1 goes goes q2, q4 with value 0 goes to q0.;[];False;True;True;True;False;True
258;what are the states and the connections between states ;patterns among arcs;what are the states and the connections between states . patterns among arcs;there is no transition between q0 and q0.;[];Potresti essere più specifico?;[];there is no transition between q0 and q0.;[];True;True;False;True;False;True
259;what are the states and the transitions ;Give me some examples of inputs and output;what are the states and the transitions . Give me some examples of inputs and output;The state q0 exists.;[('simbolo-q0', '#04ed00', 'stroke')];Potresti essere più specifico?;[];Potresti essere più specifico?;[];False;False;True;True;False;False
260;which are the states and the transitions ;If q2 is the final state the language accepted by the automaton is the same ;which are the states and the transitions . If q2 is the final state the language accepted by the automaton is the same ;there is no transition between q0 and q0.;[];Potresti essere più specifico?;[];Potresti essere più specifico?;[];False;True;True;True;False;True
260;which are the states and the transitions ;Give me a list of the arcs ;which are the states and the transitions . Give me a list of the arcs ;there is no transition between q0 and q0.;[];there is no transition between q0 and q0.;[];there is no transition between q0 and q0.;[];True;True;True;True;False;True
261;how is the automaton represented ;How is the automaton represented ;how is the automaton represented . How is the automaton represented ;The automaton accepts zero or more words formed by a sequence of the type 110. In total there are 4 states: q0, q1, q2 e q4. q0 is both the initial and the final state.Le transizioni sono: q0 with value 1 goes goes q1, q1 with value 1 goes goes q2, q4 with value 0 goes to q0.;[];The automaton accepts zero or more words formed by a sequence of the type 110. In total there are 4 states: q0, q1, q2 e q4. q0 is both the initial and the final state.Le transizioni sono: q0 with value 1 goes goes q1, q1 with value 1 goes goes q2, q4 with value 0 goes to q0.;[];The automaton accepts zero or more words formed by a sequence of the type 110. In total there are 4 states: q0, q1, q2 e q4. q0 is both the initial and the final state.Le transizioni sono: q0 with value 1 goes goes q1, q1 with value 1 goes goes q2, q4 with value 0 goes to q0.;[];True;True;True;True;False;True
261;how is the automaton represented ;based on your previous answer this automata could accept the binary string 111100;how is the automaton represented . based on your previous answer this automata could accept the binary string 111100;The automaton accepts zero or more words formed by a sequence of the type 110. In total there are 4 states: q0, q1, q2 e q4. q0 is both the initial and the final state.Le transizioni sono: q0 with value 1 goes goes q1, q1 with value 1 goes goes q2, q4 with value 0 goes to q0.;[];Potresti essere più specifico?;[];The automaton accepts zero or more words formed by a sequence of the type 110. In total there are 4 states: q0, q1, q2 e q4. q0 is both the initial and the final state.Le transizioni sono: q0 with value 1 goes goes q1, q1 with value 1 goes goes q2, q4 with value 0 goes to q0.;[];True;True;False;True;False;True
262;states and transitions;what is the initial state of the automaton ;states and transitions. what is the initial state of the automaton ;The state q0 exists.;[('simbolo-q0', '#04ed00', 'stroke')];The initial state is q0.;[('simbolo-q0', '#04ed00', 'stroke')];The initial state is q0.;[('simbolo-q0', '#04ed00', 'stroke')];False;True;True;True;False;False
262;states and transitions;Describe automa ;states and transitions. Describe automa ;The state q0 exists.;[('simbolo-q0', '#04ed00', 'stroke')];The automaton accepts zero or more words formed by a sequence of the type 110. In total there are 4 states: q0, q1, q2 e q4. q0 is both the initial and the final state.Le transizioni sono: q0 with value 1 goes goes q1, q1 with value 1 goes goes q2, q4 with value 0 goes to q0.;[];The automaton accepts zero or more words formed by a sequence of the type 110. In total there are 4 states: q0, q1, q2 e q4. q0 is both the initial and the final state.Le transizioni sono: q0 with value 1 goes goes q1, q1 with value 1 goes goes q2, q4 with value 0 goes to q0.;[];False;False;True;True;False;False
263;how many states are there ;Give me a list of the arcs ;how many states are there . Give me a list of the arcs ;This automaton has 4 states;[('simbolo-q0', '#04ed00', 'stroke'), ('simbolo-q1', '#04ed00', 'stroke'), ('simbolo-q2', '#04ed00', 'stroke'), ('simbolo-q4', '#04ed00', 'stroke')];there is no transition between q0 and q0.;[];This automaton has 4 states;[('simbolo-q0', '#04ed00', 'stroke'), ('simbolo-q1', '#04ed00', 'stroke'), ('simbolo-q2', '#04ed00', 'stroke'), ('simbolo-q4', '#04ed00', 'stroke')];True;True;False;False;False;True
263;how many states are there ;Which is the initial state ;how many states are there . Which is the initial state ;This automaton has 4 states;[('simbolo-q0', '#04ed00', 'stroke'), ('simbolo-q1', '#04ed00', 'stroke'), ('simbolo-q2', '#04ed00', 'stroke'), ('simbolo-q4', '#04ed00', 'stroke')];The initial state is q0.;[('simbolo-q0', '#04ed00', 'stroke')];The initial state is q0.;[('simbolo-q0', '#04ed00', 'stroke')];False;False;True;True;False;False
264;whar are the transitions ;Which is the initial state ;whar are the transitions . Which is the initial state ;The automaton has 3 transitions: q0 con valore 1 va in q1, q1 con valore 1 va in q2, q4 con valore 0 va in q0.;[('simbolo-q0-q1', '#04ed00', 'stroke'), ('simbolo-q1-q2', '#04ed00', 'stroke'), ('simbolo-q4-q0', '#04ed00', 'stroke')];The initial state is q0.;[('simbolo-q0', '#04ed00', 'stroke')];there is no transition between q0 and q0.;[];False;False;False;False;False;False
264;whar are the transitions ;describe the transition table of the automaton ;whar are the transitions . describe the transition table of the automaton ;The automaton has 3 transitions: q0 con valore 1 va in q1, q1 con valore 1 va in q2, q4 con valore 0 va in q0.;[('simbolo-q0-q1', '#04ed00', 'stroke'), ('simbolo-q1-q2', '#04ed00', 'stroke'), ('simbolo-q4-q0', '#04ed00', 'stroke')];there is no transition between q0 and q0.;[];there is no transition between q0 and q0.;[];False;False;True;True;False;False
265; how many transitions ;how many states are there ; how many transitions . how many states are there ;The automaton has 3 transitions: q0 con valore 1 va in q1, q1 con valore 1 va in q2, q4 con valore 0 va in q0.;[('simbolo-q0-q1', '#04ed00', 'stroke'), ('simbolo-q1-q2', '#04ed00', 'stroke'), ('simbolo-q4-q0', '#04ed00', 'stroke')];This automaton has 4 states;[('simbolo-q0', '#04ed00', 'stroke'), ('simbolo-q1', '#04ed00', 'stroke'), ('simbolo-q2', '#04ed00', 'stroke'), ('simbolo-q4', '#04ed00', 'stroke')];The automaton has 3 transitions: q0 con valore 1 va in q1, q1 con valore 1 va in q2, q4 con valore 0 va in q0.;[('simbolo-q0-q1', '#04ed00', 'stroke'), ('simbolo-q1-q2', '#04ed00', 'stroke'), ('simbolo-q4-q0', '#04ed00', 'stroke')];True;True;False;False;False;False
265; how many transitions ;describe me the alphabet; how many transitions . describe me the alphabet;The automaton has 3 transitions: q0 con valore 1 va in q1, q1 con valore 1 va in q2, q4 con valore 0 va in q0.;[('simbolo-q0-q1', '#04ed00', 'stroke'), ('simbolo-q1-q2', '#04ed00', 'stroke'), ('simbolo-q4-q0', '#04ed00', 'stroke')];Potresti essere più specifico?;[];The automaton has 3 transitions: q0 con valore 1 va in q1, q1 con valore 1 va in q2, q4 con valore 0 va in q0.;[('simbolo-q0-q1', '#04ed00', 'stroke'), ('simbolo-q1-q2', '#04ed00', 'stroke'), ('simbolo-q4-q0', '#04ed00', 'stroke')];True;True;False;False;False;True
266;arc between q0 and q1 ;How many states are there ;arc between q0 and q1 . How many states are there ;The transition between q0 and q1 is with value 1.;[('simbolo-q0-q1', '#04ed00', 'stroke')];This automaton has 4 states;[('simbolo-q0', '#04ed00', 'stroke'), ('simbolo-q1', '#04ed00', 'stroke'), ('simbolo-q2', '#04ed00', 'stroke'), ('simbolo-q4', '#04ed00', 'stroke')];The transition between q0 and q1 is with value 1.;[('simbolo-q0-q1', '#04ed00', 'stroke')];True;True;False;False;False;False
266;arc between q0 and q1 ;How many transitions are there ;arc between q0 and q1 . How many transitions are there ;The transition between q0 and q1 is with value 1.;[('simbolo-q0-q1', '#04ed00', 'stroke')];The automaton has 3 transitions: q0 con valore 1 va in q1, q1 con valore 1 va in q2, q4 con valore 0 va in q0.;[('simbolo-q0-q1', '#04ed00', 'stroke'), ('simbolo-q1-q2', '#04ed00', 'stroke'), ('simbolo-q4-q0', '#04ed00', 'stroke')];The transition between q0 and q1 is with value 1.;[('simbolo-q0-q1', '#04ed00', 'stroke')];True;True;False;False;False;False
267;what are the transitions ;describe the transition table of the automaton ;what are the transitions . describe the transition table of the automaton ;there is no transition between q0 and q0.;[];there is no transition between q0 and q0.;[];there is no transition between q0 and q0.;[];True;True;True;True;False;True
267;what are the transitions ;what are the final states;what are the transitions . what are the final states;there is no transition between q0 and q0.;[];The final state is q0.;[('simbolo-q0', '#04ed00', 'stroke')];there is no transition between q0 and q0.;[];True;True;False;False;False;False
268;describe the transitions;Please describe the automaton ;describe the transitions. Please describe the automaton ;there is no transition between q0 and q0.;[];The automaton accepts zero or more words formed by a sequence of the type 110. In total there are 4 states: q0, q1, q2 e q4. q0 is both the initial and the final state.Le transizioni sono: q0 with value 1 goes goes q1, q1 with value 1 goes goes q2, q4 with value 0 goes to q0.;[];there is no transition between q0 and q0.;[];True;True;False;True;False;True
268;describe the transitions;How many states are These ;describe the transitions. How many states are These ;there is no transition between q0 and q0.;[];This automaton has 4 states;[('simbolo-q0', '#04ed00', 'stroke'), ('simbolo-q1', '#04ed00', 'stroke'), ('simbolo-q2', '#04ed00', 'stroke'), ('simbolo-q4', '#04ed00', 'stroke')];there is no transition between q0 and q0.;[];True;True;False;False;False;False
269;how is marked the arc between q0 and q2 ;briefly describe you the automaton ;how is marked the arc between q0 and q2 . briefly describe you the automaton ;there is no transition between q0 and q2.;[];The automaton accepts zero or more words formed by a sequence of the type 110. In total there are 4 states: q0, q1, q2 e q4. q0 is both the initial and the final state.Le transizioni sono: q0 with value 1 goes goes q1, q1 with value 1 goes goes q2, q4 with value 0 goes to q0.;[];there is no transition between q0 and q2.;[];True;True;False;True;False;True
269;how is marked the arc between q0 and q2 ;What can I use finite state automata for ;how is marked the arc between q0 and q2 . What can I use finite state automata for ;there is no transition between q0 and q2.;[];The automaton accepts zero or more words formed by a sequence of the type 110. In total there are 4 states: q0, q1, q2 e q4. q0 is both the initial and the final state.Le transizioni sono: q0 with value 1 goes goes q1, q1 with value 1 goes goes q2, q4 with value 0 goes to q0.;[];there is no transition between q0 and q2.;[];True;True;False;True;False;True
270;how is represented;How many states are in Automation 2 ;how is represented. How many states are in Automation 2 ;The automaton has 4 states: q0, q1, q2 e q4.;[('simbolo-q0', '#04ed00', 'stroke'), ('simbolo-q1', '#04ed00', 'stroke'), ('simbolo-q2', '#04ed00', 'stroke'), ('simbolo-q4', '#04ed00', 'stroke')];This automaton has 4 states;[('simbolo-q0', '#04ed00', 'stroke'), ('simbolo-q1', '#04ed00', 'stroke'), ('simbolo-q2', '#04ed00', 'stroke'), ('simbolo-q4', '#04ed00', 'stroke')];This automaton has 4 states;[('simbolo-q0', '#04ed00', 'stroke'), ('simbolo-q1', '#04ed00', 'stroke'), ('simbolo-q2', '#04ed00', 'stroke'), ('simbolo-q4', '#04ed00', 'stroke')];False;True;True;True;False;False
270;how is represented;what are the paths between nodes;how is represented. what are the paths between nodes;The automaton has 4 states: q0, q1, q2 e q4.;[('simbolo-q0', '#04ed00', 'stroke'), ('simbolo-q1', '#04ed00', 'stroke'), ('simbolo-q2', '#04ed00', 'stroke'), ('simbolo-q4', '#04ed00', 'stroke')];Potresti essere più specifico?;[];Potresti essere più specifico?;[];False;False;True;True;False;False
271;what are the final states;What is q1 ;what are the final states. What is q1 ;The final state is q0.;[('simbolo-q0', '#04ed00', 'stroke')];The state q0 exists.;[('simbolo-q0', '#04ed00', 'stroke')];The final state is q0.;[('simbolo-q0', '#04ed00', 'stroke')];True;True;False;True;False;False
271;what are the final states;What transitions enter and exit q0 ;what are the final states. What transitions enter and exit q0 ;The final state is q0.;[('simbolo-q0', '#04ed00', 'stroke')];the transition is not defined.;[];The final state is q0.;[('simbolo-q0', '#04ed00', 'stroke')];True;True;False;False;False;True
272;final states;Can you describe the automaton ;final states. Can you describe the automaton ;The final state is q0.;[('simbolo-q0', '#04ed00', 'stroke')];The automaton accepts zero or more words formed by a sequence of the type 110. In total there are 4 states: q0, q1, q2 e q4. q0 is both the initial and the final state.Le transizioni sono: q0 with value 1 goes goes q1, q1 with value 1 goes goes q2, q4 with value 0 goes to q0.;[];The final state is q0.;[('simbolo-q0', '#04ed00', 'stroke')];True;True;False;False;False;True
272;final states;describe the transition diagram;final states. describe the transition diagram;The final state is q0.;[('simbolo-q0', '#04ed00', 'stroke')];The automaton has 3 transitions: q0 con valore 1 va in q1, q1 con valore 1 va in q2, q4 con valore 0 va in q0.;[('simbolo-q0-q1', '#04ed00', 'stroke'), ('simbolo-q1-q2', '#04ed00', 'stroke'), ('simbolo-q4-q0', '#04ed00', 'stroke')];The automaton has 4 states: q0, q1, q2 e q4.;[('simbolo-q0', '#04ed00', 'stroke'), ('simbolo-q1', '#04ed00', 'stroke'), ('simbolo-q2', '#04ed00', 'stroke'), ('simbolo-q4', '#04ed00', 'stroke')];False;False;False;False;False;False
273;start states;Which is the initial state ;start states. Which is the initial state ;The state q0 exists.;[('simbolo-q0', '#04ed00', 'stroke')];The initial state is q0.;[('simbolo-q0', '#04ed00', 'stroke')];The initial state is q0.;[('simbolo-q0', '#04ed00', 'stroke')];False;True;True;True;False;False
273;start states;Define the concept of an accepting state in finite automata;start states. Define the concept of an accepting state in finite automata;The state q0 exists.;[('simbolo-q0', '#04ed00', 'stroke')];The automaton has 4 states: q0, q1, q2 e q4.;[('simbolo-q0', '#04ed00', 'stroke'), ('simbolo-q1', '#04ed00', 'stroke'), ('simbolo-q2', '#04ed00', 'stroke'), ('simbolo-q4', '#04ed00', 'stroke')];The state q0 exists.;[('simbolo-q0', '#04ed00', 'stroke')];True;True;False;False;False;False
274;which is the start state ;Which is the initial state ;which is the start state . Which is the initial state ;The initial state is q0.;[('simbolo-q0', '#04ed00', 'stroke')];The initial state is q0.;[('simbolo-q0', '#04ed00', 'stroke')];The initial state is q0.;[('simbolo-q0', '#04ed00', 'stroke')];True;True;True;True;False;False
274;which is the start state ;Describe the automaton ;which is the start state . Describe the automaton ;The initial state is q0.;[('simbolo-q0', '#04ed00', 'stroke')];The automaton accepts zero or more words formed by a sequence of the type 110. In total there are 4 states: q0, q1, q2 e q4. q0 is both the initial and the final state.Le transizioni sono: q0 with value 1 goes goes q1, q1 with value 1 goes goes q2, q4 with value 0 goes to q0.;[];The initial state is q0.;[('simbolo-q0', '#04ed00', 'stroke')];True;True;False;False;False;True
275;Tell me a little bit about the automaton ;How are transitions defined ;Tell me a little bit about the automaton . How are transitions defined ;The automaton accepts zero or more words formed by a sequence of the type 110. In total there are 4 states: q0, q1, q2 e q4. q0 is both the initial and the final state.Le transizioni sono: q0 with value 1 goes goes q1, q1 with value 1 goes goes q2, q4 with value 0 goes to q0.;[];The automaton has 3 transitions: q0 con valore 1 va in q1, q1 con valore 1 va in q2, q4 con valore 0 va in q0.;[('simbolo-q0-q1', '#04ed00', 'stroke'), ('simbolo-q1-q2', '#04ed00', 'stroke'), ('simbolo-q4-q0', '#04ed00', 'stroke')];there is no transition between q0 and q0.;[];False;True;False;False;False;False
275;Tell me a little bit about the automaton ;Does the automaton accept sequences longer than three 1s followed by two 0s;Tell me a little bit about the automaton . Does the automaton accept sequences longer than three 1s followed by two 0s;The automaton accepts zero or more words formed by a sequence of the type 110. In total there are 4 states: q0, q1, q2 e q4. q0 is both the initial and the final state.Le transizioni sono: q0 with value 1 goes goes q1, q1 with value 1 goes goes q2, q4 with value 0 goes to q0.;[];Potresti essere più specifico?;[];The automaton accepts zero or more words formed by a sequence of the type 110. In total there are 4 states: q0, q1, q2 e q4. q0 is both the initial and the final state.Le transizioni sono: q0 with value 1 goes goes q1, q1 with value 1 goes goes q2, q4 with value 0 goes to q0.;[];True;True;False;True;False;True
276;Tell me a little bit about the automaton ;How many states are there ;Tell me a little bit about the automaton . How many states are there ;The automaton accepts zero or more words formed by a sequence of the type 110. In total there are 4 states: q0, q1, q2 e q4. q0 is both the initial and the final state.Le transizioni sono: q0 with value 1 goes goes q1, q1 with value 1 goes goes q2, q4 with value 0 goes to q0.;[];This automaton has 4 states;[('simbolo-q0', '#04ed00', 'stroke'), ('simbolo-q1', '#04ed00', 'stroke'), ('simbolo-q2', '#04ed00', 'stroke'), ('simbolo-q4', '#04ed00', 'stroke')];This automaton has 4 states;[('simbolo-q0', '#04ed00', 'stroke'), ('simbolo-q1', '#04ed00', 'stroke'), ('simbolo-q2', '#04ed00', 'stroke'), ('simbolo-q4', '#04ed00', 'stroke')];False;False;True;True;False;True
276;Tell me a little bit about the automaton ;which are the trasitions ;Tell me a little bit about the automaton . which are the trasitions ;The automaton accepts zero or more words formed by a sequence of the type 110. In total there are 4 states: q0, q1, q2 e q4. q0 is both the initial and the final state.Le transizioni sono: q0 with value 1 goes goes q1, q1 with value 1 goes goes q2, q4 with value 0 goes to q0.;[];there is no transition between q0 and q0.;[];there is no transition between q0 and q0.;[];False;True;True;True;False;True
277;How many states are there ;arc between q0 and q1 ;How many states are there . arc between q0 and q1 ;This automaton has 4 states;[('simbolo-q0', '#04ed00', 'stroke'), ('simbolo-q1', '#04ed00', 'stroke'), ('simbolo-q2', '#04ed00', 'stroke'), ('simbolo-q4', '#04ed00', 'stroke')];The transition between q0 and q1 is with value 1.;[('simbolo-q0-q1', '#04ed00', 'stroke')];This automaton has 4 states;[('simbolo-q0', '#04ed00', 'stroke'), ('simbolo-q1', '#04ed00', 'stroke'), ('simbolo-q2', '#04ed00', 'stroke'), ('simbolo-q4', '#04ed00', 'stroke')];True;True;False;False;False;False
277;How many states are there ;describe the transition diagram;How many states are there . describe the transition diagram;This automaton has 4 states;[('simbolo-q0', '#04ed00', 'stroke'), ('simbolo-q1', '#04ed00', 'stroke'), ('simbolo-q2', '#04ed00', 'stroke'), ('simbolo-q4', '#04ed00', 'stroke')];there is no transition between q0 and q0.;[];This automaton has 4 states;[('simbolo-q0', '#04ed00', 'stroke'), ('simbolo-q1', '#04ed00', 'stroke'), ('simbolo-q2', '#04ed00', 'stroke'), ('simbolo-q4', '#04ed00', 'stroke')];True;True;False;False;False;True
278;How many transitions are there ;How many transitions are there ;How many transitions are there . How many transitions are there ;The automaton has 3 transitions: q0 con valore 1 va in q1, q1 con valore 1 va in q2, q4 con valore 0 va in q0.;[('simbolo-q0-q1', '#04ed00', 'stroke'), ('simbolo-q1-q2', '#04ed00', 'stroke'), ('simbolo-q4-q0', '#04ed00', 'stroke')];The automaton has 3 transitions: q0 con valore 1 va in q1, q1 con valore 1 va in q2, q4 con valore 0 va in q0.;[('simbolo-q0-q1', '#04ed00', 'stroke'), ('simbolo-q1-q2', '#04ed00', 'stroke'), ('simbolo-q4-q0', '#04ed00', 'stroke')];The automaton has 3 transitions: q0 con valore 1 va in q1, q1 con valore 1 va in q2, q4 con valore 0 va in q0.;[('simbolo-q0-q1', '#04ed00', 'stroke'), ('simbolo-q1-q2', '#04ed00', 'stroke'), ('simbolo-q4-q0', '#04ed00', 'stroke')];True;True;True;True;False;False
278;How many transitions are there ;If q0 were the final state the language accepted by the automaton is the same ;How many transitions are there . If q0 were the final state the language accepted by the automaton is the same ;The automaton has 3 transitions: q0 con valore 1 va in q1, q1 con valore 1 va in q2, q4 con valore 0 va in q0.;[('simbolo-q0-q1', '#04ed00', 'stroke'), ('simbolo-q1-q2', '#04ed00', 'stroke'), ('simbolo-q4-q0', '#04ed00', 'stroke')];The final state is q0.;[('simbolo-q0', '#04ed00', 'stroke')];The automaton has 3 transitions: q0 con valore 1 va in q1, q1 con valore 1 va in q2, q4 con valore 0 va in q0.;[('simbolo-q0-q1', '#04ed00', 'stroke'), ('simbolo-q1-q2', '#04ed00', 'stroke'), ('simbolo-q4-q0', '#04ed00', 'stroke')];True;True;False;False;False;False
279;How many transitions are there ;does it only accept 1s and 0s or other things;How many transitions are there . does it only accept 1s and 0s or other things;The automaton has 3 transitions: q0 con valore 1 va in q1, q1 con valore 1 va in q2, q4 con valore 0 va in q0.;[('simbolo-q0-q1', '#04ed00', 'stroke'), ('simbolo-q1-q2', '#04ed00', 'stroke'), ('simbolo-q4-q0', '#04ed00', 'stroke')];Potresti essere più specifico?;[];The automaton has 3 transitions: q0 con valore 1 va in q1, q1 con valore 1 va in q2, q4 con valore 0 va in q0.;[('simbolo-q0-q1', '#04ed00', 'stroke'), ('simbolo-q1-q2', '#04ed00', 'stroke'), ('simbolo-q4-q0', '#04ed00', 'stroke')];True;True;False;False;False;True
281;Is there a transition from q0 to q5 ;Which is the initial state ;Is there a transition from q0 to q5 . Which is the initial state ;the transition is not defined.;[];The initial state is q0.;[('simbolo-q0', '#04ed00', 'stroke')];the transition is not defined.;[];True;True;False;False;False;False
281;Is there a transition from q0 to q5 ;which is final state;Is there a transition from q0 to q5 . which is final state;the transition is not defined.;[];The final state is q0.;[('simbolo-q0', '#04ed00', 'stroke')];the transition is not defined.;[];True;True;False;False;False;False
283;Is it possible to repeat transitions ;Is there an arc from q3 to q4 ;Is it possible to repeat transitions . Is there an arc from q3 to q4 ;there is no transition between q0 and q0.;[];The transition between q3 and q4 is with value 0.;[('simbolo-q3-q4', '#04ed00', 'stroke')];The transition between q3 and q4 is with value 0.;[('simbolo-q3-q4', '#04ed00', 'stroke')];False;False;True;True;False;True
283;Is it possible to repeat transitions ;What transitions does the automaton have ;Is it possible to repeat transitions . What transitions does the automaton have ;there is no transition between q0 and q0.;[];there is no transition between q0 and q0.;[];there is no transition between q0 and q0.;[];True;True;True;True;False;True
286;arcs between q4 and q0;Describe automa ;arcs between q4 and q0. Describe automa ;The transition between q4 and q0 is with value 0.;[('simbolo-q4-q0', '#04ed00', 'stroke')];The automaton accepts zero or more words formed by a sequence of the type 110. In total there are 4 states: q0, q1, q2 e q4. q0 is both the initial and the final state.Le transizioni sono: q0 with value 1 goes goes q1, q1 with value 1 goes goes q2, q4 with value 0 goes to q0.;[];The transition between q4 and q0 is with value 0.;[('simbolo-q4-q0', '#04ed00', 'stroke')];True;True;False;False;False;True
286;arcs between q4 and q0;Describe the automaton ;arcs between q4 and q0. Describe the automaton ;The transition between q4 and q0 is with value 0.;[('simbolo-q4-q0', '#04ed00', 'stroke')];The automaton accepts zero or more words formed by a sequence of the type 110. In total there are 4 states: q0, q1, q2 e q4. q0 is both the initial and the final state.Le transizioni sono: q0 with value 1 goes goes q1, q1 with value 1 goes goes q2, q4 with value 0 goes to q0.;[];The transition between q4 and q0 is with value 0.;[('simbolo-q4-q0', '#04ed00', 'stroke')];True;True;False;False;False;True
287;arcs from q4;Which is the initial state ;arcs from q4. Which is the initial state ;the transition is not defined.;[];The initial state is q0.;[('simbolo-q0', '#04ed00', 'stroke')];The automaton has 3 transitions: q0 con valore 1 va in q1, q1 con valore 1 va in q2, q4 con valore 0 va in q0.;[('simbolo-q0-q1', '#04ed00', 'stroke'), ('simbolo-q1-q2', '#04ed00', 'stroke'), ('simbolo-q4-q0', '#04ed00', 'stroke')];False;False;False;False;False;False
287;arcs from q4;how many states does the automaton have ;arcs from q4. how many states does the automaton have ;the transition is not defined.;[];This automaton has 4 states;[('simbolo-q0', '#04ed00', 'stroke'), ('simbolo-q1', '#04ed00', 'stroke'), ('simbolo-q2', '#04ed00', 'stroke'), ('simbolo-q4', '#04ed00', 'stroke')];there is no transition between q0 and q0.;[];False;True;False;False;False;False
288;final states;What transitions enter and exit q3 ;final states. What transitions enter and exit q3 ;The final state is q0.;[('simbolo-q0', '#04ed00', 'stroke')];the transition is not defined.;[];The final state is q0.;[('simbolo-q0', '#04ed00', 'stroke')];True;True;False;False;False;True
288;final states;How many transitions are there in the automaton ;final states. How many transitions are there in the automaton ;The final state is q0.;[('simbolo-q0', '#04ed00', 'stroke')];The automaton has 3 transitions: q0 con valore 1 va in q1, q1 con valore 1 va in q2, q4 con valore 0 va in q0.;[('simbolo-q0-q1', '#04ed00', 'stroke'), ('simbolo-q1-q2', '#04ed00', 'stroke'), ('simbolo-q4-q0', '#04ed00', 'stroke')];The automaton has 3 transitions: q0 con valore 1 va in q1, q1 con valore 1 va in q2, q4 con valore 0 va in q0.;[('simbolo-q0-q1', '#04ed00', 'stroke'), ('simbolo-q1-q2', '#04ed00', 'stroke'), ('simbolo-q4-q0', '#04ed00', 'stroke')];False;False;True;True;False;False
289;which are the final states ;How many states are These ;which are the final states . How many states are These ;The final state is q0.;[('simbolo-q0', '#04ed00', 'stroke')];This automaton has 4 states;[('simbolo-q0', '#04ed00', 'stroke'), ('simbolo-q1', '#04ed00', 'stroke'), ('simbolo-q2', '#04ed00', 'stroke'), ('simbolo-q4', '#04ed00', 'stroke')];The final state is q0.;[('simbolo-q0', '#04ed00', 'stroke')];True;True;False;False;False;False
289;which are the final states ;describe the arcs;which are the final states . describe the arcs;The final state is q0.;[('simbolo-q0', '#04ed00', 'stroke')];there is no transition between q0 and q0.;[];The final state is q0.;[('simbolo-q0', '#04ed00', 'stroke')];True;True;False;False;False;True
290;which is initial state;is q4 linked to q0 ;which is initial state. is q4 linked to q0 ;The initial state is q0.;[('simbolo-q0', '#04ed00', 'stroke')];The transition between q4 and q0 is with value 0.;[('simbolo-q4-q0', '#04ed00', 'stroke')];The initial state is q0.;[('simbolo-q0', '#04ed00', 'stroke')];True;True;False;False;False;False
290;which is initial state;Which is the initial state ;which is initial state. Which is the initial state ;The initial state is q0.;[('simbolo-q0', '#04ed00', 'stroke')];The initial state is q0.;[('simbolo-q0', '#04ed00', 'stroke')];The initial state is q0.;[('simbolo-q0', '#04ed00', 'stroke')];True;True;True;True;False;False
291;which is final state;how many transitions are ther ein the automaton;which is final state. how many transitions are ther ein the automaton;The final state is q0.;[('simbolo-q0', '#04ed00', 'stroke')];The automaton has 3 transitions: q0 con valore 1 va in q1, q1 con valore 1 va in q2, q4 con valore 0 va in q0.;[('simbolo-q0-q1', '#04ed00', 'stroke'), ('simbolo-q1-q2', '#04ed00', 'stroke'), ('simbolo-q4-q0', '#04ed00', 'stroke')];This automaton has 4 states;[('simbolo-q0', '#04ed00', 'stroke'), ('simbolo-q1', '#04ed00', 'stroke'), ('simbolo-q2', '#04ed00', 'stroke'), ('simbolo-q4', '#04ed00', 'stroke')];False;False;False;False;False;False
291;which is final state;describe me the state q1;which is final state. describe me the state q1;The final state is q0.;[('simbolo-q0', '#04ed00', 'stroke')];The automaton has 4 states: q0, q1, q2 e q4.;[('simbolo-q0', '#04ed00', 'stroke'), ('simbolo-q1', '#04ed00', 'stroke'), ('simbolo-q2', '#04ed00', 'stroke'), ('simbolo-q4', '#04ed00', 'stroke')];The final state is q0.;[('simbolo-q0', '#04ed00', 'stroke')];True;True;False;False;False;False
292;final state;initial state;final state. initial state;The final state is q0.;[('simbolo-q0', '#04ed00', 'stroke')];The initial state is q0.;[('simbolo-q0', '#04ed00', 'stroke')];The initial state is q0.;[('simbolo-q0', '#04ed00', 'stroke')];False;True;True;True;False;False
292;final state;arc between q0 and q1 ;final state. arc between q0 and q1 ;The final state is q0.;[('simbolo-q0', '#04ed00', 'stroke')];The transition between q0 and q1 is with value 1.;[('simbolo-q0-q1', '#04ed00', 'stroke')];The final state is q0.;[('simbolo-q0', '#04ed00', 'stroke')];True;True;False;False;False;False
294;arc from q2 to q1;briefly describe the automation ;arc from q2 to q1. briefly describe the automation ;there is no transition between q2 and q1.;[];The automaton accepts zero or more words formed by a sequence of the type 110. In total there are 4 states: q0, q1, q2 e q4. q0 is both the initial and the final state.Le transizioni sono: q0 with value 1 goes goes q1, q1 with value 1 goes goes q2, q4 with value 0 goes to q0.;[];there is no transition between q2 and q1.;[];True;True;False;True;False;True
294;arc from q2 to q1;arc from q0;arc from q2 to q1. arc from q0;there is no transition between q2 and q1.;[];there is no transition between q0 and q0.;[];there is no transition between q2 and q1.;[];True;True;False;True;False;True
295;label from q3 to q4;describe the automaton ;label from q3 to q4. describe the automaton ;The transition between q3 and q4 is with value 0.;[('simbolo-q3-q4', '#04ed00', 'stroke')];The automaton accepts zero or more words formed by a sequence of the type 110. In total there are 4 states: q0, q1, q2 e q4. q0 is both the initial and the final state.Le transizioni sono: q0 with value 1 goes goes q1, q1 with value 1 goes goes q2, q4 with value 0 goes to q0.;[];there is no transition between q0 and q0.;[];False;False;False;True;False;False
295;label from q3 to q4;describe the automaton ;label from q3 to q4. describe the automaton ;The transition between q3 and q4 is with value 0.;[('simbolo-q3-q4', '#04ed00', 'stroke')];The automaton accepts zero or more words formed by a sequence of the type 110. In total there are 4 states: q0, q1, q2 e q4. q0 is both the initial and the final state.Le transizioni sono: q0 with value 1 goes goes q1, q1 with value 1 goes goes q2, q4 with value 0 goes to q0.;[];The transition between q3 and q4 is with value 0.;[('simbolo-q3-q4', '#04ed00', 'stroke')];True;True;False;False;False;True
296;how many arcs;Is there an arc from q1 to q2 ;how many arcs. Is there an arc from q1 to q2 ;The automaton has 3 transitions: q0 con valore 1 va in q1, q1 con valore 1 va in q2, q4 con valore 0 va in q0.;[('simbolo-q0-q1', '#04ed00', 'stroke'), ('simbolo-q1-q2', '#04ed00', 'stroke'), ('simbolo-q4-q0', '#04ed00', 'stroke')];The transition between q1 and q2 is with value 1.;[('simbolo-q1-q2', '#04ed00', 'stroke')];The automaton has 3 transitions: q0 con valore 1 va in q1, q1 con valore 1 va in q2, q4 con valore 0 va in q0.;[('simbolo-q0-q1', '#04ed00', 'stroke'), ('simbolo-q1-q2', '#04ed00', 'stroke'), ('simbolo-q4-q0', '#04ed00', 'stroke')];True;True;False;False;False;False
296;how many arcs;Is there an arc from q2 ;how many arcs. Is there an arc from q2 ;The automaton has 3 transitions: q0 con valore 1 va in q1, q1 con valore 1 va in q2, q4 con valore 0 va in q0.;[('simbolo-q0-q1', '#04ed00', 'stroke'), ('simbolo-q1-q2', '#04ed00', 'stroke'), ('simbolo-q4-q0', '#04ed00', 'stroke')];the transition is not defined.;[];The automaton has 3 transitions: q0 con valore 1 va in q1, q1 con valore 1 va in q2, q4 con valore 0 va in q0.;[('simbolo-q0-q1', '#04ed00', 'stroke'), ('simbolo-q1-q2', '#04ed00', 'stroke'), ('simbolo-q4-q0', '#04ed00', 'stroke')];True;True;False;False;False;True
299;arc from q2;How is the automaton represented ;arc from q2. How is the automaton represented ;the transition is not defined.;[];The automaton accepts zero or more words formed by a sequence of the type 110. In total there are 4 states: q0, q1, q2 e q4. q0 is both the initial and the final state.Le transizioni sono: q0 with value 1 goes goes q1, q1 with value 1 goes goes q2, q4 with value 0 goes to q0.;[];there is no transition between q0 and q0.;[];False;True;False;True;False;True
299;arc from q2;Is there an arc from q0 ;arc from q2. Is there an arc from q0 ;the transition is not defined.;[];the transition is not defined.;[];there is no transition between q0 and q2.;[];False;True;False;True;False;True
300;transition from q3;How many states are there ;transition from q3. How many states are there ;the transition is not defined.;[];This automaton has 4 states;[('simbolo-q0', '#04ed00', 'stroke'), ('simbolo-q1', '#04ed00', 'stroke'), ('simbolo-q2', '#04ed00', 'stroke'), ('simbolo-q4', '#04ed00', 'stroke')];This automaton has 4 states;[('simbolo-q0', '#04ed00', 'stroke'), ('simbolo-q1', '#04ed00', 'stroke'), ('simbolo-q2', '#04ed00', 'stroke'), ('simbolo-q4', '#04ed00', 'stroke')];False;False;True;True;False;True
300;transition from q3;Is there an arc from q1 ;transition from q3. Is there an arc from q1 ;the transition is not defined.;[];the transition is not defined.;[];there is no transition between q1 and q3.;[];False;True;False;True;False;True
301;how many transitions;describe the transitions;how many transitions. describe the transitions;The automaton has 3 transitions: q0 con valore 1 va in q1, q1 con valore 1 va in q2, q4 con valore 0 va in q0.;[('simbolo-q0-q1', '#04ed00', 'stroke'), ('simbolo-q1-q2', '#04ed00', 'stroke'), ('simbolo-q4-q0', '#04ed00', 'stroke')];there is no transition between q0 and q0.;[];there is no transition between q0 and q0.;[];False;False;True;True;False;False
301;how many transitions;How many states are there ;how many transitions. How many states are there ;The automaton has 3 transitions: q0 con valore 1 va in q1, q1 con valore 1 va in q2, q4 con valore 0 va in q0.;[('simbolo-q0-q1', '#04ed00', 'stroke'), ('simbolo-q1-q2', '#04ed00', 'stroke'), ('simbolo-q4-q0', '#04ed00', 'stroke')];This automaton has 4 states;[('simbolo-q0', '#04ed00', 'stroke'), ('simbolo-q1', '#04ed00', 'stroke'), ('simbolo-q2', '#04ed00', 'stroke'), ('simbolo-q4', '#04ed00', 'stroke')];The automaton has 3 transitions: q0 con valore 1 va in q1, q1 con valore 1 va in q2, q4 con valore 0 va in q0.;[('simbolo-q0-q1', '#04ed00', 'stroke'), ('simbolo-q1-q2', '#04ed00', 'stroke'), ('simbolo-q4-q0', '#04ed00', 'stroke')];True;True;False;False;False;False
302;how many states are there ;Is there an arc from q2 ;how many states are there . Is there an arc from q2 ;This automaton has 4 states;[('simbolo-q0', '#04ed00', 'stroke'), ('simbolo-q1', '#04ed00', 'stroke'), ('simbolo-q2', '#04ed00', 'stroke'), ('simbolo-q4', '#04ed00', 'stroke')];the transition is not defined.;[];This automaton has 4 states;[('simbolo-q0', '#04ed00', 'stroke'), ('simbolo-q1', '#04ed00', 'stroke'), ('simbolo-q2', '#04ed00', 'stroke'), ('simbolo-q4', '#04ed00', 'stroke')];True;True;False;False;False;True
302;how many states are there ;What transitions enter and exit q1 ;how many states are there . What transitions enter and exit q1 ;This automaton has 4 states;[('simbolo-q0', '#04ed00', 'stroke'), ('simbolo-q1', '#04ed00', 'stroke'), ('simbolo-q2', '#04ed00', 'stroke'), ('simbolo-q4', '#04ed00', 'stroke')];the transition is not defined.;[];This automaton has 4 states;[('simbolo-q0', '#04ed00', 'stroke'), ('simbolo-q1', '#04ed00', 'stroke'), ('simbolo-q2', '#04ed00', 'stroke'), ('simbolo-q4', '#04ed00', 'stroke')];True;True;False;False;False;True
303;which are the states connected with 0 ;how are your states linked together ;which are the states connected with 0 . how are your states linked together ;The state q0 exists.;[('simbolo-q0', '#04ed00', 'stroke')];there is no transition between q0 and q0.;[];The state q0 exists.;[('simbolo-q0', '#04ed00', 'stroke')];True;True;False;False;False;True
303;which are the states connected with 0 ;how many transitions;which are the states connected with 0 . how many transitions;The state q0 exists.;[('simbolo-q0', '#04ed00', 'stroke')];The automaton has 3 transitions: q0 con valore 1 va in q1, q1 con valore 1 va in q2, q4 con valore 0 va in q0.;[('simbolo-q0-q1', '#04ed00', 'stroke'), ('simbolo-q1-q2', '#04ed00', 'stroke'), ('simbolo-q4-q0', '#04ed00', 'stroke')];there is no transition between q0 and q0.;[];False;False;False;False;False;False
304;what arcs are marked with 0 ;Does it have 5 states then ;what arcs are marked with 0 . Does it have 5 states then ;there is no transition between q0 and q0.;[];The automaton has 4 states: q0, q1, q2 e q4.;[('simbolo-q0', '#04ed00', 'stroke'), ('simbolo-q1', '#04ed00', 'stroke'), ('simbolo-q2', '#04ed00', 'stroke'), ('simbolo-q4', '#04ed00', 'stroke')];the transition is not defined.;[];False;True;False;False;False;False
304;what arcs are marked with 0 ;Can I use 5 states in an automaton ;what arcs are marked with 0 . Can I use 5 states in an automaton ;there is no transition between q0 and q0.;[];The automaton has 4 states: q0, q1, q2 e q4.;[('simbolo-q0', '#04ed00', 'stroke'), ('simbolo-q1', '#04ed00', 'stroke'), ('simbolo-q2', '#04ed00', 'stroke'), ('simbolo-q4', '#04ed00', 'stroke')];there is no transition between q0 and q0.;[];True;True;False;False;False;False
305;what are the arcs ;How is the automaton represented ;what are the arcs . How is the automaton represented ;there is no transition between q0 and q0.;[];The automaton accepts zero or more words formed by a sequence of the type 110. In total there are 4 states: q0, q1, q2 e q4. q0 is both the initial and the final state.Le transizioni sono: q0 with value 1 goes goes q1, q1 with value 1 goes goes q2, q4 with value 0 goes to q0.;[];there is no transition between q0 and q0.;[];True;True;False;True;False;True
305;what are the arcs ;describe me the automaton ;what are the arcs . describe me the automaton ;there is no transition between q0 and q0.;[];The automaton accepts zero or more words formed by a sequence of the type 110. In total there are 4 states: q0, q1, q2 e q4. q0 is both the initial and the final state.Le transizioni sono: q0 with value 1 goes goes q1, q1 with value 1 goes goes q2, q4 with value 0 goes to q0.;[];there is no transition between q0 and q0.;[];True;True;False;True;False;True
306;overview of the automaton;what are the transitions from q4 ;overview of the automaton. what are the transitions from q4 ;The automaton accepts zero or more words formed by a sequence of the type 110. In total there are 4 states: q0, q1, q2 e q4. q0 is both the initial and the final state.Le transizioni sono: q0 with value 1 goes goes q1, q1 with value 1 goes goes q2, q4 with value 0 goes to q0.;[];there is no transition between q0 and q0.;[];there is no transition between q0 and q0.;[];False;True;True;True;False;True
306;overview of the automaton;What are the states connected to q0 ;overview of the automaton. What are the states connected to q0 ;The automaton accepts zero or more words formed by a sequence of the type 110. In total there are 4 states: q0, q1, q2 e q4. q0 is both the initial and the final state.Le transizioni sono: q0 with value 1 goes goes q1, q1 with value 1 goes goes q2, q4 with value 0 goes to q0.;[];The state q0 exists.;[('simbolo-q0', '#04ed00', 'stroke')];The automaton has 4 states: q0, q1, q2 e q4.;[('simbolo-q0', '#04ed00', 'stroke'), ('simbolo-q1', '#04ed00', 'stroke'), ('simbolo-q2', '#04ed00', 'stroke'), ('simbolo-q4', '#04ed00', 'stroke')];False;False;False;False;False;False
307;overview of the automaton;How many nodes are there ;overview of the automaton. How many nodes are there ;The automaton accepts zero or more words formed by a sequence of the type 110. In total there are 4 states: q0, q1, q2 e q4. q0 is both the initial and the final state.Le transizioni sono: q0 with value 1 goes goes q1, q1 with value 1 goes goes q2, q4 with value 0 goes to q0.;[];This automaton has 4 states;[('simbolo-q0', '#04ed00', 'stroke'), ('simbolo-q1', '#04ed00', 'stroke'), ('simbolo-q2', '#04ed00', 'stroke'), ('simbolo-q4', '#04ed00', 'stroke')];This automaton has 4 states;[('simbolo-q0', '#04ed00', 'stroke'), ('simbolo-q1', '#04ed00', 'stroke'), ('simbolo-q2', '#04ed00', 'stroke'), ('simbolo-q4', '#04ed00', 'stroke')];False;False;True;True;False;True
307;overview of the automaton;what are the final states;overview of the automaton. what are the final states;The automaton accepts zero or more words formed by a sequence of the type 110. In total there are 4 states: q0, q1, q2 e q4. q0 is both the initial and the final state.Le transizioni sono: q0 with value 1 goes goes q1, q1 with value 1 goes goes q2, q4 with value 0 goes to q0.;[];The final state is q0.;[('simbolo-q0', '#04ed00', 'stroke')];The final state is q0.;[('simbolo-q0', '#04ed00', 'stroke')];False;False;True;True;False;True
308; how is the automaton ;briefly describe you the automaton ; how is the automaton . briefly describe you the automaton ;The automaton accepts zero or more words formed by a sequence of the type 110. In total there are 4 states: q0, q1, q2 e q4. q0 is both the initial and the final state.Le transizioni sono: q0 with value 1 goes goes q1, q1 with value 1 goes goes q2, q4 with value 0 goes to q0.;[];The automaton accepts zero or more words formed by a sequence of the type 110. In total there are 4 states: q0, q1, q2 e q4. q0 is both the initial and the final state.Le transizioni sono: q0 with value 1 goes goes q1, q1 with value 1 goes goes q2, q4 with value 0 goes to q0.;[];The automaton accepts zero or more words formed by a sequence of the type 110. In total there are 4 states: q0, q1, q2 e q4. q0 is both the initial and the final state.Le transizioni sono: q0 with value 1 goes goes q1, q1 with value 1 goes goes q2, q4 with value 0 goes to q0.;[];True;True;True;True;False;True
308; how is the automaton ;Show me the automaton ; how is the automaton . Show me the automaton ;The automaton accepts zero or more words formed by a sequence of the type 110. In total there are 4 states: q0, q1, q2 e q4. q0 is both the initial and the final state.Le transizioni sono: q0 with value 1 goes goes q1, q1 with value 1 goes goes q2, q4 with value 0 goes to q0.;[];The automaton accepts zero or more words formed by a sequence of the type 110. In total there are 4 states: q0, q1, q2 e q4. q0 is both the initial and the final state.Le transizioni sono: q0 with value 1 goes goes q1, q1 with value 1 goes goes q2, q4 with value 0 goes to q0.;[];The automaton accepts zero or more words formed by a sequence of the type 110. In total there are 4 states: q0, q1, q2 e q4. q0 is both the initial and the final state.Le transizioni sono: q0 with value 1 goes goes q1, q1 with value 1 goes goes q2, q4 with value 0 goes to q0.;[];True;True;True;True;False;True
309;how many 0 art here ;Show me the transitions of the automaton ;how many 0 art here . Show me the transitions of the automaton ;the transition is not defined.;[];there is no transition between q0 and q0.;[];there is no transition between q0 and q0.;[];False;True;True;True;False;True
309;how many 0 art here ;How is the automaton represented ;how many 0 art here . How is the automaton represented ;the transition is not defined.;[];The automaton accepts zero or more words formed by a sequence of the type 110. In total there are 4 states: q0, q1, q2 e q4. q0 is both the initial and the final state.Le transizioni sono: q0 with value 1 goes goes q1, q1 with value 1 goes goes q2, q4 with value 0 goes to q0.;[];Potresti essere più specifico?;[];False;True;False;True;False;True
310;how many arcs marked by 1 are there ;What is the final state ;how many arcs marked by 1 are there . What is the final state ;The automaton has 3 transitions: q0 con valore 1 va in q1, q1 con valore 1 va in q2, q4 con valore 0 va in q0.;[('simbolo-q0-q1', '#04ed00', 'stroke'), ('simbolo-q1-q2', '#04ed00', 'stroke'), ('simbolo-q4-q0', '#04ed00', 'stroke')];The final state is q0.;[('simbolo-q0', '#04ed00', 'stroke')];The automaton has 3 transitions: q0 con valore 1 va in q1, q1 con valore 1 va in q2, q4 con valore 0 va in q0.;[('simbolo-q0-q1', '#04ed00', 'stroke'), ('simbolo-q1-q2', '#04ed00', 'stroke'), ('simbolo-q4-q0', '#04ed00', 'stroke')];True;True;False;False;False;False
310;how many arcs marked by 1 are there ;which are the trasitions ;how many arcs marked by 1 are there . which are the trasitions ;The automaton has 3 transitions: q0 con valore 1 va in q1, q1 con valore 1 va in q2, q4 con valore 0 va in q0.;[('simbolo-q0-q1', '#04ed00', 'stroke'), ('simbolo-q1-q2', '#04ed00', 'stroke'), ('simbolo-q4-q0', '#04ed00', 'stroke')];there is no transition between q0 and q0.;[];The automaton has 3 transitions: q0 con valore 1 va in q1, q1 con valore 1 va in q2, q4 con valore 0 va in q0.;[('simbolo-q0-q1', '#04ed00', 'stroke'), ('simbolo-q1-q2', '#04ed00', 'stroke'), ('simbolo-q4-q0', '#04ed00', 'stroke')];True;True;False;False;False;True
315;describe the shape of the automaton;Which is the initial state ;describe the shape of the automaton. Which is the initial state ;The automaton accepts zero or more words formed by a sequence of the type 110. In total there are 4 states: q0, q1, q2 e q4. q0 is both the initial and the final state.Le transizioni sono: q0 with value 1 goes goes q1, q1 with value 1 goes goes q2, q4 with value 0 goes to q0.;[];The initial state is q0.;[('simbolo-q0', '#04ed00', 'stroke')];The initial state is q0.;[('simbolo-q0', '#04ed00', 'stroke')];False;False;True;True;False;True
315;describe the shape of the automaton;What transitions enter and exit q4 ;describe the shape of the automaton. What transitions enter and exit q4 ;The automaton accepts zero or more words formed by a sequence of the type 110. In total there are 4 states: q0, q1, q2 e q4. q0 is both the initial and the final state.Le transizioni sono: q0 with value 1 goes goes q1, q1 with value 1 goes goes q2, q4 with value 0 goes to q0.;[];the transition is not defined.;[];the transition is not defined.;[];False;True;True;True;False;True
316;what is an automaton;Is there an arc from q3 to q4 ;what is an automaton. Is there an arc from q3 to q4 ;The automaton accepts zero or more words formed by a sequence of the type 110. In total there are 4 states: q0, q1, q2 e q4. q0 is both the initial and the final state.Le transizioni sono: q0 with value 1 goes goes q1, q1 with value 1 goes goes q2, q4 with value 0 goes to q0.;[];The transition between q3 and q4 is with value 0.;[('simbolo-q3-q4', '#04ed00', 'stroke')];The automaton accepts zero or more words formed by a sequence of the type 110. In total there are 4 states: q0, q1, q2 e q4. q0 is both the initial and the final state.Le transizioni sono: q0 with value 1 goes goes q1, q1 with value 1 goes goes q2, q4 with value 0 goes to q0.;[];True;True;False;False;False;False
316;what is an automaton;Which is the initial state ;what is an automaton. Which is the initial state ;The automaton accepts zero or more words formed by a sequence of the type 110. In total there are 4 states: q0, q1, q2 e q4. q0 is both the initial and the final state.Le transizioni sono: q0 with value 1 goes goes q1, q1 with value 1 goes goes q2, q4 with value 0 goes to q0.;[];The initial state is q0.;[('simbolo-q0', '#04ed00', 'stroke')];The automaton accepts zero or more words formed by a sequence of the type 110. In total there are 4 states: q0, q1, q2 e q4. q0 is both the initial and the final state.Le transizioni sono: q0 with value 1 goes goes q1, q1 with value 1 goes goes q2, q4 with value 0 goes to q0.;[];True;True;False;False;False;False
317;transition diagram;How many states does Automaton 1 have ;transition diagram. How many states does Automaton 1 have ;there is no transition between q0 and q0.;[];This automaton has 4 states;[('simbolo-q0', '#04ed00', 'stroke'), ('simbolo-q1', '#04ed00', 'stroke'), ('simbolo-q2', '#04ed00', 'stroke'), ('simbolo-q4', '#04ed00', 'stroke')];This automaton has 4 states;[('simbolo-q0', '#04ed00', 'stroke'), ('simbolo-q1', '#04ed00', 'stroke'), ('simbolo-q2', '#04ed00', 'stroke'), ('simbolo-q4', '#04ed00', 'stroke')];False;False;True;True;False;True
317;transition diagram;q3 to q4;transition diagram. q3 to q4;there is no transition between q0 and q0.;[];The transition between q3 and q4 is with value 0.;[('simbolo-q3-q4', '#04ed00', 'stroke')];The transition between q3 and q4 is with value 0.;[('simbolo-q3-q4', '#04ed00', 'stroke')];False;False;True;True;False;True
318;describe the transition diagram;What transitions enter and exit q3 ;describe the transition diagram. What transitions enter and exit q3 ;there is no transition between q0 and q0.;[];the transition is not defined.;[];the transition is not defined.;[];False;True;True;True;False;True
318;describe the transition diagram;How many states are there ;describe the transition diagram. How many states are there ;there is no transition between q0 and q0.;[];This automaton has 4 states;[('simbolo-q0', '#04ed00', 'stroke'), ('simbolo-q1', '#04ed00', 'stroke'), ('simbolo-q2', '#04ed00', 'stroke'), ('simbolo-q4', '#04ed00', 'stroke')];The automaton has 3 transitions: q0 con valore 1 va in q1, q1 con valore 1 va in q2, q4 con valore 0 va in q0.;[('simbolo-q0-q1', '#04ed00', 'stroke'), ('simbolo-q1-q2', '#04ed00', 'stroke'), ('simbolo-q4-q0', '#04ed00', 'stroke')];False;False;False;False;False;False
319;how many transitions are ther ein the automaton;Give me a list of the arcs ;how many transitions are ther ein the automaton. Give me a list of the arcs ;The automaton has 3 transitions: q0 con valore 1 va in q1, q1 con valore 1 va in q2, q4 con valore 0 va in q0.;[('simbolo-q0-q1', '#04ed00', 'stroke'), ('simbolo-q1-q2', '#04ed00', 'stroke'), ('simbolo-q4-q0', '#04ed00', 'stroke')];there is no transition between q0 and q0.;[];there is no transition between q0 and q0.;[];False;False;True;True;False;False
319;how many transitions are ther ein the automaton;Which is the initial state ;how many transitions are ther ein the automaton. Which is the initial state ;The automaton has 3 transitions: q0 con valore 1 va in q1, q1 con valore 1 va in q2, q4 con valore 0 va in q0.;[('simbolo-q0-q1', '#04ed00', 'stroke'), ('simbolo-q1-q2', '#04ed00', 'stroke'), ('simbolo-q4-q0', '#04ed00', 'stroke')];The initial state is q0.;[('simbolo-q0', '#04ed00', 'stroke')];The automaton has 3 transitions: q0 con valore 1 va in q1, q1 con valore 1 va in q2, q4 con valore 0 va in q0.;[('simbolo-q0-q1', '#04ed00', 'stroke'), ('simbolo-q1-q2', '#04ed00', 'stroke'), ('simbolo-q4-q0', '#04ed00', 'stroke')];True;True;False;False;False;False
322;briefly describe the automaton;what is automation ;briefly describe the automaton. what is automation ;The automaton accepts zero or more words formed by a sequence of the type 110. In total there are 4 states: q0, q1, q2 e q4. q0 is both the initial and the final state.Le transizioni sono: q0 with value 1 goes goes q1, q1 with value 1 goes goes q2, q4 with value 0 goes to q0.;[];The automaton accepts zero or more words formed by a sequence of the type 110. In total there are 4 states: q0, q1, q2 e q4. q0 is both the initial and the final state.Le transizioni sono: q0 with value 1 goes goes q1, q1 with value 1 goes goes q2, q4 with value 0 goes to q0.;[];The automaton accepts zero or more words formed by a sequence of the type 110. In total there are 4 states: q0, q1, q2 e q4. q0 is both the initial and the final state.Le transizioni sono: q0 with value 1 goes goes q1, q1 with value 1 goes goes q2, q4 with value 0 goes to q0.;[];True;True;True;True;False;True
322;briefly describe the automaton;What is the role of the state q4 in the behavior of automaton;briefly describe the automaton. What is the role of the state q4 in the behavior of automaton;The automaton accepts zero or more words formed by a sequence of the type 110. In total there are 4 states: q0, q1, q2 e q4. q0 is both the initial and the final state.Le transizioni sono: q0 with value 1 goes goes q1, q1 with value 1 goes goes q2, q4 with value 0 goes to q0.;[];The state q0 exists.;[('simbolo-q0', '#04ed00', 'stroke')];The automaton has 4 states: q0, q1, q2 e q4.;[('simbolo-q0', '#04ed00', 'stroke'), ('simbolo-q1', '#04ed00', 'stroke'), ('simbolo-q2', '#04ed00', 'stroke'), ('simbolo-q4', '#04ed00', 'stroke')];False;False;False;False;False;False
323;what s the number of nodes;What are the transitions ;what s the number of nodes. What are the transitions ;This automaton has 4 states;[('simbolo-q0', '#04ed00', 'stroke'), ('simbolo-q1', '#04ed00', 'stroke'), ('simbolo-q2', '#04ed00', 'stroke'), ('simbolo-q4', '#04ed00', 'stroke')];there is no transition between q0 and q0.;[];This automaton has 4 states;[('simbolo-q0', '#04ed00', 'stroke'), ('simbolo-q1', '#04ed00', 'stroke'), ('simbolo-q2', '#04ed00', 'stroke'), ('simbolo-q4', '#04ed00', 'stroke')];True;True;False;False;False;True
323;what s the number of nodes;Please describe the automaton ;what s the number of nodes. Please describe the automaton ;This automaton has 4 states;[('simbolo-q0', '#04ed00', 'stroke'), ('simbolo-q1', '#04ed00', 'stroke'), ('simbolo-q2', '#04ed00', 'stroke'), ('simbolo-q4', '#04ed00', 'stroke')];The automaton accepts zero or more words formed by a sequence of the type 110. In total there are 4 states: q0, q1, q2 e q4. q0 is both the initial and the final state.Le transizioni sono: q0 with value 1 goes goes q1, q1 with value 1 goes goes q2, q4 with value 0 goes to q0.;[];This automaton has 4 states;[('simbolo-q0', '#04ed00', 'stroke'), ('simbolo-q1', '#04ed00', 'stroke'), ('simbolo-q2', '#04ed00', 'stroke'), ('simbolo-q4', '#04ed00', 'stroke')];True;True;False;False;False;True
326;states;how many states ;states. how many states ;The state q0 exists.;[('simbolo-q0', '#04ed00', 'stroke')];This automaton has 4 states;[('simbolo-q0', '#04ed00', 'stroke'), ('simbolo-q1', '#04ed00', 'stroke'), ('simbolo-q2', '#04ed00', 'stroke'), ('simbolo-q4', '#04ed00', 'stroke')];This automaton has 4 states;[('simbolo-q0', '#04ed00', 'stroke'), ('simbolo-q1', '#04ed00', 'stroke'), ('simbolo-q2', '#04ed00', 'stroke'), ('simbolo-q4', '#04ed00', 'stroke')];False;False;True;True;False;False
326;states;Describe the automaton ;states. Describe the automaton ;The state q0 exists.;[('simbolo-q0', '#04ed00', 'stroke')];The automaton accepts zero or more words formed by a sequence of the type 110. In total there are 4 states: q0, q1, q2 e q4. q0 is both the initial and the final state.Le transizioni sono: q0 with value 1 goes goes q1, q1 with value 1 goes goes q2, q4 with value 0 goes to q0.;[];The automaton accepts zero or more words formed by a sequence of the type 110. In total there are 4 states: q0, q1, q2 e q4. q0 is both the initial and the final state.Le transizioni sono: q0 with value 1 goes goes q1, q1 with value 1 goes goes q2, q4 with value 0 goes to q0.;[];False;False;True;True;False;False
327;nodes;Is there an arc from q2 ;nodes. Is there an arc from q2 ;The state q0 exists.;[('simbolo-q0', '#04ed00', 'stroke')];the transition is not defined.;[];the transition is not defined.;[];False;False;True;True;False;False
328;is 1 a label for some arc;Which transitions start from q2 ;is 1 a label for some arc. Which transitions start from q2 ;the transition is not defined.;[];there is no transition between q0 and q0.;[];the transition is not defined.;[];True;True;False;True;False;True
328;is 1 a label for some arc;briefly describe the automaton;is 1 a label for some arc. briefly describe the automaton;the transition is not defined.;[];The automaton accepts zero or more words formed by a sequence of the type 110. In total there are 4 states: q0, q1, q2 e q4. q0 is both the initial and the final state.Le transizioni sono: q0 with value 1 goes goes q1, q1 with value 1 goes goes q2, q4 with value 0 goes to q0.;[];the transition is not defined.;[];True;True;False;True;False;True
331;q0;What transitions enter and exit q0 ;q0. What transitions enter and exit q0 ;The state q0 exists.;[('simbolo-q0', '#04ed00', 'stroke')];the transition is not defined.;[];the transition is not defined.;[];False;False;True;True;False;False
331;q0;Show me the transitions of the automaton ;q0. Show me the transitions of the automaton ;The state q0 exists.;[('simbolo-q0', '#04ed00', 'stroke')];there is no transition between q0 and q0.;[];there is no transition between q0 and q0.;[];False;False;True;True;False;False
332;q2;Is there an arc from q3 ;q2. Is there an arc from q3 ;The state q0 exists.;[('simbolo-q0', '#04ed00', 'stroke')];the transition is not defined.;[];the transition is not defined.;[];False;False;True;True;False;False
332;q2;describe me the alphabet;q2. describe me the alphabet;The state q0 exists.;[('simbolo-q0', '#04ed00', 'stroke')];Potresti essere più specifico?;[];Potresti essere più specifico?;[];False;False;True;True;False;False
333;q2 to q3;describe the automaton ;q2 to q3. describe the automaton ;The transition between q2 and q3 is with value 0.;[('simbolo-q2-q3', '#04ed00', 'stroke')];The automaton accepts zero or more words formed by a sequence of the type 110. In total there are 4 states: q0, q1, q2 e q4. q0 is both the initial and the final state.Le transizioni sono: q0 with value 1 goes goes q1, q1 with value 1 goes goes q2, q4 with value 0 goes to q0.;[];The transition between q2 and q3 is with value 0.;[('simbolo-q2-q3', '#04ed00', 'stroke')];True;True;False;False;False;True
333;q2 to q3;If q2 were the final state the language accepted by the automaton is the same ;q2 to q3. If q2 were the final state the language accepted by the automaton is the same ;The transition between q2 and q3 is with value 0.;[('simbolo-q2-q3', '#04ed00', 'stroke')];The final state is q0.;[('simbolo-q0', '#04ed00', 'stroke')];The transition between q2 and q3 is with value 0.;[('simbolo-q2-q3', '#04ed00', 'stroke')];True;True;False;False;False;False
334;q3 to q2;How many states are there ;q3 to q2. How many states are there ;there is no transition between q3 and q2.;[];This automaton has 4 states;[('simbolo-q0', '#04ed00', 'stroke'), ('simbolo-q1', '#04ed00', 'stroke'), ('simbolo-q2', '#04ed00', 'stroke'), ('simbolo-q4', '#04ed00', 'stroke')];there is no transition between q3 and q2.;[];True;True;False;False;False;False
334;q3 to q2;q3 to q4;q3 to q2. q3 to q4;there is no transition between q3 and q2.;[];The transition between q3 and q4 is with value 0.;[('simbolo-q3-q4', '#04ed00', 'stroke')];there is no transition between q3 and q2.;[];True;True;False;False;False;False
335;q3 to q4;How many transitions are there ;q3 to q4. How many transitions are there ;The transition between q3 and q4 is with value 0.;[('simbolo-q3-q4', '#04ed00', 'stroke')];The automaton has 3 transitions: q0 con valore 1 va in q1, q1 con valore 1 va in q2, q4 con valore 0 va in q0.;[('simbolo-q0-q1', '#04ed00', 'stroke'), ('simbolo-q1-q2', '#04ed00', 'stroke'), ('simbolo-q4-q0', '#04ed00', 'stroke')];there is no transition between q0 and q0.;[];False;False;False;False;False;False
335;q3 to q4;Describe the automaton ;q3 to q4. Describe the automaton ;The transition between q3 and q4 is with value 0.;[('simbolo-q3-q4', '#04ed00', 'stroke')];The automaton accepts zero or more words formed by a sequence of the type 110. In total there are 4 states: q0, q1, q2 e q4. q0 is both the initial and the final state.Le transizioni sono: q0 with value 1 goes goes q1, q1 with value 1 goes goes q2, q4 with value 0 goes to q0.;[];there is no transition between q0 and q0.;[];False;False;False;True;False;False
336;q4 to q0;can you describe me the automaton ;q4 to q0. can you describe me the automaton ;The transition between q4 and q0 is with value 0.;[('simbolo-q4-q0', '#04ed00', 'stroke')];The automaton accepts zero or more words formed by a sequence of the type 110. In total there are 4 states: q0, q1, q2 e q4. q0 is both the initial and the final state.Le transizioni sono: q0 with value 1 goes goes q1, q1 with value 1 goes goes q2, q4 with value 0 goes to q0.;[];The automaton accepts zero or more words formed by a sequence of the type 110. In total there are 4 states: q0, q1, q2 e q4. q0 is both the initial and the final state.Le transizioni sono: q0 with value 1 goes goes q1, q1 with value 1 goes goes q2, q4 with value 0 goes to q0.;[];False;False;True;True;False;False
336;q4 to q0;how many states does the automaton have ;q4 to q0. how many states does the automaton have ;The transition between q4 and q0 is with value 0.;[('simbolo-q4-q0', '#04ed00', 'stroke')];This automaton has 4 states;[('simbolo-q0', '#04ed00', 'stroke'), ('simbolo-q1', '#04ed00', 'stroke'), ('simbolo-q2', '#04ed00', 'stroke'), ('simbolo-q4', '#04ed00', 'stroke')];This automaton has 4 states;[('simbolo-q0', '#04ed00', 'stroke'), ('simbolo-q1', '#04ed00', 'stroke'), ('simbolo-q2', '#04ed00', 'stroke'), ('simbolo-q4', '#04ed00', 'stroke')];False;False;True;True;False;False
337;q0 to q4;How are transitions defined ;q0 to q4. How are transitions defined ;The transition between q0 and q1 is with value 1.;[('simbolo-q0-q1', '#04ed00', 'stroke')];there is no transition between q0 and q0.;[];there is no transition between q0 and q0.;[];False;False;True;True;False;False
337;q0 to q4;is q0 the final node;q0 to q4. is q0 the final node;The transition between q0 and q1 is with value 1.;[('simbolo-q0-q1', '#04ed00', 'stroke')];The final state is q0.;[('simbolo-q0', '#04ed00', 'stroke')];The transition between q0 and q1 is with value 1.;[('simbolo-q0-q1', '#04ed00', 'stroke')];True;True;False;False;False;False
338;describe the position of nodes;q3 to q4;describe the position of nodes. q3 to q4;The automaton has 4 states: q0, q1, q2 e q4.;[('simbolo-q0', '#04ed00', 'stroke'), ('simbolo-q1', '#04ed00', 'stroke'), ('simbolo-q2', '#04ed00', 'stroke'), ('simbolo-q4', '#04ed00', 'stroke')];The transition between q3 and q4 is with value 0.;[('simbolo-q3-q4', '#04ed00', 'stroke')];The state q3 exists.;[('simbolo-q3', '#04ed00', 'stroke')];False;False;False;False;False;False
338;describe the position of nodes;Define the concept of an accepting state in finite automata;describe the position of nodes. Define the concept of an accepting state in finite automata;The automaton has 4 states: q0, q1, q2 e q4.;[('simbolo-q0', '#04ed00', 'stroke'), ('simbolo-q1', '#04ed00', 'stroke'), ('simbolo-q2', '#04ed00', 'stroke'), ('simbolo-q4', '#04ed00', 'stroke')];The state q0 exists.;[('simbolo-q0', '#04ed00', 'stroke')];The state q0 exists.;[('simbolo-q0', '#04ed00', 'stroke')];False;False;True;True;False;False
339;describe the arcs;Is there an arc from q4 ;describe the arcs. Is there an arc from q4 ;there is no transition between q0 and q0.;[];the transition is not defined.;[];the transition is not defined.;[];False;True;True;True;False;True
339;describe the arcs;how many states;describe the arcs. how many states;there is no transition between q0 and q0.;[];This automaton has 4 states;[('simbolo-q0', '#04ed00', 'stroke'), ('simbolo-q1', '#04ed00', 'stroke'), ('simbolo-q2', '#04ed00', 'stroke'), ('simbolo-q4', '#04ed00', 'stroke')];The automaton has 3 transitions: q0 con valore 1 va in q1, q1 con valore 1 va in q2, q4 con valore 0 va in q0.;[('simbolo-q0-q1', '#04ed00', 'stroke'), ('simbolo-q1-q2', '#04ed00', 'stroke'), ('simbolo-q4-q0', '#04ed00', 'stroke')];False;False;False;False;False;False
340;describe the position of arcs;Please describe the automaton ;describe the position of arcs. Please describe the automaton ;there is no transition between q0 and q0.;[];The automaton accepts zero or more words formed by a sequence of the type 110. In total there are 4 states: q0, q1, q2 e q4. q0 is both the initial and the final state.Le transizioni sono: q0 with value 1 goes goes q1, q1 with value 1 goes goes q2, q4 with value 0 goes to q0.;[];there is no transition between q0 and q0.;[];True;True;False;True;False;True
340;describe the position of arcs;How many states are there ;describe the position of arcs. How many states are there ;there is no transition between q0 and q0.;[];This automaton has 4 states;[('simbolo-q0', '#04ed00', 'stroke'), ('simbolo-q1', '#04ed00', 'stroke'), ('simbolo-q2', '#04ed00', 'stroke'), ('simbolo-q4', '#04ed00', 'stroke')];The automaton has 3 transitions: q0 con valore 1 va in q1, q1 con valore 1 va in q2, q4 con valore 0 va in q0.;[('simbolo-q0-q1', '#04ed00', 'stroke'), ('simbolo-q1-q2', '#04ed00', 'stroke'), ('simbolo-q4-q0', '#04ed00', 'stroke')];False;False;False;False;False;False
341;is there any self loop;how many arcs marked by 1 are there ;is there any self loop. how many arcs marked by 1 are there ;the transition is not defined.;[];The automaton has 3 transitions: q0 con valore 1 va in q1, q1 con valore 1 va in q2, q4 con valore 0 va in q0.;[('simbolo-q0-q1', '#04ed00', 'stroke'), ('simbolo-q1-q2', '#04ed00', 'stroke'), ('simbolo-q4-q0', '#04ed00', 'stroke')];the transition is not defined.;[];True;True;False;False;False;False
341;is there any self loop;nodes;is there any self loop. nodes;the transition is not defined.;[];The state q0 exists.;[('simbolo-q0', '#04ed00', 'stroke')];there is no transition between q0 and q0.;[];False;True;False;False;False;False
343;represent the automaton;Which are the transitions from q3 ;represent the automaton. Which are the transitions from q3 ;The automaton accepts zero or more words formed by a sequence of the type 110. In total there are 4 states: q0, q1, q2 e q4. q0 is both the initial and the final state.Le transizioni sono: q0 with value 1 goes goes q1, q1 with value 1 goes goes q2, q4 with value 0 goes to q0.;[];the transition is not defined.;[];there is no transition between q0 and q0.;[];False;True;False;True;False;True
343;represent the automaton;How many states are there ;represent the automaton. How many states are there ;The automaton accepts zero or more words formed by a sequence of the type 110. In total there are 4 states: q0, q1, q2 e q4. q0 is both the initial and the final state.Le transizioni sono: q0 with value 1 goes goes q1, q1 with value 1 goes goes q2, q4 with value 0 goes to q0.;[];This automaton has 4 states;[('simbolo-q0', '#04ed00', 'stroke'), ('simbolo-q1', '#04ed00', 'stroke'), ('simbolo-q2', '#04ed00', 'stroke'), ('simbolo-q4', '#04ed00', 'stroke')];This automaton has 4 states;[('simbolo-q0', '#04ed00', 'stroke'), ('simbolo-q1', '#04ed00', 'stroke'), ('simbolo-q2', '#04ed00', 'stroke'), ('simbolo-q4', '#04ed00', 'stroke')];False;False;True;True;False;True
344;how many states;Is there an arc from q2 to q3 ;how many states. Is there an arc from q2 to q3 ;This automaton has 4 states;[('simbolo-q0', '#04ed00', 'stroke'), ('simbolo-q1', '#04ed00', 'stroke'), ('simbolo-q2', '#04ed00', 'stroke'), ('simbolo-q4', '#04ed00', 'stroke')];The transition between q2 and q3 is with value 0.;[('simbolo-q2-q3', '#04ed00', 'stroke')];This automaton has 4 states;[('simbolo-q0', '#04ed00', 'stroke'), ('simbolo-q1', '#04ed00', 'stroke'), ('simbolo-q2', '#04ed00', 'stroke'), ('simbolo-q4', '#04ed00', 'stroke')];True;True;False;False;False;False
344;how many states;Tell me a little bit about the automaton ;how many states. Tell me a little bit about the automaton ;This automaton has 4 states;[('simbolo-q0', '#04ed00', 'stroke'), ('simbolo-q1', '#04ed00', 'stroke'), ('simbolo-q2', '#04ed00', 'stroke'), ('simbolo-q4', '#04ed00', 'stroke')];The automaton accepts zero or more words formed by a sequence of the type 110. In total there are 4 states: q0, q1, q2 e q4. q0 is both the initial and the final state.Le transizioni sono: q0 with value 1 goes goes q1, q1 with value 1 goes goes q2, q4 with value 0 goes to q0.;[];This automaton has 4 states;[('simbolo-q0', '#04ed00', 'stroke'), ('simbolo-q1', '#04ed00', 'stroke'), ('simbolo-q2', '#04ed00', 'stroke'), ('simbolo-q4', '#04ed00', 'stroke')];True;True;False;False;False;True
346;can you describe the automaton;How many transitions does the automaton contain ;can you describe the automaton. How many transitions does the automaton contain ;The automaton accepts zero or more words formed by a sequence of the type 110. In total there are 4 states: q0, q1, q2 e q4. q0 is both the initial and the final state.Le transizioni sono: q0 with value 1 goes goes q1, q1 with value 1 goes goes q2, q4 with value 0 goes to q0.;[];The automaton has 3 transitions: q0 con valore 1 va in q1, q1 con valore 1 va in q2, q4 con valore 0 va in q0.;[('simbolo-q0-q1', '#04ed00', 'stroke'), ('simbolo-q1-q2', '#04ed00', 'stroke'), ('simbolo-q4-q0', '#04ed00', 'stroke')];The automaton accepts zero or more words formed by a sequence of the type 110. In total there are 4 states: q0, q1, q2 e q4. q0 is both the initial and the final state.Le transizioni sono: q0 with value 1 goes goes q1, q1 with value 1 goes goes q2, q4 with value 0 goes to q0.;[];True;True;False;False;False;False
346;can you describe the automaton;briefly describe the automaton ;can you describe the automaton. briefly describe the automaton ;The automaton accepts zero or more words formed by a sequence of the type 110. In total there are 4 states: q0, q1, q2 e q4. q0 is both the initial and the final state.Le transizioni sono: q0 with value 1 goes goes q1, q1 with value 1 goes goes q2, q4 with value 0 goes to q0.;[];The automaton accepts zero or more words formed by a sequence of the type 110. In total there are 4 states: q0, q1, q2 e q4. q0 is both the initial and the final state.Le transizioni sono: q0 with value 1 goes goes q1, q1 with value 1 goes goes q2, q4 with value 0 goes to q0.;[];The automaton accepts zero or more words formed by a sequence of the type 110. In total there are 4 states: q0, q1, q2 e q4. q0 is both the initial and the final state.Le transizioni sono: q0 with value 1 goes goes q1, q1 with value 1 goes goes q2, q4 with value 0 goes to q0.;[];True;True;True;True;False;True
347;which arc from q1;Describe the automaton ;which arc from q1. Describe the automaton ;the transition is not defined.;[];The automaton accepts zero or more words formed by a sequence of the type 110. In total there are 4 states: q0, q1, q2 e q4. q0 is both the initial and the final state.Le transizioni sono: q0 with value 1 goes goes q1, q1 with value 1 goes goes q2, q4 with value 0 goes to q0.;[];the transition is not defined.;[];True;True;False;True;False;True
347;which arc from q1;Is there an arc from q2 ;which arc from q1. Is there an arc from q2 ;the transition is not defined.;[];the transition is not defined.;[];The transition between q1 and q2 is with value 1.;[('simbolo-q1-q2', '#04ed00', 'stroke')];False;False;False;False;False;False
348;which arc from q2;Is there an arc from q0 to q2 q3 or q4 ;which arc from q2. Is there an arc from q0 to q2 q3 or q4 ;the transition is not defined.;[];there is no transition between q0 and q2.;[];there is no transition between q0 and q2.;[];False;True;True;True;False;True
349;which arc from q3;can you deescribe the transitions ;which arc from q3. can you deescribe the transitions ;the transition is not defined.;[];The automaton has 3 transitions: q0 con valore 1 va in q1, q1 con valore 1 va in q2, q4 con valore 0 va in q0.;[('simbolo-q0-q1', '#04ed00', 'stroke'), ('simbolo-q1-q2', '#04ed00', 'stroke'), ('simbolo-q4-q0', '#04ed00', 'stroke')];there is no transition between q0 and q0.;[];False;True;False;False;False;False
349;which arc from q3; final states;which arc from q3.  final states;the transition is not defined.;[];The final state is q0.;[('simbolo-q0', '#04ed00', 'stroke')];the transition is not defined.;[];True;True;False;False;False;False
350;which arc from q3;How many regions are there in Italy ;which arc from q3. How many regions are there in Italy ;the transition is not defined.;[];Potresti essere più specifico?;[];the transition is not defined.;[];True;True;False;True;False;True
350;which arc from q3;What are automaton ;which arc from q3. What are automaton ;the transition is not defined.;[];The automaton accepts zero or more words formed by a sequence of the type 110. In total there are 4 states: q0, q1, q2 e q4. q0 is both the initial and the final state.Le transizioni sono: q0 with value 1 goes goes q1, q1 with value 1 goes goes q2, q4 with value 0 goes to q0.;[];the transition is not defined.;[];True;True;False;True;False;True
351;which arc from q4;And how about the arrows ;which arc from q4. And how about the arrows ;the transition is not defined.;[];there is no transition between q0 and q0.;[];the transition is not defined.;[];True;True;False;True;False;True
351;which arc from q4;Is there an arc from q0 to q2 q3 or q4 ;which arc from q4. Is there an arc from q0 to q2 q3 or q4 ;the transition is not defined.;[];there is no transition between q0 and q2.;[];there is no transition between q0 and q2.;[];False;True;True;True;False;True
352;can you describe the transitions;arc from q0;can you describe the transitions. arc from q0;The automaton has 3 transitions: q0 con valore 1 va in q1, q1 con valore 1 va in q2, q4 con valore 0 va in q0.;[('simbolo-q0-q1', '#04ed00', 'stroke'), ('simbolo-q1-q2', '#04ed00', 'stroke'), ('simbolo-q4-q0', '#04ed00', 'stroke')];the transition is not defined.;[];there is no transition between q0 and q0.;[];False;False;False;True;False;False
352;can you describe the transitions;which is final state;can you describe the transitions. which is final state;The automaton has 3 transitions: q0 con valore 1 va in q1, q1 con valore 1 va in q2, q4 con valore 0 va in q0.;[('simbolo-q0-q1', '#04ed00', 'stroke'), ('simbolo-q1-q2', '#04ed00', 'stroke'), ('simbolo-q4-q0', '#04ed00', 'stroke')];The final state is q0.;[('simbolo-q0', '#04ed00', 'stroke')];there is no transition between q0 and q0.;[];False;False;False;False;False;False
353;how many states;Which is the initial state ;how many states. Which is the initial state ;This automaton has 4 states;[('simbolo-q0', '#04ed00', 'stroke'), ('simbolo-q1', '#04ed00', 'stroke'), ('simbolo-q2', '#04ed00', 'stroke'), ('simbolo-q4', '#04ed00', 'stroke')];The initial state is q0.;[('simbolo-q0', '#04ed00', 'stroke')];The initial state is q0.;[('simbolo-q0', '#04ed00', 'stroke')];False;False;True;True;False;False
353;how many states;can you describe the transitions;how many states. can you describe the transitions;This automaton has 4 states;[('simbolo-q0', '#04ed00', 'stroke'), ('simbolo-q1', '#04ed00', 'stroke'), ('simbolo-q2', '#04ed00', 'stroke'), ('simbolo-q4', '#04ed00', 'stroke')];The automaton has 3 transitions: q0 con valore 1 va in q1, q1 con valore 1 va in q2, q4 con valore 0 va in q0.;[('simbolo-q0-q1', '#04ed00', 'stroke'), ('simbolo-q1-q2', '#04ed00', 'stroke'), ('simbolo-q4-q0', '#04ed00', 'stroke')];This automaton has 4 states;[('simbolo-q0', '#04ed00', 'stroke'), ('simbolo-q1', '#04ed00', 'stroke'), ('simbolo-q2', '#04ed00', 'stroke'), ('simbolo-q4', '#04ed00', 'stroke')];True;True;False;False;False;False
354;describe me the automaton;How many states do you have ;describe me the automaton. How many states do you have ;The automaton accepts zero or more words formed by a sequence of the type 110. In total there are 4 states: q0, q1, q2 e q4. q0 is both the initial and the final state.Le transizioni sono: q0 with value 1 goes goes q1, q1 with value 1 goes goes q2, q4 with value 0 goes to q0.;[];This automaton has 4 states;[('simbolo-q0', '#04ed00', 'stroke'), ('simbolo-q1', '#04ed00', 'stroke'), ('simbolo-q2', '#04ed00', 'stroke'), ('simbolo-q4', '#04ed00', 'stroke')];The automaton has 4 states and 3 transitions.;[];False;True;False;False;False;False
354;describe me the automaton;What are the states connected to q0 ;describe me the automaton. What are the states connected to q0 ;The automaton accepts zero or more words formed by a sequence of the type 110. In total there are 4 states: q0, q1, q2 e q4. q0 is both the initial and the final state.Le transizioni sono: q0 with value 1 goes goes q1, q1 with value 1 goes goes q2, q4 with value 0 goes to q0.;[];The state q0 exists.;[('simbolo-q0', '#04ed00', 'stroke')];The automaton accepts zero or more words formed by a sequence of the type 110. In total there are 4 states: q0, q1, q2 e q4. q0 is both the initial and the final state.Le transizioni sono: q0 with value 1 goes goes q1, q1 with value 1 goes goes q2, q4 with value 0 goes to q0.;[];True;True;False;False;False;False
357;how many arcs are there;How many states are there ;how many arcs are there. How many states are there ;The automaton has 3 transitions: q0 con valore 1 va in q1, q1 con valore 1 va in q2, q4 con valore 0 va in q0.;[('simbolo-q0-q1', '#04ed00', 'stroke'), ('simbolo-q1-q2', '#04ed00', 'stroke'), ('simbolo-q4-q0', '#04ed00', 'stroke')];This automaton has 4 states;[('simbolo-q0', '#04ed00', 'stroke'), ('simbolo-q1', '#04ed00', 'stroke'), ('simbolo-q2', '#04ed00', 'stroke'), ('simbolo-q4', '#04ed00', 'stroke')];The automaton has 3 transitions: q0 con valore 1 va in q1, q1 con valore 1 va in q2, q4 con valore 0 va in q0.;[('simbolo-q0-q1', '#04ed00', 'stroke'), ('simbolo-q1-q2', '#04ed00', 'stroke'), ('simbolo-q4-q0', '#04ed00', 'stroke')];True;True;False;False;False;False
357;how many arcs are there;states and transitions;how many arcs are there. states and transitions;The automaton has 3 transitions: q0 con valore 1 va in q1, q1 con valore 1 va in q2, q4 con valore 0 va in q0.;[('simbolo-q0-q1', '#04ed00', 'stroke'), ('simbolo-q1-q2', '#04ed00', 'stroke'), ('simbolo-q4-q0', '#04ed00', 'stroke')];The state q0 exists.;[('simbolo-q0', '#04ed00', 'stroke')];there is no transition between q0 and q0.;[];False;False;False;False;False;False
359;if the automaton is in the state q3 and the input is 11100 what happens;What happens if the input sequence does not match the required pattern of three 1s followed by two 0s in this automaton;if the automaton is in the state q3 and the input is 11100 what happens. What happens if the input sequence does not match the required pattern of three 1s followed by two 0s in this automaton;The transition between q3 and q4 is with value 0.;[('simbolo-q3-q4', '#04ed00', 'stroke')];Potresti essere più specifico?;[];there is no transition between q0 and q0.;[];False;False;False;True;False;False
359;if the automaton is in the state q3 and the input is 11100 what happens;start state;if the automaton is in the state q3 and the input is 11100 what happens. start state;The transition between q3 and q4 is with value 0.;[('simbolo-q3-q4', '#04ed00', 'stroke')];The state q0 exists.;[('simbolo-q0', '#04ed00', 'stroke')];The automaton has 4 states: q0, q1, q2 e q4.;[('simbolo-q0', '#04ed00', 'stroke'), ('simbolo-q1', '#04ed00', 'stroke'), ('simbolo-q2', '#04ed00', 'stroke'), ('simbolo-q4', '#04ed00', 'stroke')];False;False;False;False;False;False
360;if the automaton is in the state q3 and the input is 11100 what happens;can you describe the automaton ;if the automaton is in the state q3 and the input is 11100 what happens. can you describe the automaton ;The transition between q3 and q4 is with value 0.;[('simbolo-q3-q4', '#04ed00', 'stroke')];The automaton accepts zero or more words formed by a sequence of the type 110. In total there are 4 states: q0, q1, q2 e q4. q0 is both the initial and the final state.Le transizioni sono: q0 with value 1 goes goes q1, q1 with value 1 goes goes q2, q4 with value 0 goes to q0.;[];The automaton has 4 states: q0, q1, q2 e q4.;[('simbolo-q0', '#04ed00', 'stroke'), ('simbolo-q1', '#04ed00', 'stroke'), ('simbolo-q2', '#04ed00', 'stroke'), ('simbolo-q4', '#04ed00', 'stroke')];False;False;False;False;False;False
360;if the automaton is in the state q3 and the input is 11100 what happens;what is an automaton;if the automaton is in the state q3 and the input is 11100 what happens. what is an automaton;The transition between q3 and q4 is with value 0.;[('simbolo-q3-q4', '#04ed00', 'stroke')];The automaton accepts zero or more words formed by a sequence of the type 110. In total there are 4 states: q0, q1, q2 e q4. q0 is both the initial and the final state.Le transizioni sono: q0 with value 1 goes goes q1, q1 with value 1 goes goes q2, q4 with value 0 goes to q0.;[];The automaton accepts zero or more words formed by a sequence of the type 110. In total there are 4 states: q0, q1, q2 e q4. q0 is both the initial and the final state.Le transizioni sono: q0 with value 1 goes goes q1, q1 with value 1 goes goes q2, q4 with value 0 goes to q0.;[];False;False;True;True;False;False
361;describe me the transitions;can you describe me the automaton ;describe me the transitions. can you describe me the automaton ;there is no transition between q0 and q0.;[];The automaton accepts zero or more words formed by a sequence of the type 110. In total there are 4 states: q0, q1, q2 e q4. q0 is both the initial and the final state.Le transizioni sono: q0 with value 1 goes goes q1, q1 with value 1 goes goes q2, q4 with value 0 goes to q0.;[];The automaton has 3 transitions: q0 con valore 1 va in q1, q1 con valore 1 va in q2, q4 con valore 0 va in q0.;[('simbolo-q0-q1', '#04ed00', 'stroke'), ('simbolo-q1-q2', '#04ed00', 'stroke'), ('simbolo-q4-q0', '#04ed00', 'stroke')];False;False;False;False;False;False
361;describe me the transitions;label from q3 to q4;describe me the transitions. label from q3 to q4;there is no transition between q0 and q0.;[];there is no transition between q0 and q0.;[];The transition between q3 and q4 is with value 0.;[('simbolo-q3-q4', '#04ed00', 'stroke')];False;False;False;False;False;False
366;describe me the state q1;is q4 a final state ;describe me the state q1. is q4 a final state ;The state q0 exists.;[('simbolo-q0', '#04ed00', 'stroke')];The state q0 exists.;[('simbolo-q0', '#04ed00', 'stroke')];The state q0 exists.;[('simbolo-q0', '#04ed00', 'stroke')];True;True;True;True;False;False
366;describe me the state q1;is there an arc from q0 to q1 ;describe me the state q1. is there an arc from q0 to q1 ;The state q0 exists.;[('simbolo-q0', '#04ed00', 'stroke')];The transition between q0 and q1 is with value 1.;[('simbolo-q0-q1', '#04ed00', 'stroke')];The transition between q0 and q1 is with value 1.;[('simbolo-q0-q1', '#04ed00', 'stroke')];False;False;True;True;False;False
367;which is the final state;How many transitions are there ;which is the final state. How many transitions are there ;The final state is q0.;[('simbolo-q0', '#04ed00', 'stroke')];The automaton has 3 transitions: q0 con valore 1 va in q1, q1 con valore 1 va in q2, q4 con valore 0 va in q0.;[('simbolo-q0-q1', '#04ed00', 'stroke'), ('simbolo-q1-q2', '#04ed00', 'stroke'), ('simbolo-q4-q0', '#04ed00', 'stroke')];The automaton has 3 transitions: q0 con valore 1 va in q1, q1 con valore 1 va in q2, q4 con valore 0 va in q0.;[('simbolo-q0-q1', '#04ed00', 'stroke'), ('simbolo-q1-q2', '#04ed00', 'stroke'), ('simbolo-q4-q0', '#04ed00', 'stroke')];False;False;True;True;False;False
367;which is the final state;How many states are there;which is the final state. How many states are there;The final state is q0.;[('simbolo-q0', '#04ed00', 'stroke')];This automaton has 4 states;[('simbolo-q0', '#04ed00', 'stroke'), ('simbolo-q1', '#04ed00', 'stroke'), ('simbolo-q2', '#04ed00', 'stroke'), ('simbolo-q4', '#04ed00', 'stroke')];This automaton has 4 states;[('simbolo-q0', '#04ed00', 'stroke'), ('simbolo-q1', '#04ed00', 'stroke'), ('simbolo-q2', '#04ed00', 'stroke'), ('simbolo-q4', '#04ed00', 'stroke')];False;False;True;True;False;False
368;can i transite from q1 to q0;are there arcs from q4 ;can i transite from q1 to q0. are there arcs from q4 ;there is no transition between q1 and q0.;[];the transition is not defined.;[];there is no transition between q1 and q0.;[];True;True;False;True;False;True
368;can i transite from q1 to q0;What is the final state ;can i transite from q1 to q0. What is the final state ;there is no transition between q1 and q0.;[];The final state is q0.;[('simbolo-q0', '#04ed00', 'stroke')];there is no transition between q1 and q0.;[];True;True;False;False;False;False
371;tell me something about the states ;What are the states connected to q2;tell me something about the states . What are the states connected to q2;The state q0 exists.;[('simbolo-q0', '#04ed00', 'stroke')];The automaton has 4 states: q0, q1, q2 e q4.;[('simbolo-q0', '#04ed00', 'stroke'), ('simbolo-q1', '#04ed00', 'stroke'), ('simbolo-q2', '#04ed00', 'stroke'), ('simbolo-q4', '#04ed00', 'stroke')];The state q2 exists.;[('simbolo-q2', '#04ed00', 'stroke')];False;False;False;False;False;False
373;an alc from z0 to q1;Briefly describe the automaton How many states are there ;an alc from z0 to q1. Briefly describe the automaton How many states are there ;the transition is not defined.;[];The automaton accepts zero or more words formed by a sequence of the type 110. In total there are 4 states: q0, q1, q2 e q4. q0 is both the initial and the final state.Le transizioni sono: q0 with value 1 goes goes q1, q1 with value 1 goes goes q2, q4 with value 0 goes to q0.;[];This automaton has 4 states;[('simbolo-q0', '#04ed00', 'stroke'), ('simbolo-q1', '#04ed00', 'stroke'), ('simbolo-q2', '#04ed00', 'stroke'), ('simbolo-q4', '#04ed00', 'stroke')];False;False;False;False;False;False
373;an alc from z0 to q1;states and transitions;an alc from z0 to q1. states and transitions;the transition is not defined.;[];The state q0 exists.;[('simbolo-q0', '#04ed00', 'stroke')];there is no transition between q0 and q0.;[];False;True;False;False;False;False
376;can you describe the trasition function;are there arcs from q4 ;can you describe the trasition function. are there arcs from q4 ;there is no transition between q0 and q0.;[];the transition is not defined.;[];the transition is not defined.;[];False;True;True;True;False;True
376;can you describe the trasition function;Descrivi l automa ;can you describe the trasition function. Descrivi l automa ;there is no transition between q0 and q0.;[];The automaton accepts zero or more words formed by a sequence of the type 110. In total there are 4 states: q0, q1, q2 e q4. q0 is both the initial and the final state.Le transizioni sono: q0 with value 1 goes goes q1, q1 with value 1 goes goes q2, q4 with value 0 goes to q0.;[];there is no transition between q0 and q0.;[];True;True;False;True;False;True
377;in which state would the automation goes if it read a 0 from the state q1;What is q1 ;in which state would the automation goes if it read a 0 from the state q1. What is q1 ;The automaton has 4 states: q0, q1, q2 e q4.;[('simbolo-q0', '#04ed00', 'stroke'), ('simbolo-q1', '#04ed00', 'stroke'), ('simbolo-q2', '#04ed00', 'stroke'), ('simbolo-q4', '#04ed00', 'stroke')];The automaton has 4 states: q0, q1, q2 e q4.;[('simbolo-q0', '#04ed00', 'stroke'), ('simbolo-q1', '#04ed00', 'stroke'), ('simbolo-q2', '#04ed00', 'stroke'), ('simbolo-q4', '#04ed00', 'stroke')];The automaton has 4 states: q0, q1, q2 e q4.;[('simbolo-q0', '#04ed00', 'stroke'), ('simbolo-q1', '#04ed00', 'stroke'), ('simbolo-q2', '#04ed00', 'stroke'), ('simbolo-q4', '#04ed00', 'stroke')];True;True;True;True;False;False
377;in which state would the automation goes if it read a 0 from the state q1;Vorrei una descrizione di Automa1 ;in which state would the automation goes if it read a 0 from the state q1. Vorrei una descrizione di Automa1 ;The automaton has 4 states: q0, q1, q2 e q4.;[('simbolo-q0', '#04ed00', 'stroke'), ('simbolo-q1', '#04ed00', 'stroke'), ('simbolo-q2', '#04ed00', 'stroke'), ('simbolo-q4', '#04ed00', 'stroke')];The automaton accepts zero or more words formed by a sequence of the type 110. In total there are 4 states: q0, q1, q2 e q4. q0 is both the initial and the final state.Le transizioni sono: q0 with value 1 goes goes q1, q1 with value 1 goes goes q2, q4 with value 0 goes to q0.;[];It is not the initial state.;[];False;False;False;True;False;False
378;is the automation deterministic or non-deterministic;Descrivi l automa ;is the automation deterministic or non-deterministic. Descrivi l automa ;The automaton accepts zero or more words formed by a sequence of the type 110. In total there are 4 states: q0, q1, q2 e q4. q0 is both the initial and the final state.Le transizioni sono: q0 with value 1 goes goes q1, q1 with value 1 goes goes q2, q4 with value 0 goes to q0.;[];The automaton accepts zero or more words formed by a sequence of the type 110. In total there are 4 states: q0, q1, q2 e q4. q0 is both the initial and the final state.Le transizioni sono: q0 with value 1 goes goes q1, q1 with value 1 goes goes q2, q4 with value 0 goes to q0.;[];The automaton accepts zero or more words formed by a sequence of the type 110. In total there are 4 states: q0, q1, q2 e q4. q0 is both the initial and the final state.Le transizioni sono: q0 with value 1 goes goes q1, q1 with value 1 goes goes q2, q4 with value 0 goes to q0.;[];True;True;True;True;False;True
379;given the deterministc nature of the automation, why there is no a transition when I am in q1 and the automation read 0;How many states are there ;given the deterministc nature of the automation, why there is no a transition when I am in q1 and the automation read 0. How many states are there ;The transition between q1 and q2 is with value 1.;[('simbolo-q1-q2', '#04ed00', 'stroke')];This automaton has 4 states;[('simbolo-q0', '#04ed00', 'stroke'), ('simbolo-q1', '#04ed00', 'stroke'), ('simbolo-q2', '#04ed00', 'stroke'), ('simbolo-q4', '#04ed00', 'stroke')];This automaton has 4 states;[('simbolo-q0', '#04ed00', 'stroke'), ('simbolo-q1', '#04ed00', 'stroke'), ('simbolo-q2', '#04ed00', 'stroke'), ('simbolo-q4', '#04ed00', 'stroke')];False;False;True;True;False;False
379;given the deterministc nature of the automation, why there is no a transition when I am in q1 and the automation read 0;are there arcs from q4 ;given the deterministc nature of the automation, why there is no a transition when I am in q1 and the automation read 0. are there arcs from q4 ;The transition between q1 and q2 is with value 1.;[('simbolo-q1-q2', '#04ed00', 'stroke')];the transition is not defined.;[];there is no transition between q1 and q4.;[];False;False;False;True;False;False
380;given the deterministc nature of the automation why there is no a transition when I am in q1 and the automation read 0;What are the states connected to q0 ;given the deterministc nature of the automation why there is no a transition when I am in q1 and the automation read 0. What are the states connected to q0 ;there is no transition between q1 and q1.;[];The state q0 exists.;[('simbolo-q0', '#04ed00', 'stroke')];there is no transition between q1 and q0.;[];False;True;False;False;False;False
380;given the deterministc nature of the automation why there is no a transition when I am in q1 and the automation read 0;briefly describe you the automaton ;given the deterministc nature of the automation why there is no a transition when I am in q1 and the automation read 0. briefly describe you the automaton ;there is no transition between q1 and q1.;[];The automaton accepts zero or more words formed by a sequence of the type 110. In total there are 4 states: q0, q1, q2 e q4. q0 is both the initial and the final state.Le transizioni sono: q0 with value 1 goes goes q1, q1 with value 1 goes goes q2, q4 with value 0 goes to q0.;[];The automaton accepts zero or more words formed by a sequence of the type 110. In total there are 4 states: q0, q1, q2 e q4. q0 is both the initial and the final state.Le transizioni sono: q0 with value 1 goes goes q1, q1 with value 1 goes goes q2, q4 with value 0 goes to q0.;[];False;True;True;True;False;True
381;tell me a real use case of this automation;What is the purpose of the automaton ;tell me a real use case of this automation. What is the purpose of the automaton ;The automaton accepts zero or more words formed by a sequence of the type 110. In total there are 4 states: q0, q1, q2 e q4. q0 is both the initial and the final state.Le transizioni sono: q0 with value 1 goes goes q1, q1 with value 1 goes goes q2, q4 with value 0 goes to q0.;[];The automaton accepts zero or more words formed by a sequence of the type 110. In total there are 4 states: q0, q1, q2 e q4. q0 is both the initial and the final state.Le transizioni sono: q0 with value 1 goes goes q1, q1 with value 1 goes goes q2, q4 with value 0 goes to q0.;[];The automaton accepts zero or more words formed by a sequence of the type 110. In total there are 4 states: q0, q1, q2 e q4. q0 is both the initial and the final state.Le transizioni sono: q0 with value 1 goes goes q1, q1 with value 1 goes goes q2, q4 with value 0 goes to q0.;[];True;True;True;True;False;True
381;tell me a real use case of this automation;How many states are there ;tell me a real use case of this automation. How many states are there ;The automaton accepts zero or more words formed by a sequence of the type 110. In total there are 4 states: q0, q1, q2 e q4. q0 is both the initial and the final state.Le transizioni sono: q0 with value 1 goes goes q1, q1 with value 1 goes goes q2, q4 with value 0 goes to q0.;[];This automaton has 4 states;[('simbolo-q0', '#04ed00', 'stroke'), ('simbolo-q1', '#04ed00', 'stroke'), ('simbolo-q2', '#04ed00', 'stroke'), ('simbolo-q4', '#04ed00', 'stroke')];This automaton has 4 states;[('simbolo-q0', '#04ed00', 'stroke'), ('simbolo-q1', '#04ed00', 'stroke'), ('simbolo-q2', '#04ed00', 'stroke'), ('simbolo-q4', '#04ed00', 'stroke')];False;False;True;True;False;True
382;how many states are in the automation;Which are the transitions from q2 ;how many states are in the automation. Which are the transitions from q2 ;This automaton has 4 states;[('simbolo-q0', '#04ed00', 'stroke'), ('simbolo-q1', '#04ed00', 'stroke'), ('simbolo-q2', '#04ed00', 'stroke'), ('simbolo-q4', '#04ed00', 'stroke')];the transition is not defined.;[];This automaton has 4 states;[('simbolo-q0', '#04ed00', 'stroke'), ('simbolo-q1', '#04ed00', 'stroke'), ('simbolo-q2', '#04ed00', 'stroke'), ('simbolo-q4', '#04ed00', 'stroke')];True;True;False;False;False;True
382;how many states are in the automation;Is there an arc from q2 ;how many states are in the automation. Is there an arc from q2 ;This automaton has 4 states;[('simbolo-q0', '#04ed00', 'stroke'), ('simbolo-q1', '#04ed00', 'stroke'), ('simbolo-q2', '#04ed00', 'stroke'), ('simbolo-q4', '#04ed00', 'stroke')];the transition is not defined.;[];This automaton has 4 states;[('simbolo-q0', '#04ed00', 'stroke'), ('simbolo-q1', '#04ed00', 'stroke'), ('simbolo-q2', '#04ed00', 'stroke'), ('simbolo-q4', '#04ed00', 'stroke')];True;True;False;False;False;True
384;can you explain me what is a final state of a DFA?;which is the transition function ;can you explain me what is a final state of a DFA?. which is the transition function ;The final state is q0.;[('simbolo-q0', '#04ed00', 'stroke')];there is no transition between q0 and q0.;[];The final state is q0.;[('simbolo-q0', '#04ed00', 'stroke')];True;True;False;False;False;True
384;can you explain me what is a final state of a DFA?;which are the states connected with 0 ;can you explain me what is a final state of a DFA?. which are the states connected with 0 ;The final state is q0.;[('simbolo-q0', '#04ed00', 'stroke')];The state q0 exists.;[('simbolo-q0', '#04ed00', 'stroke')];The final state is q0.;[('simbolo-q0', '#04ed00', 'stroke')];True;True;False;True;False;False
385;can you describe to me how works a transition function;if the automaton is in the state q3 and the input is 11100 what happens;can you describe to me how works a transition function. if the automaton is in the state q3 and the input is 11100 what happens;there is no transition between q0 and q0.;[];The transition between q3 and q4 is with value 0.;[('simbolo-q3-q4', '#04ed00', 'stroke')];the transition is not defined.;[];False;True;False;False;False;False
387;how many final states the automaton has;Is there an arc from q0 to q1 ;how many final states the automaton has. Is there an arc from q0 to q1 ;The automaton has 4 states: q0, q1, q2 e q4.;[('simbolo-q0', '#04ed00', 'stroke'), ('simbolo-q1', '#04ed00', 'stroke'), ('simbolo-q2', '#04ed00', 'stroke'), ('simbolo-q4', '#04ed00', 'stroke')];The transition between q0 and q1 is with value 1.;[('simbolo-q0-q1', '#04ed00', 'stroke')];The automaton has 4 states: q0, q1, q2 e q4.;[('simbolo-q0', '#04ed00', 'stroke'), ('simbolo-q1', '#04ed00', 'stroke'), ('simbolo-q2', '#04ed00', 'stroke'), ('simbolo-q4', '#04ed00', 'stroke')];True;True;False;False;False;False
387;how many final states the automaton has;Which is the initial state ;how many final states the automaton has. Which is the initial state ;The automaton has 4 states: q0, q1, q2 e q4.;[('simbolo-q0', '#04ed00', 'stroke'), ('simbolo-q1', '#04ed00', 'stroke'), ('simbolo-q2', '#04ed00', 'stroke'), ('simbolo-q4', '#04ed00', 'stroke')];The initial state is q0.;[('simbolo-q0', '#04ed00', 'stroke')];The initial state is q0.;[('simbolo-q0', '#04ed00', 'stroke')];False;False;True;True;False;False
388;what is the final state;how many states and edges ;what is the final state. how many states and edges ;The final state is q0.;[('simbolo-q0', '#04ed00', 'stroke')];This automaton has 4 states;[('simbolo-q0', '#04ed00', 'stroke'), ('simbolo-q1', '#04ed00', 'stroke'), ('simbolo-q2', '#04ed00', 'stroke'), ('simbolo-q4', '#04ed00', 'stroke')];The final state is q0.;[('simbolo-q0', '#04ed00', 'stroke')];True;True;False;False;False;False
388;what is the final state;And how about the arrows ;what is the final state. And how about the arrows ;The final state is q0.;[('simbolo-q0', '#04ed00', 'stroke')];there is no transition between q0 and q0.;[];The final state is q0.;[('simbolo-q0', '#04ed00', 'stroke')];True;True;False;False;False;True
389;how can i reach the state q4 from the state q2;What is the shape of the arcs ;how can i reach the state q4 from the state q2. What is the shape of the arcs ;there is no transition between q2 and q4.;[];there is no transition between q0 and q0.;[];there is no transition between q2 and q4.;[];True;True;False;True;False;True
389;how can i reach the state q4 from the state q2;Is there an arc from q2 ;how can i reach the state q4 from the state q2. Is there an arc from q2 ;there is no transition between q2 and q4.;[];the transition is not defined.;[];there is no transition between q2 and q4.;[];True;True;False;True;False;True
390;is there a way to reach the state q1 from the state q3;Is there an arc from q2 to q3 ;is there a way to reach the state q1 from the state q3. Is there an arc from q2 to q3 ;there is no transition between q3 and q1.;[];The transition between q2 and q3 is with value 0.;[('simbolo-q2-q3', '#04ed00', 'stroke')];there is no transition between q1 and q3.;[];False;True;False;False;False;False
390;is there a way to reach the state q1 from the state q3;Can you describe the transition function ;is there a way to reach the state q1 from the state q3. Can you describe the transition function ;there is no transition between q3 and q1.;[];The automaton has 3 transitions: q0 con valore 1 va in q1, q1 con valore 1 va in q2, q4 con valore 0 va in q0.;[('simbolo-q0-q1', '#04ed00', 'stroke'), ('simbolo-q1-q2', '#04ed00', 'stroke'), ('simbolo-q4-q0', '#04ed00', 'stroke')];there is no transition between q3 and q1.;[];True;True;False;False;False;False
393;Define the concept of an accepting state in finite automata;Which are the transitions from q1 ;Define the concept of an accepting state in finite automata. Which are the transitions from q1 ;The final state is q0.;[('simbolo-q0', '#04ed00', 'stroke')];the transition is not defined.;[];The automaton has 4 states: q0, q1, q2 e q4.;[('simbolo-q0', '#04ed00', 'stroke'), ('simbolo-q1', '#04ed00', 'stroke'), ('simbolo-q2', '#04ed00', 'stroke'), ('simbolo-q4', '#04ed00', 'stroke')];False;False;False;False;False;False
393;Define the concept of an accepting state in finite automata;How many states does a pentagon shaped automaton have ;Define the concept of an accepting state in finite automata. How many states does a pentagon shaped automaton have ;The final state is q0.;[('simbolo-q0', '#04ed00', 'stroke')];This automaton has 4 states;[('simbolo-q0', '#04ed00', 'stroke'), ('simbolo-q1', '#04ed00', 'stroke'), ('simbolo-q2', '#04ed00', 'stroke'), ('simbolo-q4', '#04ed00', 'stroke')];There are 5 states in this automaton.;[('simbolo-q0', '#04ed00', 'stroke'), ('simbolo-q1', '#04ed00', 'stroke'), ('simbolo-q2', '#04ed00', 'stroke'), ('simbolo-q3', '#04ed00', 'stroke'), ('simbolo-q4', '#04ed00', 'stroke')];False;False;False;False;False;False
397;How does the automaton behave if the input starts with a 0 instead of a 1?;Which are the transitions from q1 ;How does the automaton behave if the input starts with a 0 instead of a 1?. Which are the transitions from q1 ;The automaton has 3 transitions: q0 con valore 1 va in q1, q1 con valore 1 va in q2, q4 con valore 0 va in q0.;[('simbolo-q0-q1', '#04ed00', 'stroke'), ('simbolo-q1-q2', '#04ed00', 'stroke'), ('simbolo-q4-q0', '#04ed00', 'stroke')];the transition is not defined.;[];The automaton has 3 transitions: q0 con valore 1 va in q1, q1 con valore 1 va in q2, q4 con valore 0 va in q0.;[('simbolo-q0-q1', '#04ed00', 'stroke'), ('simbolo-q1-q2', '#04ed00', 'stroke'), ('simbolo-q4-q0', '#04ed00', 'stroke')];True;True;False;False;False;True
397;How does the automaton behave if the input starts with a 0 instead of a 1?;Please describe the transitions ;How does the automaton behave if the input starts with a 0 instead of a 1?. Please describe the transitions ;The automaton has 3 transitions: q0 con valore 1 va in q1, q1 con valore 1 va in q2, q4 con valore 0 va in q0.;[('simbolo-q0-q1', '#04ed00', 'stroke'), ('simbolo-q1-q2', '#04ed00', 'stroke'), ('simbolo-q4-q0', '#04ed00', 'stroke')];The automaton has 3 transitions: q0 con valore 1 va in q1, q1 con valore 1 va in q2, q4 con valore 0 va in q0.;[('simbolo-q0-q1', '#04ed00', 'stroke'), ('simbolo-q1-q2', '#04ed00', 'stroke'), ('simbolo-q4-q0', '#04ed00', 'stroke')];The automaton has 3 transitions: q0 con valore 1 va in q1, q1 con valore 1 va in q2, q4 con valore 0 va in q0.;[('simbolo-q0-q1', '#04ed00', 'stroke'), ('simbolo-q1-q2', '#04ed00', 'stroke'), ('simbolo-q4-q0', '#04ed00', 'stroke')];True;True;True;True;False;False
398;What is the role of the state q4 in the automaton's behavior;How many nodes are there ;What is the role of the state q4 in the automaton's behavior. How many nodes are there ;The state q0 exists.;[('simbolo-q0', '#04ed00', 'stroke')];This automaton has 4 states;[('simbolo-q0', '#04ed00', 'stroke'), ('simbolo-q1', '#04ed00', 'stroke'), ('simbolo-q2', '#04ed00', 'stroke'), ('simbolo-q4', '#04ed00', 'stroke')];This automaton has 4 states;[('simbolo-q0', '#04ed00', 'stroke'), ('simbolo-q1', '#04ed00', 'stroke'), ('simbolo-q2', '#04ed00', 'stroke'), ('simbolo-q4', '#04ed00', 'stroke')];False;False;True;True;False;False
398;What is the role of the state q4 in the automaton's behavior; final states;What is the role of the state q4 in the automaton's behavior.  final states;The state q0 exists.;[('simbolo-q0', '#04ed00', 'stroke')];The final state is q0.;[('simbolo-q0', '#04ed00', 'stroke')];The automaton has 4 states: q0, q1, q2 e q4.;[('simbolo-q0', '#04ed00', 'stroke'), ('simbolo-q1', '#04ed00', 'stroke'), ('simbolo-q2', '#04ed00', 'stroke'), ('simbolo-q4', '#04ed00', 'stroke')];False;False;False;False;False;False
399;What is the role of the state q4 in the behavior of automaton;is q0 a final state ;What is the role of the state q4 in the behavior of automaton. is q0 a final state ;The state q4 exists.;[('simbolo-q4', '#04ed00', 'stroke')];The final state is q0.;[('simbolo-q0', '#04ed00', 'stroke')];The automaton has 4 states: q0, q1, q2 e q4.;[('simbolo-q0', '#04ed00', 'stroke'), ('simbolo-q1', '#04ed00', 'stroke'), ('simbolo-q2', '#04ed00', 'stroke'), ('simbolo-q4', '#04ed00', 'stroke')];False;False;False;False;False;False
399;What is the role of the state q4 in the behavior of automaton;How many transitions are there ;What is the role of the state q4 in the behavior of automaton. How many transitions are there ;The state q4 exists.;[('simbolo-q4', '#04ed00', 'stroke')];The automaton has 3 transitions: q0 con valore 1 va in q1, q1 con valore 1 va in q2, q4 con valore 0 va in q0.;[('simbolo-q0-q1', '#04ed00', 'stroke'), ('simbolo-q1-q2', '#04ed00', 'stroke'), ('simbolo-q4-q0', '#04ed00', 'stroke')];This automaton has 4 states;[('simbolo-q0', '#04ed00', 'stroke'), ('simbolo-q1', '#04ed00', 'stroke'), ('simbolo-q2', '#04ed00', 'stroke'), ('simbolo-q4', '#04ed00', 'stroke')];False;False;False;False;False;False
400;How does the automaton transition back to the initial state after completing a valid sequence;How many transitions are there ;How does the automaton transition back to the initial state after completing a valid sequence. How many transitions are there ;the transition is not defined.;[];The automaton has 3 transitions: q0 con valore 1 va in q1, q1 con valore 1 va in q2, q4 con valore 0 va in q0.;[('simbolo-q0-q1', '#04ed00', 'stroke'), ('simbolo-q1-q2', '#04ed00', 'stroke'), ('simbolo-q4-q0', '#04ed00', 'stroke')];there is no transition between q0 and q0.;[];False;True;False;False;False;False
400;How does the automaton transition back to the initial state after completing a valid sequence;What transitions does the automaton have ;How does the automaton transition back to the initial state after completing a valid sequence. What transitions does the automaton have ;the transition is not defined.;[];there is no transition between q0 and q0.;[];there is no transition between q0 and q0.;[];False;True;True;True;False;True
401;How many transitions are there in this automaton;How many states does the automaton have ;How many transitions are there in this automaton. How many states does the automaton have ;The automaton has 3 transitions: q0 con valore 1 va in q1, q1 con valore 1 va in q2, q4 con valore 0 va in q0.;[('simbolo-q0-q1', '#04ed00', 'stroke'), ('simbolo-q1-q2', '#04ed00', 'stroke'), ('simbolo-q4-q0', '#04ed00', 'stroke')];This automaton has 4 states;[('simbolo-q0', '#04ed00', 'stroke'), ('simbolo-q1', '#04ed00', 'stroke'), ('simbolo-q2', '#04ed00', 'stroke'), ('simbolo-q4', '#04ed00', 'stroke')];The automaton has 3 transitions: q0 con valore 1 va in q1, q1 con valore 1 va in q2, q4 con valore 0 va in q0.;[('simbolo-q0-q1', '#04ed00', 'stroke'), ('simbolo-q1-q2', '#04ed00', 'stroke'), ('simbolo-q4-q0', '#04ed00', 'stroke')];True;True;False;False;False;False
401;How many transitions are there in this automaton;What transitions enter and exit q3 ;How many transitions are there in this automaton. What transitions enter and exit q3 ;The automaton has 3 transitions: q0 con valore 1 va in q1, q1 con valore 1 va in q2, q4 con valore 0 va in q0.;[('simbolo-q0-q1', '#04ed00', 'stroke'), ('simbolo-q1-q2', '#04ed00', 'stroke'), ('simbolo-q4-q0', '#04ed00', 'stroke')];the transition is not defined.;[];there is no transition between q0 and q0.;[];False;False;False;True;False;False
405;describe me the automaton;How is an automaton defined ;describe me the automaton. How is an automaton defined ;The automaton accepts zero or more words formed by a sequence of the type 110. In total there are 4 states: q0, q1, q2 e q4. q0 is both the initial and the final state.Le transizioni sono: q0 with value 1 goes goes q1, q1 with value 1 goes goes q2, q4 with value 0 goes to q0.;[];The automaton accepts zero or more words formed by a sequence of the type 110. In total there are 4 states: q0, q1, q2 e q4. q0 is both the initial and the final state.Le transizioni sono: q0 with value 1 goes goes q1, q1 with value 1 goes goes q2, q4 with value 0 goes to q0.;[];The automaton accepts zero or more words formed by a sequence of the type 110. In total there are 4 states: q0, q1, q2 e q4. q0 is both the initial and the final state.Le transizioni sono: q0 with value 1 goes goes q1, q1 with value 1 goes goes q2, q4 with value 0 goes to q0.;[];True;True;True;True;False;True
405;describe me the automaton;transitions;describe me the automaton. transitions;The automaton accepts zero or more words formed by a sequence of the type 110. In total there are 4 states: q0, q1, q2 e q4. q0 is both the initial and the final state.Le transizioni sono: q0 with value 1 goes goes q1, q1 with value 1 goes goes q2, q4 with value 0 goes to q0.;[];The automaton has 3 transitions: q0 con valore 1 va in q1, q1 con valore 1 va in q2, q4 con valore 0 va in q0.;[('simbolo-q0-q1', '#04ed00', 'stroke'), ('simbolo-q1-q2', '#04ed00', 'stroke'), ('simbolo-q4-q0', '#04ed00', 'stroke')];there is no transition between q0 and q0.;[];False;True;False;False;False;False
406;How many states are in automaton;How many states does Automaton 1 have ;How many states are in automaton. How many states does Automaton 1 have ;This automaton has 4 states;[('simbolo-q0', '#04ed00', 'stroke'), ('simbolo-q1', '#04ed00', 'stroke'), ('simbolo-q2', '#04ed00', 'stroke'), ('simbolo-q4', '#04ed00', 'stroke')];This automaton has 4 states;[('simbolo-q0', '#04ed00', 'stroke'), ('simbolo-q1', '#04ed00', 'stroke'), ('simbolo-q2', '#04ed00', 'stroke'), ('simbolo-q4', '#04ed00', 'stroke')];This automaton has 4 states;[('simbolo-q0', '#04ed00', 'stroke'), ('simbolo-q1', '#04ed00', 'stroke'), ('simbolo-q2', '#04ed00', 'stroke'), ('simbolo-q4', '#04ed00', 'stroke')];True;True;True;True;False;False
406;How many states are in automaton;If q2 were the final state the language accepted by the automaton is the same ;How many states are in automaton. If q2 were the final state the language accepted by the automaton is the same ;This automaton has 4 states;[('simbolo-q0', '#04ed00', 'stroke'), ('simbolo-q1', '#04ed00', 'stroke'), ('simbolo-q2', '#04ed00', 'stroke'), ('simbolo-q4', '#04ed00', 'stroke')];The final state is q0.;[('simbolo-q0', '#04ed00', 'stroke')];Potresti essere più specifico?;[];False;False;False;False;False;False
407;What does each state do in automaton;in which state would the automation goes if it read a 0 from the state q1;What does each state do in automaton. in which state would the automation goes if it read a 0 from the state q1;The state q0 exists.;[('simbolo-q0', '#04ed00', 'stroke')];The state q0 exists.;[('simbolo-q0', '#04ed00', 'stroke')];The state q0 exists.;[('simbolo-q0', '#04ed00', 'stroke')];True;True;True;True;False;False
407;What does each state do in automaton;Give me a list of the arcs;What does each state do in automaton. Give me a list of the arcs;The state q0 exists.;[('simbolo-q0', '#04ed00', 'stroke')];there is no transition between q0 and q0.;[];there is no transition between q0 and q0.;[];False;False;True;True;False;False
408;What is the starting state of the automaton;how many transitions ;What is the starting state of the automaton. how many transitions ;The initial state is q0.;[('simbolo-q0', '#04ed00', 'stroke')];The automaton has 3 transitions: q0 con valore 1 va in q1, q1 con valore 1 va in q2, q4 con valore 0 va in q0.;[('simbolo-q0-q1', '#04ed00', 'stroke'), ('simbolo-q1-q2', '#04ed00', 'stroke'), ('simbolo-q4-q0', '#04ed00', 'stroke')];The initial state is q0.;[('simbolo-q0', '#04ed00', 'stroke')];True;True;False;False;False;False
408;What is the starting state of the automaton;what i can ask you;What is the starting state of the automaton. what i can ask you;The initial state is q0.;[('simbolo-q0', '#04ed00', 'stroke')];Potresti essere più specifico?;[];The initial state is q0.;[('simbolo-q0', '#04ed00', 'stroke')];True;True;False;False;False;True
409;What is the role of the final state in the automaton;Can you describe the transition function ;What is the role of the final state in the automaton. Can you describe the transition function ;The final state is q0.;[('simbolo-q0', '#04ed00', 'stroke')];The automaton has 3 transitions: q0 con valore 1 va in q1, q1 con valore 1 va in q2, q4 con valore 0 va in q0.;[('simbolo-q0-q1', '#04ed00', 'stroke'), ('simbolo-q1-q2', '#04ed00', 'stroke'), ('simbolo-q4-q0', '#04ed00', 'stroke')];The final state is q0.;[('simbolo-q0', '#04ed00', 'stroke')];True;True;False;False;False;False
409;What is the role of the final state in the automaton;What direction are the connections between the states ;What is the role of the final state in the automaton. What direction are the connections between the states ;The final state is q0.;[('simbolo-q0', '#04ed00', 'stroke')];there is no transition between q0 and q0.;[];Potresti essere più specifico?;[];False;False;False;True;False;False
411;What triggers a transition from one state to another in the automaton;How many transitions are there ;What triggers a transition from one state to another in the automaton. How many transitions are there ;there is no transition between q0 and q0.;[];The automaton has 3 transitions: q0 con valore 1 va in q1, q1 con valore 1 va in q2, q4 con valore 0 va in q0.;[('simbolo-q0-q1', '#04ed00', 'stroke'), ('simbolo-q1-q2', '#04ed00', 'stroke'), ('simbolo-q4-q0', '#04ed00', 'stroke')];there is no transition between q0 and q0.;[];True;True;False;False;False;False
413;How many transitions are there in the automaton;Which is the initial state ;How many transitions are there in the automaton. Which is the initial state ;The automaton has 3 transitions: q0 con valore 1 va in q1, q1 con valore 1 va in q2, q4 con valore 0 va in q0.;[('simbolo-q0-q1', '#04ed00', 'stroke'), ('simbolo-q1-q2', '#04ed00', 'stroke'), ('simbolo-q4-q0', '#04ed00', 'stroke')];The initial state is q0.;[('simbolo-q0', '#04ed00', 'stroke')];The automaton has 3 transitions: q0 con valore 1 va in q1, q1 con valore 1 va in q2, q4 con valore 0 va in q0.;[('simbolo-q0-q1', '#04ed00', 'stroke'), ('simbolo-q1-q2', '#04ed00', 'stroke'), ('simbolo-q4-q0', '#04ed00', 'stroke')];True;True;False;False;False;False
413;How many transitions are there in the automaton;How many transitions start from q0 ;How many transitions are there in the automaton. How many transitions start from q0 ;The automaton has 3 transitions: q0 con valore 1 va in q1, q1 con valore 1 va in q2, q4 con valore 0 va in q0.;[('simbolo-q0-q1', '#04ed00', 'stroke'), ('simbolo-q1-q2', '#04ed00', 'stroke'), ('simbolo-q4-q0', '#04ed00', 'stroke')];the transition is not defined.;[];The automaton has 3 transitions: q0 con valore 1 va in q1, q1 con valore 1 va in q2, q4 con valore 0 va in q0.;[('simbolo-q0-q1', '#04ed00', 'stroke'), ('simbolo-q1-q2', '#04ed00', 'stroke'), ('simbolo-q4-q0', '#04ed00', 'stroke')];True;True;False;False;False;True
414;Which state in the automaton has the most transitions;Does the automaton accept sequences longer than three 1s followed by two 0s;Which state in the automaton has the most transitions. Does the automaton accept sequences longer than three 1s followed by two 0s;The automaton has 4 states: q0, q1, q2 e q4.;[('simbolo-q0', '#04ed00', 'stroke'), ('simbolo-q1', '#04ed00', 'stroke'), ('simbolo-q2', '#04ed00', 'stroke'), ('simbolo-q4', '#04ed00', 'stroke')];Potresti essere più specifico?;[];The automaton has 4 states: q0, q1, q2 e q4.;[('simbolo-q0', '#04ed00', 'stroke'), ('simbolo-q1', '#04ed00', 'stroke'), ('simbolo-q2', '#04ed00', 'stroke'), ('simbolo-q4', '#04ed00', 'stroke')];True;True;False;False;False;True
415;Is there any state in the automaton that has no outgoing transitions;atomaton 2 ;Is there any state in the automaton that has no outgoing transitions. atomaton 2 ;The state q0 exists.;[('simbolo-q0', '#04ed00', 'stroke')];The automaton accepts zero or more words formed by a sequence of the type 110. In total there are 4 states: q0, q1, q2 e q4. q0 is both the initial and the final state.Le transizioni sono: q0 with value 1 goes goes q1, q1 with value 1 goes goes q2, q4 with value 0 goes to q0.;[];The state q0 exists.;[('simbolo-q0', '#04ed00', 'stroke')];True;True;False;False;False;True
415;Is there any state in the automaton that has no outgoing transitions;describe the shape of the automaton;Is there any state in the automaton that has no outgoing transitions. describe the shape of the automaton;The state q0 exists.;[('simbolo-q0', '#04ed00', 'stroke')];The automaton accepts zero or more words formed by a sequence of the type 110. In total there are 4 states: q0, q1, q2 e q4. q0 is both the initial and the final state.Le transizioni sono: q0 with value 1 goes goes q1, q1 with value 1 goes goes q2, q4 with value 0 goes to q0.;[];The state q0 exists.;[('simbolo-q0', '#04ed00', 'stroke')];True;True;False;False;False;True
417;How many states are in this automaton;If q2 were the final state the language accepted by the automaton is the same ;How many states are in this automaton. If q2 were the final state the language accepted by the automaton is the same ;This automaton has 4 states;[('simbolo-q0', '#04ed00', 'stroke'), ('simbolo-q1', '#04ed00', 'stroke'), ('simbolo-q2', '#04ed00', 'stroke'), ('simbolo-q4', '#04ed00', 'stroke')];The final state is q0.;[('simbolo-q0', '#04ed00', 'stroke')];Potresti essere più specifico?;[];False;False;False;False;False;False
417;How many states are in this automaton;Does the automaton accept sequences longer than three 1s followed by two 0s;How many states are in this automaton. Does the automaton accept sequences longer than three 1s followed by two 0s;This automaton has 4 states;[('simbolo-q0', '#04ed00', 'stroke'), ('simbolo-q1', '#04ed00', 'stroke'), ('simbolo-q2', '#04ed00', 'stroke'), ('simbolo-q4', '#04ed00', 'stroke')];Potresti essere più specifico?;[];This automaton has 4 states;[('simbolo-q0', '#04ed00', 'stroke'), ('simbolo-q1', '#04ed00', 'stroke'), ('simbolo-q2', '#04ed00', 'stroke'), ('simbolo-q4', '#04ed00', 'stroke')];True;True;False;False;False;True
418;What input causes the automaton to move from one state to the next;How many transitions are there ;What input causes the automaton to move from one state to the next. How many transitions are there ;The automaton has 3 transitions: q0 con valore 1 va in q1, q1 con valore 1 va in q2, q4 con valore 0 va in q0.;[('simbolo-q0-q1', '#04ed00', 'stroke'), ('simbolo-q1-q2', '#04ed00', 'stroke'), ('simbolo-q4-q0', '#04ed00', 'stroke')];The automaton has 3 transitions: q0 con valore 1 va in q1, q1 con valore 1 va in q2, q4 con valore 0 va in q0.;[('simbolo-q0-q1', '#04ed00', 'stroke'), ('simbolo-q1-q2', '#04ed00', 'stroke'), ('simbolo-q4-q0', '#04ed00', 'stroke')];The automaton has 3 transitions: q0 con valore 1 va in q1, q1 con valore 1 va in q2, q4 con valore 0 va in q0.;[('simbolo-q0-q1', '#04ed00', 'stroke'), ('simbolo-q1-q2', '#04ed00', 'stroke'), ('simbolo-q4-q0', '#04ed00', 'stroke')];True;True;True;True;False;False
419;Which state follows q1 in the automaton;Is there an arc from q0 to q1 ;Which state follows q1 in the automaton. Is there an arc from q0 to q1 ;The state q1 exists.;[('simbolo-q1', '#04ed00', 'stroke')];The transition between q0 and q1 is with value 1.;[('simbolo-q0-q1', '#04ed00', 'stroke')];The automaton has 4 states: q0, q1, q2 e q4.;[('simbolo-q0', '#04ed00', 'stroke'), ('simbolo-q1', '#04ed00', 'stroke'), ('simbolo-q2', '#04ed00', 'stroke'), ('simbolo-q4', '#04ed00', 'stroke')];False;False;False;False;False;False
419;Which state follows q1 in the automaton;arc from q0;Which state follows q1 in the automaton. arc from q0;The state q1 exists.;[('simbolo-q1', '#04ed00', 'stroke')];there is no transition between q0 and q0.;[];The automaton has 4 states: q0, q1, q2 e q4.;[('simbolo-q0', '#04ed00', 'stroke'), ('simbolo-q1', '#04ed00', 'stroke'), ('simbolo-q2', '#04ed00', 'stroke'), ('simbolo-q4', '#04ed00', 'stroke')];False;False;False;False;False;False
420;What input causes the automaton to move from q3 to q4;How is an automaton defined ;What input causes the automaton to move from q3 to q4. How is an automaton defined ;The transition between q3 and q4 is with value 0.;[('simbolo-q3-q4', '#04ed00', 'stroke')];The automaton accepts zero or more words formed by a sequence of the type 110. In total there are 4 states: q0, q1, q2 e q4. q0 is both the initial and the final state.Le transizioni sono: q0 with value 1 goes goes q1, q1 with value 1 goes goes q2, q4 with value 0 goes to q0.;[];The transition between q3 and q4 is with value 0.;[('simbolo-q3-q4', '#04ed00', 'stroke')];True;True;False;False;False;True
420;What input causes the automaton to move from q3 to q4;Descrivi l automa ;What input causes the automaton to move from q3 to q4. Descrivi l automa ;The transition between q3 and q4 is with value 0.;[('simbolo-q3-q4', '#04ed00', 'stroke')];The automaton accepts zero or more words formed by a sequence of the type 110. In total there are 4 states: q0, q1, q2 e q4. q0 is both the initial and the final state.Le transizioni sono: q0 with value 1 goes goes q1, q1 with value 1 goes goes q2, q4 with value 0 goes to q0.;[];there is no transition between q0 and q0.;[];False;False;False;True;False;False
421;What happens after the automaton reaches q4;how many final states there are ;What happens after the automaton reaches q4. how many final states there are ;The state q0 exists.;[('simbolo-q0', '#04ed00', 'stroke')];The automaton has 4 states: q0, q1, q2 e q4.;[('simbolo-q0', '#04ed00', 'stroke'), ('simbolo-q1', '#04ed00', 'stroke'), ('simbolo-q2', '#04ed00', 'stroke'), ('simbolo-q4', '#04ed00', 'stroke')];The automaton has 4 states: q0, q1, q2 e q4.;[('simbolo-q0', '#04ed00', 'stroke'), ('simbolo-q1', '#04ed00', 'stroke'), ('simbolo-q2', '#04ed00', 'stroke'), ('simbolo-q4', '#04ed00', 'stroke')];False;False;True;True;False;False
421;What happens after the automaton reaches q4;If q2 were the final state the language accepted by the automaton is the same ;What happens after the automaton reaches q4. If q2 were the final state the language accepted by the automaton is the same ;The state q0 exists.;[('simbolo-q0', '#04ed00', 'stroke')];The final state is q0.;[('simbolo-q0', '#04ed00', 'stroke')];there is no transition between q4 and q2.;[];False;False;False;False;False;False
422;Does the automaton return to q0 after every valid input sequence;tell me something about the states ;Does the automaton return to q0 after every valid input sequence. tell me something about the states ;The automaton accepts zero or more words formed by a sequence of the type 110. In total there are 4 states: q0, q1, q2 e q4. q0 is both the initial and the final state.Le transizioni sono: q0 with value 1 goes goes q1, q1 with value 1 goes goes q2, q4 with value 0 goes to q0.;[];The state q0 exists.;[('simbolo-q0', '#04ed00', 'stroke')];The automaton accepts zero or more words formed by a sequence of the type 110. In total there are 4 states: q0, q1, q2 e q4. q0 is both the initial and the final state.Le transizioni sono: q0 with value 1 goes goes q1, q1 with value 1 goes goes q2, q4 with value 0 goes to q0.;[];True;True;False;False;False;False
426;Which state in the automaton is both the initial and the final state;What transitions enter and exit q4 ;Which state in the automaton is both the initial and the final state. What transitions enter and exit q4 ;The initial state is q0.;[('simbolo-q0', '#04ed00', 'stroke')];the transition is not defined.;[];The final state is q0.;[('simbolo-q0', '#04ed00', 'stroke')];False;True;False;False;False;True
426;Which state in the automaton is both the initial and the final state;How many transitions start from q0 ;Which state in the automaton is both the initial and the final state. How many transitions start from q0 ;The initial state is q0.;[('simbolo-q0', '#04ed00', 'stroke')];there is no transition between q0 and q0.;[];The initial state is q0.;[('simbolo-q0', '#04ed00', 'stroke')];True;True;False;False;False;True
429;how many nodes are there?;What is the best way to represent this automa ;how many nodes are there?. What is the best way to represent this automa ;This automaton has 4 states;[('simbolo-q0', '#04ed00', 'stroke'), ('simbolo-q1', '#04ed00', 'stroke'), ('simbolo-q2', '#04ed00', 'stroke'), ('simbolo-q4', '#04ed00', 'stroke')];The automaton accepts zero or more words formed by a sequence of the type 110. In total there are 4 states: q0, q1, q2 e q4. q0 is both the initial and the final state.Le transizioni sono: q0 with value 1 goes goes q1, q1 with value 1 goes goes q2, q4 with value 0 goes to q0.;[];This automaton has 4 states;[('simbolo-q0', '#04ed00', 'stroke'), ('simbolo-q1', '#04ed00', 'stroke'), ('simbolo-q2', '#04ed00', 'stroke'), ('simbolo-q4', '#04ed00', 'stroke')];True;True;False;False;False;True
429;how many nodes are there?;How many states are there ;how many nodes are there?. How many states are there ;This automaton has 4 states;[('simbolo-q0', '#04ed00', 'stroke'), ('simbolo-q1', '#04ed00', 'stroke'), ('simbolo-q2', '#04ed00', 'stroke'), ('simbolo-q4', '#04ed00', 'stroke')];This automaton has 4 states;[('simbolo-q0', '#04ed00', 'stroke'), ('simbolo-q1', '#04ed00', 'stroke'), ('simbolo-q2', '#04ed00', 'stroke'), ('simbolo-q4', '#04ed00', 'stroke')];This automaton has 4 states;[('simbolo-q0', '#04ed00', 'stroke'), ('simbolo-q1', '#04ed00', 'stroke'), ('simbolo-q2', '#04ed00', 'stroke'), ('simbolo-q4', '#04ed00', 'stroke')];True;True;True;True;False;False
430;what are the transitions between these states;Which is the initial state ;what are the transitions between these states. Which is the initial state ;there is no transition between q0 and q0.;[];The initial state is q0.;[('simbolo-q0', '#04ed00', 'stroke')];there is no transition between q0 and q0.;[];True;True;False;False;False;False
430;what are the transitions between these states;briefly describe you the automaton ;what are the transitions between these states. briefly describe you the automaton ;there is no transition between q0 and q0.;[];The automaton accepts zero or more words formed by a sequence of the type 110. In total there are 4 states: q0, q1, q2 e q4. q0 is both the initial and the final state.Le transizioni sono: q0 with value 1 goes goes q1, q1 with value 1 goes goes q2, q4 with value 0 goes to q0.;[];there is no transition between q0 and q0.;[];True;True;False;True;False;True
431;what are the arcs;If q2 were the final state the language accepted by the automaton is the same ;what are the arcs. If q2 were the final state the language accepted by the automaton is the same ;there is no transition between q0 and q0.;[];The final state is q0.;[('simbolo-q0', '#04ed00', 'stroke')];there is no transition between q0 and q0.;[];True;True;False;False;False;False
431;what are the arcs;given the deterministc nature of the automation why there is no a transition when I am in q1 and the automation read 0;what are the arcs. given the deterministc nature of the automation why there is no a transition when I am in q1 and the automation read 0;there is no transition between q0 and q0.;[];The transition between q1 and q2 is with value 1.;[('simbolo-q1-q2', '#04ed00', 'stroke')];Potresti essere più specifico?;[];False;True;False;False;False;False
432;describe me the state q1;can you describe me the automaton ;describe me the state q1. can you describe me the automaton ;The state q0 exists.;[('simbolo-q0', '#04ed00', 'stroke')];The automaton accepts zero or more words formed by a sequence of the type 110. In total there are 4 states: q0, q1, q2 e q4. q0 is both the initial and the final state.Le transizioni sono: q0 with value 1 goes goes q1, q1 with value 1 goes goes q2, q4 with value 0 goes to q0.;[];The state q0 exists.;[('simbolo-q0', '#04ed00', 'stroke')];True;True;False;False;False;True
432;describe me the state q1;Is there an arc between q0 and q1 ;describe me the state q1. Is there an arc between q0 and q1 ;The state q0 exists.;[('simbolo-q0', '#04ed00', 'stroke')];The transition between q0 and q1 is with value 1.;[('simbolo-q0-q1', '#04ed00', 'stroke')];The transition between q0 and q1 is with value 1.;[('simbolo-q0-q1', '#04ed00', 'stroke')];False;False;True;True;False;False
437;is q3 the final node;Briefly describe the automaton 2 How many states are there ;is q3 the final node. Briefly describe the automaton 2 How many states are there ;The final state is q0.;[('simbolo-q0', '#04ed00', 'stroke')];The automaton has 4 states and 3 transitions.;[];This automaton has 4 states;[('simbolo-q0', '#04ed00', 'stroke'), ('simbolo-q1', '#04ed00', 'stroke'), ('simbolo-q2', '#04ed00', 'stroke'), ('simbolo-q4', '#04ed00', 'stroke')];False;False;False;False;False;False
437;is q3 the final node;how is the automaton represented ;is q3 the final node. how is the automaton represented ;The final state is q0.;[('simbolo-q0', '#04ed00', 'stroke')];The automaton accepts zero or more words formed by a sequence of the type 110. In total there are 4 states: q0, q1, q2 e q4. q0 is both the initial and the final state.Le transizioni sono: q0 with value 1 goes goes q1, q1 with value 1 goes goes q2, q4 with value 0 goes to q0.;[];The final state is q0.;[('simbolo-q0', '#04ed00', 'stroke')];True;True;False;False;False;True
438;is q0 the final node;Describe the automaton ;is q0 the final node. Describe the automaton ;The final state is q0.;[('simbolo-q0', '#04ed00', 'stroke')];The automaton accepts zero or more words formed by a sequence of the type 110. In total there are 4 states: q0, q1, q2 e q4. q0 is both the initial and the final state.Le transizioni sono: q0 with value 1 goes goes q1, q1 with value 1 goes goes q2, q4 with value 0 goes to q0.;[];The automaton accepts zero or more words formed by a sequence of the type 110. In total there are 4 states: q0, q1, q2 e q4. q0 is both the initial and the final state.Le transizioni sono: q0 with value 1 goes goes q1, q1 with value 1 goes goes q2, q4 with value 0 goes to q0.;[];False;False;True;True;False;False
438;is q0 the final node;Give me a list of the arcs ;is q0 the final node. Give me a list of the arcs ;The final state is q0.;[('simbolo-q0', '#04ed00', 'stroke')];there is no transition between q0 and q0.;[];there is no transition between q0 and q0.;[];False;False;True;True;False;False
439;is there a transition from q0 to q1;Is there an arc from q3 to q4 ;is there a transition from q0 to q1. Is there an arc from q3 to q4 ;The transition between q0 and q1 is with value 1.;[('simbolo-q0-q1', '#04ed00', 'stroke')];The transition between q3 and q4 is with value 0.;[('simbolo-q3-q4', '#04ed00', 'stroke')];The transition between q0 and q1 is with value 1.;[('simbolo-q0-q1', '#04ed00', 'stroke')];True;True;False;False;False;False
440;what are the name of states;What are the transitions ;what are the name of states. What are the transitions ;The state q0 exists.;[('simbolo-q0', '#04ed00', 'stroke')];there is no transition between q0 and q0.;[];The state q0 exists.;[('simbolo-q0', '#04ed00', 'stroke')];True;True;False;False;False;True
440;what are the name of states;How is the automaton represented ;what are the name of states. How is the automaton represented ;The state q0 exists.;[('simbolo-q0', '#04ed00', 'stroke')];The automaton accepts zero or more words formed by a sequence of the type 110. In total there are 4 states: q0, q1, q2 e q4. q0 is both the initial and the final state.Le transizioni sono: q0 with value 1 goes goes q1, q1 with value 1 goes goes q2, q4 with value 0 goes to q0.;[];The state q0 exists.;[('simbolo-q0', '#04ed00', 'stroke')];True;True;False;False;False;True
441;briefly describe me the automaton;There is a transition between q5 and q7 ;briefly describe me the automaton. There is a transition between q5 and q7 ;The automaton accepts zero or more words formed by a sequence of the type 110. In total there are 4 states: q0, q1, q2 e q4. q0 is both the initial and the final state.Le transizioni sono: q0 with value 1 goes goes q1, q1 with value 1 goes goes q2, q4 with value 0 goes to q0.;[];the transition is not defined.;[];The automaton accepts zero or more words formed by a sequence of the type 110. In total there are 4 states: q0, q1, q2 e q4. q0 is both the initial and the final state.Le transizioni sono: q0 with value 1 goes goes q1, q1 with value 1 goes goes q2, q4 with value 0 goes to q0.;[];True;True;False;True;False;True
441;briefly describe me the automaton;How many final states are there ;briefly describe me the automaton. How many final states are there ;The automaton accepts zero or more words formed by a sequence of the type 110. In total there are 4 states: q0, q1, q2 e q4. q0 is both the initial and the final state.Le transizioni sono: q0 with value 1 goes goes q1, q1 with value 1 goes goes q2, q4 with value 0 goes to q0.;[];The automaton has 4 states: q0, q1, q2 e q4.;[('simbolo-q0', '#04ed00', 'stroke'), ('simbolo-q1', '#04ed00', 'stroke'), ('simbolo-q2', '#04ed00', 'stroke'), ('simbolo-q4', '#04ed00', 'stroke')];The automaton accepts zero or more words formed by a sequence of the type 110. In total there are 4 states: q0, q1, q2 e q4. q0 is both the initial and the final state.Le transizioni sono: q0 with value 1 goes goes q1, q1 with value 1 goes goes q2, q4 with value 0 goes to q0.;[];True;True;False;False;False;False
442;how many arcs start from q0 to q1;briefly describe the automation ;how many arcs start from q0 to q1. briefly describe the automation ;The transition between q0 and q1 is with value 1.;[('simbolo-q0-q1', '#04ed00', 'stroke')];The automaton accepts zero or more words formed by a sequence of the type 110. In total there are 4 states: q0, q1, q2 e q4. q0 is both the initial and the final state.Le transizioni sono: q0 with value 1 goes goes q1, q1 with value 1 goes goes q2, q4 with value 0 goes to q0.;[];The transition between q0 and q1 is with value 1.;[('simbolo-q0-q1', '#04ed00', 'stroke')];True;True;False;False;False;True
442;how many arcs start from q0 to q1;atomaton 2 ;how many arcs start from q0 to q1. atomaton 2 ;The transition between q0 and q1 is with value 1.;[('simbolo-q0-q1', '#04ed00', 'stroke')];The automaton accepts zero or more words formed by a sequence of the type 110. In total there are 4 states: q0, q1, q2 e q4. q0 is both the initial and the final state.Le transizioni sono: q0 with value 1 goes goes q1, q1 with value 1 goes goes q2, q4 with value 0 goes to q0.;[];The transition between q0 and q1 is with value 1.;[('simbolo-q0-q1', '#04ed00', 'stroke')];True;True;False;False;False;True
443;is there q5;How many transitions are there ;is there q5. How many transitions are there ;The state q0 exists.;[('simbolo-q0', '#04ed00', 'stroke')];The automaton has 3 transitions: q0 con valore 1 va in q1, q1 con valore 1 va in q2, q4 con valore 0 va in q0.;[('simbolo-q0-q1', '#04ed00', 'stroke'), ('simbolo-q1-q2', '#04ed00', 'stroke'), ('simbolo-q4-q0', '#04ed00', 'stroke')];there is no transition between q0 and q0.;[];False;False;False;False;False;False
443;is there q5;arcs between q4 and q0;is there q5. arcs between q4 and q0;The state q0 exists.;[('simbolo-q0', '#04ed00', 'stroke')];The transition between q4 and q0 is with value 0.;[('simbolo-q4-q0', '#04ed00', 'stroke')];The transition between q4 and q0 is with value 0.;[('simbolo-q4-q0', '#04ed00', 'stroke')];False;False;True;True;False;False
444;is there a transitions from q0 to q4;Describe the automaton ;is there a transitions from q0 to q4. Describe the automaton ;there is no transition between q0 and q4.;[];The automaton accepts zero or more words formed by a sequence of the type 110. In total there are 4 states: q0, q1, q2 e q4. q0 is both the initial and the final state.Le transizioni sono: q0 with value 1 goes goes q1, q1 with value 1 goes goes q2, q4 with value 0 goes to q0.;[];there is no transition between q0 and q4.;[];True;True;False;True;False;True
444;is there a transitions from q0 to q4;how much does the representation takes ;is there a transitions from q0 to q4. how much does the representation takes ;there is no transition between q0 and q4.;[];The automaton accepts zero or more words formed by a sequence of the type 110. In total there are 4 states: q0, q1, q2 e q4. q0 is both the initial and the final state.Le transizioni sono: q0 with value 1 goes goes q1, q1 with value 1 goes goes q2, q4 with value 0 goes to q0.;[];there is no transition between q0 and q4.;[];True;True;False;True;False;True
445;is q0 the last state;describe the automaton ;is q0 the last state. describe the automaton ;The automaton has 4 states: q0, q1, q2 e q4.;[('simbolo-q0', '#04ed00', 'stroke'), ('simbolo-q1', '#04ed00', 'stroke'), ('simbolo-q2', '#04ed00', 'stroke'), ('simbolo-q4', '#04ed00', 'stroke')];The automaton accepts zero or more words formed by a sequence of the type 110. In total there are 4 states: q0, q1, q2 e q4. q0 is both the initial and the final state.Le transizioni sono: q0 with value 1 goes goes q1, q1 with value 1 goes goes q2, q4 with value 0 goes to q0.;[];The automaton has 4 states: q0, q1, q2 e q4.;[('simbolo-q0', '#04ed00', 'stroke'), ('simbolo-q1', '#04ed00', 'stroke'), ('simbolo-q2', '#04ed00', 'stroke'), ('simbolo-q4', '#04ed00', 'stroke')];True;True;False;False;False;True
445;is q0 the last state;how many states are there ;is q0 the last state. how many states are there ;The automaton has 4 states: q0, q1, q2 e q4.;[('simbolo-q0', '#04ed00', 'stroke'), ('simbolo-q1', '#04ed00', 'stroke'), ('simbolo-q2', '#04ed00', 'stroke'), ('simbolo-q4', '#04ed00', 'stroke')];This automaton has 4 states;[('simbolo-q0', '#04ed00', 'stroke'), ('simbolo-q1', '#04ed00', 'stroke'), ('simbolo-q2', '#04ed00', 'stroke'), ('simbolo-q4', '#04ed00', 'stroke')];The automaton has 4 states: q0, q1, q2 e q4.;[('simbolo-q0', '#04ed00', 'stroke'), ('simbolo-q1', '#04ed00', 'stroke'), ('simbolo-q2', '#04ed00', 'stroke'), ('simbolo-q4', '#04ed00', 'stroke')];True;True;False;True;False;False
446;is q0 the initial state;How is the automaton represented ;is q0 the initial state. How is the automaton represented ;The initial state is q0.;[('simbolo-q0', '#04ed00', 'stroke')];The automaton accepts zero or more words formed by a sequence of the type 110. In total there are 4 states: q0, q1, q2 e q4. q0 is both the initial and the final state.Le transizioni sono: q0 with value 1 goes goes q1, q1 with value 1 goes goes q2, q4 with value 0 goes to q0.;[];The initial state is q0.;[('simbolo-q0', '#04ed00', 'stroke')];True;True;False;False;False;True
446;is q0 the initial state;how many states are there ;is q0 the initial state. how many states are there ;The initial state is q0.;[('simbolo-q0', '#04ed00', 'stroke')];This automaton has 4 states;[('simbolo-q0', '#04ed00', 'stroke'), ('simbolo-q1', '#04ed00', 'stroke'), ('simbolo-q2', '#04ed00', 'stroke'), ('simbolo-q4', '#04ed00', 'stroke')];The initial state is q0.;[('simbolo-q0', '#04ed00', 'stroke')];True;True;False;False;False;False
447;are there other final states;How many transitions are there ;are there other final states. How many transitions are there ;The final state is q0.;[('simbolo-q0', '#04ed00', 'stroke')];The automaton has 3 transitions: q0 con valore 1 va in q1, q1 con valore 1 va in q2, q4 con valore 0 va in q0.;[('simbolo-q0-q1', '#04ed00', 'stroke'), ('simbolo-q1-q2', '#04ed00', 'stroke'), ('simbolo-q4-q0', '#04ed00', 'stroke')];This automaton has 4 states;[('simbolo-q0', '#04ed00', 'stroke'), ('simbolo-q1', '#04ed00', 'stroke'), ('simbolo-q2', '#04ed00', 'stroke'), ('simbolo-q4', '#04ed00', 'stroke')];False;False;False;False;False;False
451;what are the nodes;How many states are there ;what are the nodes. How many states are there ;The state q0 exists.;[('simbolo-q0', '#04ed00', 'stroke')];This automaton has 4 states;[('simbolo-q0', '#04ed00', 'stroke'), ('simbolo-q1', '#04ed00', 'stroke'), ('simbolo-q2', '#04ed00', 'stroke'), ('simbolo-q4', '#04ed00', 'stroke')];This automaton has 4 states;[('simbolo-q0', '#04ed00', 'stroke'), ('simbolo-q1', '#04ed00', 'stroke'), ('simbolo-q2', '#04ed00', 'stroke'), ('simbolo-q4', '#04ed00', 'stroke')];False;False;True;True;False;False
451;what are the nodes;can you deescribe the transitions ;what are the nodes. can you deescribe the transitions ;The state q0 exists.;[('simbolo-q0', '#04ed00', 'stroke')];The automaton has 3 transitions: q0 con valore 1 va in q1, q1 con valore 1 va in q2, q4 con valore 0 va in q0.;[('simbolo-q0-q1', '#04ed00', 'stroke'), ('simbolo-q1-q2', '#04ed00', 'stroke'), ('simbolo-q4-q0', '#04ed00', 'stroke')];The state q0 exists.;[('simbolo-q0', '#04ed00', 'stroke')];True;True;False;False;False;False
452;what are the states;What is the shape of the arcs ;what are the states. What is the shape of the arcs ;The state q0 exists.;[('simbolo-q0', '#04ed00', 'stroke')];there is no transition between q0 and q0.;[];The state q0 exists.;[('simbolo-q0', '#04ed00', 'stroke')];True;True;False;False;False;True
452;what are the states;What is the final state of an automaton ;what are the states. What is the final state of an automaton ;The state q0 exists.;[('simbolo-q0', '#04ed00', 'stroke')];The final state is q0.;[('simbolo-q0', '#04ed00', 'stroke')];The final state is q0.;[('simbolo-q0', '#04ed00', 'stroke')];False;True;True;True;False;False
453;is there Q10;Describe the automaton ;is there Q10. Describe the automaton ;The state q0 exists.;[('simbolo-q0', '#04ed00', 'stroke')];The automaton accepts zero or more words formed by a sequence of the type 110. In total there are 4 states: q0, q1, q2 e q4. q0 is both the initial and the final state.Le transizioni sono: q0 with value 1 goes goes q1, q1 with value 1 goes goes q2, q4 with value 0 goes to q0.;[];The automaton accepts zero or more words formed by a sequence of the type 110. In total there are 4 states: q0, q1, q2 e q4. q0 is both the initial and the final state.Le transizioni sono: q0 with value 1 goes goes q1, q1 with value 1 goes goes q2, q4 with value 0 goes to q0.;[];False;False;True;True;False;False
453;is there Q10;Which are the transitions from q4 ;is there Q10. Which are the transitions from q4 ;The state q0 exists.;[('simbolo-q0', '#04ed00', 'stroke')];the transition is not defined.;[];there is no transition between q0 and q0.;[];False;False;False;True;False;False
454;how many transitions are there;Is there an arc from q4 to q0 ;how many transitions are there. Is there an arc from q4 to q0 ;The automaton has 3 transitions: q0 con valore 1 va in q1, q1 con valore 1 va in q2, q4 con valore 0 va in q0.;[('simbolo-q0-q1', '#04ed00', 'stroke'), ('simbolo-q1-q2', '#04ed00', 'stroke'), ('simbolo-q4-q0', '#04ed00', 'stroke')];The transition between q4 and q0 is with value 0.;[('simbolo-q4-q0', '#04ed00', 'stroke')];The automaton has 3 transitions: q0 con valore 1 va in q1, q1 con valore 1 va in q2, q4 con valore 0 va in q0.;[('simbolo-q0-q1', '#04ed00', 'stroke'), ('simbolo-q1-q2', '#04ed00', 'stroke'), ('simbolo-q4-q0', '#04ed00', 'stroke')];True;True;False;False;False;False
454;how many transitions are there;Which is the initial state ;how many transitions are there. Which is the initial state ;The automaton has 3 transitions: q0 con valore 1 va in q1, q1 con valore 1 va in q2, q4 con valore 0 va in q0.;[('simbolo-q0-q1', '#04ed00', 'stroke'), ('simbolo-q1-q2', '#04ed00', 'stroke'), ('simbolo-q4-q0', '#04ed00', 'stroke')];The initial state is q0.;[('simbolo-q0', '#04ed00', 'stroke')];The automaton has 3 transitions: q0 con valore 1 va in q1, q1 con valore 1 va in q2, q4 con valore 0 va in q0.;[('simbolo-q0-q1', '#04ed00', 'stroke'), ('simbolo-q1-q2', '#04ed00', 'stroke'), ('simbolo-q4-q0', '#04ed00', 'stroke')];True;True;False;False;False;False
456;is it a deterministic automaton;is there an arc from q0 to q1 ;is it a deterministic automaton. is there an arc from q0 to q1 ;The automaton accepts zero or more words formed by a sequence of the type 110. In total there are 4 states: q0, q1, q2 e q4. q0 is both the initial and the final state.Le transizioni sono: q0 with value 1 goes goes q1, q1 with value 1 goes goes q2, q4 with value 0 goes to q0.;[];The transition between q0 and q1 is with value 1.;[('simbolo-q0-q1', '#04ed00', 'stroke')];The automaton accepts zero or more words formed by a sequence of the type 110. In total there are 4 states: q0, q1, q2 e q4. q0 is both the initial and the final state.Le transizioni sono: q0 with value 1 goes goes q1, q1 with value 1 goes goes q2, q4 with value 0 goes to q0.;[];True;True;False;False;False;False
456;is it a deterministic automaton;atomaton 2 ;is it a deterministic automaton. atomaton 2 ;The automaton accepts zero or more words formed by a sequence of the type 110. In total there are 4 states: q0, q1, q2 e q4. q0 is both the initial and the final state.Le transizioni sono: q0 with value 1 goes goes q1, q1 with value 1 goes goes q2, q4 with value 0 goes to q0.;[];The automaton accepts zero or more words formed by a sequence of the type 110. In total there are 4 states: q0, q1, q2 e q4. q0 is both the initial and the final state.Le transizioni sono: q0 with value 1 goes goes q1, q1 with value 1 goes goes q2, q4 with value 0 goes to q0.;[];The automaton accepts zero or more words formed by a sequence of the type 110. In total there are 4 states: q0, q1, q2 e q4. q0 is both the initial and the final state.Le transizioni sono: q0 with value 1 goes goes q1, q1 with value 1 goes goes q2, q4 with value 0 goes to q0.;[];True;True;True;True;False;True
457;what is a deterministic automaton;What are the transitions ;what is a deterministic automaton. What are the transitions ;The automaton accepts zero or more words formed by a sequence of the type 110. In total there are 4 states: q0, q1, q2 e q4. q0 is both the initial and the final state.Le transizioni sono: q0 with value 1 goes goes q1, q1 with value 1 goes goes q2, q4 with value 0 goes to q0.;[];there is no transition between q0 and q0.;[];The automaton accepts zero or more words formed by a sequence of the type 110. In total there are 4 states: q0, q1, q2 e q4. q0 is both the initial and the final state.Le transizioni sono: q0 with value 1 goes goes q1, q1 with value 1 goes goes q2, q4 with value 0 goes to q0.;[];True;True;False;True;False;True
457;what is a deterministic automaton;which arc from q1;what is a deterministic automaton. which arc from q1;The automaton accepts zero or more words formed by a sequence of the type 110. In total there are 4 states: q0, q1, q2 e q4. q0 is both the initial and the final state.Le transizioni sono: q0 with value 1 goes goes q1, q1 with value 1 goes goes q2, q4 with value 0 goes to q0.;[];the transition is not defined.;[];The automaton accepts zero or more words formed by a sequence of the type 110. In total there are 4 states: q0, q1, q2 e q4. q0 is both the initial and the final state.Le transizioni sono: q0 with value 1 goes goes q1, q1 with value 1 goes goes q2, q4 with value 0 goes to q0.;[];True;True;False;True;False;True
458;what is an automaton;arc from q0;what is an automaton. arc from q0;The automaton accepts zero or more words formed by a sequence of the type 110. In total there are 4 states: q0, q1, q2 e q4. q0 is both the initial and the final state.Le transizioni sono: q0 with value 1 goes goes q1, q1 with value 1 goes goes q2, q4 with value 0 goes to q0.;[];the transition is not defined.;[];The automaton accepts zero or more words formed by a sequence of the type 110. In total there are 4 states: q0, q1, q2 e q4. q0 is both the initial and the final state.Le transizioni sono: q0 with value 1 goes goes q1, q1 with value 1 goes goes q2, q4 with value 0 goes to q0.;[];True;True;False;True;False;True
458;what is an automaton;transitions;what is an automaton. transitions;The automaton accepts zero or more words formed by a sequence of the type 110. In total there are 4 states: q0, q1, q2 e q4. q0 is both the initial and the final state.Le transizioni sono: q0 with value 1 goes goes q1, q1 with value 1 goes goes q2, q4 with value 0 goes to q0.;[];there is no transition between q0 and q0.;[];The automaton accepts zero or more words formed by a sequence of the type 110. In total there are 4 states: q0, q1, q2 e q4. q0 is both the initial and the final state.Le transizioni sono: q0 with value 1 goes goes q1, q1 with value 1 goes goes q2, q4 with value 0 goes to q0.;[];True;True;False;True;False;True
460;is 1 a label for some arc;What are the states ;is 1 a label for some arc. What are the states ;the transition is not defined.;[];The state q0 exists.;[('simbolo-q0', '#04ed00', 'stroke')];the transition is not defined.;[];True;True;False;False;False;False
461;which is final state;How is the automaton represented ;which is final state. How is the automaton represented ;The final state is q0.;[('simbolo-q0', '#04ed00', 'stroke')];The automaton accepts zero or more words formed by a sequence of the type 110. In total there are 4 states: q0, q1, q2 e q4. q0 is both the initial and the final state.Le transizioni sono: q0 with value 1 goes goes q1, q1 with value 1 goes goes q2, q4 with value 0 goes to q0.;[];The final state is q0.;[('simbolo-q0', '#04ed00', 'stroke')];True;True;False;False;False;True
462;Tell me a little bit about the automaton;Is there an arc from q4 ;Tell me a little bit about the automaton. Is there an arc from q4 ;The automaton accepts zero or more words formed by a sequence of the type 110. In total there are 4 states: q0, q1, q2 e q4. q0 is both the initial and the final state.Le transizioni sono: q0 with value 1 goes goes q1, q1 with value 1 goes goes q2, q4 with value 0 goes to q0.;[];the transition is not defined.;[];the transition is not defined.;[];False;True;True;True;False;True
462;Tell me a little bit about the automaton;What input causes the automaton to move from q3 to q4;Tell me a little bit about the automaton. What input causes the automaton to move from q3 to q4;The automaton accepts zero or more words formed by a sequence of the type 110. In total there are 4 states: q0, q1, q2 e q4. q0 is both the initial and the final state.Le transizioni sono: q0 with value 1 goes goes q1, q1 with value 1 goes goes q2, q4 with value 0 goes to q0.;[];The transition between q3 and q4 is with value 0.;[('simbolo-q3-q4', '#04ed00', 'stroke')];The transition between q3 and q4 is with value 0.;[('simbolo-q3-q4', '#04ed00', 'stroke')];False;False;True;True;False;True
463;Give me a list of the arcs;Can you provide a representation of the automaton ;Give me a list of the arcs. Can you provide a representation of the automaton ;there is no transition between q0 and q0.;[];The automaton accepts zero or more words formed by a sequence of the type 110. In total there are 4 states: q0, q1, q2 e q4. q0 is both the initial and the final state.Le transizioni sono: q0 with value 1 goes goes q1, q1 with value 1 goes goes q2, q4 with value 0 goes to q0.;[];there is no transition between q0 and q0.;[];True;True;False;True;False;True
463;Give me a list of the arcs;is q0 a final state ;Give me a list of the arcs. is q0 a final state ;there is no transition between q0 and q0.;[];The final state is q0.;[('simbolo-q0', '#04ed00', 'stroke')];The state q0 exists.;[('simbolo-q0', '#04ed00', 'stroke')];False;False;False;True;False;True
464;give to me the list of states;how many states and edges ;give to me the list of states. how many states and edges ;The state q0 exists.;[('simbolo-q0', '#04ed00', 'stroke')];This automaton has 4 states;[('simbolo-q0', '#04ed00', 'stroke'), ('simbolo-q1', '#04ed00', 'stroke'), ('simbolo-q2', '#04ed00', 'stroke'), ('simbolo-q4', '#04ed00', 'stroke')];This automaton has 4 states;[('simbolo-q0', '#04ed00', 'stroke'), ('simbolo-q1', '#04ed00', 'stroke'), ('simbolo-q2', '#04ed00', 'stroke'), ('simbolo-q4', '#04ed00', 'stroke')];False;False;True;True;False;False
464;give to me the list of states;how many 0 art here ;give to me the list of states. how many 0 art here ;The state q0 exists.;[('simbolo-q0', '#04ed00', 'stroke')];Potresti essere più specifico?;[];The state q0 exists.;[('simbolo-q0', '#04ed00', 'stroke')];True;True;False;False;False;True
465;How many states are there;What is the purpose of the automaton ;How many states are there. What is the purpose of the automaton ;This automaton has 4 states;[('simbolo-q0', '#04ed00', 'stroke'), ('simbolo-q1', '#04ed00', 'stroke'), ('simbolo-q2', '#04ed00', 'stroke'), ('simbolo-q4', '#04ed00', 'stroke')];The automaton accepts zero or more words formed by a sequence of the type 110. In total there are 4 states: q0, q1, q2 e q4. q0 is both the initial and the final state.Le transizioni sono: q0 with value 1 goes goes q1, q1 with value 1 goes goes q2, q4 with value 0 goes to q0.;[];This automaton has 4 states;[('simbolo-q0', '#04ed00', 'stroke'), ('simbolo-q1', '#04ed00', 'stroke'), ('simbolo-q2', '#04ed00', 'stroke'), ('simbolo-q4', '#04ed00', 'stroke')];True;True;False;False;False;True
465;How many states are there;Which is the initial state ;How many states are there. Which is the initial state ;This automaton has 4 states;[('simbolo-q0', '#04ed00', 'stroke'), ('simbolo-q1', '#04ed00', 'stroke'), ('simbolo-q2', '#04ed00', 'stroke'), ('simbolo-q4', '#04ed00', 'stroke')];The initial state is q0.;[('simbolo-q0', '#04ed00', 'stroke')];The initial state is q0.;[('simbolo-q0', '#04ed00', 'stroke')];False;False;True;True;False;False
466;start state;Can you provide a representation of the automaton ;start state. Can you provide a representation of the automaton ;The state q0 exists.;[('simbolo-q0', '#04ed00', 'stroke')];The automaton accepts zero or more words formed by a sequence of the type 110. In total there are 4 states: q0, q1, q2 e q4. q0 is both the initial and the final state.Le transizioni sono: q0 with value 1 goes goes q1, q1 with value 1 goes goes q2, q4 with value 0 goes to q0.;[];The automaton accepts zero or more words formed by a sequence of the type 110. In total there are 4 states: q0, q1, q2 e q4. q0 is both the initial and the final state.Le transizioni sono: q0 with value 1 goes goes q1, q1 with value 1 goes goes q2, q4 with value 0 goes to q0.;[];False;False;True;True;False;False
466;start state;Which transitions start from q1 ;start state. Which transitions start from q1 ;The state q0 exists.;[('simbolo-q0', '#04ed00', 'stroke')];the transition is not defined.;[];the transition is not defined.;[];False;False;True;True;False;False
467;final states;briefly describe the automaton ;final states. briefly describe the automaton ;The final state is q0.;[('simbolo-q0', '#04ed00', 'stroke')];The automaton accepts zero or more words formed by a sequence of the type 110. In total there are 4 states: q0, q1, q2 e q4. q0 is both the initial and the final state.Le transizioni sono: q0 with value 1 goes goes q1, q1 with value 1 goes goes q2, q4 with value 0 goes to q0.;[];The state q0 exists.;[('simbolo-q0', '#04ed00', 'stroke')];False;True;False;False;False;True
467;final states;how many states are there ;final states. how many states are there ;The final state is q0.;[('simbolo-q0', '#04ed00', 'stroke')];This automaton has 4 states;[('simbolo-q0', '#04ed00', 'stroke'), ('simbolo-q1', '#04ed00', 'stroke'), ('simbolo-q2', '#04ed00', 'stroke'), ('simbolo-q4', '#04ed00', 'stroke')];This automaton has 4 states;[('simbolo-q0', '#04ed00', 'stroke'), ('simbolo-q1', '#04ed00', 'stroke'), ('simbolo-q2', '#04ed00', 'stroke'), ('simbolo-q4', '#04ed00', 'stroke')];False;False;True;True;False;False
468;What are the states connected to q0;what are the transitions from q4 ;What are the states connected to q0. what are the transitions from q4 ;The state q0 exists.;[('simbolo-q0', '#04ed00', 'stroke')];there is no transition between q0 and q0.;[];The state q0 exists.;[('simbolo-q0', '#04ed00', 'stroke')];True;True;False;False;False;True
468;What are the states connected to q0;Can you provide a representation of the automaton ;What are the states connected to q0. Can you provide a representation of the automaton ;The state q0 exists.;[('simbolo-q0', '#04ed00', 'stroke')];The automaton accepts zero or more words formed by a sequence of the type 110. In total there are 4 states: q0, q1, q2 e q4. q0 is both the initial and the final state.Le transizioni sono: q0 with value 1 goes goes q1, q1 with value 1 goes goes q2, q4 with value 0 goes to q0.;[];The state q0 exists.;[('simbolo-q0', '#04ed00', 'stroke')];True;True;False;False;False;True
469;What are the states connected to q1;describe the transition table of the automaton ;What are the states connected to q1. describe the transition table of the automaton ;The state q0 exists.;[('simbolo-q0', '#04ed00', 'stroke')];there is no transition between q0 and q0.;[];The state q0 exists.;[('simbolo-q0', '#04ed00', 'stroke')];True;True;False;False;False;True
469;What are the states connected to q1;which is the final state;What are the states connected to q1. which is the final state;The state q0 exists.;[('simbolo-q0', '#04ed00', 'stroke')];The final state is q0.;[('simbolo-q0', '#04ed00', 'stroke')];The final state is q0.;[('simbolo-q0', '#04ed00', 'stroke')];False;True;True;True;False;False
470;What are the states connected to q2;Describe automa ;What are the states connected to q2. Describe automa ;The state q0 exists.;[('simbolo-q0', '#04ed00', 'stroke')];The automaton accepts zero or more words formed by a sequence of the type 110. In total there are 4 states: q0, q1, q2 e q4. q0 is both the initial and the final state.Le transizioni sono: q0 with value 1 goes goes q1, q1 with value 1 goes goes q2, q4 with value 0 goes to q0.;[];The state q0 exists.;[('simbolo-q0', '#04ed00', 'stroke')];True;True;False;False;False;True
470;What are the states connected to q2;Is it possible to repeat transitions ;What are the states connected to q2. Is it possible to repeat transitions ;The state q0 exists.;[('simbolo-q0', '#04ed00', 'stroke')];there is no transition between q0 and q0.;[];The state q0 exists.;[('simbolo-q0', '#04ed00', 'stroke')];True;True;False;False;False;True
471;What are the states connected to q3;Is there an arc from q2 to q3 ;What are the states connected to q3. Is there an arc from q2 to q3 ;The state q0 exists.;[('simbolo-q0', '#04ed00', 'stroke')];The transition between q2 and q3 is with value 0.;[('simbolo-q2-q3', '#04ed00', 'stroke')];Potresti essere più specifico?;[];False;False;False;False;False;False
471;What are the states connected to q3;How many transitions does the automata have ;What are the states connected to q3. How many transitions does the automata have ;The state q0 exists.;[('simbolo-q0', '#04ed00', 'stroke')];The automaton has 3 transitions: q0 con valore 1 va in q1, q1 con valore 1 va in q2, q4 con valore 0 va in q0.;[('simbolo-q0-q1', '#04ed00', 'stroke'), ('simbolo-q1-q2', '#04ed00', 'stroke'), ('simbolo-q4-q0', '#04ed00', 'stroke')];The state q0 exists.;[('simbolo-q0', '#04ed00', 'stroke')];True;True;False;False;False;False
472;What are the states connected to q4;how many states are there ;What are the states connected to q4. how many states are there ;The state q4 exists.;[('simbolo-q4', '#04ed00', 'stroke')];This automaton has 4 states;[('simbolo-q0', '#04ed00', 'stroke'), ('simbolo-q1', '#04ed00', 'stroke'), ('simbolo-q2', '#04ed00', 'stroke'), ('simbolo-q4', '#04ed00', 'stroke')];The automaton has 4 states: q0, q1, q2 e q4.;[('simbolo-q0', '#04ed00', 'stroke'), ('simbolo-q1', '#04ed00', 'stroke'), ('simbolo-q2', '#04ed00', 'stroke'), ('simbolo-q4', '#04ed00', 'stroke')];False;False;False;True;False;False
472;What are the states connected to q4;Breifly describe me the automaton ;What are the states connected to q4. Breifly describe me the automaton ;The state q4 exists.;[('simbolo-q4', '#04ed00', 'stroke')];The automaton accepts zero or more words formed by a sequence of the type 110. In total there are 4 states: q0, q1, q2 e q4. q0 is both the initial and the final state.Le transizioni sono: q0 with value 1 goes goes q1, q1 with value 1 goes goes q2, q4 with value 0 goes to q0.;[];The automaton has 4 states: q0, q1, q2 e q4.;[('simbolo-q0', '#04ed00', 'stroke'), ('simbolo-q1', '#04ed00', 'stroke'), ('simbolo-q2', '#04ed00', 'stroke'), ('simbolo-q4', '#04ed00', 'stroke')];False;False;False;False;False;False
473;What are the states connected to q5;How many transitions does the automaton contain ;What are the states connected to q5. How many transitions does the automaton contain ;The state q0 exists.;[('simbolo-q0', '#04ed00', 'stroke')];The automaton has 3 transitions: q0 con valore 1 va in q1, q1 con valore 1 va in q2, q4 con valore 0 va in q0.;[('simbolo-q0-q1', '#04ed00', 'stroke'), ('simbolo-q1-q2', '#04ed00', 'stroke'), ('simbolo-q4-q0', '#04ed00', 'stroke')];The state q0 exists.;[('simbolo-q0', '#04ed00', 'stroke')];True;True;False;False;False;False
473;What are the states connected to q5;how many states there are ;What are the states connected to q5. how many states there are ;The state q0 exists.;[('simbolo-q0', '#04ed00', 'stroke')];This automaton has 4 states;[('simbolo-q0', '#04ed00', 'stroke'), ('simbolo-q1', '#04ed00', 'stroke'), ('simbolo-q2', '#04ed00', 'stroke'), ('simbolo-q4', '#04ed00', 'stroke')];This automaton has 4 states;[('simbolo-q0', '#04ed00', 'stroke'), ('simbolo-q1', '#04ed00', 'stroke'), ('simbolo-q2', '#04ed00', 'stroke'), ('simbolo-q4', '#04ed00', 'stroke')];False;False;True;True;False;False
474;what is the transition function;how many states ;what is the transition function. how many states ;there is no transition between q0 and q0.;[];This automaton has 4 states;[('simbolo-q0', '#04ed00', 'stroke'), ('simbolo-q1', '#04ed00', 'stroke'), ('simbolo-q2', '#04ed00', 'stroke'), ('simbolo-q4', '#04ed00', 'stroke')];Potresti essere più specifico?;[];False;True;False;False;False;False
474;what is the transition function;final states;what is the transition function. final states;there is no transition between q0 and q0.;[];The final state is q0.;[('simbolo-q0', '#04ed00', 'stroke')];Potresti essere più specifico?;[];False;True;False;False;False;False
480;is it a non-deterministic finite state automaton;What is the purpose of the automaton ;is it a non-deterministic finite state automaton. What is the purpose of the automaton ;The automaton accepts zero or more words formed by a sequence of the type 110. In total there are 4 states: q0, q1, q2 e q4. q0 is both the initial and the final state.Le transizioni sono: q0 with value 1 goes goes q1, q1 with value 1 goes goes q2, q4 with value 0 goes to q0.;[];The automaton accepts zero or more words formed by a sequence of the type 110. In total there are 4 states: q0, q1, q2 e q4. q0 is both the initial and the final state.Le transizioni sono: q0 with value 1 goes goes q1, q1 with value 1 goes goes q2, q4 with value 0 goes to q0.;[];The automaton accepts zero or more words formed by a sequence of the type 110. In total there are 4 states: q0, q1, q2 e q4. q0 is both the initial and the final state.Le transizioni sono: q0 with value 1 goes goes q1, q1 with value 1 goes goes q2, q4 with value 0 goes to q0.;[];True;True;True;True;False;True
480;is it a non-deterministic finite state automaton;Is it possible to repeat transitions ;is it a non-deterministic finite state automaton. Is it possible to repeat transitions ;The automaton accepts zero or more words formed by a sequence of the type 110. In total there are 4 states: q0, q1, q2 e q4. q0 is both the initial and the final state.Le transizioni sono: q0 with value 1 goes goes q1, q1 with value 1 goes goes q2, q4 with value 0 goes to q0.;[];The automaton has 3 transitions: q0 con valore 1 va in q1, q1 con valore 1 va in q2, q4 con valore 0 va in q0.;[('simbolo-q0-q1', '#04ed00', 'stroke'), ('simbolo-q1-q2', '#04ed00', 'stroke'), ('simbolo-q4-q0', '#04ed00', 'stroke')];The automaton accepts zero or more words formed by a sequence of the type 110. In total there are 4 states: q0, q1, q2 e q4. q0 is both the initial and the final state.Le transizioni sono: q0 with value 1 goes goes q1, q1 with value 1 goes goes q2, q4 with value 0 goes to q0.;[];True;True;False;False;False;False
481;is it a deterministic finite state automaton;What is the purpose of the automaton ;is it a deterministic finite state automaton. What is the purpose of the automaton ;The automaton accepts zero or more words formed by a sequence of the type 110. In total there are 4 states: q0, q1, q2 e q4. q0 is both the initial and the final state.Le transizioni sono: q0 with value 1 goes goes q1, q1 with value 1 goes goes q2, q4 with value 0 goes to q0.;[];The automaton accepts zero or more words formed by a sequence of the type 110. In total there are 4 states: q0, q1, q2 e q4. q0 is both the initial and the final state.Le transizioni sono: q0 with value 1 goes goes q1, q1 with value 1 goes goes q2, q4 with value 0 goes to q0.;[];The automaton accepts zero or more words formed by a sequence of the type 110. In total there are 4 states: q0, q1, q2 e q4. q0 is both the initial and the final state.Le transizioni sono: q0 with value 1 goes goes q1, q1 with value 1 goes goes q2, q4 with value 0 goes to q0.;[];True;True;True;True;False;True
481;is it a deterministic finite state automaton;What transitions enter and exit q1 ;is it a deterministic finite state automaton. What transitions enter and exit q1 ;The automaton accepts zero or more words formed by a sequence of the type 110. In total there are 4 states: q0, q1, q2 e q4. q0 is both the initial and the final state.Le transizioni sono: q0 with value 1 goes goes q1, q1 with value 1 goes goes q2, q4 with value 0 goes to q0.;[];the transition is not defined.;[];there is no transition between q0 and q0.;[];False;True;False;True;False;True
