METRIC;ITERATION;QUESTION;ANSWER;VISUAL_ANSWER;JUDGE_VALUE;FAILS;MUTED;NLU_OUTPUT;METRIC_SCORES
Accuracy;1;Is it possible to go from q2 to q4 in this automaton?;there is no transition between q2 and q4.;[];[0.9, 0.9, 0.9, 1.0];0.2;1;False;{'user_input': 'Is it possible to go from q2 to q4 in this automaton?', 'intent': 'fsa-practical', 'argument': 'transition', 'dialogue_act': 'Ta:propositionalQuestion', 'frame': {'transitions': [['q2', 'q4', '?']]}};[0.9, 0.9, 0.9, 1.0]
Accuracy;1;What type of automaton is represented by this finite state machine?;The automaton accepts zero or more words formed by a sequence of the type 11000. In total there are 5 states: q0, q1, q2, q3 and q4. q0 is both the initial and the final state. The transitions are: q0 with value 1 goes to q1, q1 with value 1 goes to q2, q2 with value 0 goes to q3, q3 with value 0 goes to q4, q4 with value 0 goes to q0.;[];[0.2, 0.4, 0.3, 1.0];0.2;2;False;{'user_input': 'What type of automaton is represented by this finite state machine?', 'intent': 'fsa-practical', 'argument': 'automaton', 'dialogue_act': 'Ta:request', 'frame': {'type': '?'}};[0.2, 0.4, 0.3, 1.0]
Accuracy;1;What type of automaton is this?;The automaton accepts zero or more words formed by a sequence of the type 11000. In total there are 5 states: q0, q1, q2, q3 and q4. q0 is both the initial and the final state. The transitions are: q0 with value 1 goes to q1, q1 with value 1 goes to q2, q2 with value 0 goes to q3, q3 with value 0 goes to q4, q4 with value 0 goes to q0.;[];[0.2, 0.6, 0.3, 1.0];0.2;3;False;{'user_input': 'What type of automaton is this?', 'intent': 'fsa-practical', 'argument': 'automaton', 'dialogue_act': 'Ta:request', 'frame': {}};[0.2, 0.6, 0.3, 1.0]
Accuracy;1;what are the states of this automaton?;The state q0 exists.;['simbolo-q0'];[0.2, 0.4, 0.2, 0.9];0.2;4;False;{'user_input': 'what are the states of this automaton?', 'intent': 'fsa-practical', 'argument': 'state', 'dialogue_act': 'Ta:request', 'frame': {'states': '?'}};[0.2, 0.4, 0.2, 0.9]
Accuracy;1;can you tell me which state of the automaton is located at each vertex of the pentagon in the graphical representation?;The state q0 exists.;['simbolo-q0'];[0.1, 0.2, 0.1, 0.8];0.1;5;False;{'user_input': 'can you tell me which state of the automaton is located at each vertex of the pentagon in the graphical representation?', 'intent': 'fsa-practical', 'argument': 'state', 'dialogue_act': 'Ta:request', 'frame': {'states': '?'}};[0.1, 0.2, 0.1, 0.8]
Accuracy;1;What are the states of this automaton?;The state q0 exists.;['simbolo-q0'];[0.2, 0.4, 0.2, 0.8];0.2;6;False;{'user_input': 'What are the states of this automaton?', 'intent': 'fsa-practical', 'argument': 'state', 'dialogue_act': 'Ta:request', 'frame': {'states': '?'}};[0.2, 0.4, 0.2, 0.8]
Accuracy;1;Can you tell me what the states of this automaton are?;The state q0 exists.;['simbolo-q0'];[0.2, 0.4, 0.2, 0.9];0.2;7;False;{'user_input': 'Can you tell me what the states of this automaton are?', 'intent': 'fsa-practical', 'argument': 'state', 'dialogue_act': 'Ta:request', 'frame': {'states': '?'}};[0.2, 0.4, 0.2, 0.9]
Accuracy;1;what are the states of this automaton?;The state q0 exists.;['simbolo-q0'];[0.2, 0.4, 0.2, 0.9];0.2;8;False;{'user_input': 'what are the states of this automaton?', 'intent': 'fsa-practical', 'argument': 'state', 'dialogue_act': 'Ta:request', 'frame': {'states': '?'}};[0.2, 0.4, 0.2, 0.9]
Accuracy;1;What are the states of this automaton?;The state q0 exists.;['simbolo-q0'];[0.2, 0.3, 0.2, 0.8];0.2;9;False;{'user_input': 'What are the states of this automaton?', 'intent': 'fsa-practical', 'argument': 'state', 'dialogue_act': 'Ta:request', 'frame': {'states': '?'}};[0.2, 0.3, 0.2, 0.8]
Accuracy;1;what are the states of this automaton?;The state q0 exists.;['simbolo-q0'];[0.2, 0.4, 0.2, 0.9];0.2;10;False;{'user_input': 'what are the states of this automaton?', 'intent': 'fsa-practical', 'argument': 'state', 'dialogue_act': 'Ta:request', 'frame': {'states': '?'}};[0.2, 0.4, 0.2, 0.9]
Accuracy;2;What is the value of the transition from q1 to q2?;The transition between q1 and q2 is with value 1.;['simbolo-q1-q2'];[1.0, 1.0, 1.0, 1.0];1.0;0;False;{'user_input': 'What is the value of the transition from q1 to q2?', 'intent': 'fsa-practical', 'argument': 'transition', 'dialogue_act': 'Ta:request', 'frame': {'transitions': [['q1', 'q2', '?']]}};[1.0, 1.0, 1.0, 1.0]
Accuracy;2;How many states does this automaton have?;This automaton has 5 states;['simbolo-q0', 'simbolo-q1', 'simbolo-q2', 'simbolo-q3', 'simbolo-q4'];[1.0, 1.0, 1.0, 1.0];1.0;0;False;{'user_input': 'How many states does this automaton have?', 'intent': 'fsa-practical', 'argument': 'state', 'dialogue_act': 'Ta:request', 'frame': {'numberOfStates': '?'}};[1.0, 1.0, 1.0, 1.0]
Accuracy;2;which state in this automaton has no outgoing transitions from q3?;The automaton has 5 states: q0, q1, q2, q3 and q4.;['simbolo-q0', 'simbolo-q1', 'simbolo-q2', 'simbolo-q3', 'simbolo-q4'];[0.0, 0.2, 0.0, 0.8];0.0;1;False;{'user_input': 'which state in this automaton has no outgoing transitions from q3?', 'intent': 'fsa-practical', 'argument': 'state', 'dialogue_act': 'Ta:request', 'frame': {'state': 'q3'}};[0.0, 0.2, 0.0, 0.8]
Accuracy;2;given the input [0,1], which state does the automaton end up in?;The state q0 exists.;['simbolo-q0'];[0.0, 0.2, 0.0, 0.2];0.0;2;False;{'user_input': 'given the input [0,1], which state does the automaton end up in?', 'intent': 'fsa-practical', 'argument': 'state', 'dialogue_act': 'Ta:request', 'frame': {'states': ['q0']}};[0.0, 0.2, 0.0, 0.2]
Accuracy;2;is q0 one of the states of this automaton?;The state q0 exists.;['simbolo-q0'];[1.0, 1.0, 1.0, 1.0];1.0;2;False;{'user_input': 'is q0 one of the states of this automaton?', 'intent': 'fsa-practical', 'argument': 'state', 'dialogue_act': 'Ta:propositionalQuestion', 'frame': {'states': 'q0'}};[1.0, 1.0, 1.0, 1.0]
Accuracy;2;can you tell me what information is available about this?;The state q0 exists.;['simbolo-q0'];[0.2, 0.3, 0.2, 0.9];0.2;3;False;{'user_input': 'can you tell me what information is available about this?', 'intent': 'fsa-practical', 'argument': None, 'dialogue_act': 'Ta:request', 'frame': {'states': ['q0']}, '_raw_frame': {}};[0.2, 0.3, 0.2, 0.9]
Accuracy;2;"No, the state q0 is not only the initial and final state; there are other states besides q0.";The state q0 exists.;['simbolo-q0'];[0.1, 0.2, 0.1, 0.8];0.1;4;False;"{'user_input': 'No, the state q0 is not only the initial and final state; there are other states besides q0.', 'intent': 'fsa-practical', 'argument': 'state', 'dialogue_act': 'Ta:request', 'frame': {'states': 'q0'}}";[0.1, 0.2, 0.1, 0.8]
Accuracy;2;hi again, could you please remind me which states are in the automaton? i only remember this.;The state q0 exists.;['simbolo-q0'];[0.2, 0.4, 0.2, 0.9];0.2;5;False;{'user_input': 'hi again, could you please remind me which states are in the automaton? i only remember this.', 'intent': 'fsa-practical', 'argument': 'state', 'dialogue_act': 'Ta:request', 'frame': {'states': ['q0']}, '_raw_frame': {'states': '?'}};[0.2, 0.4, 0.2, 0.9]
Accuracy;2;can you explain this of this finite state automaton?;The automaton accepts zero or more words formed by a sequence of the type 11000. In total there are 5 states: q0, q1, q2, q3 and q4. q0 is both the initial and the final state. The transitions are: q0 with value 1 goes to q1, q1 with value 1 goes to q2, q2 with value 0 goes to q3, q3 with value 0 goes to q4, q4 with value 0 goes to q0.;[];[0.95, 0.95, 1.0, 1.0];0.9;5;False;{'user_input': 'can you explain this of this finite state automaton?', 'intent': 'fsa-practical', 'argument': 'automaton', 'dialogue_act': 'Ta:request', 'frame': {'states': ['q0']}, '_raw_frame': {}};[0.95, 0.95, 1.0, 1.0]
Accuracy;3;What language does this automaton recognize in terms of strings of 0s and 1s?;Could you be more specific?;[];[0.0, 0.1, 0.0, 1.0];0.0;1;False;{'user_input': 'What language does this automaton recognize in terms of strings of 0s and 1s?', 'intent': 'fsa-practical', 'argument': 'language', 'dialogue_act': 'Ta:request', 'frame': {'input': 'language'}};[0.0, 0.1, 0.0, 1.0]
Accuracy;3;"Which language is accepted by this automaton for the input string ""language""?";Could you be more specific?;[];[0.1, 0.2, 0.1, 0.9];0.1;2;False;"{'user_input': 'Which language is accepted by this automaton for the input string ""language""?', 'intent': 'fsa-practical', 'argument': 'language', 'dialogue_act': 'Ta:request', 'frame': {'input': 'language'}}";[0.1, 0.2, 0.1, 0.9]
Accuracy;3;what is the language recognized by this automaton for the input string?;Could you be more specific?;[];[0.1, 0.2, 0.1, 1.0];0.1;3;False;{'user_input': 'what is the language recognized by this automaton for the input string?', 'intent': 'fsa-practical', 'argument': 'language', 'dialogue_act': 'Ta:request', 'frame': {'input': '?'}};[0.1, 0.2, 0.1, 1.0]
Accuracy;3;what is the language accepted by this automaton for the possible input strings?;Could you be more specific?;[];[0.0, 0.1, 0.0, 1.0];0.0;4;False;{'user_input': 'what is the language accepted by this automaton for the possible input strings?', 'intent': 'fsa-practical', 'argument': 'language', 'dialogue_act': 'Ta:request', 'frame': {'input': '?'}};[0.0, 0.1, 0.0, 1.0]
Accuracy;3;what is the language accepted by this automaton for the input [0,1]?;Could you be more specific?;[];[0.0, 0.1, 0.0, 1.0];0.0;5;False;{'user_input': 'what is the language accepted by this automaton for the input [0,1]?', 'intent': 'fsa-practical', 'argument': 'language', 'dialogue_act': 'Ta:request', 'frame': {'input': [0, 1]}};[0.0, 0.1, 0.0, 1.0]
Accuracy;3;Can you run this automaton on the input [0, 1] and tell me what happens?;The automaton accepts zero or more words formed by a sequence of the type 11000. In total there are 5 states: q0, q1, q2, q3 and q4. q0 is both the initial and the final state. The transitions are: q0 with value 1 goes to q1, q1 with value 1 goes to q2, q2 with value 0 goes to q3, q3 with value 0 goes to q4, q4 with value 0 goes to q0.;[];[0.1, 0.3, 0.2, 1.0];0.1;6;False;{'user_input': 'Can you run this automaton on the input [0, 1] and tell me what happens?', 'intent': 'fsa-practical', 'argument': 'automaton', 'dialogue_act': 'Ta:request', 'frame': {'input': [0, 1]}};[0.1, 0.3, 0.2, 1.0]
Accuracy;3;given the automaton shown, what transitions are followed when the input is [0, 1]?;MUTATION The automaton has 5 transitions: q0 with value 1 goes to q1, q1 with value 1 goes to q2, q2 with value 0 goes to q3, q3 with value 0 goes to q4, q4 with value 0 goes to q0.;['simbolo-q0-q1', 'simbolo-q1-q2', 'simbolo-q2-q3', 'simbolo-q3-q4', 'simbolo-q4-q0'];[0.0, 0.2, 0.0, 0.0];0.0;7;True;{'user_input': 'given the automaton shown, what transitions are followed when the input is [0, 1]?', 'intent': 'fsa-practical', 'argument': 'transition', 'dialogue_act': 'Ta:request', 'frame': {'transitions': []}};[0.0, 0.2, 0.0, 0.0]
Accuracy;3;can you tell me which transitions are present in this deterministic automaton?;MUTATION The automaton has 5 transitions: q0 with value 1 goes to q1, q1 with value 1 goes to q2, q2 with value 0 goes to q3, q3 with value 0 goes to q4, q4 with value 0 goes to q0.;['simbolo-q0-q1', 'simbolo-q1-q2', 'simbolo-q2-q3', 'simbolo-q3-q4', 'simbolo-q4-q0'];[1.0, 1.0, 1.0, 1.0];1.0;7;True;{'user_input': 'can you tell me which transitions are present in this deterministic automaton?', 'intent': 'fsa-practical', 'argument': 'transition', 'dialogue_act': 'Ta:request', 'frame': {'transitions': []}};[1.0, 1.0, 1.0, 1.0]
Accuracy;3;the automaton’s transitions are not defined correctly.;MUTATION The automaton has 5 transitions: q0 with value 1 goes to q1, q1 with value 1 goes to q2, q2 with value 0 goes to q3, q3 with value 0 goes to q4, q4 with value 0 goes to q0.;['simbolo-q0-q1', 'simbolo-q1-q2', 'simbolo-q2-q3', 'simbolo-q3-q4', 'simbolo-q4-q0'];[0.1, 0.2, 0.2, 0.9];0.0;8;True;{'user_input': 'the automaton’s transitions are not defined correctly.', 'intent': 'fsa-practical', 'argument': 'transition', 'dialogue_act': 'Ta:request', 'frame': {'transitions': []}};[0.1, 0.2, 0.2, 0.9]
Accuracy;3;can you list all the transitions of this automaton, specifying from which state to which state they go and with which input symbol?;MUTATION The automaton has 5 transitions: q0 with value 1 goes to q1, q1 with value 1 goes to q2, q2 with value 0 goes to q3, q3 with value 0 goes to q4, q4 with value 0 goes to q0.;['simbolo-q0-q1', 'simbolo-q1-q2', 'simbolo-q2-q3', 'simbolo-q3-q4', 'simbolo-q4-q0'];[1.0, 1.0, 1.0, 1.0];1.0;8;True;{'user_input': 'can you list all the transitions of this automaton, specifying from which state to which state they go and with which input symbol?', 'intent': 'fsa-practical', 'argument': 'transition', 'dialogue_act': 'Ta:request', 'frame': {'transitions': []}};[1.0, 1.0, 1.0, 1.0]
Accuracy;3;before i leave, could you summarize all the transitions of this automaton for me?;MUTATION The automaton has 5 transitions: q0 with value 1 goes to q1, q1 with value 1 goes to q2, q2 with value 0 goes to q3, q3 with value 0 goes to q4, q4 with value 0 goes to q0.;['simbolo-q0-q1', 'simbolo-q1-q2', 'simbolo-q2-q3', 'simbolo-q3-q4', 'simbolo-q4-q0'];[1.0, 1.0, 1.0, 1.0];1.0;8;True;{'user_input': 'before i leave, could you summarize all the transitions of this automaton for me?', 'intent': 'fsa-practical', 'argument': 'transition', 'dialogue_act': 'Ta:propositionalQuestion', 'frame': {}};[1.0, 1.0, 1.0, 1.0]
Accuracy;3;can you explain the transitions of this finite state automaton?;The automaton accepts zero or more words formed by a sequence of the type 11000. In total there are 5 states: q0, q1, q2, q3 and q4. q0 is both the initial and the final state. The transitions are: q0 with value 1 goes to q1, q1 with value 1 goes to q2, q2 with value 0 goes to q3, q3 with value 0 goes to q4, q4 with value 0 goes to q0.;[];[0.95, 0.95, 0.9, 1.0];0.95;8;False;{'user_input': 'can you explain the transitions of this finite state automaton?', 'intent': 'fsa-practical', 'argument': 'automaton', 'dialogue_act': 'Ta:request', 'frame': {}};[0.95, 0.95, 0.9, 1.0]
Accuracy;3;Can you tell me the transitions of this non-deterministic automaton?;MUTATION The automaton has 5 transitions: q0 with value 1 goes to q1, q1 with value 1 goes to q2, q2 with value 0 goes to q3, q3 with value 0 goes to q4, q4 with value 0 goes to q0.;['simbolo-q0-q1', 'simbolo-q1-q2', 'simbolo-q2-q3', 'simbolo-q3-q4', 'simbolo-q4-q0'];[1.0, 1.0, 1.0, 1.0];1.0;8;True;{'user_input': 'Can you tell me the transitions of this non-deterministic automaton?', 'intent': 'fsa-practical', 'argument': 'transition', 'dialogue_act': 'Ta:request', 'frame': {'transitions': []}};[1.0, 1.0, 1.0, 1.0]
Accuracy;3;The transitions of this automaton are: q0–1→q1, q1–1→q2, q2–0→q3, q3–0→q4, and q4–0→q0.;The transition between q0 and q1 is with value 1.;['simbolo-q0-q1'];[1.0, 0.9, 0.5, 1.0];1.0;8;False;{'user_input': 'The transitions of this automaton are: q0–1→q1, q1–1→q2, q2–0→q3, q3–0→q4, and q4–0→q0.', 'intent': 'fsa-practical', 'argument': 'transition', 'dialogue_act': 'Ta:request', 'frame': {'transitions': [['q0', 'q1', '1'], ['q1', 'q2', '1'], ['q2', 'q3', '0'], ['q3', 'q4', '0'], ['q4', 'q0', '0']]}};[1.0, 0.9, 0.5, 1.0]
Accuracy;4;Is this automaton deterministic or non-deterministic?;The automaton accepts zero or more words formed by a sequence of the type 11000. In total there are 5 states: q0, q1, q2, q3 and q4. q0 is both the initial and the final state. The transitions are: q0 with value 1 goes to q1, q1 with value 1 goes to q2, q2 with value 0 goes to q3, q3 with value 0 goes to q4, q4 with value 0 goes to q0.;[];[0.1, 0.3, 0.2, 1.0];0.1;1;False;{'user_input': 'Is this automaton deterministic or non-deterministic?', 'intent': 'fsa-practical', 'argument': 'automaton', 'dialogue_act': 'Ta:propositionalQuestion', 'frame': {'input': 'automatonType'}};[0.1, 0.3, 0.2, 1.0]
Accuracy;4;"No, this automaton is not deterministic; what type of automaton is it supposed to be?";The automaton accepts zero or more words formed by a sequence of the type 11000. In total there are 5 states: q0, q1, q2, q3 and q4. q0 is both the initial and the final state. The transitions are: q0 with value 1 goes to q1, q1 with value 1 goes to q2, q2 with value 0 goes to q3, q3 with value 0 goes to q4, q4 with value 0 goes to q0.;[];[0.1, 0.3, 0.2, 1.0];0.1;2;False;"{'user_input': 'No, this automaton is not deterministic; what type of automaton is it supposed to be?', 'intent': 'fsa-practical', 'argument': 'automaton', 'dialogue_act': 'Ta:request', 'frame': {'automatonType': '?'}}";[0.1, 0.3, 0.2, 1.0]
Accuracy;4;what is the optimal spatial representation of this automaton?;Could you be more specific?;[];[0.1, 0.2, 0.1, 1.0];0.1;3;False;{'user_input': 'what is the optimal spatial representation of this automaton?', 'intent': 'fsa-practical', 'argument': 'pattern', 'dialogue_act': 'Ta:request', 'frame': {'optimalSpatialRepresentation': '?'}};[0.1, 0.2, 0.1, 1.0]
Accuracy;4;Can you tell me what graphic representation pattern, for example a triangle, best describes this finite state automaton?;Could you be more specific?;[];[0.1, 0.1, 0.1, 1.0];0.1;4;False;{'user_input': 'Can you tell me what graphic representation pattern, for example a triangle, best describes this finite state automaton?', 'intent': 'fsa-practical', 'argument': 'pattern', 'dialogue_act': 'Ta:request', 'frame': {'graphicRepresentation': '?'}};[0.1, 0.1, 0.1, 1.0]
Accuracy;4;how many final states does this automaton have?;The automaton has 5 states: q0, q1, q2, q3 and q4.;['simbolo-q0', 'simbolo-q1', 'simbolo-q2', 'simbolo-q3', 'simbolo-q4'];[0.0, 0.2, 0.0, 0.2];0.0;5;False;{'user_input': 'how many final states does this automaton have?', 'intent': 'fsa-practical', 'argument': 'state', 'dialogue_act': 'Ta:request', 'frame': {'numberOfFinalStates': '?'}};[0.0, 0.2, 0.0, 0.2]
Accuracy;4;Hi, regarding the states of this automaton, how many final states does it have?;The automaton has 5 states: q0, q1, q2, q3 and q4.;['simbolo-q0', 'simbolo-q1', 'simbolo-q2', 'simbolo-q3', 'simbolo-q4'];[0.0, 0.2, 0.0, 0.2];0.0;6;False;{'user_input': 'Hi, regarding the states of this automaton, how many final states does it have?', 'intent': 'fsa-practical', 'argument': 'state', 'dialogue_act': 'Ta:request', 'frame': {'numberOfFinalStates': '?'}};[0.0, 0.2, 0.0, 0.2]
Accuracy;4;How many final states does this automaton have?;The automaton has 5 states: q0, q1, q2, q3 and q4.;['simbolo-q0', 'simbolo-q1', 'simbolo-q2', 'simbolo-q3', 'simbolo-q4'];[0.0, 0.2, 0.0, 0.2];0.0;7;False;{'user_input': 'How many final states does this automaton have?', 'intent': 'fsa-practical', 'argument': 'state', 'dialogue_act': 'Ta:request', 'frame': {'numberOfFinalStates': '?'}};[0.0, 0.2, 0.0, 0.2]
Accuracy;4;How many final states does this automaton have?;The automaton has 5 states: q0, q1, q2, q3 and q4.;['simbolo-q0', 'simbolo-q1', 'simbolo-q2', 'simbolo-q3', 'simbolo-q4'];[0.0, 0.2, 0.0, 0.2];0.0;8;False;{'user_input': 'How many final states does this automaton have?', 'intent': 'fsa-practical', 'argument': 'state', 'dialogue_act': 'Ta:request', 'frame': {'numberOfFinalStates': '?'}};[0.0, 0.2, 0.0, 0.2]
Accuracy;4;how many final states does this automaton have?;The automaton has 5 states: q0, q1, q2, q3 and q4.;['simbolo-q0', 'simbolo-q1', 'simbolo-q2', 'simbolo-q3', 'simbolo-q4'];[0.0, 0.2, 0.0, 0.2];0.0;9;False;{'user_input': 'how many final states does this automaton have?', 'intent': 'fsa-practical', 'argument': 'state', 'dialogue_act': 'Ta:request', 'frame': {'numberOfFinalStates': '?'}};[0.0, 0.2, 0.0, 0.2]
Accuracy;4;How many final states does this automaton have?;The automaton has 5 states: q0, q1, q2, q3 and q4.;['simbolo-q0', 'simbolo-q1', 'simbolo-q2', 'simbolo-q3', 'simbolo-q4'];[0.0, 0.2, 0.0, 0.2];0.0;10;False;{'user_input': 'How many final states does this automaton have?', 'intent': 'fsa-practical', 'argument': 'state', 'dialogue_act': 'Ta:request', 'frame': {'numberOfFinalStates': '?'}};[0.0, 0.2, 0.0, 0.2]
Accuracy;4;How many final states does this automaton have?;The automaton has 5 states: q0, q1, q2, q3 and q4.;['simbolo-q0', 'simbolo-q1', 'simbolo-q2', 'simbolo-q3', 'simbolo-q4'];[0.0, 0.2, 0.0, 0.1];0.0;11;False;{'user_input': 'How many final states does this automaton have?', 'intent': 'fsa-practical', 'argument': 'state', 'dialogue_act': 'Ta:request', 'frame': {'numberOfFinalStates': '?'}};[0.0, 0.2, 0.0, 0.1]
Accuracy;4;how many final states does this automaton have?;The automaton has 5 states: q0, q1, q2, q3 and q4.;['simbolo-q0', 'simbolo-q1', 'simbolo-q2', 'simbolo-q3', 'simbolo-q4'];[0.0, 0.2, 0.0, 0.2];0.0;12;False;{'user_input': 'how many final states does this automaton have?', 'intent': 'fsa-practical', 'argument': 'state', 'dialogue_act': 'Ta:request', 'frame': {'numberOfFinalStates': '?'}};[0.0, 0.2, 0.0, 0.2]
Accuracy;4;Before we finish, could you tell me how many final states this automaton has?;The automaton has 5 states: q0, q1, q2, q3 and q4.;['simbolo-q0', 'simbolo-q1', 'simbolo-q2', 'simbolo-q3', 'simbolo-q4'];[0.0, 0.2, 0.0, 0.1];0.0;13;False;{'user_input': 'Before we finish, could you tell me how many final states this automaton has?', 'intent': 'fsa-practical', 'argument': 'state', 'dialogue_act': 'Ta:request', 'frame': {'numberOfFinalStates': '?'}};[0.0, 0.2, 0.0, 0.1]
Accuracy;4;how many final states does this automaton have?;The automaton has 5 states: q0, q1, q2, q3 and q4.;['simbolo-q0', 'simbolo-q1', 'simbolo-q2', 'simbolo-q3', 'simbolo-q4'];[0.0, 0.2, 0.0, 0.2];0.0;14;False;{'user_input': 'how many final states does this automaton have?', 'intent': 'fsa-practical', 'argument': 'state', 'dialogue_act': 'Ta:request', 'frame': {'numberOfFinalStates': '?'}};[0.0, 0.2, 0.0, 0.2]
Accuracy;4;how many final states does this automaton have?;The automaton has 5 states: q0, q1, q2, q3 and q4.;['simbolo-q0', 'simbolo-q1', 'simbolo-q2', 'simbolo-q3', 'simbolo-q4'];[0.0, 0.2, 0.0, 0.2];0.0;15;False;{'user_input': 'how many final states does this automaton have?', 'intent': 'fsa-practical', 'argument': 'state', 'dialogue_act': 'Ta:request', 'frame': {'numberOfFinalStates': '?'}};[0.0, 0.2, 0.0, 0.2]
Accuracy;5;If I input the string 11000 starting from q0, does the automaton end in an accepting state?;Could you be more specific?;[];[0.0, 0.1, 0.0, 1.0];0.0;1;False;{'user_input': 'If I input the string 11000 starting from q0, does the automaton end in an accepting state?', 'intent': 'fsa-practical', 'argument': 'language', 'dialogue_act': 'Ta:request', 'frame': {'input': '11000'}};[0.0, 0.1, 0.0, 1.0]
Accuracy;5;What is the language accepted by this automaton for the input string 11000?;Could you be more specific?;[];[0.0, 0.1, 0.0, 1.0];0.0;2;False;{'user_input': 'What is the language accepted by this automaton for the input string 11000?', 'intent': 'fsa-practical', 'argument': 'language', 'dialogue_act': 'Ta:request', 'frame': {'input': '11000'}};[0.0, 0.1, 0.0, 1.0]
Accuracy;5;the language recognized by this automaton for the input `11000` is the set of all strings that contain the substring `11000`.;Could you be more specific?;[];[0.1, 0.1, 0.1, 1.0];0.0;3;False;{'user_input': 'the language recognized by this automaton for the input `11000` is the set of all strings that contain the substring `11000`.', 'intent': 'fsa-practical', 'argument': 'language', 'dialogue_act': 'Ta:request', 'frame': {'input': '11000'}};[0.1, 0.1, 0.1, 1.0]
Accuracy;5;For the automaton shown, can you process the input string 11000 and tell me what happens?;Could you be more specific?;[];[0.0, 0.1, 0.0, 1.0];0.0;4;False;{'user_input': 'For the automaton shown, can you process the input string 11000 and tell me what happens?', 'intent': 'fsa-practical', 'argument': 'language', 'dialogue_act': 'Ta:request', 'frame': {'input': '11000'}};[0.0, 0.1, 0.0, 1.0]
Accuracy;5;what is the language accepted by this automaton for the input string 11000?;Could you be more specific?;[];[0.0, 0.1, 0.0, 1.0];0.0;5;False;{'user_input': 'what is the language accepted by this automaton for the input string 11000?', 'intent': 'fsa-practical', 'argument': 'language', 'dialogue_act': 'Ta:request', 'frame': {'input': '11000'}};[0.0, 0.1, 0.0, 1.0]
Accuracy;5;set the language of the automaton for the input 11000.;Could you be more specific?;[];[0.0, 0.1, 0.0, 1.0];0.0;6;False;{'user_input': 'set the language of the automaton for the input 11000.', 'intent': 'fsa-practical', 'argument': 'language', 'dialogue_act': 'Ta:request', 'frame': {'input': '11000'}};[0.0, 0.1, 0.0, 1.0]
Accuracy;5;Hello, could you please tell me what language is recognized by this automaton for the input string 11000?;Could you be more specific?;[];[0.0, 0.1, 0.0, 1.0];0.0;7;False;{'user_input': 'Hello, could you please tell me what language is recognized by this automaton for the input string 11000?', 'intent': 'fsa-practical', 'argument': 'language', 'dialogue_act': 'Ta:request', 'frame': {'input': '11000'}};[0.0, 0.1, 0.0, 1.0]
Accuracy;5;On which state does the automaton end after processing the input string 11000?;The final state is q0.;['simbolo-q0'];[1.0, 1.0, 1.0, 0.9];1.0;7;False;{'user_input': 'On which state does the automaton end after processing the input string 11000?', 'intent': 'fsa-practical', 'argument': 'state', 'dialogue_act': 'Ta:request', 'frame': {'finalStates': '?'}};[1.0, 1.0, 1.0, 0.9]
Accuracy;5;what is the language accepted by this automaton for the input string 11000?;Could you be more specific?;[];[0.0, 0.1, 0.0, 1.0];0.0;8;False;{'user_input': 'what is the language accepted by this automaton for the input string 11000?', 'intent': 'fsa-practical', 'argument': 'language', 'dialogue_act': 'Ta:request', 'frame': {'input': '11000'}};[0.0, 0.1, 0.0, 1.0]
Accuracy;5;Can you run this automaton with the input string 11000 and tell me what happens?;The automaton accepts zero or more words formed by a sequence of the type 11000. In total there are 5 states: q0, q1, q2, q3 and q4. q0 is both the initial and the final state. The transitions are: q0 with value 1 goes to q1, q1 with value 1 goes to q2, q2 with value 0 goes to q3, q3 with value 0 goes to q4, q4 with value 0 goes to q0.;[];[0.4, 0.6, 0.5, 1.0];0.4;8;False;{'user_input': 'Can you run this automaton with the input string 11000 and tell me what happens?', 'intent': 'fsa-practical', 'argument': 'automaton', 'dialogue_act': 'Ta:request', 'frame': {'input': '11000'}};[0.4, 0.6, 0.5, 1.0]
Accuracy;5;does this automaton accept the language of all strings that contain the pattern 11000?;Could you be more specific?;[];[0.0, 0.1, 0.0, 1.0];0.0;9;False;{'user_input': 'does this automaton accept the language of all strings that contain the pattern 11000?', 'intent': 'fsa-practical', 'argument': 'pattern', 'dialogue_act': 'Ta:request', 'frame': {'pattern': '11000'}};[0.0, 0.1, 0.0, 1.0]
Accuracy;5;Can you check whether the automaton accepts the pattern 11000?;Could you be more specific?;[];[0.0, 0.1, 0.0, 1.0];0.0;10;False;{'user_input': 'Can you check whether the automaton accepts the pattern 11000?', 'intent': 'fsa-practical', 'argument': 'language', 'dialogue_act': 'Ta:request', 'frame': {'pattern': '11000'}};[0.0, 0.1, 0.0, 1.0]
Accuracy;5;what is the language accepted by this automaton for the input string 11000?;Could you be more specific?;[];[0.0, 0.1, 0.0, 1.0];0.0;11;False;{'user_input': 'what is the language accepted by this automaton for the input string 11000?', 'intent': 'fsa-practical', 'argument': 'language', 'dialogue_act': 'Ta:request', 'frame': {'input': '11000'}};[0.0, 0.1, 0.0, 1.0]
Accuracy;5;What is the language accepted by this automaton for the input string 11000?;Could you be more specific?;[];[0.0, 0.1, 0.0, 1.0];0.0;12;False;{'user_input': 'What is the language accepted by this automaton for the input string 11000?', 'intent': 'fsa-practical', 'argument': 'language', 'dialogue_act': 'Ta:request', 'frame': {'input': '11000'}};[0.0, 0.1, 0.0, 1.0]
Accuracy;5;What is the language accepted by this automaton if it has 7 transitions?;Could you be more specific?;[];[0.1, 0.2, 0.1, 1.0];0.1;13;False;{'user_input': 'What is the language accepted by this automaton if it has 7 transitions?', 'intent': 'fsa-practical', 'argument': 'language', 'dialogue_act': 'Ta:request', 'frame': {'numberOfTransitions': '7'}};[0.1, 0.2, 0.1, 1.0]
Relevancy;1;Is it possible to go directly from q2 to q4 in this automaton?;there is no transition between q2 and q4.;[];[1.0, 1.0, 1.0, 1.0];1.0;0;False;{'user_input': 'Is it possible to go directly from q2 to q4 in this automaton?', 'intent': 'fsa-practical', 'argument': 'transition', 'dialogue_act': 'Ta:propositionalQuestion', 'frame': {'transitions': [['q2', 'q4', '?']]}};[1.0, 1.0, 1.0, 1.0]
Relevancy;1;what is the value of the transition from this to that?;There is no transition between q2 and q4.;[];[1.0, 1.0, 1.0, 1.0];0.9;0;False;{'user_input': 'what is the value of the transition from this to that?', 'intent': 'fsa-practical', 'argument': 'transition', 'dialogue_act': 'Ta:request', 'frame': {'states': ['q2', 'q4']}, '_raw_frame': {'transitions': []}};[1.0, 1.0, 1.0, 1.0]
Relevancy;1;Which pattern does this automaton recognize starting from states q2 and q4?;Could you be more specific?;[];[0.0, 0.1, 0.0, 1.0];0.1;1;False;{'user_input': 'Which pattern does this automaton recognize starting from states q2 and q4?', 'intent': 'fsa-practical', 'argument': 'pattern', 'dialogue_act': 'Ta:request', 'frame': {'patternType': '?'}};[0.0, 0.1, 0.0, 1.0]
Relevancy;1;What input strings longer than three 1s followed by two 0s does this automaton accept?;Could you be more specific?;[];[0.0, 0.1, 0.0, 1.0];0.1;2;False;{'user_input': 'What input strings longer than three 1s followed by two 0s does this automaton accept?', 'intent': 'fsa-practical', 'argument': 'language', 'dialogue_act': 'Ta:request', 'frame': {'input': 'longerThanThree1sFollowedByTwo0s'}};[0.0, 0.1, 0.0, 1.0]
Relevancy;1;What is the language recognized by this automaton over inputs that have more than three 1s followed by two 0s, for example strings like longerThanThree1sFollowedByTwo0s?;Could you be more specific?;[];[0.0, 0.1, 0.0, 1.0];0.1;3;False;{'user_input': 'What is the language recognized by this automaton over inputs that have more than three 1s followed by two 0s, for example strings like longerThanThree1sFollowedByTwo0s?', 'intent': 'fsa-practical', 'argument': 'language', 'dialogue_act': 'Ta:request', 'frame': {'input': '>3*1*2*0'}};[0.0, 0.1, 0.0, 1.0]
Relevancy;1;In this automaton, how many final states does the recognized language have?;The automaton has 5 states: q0, q1, q2, q3 and q4.;['simbolo-q0', 'simbolo-q1', 'simbolo-q2', 'simbolo-q3', 'simbolo-q4'];[0.0, 0.2, 0.0, 0.3];0.2;4;False;{'user_input': 'In this automaton, how many final states does the recognized language have?', 'intent': 'fsa-practical', 'argument': 'state', 'dialogue_act': 'Ta:request', 'frame': {'numberOfFinalStates': '?'}};[0.0, 0.2, 0.0, 0.3]
Relevancy;1;what is the language accepted by this automaton for the input >3*1*2*0?;Could you be more specific?;[];[0.0, 0.1, 0.0, 1.0];0.1;5;False;{'user_input': 'what is the language accepted by this automaton for the input >3*1*2*0?', 'intent': 'fsa-practical', 'argument': 'language', 'dialogue_act': 'Ta:request', 'frame': {'input': '>3*1*2*0'}};[0.0, 0.1, 0.0, 1.0]
Relevancy;1;What is the language accepted by this finite state automaton for the input >3*1*2*0?;Could you be more specific?;[];[0.0, 0.1, 0.0, 1.0];0.2;6;False;{'user_input': 'What is the language accepted by this finite state automaton for the input >3*1*2*0?', 'intent': 'fsa-practical', 'argument': 'language', 'dialogue_act': 'Ta:request', 'frame': {'input': '>3*1*2*0'}};[0.0, 0.1, 0.0, 1.0]
Relevancy;1;Hi, in this automaton what is the language accepted for the input >3*1*2*0?;Could you be more specific?;[];[0.1, 0.2, 0.1, 1.0];0.2;7;False;{'user_input': 'Hi, in this automaton what is the language accepted for the input >3*1*2*0?', 'intent': 'fsa-practical', 'argument': 'language', 'dialogue_act': 'Ta:request', 'frame': {'input': '>3*1*2*0'}};[0.1, 0.2, 0.1, 1.0]
Relevancy;1;What is the language accepted by this finite state automaton for the input >3*1*2*0?;Could you be more specific?;[];[0.0, 0.1, 0.0, 1.0];0.2;8;False;{'user_input': 'What is the language accepted by this finite state automaton for the input >3*1*2*0?', 'intent': 'fsa-practical', 'argument': 'language', 'dialogue_act': 'Ta:request', 'frame': {'input': '>3*1*2*0'}};[0.0, 0.1, 0.0, 1.0]
Relevancy;1;what is the language accepted by the automaton if the only final state is q3?;Could you be more specific?;[];[0.0, 0.1, 0.0, 1.0];0.1;9;False;{'user_input': 'what is the language accepted by the automaton if the only final state is q3?', 'intent': 'fsa-practical', 'argument': 'language', 'dialogue_act': 'Ta:request', 'frame': {'finalStates': 'q3'}};[0.0, 0.1, 0.0, 1.0]
Relevancy;1;The language accepted by this automaton has q3 as its only final state.;The final state is q0.;['simbolo-q0'];[0.0, 1.0, 0.0, 1.0];1.0;9;False;{'user_input': 'The language accepted by this automaton has q3 as its only final state.', 'intent': 'fsa-practical', 'argument': 'state', 'dialogue_act': 'Ta:request', 'frame': {'finalStates': 'q3'}};[0.0, 1.0, 0.0, 1.0]
Relevancy;1;What is the language accepted by this automaton if the only final state is q3?;Could you be more specific?;[];[0.0, 0.1, 0.0, 1.0];0.1;10;False;{'user_input': 'What is the language accepted by this automaton if the only final state is q3?', 'intent': 'fsa-practical', 'argument': 'language', 'dialogue_act': 'Ta:request', 'frame': {'input': '?'}};[0.0, 0.1, 0.0, 1.0]
Relevancy;1;what is the language accepted by this automaton for the input string “?”?;Could you be more specific?;[];[0.1, 0.2, 0.1, 1.0];0.3;11;False;{'user_input': 'what is the language accepted by this automaton for the input string “?”?', 'intent': 'fsa-practical', 'argument': 'language', 'dialogue_act': 'Ta:request', 'frame': {'input': '?'}};[0.1, 0.2, 0.1, 1.0]
Relevancy;1;what is the language accepted by this finite state automaton for an input string ?;Could you be more specific?;[];[0.0, 0.1, 0.0, 1.0];0.1;12;False;{'user_input': 'what is the language accepted by this finite state automaton for an input string ?', 'intent': 'fsa-practical', 'argument': 'language', 'dialogue_act': 'Ta:request', 'frame': {'input': '?'}};[0.0, 0.1, 0.0, 1.0]
Relevancy;2;What is the transition label from state q1 to state q2?;The transition between q1 and q2 is with value 1.;['simbolo-q1-q2'];[1.0, 1.0, 1.0, 1.0];1.0;0;False;{'user_input': 'What is the transition label from state q1 to state q2?', 'intent': 'fsa-practical', 'argument': 'transition', 'dialogue_act': 'Ta:request', 'frame': {'transitions': [['q1', 'q2', '?']]}};[1.0, 1.0, 1.0, 1.0]
Relevancy;2;what is the label of this in the language of this automaton?;The automaton has 5 states: q0, q1, q2, q3 and q4.;['simbolo-q0', 'simbolo-q1', 'simbolo-q2', 'simbolo-q3', 'simbolo-q4'];[0.1, 0.2, 0.2, 0.9];0.3;1;False;{'user_input': 'what is the label of this in the language of this automaton?', 'intent': 'fsa-practical', 'argument': 'state', 'dialogue_act': 'Ta:request', 'frame': {'transitions': [['q1', 'q2', '?']]}, '_raw_frame': {'state': '?'}};[0.1, 0.2, 0.2, 0.9]
Relevancy;2;what is the label of this?;The automaton has 5 states: q0, q1, q2, q3 and q4.;['simbolo-q0', 'simbolo-q1', 'simbolo-q2', 'simbolo-q3', 'simbolo-q4'];[0.2, 0.3, 0.2, 0.9];0.3;2;False;{'user_input': 'what is the label of this?', 'intent': 'fsa-practical', 'argument': 'state', 'dialogue_act': 'Ta:request', 'frame': {'states': ['?'], 'transitions': [['q1', 'q2', '?']]}, '_raw_frame': {'states': '?'}};[0.2, 0.3, 0.2, 0.9]
Relevancy;2;In this automaton, which state has no outgoing transitions? I think it is q3.;The automaton has 5 states: q0, q1, q2, q3 and q4.;['simbolo-q0', 'simbolo-q1', 'simbolo-q2', 'simbolo-q3', 'simbolo-q4'];[0.0, 0.2, 0.0, 0.9];0.2;3;False;{'user_input': 'In this automaton, which state has no outgoing transitions? I think it is q3.', 'intent': 'fsa-practical', 'argument': 'state', 'dialogue_act': 'Ta:request', 'frame': {'stateWithNoTransitions': 'q3'}};[0.0, 0.2, 0.0, 0.9]
Relevancy;2;Which state in this automaton has no outgoing transitions, for example is it q3?;The state q0 exists.;['simbolo-q0'];[0.0, 0.1, 0.0, 0.2];0.1;4;False;{'user_input': 'Which state in this automaton has no outgoing transitions, for example is it q3?', 'intent': 'fsa-practical', 'argument': 'state', 'dialogue_act': 'Ta:request', 'frame': {'states': '?'}};[0.0, 0.1, 0.0, 0.2]
Relevancy;2;What is the language recognized by this automaton?;Could you be more specific?;[];[0.0, 0.1, 0.0, 1.0];0.1;5;False;{'user_input': 'What is the language recognized by this automaton?', 'intent': 'fsa-practical', 'argument': 'language', 'dialogue_act': 'Ta:request', 'frame': {'language': '?'}};[0.0, 0.1, 0.0, 1.0]
Relevancy;2;What is the language accepted by this automaton?;Could you be more specific?;[];[0.0, 0.1, 0.0, 1.0];0.1;6;False;{'user_input': 'What is the language accepted by this automaton?', 'intent': 'fsa-practical', 'argument': 'language', 'dialogue_act': 'Ta:request', 'frame': {'language': '?'}};[0.0, 0.1, 0.0, 1.0]
Relevancy;2;hello, can you explain to me what is the language accepted by this finite state automaton?;Could you be more specific?;[];[0.1, 0.2, 0.1, 1.0];0.1;7;False;{'user_input': 'hello, can you explain to me what is the language accepted by this finite state automaton?', 'intent': 'fsa-practical', 'argument': 'language', 'dialogue_act': 'Ta:request', 'frame': {'automaton': 'input'}};[0.1, 0.2, 0.1, 1.0]
Relevancy;2;Hi! In this practical example of a finite state automaton, could you show me the language recognized by the automaton for the input string?;Could you be more specific?;[];[0.2, 0.3, 0.2, 1.0];0.2;8;False;{'user_input': 'Hi! In this practical example of a finite state automaton, could you show me the language recognized by the automaton for the input string?', 'intent': 'fsa-practical', 'argument': 'language', 'dialogue_act': 'Ta:request', 'frame': {'automaton': '?', 'input': '?'}};[0.2, 0.3, 0.2, 1.0]
Relevancy;2;what is the language accepted by this automaton for the input strings?;Could you be more specific?;[];[0.0, 0.1, 0.0, 1.0];0.1;9;False;{'user_input': 'what is the language accepted by this automaton for the input strings?', 'intent': 'fsa-practical', 'argument': 'language', 'dialogue_act': 'Ta:propositionalQuestion', 'frame': {'input': '?'}};[0.0, 0.1, 0.0, 1.0]
Relevancy;2;What is the language accepted by this automaton for the input “?”?;Could you be more specific?;[];[0.1, 0.2, 0.1, 1.0];0.2;10;False;{'user_input': 'What is the language accepted by this automaton for the input “?”?', 'intent': 'fsa-practical', 'argument': 'language', 'dialogue_act': 'Ta:request', 'frame': {'input': '?'}};[0.1, 0.2, 0.1, 1.0]
Relevancy;2;I’d like to correct myself: what is the language accepted by this automaton for the input string?;Could you be more specific?;[];[0.1, 0.2, 0.1, 1.0];0.2;11;False;{'user_input': 'I’d like to correct myself: what is the language accepted by this automaton for the input string?', 'intent': 'fsa-practical', 'argument': 'language', 'dialogue_act': 'Ta:propositionalQuestion', 'frame': {'input': '?'}};[0.1, 0.2, 0.1, 1.0]
Relevancy;2;what is the language recognized by this automaton over the alphabet {2,4}?;Could you be more specific?;[];[0.0, 0.1, 0.0, 1.0];0.1;12;False;{'user_input': 'what is the language recognized by this automaton over the alphabet {2,4}?', 'intent': 'fsa-practical', 'argument': 'language', 'dialogue_act': 'Ta:request', 'frame': {'alphabet': ['2', '4']}};[0.0, 0.1, 0.0, 1.0]
Relevancy;2;What is the language of this automaton over the alphabet {2,4}?;Could you be more specific?;[];[0.0, 0.1, 0.0, 1.0];0.1;13;False;{'user_input': 'What is the language of this automaton over the alphabet {2,4}?', 'intent': 'fsa-practical', 'argument': 'language', 'dialogue_act': 'Ta:request', 'frame': {'alphabet': ['2', '4']}};[0.0, 0.1, 0.0, 1.0]
Relevancy;2;what is the language of an automaton whose alphabet is {2, 4}?;Could you be more specific?;[];[0.1, 0.2, 0.1, 1.0];0.2;14;False;{'user_input': 'what is the language of an automaton whose alphabet is {2, 4}?', 'intent': 'fsa-practical', 'argument': 'alphabet', 'dialogue_act': 'Ta:request', 'frame': {'alphabet': '2'}};[0.1, 0.2, 0.1, 1.0]
Relevancy;3;What language does this automaton accept, in terms of the pattern of 1s and 0s?;Could you be more specific?;[];[0.0, 0.1, 0.0, 1.0];0.1;1;False;{'user_input': 'What language does this automaton accept, in terms of the pattern of 1s and 0s?', 'intent': 'fsa-practical', 'argument': 'language', 'dialogue_act': 'Ta:request', 'frame': {'input': '?'}};[0.0, 0.1, 0.0, 1.0]
Relevancy;3;what is the language recognized by this finite state automaton for an arbitrary input string?;Could you be more specific?;[];[0.0, 0.1, 0.0, 1.0];0.1;2;False;{'user_input': 'what is the language recognized by this finite state automaton for an arbitrary input string?', 'intent': 'fsa-practical', 'argument': 'language', 'dialogue_act': 'Ta:request', 'frame': {'input': '?'}};[0.0, 0.1, 0.0, 1.0]
Relevancy;3;for this automaton, what is the language it recognizes for the input string “?”?;Could you be more specific?;[];[0.2, 0.3, 0.2, 1.0];0.3;3;False;{'user_input': 'for this automaton, what is the language it recognizes for the input string “?”?', 'intent': 'fsa-practical', 'argument': 'language', 'dialogue_act': 'Ta:request', 'frame': {'input': '?'}};[0.2, 0.3, 0.2, 1.0]
Relevancy;3;what is the language accepted by this automaton for the input string?;Could you be more specific?;[];[0.0, 0.1, 0.0, 1.0];0.1;4;False;{'user_input': 'what is the language accepted by this automaton for the input string?', 'intent': 'fsa-practical', 'argument': 'language', 'dialogue_act': 'Ta:propositionalQuestion', 'frame': {'input': '?'}};[0.0, 0.1, 0.0, 1.0]
Relevancy;3;What is the language accepted by this automaton for the input string “?”?;Could you be more specific?;[];[0.2, 0.4, 0.2, 1.0];0.2;5;False;{'user_input': 'What is the language accepted by this automaton for the input string “?”?', 'intent': 'fsa-practical', 'argument': 'language', 'dialogue_act': 'Ta:request', 'frame': {'input': '?'}};[0.2, 0.4, 0.2, 1.0]
Relevancy;3;before we say goodbye, could you show me an input string that this automaton accepts?;Could you be more specific?;[];[0.0, 0.1, 0.0, 1.0];0.1;6;False;{'user_input': 'before we say goodbye, could you show me an input string that this automaton accepts?', 'intent': 'fsa-practical', 'argument': 'language', 'dialogue_act': 'Ta:request', 'frame': {'input': '?'}};[0.0, 0.1, 0.0, 1.0]
Relevancy;3;i mean the language recognized by this automaton for which the input string is still unknown, could you help me understand it using some example inputs?;Could you be more specific?;[];[0.1, 0.1, 0.1, 1.0];0.1;7;False;{'user_input': 'i mean the language recognized by this automaton for which the input string is still unknown, could you help me understand it using some example inputs?', 'intent': 'fsa-practical', 'argument': 'language', 'dialogue_act': 'Ta:propositionalQuestion', 'frame': {'input': '?'}};[0.1, 0.1, 0.1, 1.0]
Relevancy;3;what input strings does this automaton accept?;Could you be more specific?;[];[0.0, 0.1, 0.0, 1.0];0.1;8;False;{'user_input': 'what input strings does this automaton accept?', 'intent': 'fsa-practical', 'argument': 'language', 'dialogue_act': 'Ta:request', 'frame': {'input': '?'}};[0.0, 0.1, 0.0, 1.0]
Relevancy;3;thanks, could you help me understand what language this automaton recognizes for a given input?;Could you be more specific?;[];[0.1, 0.1, 0.1, 1.0];0.1;9;False;{'user_input': 'thanks, could you help me understand what language this automaton recognizes for a given input?', 'intent': 'fsa-practical', 'argument': 'language', 'dialogue_act': 'Ta:propositionalQuestion', 'frame': {'input': '?'}};[0.1, 0.1, 0.1, 1.0]
Relevancy;3;before we say goodbye, could you tell me what is the language accepted by this automaton for the input?;Could you be more specific?;[];[0.0, 0.1, 0.0, 1.0];0.1;10;False;{'user_input': 'before we say goodbye, could you tell me what is the language accepted by this automaton for the input?', 'intent': 'fsa-practical', 'argument': 'language', 'dialogue_act': 'Ta:request', 'frame': {'input': '?'}};[0.0, 0.1, 0.0, 1.0]
Relevancy;3;What type of language does this automaton recognize, is it a regular language?;Could you be more specific?;[];[0.1, 0.2, 0.1, 1.0];0.1;11;False;{'user_input': 'What type of language does this automaton recognize, is it a regular language?', 'intent': 'fsa-practical', 'argument': 'language', 'dialogue_act': 'Ta:request', 'frame': {'input': '?'}};[0.1, 0.2, 0.1, 1.0]
Relevancy;3;For which input strings is the language of this automaton defined?;Could you be more specific?;[];[0.0, 0.1, 0.0, 1.0];0.1;12;False;{'user_input': 'For which input strings is the language of this automaton defined?', 'intent': 'fsa-practical', 'argument': 'language', 'dialogue_act': 'Ta:request', 'frame': {'input': '?'}};[0.0, 0.1, 0.0, 1.0]
Relevancy;3;In this automaton, what is the language accepted if there are 2 final states?;Could you be more specific?;[];[0.0, 0.1, 0.0, 1.0];0.1;13;False;{'user_input': 'In this automaton, what is the language accepted if there are 2 final states?', 'intent': 'fsa-practical', 'argument': 'language', 'dialogue_act': 'Ta:request', 'frame': {'numberOfFinalStates': '2'}};[0.0, 0.1, 0.0, 1.0]
Relevancy;3;what is the language accepted by this automaton, and how can i find the optimal spatial representation for it?;The automaton accepts zero or more words formed by a sequence of the type 11000. In total there are 5 states: q0, q1, q2, q3 and q4. q0 is both the initial and the final state. The transitions are: q0 with value 1 goes to q1, q1 with value 1 goes to q2, q2 with value 0 goes to q3, q3 with value 0 goes to q4, q4 with value 0 goes to q0.;[];[0.7, 0.6, 0.5, 1.0];0.8;13;False;{'user_input': 'what is the language accepted by this automaton, and how can i find the optimal spatial representation for it?', 'intent': None, 'argument': None, 'dialogue_act': None, 'frame': {}};[0.7, 0.6, 0.5, 1.0]
Relevancy;3;What type of language does this deterministic automaton recognize?;Could you be more specific?;[];[0.0, 0.1, 0.0, 1.0];0.1;14;False;{'user_input': 'What type of language does this deterministic automaton recognize?', 'intent': 'fsa-practical', 'argument': 'language', 'dialogue_act': 'Ta:request', 'frame': {'input': 'type'}};[0.0, 0.1, 0.0, 1.0]
Relevancy;4;Is q0 the only final state or are there other accepting states in this automaton?;The final state is q0.;['simbolo-q0'];[1.0, 1.0, 1.0, 1.0];1.0;0;False;{'user_input': 'Is q0 the only final state or are there other accepting states in this automaton?', 'intent': 'fsa-practical', 'argument': 'state', 'dialogue_act': 'Ta:request', 'frame': {'finalStates': 'q0'}};[1.0, 1.0, 1.0, 1.0]
Relevancy;4;What are the final states of this automaton? I think the only final state is q0.;The final state is q0.;['simbolo-q0'];[1.0, 1.0, 1.0, 1.0];1.0;0;False;{'user_input': 'What are the final states of this automaton? I think the only final state is q0.', 'intent': 'fsa-practical', 'argument': 'state', 'dialogue_act': 'Ta:request', 'frame': {'finalStates': 'q0'}};[1.0, 1.0, 1.0, 1.0]
Relevancy;4;Set the question about the states of this automaton for me, specifying that the final states are q0.;The state q0 exists.;['simbolo-q0'];[0.1, 0.2, 0.1, 0.9];0.2;1;False;{'user_input': 'Set the question about the states of this automaton for me, specifying that the final states are q0.', 'intent': 'fsa-practical', 'argument': 'state', 'dialogue_act': 'Ta:request', 'frame': {'states': 'q0'}};[0.1, 0.2, 0.1, 0.9]
Relevancy;4;what are the transitions of this automaton?;MUTATION The automaton has 5 transitions: q0 with value 1 goes to q1, q1 with value 1 goes to q2, q2 with value 0 goes to q3, q3 with value 0 goes to q4, q4 with value 0 goes to q0.;['simbolo-q0-q1', 'simbolo-q1-q2', 'simbolo-q2-q3', 'simbolo-q3-q4', 'simbolo-q4-q0'];[1.0, 1.0, 1.0, 1.0];1.0;1;True;{'user_input': 'what are the transitions of this automaton?', 'intent': 'fsa-practical', 'argument': 'transition', 'dialogue_act': 'Ta:request', 'frame': {}};[1.0, 1.0, 1.0, 1.0]
Relevancy;4;Could you explain the state q0 in this automaton?;The state q0 exists.;['simbolo-q0'];[0.1, 0.2, 0.1, 0.9];0.2;2;False;{'user_input': 'Could you explain the state q0 in this automaton?', 'intent': 'fsa-practical', 'argument': 'state', 'dialogue_act': 'Ta:request', 'frame': {'states': 'q0'}};[0.1, 0.2, 0.1, 0.9]
Relevancy;4;The state q0 is both the initial and the final state of this automaton.;The initial state is q0.;['simbolo-q0'];[0.5, 0.7, 0.5, 0.9];0.9;2;False;{'user_input': 'The state q0 is both the initial and the final state of this automaton.', 'intent': 'fsa-practical', 'argument': 'state', 'dialogue_act': 'Ta:request', 'frame': {'initialState': 'q0', 'finalStates': 'q0'}};[0.5, 0.7, 0.5, 0.9]
Relevancy;4;can you check the information about this in this automaton?;The automaton accepts zero or more words formed by a sequence of the type 11000. In total there are 5 states: q0, q1, q2, q3 and q4. q0 is both the initial and the final state. The transitions are: q0 with value 1 goes to q1, q1 with value 1 goes to q2, q2 with value 0 goes to q3, q3 with value 0 goes to q4, q4 with value 0 goes to q0.;[];[0.95, 1.0, 1.0, 1.0];1.0;2;False;{'user_input': 'can you check the information about this in this automaton?', 'intent': 'fsa-practical', 'argument': 'automaton', 'dialogue_act': 'Ta:request', 'frame': {'states': ['q0']}, '_raw_frame': {}};[0.95, 1.0, 1.0, 1.0]
Relevancy;4;Is q0 one of the states of this automaton?;The automaton has 5 states: q0, q1, q2, q3 and q4.;['simbolo-q0', 'simbolo-q1', 'simbolo-q2', 'simbolo-q3', 'simbolo-q4'];[1.0, 0.9, 1.0, 0.9];0.9;2;False;{'user_input': 'Is q0 one of the states of this automaton?', 'intent': 'fsa-practical', 'argument': 'state', 'dialogue_act': 'Ta:request', 'frame': {'state': 'q0'}};[1.0, 0.9, 1.0, 0.9]
Relevancy;4;can you tell me which states are present in this automaton, starting from q0?;The state q0 exists.;['simbolo-q0'];[0.2, 0.3, 0.2, 0.9];0.4;2;False;{'user_input': 'can you tell me which states are present in this automaton, starting from q0?', 'intent': 'fsa-practical', 'argument': 'state', 'dialogue_act': 'Ta:request', 'frame': {'states': '?'}};[0.2, 0.3, 0.2, 0.9]
Relevancy;4;what is the alphabet of the automaton in this?;Could you be more specific?;[];[0.0, 0.1, 0.0, 1.0];0.1;3;False;{'user_input': 'what is the alphabet of the automaton in this?', 'intent': 'fsa-practical', 'argument': 'alphabet', 'dialogue_act': 'Ta:request', 'frame': {'states': ['q0']}, '_raw_frame': {'alphabet': '?'}};[0.0, 0.1, 0.0, 1.0]
Relevancy;4;what is the alphabet of this automaton?;Could you be more specific?;[];[0.0, 0.1, 0.0, 1.0];0.1;4;False;{'user_input': 'what is the alphabet of this automaton?', 'intent': 'fsa-practical', 'argument': 'alphabet', 'dialogue_act': 'Ta:request', 'frame': {'alphabet': '?'}};[0.0, 0.1, 0.0, 1.0]
Relevancy;4;what is the alphabet of this automaton?;Could you be more specific?;[];[0.0, 0.1, 0.0, 1.0];0.1;5;False;{'user_input': 'what is the alphabet of this automaton?', 'intent': 'fsa-practical', 'argument': 'alphabet', 'dialogue_act': 'Ta:request', 'frame': {'alphabet': '?'}};[0.0, 0.1, 0.0, 1.0]
Relevancy;4;What is the alphabet of this automaton?;Could you be more specific?;[];[0.0, 0.1, 0.0, 1.0];0.1;6;False;{'user_input': 'What is the alphabet of this automaton?', 'intent': 'fsa-practical', 'argument': 'alphabet', 'dialogue_act': 'Ta:request', 'frame': {'alphabet': '?'}};[0.0, 0.1, 0.0, 1.0]
Relevancy;4;what is the alphabet of this automaton?;Could you be more specific?;[];[0.0, 0.1, 0.0, 1.0];0.1;7;False;{'user_input': 'what is the alphabet of this automaton?', 'intent': 'fsa-practical', 'argument': 'alphabet', 'dialogue_act': 'Ta:request', 'frame': {'alphabet': '?'}};[0.0, 0.1, 0.0, 1.0]
Relevancy;4;What is the alphabet of this finite automaton?;Could you be more specific?;[];[0.0, 0.1, 0.0, 1.0];0.1;8;False;{'user_input': 'What is the alphabet of this finite automaton?', 'intent': 'fsa-practical', 'argument': 'alphabet', 'dialogue_act': 'Ta:request', 'frame': {'alphabet': '?'}};[0.0, 0.1, 0.0, 1.0]
Relevancy;5;How many transitions in total are shown in the graphical representation of this automaton?;MUTATION The automaton has 5 transitions: q0 with value 1 goes to q1, q1 with value 1 goes to q2, q2 with value 0 goes to q3, q3 with value 0 goes to q4, q4 with value 0 goes to q0.;['simbolo-q0-q1', 'simbolo-q1-q2', 'simbolo-q2-q3', 'simbolo-q3-q4', 'simbolo-q4-q0'];[1.0, 1.0, 1.0, 1.0];1.0;0;True;{'user_input': 'How many transitions in total are shown in the graphical representation of this automaton?', 'intent': 'fsa-practical', 'argument': 'transition', 'dialogue_act': 'Ta:request', 'frame': {'numberOfTransitions': '?'}};[1.0, 1.0, 1.0, 1.0]
Relevancy;5;There are not 5 transitions but 6 in this automaton, right?;MUTATION The automaton has 5 transitions: q0 with value 1 goes to q1, q1 with value 1 goes to q2, q2 with value 0 goes to q3, q3 with value 0 goes to q4, q4 with value 0 goes to q0.;['simbolo-q0-q1', 'simbolo-q1-q2', 'simbolo-q2-q3', 'simbolo-q3-q4', 'simbolo-q4-q0'];[0.0, 0.9, 0.0, 1.0];1.0;0;True;{'user_input': 'There are not 5 transitions but 6 in this automaton, right?', 'intent': 'fsa-practical', 'argument': 'transition', 'dialogue_act': 'Ta:request', 'frame': {'numberOfTransitions': '6'}};[0.0, 0.9, 0.0, 1.0]
Relevancy;5;"the automaton shown has a pattern with exactly 6 transitions; can you confirm this pattern?";Could you be more specific?;[];[0.0, 0.1, 0.0, 1.0];0.2;1;False;"{'user_input': 'the automaton shown has a pattern with exactly 6 transitions; can you confirm this pattern?', 'intent': 'fsa-practical', 'argument': 'pattern', 'dialogue_act': 'Ta:propositionalQuestion', 'frame': {'patternLength': '6'}}";[0.0, 0.1, 0.0, 1.0]
Relevancy;5;which length‑6 input pattern does this automaton accept?;Could you be more specific?;[];[0.0, 0.1, 0.0, 1.0];0.1;2;False;{'user_input': 'which length‑6 input pattern does this automaton accept?', 'intent': 'fsa-practical', 'argument': 'pattern', 'dialogue_act': 'Ta:request', 'frame': {'input': '?'}};[0.0, 0.1, 0.0, 1.0]
Relevancy;5;What input patterns does this automaton accept?;Could you be more specific?;[];[0.0, 0.1, 0.0, 1.0];0.1;3;False;{'user_input': 'What input patterns does this automaton accept?', 'intent': 'fsa-practical', 'argument': 'language', 'dialogue_act': 'Ta:request', 'frame': {'input': '?'}};[0.0, 0.1, 0.0, 1.0]
Relevancy;5;What is the language accepted by this automaton for a given input string?;Could you be more specific?;[];[0.0, 0.1, 0.0, 1.0];0.2;4;False;{'user_input': 'What is the language accepted by this automaton for a given input string?', 'intent': 'fsa-practical', 'argument': 'language', 'dialogue_act': 'Ta:request', 'frame': {'input': '?'}};[0.0, 0.1, 0.0, 1.0]
Relevancy;5;What is the language accepted by this finite state automaton for an input string?;Could you be more specific?;[];[0.0, 0.1, 0.0, 1.0];0.1;5;False;{'user_input': 'What is the language accepted by this finite state automaton for an input string?', 'intent': 'fsa-practical', 'argument': 'language', 'dialogue_act': 'Ta:request', 'frame': {'input': '?'}};[0.0, 0.1, 0.0, 1.0]
Relevancy;5;For which input strings does this automaton define its language?;Could you be more specific?;[];[0.0, 0.1, 0.0, 1.0];0.1;6;False;{'user_input': 'For which input strings does this automaton define its language?', 'intent': 'fsa-practical', 'argument': 'language', 'dialogue_act': 'Ta:propositionalQuestion', 'frame': {'input': '?'}};[0.0, 0.1, 0.0, 1.0]
Relevancy;5;what is the language accepted by the automaton starting from this?;Could you be more specific?;[];[0.0, 0.1, 0.0, 1.0];0.2;7;False;{'user_input': 'what is the language accepted by the automaton starting from this?', 'intent': 'fsa-practical', 'argument': 'language', 'dialogue_act': 'Ta:request', 'frame': {'states': ['q2']}, '_raw_frame': {'input': '?'}};[0.0, 0.1, 0.0, 1.0]
Relevancy;5;is the language accepted by this automaton one that has 2 final states?;Could you be more specific?;[];[0.1, 0.2, 0.1, 1.0];0.2;8;False;{'user_input': 'is the language accepted by this automaton one that has 2 final states?', 'intent': 'fsa-practical', 'argument': 'language', 'dialogue_act': 'Ta:propositionalQuestion', 'frame': {'finalStates': '?'}};[0.1, 0.2, 0.1, 1.0]
Relevancy;5;What is the language accepted by this automaton for the input string “?”;Could you be more specific?;[];[0.2, 0.3, 0.2, 1.0];0.3;9;False;{'user_input': 'What is the language accepted by this automaton for the input string “?”', 'intent': 'fsa-practical', 'argument': 'language', 'dialogue_act': 'Ta:request', 'frame': {'input': '?'}};[0.2, 0.3, 0.2, 1.0]
Relevancy;5;what is the language accepted by this automaton for the input string “?”?;Could you be more specific?;[];[0.1, 0.2, 0.1, 1.0];0.2;10;False;{'user_input': 'what is the language accepted by this automaton for the input string “?”?', 'intent': 'fsa-practical', 'argument': 'language', 'dialogue_act': 'Ta:request', 'frame': {'input': '?'}};[0.1, 0.2, 0.1, 1.0]
Relevancy;5;can you tell me what language is accepted by this automaton for the input string ?;Could you be more specific?;[];[0.1, 0.1, 0.1, 1.0];0.2;11;False;{'user_input': 'can you tell me what language is accepted by this automaton for the input string ?', 'intent': 'fsa-practical', 'argument': 'language', 'dialogue_act': 'Ta:request', 'frame': {'input': '?'}};[0.1, 0.1, 0.1, 1.0]
Correctness;1;Can I go directly from q2 to q4 in this automaton?;there is no transition between q2 and q4.;[];[1.0, 1.0, 1.0, 1.0];1.0;0;False;{'user_input': 'Can I go directly from q2 to q4 in this automaton?', 'intent': 'fsa-practical', 'argument': 'transition', 'dialogue_act': 'Ta:propositionalQuestion', 'frame': {'transitions': [['q2', 'q4', '?']]}};[1.0, 1.0, 1.0, 1.0]
Correctness;1;what is the label of the transition from this to that?;There is no transition between q2 and q4.;[];[1.0, 1.0, 1.0, 1.0];1.0;0;False;{'user_input': 'what is the label of the transition from this to that?', 'intent': 'fsa-practical', 'argument': 'transition', 'dialogue_act': 'Ta:request', 'frame': {'states': ['q2', 'q4']}, '_raw_frame': {'transitions': []}};[1.0, 1.0, 1.0, 1.0]
Correctness;1;which transitions connect states q2 and q4 in this automaton?;there is no transition between q2 and q4.;[];[1.0, 1.0, 1.0, 1.0];1.0;0;False;{'user_input': 'which transitions connect states q2 and q4 in this automaton?', 'intent': 'fsa-practical', 'argument': 'transition', 'dialogue_act': 'Ta:request', 'frame': {'transitions': [['q2', 'q4', '?']]}};[1.0, 1.0, 1.0, 1.0]
Correctness;1;which state in this automaton has the highest number of transitions?;The automaton has 5 states: q0, q1, q2, q3 and q4.;['simbolo-q0', 'simbolo-q1', 'simbolo-q2', 'simbolo-q3', 'simbolo-q4'];[0.0, 0.2, 0.0, 0.3];0.0;1;False;{'user_input': 'which state in this automaton has the highest number of transitions?', 'intent': 'fsa-practical', 'argument': 'state', 'dialogue_act': 'Ta:propositionalQuestion', 'frame': {'stateWithMostTransitions': '?'}};[0.0, 0.2, 0.0, 0.3]
Correctness;1;To which state does the automaton go when it transitions to q1?;The automaton has 5 states: q0, q1, q2, q3 and q4.;['simbolo-q0', 'simbolo-q1', 'simbolo-q2', 'simbolo-q3', 'simbolo-q4'];[0.0, 0.2, 0.2, 0.3];0.0;2;False;{'user_input': 'To which state does the automaton go when it transitions to q1?', 'intent': 'fsa-practical', 'argument': 'state', 'dialogue_act': 'Ta:request', 'frame': {'transitions': [['q1', '?', '?']]}};[0.0, 0.2, 0.2, 0.3]
Correctness;1;Thank you, could you please tell me the transition that starts from state q1?;the transition is not defined.;[];[0.0, 0.2, 0.0, 0.9];0.0;3;False;{'user_input': 'Thank you, could you please tell me the transition that starts from state q1?', 'intent': 'fsa-practical', 'argument': 'transition', 'dialogue_act': 'Ta:request', 'frame': {'transitions': [['q1', '?', '?']]}};[0.0, 0.2, 0.0, 0.9]
Correctness;1;Is the transition that starts from state q1 defined correctly in this automaton?;the transition is not defined.;[];[0.0, 0.9, 0.0, 1.0];0.0;4;False;{'user_input': 'Is the transition that starts from state q1 defined correctly in this automaton?', 'intent': 'fsa-practical', 'argument': 'transition', 'dialogue_act': 'Ta:propositionalQuestion', 'frame': {'transitions': [['q1', '?', '?']]}};[0.0, 0.9, 0.0, 1.0]
Correctness;1;what is the transition that starts from this?;The transition from q0 to q1 has value 1.;['simbolo-q0-q1'];[1.0, 1.0, 1.0, 1.0];1.0;4;False;{'user_input': 'what is the transition that starts from this?', 'intent': 'fsa-practical', 'argument': 'transition', 'dialogue_act': 'Ta:request', 'frame': {'states': ['q1']}, '_raw_frame': {'transitions': []}};[1.0, 1.0, 1.0, 1.0]
Correctness;1;what is the output of this automaton for the input string 11000?;Could you be more specific?;[];[0.0, 0.1, 0.0, 1.0];0.0;5;False;{'user_input': 'what is the output of this automaton for the input string 11000?', 'intent': 'fsa-practical', 'argument': 'language', 'dialogue_act': 'Ta:request', 'frame': {'input': '11000'}};[0.0, 0.1, 0.0, 1.0]
Correctness;1;What is the language accepted by this finite state automaton?;Could you be more specific?;[];[0.0, 0.1, 0.0, 1.0];0.0;6;False;{'user_input': 'What is the language accepted by this finite state automaton?', 'intent': 'fsa-practical', 'argument': 'language', 'dialogue_act': 'Ta:request', 'frame': {'input': '?'}};[0.0, 0.1, 0.0, 1.0]
Correctness;1;what is the language accepted by this automaton for the input string?;Could you be more specific?;[];[0.1, 0.2, 0.1, 1.0];0.0;7;False;{'user_input': 'what is the language accepted by this automaton for the input string?', 'intent': 'fsa-practical', 'argument': 'language', 'dialogue_act': 'Ta:request', 'frame': {'input': '?'}};[0.1, 0.2, 0.1, 1.0]
Correctness;1;what is the language accepted by this finite state automaton for an input string?;Could you be more specific?;[];[0.0, 0.1, 0.0, 1.0];0.0;8;False;{'user_input': 'what is the language accepted by this finite state automaton for an input string?', 'intent': 'fsa-practical', 'argument': 'language', 'dialogue_act': 'Ta:request', 'frame': {'input': '?'}};[0.0, 0.1, 0.0, 1.0]
Correctness;1;What type of language does this automaton recognize, and is its language classified as regular?;Could you be more specific?;[];[0.0, 0.1, 0.0, 1.0];0.0;9;False;{'user_input': 'What type of language does this automaton recognize, and is its language classified as regular?', 'intent': 'fsa-practical', 'argument': 'language', 'dialogue_act': 'Ta:request', 'frame': {'input': '?'}};[0.0, 0.1, 0.0, 1.0]
Correctness;1;What is the language accepted by this automaton for the input string?;Could you be more specific?;[];[0.1, 0.2, 0.1, 1.0];0.1;10;False;{'user_input': 'What is the language accepted by this automaton for the input string?', 'intent': 'fsa-practical', 'argument': 'language', 'dialogue_act': 'Ta:propositionalQuestion', 'frame': {'input': '?'}};[0.1, 0.2, 0.1, 1.0]
Correctness;1;What is the language accepted by this automaton for the input string?;Could you be more specific?;[];[0.1, 0.2, 0.1, 1.0];0.1;11;False;{'user_input': 'What is the language accepted by this automaton for the input string?', 'intent': 'fsa-practical', 'argument': 'language', 'dialogue_act': 'Ta:request', 'frame': {'input': '?'}};[0.1, 0.2, 0.1, 1.0]
Correctness;2;What is the value on the transition from q1 to q2?;The transition between q1 and q2 is with value 1.;['simbolo-q1-q2'];[1.0, 1.0, 1.0, 1.0];1.0;0;False;{'user_input': 'What is the value on the transition from q1 to q2?', 'intent': 'fsa-practical', 'argument': 'transition', 'dialogue_act': 'Ta:request', 'frame': {'transitions': [['q1', 'q2', '?']]}};[1.0, 1.0, 1.0, 1.0]
Correctness;2;what is this on input 1?;Could you be more specific?;[];[0.1, 0.2, 0.1, 0.9];0.1;1;False;{'user_input': 'what is this on input 1?', 'intent': 'fsa-practical', 'argument': 'language', 'dialogue_act': 'Ta:request', 'frame': {'transitions': [['q0', 'q1', '?']]}, '_raw_frame': {'input': '1'}};[0.1, 0.2, 0.1, 0.9]
Correctness;2;What is the language accepted by the automaton for the transition from q0 to q1 with an unknown input symbol?;Could you be more specific?;[];[0.1, 0.2, 0.1, 1.0];0.1;2;False;{'user_input': 'What is the language accepted by the automaton for the transition from q0 to q1 with an unknown input symbol?', 'intent': 'fsa-practical', 'argument': 'language', 'dialogue_act': 'Ta:request', 'frame': {'transitions': [['q0', 'q1', '?']]}};[0.1, 0.2, 0.1, 1.0]
Correctness;2;Sorry, I misspoke: the transition from q0 to q1 is labeled with 1, not with ?, so the transition should be [q0, q1, 1].;The transition between q0 and q1 is with value 1.;['simbolo-q0-q1'];[1.0, 1.0, 1.0, 0.9];1.0;2;False;{'user_input': 'Sorry, I misspoke: the transition from q0 to q1 is labeled with 1, not with ?, so the transition should be [q0, q1, 1].', 'intent': 'fsa-practical', 'argument': 'transition', 'dialogue_act': 'Ta:request', 'frame': {'transitions': [['q0', 'q1', '1']]}};[1.0, 1.0, 1.0, 0.9]
Correctness;2;What is the label of the transition from state q0 to state q1 in this automaton?;The transition between q0 and q1 is with value 1.;['simbolo-q0-q1'];[1.0, 1.0, 1.0, 1.0];1.0;2;False;{'user_input': 'What is the label of the transition from state q0 to state q1 in this automaton?', 'intent': 'fsa-practical', 'argument': 'transition', 'dialogue_act': 'Ta:request', 'frame': {'transitions': [['q0', 'q1', '?']]}};[1.0, 1.0, 1.0, 1.0]
Correctness;2;what is the language recognized by this automaton?;Could you be more specific?;[];[0.0, 0.1, 0.0, 1.0];0.0;3;False;{'user_input': 'what is the language recognized by this automaton?', 'intent': 'fsa-practical', 'argument': 'language', 'dialogue_act': 'Ta:request', 'frame': {'input': '?'}};[0.0, 0.1, 0.0, 1.0]
Correctness;2;what is the language accepted by the automaton that has the transitions [“q1”, “?”, “?”]?;Could you be more specific?;[];[0.1, 0.2, 0.1, 1.0];0.2;4;False;{'user_input': 'what is the language accepted by the automaton that has the transitions [“q1”, “?”, “?”]?', 'intent': 'fsa-practical', 'argument': 'language', 'dialogue_act': 'Ta:request', 'frame': {'input': '?'}};[0.1, 0.2, 0.1, 1.0]
Correctness;2;what is the input pattern that this automaton recognizes?;Could you be more specific?;[];[0.0, 0.1, 0.0, 1.0];0.0;5;False;{'user_input': 'what is the input pattern that this automaton recognizes?', 'intent': 'fsa-practical', 'argument': 'language', 'dialogue_act': 'Ta:request', 'frame': {'input': '?'}};[0.0, 0.1, 0.0, 1.0]
Correctness;2;what is the language accepted by this finite state automaton for an input string that is not yet specified?;Could you be more specific?;[];[0.1, 0.1, 0.1, 1.0];0.1;6;False;{'user_input': 'what is the language accepted by this finite state automaton for an input string that is not yet specified?', 'intent': 'fsa-practical', 'argument': 'language', 'dialogue_act': 'Ta:request', 'frame': {'input': '?'}};[0.1, 0.1, 0.1, 1.0]
Correctness;2;what is the language accepted by this automaton for the input string?;Could you be more specific?;[];[0.0, 0.1, 0.0, 1.0];0.1;7;False;{'user_input': 'what is the language accepted by this automaton for the input string?', 'intent': 'fsa-practical', 'argument': 'language', 'dialogue_act': 'Ta:propositionalQuestion', 'frame': {'input': '?'}};[0.0, 0.1, 0.0, 1.0]
Correctness;2;Given this automaton, what is the input that takes it from the initial state back to the final state q0?;Could you be more specific?;[];[0.0, 0.1, 0.0, 1.0];0.0;8;False;{'user_input': 'Given this automaton, what is the input that takes it from the initial state back to the final state q0?', 'intent': 'fsa-practical', 'argument': 'pattern', 'dialogue_act': 'Ta:request', 'frame': {'input': '?'}};[0.0, 0.1, 0.0, 1.0]
Correctness;2;what input strings over the alphabet does this finite state automaton accept?;Could you be more specific?;[];[0.0, 0.1, 0.0, 1.0];0.0;9;False;{'user_input': 'what input strings over the alphabet does this finite state automaton accept?', 'intent': 'fsa-practical', 'argument': 'language', 'dialogue_act': 'Ta:request', 'frame': {'input': '?'}};[0.0, 0.1, 0.0, 1.0]
Correctness;2;what is the input of this automaton?;Could you be more specific?;[];[0.0, 0.1, 0.0, 1.0];0.1;10;False;{'user_input': 'what is the input of this automaton?', 'intent': 'fsa-practical', 'argument': 'language', 'dialogue_act': 'Ta:request', 'frame': {'input': '?'}};[0.0, 0.1, 0.0, 1.0]
Correctness;2;What input string should I test on this automaton?;Could you be more specific?;[];[0.1, 0.1, 0.1, 1.0];0.1;11;False;{'user_input': 'What input string should I test on this automaton?', 'intent': 'fsa-practical', 'argument': 'language', 'dialogue_act': 'Ta:request', 'frame': {'input': '?'}};[0.1, 0.1, 0.1, 1.0]
Correctness;2;What is the language recognized by this automaton that goes from q0 to q1 on 1, from q1 to q2 on 1, from q2 to q3 on 0, from q3 to q4 on 0, and from q4 back to q0 on 0?;The automaton accepts zero or more words formed by a sequence of the type 11000. In total there are 5 states: q0, q1, q2, q3 and q4. q0 is both the initial and the final state. The transitions are: q0 with value 1 goes to q1, q1 with value 1 goes to q2, q2 with value 0 goes to q3, q3 with value 0 goes to q4, q4 with value 0 goes to q0.;[];[0.95, 0.95, 1.0, 1.0];1.0;11;False;{'user_input': 'What is the language recognized by this automaton that goes from q0 to q1 on 1, from q1 to q2 on 1, from q2 to q3 on 0, from q3 to q4 on 0, and from q4 back to q0 on 0?', 'intent': None, 'argument': None, 'dialogue_act': None, 'frame': {}};[0.95, 0.95, 1.0, 1.0]
Correctness;3;Is q0 the only final state or are there other accepting states?;The automaton has 5 states: q0, q1, q2, q3 and q4.;['simbolo-q0', 'simbolo-q1', 'simbolo-q2', 'simbolo-q3', 'simbolo-q4'];[0.0, 0.2, 0.2, 0.9];0.0;1;False;{'user_input': 'Is q0 the only final state or are there other accepting states?', 'intent': 'fsa-practical', 'argument': 'state', 'dialogue_act': 'Ta:propositionalQuestion', 'frame': {'state': 'q0'}};[0.0, 0.2, 0.2, 0.9]
Correctness;3;what can you tell me about this in this automaton?;The automaton accepts zero or more words formed by a sequence of the type 11000. In total there are 5 states: q0, q1, q2, q3 and q4. q0 is both the initial and the final state. The transitions are: q0 with value 1 goes to q1, q1 with value 1 goes to q2, q2 with value 0 goes to q3, q3 with value 0 goes to q4, q4 with value 0 goes to q0.;[];[0.9, 0.95, 0.9, 1.0];0.9;1;False;{'user_input': 'what can you tell me about this in this automaton?', 'intent': 'fsa-practical', 'argument': 'automaton', 'dialogue_act': 'Ta:request', 'frame': {'states': ['q0']}, '_raw_frame': {'automatonType': '?'}};[0.9, 0.95, 0.9, 1.0]
Correctness;3;what are the states of this automaton?;The state q0 exists.;['simbolo-q0'];[0.2, 0.4, 0.2, 0.9];0.2;2;False;{'user_input': 'what are the states of this automaton?', 'intent': 'fsa-practical', 'argument': 'state', 'dialogue_act': 'Ta:request', 'frame': {'states': '?'}};[0.2, 0.4, 0.2, 0.9]
Correctness;3;What is the language accepted by this automaton starting and ending in state q0?;Could you be more specific?;[];[0.0, 0.1, 0.0, 1.0];0.0;3;False;{'user_input': 'What is the language accepted by this automaton starting and ending in state q0?', 'intent': 'fsa-practical', 'argument': 'language', 'dialogue_act': 'Ta:request', 'frame': {'input': '?'}};[0.0, 0.1, 0.0, 1.0]
Correctness;3;how many states are there in the language recognized by this automaton?;This automaton has 5 states;['simbolo-q0', 'simbolo-q1', 'simbolo-q2', 'simbolo-q3', 'simbolo-q4'];[1.0, 1.0, 1.0, 1.0];1.0;3;False;{'user_input': 'how many states are there in the language recognized by this automaton?', 'intent': 'fsa-practical', 'argument': 'state', 'dialogue_act': 'Ta:request', 'frame': {'numberOfStates': '?'}};[1.0, 1.0, 1.0, 1.0]
Correctness;3;what is the language accepted by this automaton for the input string “?”?;Could you be more specific?;[];[0.1, 0.2, 0.1, 1.0];0.1;4;False;{'user_input': 'what is the language accepted by this automaton for the input string “?”?', 'intent': 'fsa-practical', 'argument': 'language', 'dialogue_act': 'Ta:request', 'frame': {'input': '?'}};[0.1, 0.2, 0.1, 1.0]
Correctness;3;what is the graphical representation of the language recognized by this automaton?;Could you be more specific?;[];[0.0, 0.1, 0.0, 1.0];0.0;5;False;{'user_input': 'what is the graphical representation of the language recognized by this automaton?', 'intent': 'fsa-practical', 'argument': 'language', 'dialogue_act': 'Ta:request', 'frame': {'graphicRepresentation': '?'}};[0.0, 0.1, 0.0, 1.0]
Correctness;3;what is the alphabet of this automaton as shown in the graphical representation?;Could you be more specific?;[];[0.0, 0.1, 0.0, 1.0];0.0;6;False;{'user_input': 'what is the alphabet of this automaton as shown in the graphical representation?', 'intent': 'fsa-practical', 'argument': 'alphabet', 'dialogue_act': 'Ta:request', 'frame': {'alphabet': '?'}};[0.0, 0.1, 0.0, 1.0]
Correctness;3;What is the alphabet of this finite state automaton?;Could you be more specific?;[];[0.0, 0.1, 0.0, 1.0];0.0;7;False;{'user_input': 'What is the alphabet of this finite state automaton?', 'intent': 'fsa-practical', 'argument': 'alphabet', 'dialogue_act': 'Ta:request', 'frame': {'alphabet': '?'}};[0.0, 0.1, 0.0, 1.0]
Correctness;3;What is the alphabet of this automaton?;Could you be more specific?;[];[0.0, 0.1, 0.0, 1.0];0.0;8;False;{'user_input': 'What is the alphabet of this automaton?', 'intent': 'fsa-practical', 'argument': 'alphabet', 'dialogue_act': 'Ta:request', 'frame': {'alphabet': '?'}};[0.0, 0.1, 0.0, 1.0]
Correctness;3;can you explain the difference between deterministic and non-deterministic finite state automata using this automaton as a practical example?;The automaton accepts zero or more words formed by a sequence of the type 11000. In total there are 5 states: q0, q1, q2, q3 and q4. q0 is both the initial and the final state. The transitions are: q0 with value 1 goes to q1, q1 with value 1 goes to q2, q2 with value 0 goes to q3, q3 with value 0 goes to q4, q4 with value 0 goes to q0.;[];[0.2, 0.3, 0.2, 1.0];0.1;9;False;{'user_input': 'can you explain the difference between deterministic and non-deterministic finite state automata using this automaton as a practical example?', 'intent': 'fsa-practical', 'argument': 'automaton', 'dialogue_act': 'Ta:request', 'frame': {}};[0.2, 0.3, 0.2, 1.0]
Correctness;3;hello, could you tell me what the alphabet of this finite state automaton is?;Could you be more specific?;[];[0.0, 0.1, 0.0, 1.0];0.0;10;False;{'user_input': 'hello, could you tell me what the alphabet of this finite state automaton is?', 'intent': 'fsa-practical', 'argument': 'alphabet', 'dialogue_act': 'Ta:request', 'frame': {'alphabet': '?'}};[0.0, 0.1, 0.0, 1.0]
Correctness;3;hi, could you tell me what the alphabet of this finite state automaton is?;Could you be more specific?;[];[0.0, 0.1, 0.0, 1.0];0.0;11;False;{'user_input': 'hi, could you tell me what the alphabet of this finite state automaton is?', 'intent': 'fsa-practical', 'argument': 'alphabet', 'dialogue_act': 'Ta:request', 'frame': {'alphabet': '?'}};[0.0, 0.1, 0.0, 1.0]
Correctness;3;before saying goodbye, could you tell me what the alphabet of this automaton is?;Could you be more specific?;[];[0.0, 0.1, 0.0, 1.0];0.0;12;False;{'user_input': 'before saying goodbye, could you tell me what the alphabet of this automaton is?', 'intent': 'fsa-practical', 'argument': 'alphabet', 'dialogue_act': 'Ta:propositionalQuestion', 'frame': {'alphabet': '?'}};[0.0, 0.1, 0.0, 1.0]
Correctness;3;What is the alphabet of an automaton with 2 states?;Could you be more specific?;[];[0.1, 0.2, 0.1, 1.0];0.1;13;False;{'user_input': 'What is the alphabet of an automaton with 2 states?', 'intent': 'fsa-practical', 'argument': 'alphabet', 'dialogue_act': 'Ta:request', 'frame': {'alphabet': '?'}};[0.1, 0.2, 0.1, 1.0]
Correctness;4;What language does this automaton recognize over the alphabet {0,1}?;Could you be more specific?;[];[0.0, 0.1, 0.0, 1.0];0.0;1;False;{'user_input': 'What language does this automaton recognize over the alphabet {0,1}?', 'intent': 'fsa-practical', 'argument': 'language', 'dialogue_act': 'Ta:request', 'frame': {'alphabet': '0'}};[0.0, 0.1, 0.0, 1.0]
Correctness;4;What is the language recognized by this automaton over the alphabet {0}?;Could you be more specific?;[];[0.0, 0.1, 0.0, 1.0];0.0;2;False;{'user_input': 'What is the language recognized by this automaton over the alphabet {0}?', 'intent': 'fsa-practical', 'argument': 'language', 'dialogue_act': 'Ta:request', 'frame': {'alphabet': '0'}};[0.0, 0.1, 0.0, 1.0]
Correctness;4;hi, could you please explain the language recognized by this automaton when the alphabet is just {0}?;Could you be more specific?;[];[0.1, 0.1, 0.1, 1.0];0.0;3;False;{'user_input': 'hi, could you please explain the language recognized by this automaton when the alphabet is just {0}?', 'intent': 'fsa-practical', 'argument': 'language', 'dialogue_act': 'Ta:request', 'frame': {'alphabet': '0'}};[0.1, 0.1, 0.1, 1.0]
Correctness;4;which transition in this automaton is labeled with the symbol 0?;MUTATION The automaton has 5 transitions: q0 with value 1 goes to q1, q1 with value 1 goes to q2, q2 with value 0 goes to q3, q3 with value 0 goes to q4, q4 with value 0 goes to q0.;['simbolo-q0-q1', 'simbolo-q1-q2', 'simbolo-q2-q3', 'simbolo-q3-q4', 'simbolo-q4-q0'];[0.4, 0.6, 0.4, 0.6];0.5;3;True;{'user_input': 'which transition in this automaton is labeled with the symbol 0?', 'intent': 'fsa-practical', 'argument': 'transition', 'dialogue_act': 'Ta:request', 'frame': {}};[0.4, 0.6, 0.4, 0.6]
Correctness;4;what is the alphabet of this automaton if it only uses the symbol 0?;Could you be more specific?;[];[0.0, 0.1, 0.0, 1.0];0.0;4;False;{'user_input': 'what is the alphabet of this automaton if it only uses the symbol 0?', 'intent': 'fsa-practical', 'argument': 'alphabet', 'dialogue_act': 'Ta:request', 'frame': {'alphabet': '0'}};[0.0, 0.1, 0.0, 1.0]
Correctness;4;what is the alphabet of this automaton if it only includes the symbol 0?;Could you be more specific?;[];[0.0, 0.1, 0.0, 1.0];0.0;5;False;{'user_input': 'what is the alphabet of this automaton if it only includes the symbol 0?', 'intent': 'fsa-practical', 'argument': 'alphabet', 'dialogue_act': 'Ta:request', 'frame': {'alphabet': '0'}};[0.0, 0.1, 0.0, 1.0]
Correctness;4;Which states in this automaton have outgoing transitions labeled with the symbol 0?;MUTATION The automaton has 5 transitions: q0 with value 1 goes to q1, q1 with value 1 goes to q2, q2 with value 0 goes to q3, q3 with value 0 goes to q4, q4 with value 0 goes to q0.;['simbolo-q0-q1', 'simbolo-q1-q2', 'simbolo-q2-q3', 'simbolo-q3-q4', 'simbolo-q4-q0'];[0.2, 0.4, 0.33, 0.9];0.33;5;True;{'user_input': 'Which states in this automaton have outgoing transitions labeled with the symbol 0?', 'intent': 'fsa-practical', 'argument': 'transition', 'dialogue_act': 'Ta:request', 'frame': {'transitions': []}};[0.2, 0.4, 0.33, 0.9]
Correctness;4;What is the alphabet of this automaton if the only symbol used is 0?;Could you be more specific?;[];[0.0, 0.1, 0.0, 1.0];0.0;6;False;{'user_input': 'What is the alphabet of this automaton if the only symbol used is 0?', 'intent': 'fsa-practical', 'argument': 'alphabet', 'dialogue_act': 'Ta:request', 'frame': {'alphabet': '0'}};[0.0, 0.1, 0.0, 1.0]
Correctness;4;What is the alphabet of this automaton, considering only the symbol 0?;Could you be more specific?;[];[0.0, 0.1, 0.0, 1.0];0.0;7;False;{'user_input': 'What is the alphabet of this automaton, considering only the symbol 0?', 'intent': 'fsa-practical', 'argument': 'alphabet', 'dialogue_act': 'Ta:request', 'frame': {'alphabet': '0'}};[0.0, 0.1, 0.0, 1.0]
Correctness;4;hi again! for this automaton, the alphabet is {0}, right?;Could you be more specific?;[];[0.1, 0.2, 0.1, 1.0];0.1;8;False;{'user_input': 'hi again! for this automaton, the alphabet is {0}, right?', 'intent': 'fsa-practical', 'argument': 'alphabet', 'dialogue_act': 'Ta:request', 'frame': {'alphabet': ['0']}};[0.1, 0.2, 0.1, 1.0]
Correctness;4;what is the alphabet of this anti-clockwise automaton?;Could you be more specific?;[];[0.0, 0.1, 0.0, 1.0];0.0;9;False;{'user_input': 'what is the alphabet of this anti-clockwise automaton?', 'intent': 'fsa-practical', 'argument': 'alphabet', 'dialogue_act': 'Ta:request', 'frame': {'alphabet': '?'}};[0.0, 0.1, 0.0, 1.0]
Correctness;4;what is the language recognized by this automaton, and what is its alphabet?;Could you be more specific?;[];[0.0, 0.1, 0.0, 1.0];0.0;10;False;{'user_input': 'what is the language recognized by this automaton, and what is its alphabet?', 'intent': 'fsa-practical', 'argument': 'language', 'dialogue_act': 'Ta:request', 'frame': {'alphabet': '?', 'language': '?'}};[0.0, 0.1, 0.0, 1.0]
Correctness;4;what is the language accepted by this finite state automaton and what is its alphabet?;Could you be more specific?;[];[0.0, 0.1, 0.0, 1.0];0.0;11;False;{'user_input': 'what is the language accepted by this finite state automaton and what is its alphabet?', 'intent': 'fsa-practical', 'argument': 'language', 'dialogue_act': 'Ta:request', 'frame': {'alphabet': '?', 'language': '?'}};[0.0, 0.1, 0.0, 1.0]
Correctness;4;Is the language recognized by this automaton a regular language?;Could you be more specific?;[];[0.0, 0.1, 0.0, 1.0];0.0;12;False;{'user_input': 'Is the language recognized by this automaton a regular language?', 'intent': 'fsa-practical', 'argument': 'language', 'dialogue_act': 'Ta:request', 'frame': {'input': '?'}};[0.0, 0.1, 0.0, 1.0]
Correctness;4;i would like to end the interaction: could you tell me what language this automaton recognizes for the input string?;The automaton accepts zero or more words formed by a sequence of the type 11000. In total there are 5 states: q0, q1, q2, q3 and q4. q0 is both the initial and the final state. The transitions are: q0 with value 1 goes to q1, q1 with value 1 goes to q2, q2 with value 0 goes to q3, q3 with value 0 goes to q4, q4 with value 0 goes to q0.;[];[0.95, 0.95, 1.0, 1.0];1.0;12;False;{'user_input': 'i would like to end the interaction: could you tell me what language this automaton recognizes for the input string?', 'intent': 'fsa-practical', 'argument': None, 'dialogue_act': 'Ta:request', 'frame': {}};[0.95, 0.95, 1.0, 1.0]
Correctness;5;Is this automaton deterministic or nondeterministic?;The automaton accepts zero or more words formed by a sequence of the type 11000. In total there are 5 states: q0, q1, q2, q3 and q4. q0 is both the initial and the final state. The transitions are: q0 with value 1 goes to q1, q1 with value 1 goes to q2, q2 with value 0 goes to q3, q3 with value 0 goes to q4, q4 with value 0 goes to q0.;[];[0.0, 0.2, 0.0, 1.0];0.2;1;False;{'user_input': 'Is this automaton deterministic or nondeterministic?', 'intent': 'fsa-practical', 'argument': 'automaton', 'dialogue_act': 'Ta:request', 'frame': {'input': 'automatonType'}};[0.0, 0.2, 0.0, 1.0]
Correctness;5;"i think the automaton shown here is not deterministic; what type of automaton is it?";The automaton accepts zero or more words formed by a sequence of the type 11000. In total there are 5 states: q0, q1, q2, q3 and q4. q0 is both the initial and the final state. The transitions are: q0 with value 1 goes to q1, q1 with value 1 goes to q2, q2 with value 0 goes to q3, q3 with value 0 goes to q4, q4 with value 0 goes to q0.;[];[0.2, 0.4, 0.3, 1.0];0.3;2;False;"{'user_input': 'i think the automaton shown here is not deterministic; what type of automaton is it?', 'intent': 'fsa-practical', 'argument': 'automaton', 'dialogue_act': 'Ta:request', 'frame': {}}";[0.2, 0.4, 0.3, 1.0]
Correctness;5;set as a question on the tablet an automaton exercise where, given this finite state machine, i must determine the type of automaton starting from the input string, specifying the automatontype as unknown (“automatontype”: “?”).;The automaton accepts zero or more words formed by a sequence of the type 11000. In total there are 5 states: q0, q1, q2, q3 and q4. q0 is both the initial and the final state. The transitions are: q0 with value 1 goes to q1, q1 with value 1 goes to q2, q2 with value 0 goes to q3, q3 with value 0 goes to q4, q4 with value 0 goes to q0.;[];[0.4, 0.6, 0.4, 1.0];0.4;2;False;{'user_input': 'set as a question on the tablet an automaton exercise where, given this finite state machine, i must determine the type of automaton starting from the input string, specifying the automatontype as unknown (“automatontype”: “?”).', 'intent': 'fsa-practical', 'argument': 'automaton', 'dialogue_act': 'Ta:request', 'frame': {'input': '?'}};[0.4, 0.6, 0.4, 1.0]
Correctness;5;Does this automaton recognize any specific pattern in the input string?;Could you be more specific?;[];[0.1, 0.1, 0.1, 1.0];0.1;3;False;{'user_input': 'Does this automaton recognize any specific pattern in the input string?', 'intent': 'fsa-practical', 'argument': 'pattern', 'dialogue_act': 'Ta:propositionalQuestion', 'frame': {'patternType': '?'}};[0.1, 0.1, 0.1, 1.0]
Correctness;5;What type of pattern does this automaton recognize?;Could you be more specific?;[];[0.0, 0.1, 0.0, 1.0];0.0;4;False;{'user_input': 'What type of pattern does this automaton recognize?', 'intent': 'fsa-practical', 'argument': 'pattern', 'dialogue_act': 'Ta:request', 'frame': {}};[0.0, 0.1, 0.0, 1.0]
Correctness;5;The pattern recognized by this automaton is the sequence 11000.;Could you be more specific?;[];[0.0, 0.1, 0.0, 1.0];0.0;5;False;{'user_input': 'The pattern recognized by this automaton is the sequence 11000.', 'intent': 'fsa-practical', 'argument': 'pattern', 'dialogue_act': 'Ta:request', 'frame': {'pattern': '11000'}};[0.0, 0.1, 0.0, 1.0]
Correctness;5;what is the transition sequence followed by the automaton when it receives the input pattern 11000?;there is no transition between q0 and q0.;[];[0.0, 0.1, 0.0, 1.0];0.0;6;False;{'user_input': 'what is the transition sequence followed by the automaton when it receives the input pattern 11000?', 'intent': 'fsa-practical', 'argument': 'transition', 'dialogue_act': 'Ta:request', 'frame': {'transitions': [['q0', 'q0', 'F'], ['q0', 'q1', 'F'], ['q1', 'q2', 'F'], ['q2', 'q3', 'F'], ['q3', 'q4', 'F']]}};[0.0, 0.1, 0.0, 1.0]
Correctness;5;what is the optimal spatial representation of the transitions in this automaton?;Could you be more specific?;[];[0.1, 0.2, 0.1, 1.0];0.1;7;False;{'user_input': 'what is the optimal spatial representation of the transitions in this automaton?', 'intent': 'fsa-practical', 'argument': 'pattern', 'dialogue_act': 'Ta:request', 'frame': {'patternType': '?'}};[0.1, 0.2, 0.1, 1.0]
Correctness;5;can you list all the transitions of this finite automaton?;MUTATION The automaton has 5 transitions: q0 with value 1 goes to q1, q1 with value 1 goes to q2, q2 with value 0 goes to q3, q3 with value 0 goes to q4, q4 with value 0 goes to q0.;['simbolo-q0-q1', 'simbolo-q1-q2', 'simbolo-q2-q3', 'simbolo-q3-q4', 'simbolo-q4-q0'];[1.0, 1.0, 1.0, 1.0];1.0;7;True;{'user_input': 'can you list all the transitions of this finite automaton?', 'intent': 'fsa-practical', 'argument': 'transition', 'dialogue_act': 'Ta:request', 'frame': {'transitions': []}};[1.0, 1.0, 1.0, 1.0]
Correctness;5;i accept the transitions of this automaton as: from q0 to q0 with f, from q0 to q1 with f, from q1 to q2 with f, from q2 to q3 with f, and from q3 to q4 with f.;there is no transition between q0 and q0.;[];[1.0, 1.0, 1.0, 1.0];1.0;7;False;{'user_input': 'i accept the transitions of this automaton as: from q0 to q0 with f, from q0 to q1 with f, from q1 to q2 with f, from q2 to q3 with f, and from q3 to q4 with f.', 'intent': 'fsa-practical', 'argument': 'transition', 'dialogue_act': 'Ta:request', 'frame': {'transitions': [['q0', 'q0', 'f'], ['q0', 'q1', 'f'], ['q1', 'q2', 'f'], ['q2', 'q3', 'f'], ['q3', 'q4', 'f']]}};[1.0, 1.0, 1.0, 1.0]
Correctness;5;The automaton has the following transitions: from q0 to q0 with F, from q0 to q1 with F, from q1 to q2 with F, from q2 to q3 with F, and from q3 to q4 with F.;there is no transition between q0 and q0.;[];[0.0, 0.2, 0.0, 1.0];0.0;8;False;{'user_input': 'The automaton has the following transitions: from q0 to q0 with F, from q0 to q1 with F, from q1 to q2 with F, from q2 to q3 with F, and from q3 to q4 with F.', 'intent': 'fsa-practical', 'argument': 'transition', 'dialogue_act': 'Ta:request', 'frame': {'transitions': [['q0', 'q0', 'F'], ['q0', 'q1', 'F'], ['q1', 'q2', 'F'], ['q2', 'q3', 'F'], ['q3', 'q4', 'F']]}};[0.0, 0.2, 0.0, 1.0]
Correctness;5;What type of automaton is represented by this finite state machine?;The automaton accepts zero or more words formed by a sequence of the type 11000. In total there are 5 states: q0, q1, q2, q3 and q4. q0 is both the initial and the final state. The transitions are: q0 with value 1 goes to q1, q1 with value 1 goes to q2, q2 with value 0 goes to q3, q3 with value 0 goes to q4, q4 with value 0 goes to q0.;[];[0.2, 0.4, 0.3, 1.0];0.3;9;False;{'user_input': 'What type of automaton is represented by this finite state machine?', 'intent': 'fsa-practical', 'argument': 'automaton', 'dialogue_act': 'Ta:request', 'frame': {}};[0.2, 0.4, 0.3, 1.0]
Correctness;5;The transitions of the automaton are: from q0 to q0 with F, from q0 to q1 with F, from q1 to q2 with F, from q2 to q3 with F, and from q3 to q4 with F.;there is no transition between q0 and q0.;[];[0.0, 0.2, 0.0, 1.0];1.0;9;False;{'user_input': 'The transitions of the automaton are: from q0 to q0 with F, from q0 to q1 with F, from q1 to q2 with F, from q2 to q3 with F, and from q3 to q4 with F.', 'intent': 'fsa-practical', 'argument': 'transition', 'dialogue_act': 'Ta:request', 'frame': {'transitions': [['q0', 'q0', 'F'], ['q0', 'q1', 'F'], ['q1', 'q2', 'F'], ['q2', 'q3', 'F'], ['q3', 'q4', 'F']]}};[0.0, 0.2, 0.0, 1.0]
Correctness;5;goodbye, here are the transitions of the automaton: from q0 to q0 with f, from q0 to q1 with f, from q1 to q2 with f, from q2 to q3 with f, and from q3 to q4 with f.;there is no transition between q0 and q0.;[];[0.0, 0.9, 0.0, 1.0];0.0;10;False;{'user_input': 'goodbye, here are the transitions of the automaton: from q0 to q0 with f, from q0 to q1 with f, from q1 to q2 with f, from q2 to q3 with f, and from q3 to q4 with f.', 'intent': 'fsa-practical', 'argument': 'transition', 'dialogue_act': 'Ta:request', 'frame': {'transitions': [['q0', 'q0', 'f'], ['q0', 'q1', 'f'], ['q1', 'q2', 'f'], ['q2', 'q3', 'f'], ['q3', 'q4', 'f']]}};[0.0, 0.9, 0.0, 1.0]
Correctness;5;Could you list the transitions of the automaton for this pattern as: from q0 to q0 with label f, from q0 to q1 with label f, from q1 to q2 with label f, from q2 to q3 with label f, and from q3 to q4 with label f?;there is no transition between q0 and q0.;[];[0.9, 0.95, 1.0, 1.0];1.0;10;False;{'user_input': 'Could you list the transitions of the automaton for this pattern as: from q0 to q0 with label f, from q0 to q1 with label f, from q1 to q2 with label f, from q2 to q3 with label f, and from q3 to q4 with label f?', 'intent': 'fsa-practical', 'argument': 'transition', 'dialogue_act': 'Ta:request', 'frame': {'transitions': [['q0', 'q0', 'f'], ['q0', 'q1', 'f'], ['q1', 'q2', 'f'], ['q2', 'q3', 'f'], ['q3', 'q4', 'f']]}};[0.9, 0.95, 1.0, 1.0]
VisualRelevancy;1;Is it possible to go from q2 to q4 with a single transition in this automaton?;there is no transition between q2 and q4.;[];[1.0, 1.0, 1.0, 1.0];1.0;0;False;{'user_input': 'Is it possible to go from q2 to q4 with a single transition in this automaton?', 'intent': 'fsa-practical', 'argument': 'transition', 'dialogue_act': 'Ta:propositionalQuestion', 'frame': {'transitions': [['q2', 'q4', '?']]}};[1.0, 1.0, 1.0, 1.0]
VisualRelevancy;1;What is the label of the transition from state q2 to state q4?;there is no transition between q2 and q4.;[];[1.0, 1.0, 1.0, 1.0];1.0;0;False;{'user_input': 'What is the label of the transition from state q2 to state q4?', 'intent': 'fsa-practical', 'argument': 'transition', 'dialogue_act': 'Ta:request', 'frame': {'transitions': [['q2', 'q4', '?']]}};[1.0, 1.0, 1.0, 1.0]
VisualRelevancy;1;which state in this automaton has no transitions?;The automaton has 5 states: q0, q1, q2, q3 and q4.;['simbolo-q0', 'simbolo-q1', 'simbolo-q2', 'simbolo-q3', 'simbolo-q4'];[0.0, 0.2, 0.0, 0.9];0.2;1;False;{'user_input': 'which state in this automaton has no transitions?', 'intent': 'fsa-practical', 'argument': 'state', 'dialogue_act': 'Ta:request', 'frame': {'state': '?'}};[0.0, 0.2, 0.0, 0.9]
VisualRelevancy;1;from which state does this transition start in the shown automaton?;The initial state is q0.;['simbolo-q0'];[0.0, 0.2, 0.0, 0.8];0.8;1;False;{'user_input': 'from which state does this transition start in the shown automaton?', 'intent': 'fsa-practical', 'argument': 'state', 'dialogue_act': 'Ta:request', 'frame': {'initialState': '?'}};[0.0, 0.2, 0.0, 0.8]
VisualRelevancy;1;What are the states of this automaton?;The state q0 exists.;['simbolo-q0'];[0.2, 0.4, 0.2, 0.8];0.8;1;False;{'user_input': 'What are the states of this automaton?', 'intent': 'fsa-practical', 'argument': 'state', 'dialogue_act': 'Ta:request', 'frame': {'states': '?'}};[0.2, 0.4, 0.2, 0.8]
VisualRelevancy;1;what is the alphabet of this automaton?;Could you be more specific?;[];[0.0, 0.1, 0.0, 1.0];1.0;1;False;{'user_input': 'what is the alphabet of this automaton?', 'intent': 'fsa-practical', 'argument': 'alphabet', 'dialogue_act': 'Ta:request', 'frame': {'alphabet': '?'}};[0.0, 0.1, 0.0, 1.0]
VisualRelevancy;1;How many states are there in this automaton?;This automaton has 5 states;['simbolo-q0', 'simbolo-q1', 'simbolo-q2', 'simbolo-q3', 'simbolo-q4'];[1.0, 1.0, 1.0, 1.0];1.0;1;False;{'user_input': 'How many states are there in this automaton?', 'intent': 'fsa-practical', 'argument': 'state', 'dialogue_act': 'Ta:request', 'frame': {'numberOfStates': '?'}};[1.0, 1.0, 1.0, 1.0]
VisualRelevancy;1;Hello, could you tell me what the current state of this automaton is?;The automaton accepts zero or more words formed by a sequence of the type 11000. In total there are 5 states: q0, q1, q2, q3 and q4. q0 is both the initial and the final state. The transitions are: q0 with value 1 goes to q1, q1 with value 1 goes to q2, q2 with value 0 goes to q3, q3 with value 0 goes to q4, q4 with value 0 goes to q0.;[];[0.1, 0.3, 0.3, 1.0];0.9;1;False;{'user_input': 'Hello, could you tell me what the current state of this automaton is?', 'intent': 'fsa-practical', 'argument': 'automaton', 'dialogue_act': 'Ta:request', 'frame': {'state': '?'}};[0.1, 0.3, 0.3, 1.0]
VisualRelevancy;2;What is the value on the transition from q1 to q2 in the diagram?;The transition between q1 and q2 is with value 1.;['simbolo-q1-q2'];[1.0, 1.0, 1.0, 1.0];1.0;0;False;{'user_input': 'What is the value on the transition from q1 to q2 in the diagram?', 'intent': 'fsa-practical', 'argument': 'transition', 'dialogue_act': 'Ta:request', 'frame': {'transitions': [['q1', 'q2', '?']]}};[1.0, 1.0, 1.0, 1.0]
VisualRelevancy;2;hi, could you tell me what this is?;The transition between q1 and q2 is with value 1.;['simbolo-q1-q2'];[0.2, 0.2, 0.2, 0.9];0.8;0;False;{'user_input': 'hi, could you tell me what this is?', 'intent': 'fsa-practical', 'argument': None, 'dialogue_act': 'Ta:request', 'frame': {'transitions': [['q1', 'q2', '?']]}, '_raw_frame': {'N': 'N', 'a': 'a', 'n': 'n'}};[0.2, 0.2, 0.2, 0.9]
VisualRelevancy;2;can you show me an input that is not 11100?;Could you be more specific?;[];[0.1, 0.2, 0.1, 1.0];1.0;0;False;{'user_input': 'can you show me an input that is not 11100?', 'intent': 'fsa-practical', 'argument': 'pattern', 'dialogue_act': 'Ta:request', 'frame': {'input': '!pattern'}};[0.1, 0.2, 0.1, 1.0]
VisualRelevancy;2;what is the symbol of this?;Could you be more specific?;[];[0.1, 0.2, 0.1, 1.0];1.0;0;False;{'user_input': 'what is the symbol of this?', 'intent': 'fsa-practical', 'argument': 'alphabet', 'dialogue_act': 'Ta:request', 'frame': {'transitions': [['q1', 'q2', '?']]}, '_raw_frame': {'alphabet': '?'}};[0.1, 0.2, 0.1, 1.0]
VisualRelevancy;2;What is the label of the transition that goes from state q1 to state q2?;The transition between q1 and q2 is with value 1.;['simbolo-q1-q2'];[1.0, 1.0, 1.0, 1.0];1.0;0;False;{'user_input': 'What is the label of the transition that goes from state q1 to state q2?', 'intent': 'fsa-practical', 'argument': 'transition', 'dialogue_act': 'Ta:request', 'frame': {'transitions': [['q1', 'q2', '?']]}};[1.0, 1.0, 1.0, 1.0]
VisualRelevancy;2;what is the symbol of this in the automaton’s alphabet?;Could you be more specific?;[];[0.1, 0.2, 0.1, 1.0];1.0;0;False;{'user_input': 'what is the symbol of this in the automaton’s alphabet?', 'intent': 'fsa-practical', 'argument': 'alphabet', 'dialogue_act': 'Ta:request', 'frame': {'transitions': [['q1', 'q2', '?']]}, '_raw_frame': {'alphabet': '?'}};[0.1, 0.2, 0.1, 1.0]
VisualRelevancy;2;before i say goodbye, could you tell me what the missing label is for this?;The transition between q1 and q2 is with value 1.;['simbolo-q1-q2'];[0.0, 0.2, 0.0, 0.8];0.9;0;False;{'user_input': 'before i say goodbye, could you tell me what the missing label is for this?', 'intent': 'fsa-practical', 'argument': None, 'dialogue_act': 'Ta:request', 'frame': {'transitions': [['q1', 'q2', '?']]}, '_raw_frame': {}};[0.0, 0.2, 0.0, 0.8]
VisualRelevancy;3;Does this automaton accept any string that does not end in 000?;Could you be more specific?;[];[0.0, 0.1, 0.0, 1.0];1.0;0;False;{'user_input': 'Does this automaton accept any string that does not end in 000?', 'intent': 'fsa-practical', 'argument': 'language', 'dialogue_act': 'Ta:propositionalQuestion', 'frame': {'input': '?'}};[0.0, 0.1, 0.0, 1.0]
VisualRelevancy;3;What is the graphical representation of the language recognized by this automaton?;Could you be more specific?;[];[0.0, 0.1, 0.0, 1.0];1.0;0;False;{'user_input': 'What is the graphical representation of the language recognized by this automaton?', 'intent': 'fsa-practical', 'argument': 'language', 'dialogue_act': 'Ta:request', 'frame': {'graphicRepresentation': '?'}};[0.0, 0.1, 0.0, 1.0]
VisualRelevancy;3;What is the graphic representation of this finite state automaton?;The automaton accepts zero or more words formed by a sequence of the type 11000. In total there are 5 states: q0, q1, q2, q3 and q4. q0 is both the initial and the final state. The transitions are: q0 with value 1 goes to q1, q1 with value 1 goes to q2, q2 with value 0 goes to q3, q3 with value 0 goes to q4, q4 with value 0 goes to q0.;[];[0.9, 0.95, 0.9, 1.0];1.0;0;False;{'user_input': 'What is the graphic representation of this finite state automaton?', 'intent': 'fsa-practical', 'argument': 'automaton', 'dialogue_act': 'Ta:request', 'frame': {'graphicRepresentation': '?'}};[0.9, 0.95, 0.9, 1.0]
VisualRelevancy;3;can you show me the graphic representation of this automaton on your tablet?;The automaton accepts zero or more words formed by a sequence of the type 11000. In total there are 5 states: q0, q1, q2, q3 and q4. q0 is both the initial and the final state. The transitions are: q0 with value 1 goes to q1, q1 with value 1 goes to q2, q2 with value 0 goes to q3, q3 with value 0 goes to q4, q4 with value 0 goes to q0.;[];[0.4, 0.6, 0.5, 0.9];1.0;0;False;{'user_input': 'can you show me the graphic representation of this automaton on your tablet?', 'intent': 'fsa-practical', 'argument': 'automaton', 'dialogue_act': 'Ta:request', 'frame': {'graphicRepresentation': 'visual'}};[0.4, 0.6, 0.5, 0.9]
VisualRelevancy;3;can you tell me what information is available about this in this automaton?;The automaton accepts zero or more words formed by a sequence of the type 11000. In total there are 5 states: q0, q1, q2, q3 and q4. q0 is both the initial and the final state. The transitions are: q0 with value 1 goes to q1, q1 with value 1 goes to q2, q2 with value 0 goes to q3, q3 with value 0 goes to q4, q4 with value 0 goes to q0.;[];[0.9, 0.95, 0.9, 1.0];1.0;0;False;{'user_input': 'can you tell me what information is available about this in this automaton?', 'intent': 'fsa-practical', 'argument': 'automaton', 'dialogue_act': 'Ta:request', 'frame': {'states': ['q2']}, '_raw_frame': {}};[0.9, 0.95, 0.9, 1.0]
VisualRelevancy;3;which pattern does the automaton recognize when it reaches this?;Could you be more specific?;[];[0.1, 0.2, 0.1, 1.0];1.0;0;False;{'user_input': 'which pattern does the automaton recognize when it reaches this?', 'intent': 'fsa-practical', 'argument': 'pattern', 'dialogue_act': 'Ta:request', 'frame': {'states': ['q2']}, '_raw_frame': {'patternType': '?'}};[0.1, 0.2, 0.1, 1.0]
VisualRelevancy;3;hi, could you help me with this pattern by explaining the role of this in the automaton?;Could you be more specific?;[];[0.2, 0.2, 0.2, 1.0];1.0;0;False;{'user_input': 'hi, could you help me with this pattern by explaining the role of this in the automaton?', 'intent': 'fsa-practical', 'argument': 'pattern', 'dialogue_act': 'Ta:request', 'frame': {'states': ['q2']}, '_raw_frame': {'patternType': '?'}};[0.2, 0.2, 0.2, 1.0]
VisualRelevancy;3;what language is accepted by the automaton starting from this?;Could you be more specific?;[];[0.1, 0.2, 0.1, 1.0];1.0;0;False;{'user_input': 'what language is accepted by the automaton starting from this?', 'intent': 'fsa-practical', 'argument': 'language', 'dialogue_act': 'Ta:request', 'frame': {'states': ['q2']}, '_raw_frame': {'input': '?'}};[0.1, 0.2, 0.1, 1.0]
VisualRelevancy;3;is the language recognized by this deterministic automaton deterministic or nondeterministic?;Could you be more specific?;[];[0.0, 0.1, 0.0, 1.0];1.0;0;False;{'user_input': 'is the language recognized by this deterministic automaton deterministic or nondeterministic?', 'intent': 'fsa-practical', 'argument': 'language', 'dialogue_act': 'Ta:propositionalQuestion', 'frame': {'input': '?'}};[0.0, 0.1, 0.0, 1.0]
VisualRelevancy;3;what is the language accepted by this automaton, and to which state does the computation end?;Could you be more specific?;[];[0.0, 0.1, 0.0, 1.0];1.0;0;False;{'user_input': 'what is the language accepted by this automaton, and to which state does the computation end?', 'intent': 'fsa-practical', 'argument': 'language', 'dialogue_act': 'Ta:request', 'frame': {'input': '?', 'output': '?'}};[0.0, 0.1, 0.0, 1.0]
VisualRelevancy;3;In this finite state automaton, what is the language it accepts if it has only 2 states?;The number of states is incorrect.;['simbolo-q0', 'simbolo-q1', 'simbolo-q2', 'simbolo-q3', 'simbolo-q4'];[0.1, 0.2, 0.1, 0.9];0.9;0;False;{'user_input': 'In this finite state automaton, what is the language it accepts if it has only 2 states?', 'intent': 'fsa-practical', 'argument': 'state', 'dialogue_act': 'Ta:request', 'frame': {'numberOfStates': '2'}};[0.1, 0.2, 0.1, 0.9]
VisualRelevancy;3;there are 2 states in this automaton.;The number of states is incorrect.;['simbolo-q0', 'simbolo-q1', 'simbolo-q2', 'simbolo-q3', 'simbolo-q4'];[1.0, 1.0, 1.0, 1.0];1.0;0;False;{'user_input': 'there are 2 states in this automaton.', 'intent': 'fsa-practical', 'argument': 'state', 'dialogue_act': 'Ta:request', 'frame': {'numberOfStates': '2'}};[1.0, 1.0, 1.0, 1.0]
VisualRelevancy;3;can you tell me the language accepted by an automaton that has exactly 2 states?;Could you be more specific?;[];[0.1, 0.2, 0.1, 1.0];1.0;0;False;{'user_input': 'can you tell me the language accepted by an automaton that has exactly 2 states?', 'intent': 'fsa-practical', 'argument': 'language', 'dialogue_act': 'Ta:request', 'frame': {'numberOfStates': '2'}};[0.1, 0.2, 0.1, 1.0]
VisualRelevancy;3;set a new question about the states of this automaton where the number of states is 2.;The number of states is incorrect.;['simbolo-q0', 'simbolo-q1', 'simbolo-q2', 'simbolo-q3', 'simbolo-q4'];[0.9, 0.9, 0.9, 0.2];0.2;1;False;{'user_input': 'set a new question about the states of this automaton where the number of states is 2.', 'intent': 'fsa-practical', 'argument': 'state', 'dialogue_act': 'Ta:request', 'frame': {'numberOfStates': '2'}};[0.9, 0.9, 0.9, 0.2]
VisualRelevancy;3;can you tell me if this automaton has 2 states?;This automaton has 5 states;['simbolo-q0', 'simbolo-q1', 'simbolo-q2', 'simbolo-q3', 'simbolo-q4'];[1.0, 1.0, 1.0, 1.0];1.0;1;False;{'user_input': 'can you tell me if this automaton has 2 states?', 'intent': 'fsa-practical', 'argument': 'state', 'dialogue_act': 'Ta:request', 'frame': {'numberOfStates': '?'}};[1.0, 1.0, 1.0, 1.0]
VisualRelevancy;4;How many transitions in total are drawn in this finite state machine?;MUTATION The automaton has 5 transitions: q0 with value 1 goes to q1, q1 with value 1 goes to q2, q2 with value 0 goes to q3, q3 with value 0 goes to q4, q4 with value 0 goes to q0.;['simbolo-q0-q1', 'simbolo-q1-q2', 'simbolo-q2-q3', 'simbolo-q3-q4', 'simbolo-q4-q0'];[1.0, 1.0, 1.0, 1.0];1.0;0;True;{'user_input': 'How many transitions in total are drawn in this finite state machine?', 'intent': 'fsa-practical', 'argument': 'transition', 'dialogue_act': 'Ta:request', 'frame': {'numberOfTransitions': '?'}};[1.0, 1.0, 1.0, 1.0]
VisualRelevancy;4;How many transitions does this automaton have?;MUTATION The automaton has 5 transitions: q0 with value 1 goes to q1, q1 with value 1 goes to q2, q2 with value 0 goes to q3, q3 with value 0 goes to q4, q4 with value 0 goes to q0.;['simbolo-q0-q1', 'simbolo-q1-q2', 'simbolo-q2-q3', 'simbolo-q3-q4', 'simbolo-q4-q0'];[1.0, 1.0, 1.0, 1.0];1.0;0;True;{'user_input': 'How many transitions does this automaton have?', 'intent': 'fsa-practical', 'argument': 'transition', 'dialogue_act': 'Ta:request', 'frame': {'numberOfTransitions': '?'}};[1.0, 1.0, 1.0, 1.0]
VisualRelevancy;4;How many transitions are there in this automaton?;MUTATION The automaton has 5 transitions: q0 with value 1 goes to q1, q1 with value 1 goes to q2, q2 with value 0 goes to q3, q3 with value 0 goes to q4, q4 with value 0 goes to q0.;['simbolo-q0-q1', 'simbolo-q1-q2', 'simbolo-q2-q3', 'simbolo-q3-q4', 'simbolo-q4-q0'];[1.0, 1.0, 1.0, 1.0];1.0;0;True;{'user_input': 'How many transitions are there in this automaton?', 'intent': 'fsa-practical', 'argument': 'transition', 'dialogue_act': 'Ta:request', 'frame': {'numberOfTransitions': '?'}};[1.0, 1.0, 1.0, 1.0]
VisualRelevancy;4;how many transitions does this automaton have?;MUTATION The automaton has 5 transitions: q0 with value 1 goes to q1, q1 with value 1 goes to q2, q2 with value 0 goes to q3, q3 with value 0 goes to q4, q4 with value 0 goes to q0.;['simbolo-q0-q1', 'simbolo-q1-q2', 'simbolo-q2-q3', 'simbolo-q3-q4', 'simbolo-q4-q0'];[1.0, 1.0, 1.0, 1.0];1.0;0;True;{'user_input': 'how many transitions does this automaton have?', 'intent': 'fsa-practical', 'argument': 'transition', 'dialogue_act': 'Ta:request', 'frame': {'numberOfTransitions': '?'}};[1.0, 1.0, 1.0, 1.0]
VisualRelevancy;4;Is the transition function of this automaton deterministic?;MUTATION The automaton has 5 transitions: q0 with value 1 goes to q1, q1 with value 1 goes to q2, q2 with value 0 goes to q3, q3 with value 0 goes to q4, q4 with value 0 goes to q0.;['simbolo-q0-q1', 'simbolo-q1-q2', 'simbolo-q2-q3', 'simbolo-q3-q4', 'simbolo-q4-q0'];[0.1, 0.2, 0.2, 1.0];1.0;0;True;{'user_input': 'Is the transition function of this automaton deterministic?', 'intent': 'fsa-practical', 'argument': 'transition', 'dialogue_act': 'Ta:propositionalQuestion', 'frame': {'transitionalSymbol': '?'}};[0.1, 0.2, 0.2, 1.0]
VisualRelevancy;4;from this, what transition does the automaton have?;There is no transition between q3 and q0.;[];[0.1, 0.2, 0.1, 1.0];1.0;0;False;{'user_input': 'from this, what transition does the automaton have?', 'intent': 'fsa-practical', 'argument': 'transition', 'dialogue_act': 'Ta:request', 'frame': {'states': ['q3']}, '_raw_frame': {}};[0.1, 0.2, 0.1, 1.0]
VisualRelevancy;4;what are the transitions that start from this?;There is no transition between q3 and q0.;[];[0.0, 0.1, 0.0, 1.0];1.0;0;False;{'user_input': 'what are the transitions that start from this?', 'intent': 'fsa-practical', 'argument': 'transition', 'dialogue_act': 'Ta:request', 'frame': {'states': ['q3']}, '_raw_frame': {'transitions': []}};[0.0, 0.1, 0.0, 1.0]
VisualRelevancy;4;What are the transitions that start from state q3?;MUTATION The automaton has 5 transitions: q0 with value 1 goes to q1, q1 with value 1 goes to q2, q2 with value 0 goes to q3, q3 with value 0 goes to q4, q4 with value 0 goes to q0.;['simbolo-q0-q1', 'simbolo-q1-q2', 'simbolo-q2-q3', 'simbolo-q3-q4', 'simbolo-q4-q0'];[0.4, 0.5, 0.5, 0.2];0.9;0;True;{'user_input': 'What are the transitions that start from state q3?', 'intent': 'fsa-practical', 'argument': 'transition', 'dialogue_act': 'Ta:request', 'frame': {'transitions': []}};[0.4, 0.5, 0.5, 0.2]
VisualRelevancy;4;"yes, i accept this turn; now i will describe the transitions of the automaton shown on the tablet.";MUTATION The automaton has 5 transitions: q0 with value 1 goes to q1, q1 with value 1 goes to q2, q2 with value 0 goes to q3, q3 with value 0 goes to q4, q4 with value 0 goes to q0.;['simbolo-q0-q1', 'simbolo-q1-q2', 'simbolo-q2-q3', 'simbolo-q3-q4', 'simbolo-q4-q0'];[1.0, 1.0, 1.0, 1.0];1.0;0;True;"{'user_input': 'yes, i accept this turn; now i will describe the transitions of the automaton shown on the tablet.', 'intent': 'fsa-practical', 'argument': 'transition', 'dialogue_act': 'Ta:propositionalQuestion', 'frame': {'transitions': []}}";[1.0, 1.0, 1.0, 1.0]
VisualRelevancy;4;the transitions of this automaton are wrong.;MUTATION The automaton has 5 transitions: q0 with value 1 goes to q1, q1 with value 1 goes to q2, q2 with value 0 goes to q3, q3 with value 0 goes to q4, q4 with value 0 goes to q0.;['simbolo-q0-q1', 'simbolo-q1-q2', 'simbolo-q2-q3', 'simbolo-q3-q4', 'simbolo-q4-q0'];[0.1, 0.4, 0.2, 0.9];0.9;0;True;{'user_input': 'the transitions of this automaton are wrong.', 'intent': 'fsa-practical', 'argument': 'transition', 'dialogue_act': 'Ta:request', 'frame': {'transitions': []}};[0.1, 0.4, 0.2, 0.9]
VisualRelevancy;4;How many final states do the transitions of this automaton lead to?;The automaton has 5 states: q0, q1, q2, q3 and q4.;['simbolo-q0', 'simbolo-q1', 'simbolo-q2', 'simbolo-q3', 'simbolo-q4'];[0.0, 0.2, 0.0, 0.2];0.8;0;False;{'user_input': 'How many final states do the transitions of this automaton lead to?', 'intent': 'fsa-practical', 'argument': 'state', 'dialogue_act': 'Ta:request', 'frame': {'numberOfFinalStates': '?'}};[0.0, 0.2, 0.0, 0.2]
VisualRelevancy;4;Can you give me information about the state q2 in this automaton?;The state q0 exists.;['simbolo-q0'];[0.0, 0.0, 0.0, 0.0];0.0;1;False;{'user_input': 'Can you give me information about the state q2 in this automaton?', 'intent': 'fsa-practical', 'argument': 'state', 'dialogue_act': 'Ta:request', 'frame': {'states': 'q2'}};[0.0, 0.0, 0.0, 0.0]
VisualRelevancy;4;what is the role of this in this finite state automaton?;The state q2 exists.;['simbolo-q2'];[0.0, 0.1, 0.0, 0.9];0.8;1;False;{'user_input': 'what is the role of this in this finite state automaton?', 'intent': 'fsa-practical', 'argument': 'state', 'dialogue_act': 'Ta:request', 'frame': {'states': ['q2']}, '_raw_frame': {'state': '?'}};[0.0, 0.1, 0.0, 0.9]
VisualRelevancy;4;which state do i reach if i follow the clockwise pattern in this automaton?;The state q0 exists.;['simbolo-q0'];[0.1, 0.2, 0.1, 0.9];0.9;1;False;{'user_input': 'which state do i reach if i follow the clockwise pattern in this automaton?', 'intent': 'fsa-practical', 'argument': 'state', 'dialogue_act': 'Ta:request', 'frame': {'states': '?'}};[0.1, 0.2, 0.1, 0.9]
VisualRelevancy;4;What is the role of state q2 in this finite state automaton?;The state q2 exists.;['simbolo-q2'];[0.1, 0.2, 0.1, 0.9];0.9;1;False;{'user_input': 'What is the role of state q2 in this finite state automaton?', 'intent': 'fsa-practical', 'argument': 'state', 'dialogue_act': 'Ta:request', 'frame': {'states': ['q2']}};[0.1, 0.2, 0.1, 0.9]
VisualRelevancy;5;Is this automaton deterministic or nondeterministic?;The automaton accepts zero or more words formed by a sequence of the type 11000. In total there are 5 states: q0, q1, q2, q3 and q4. q0 is both the initial and the final state. The transitions are: q0 with value 1 goes to q1, q1 with value 1 goes to q2, q2 with value 0 goes to q3, q3 with value 0 goes to q4, q4 with value 0 goes to q0.;[];[0.0, 0.3, 0.2, 1.0];1.0;0;False;{'user_input': 'Is this automaton deterministic or nondeterministic?', 'intent': 'fsa-practical', 'argument': 'automaton', 'dialogue_act': 'Ta:request', 'frame': {'input': '?'}};[0.0, 0.3, 0.2, 1.0]
VisualRelevancy;5;What input strings does this automaton accept?;Could you be more specific?;[];[0.0, 0.1, 0.0, 1.0];1.0;0;False;{'user_input': 'What input strings does this automaton accept?', 'intent': 'fsa-practical', 'argument': 'language', 'dialogue_act': 'Ta:request', 'frame': {'input': '?'}};[0.0, 0.1, 0.0, 1.0]
VisualRelevancy;5;what is the language accepted by this finite state automaton for an input string?;Could you be more specific?;[];[0.0, 0.1, 0.0, 1.0];1.0;0;False;{'user_input': 'what is the language accepted by this finite state automaton for an input string?', 'intent': 'fsa-practical', 'argument': 'language', 'dialogue_act': 'Ta:request', 'frame': {'input': '?'}};[0.0, 0.1, 0.0, 1.0]
VisualRelevancy;5;What is the language accepted by this automaton for the input string?;Could you be more specific?;[];[0.1, 0.2, 0.1, 1.0];1.0;0;False;{'user_input': 'What is the language accepted by this automaton for the input string?', 'intent': 'fsa-practical', 'argument': 'language', 'dialogue_act': 'Ta:propositionalQuestion', 'frame': {'input': '?'}};[0.1, 0.2, 0.1, 1.0]
VisualRelevancy;5;For which input strings is the language of this automaton defined?;Could you be more specific?;[];[0.0, 0.1, 0.0, 1.0];1.0;0;False;{'user_input': 'For which input strings is the language of this automaton defined?', 'intent': 'fsa-practical', 'argument': 'language', 'dialogue_act': 'Ta:request', 'frame': {'input': '?'}};[0.0, 0.1, 0.0, 1.0]
VisualRelevancy;5;What is the language recognized by this finite state automaton for an input string?;Could you be more specific?;[];[0.0, 0.1, 0.0, 1.0];1.0;0;False;{'user_input': 'What is the language recognized by this finite state automaton for an input string?', 'intent': 'fsa-practical', 'argument': 'language', 'dialogue_act': 'Ta:request', 'frame': {'input': '?'}};[0.0, 0.1, 0.0, 1.0]
VisualRelevancy;5;what is the language accepted by this finite state automaton for an arbitrary input string?;Could you be more specific?;[];[0.0, 0.1, 0.0, 1.0];1.0;0;False;{'user_input': 'what is the language accepted by this finite state automaton for an arbitrary input string?', 'intent': 'fsa-practical', 'argument': 'language', 'dialogue_act': 'Ta:request', 'frame': {'input': '?'}};[0.0, 0.1, 0.0, 1.0]
VisualRelevancy;5;What is the language recognized by this finite state automaton for an arbitrary input string?;Could you be more specific?;[];[0.0, 0.1, 0.0, 1.0];1.0;0;False;{'user_input': 'What is the language recognized by this finite state automaton for an arbitrary input string?', 'intent': 'fsa-practical', 'argument': 'language', 'dialogue_act': 'Ta:request', 'frame': {'input': '?'}};[0.0, 0.1, 0.0, 1.0]
VisualRelevancy;5;what is the number of final states in the language recognized by this automaton?;The automaton has 5 states: q0, q1, q2, q3 and q4.;['simbolo-q0', 'simbolo-q1', 'simbolo-q2', 'simbolo-q3', 'simbolo-q4'];[0.0, 0.2, 0.0, 0.9];0.9;0;False;{'user_input': 'what is the number of final states in the language recognized by this automaton?', 'intent': 'fsa-practical', 'argument': 'state', 'dialogue_act': 'Ta:request', 'frame': {'numberOfFinalStates': '?'}};[0.0, 0.2, 0.0, 0.9]
VisualRelevancy;5;sorry, i meant to say: how many final states does this automaton have?;The automaton has 5 states: q0, q1, q2, q3 and q4.;['simbolo-q0', 'simbolo-q1', 'simbolo-q2', 'simbolo-q3', 'simbolo-q4'];[0.0, 0.2, 0.0, 0.2];0.2;1;False;{'user_input': 'sorry, i meant to say: how many final states does this automaton have?', 'intent': 'fsa-practical', 'argument': 'state', 'dialogue_act': 'Ta:request', 'frame': {'numberOfFinalStates': '?'}};[0.0, 0.2, 0.0, 0.2]
VisualRelevancy;5;how many final states does this automaton have?;The automaton has 5 states: q0, q1, q2, q3 and q4.;['simbolo-q0', 'simbolo-q1', 'simbolo-q2', 'simbolo-q3', 'simbolo-q4'];[0.0, 0.2, 0.0, 0.2];0.2;2;False;{'user_input': 'how many final states does this automaton have?', 'intent': 'fsa-practical', 'argument': 'state', 'dialogue_act': 'Ta:request', 'frame': {'numberOfFinalStates': '?'}};[0.0, 0.2, 0.0, 0.2]
VisualRelevancy;5;How many final states does this automaton have?;The automaton has 5 states: q0, q1, q2, q3 and q4.;['simbolo-q0', 'simbolo-q1', 'simbolo-q2', 'simbolo-q3', 'simbolo-q4'];[0.0, 0.2, 0.0, 0.2];0.2;3;False;{'user_input': 'How many final states does this automaton have?', 'intent': 'fsa-practical', 'argument': 'state', 'dialogue_act': 'Ta:request', 'frame': {'numberOfFinalStates': '?'}};[0.0, 0.2, 0.0, 0.2]
VisualRelevancy;5;Sorry, I meant to say that q0 is the only final state in this automaton, so how many final states does it have?;The automaton has 5 states: q0, q1, q2, q3 and q4.;['simbolo-q0', 'simbolo-q1', 'simbolo-q2', 'simbolo-q3', 'simbolo-q4'];[0.0, 0.1, 0.0, 0.2];0.2;4;False;{'user_input': 'Sorry, I meant to say that q0 is the only final state in this automaton, so how many final states does it have?', 'intent': 'fsa-practical', 'argument': 'state', 'dialogue_act': 'Ta:request', 'frame': {'numberOfFinalStates': '?'}};[0.0, 0.1, 0.0, 0.2]
VisualRelevancy;5;How many final states does this automaton have?;The automaton has 5 states: q0, q1, q2, q3 and q4.;['simbolo-q0', 'simbolo-q1', 'simbolo-q2', 'simbolo-q3', 'simbolo-q4'];[0.0, 0.2, 0.0, 0.2];0.2;5;False;{'user_input': 'How many final states does this automaton have?', 'intent': 'fsa-practical', 'argument': 'state', 'dialogue_act': 'Ta:request', 'frame': {'numberOfFinalStates': '?'}};[0.0, 0.2, 0.0, 0.2]
VisualRelevancy;5;how many final states does this automaton have?;The automaton has 5 states: q0, q1, q2, q3 and q4.;['simbolo-q0', 'simbolo-q1', 'simbolo-q2', 'simbolo-q3', 'simbolo-q4'];[0.0, 0.2, 0.0, 0.2];0.2;6;False;{'user_input': 'how many final states does this automaton have?', 'intent': 'fsa-practical', 'argument': 'state', 'dialogue_act': 'Ta:request', 'frame': {'numberOfFinalStates': '?'}};[0.0, 0.2, 0.0, 0.2]
BaseLine;-9;Can I jump directly from q2 to q4 in this automaton?;there is no transition between q2 and q4.;[];[1.0, 1.0, 1.0, 0.9];-1;-1;False;{'user_input': 'Can I jump directly from q2 to q4 in this automaton?', 'intent': 'fsa-practical', 'argument': 'transition', 'dialogue_act': 'Ta:propositionalQuestion', 'frame': {'transitions': [['q2', 'q4', '?']]}};[1.0, 1.0, 1.0, 0.9]
BaseLine;-8;What do we call the kind of language that this machine recognizes?;Could you be more specific?;[];[0.0, 0.1, 0.0, 1.0];-1;-1;False;{'user_input': 'What do we call the kind of language that this machine recognizes?', 'intent': 'fsa-practical', 'argument': 'language', 'dialogue_act': 'Ta:request', 'frame': {'input': '?'}};[0.0, 0.1, 0.0, 1.0]
BaseLine;-9;Is q0 the only state that accepts a string?;The automaton has 5 states: q0, q1, q2, q3 and q4.;['simbolo-q0', 'simbolo-q1', 'simbolo-q2', 'simbolo-q3', 'simbolo-q4'];[0.1, 0.2, 0.2, 0.8];-1;-1;False;{'user_input': 'Is q0 the only state that accepts a string?', 'intent': 'fsa-practical', 'argument': 'state', 'dialogue_act': 'Ta:request', 'frame': {'state': 'q0'}};[0.1, 0.2, 0.2, 0.8]
BaseLine;-8;From q2 do I ever reach q4 by following just one transition?;The automaton accepts zero or more words formed by a sequence of the type 11000. In total there are 5 states: q0, q1, q2, q3 and q4. q0 is both the initial and the final state. The transitions are: q0 with value 1 goes to q1, q1 with value 1 goes to q2, q2 with value 0 goes to q3, q3 with value 0 goes to q4, q4 with value 0 goes to q0.;[];[0.1, 0.3, 0.2, 0.9];-1;-1;False;{'user_input': 'From q2 do I ever reach q4 by following just one transition?', 'intent': None, 'argument': None, 'dialogue_act': None, 'frame': {}};[0.1, 0.3, 0.2, 0.9]
BaseLine;-7;Tell me the label on the arrow that goes from q3 back toward q0.;there is no transition between q3 and q0.;[];[1.0, 1.0, 1.0, 1.0];-1;-1;False;{'user_input': 'Tell me the label on the arrow that goes from q3 back toward q0.', 'intent': 'fsa-practical', 'argument': 'transition', 'dialogue_act': 'Ta:request', 'frame': {'transitions': [['q3', 'q0', '?']]}};[1.0, 1.0, 1.0, 1.0]
BaseLine;-6;Which state do I start in before I read any input symbols?;The initial state is q0.;['simbolo-q0'];[1.0, 1.0, 1.0, 1.0];-1;-1;False;{'user_input': 'Which state do I start in before I read any input symbols?', 'intent': 'fsa-practical', 'argument': 'state', 'dialogue_act': 'Ta:request', 'frame': {'initialState': '?'}};[1.0, 1.0, 1.0, 1.0]
BaseLine;-5;How many arrows total leave all the states in this machine?;MUTATION The automaton has 5 transitions: q0 with value 1 goes to q1, q1 with value 1 goes to q2, q2 with value 0 goes to q3, q3 with value 0 goes to q4, q4 with value 0 goes to q0.;['simbolo-q0-q1', 'simbolo-q1-q2', 'simbolo-q2-q3', 'simbolo-q3-q4', 'simbolo-q4-q0'];[1.0, 1.0, 1.0, 1.0];-1;-1;True;{'user_input': 'How many arrows total leave all the states in this machine?', 'intent': 'fsa-practical', 'argument': 'transition', 'dialogue_act': 'Ta:request', 'frame': {'numberOfTransitions': '?'}};[1.0, 1.0, 1.0, 1.0]
BaseLine;-4;What kind of language does this automaton recognize in theory?;Could you be more specific?;[];[0.0, 0.1, 0.0, 1.0];-1;-1;False;{'user_input': 'What kind of language does this automaton recognize in theory?', 'intent': 'fsa-practical', 'argument': 'language', 'dialogue_act': 'Ta:request', 'frame': {'input': '?'}};[0.0, 0.1, 0.0, 1.0]
BaseLine;-3;Does this automaton count as deterministic or something else?;The automaton accepts zero or more words formed by a sequence of the type 11000. In total there are 5 states: q0, q1, q2, q3 and q4. q0 is both the initial and the final state. The transitions are: q0 with value 1 goes to q1, q1 with value 1 goes to q2, q2 with value 0 goes to q3, q3 with value 0 goes to q4, q4 with value 0 goes to q0.;[];[0.2, 0.4, 0.3, 1.0];-1;-1;False;{'user_input': 'Does this automaton count as deterministic or something else?', 'intent': 'fsa-practical', 'argument': 'automaton', 'dialogue_act': 'Ta:propositionalQuestion', 'frame': {'automatonType': '?'}};[0.2, 0.4, 0.3, 1.0]
BaseLine;-2;Show me an input that this machine would reject completely.;Could you be more specific?;[];[0.0, 0.1, 0.0, 1.0];-1;-1;False;{'user_input': 'Show me an input that this machine would reject completely.', 'intent': 'fsa-practical', 'argument': 'language', 'dialogue_act': 'Ta:request', 'frame': {'input': '?'}};[0.0, 0.1, 0.0, 1.0]
BaseLine;-1;List every state that is considered final in this diagram.;The state q0 exists.;['simbolo-q0'];[1.0, 1.0, 1.0, 1.0];-1;-1;False;{'user_input': 'List every state that is considered final in this diagram.', 'intent': 'fsa-practical', 'argument': 'state', 'dialogue_act': 'Ta:request', 'frame': {'states': '?'}};[1.0, 1.0, 1.0, 1.0]
BaseLine;0;How many symbols are there in the alphabet used by this automaton?;The automaton accepts zero or more words formed by a sequence of the type 11000. In total there are 5 states: q0, q1, q2, q3 and q4. q0 is both the initial and the final state. The transitions are: q0 with value 1 goes to q1, q1 with value 1 goes to q2, q2 with value 0 goes to q3, q3 with value 0 goes to q4, q4 with value 0 goes to q0.;[];[0.0, 0.3, 0.0, 1.0];-1;-1;False;{'user_input': 'How many symbols are there in the alphabet used by this automaton?', 'intent': 'fsa-practical', 'argument': None, 'dialogue_act': 'Ta:request', 'frame': {'alphabetSize': '?'}};[0.0, 0.3, 0.0, 1.0]
BaseLine;1;What word of length five does this automaton accept first if I begin in q0?;Could you be more specific?;[];[0.0, 0.1, 0.0, 1.0];-1;-1;False;{'user_input': 'What word of length five does this automaton accept first if I begin in q0?', 'intent': 'fsa-practical', 'argument': 'language', 'dialogue_act': 'Ta:propositionalQuestion', 'frame': {'input': 'five-letter-word'}};[0.0, 0.1, 0.0, 1.0]
BaseLine;2;Give me the transition description that begins at q1.;the transition is not defined.;[];[0.0, 0.2, 0.0, 1.0];-1;-1;False;{'user_input': 'Give me the transition description that begins at q1.', 'intent': 'fsa-practical', 'argument': 'transition', 'dialogue_act': 'Ta:request', 'frame': {'transitions': [['q1', '?', '?']]}};[0.0, 0.2, 0.0, 1.0]
BaseLine;3;Is there any state here that has no outgoing arrows at all?;The state q0 exists.;['simbolo-q0'];[0.0, 0.1, 0.0, 0.0];-1;-1;False;{'user_input': 'Is there any state here that has no outgoing arrows at all?', 'intent': 'fsa-practical', 'argument': 'state', 'dialogue_act': 'Ta:request', 'frame': {'states': '?'}};[0.0, 0.1, 0.0, 0.0]
BaseLine;4;What regular language pattern do these 1s and 0s seem to define?;Could you be more specific?;[];[0.1, 0.1, 0.1, 1.0];-1;-1;False;{'user_input': 'What regular language pattern do these 1s and 0s seem to define?', 'intent': 'fsa-practical', 'argument': 'pattern', 'dialogue_act': 'Ta:request', 'frame': {'patternType': '?'}};[0.1, 0.1, 0.1, 1.0]
BaseLine;5;If I want to see the whole diagram again, what is its graphical shape called?;Could you be more specific?;[];[0.1, 0.1, 0.1, 1.0];-1;-1;False;{'user_input': 'If I want to see the whole diagram again, what is its graphical shape called?', 'intent': 'fsa-practical', 'argument': 'pattern', 'dialogue_act': 'Ta:request', 'frame': {'graphicShape': '?'}};[0.1, 0.1, 0.1, 1.0]
BaseLine;6;Can I move from q2 straight to q4 in this diagram?;there is no transition between q2 and q4.;[];[1.0, 1.0, 1.0, 1.0];-1;-1;False;{'user_input': 'Can I move from q2 straight to q4 in this diagram?', 'intent': 'fsa-practical', 'argument': 'transition', 'dialogue_act': 'Ta:request', 'frame': {'transitions': [['q2', 'q4', '?']]}};[1.0, 1.0, 1.0, 1.0]
BaseLine;7;What label sits on the arrow that goes from q1 to q2?;The transition between q1 and q2 is with value 1.;['simbolo-q1-q2'];[1.0, 1.0, 1.0, 1.0];-1;-1;False;{'user_input': 'What label sits on the arrow that goes from q1 to q2?', 'intent': 'fsa-practical', 'argument': 'transition', 'dialogue_act': 'Ta:request', 'frame': {'transitions': [['q1', 'q2', '?']]}};[1.0, 1.0, 1.0, 1.0]
BaseLine;8;Show me which state is the starting point of this automaton.;The state q0 exists.;['simbolo-q0'];[0.4, 0.5, 0.5, 0.9];-1;-1;False;{'user_input': 'Show me which state is the starting point of this automaton.', 'intent': 'fsa-practical', 'argument': 'state', 'dialogue_act': 'Ta:request', 'frame': {'states': '?'}};[0.4, 0.5, 0.5, 0.9]
BaseLine;9;Tell me which states in this picture count as final.;The final state is q0.;['simbolo-q0'];[1.0, 1.0, 1.0, 1.0];-1;-1;False;{'user_input': 'Tell me which states in this picture count as final.', 'intent': 'fsa-practical', 'argument': 'state', 'dialogue_act': 'Ta:request', 'frame': {'finalStates': '?'}};[1.0, 1.0, 1.0, 1.0]
BaseLine;10;How many arrows in total leave all the states here?;MUTATION The automaton has 5 transitions: q0 with value 1 goes to q1, q1 with value 1 goes to q2, q2 with value 0 goes to q3, q3 with value 0 goes to q4, q4 with value 0 goes to q0.;['simbolo-q0-q1', 'simbolo-q1-q2', 'simbolo-q2-q3', 'simbolo-q3-q4', 'simbolo-q4-q0'];[1.0, 1.0, 1.0, 1.0];-1;-1;True;{'user_input': 'How many arrows in total leave all the states here?', 'intent': 'fsa-practical', 'argument': 'transition', 'dialogue_act': 'Ta:request', 'frame': {'numberOfTransitions': '?'}};[1.0, 1.0, 1.0, 1.0]
BaseLine;11;List every state that appears in this automaton.;The state q0 exists.;['simbolo-q0'];[0.2, 0.3, 0.2, 0.9];-1;-1;False;{'user_input': 'List every state that appears in this automaton.', 'intent': 'fsa-practical', 'argument': 'state', 'dialogue_act': 'Ta:request', 'frame': {'states': '?'}};[0.2, 0.3, 0.2, 0.9]
BaseLine;12;What symbols make up the alphabet that this machine understands?;Could you be more specific?;[];[0.0, 0.1, 0.0, 1.0];-1;-1;False;{'user_input': 'What symbols make up the alphabet that this machine understands?', 'intent': 'fsa-practical', 'argument': 'alphabet', 'dialogue_act': 'Ta:request', 'frame': {'alphabet': '?'}};[0.0, 0.1, 0.0, 1.0]
BaseLine;13;Does this machine accept the input 11000?;Could you be more specific?;[];[0.0, 0.1, 0.0, 1.0];-1;-1;False;{'user_input': 'Does this machine accept the input 11000?', 'intent': 'fsa-practical', 'argument': 'language', 'dialogue_act': 'Ta:propositionalQuestion', 'frame': {'input': '11000'}};[0.0, 0.1, 0.0, 1.0]
BaseLine;14;Explain what language this automaton is supposed to recognize.;Could you be more specific?;[];[0.0, 0.1, 0.0, 1.0];-1;-1;False;{'user_input': 'Explain what language this automaton is supposed to recognize.', 'intent': 'fsa-practical', 'argument': 'language', 'dialogue_act': 'Ta:request', 'frame': {'input': '?'}};[0.0, 0.1, 0.0, 1.0]
BaseLine;15;Tell me if this automaton is deterministic or not.;The automaton accepts zero or more words formed by a sequence of the type 11000. In total there are 5 states: q0, q1, q2, q3 and q4. q0 is both the initial and the final state. The transitions are: q0 with value 1 goes to q1, q1 with value 1 goes to q2, q2 with value 0 goes to q3, q3 with value 0 goes to q4, q4 with value 0 goes to q0.;[];[0.1, 0.2, 0.2, 1.0];-1;-1;False;{'user_input': 'Tell me if this automaton is deterministic or not.', 'intent': 'fsa-practical', 'argument': 'automaton', 'dialogue_act': 'Ta:propositionalQuestion', 'frame': {'deterministic': '?'}};[0.1, 0.2, 0.2, 1.0]
BaseLine;16;Which single state here has both the initial and final markings?;The initial state is q0.;['simbolo-q0'];[1.0, 1.0, 1.0, 1.0];-1;-1;False;{'user_input': 'Which single state here has both the initial and final markings?', 'intent': 'fsa-practical', 'argument': 'state', 'dialogue_act': 'Ta:request', 'frame': {'initialState': '?'}};[1.0, 1.0, 1.0, 1.0]
BaseLine;17;Point out the transition that brings the machine back to q0.;MUTATION The automaton has 5 transitions: q0 with value 1 goes to q1, q1 with value 1 goes to q2, q2 with value 0 goes to q3, q3 with value 0 goes to q4, q4 with value 0 goes to q0.;['simbolo-q0-q1', 'simbolo-q1-q2', 'simbolo-q2-q3', 'simbolo-q3-q4', 'simbolo-q4-q0'];[0.2, 0.4, 0.5, 1.0];-1;-1;True;{'user_input': 'Point out the transition that brings the machine back to q0.', 'intent': 'fsa-practical', 'argument': 'transition', 'dialogue_act': 'Ta:request', 'frame': {'transitions': []}};[0.2, 0.4, 0.5, 1.0]
BaseLine;18;Give me the number of final states that this automaton uses.;The automaton has 5 states: q0, q1, q2, q3 and q4.;['simbolo-q0', 'simbolo-q1', 'simbolo-q2', 'simbolo-q3', 'simbolo-q4'];[0.0, 0.2, 0.0, 0.2];-1;-1;False;{'user_input': 'Give me the number of final states that this automaton uses.', 'intent': 'fsa-practical', 'argument': 'state', 'dialogue_act': 'Ta:request', 'frame': {'numberOfFinalStates': '?'}};[0.0, 0.2, 0.0, 0.2]
BaseLine;19;Describe in words what pattern the states form in this drawing.;Could you be more specific?;[];[0.0, 0.1, 0.0, 1.0];-1;-1;False;{'user_input': 'Describe in words what pattern the states form in this drawing.', 'intent': 'fsa-practical', 'argument': 'pattern', 'dialogue_act': 'Ta:request', 'frame': {'patternType': '?'}};[0.0, 0.1, 0.0, 1.0]
BaseLine;20;Say whether the output for the input 11100 would be accepted or rejected.;Could you be more specific?;[];[0.0, 0.1, 0.0, 1.0];-1;-1;False;{'user_input': 'Say whether the output for the input 11100 would be accepted or rejected.', 'intent': 'fsa-practical', 'argument': 'language', 'dialogue_act': 'Ta:request', 'frame': {'input': '11100'}};[0.0, 0.1, 0.0, 1.0]
BaseLine;21;Can q2 ever lead straight to q4 in this automaton?;The automaton accepts zero or more words formed by a sequence of the type 11000. In total there are 5 states: q0, q1, q2, q3 and q4. q0 is both the initial and the final state. The transitions are: q0 with value 1 goes to q1, q1 with value 1 goes to q2, q2 with value 0 goes to q3, q3 with value 0 goes to q4, q4 with value 0 goes to q0.;[];[0.2, 0.4, 0.3, 1.0];-1;-1;False;{'user_input': 'Can q2 ever lead straight to q4 in this automaton?', 'intent': 'fsa-practical', 'argument': None, 'dialogue_act': 'Ta:propositionalQuestion', 'frame': {'automaton': ['Q', 'Q', 'F', 'q4', 'q2'], 'input': ['?', '?', '?', '?', '?']}};[0.2, 0.4, 0.3, 1.0]
BaseLine;22;What label is on the arrow that goes from q1 to q2?;The transition between q1 and q2 is with value 1.;['simbolo-q1-q2'];[1.0, 1.0, 1.0, 1.0];-1;-1;False;{'user_input': 'What label is on the arrow that goes from q1 to q2?', 'intent': 'fsa-practical', 'argument': 'transition', 'dialogue_act': 'Ta:request', 'frame': {'transitions': [['q1', 'q2', '?']]}};[1.0, 1.0, 1.0, 1.0]
BaseLine;23;From q3, where do I end up if I keep following zeros?;The automaton accepts zero or more words formed by a sequence of the type 11000. In total there are 5 states: q0, q1, q2, q3 and q4. q0 is both the initial and the final state. The transitions are: q0 with value 1 goes to q1, q1 with value 1 goes to q2, q2 with value 0 goes to q3, q3 with value 0 goes to q4, q4 with value 0 goes to q0.;[];[0.2, 0.4, 0.3, 0.9];-1;-1;False;{'user_input': 'From q3, where do I end up if I keep following zeros?', 'intent': 'fsa-practical', 'argument': None, 'dialogue_act': 'Ta:request', 'frame': {'patternType': 'zero'}};[0.2, 0.4, 0.3, 0.9]
BaseLine;24;Tell me which state is both the start and the accepting state.;The state q0 exists.;['simbolo-q0'];[0.4, 0.5, 0.4, 0.9];-1;-1;False;{'user_input': 'Tell me which state is both the start and the accepting state.', 'intent': 'fsa-practical', 'argument': 'state', 'dialogue_act': 'Ta:request', 'frame': {'states': '?'}};[0.4, 0.5, 0.4, 0.9]
BaseLine;25;How many arrows are drawn in total between all the states?;MUTATION The automaton has 5 transitions: q0 with value 1 goes to q1, q1 with value 1 goes to q2, q2 with value 0 goes to q3, q3 with value 0 goes to q4, q4 with value 0 goes to q0.;['simbolo-q0-q1', 'simbolo-q1-q2', 'simbolo-q2-q3', 'simbolo-q3-q4', 'simbolo-q4-q0'];[1.0, 1.0, 1.0, 1.0];-1;-1;True;{'user_input': 'How many arrows are drawn in total between all the states?', 'intent': 'fsa-practical', 'argument': 'transition', 'dialogue_act': 'Ta:request', 'frame': {'numberOfTransitions': '?'}};[1.0, 1.0, 1.0, 1.0]
BaseLine;26;Does this machine accept any string that does not start in q0?;Could you be more specific?;[];[0.0, 0.1, 0.0, 1.0];-1;-1;False;{'user_input': 'Does this machine accept any string that does not start in q0?', 'intent': 'fsa-practical', 'argument': 'language', 'dialogue_act': 'Ta:propositionalQuestion', 'frame': {'input': '?'}};[0.0, 0.1, 0.0, 1.0]
BaseLine;27;What is the smallest input word that brings me back to q0?;Could you be more specific?;[];[0.0, 0.1, 0.0, 0.9];-1;-1;False;{'user_input': 'What is the smallest input word that brings me back to q0?', 'intent': 'fsa-practical', 'argument': 'language', 'dialogue_act': 'Ta:propositionalQuestion', 'frame': {'input': '?'}};[0.0, 0.1, 0.0, 0.9]
BaseLine;28;Is the symbol 1 ever used on a transition out of q2?;Could you be more specific?;[];[0.0, 0.1, 0.0, 1.0];-1;-1;False;{'user_input': 'Is the symbol 1 ever used on a transition out of q2?', 'intent': 'fsa-practical', 'argument': 'language', 'dialogue_act': 'Ta:propositionalQuestion', 'frame': {'transitions': [['q2', '?', '1']]}};[0.0, 0.1, 0.0, 1.0]
BaseLine;29;List every state that I visit when I read 11000 from q0.;The state q0 exists.;['simbolo-q0'];[0.0, 0.1, 0.0, 0.2];-1;-1;False;{'user_input': 'List every state that I visit when I read 11000 from q0.', 'intent': 'fsa-practical', 'argument': 'state', 'dialogue_act': 'Ta:request', 'frame': {'states': '?'}};[0.0, 0.1, 0.0, 0.2]
BaseLine;30;What kind of language does this automaton recognize?;Could you be more specific?;[];[0.0, 0.1, 0.0, 1.0];-1;-1;False;{'user_input': 'What kind of language does this automaton recognize?', 'intent': 'fsa-practical', 'argument': 'language', 'dialogue_act': 'Ta:request', 'frame': {'input': '?'}};[0.0, 0.1, 0.0, 1.0]
BaseLine;31;Is this automaton deterministic or not?;The automaton accepts zero or more words formed by a sequence of the type 11000. In total there are 5 states: q0, q1, q2, q3 and q4. q0 is both the initial and the final state. The transitions are: q0 with value 1 goes to q1, q1 with value 1 goes to q2, q2 with value 0 goes to q3, q3 with value 0 goes to q4, q4 with value 0 goes to q0.;[];[0.0, 0.3, 0.0, 1.0];-1;-1;False;{'user_input': 'Is this automaton deterministic or not?', 'intent': 'fsa-practical', 'argument': 'automaton', 'dialogue_act': 'Ta:request', 'frame': {}};[0.0, 0.3, 0.0, 1.0]
BaseLine;32;Which state has the most transitions connected to it?;The state q0 exists.;['simbolo-q0'];[0.0, 0.1, 0.0, 0.2];-1;-1;False;{'user_input': 'Which state has the most transitions connected to it?', 'intent': 'fsa-practical', 'argument': 'state', 'dialogue_act': 'Ta:request', 'frame': {'states': '?'}};[0.0, 0.1, 0.0, 0.2]
BaseLine;33;Show me the full alphabet used by this finite state machine.;Could you be more specific?;[];[0.0, 0.1, 0.0, 1.0];-1;-1;False;{'user_input': 'Show me the full alphabet used by this finite state machine.', 'intent': 'fsa-practical', 'argument': 'alphabet', 'dialogue_act': 'Ta:request', 'frame': {'alphabet': '?'}};[0.0, 0.1, 0.0, 1.0]
BaseLine;34;How many accepting states does this automaton have?;The automaton has 5 states: q0, q1, q2, q3 and q4.;['simbolo-q0', 'simbolo-q1', 'simbolo-q2', 'simbolo-q3', 'simbolo-q4'];[0.0, 0.2, 0.0, 0.2];-1;-1;False;{'user_input': 'How many accepting states does this automaton have?', 'intent': 'fsa-practical', 'argument': 'state', 'dialogue_act': 'Ta:request', 'frame': {'numberOfAcceptingStates': '?'}};[0.0, 0.2, 0.0, 0.2]
BaseLine;35;What output does the machine give for the input 11100?;Could you be more specific?;[];[0.0, 0.1, 0.0, 1.0];-1;-1;False;{'user_input': 'What output does the machine give for the input 11100?', 'intent': 'fsa-practical', 'argument': 'language', 'dialogue_act': 'Ta:request', 'frame': {'input': '11100'}};[0.0, 0.1, 0.0, 1.0]
BaseLine;36;Can I reach q4 starting from q2 in this diagram?;The automaton accepts zero or more words formed by a sequence of the type 11000. In total there are 5 states: q0, q1, q2, q3 and q4. q0 is both the initial and the final state. The transitions are: q0 with value 1 goes to q1, q1 with value 1 goes to q2, q2 with value 0 goes to q3, q3 with value 0 goes to q4, q4 with value 0 goes to q0.;[];[0.1, 0.2, 0.2, 1.0];-1;-1;False;{'user_input': 'Can I reach q4 starting from q2 in this diagram?', 'intent': 'fsa-practical', 'argument': None, 'dialogue_act': 'Ta:request', 'frame': {'graphicInput': 'q2'}};[0.1, 0.2, 0.2, 1.0]
BaseLine;37;What label sits on the arrow that goes from q1 to q2?;The transition between q1 and q2 is with value 1.;['simbolo-q1-q2'];[1.0, 1.0, 1.0, 1.0];-1;-1;False;{'user_input': 'What label sits on the arrow that goes from q1 to q2?', 'intent': 'fsa-practical', 'argument': 'transition', 'dialogue_act': 'Ta:request', 'frame': {'transitions': [['q1', 'q2', '?']]}};[1.0, 1.0, 1.0, 1.0]
BaseLine;38;Tell me how many arrows in total this automaton uses.;The automaton accepts zero or more words formed by a sequence of the type 11000. In total there are 5 states: q0, q1, q2, q3 and q4. q0 is both the initial and the final state. The transitions are: q0 with value 1 goes to q1, q1 with value 1 goes to q2, q2 with value 0 goes to q3, q3 with value 0 goes to q4, q4 with value 0 goes to q0.;[];[0.0, 0.4, 0.0, 1.0];-1;-1;False;{'user_input': 'Tell me how many arrows in total this automaton uses.', 'intent': 'fsa-practical', 'argument': 'automaton', 'dialogue_act': 'Ta:request', 'frame': {'numberOfArrows': '?'}};[0.0, 0.4, 0.0, 1.0]
BaseLine;39;Which state here first accepts a string as final?;The automaton has 5 states: q0, q1, q2, q3 and q4.;['simbolo-q0', 'simbolo-q1', 'simbolo-q2', 'simbolo-q3', 'simbolo-q4'];[0.0, 0.2, 0.0, 0.9];-1;-1;False;{'user_input': 'Which state here first accepts a string as final?', 'intent': 'fsa-practical', 'argument': 'state', 'dialogue_act': 'Ta:request', 'frame': {'input': '?'}};[0.0, 0.2, 0.0, 0.9]
BaseLine;40;Show me what this machine does with the input 11000.;The automaton accepts zero or more words formed by a sequence of the type 11000. In total there are 5 states: q0, q1, q2, q3 and q4. q0 is both the initial and the final state. The transitions are: q0 with value 1 goes to q1, q1 with value 1 goes to q2, q2 with value 0 goes to q3, q3 with value 0 goes to q4, q4 with value 0 goes to q0.;[];[0.4, 0.6, 0.5, 1.0];-1;-1;False;{'user_input': 'Show me what this machine does with the input 11000.', 'intent': 'fsa-practical', 'argument': 'automaton', 'dialogue_act': 'Ta:request', 'frame': {'input': '11000'}};[0.4, 0.6, 0.5, 1.0]
BaseLine;41;From which state does the very first arrow in the picture begin?;The initial state is q0.;['simbolo-q0'];[1.0, 1.0, 1.0, 1.0];-1;-1;False;{'user_input': 'From which state does the very first arrow in the picture begin?', 'intent': 'fsa-practical', 'argument': 'state', 'dialogue_act': 'Ta:request', 'frame': {'initialState': '?'}};[1.0, 1.0, 1.0, 1.0]
BaseLine;42;Name every state that the automaton marks as final.;The final state is q0.;['simbolo-q0'];[1.0, 1.0, 1.0, 1.0];-1;-1;False;{'user_input': 'Name every state that the automaton marks as final.', 'intent': 'fsa-practical', 'argument': 'state', 'dialogue_act': 'Ta:request', 'frame': {'finalStates': '?'}};[1.0, 1.0, 1.0, 1.0]
BaseLine;43;Does this automaton count as deterministic or something else?;The automaton accepts zero or more words formed by a sequence of the type 11000. In total there are 5 states: q0, q1, q2, q3 and q4. q0 is both the initial and the final state. The transitions are: q0 with value 1 goes to q1, q1 with value 1 goes to q2, q2 with value 0 goes to q3, q3 with value 0 goes to q4, q4 with value 0 goes to q0.;[];[0.1, 0.2, 0.2, 1.0];-1;-1;False;{'user_input': 'Does this automaton count as deterministic or something else?', 'intent': 'fsa-practical', 'argument': 'automaton', 'dialogue_act': 'Ta:propositionalQuestion', 'frame': {'automatonType': '?'}};[0.1, 0.2, 0.2, 1.0]
BaseLine;44;What kind of language does this machine recognise in theory?;Could you be more specific?;[];[0.0, 0.1, 0.0, 1.0];-1;-1;False;{'user_input': 'What kind of language does this machine recognise in theory?', 'intent': 'fsa-practical', 'argument': 'language', 'dialogue_act': 'Ta:request', 'frame': {'input': '?'}};[0.0, 0.1, 0.0, 1.0]
BaseLine;45;Give me the alphabet symbols that appear on the arrows in this figure.;Could you be more specific?;[];[0.0, 0.1, 0.0, 1.0];-1;-1;False;{'user_input': 'Give me the alphabet symbols that appear on the arrows in this figure.', 'intent': 'fsa-practical', 'argument': 'alphabet', 'dialogue_act': 'Ta:request', 'frame': {'alphabet': '?'}};[0.0, 0.1, 0.0, 1.0]
BaseLine;46;Which single state has the most arrows touching it here?;The state q0 exists.;['simbolo-q0'];[0.0, 0.2, 0.0, 0.3];-1;-1;False;{'user_input': 'Which single state has the most arrows touching it here?', 'intent': 'fsa-practical', 'argument': 'state', 'dialogue_act': 'Ta:request', 'frame': {'states': '?'}};[0.0, 0.2, 0.0, 0.3]
BaseLine;47;Is there any state in this automaton that has no outgoing arrows?;The automaton has 5 states: q0, q1, q2, q3 and q4.;['simbolo-q0', 'simbolo-q1', 'simbolo-q2', 'simbolo-q3', 'simbolo-q4'];[0.0, 0.2, 0.0, 0.8];-1;-1;False;{'user_input': 'Is there any state in this automaton that has no outgoing arrows?', 'intent': 'fsa-practical', 'argument': 'state', 'dialogue_act': 'Ta:propositionalQuestion', 'frame': {'stateWithNoOutgoingTransitions': '?'}};[0.0, 0.2, 0.0, 0.8]
BaseLine;48;Tell me the exact arrow from q3 back to q0 if it exists.;there is no transition between q3 and q0.;[];[1.0, 1.0, 1.0, 1.0];-1;-1;False;{'user_input': 'Tell me the exact arrow from q3 back to q0 if it exists.', 'intent': 'fsa-practical', 'argument': 'transition', 'dialogue_act': 'Ta:propositionalQuestion', 'frame': {'transitions': [['q3', 'q0', '?']]}};[1.0, 1.0, 1.0, 1.0]
BaseLine;49;How many different states are drawn inside the circle pattern of this automaton?;This automaton has 5 states;['simbolo-q0', 'simbolo-q1', 'simbolo-q2', 'simbolo-q3', 'simbolo-q4'];[1.0, 1.0, 1.0, 1.0];-1;-1;False;{'user_input': 'How many different states are drawn inside the circle pattern of this automaton?', 'intent': 'fsa-practical', 'argument': 'state', 'dialogue_act': 'Ta:request', 'frame': {'numberOfStates': '?'}};[1.0, 1.0, 1.0, 1.0]
BaseLine;50;What output should I expect from this automaton after it reads 11100?;The automaton has 5 states: q0, q1, q2, q3 and q4.;['simbolo-q0', 'simbolo-q1', 'simbolo-q2', 'simbolo-q3', 'simbolo-q4'];[0.1, 0.2, 0.2, 0.3];-1;-1;False;{'user_input': 'What output should I expect from this automaton after it reads 11100?', 'intent': 'fsa-practical', 'argument': 'state', 'dialogue_act': 'Ta:request', 'frame': {'input': '11100'}};[0.1, 0.2, 0.2, 0.3]
BaseLine;51;Can I go directly from q2 to q4 in this diagram?;The automaton accepts zero or more words formed by a sequence of the type 11000. In total there are 5 states: q0, q1, q2, q3 and q4. q0 is both the initial and the final state. The transitions are: q0 with value 1 goes to q1, q1 with value 1 goes to q2, q2 with value 0 goes to q3, q3 with value 0 goes to q4, q4 with value 0 goes to q0.;[];[0.1, 0.3, 0.2, 0.9];-1;-1;False;{'user_input': 'Can I go directly from q2 to q4 in this diagram?', 'intent': 'fsa-practical', 'argument': None, 'dialogue_act': 'Ta:request', 'frame': {'directedPaths': [['q2', 'q4', '?']]}};[0.1, 0.3, 0.2, 0.9]
BaseLine;52;What label sits on the arrow that leaves q1?;the transition is not defined.;[];[0.0, 0.2, 0.0, 1.0];-1;-1;False;{'user_input': 'What label sits on the arrow that leaves q1?', 'intent': 'fsa-practical', 'argument': 'transition', 'dialogue_act': 'Ta:request', 'frame': {'transitions': [['q1', '?', '?']]}};[0.0, 0.2, 0.0, 1.0]
BaseLine;53;From which state does the machine start its run?;The initial state is q0.;['simbolo-q0'];[1.0, 1.0, 1.0, 1.0];-1;-1;False;{'user_input': 'From which state does the machine start its run?', 'intent': 'fsa-practical', 'argument': 'state', 'dialogue_act': 'Ta:request', 'frame': {'initialState': '?'}};[1.0, 1.0, 1.0, 1.0]
BaseLine;54;Is q0 the only state that accepts a word here?;The automaton has 5 states: q0, q1, q2, q3 and q4.;['simbolo-q0', 'simbolo-q1', 'simbolo-q2', 'simbolo-q3', 'simbolo-q4'];[0.1, 0.2, 0.2, 0.3];-1;-1;False;{'user_input': 'Is q0 the only state that accepts a word here?', 'intent': 'fsa-practical', 'argument': 'state', 'dialogue_act': 'Ta:propositionalQuestion', 'frame': {'state': 'q0'}};[0.1, 0.2, 0.2, 0.3]
BaseLine;55;Tell me how many arrows this whole automaton uses.;The automaton accepts zero or more words formed by a sequence of the type 11000. In total there are 5 states: q0, q1, q2, q3 and q4. q0 is both the initial and the final state. The transitions are: q0 with value 1 goes to q1, q1 with value 1 goes to q2, q2 with value 0 goes to q3, q3 with value 0 goes to q4, q4 with value 0 goes to q0.;[];[0.1, 0.3, 0.2, 1.0];-1;-1;False;{'user_input': 'Tell me how many arrows this whole automaton uses.', 'intent': 'fsa-practical', 'argument': 'automaton', 'dialogue_act': 'Ta:request', 'frame': {'numberOfArrows': '?'}};[0.1, 0.3, 0.2, 1.0]
BaseLine;56;What symbols does this machine actually read on its edges?;Could you be more specific?;[];[0.0, 0.1, 0.0, 1.0];-1;-1;False;{'user_input': 'What symbols does this machine actually read on its edges?', 'intent': 'fsa-practical', 'argument': 'alphabet', 'dialogue_act': 'Ta:propositionalQuestion', 'frame': {'alphabet': '?'}};[0.0, 0.1, 0.0, 1.0]
BaseLine;57;Does this automaton count as deterministic or something else?;The automaton accepts zero or more words formed by a sequence of the type 11000. In total there are 5 states: q0, q1, q2, q3 and q4. q0 is both the initial and the final state. The transitions are: q0 with value 1 goes to q1, q1 with value 1 goes to q2, q2 with value 0 goes to q3, q3 with value 0 goes to q4, q4 with value 0 goes to q0.;[];[0.1, 0.2, 0.1, 1.0];-1;-1;False;{'user_input': 'Does this automaton count as deterministic or something else?', 'intent': 'fsa-practical', 'argument': 'automaton', 'dialogue_act': 'Ta:propositionalQuestion', 'frame': {'input': '?'}};[0.1, 0.2, 0.1, 1.0]
BaseLine;58;What kind of language does this machine recognize in theory?;Could you be more specific?;[];[0.0, 0.1, 0.0, 1.0];-1;-1;False;{'user_input': 'What kind of language does this machine recognize in theory?', 'intent': 'fsa-practical', 'argument': 'language', 'dialogue_act': 'Ta:propositionalQuestion', 'frame': {'input': '?'}};[0.0, 0.1, 0.0, 1.0]
BaseLine;59;If I input 11000, where do I end up in the picture?;The automaton has 5 states: q0, q1, q2, q3 and q4.;['simbolo-q0', 'simbolo-q1', 'simbolo-q2', 'simbolo-q3', 'simbolo-q4'];[0.1, 0.2, 0.2, 0.9];-1;-1;False;{'user_input': 'If I input 11000, where do I end up in the picture?', 'intent': 'fsa-practical', 'argument': 'state', 'dialogue_act': 'Ta:request', 'frame': {'input': '11000'}};[0.1, 0.2, 0.2, 0.9]
BaseLine;60;Is there any state here that never sends an arrow out?;The state q0 exists.;['simbolo-q0'];[0.0, 0.2, 0.0, 0.2];-1;-1;False;{'user_input': 'Is there any state here that never sends an arrow out?', 'intent': 'fsa-practical', 'argument': 'state', 'dialogue_act': 'Ta:request', 'frame': {'states': '?'}};[0.0, 0.2, 0.0, 0.2]
BaseLine;61;Which state in this drawing receives the most incoming arrows?;The automaton has 5 states: q0, q1, q2, q3 and q4.;['simbolo-q0', 'simbolo-q1', 'simbolo-q2', 'simbolo-q3', 'simbolo-q4'];[0.0, 0.2, 0.0, 0.8];-1;-1;False;{'user_input': 'Which state in this drawing receives the most incoming arrows?', 'intent': 'fsa-practical', 'argument': 'state', 'dialogue_act': 'Ta:request', 'frame': {'input': '?'}};[0.0, 0.2, 0.0, 0.8]
BaseLine;62;Describe the shape or layout of this automaton on the tablet.;The automaton accepts zero or more words formed by a sequence of the type 11000. In total there are 5 states: q0, q1, q2, q3 and q4. q0 is both the initial and the final state. The transitions are: q0 with value 1 goes to q1, q1 with value 1 goes to q2, q2 with value 0 goes to q3, q3 with value 0 goes to q4, q4 with value 0 goes to q0.;[];[0.3, 0.4, 0.4, 1.0];-1;-1;False;{'user_input': 'Describe the shape or layout of this automaton on the tablet.', 'intent': 'fsa-practical', 'argument': 'automaton', 'dialogue_act': 'Ta:request', 'frame': {'graphicRepresentation': '?'}};[0.3, 0.4, 0.4, 1.0]
BaseLine;63;What is the full list of states that appear in this diagram?;The state q0 exists.;['simbolo-q0'];[0.2, 0.3, 0.2, 0.9];-1;-1;False;{'user_input': 'What is the full list of states that appear in this diagram?', 'intent': 'fsa-practical', 'argument': 'state', 'dialogue_act': 'Ta:request', 'frame': {'states': '?'}};[0.2, 0.3, 0.2, 0.9]
