METRIC;ITERATION;QUESTION;ANSWER;VISUAL_ANSWER;JUDGE_VALUE;FAILS;MUTED;NLU_OUTPUT;METRIC_SCORES
Relevancy;2;what is the language recognized by this finite state automaton, given its transitions?;Could you be more specific?;[];[0.0, 0.1, 0.0, 1.0];0.1;6;False;{'user_input': 'what is the language recognized by this finite state automaton, given its transitions?', 'intent': 'fsa-practical', 'argument': 'language', 'dialogue_act': 'Ta:request', 'frame': {'input': '?', 'transitions': []}};[0.0, 0.1, 0.0, 1.0]
Relevancy;2;what is the current state of this automaton for the input string?;The automaton has 5 states: q0, q1, q2, q3 and q4.;['simbolo-q0', 'simbolo-q1', 'simbolo-q2', 'simbolo-q3', 'simbolo-q4'];[0.1, 0.2, 0.2, 0.1];0.2;7;False;{'user_input': 'what is the current state of this automaton for the input string?', 'intent': 'fsa-practical', 'argument': 'state', 'dialogue_act': 'Ta:request', 'frame': {'state': '?'}};[0.1, 0.2, 0.2, 0.1]
Relevancy;2;what is the language recognized by this automaton for an input string like `?`?;Could you be more specific?;[];[0.1, 0.2, 0.1, 1.0];0.2;8;False;{'user_input': 'what is the language recognized by this automaton for an input string like `?`?', 'intent': 'fsa-practical', 'argument': 'language', 'dialogue_act': 'Ta:request', 'frame': {'input': '?'}};[0.1, 0.2, 0.1, 1.0]
Relevancy;2;is the language recognized by this deterministic automaton regular or deterministic?;Could you be more specific?;[];[0.0, 0.1, 0.0, 1.0];0.2;9;False;{'user_input': 'is the language recognized by this deterministic automaton regular or deterministic?', 'intent': 'fsa-practical', 'argument': 'language', 'dialogue_act': 'Ta:request', 'frame': {'input': '?'}};[0.0, 0.1, 0.0, 1.0]
Relevancy;2;what is the language recognized by this finite state automaton for an arbitrary input string?;Could you be more specific?;[];[0.0, 0.1, 0.0, 1.0];0.1;10;False;{'user_input': 'what is the language recognized by this finite state automaton for an arbitrary input string?', 'intent': 'fsa-practical', 'argument': 'language', 'dialogue_act': 'Ta:request', 'frame': {'input': '?'}};[0.0, 0.1, 0.0, 1.0]
Relevancy;2;I suggest we correct the language for the input string of this automaton: what is the language accepted by the input “?” for this finite state automaton?;Could you be more specific?;[];[0.1, 0.2, 0.1, 1.0];0.2;11;False;{'user_input': 'I suggest we correct the language for the input string of this automaton: what is the language accepted by the input “?” for this finite state automaton?', 'intent': 'fsa-practical', 'argument': 'language', 'dialogue_act': 'Ta:request', 'frame': {'input': '?'}};[0.1, 0.2, 0.1, 1.0]
Relevancy;3;Does this automaton accept any string that does not end in 000?;Could you be more specific?;[];[0.0, 0.1, 0.0, 1.0];0.1;1;False;{'user_input': 'Does this automaton accept any string that does not end in 000?', 'intent': 'fsa-practical', 'argument': 'language', 'dialogue_act': 'Ta:propositionalQuestion', 'frame': {'input': '!000'}};[0.0, 0.1, 0.0, 1.0]
Relevancy;3;For the input string `!000`, what is the resulting state of the automaton?;The automaton has 5 states: q0, q1, q2, q3 and q4.;['simbolo-q0', 'simbolo-q1', 'simbolo-q2', 'simbolo-q3', 'simbolo-q4'];[0.0, 0.2, 0.0, 0.1];0.2;2;False;{'user_input': 'For the input string `!000`, what is the resulting state of the automaton?', 'intent': 'fsa-practical', 'argument': 'state', 'dialogue_act': 'Ta:request', 'frame': {'input': '!000'}};[0.0, 0.2, 0.0, 0.1]
Relevancy;3;what is the language accepted by this automaton for the input string !000?;Could you be more specific?;[];[0.0, 0.1, 0.0, 1.0];0.1;3;False;{'user_input': 'what is the language accepted by this automaton for the input string !000?', 'intent': 'fsa-practical', 'argument': 'language', 'dialogue_act': 'Ta:request', 'frame': {'input': '!000'}};[0.0, 0.1, 0.0, 1.0]
Relevancy;3;what are the transitions followed by the automaton when the input string is !000?;The automaton has 5 transitions: q0 with value 1 goes to q1, q1 with value 1 goes to q2, q2 with value 0 goes to q3, q3 with value 0 goes to q4, q4 with value 0 goes to q0.;['simbolo-q0-q1', 'simbolo-q1-q2', 'simbolo-q2-q3', 'simbolo-q3-q4', 'simbolo-q4-q0'];[0.1, 0.2, 0.2, 0.2];0.2;4;False;{'user_input': 'what are the transitions followed by the automaton when the input string is !000?', 'intent': 'fsa-practical', 'argument': 'transition', 'dialogue_act': 'Ta:request', 'frame': {'transitions': []}};[0.1, 0.2, 0.2, 0.2]
Relevancy;3;can you run the automaton on the input string !000 and tell me the result?;Could you be more specific?;[];[0.0, 0.1, 0.0, 1.0];0.1;5;False;{'user_input': 'can you run the automaton on the input string !000 and tell me the result?', 'intent': 'fsa-practical', 'argument': 'language', 'dialogue_act': 'Ta:request', 'frame': {'input': '!000'}};[0.0, 0.1, 0.0, 1.0]
Relevancy;3;What is the language accepted by this finite state automaton, in particular considering how many transitions it has?;Could you be more specific?;[];[0.0, 0.1, 0.0, 1.0];0.1;6;False;{'user_input': 'What is the language accepted by this finite state automaton, in particular considering how many transitions it has?', 'intent': 'fsa-practical', 'argument': 'language', 'dialogue_act': 'Ta:request', 'frame': {}};[0.0, 0.1, 0.0, 1.0]
Relevancy;3;Thank you for helping me understand the language accepted by this automaton.;The automaton accepts zero or more words formed by a sequence of the type 11000. In total there are 5 states: q0, q1, q2, q3 and q4. q0 is both the initial and the final state. The transitions are: q0 with value 1 goes to q1, q1 with value 1 goes to q2, q2 with value 0 goes to q3, q3 with value 0 goes to q4, q4 with value 0 goes to q0.;[];[0.95, 0.95, 1.0, 1.0];1.0;6;False;{'user_input': 'Thank you for helping me understand the language accepted by this automaton.', 'intent': 'fsa-practical', 'argument': 'automaton', 'dialogue_act': 'Ta:request', 'frame': {'input': 'Thank you for helping me understand the language accepted by this automaton.'}};[0.95, 0.95, 1.0, 1.0]
Relevancy;3;Can you help me with a practical question about this automaton?;The automaton accepts zero or more words formed by a sequence of the type 11000. In total there are 5 states: q0, q1, q2, q3 and q4. q0 is both the initial and the final state. The transitions are: q0 with value 1 goes to q1, q1 with value 1 goes to q2, q2 with value 0 goes to q3, q3 with value 0 goes to q4, q4 with value 0 goes to q0.;[];[0.9, 0.95, 0.9, 1.0];0.9;6;False;{'user_input': 'Can you help me with a practical question about this automaton?', 'intent': 'fsa-practical', 'argument': 'automaton', 'dialogue_act': 'Ta:request', 'frame': {}};[0.9, 0.95, 0.9, 1.0]
Relevancy;3;Which state in this automaton has the highest number of transitions?;The automaton has 5 states: q0, q1, q2, q3 and q4.;['simbolo-q0', 'simbolo-q1', 'simbolo-q2', 'simbolo-q3', 'simbolo-q4'];[0.0, 0.2, 0.0, 0.3];0.3;7;False;{'user_input': 'Which state in this automaton has the highest number of transitions?', 'intent': 'fsa-practical', 'argument': 'state', 'dialogue_act': 'Ta:request', 'frame': {'stateWithMostTransitions': '?'}};[0.0, 0.2, 0.0, 0.3]
Relevancy;3;Can you show me how this specific automaton works on some example input strings?;The automaton accepts zero or more words formed by a sequence of the type 11000. In total there are 5 states: q0, q1, q2, q3 and q4. q0 is both the initial and the final state. The transitions are: q0 with value 1 goes to q1, q1 with value 1 goes to q2, q2 with value 0 goes to q3, q3 with value 0 goes to q4, q4 with value 0 goes to q0.;[];[0.4, 0.5, 0.4, 1.0];0.5;7;False;{'user_input': 'Can you show me how this specific automaton works on some example input strings?', 'intent': 'fsa-practical', 'argument': 'automaton', 'dialogue_act': 'Ta:propositionalQuestion', 'frame': {'input': '?'}};[0.4, 0.5, 0.4, 1.0]
Relevancy;3;hi again! could you explain the language accepted by this automaton shown on the tablet?;Could you be more specific?;[];[0.0, 0.1, 0.0, 1.0];0.2;8;False;{'user_input': 'hi again! could you explain the language accepted by this automaton shown on the tablet?', 'intent': 'fsa-practical', 'argument': 'language', 'dialogue_act': 'Ta:request', 'frame': {'input': '?'}};[0.0, 0.1, 0.0, 1.0]
Relevancy;4;Is this automaton deterministic or nondeterministic based on the picture?;The automaton accepts zero or more words formed by a sequence of the type 11000. In total there are 5 states: q0, q1, q2, q3 and q4. q0 is both the initial and the final state. The transitions are: q0 with value 1 goes to q1, q1 with value 1 goes to q2, q2 with value 0 goes to q3, q3 with value 0 goes to q4, q4 with value 0 goes to q0.;[];[0.1, 0.4, 0.2, 1.0];0.3;1;False;{'user_input': 'Is this automaton deterministic or nondeterministic based on the picture?', 'intent': 'fsa-practical', 'argument': 'automaton', 'dialogue_act': 'Ta:propositionalQuestion', 'frame': {'input': 'automatonType'}};[0.1, 0.4, 0.2, 1.0]
Relevancy;4;I would like to suggest an input string to test this automaton: could you show me whether the input for the automaton type is deterministic or not?;Could you be more specific?;[];[0.2, 0.2, 0.2, 1.0];0.1;2;False;{'user_input': 'I would like to suggest an input string to test this automaton: could you show me whether the input for the automaton type is deterministic or not?', 'intent': 'fsa-practical', 'argument': 'language', 'dialogue_act': 'Ta:propositionalQuestion', 'frame': {'input': '?'}};[0.2, 0.2, 0.2, 1.0]
Relevancy;4;what is the language accepted by the automaton starting from this?;Could you be more specific?;[];[0.0, 0.1, 0.0, 1.0];0.1;3;False;{'user_input': 'what is the language accepted by the automaton starting from this?', 'intent': 'fsa-practical', 'argument': 'language', 'dialogue_act': 'Ta:request', 'frame': {'states': ['q1']}, '_raw_frame': {'input': '?'}};[0.0, 0.1, 0.0, 1.0]
Relevancy;4;which information can you give me about this of this automaton?;The automaton accepts zero or more words formed by a sequence of the type 11000. In total there are 5 states: q0, q1, q2, q3 and q4. q0 is both the initial and the final state. The transitions are: q0 with value 1 goes to q1, q1 with value 1 goes to q2, q2 with value 0 goes to q3, q3 with value 0 goes to q4, q4 with value 0 goes to q0.;[];[0.9, 0.95, 0.9, 1.0];0.95;3;False;{'user_input': 'which information can you give me about this of this automaton?', 'intent': 'fsa-practical', 'argument': 'automaton', 'dialogue_act': 'Ta:request', 'frame': {'states': ['q1']}, '_raw_frame': {}};[0.9, 0.95, 0.9, 1.0]
Relevancy;4;could you explain, from a theoretical point of view, what it means for the language of this automaton to contain all strings that lead the machine to this?;The automaton accepts zero or more words formed by a sequence of the type 11000. In total there are 5 states: q0, q1, q2, q3 and q4. q0 is both the initial and the final state. The transitions are: q0 with value 1 goes to q1, q1 with value 1 goes to q2, q2 with value 0 goes to q3, q3 with value 0 goes to q4, q4 with value 0 goes to q0.;[];[0.4, 0.6, 0.4, 1.0];0.8;3;False;{'user_input': 'could you explain, from a theoretical point of view, what it means for the language of this automaton to contain all strings that lead the machine to this?', 'intent': 'fsa-practical', 'argument': 'automaton', 'dialogue_act': 'Ta:request', 'frame': {'states': ['q1']}, '_raw_frame': {'input': '?'}};[0.4, 0.6, 0.4, 1.0]
Relevancy;4;Which state in this automaton has the highest number of transitions?;The automaton has 5 states: q0, q1, q2, q3 and q4.;['simbolo-q0', 'simbolo-q1', 'simbolo-q2', 'simbolo-q3', 'simbolo-q4'];[0.0, 0.2, 0.0, 0.3];0.3;4;False;{'user_input': 'Which state in this automaton has the highest number of transitions?', 'intent': 'fsa-practical', 'argument': 'state', 'dialogue_act': 'Ta:request', 'frame': {'stateWithMostTransitions': '?'}};[0.0, 0.2, 0.0, 0.3]
Relevancy;4;In this automaton, which language is recognized if I remove the outgoing transitions from state q3 so that q3 becomes a state without transitions?;Could you be more specific?;[];[0.0, 0.1, 0.0, 1.0];0.1;5;False;{'user_input': 'In this automaton, which language is recognized if I remove the outgoing transitions from state q3 so that q3 becomes a state without transitions?', 'intent': 'fsa-practical', 'argument': 'language', 'dialogue_act': 'Ta:request', 'frame': {'transitions': [['q3', '?', '?']]}};[0.0, 0.1, 0.0, 1.0]
Relevancy;4;What is the language accepted by the automaton for the transition that starts from state q3?;Could you be more specific?;[];[0.0, 0.1, 0.0, 1.0];0.1;6;False;{'user_input': 'What is the language accepted by the automaton for the transition that starts from state q3?', 'intent': 'fsa-practical', 'argument': 'language', 'dialogue_act': 'Ta:request', 'frame': {'transitions': [['q3', '?', '?']]}};[0.0, 0.1, 0.0, 1.0]
Relevancy;4;what is the language recognized by this automaton, and which state is the destination state in the last transition shown?;Could you be more specific?;[];[0.0, 0.1, 0.0, 1.0];0.1;7;False;{'user_input': 'what is the language recognized by this automaton, and which state is the destination state in the last transition shown?', 'intent': 'fsa-practical', 'argument': 'language', 'dialogue_act': 'Ta:request', 'frame': {'language': '?', 'finalState': '?'}};[0.0, 0.1, 0.0, 1.0]
Relevancy;4;before i say goodbye, could you tell me what is the language accepted by this automaton and what is its final state?;The final state is q0.;['simbolo-q0'];[0.5, 0.6, 0.5, 0.9];0.6;7;False;{'user_input': 'before i say goodbye, could you tell me what is the language accepted by this automaton and what is its final state?', 'intent': 'fsa-practical', 'argument': 'state', 'dialogue_act': 'Ta:request', 'frame': {'alphabet': '?', 'finalStates': '?'}};[0.5, 0.6, 0.5, 0.9]
Relevancy;4;What is the language accepted by this automaton?;Could you be more specific?;[];[0.0, 0.1, 0.0, 1.0];0.1;8;False;{'user_input': 'What is the language accepted by this automaton?', 'intent': 'fsa-practical', 'argument': 'language', 'dialogue_act': 'Ta:request', 'frame': {'input': '?'}};[0.0, 0.1, 0.0, 1.0]
Relevancy;4;what input strings does this automaton accept?;Could you be more specific?;[];[0.0, 0.1, 0.0, 1.0];0.1;9;False;{'user_input': 'what input strings does this automaton accept?', 'intent': 'fsa-practical', 'argument': 'language', 'dialogue_act': 'Ta:request', 'frame': {'input': '?'}};[0.0, 0.1, 0.0, 1.0]
Relevancy;4;What is the optimal spatial representation of the language recognized by this automaton?;Could you be more specific?;[];[0.1, 0.2, 0.1, 1.0];0.2;10;False;{'user_input': 'What is the optimal spatial representation of the language recognized by this automaton?', 'intent': 'fsa-practical', 'argument': 'language', 'dialogue_act': 'Ta:request', 'frame': {'optimalSpatialRepresentation': '?'}};[0.1, 0.2, 0.1, 1.0]
Relevancy;4;what is the language accepted by this automaton for the input string?;Could you be more specific?;[];[0.1, 0.2, 0.1, 1.0];0.2;11;False;{'user_input': 'what is the language accepted by this automaton for the input string?', 'intent': 'fsa-practical', 'argument': 'language', 'dialogue_act': 'Ta:request', 'frame': {'input': '?'}};[0.1, 0.2, 0.1, 1.0]
Relevancy;4;How many states does the language of this automaton use?;This automaton has 5 states;['simbolo-q0', 'simbolo-q1', 'simbolo-q2', 'simbolo-q3', 'simbolo-q4'];[1.0, 1.0, 1.0, 1.0];1.0;11;False;{'user_input': 'How many states does the language of this automaton use?', 'intent': 'fsa-practical', 'argument': 'state', 'dialogue_act': 'Ta:request', 'frame': {'numberOfStates': '?'}};[1.0, 1.0, 1.0, 1.0]
Relevancy;5;What is the language recognized by this automaton in terms of patterns of 1s and 0s?;Could you be more specific?;[];[0.0, 0.1, 0.0, 1.0];0.1;1;False;{'user_input': 'What is the language recognized by this automaton in terms of patterns of 1s and 0s?', 'intent': 'fsa-practical', 'argument': 'language', 'dialogue_act': 'Ta:request', 'frame': {'input': 'pattern'}};[0.0, 0.1, 0.0, 1.0]
Relevancy;5;what is the language accepted by this automaton for the input pattern?;Could you be more specific?;[];[0.0, 0.1, 0.0, 1.0];0.2;2;False;{'user_input': 'what is the language accepted by this automaton for the input pattern?', 'intent': 'fsa-practical', 'argument': 'language', 'dialogue_act': 'Ta:request', 'frame': {'input': 'pattern'}};[0.0, 0.1, 0.0, 1.0]
Relevancy;5;what is the language (set of accepted strings) of this finite state automaton for the input pattern?;Could you be more specific?;[];[0.0, 0.2, 0.0, 1.0];0.1;3;False;{'user_input': 'what is the language (set of accepted strings) of this finite state automaton for the input pattern?', 'intent': 'fsa-practical', 'argument': 'language', 'dialogue_act': 'Ta:request', 'frame': {'input': '?'}};[0.0, 0.2, 0.0, 1.0]
Relevancy;5;What input strings does this automaton accept?;Could you be more specific?;[];[0.0, 0.1, 0.0, 1.0];0.1;4;False;{'user_input': 'What input strings does this automaton accept?', 'intent': 'fsa-practical', 'argument': 'language', 'dialogue_act': 'Ta:request', 'frame': {'input': '?'}};[0.0, 0.1, 0.0, 1.0]
Relevancy;5;for which input strings does this automaton accept, that is, what is the language recognized by the finite state machine shown?;Could you be more specific?;[];[0.0, 0.1, 0.0, 1.0];0.1;5;False;{'user_input': 'for which input strings does this automaton accept, that is, what is the language recognized by the finite state machine shown?', 'intent': 'fsa-practical', 'argument': 'language', 'dialogue_act': 'Ta:request', 'frame': {'alphabet': 'a', 'input': 's'}};[0.0, 0.1, 0.0, 1.0]
Relevancy;5;Sorry, I meant the language recognized by this automaton when the alphabet is just “a” and the input string is “s”, not what I asked before.;Could you be more specific?;[];[0.2, 0.3, 0.2, 1.0];0.5;5;False;{'user_input': 'Sorry, I meant the language recognized by this automaton when the alphabet is just “a” and the input string is “s”, not what I asked before.', 'intent': 'fsa-practical', 'argument': 'language', 'dialogue_act': 'Ta:request', 'frame': {'alphabet': 'a', 'input': 's'}};[0.2, 0.3, 0.2, 1.0]
Relevancy;5;What is the optimal spatial representation of the language recognized by this automaton?;Could you be more specific?;[];[0.1, 0.2, 0.1, 1.0];0.2;6;False;{'user_input': 'What is the optimal spatial representation of the language recognized by this automaton?', 'intent': 'fsa-practical', 'argument': 'pattern', 'dialogue_act': 'Ta:request', 'frame': {'optimalSpatialRepresentation': '?'}};[0.1, 0.2, 0.1, 1.0]
Relevancy;5;the language recognized by this automaton over alphabet {a} for the specific input string s is the set of all strings where the pattern a a b b b leads the machine from q0 back to the accepting this.;Could you be more specific?;[];[0.1, 0.1, 0.1, 1.0];0.2;7;False;{'user_input': 'the language recognized by this automaton over alphabet {a} for the specific input string s is the set of all strings where the pattern a a b b b leads the machine from q0 back to the accepting this.', 'intent': 'fsa-practical', 'argument': 'language', 'dialogue_act': 'Ta:request', 'frame': {'states': ['q0']}, '_raw_frame': {'alphabet': ['a'], 'input': ['s']}};[0.1, 0.1, 0.1, 1.0]
Relevancy;5;What is the resulting state of the automaton if I use alphabet symbol “a” on the input string “s”?;The automaton has 5 states: q0, q1, q2, q3 and q4.;['simbolo-q0', 'simbolo-q1', 'simbolo-q2', 'simbolo-q3', 'simbolo-q4'];[0.0, 0.2, 0.0, 0.2];0.2;8;False;{'user_input': 'What is the resulting state of the automaton if I use alphabet symbol “a” on the input string “s”?', 'intent': 'fsa-practical', 'argument': 'state', 'dialogue_act': 'Ta:request', 'frame': {'alphabet': 'a'}};[0.0, 0.2, 0.0, 0.2]
Relevancy;5;thanks for the explanation about the language of this automaton using the alphabet a and the input string s.;The automaton accepts zero or more words formed by a sequence of the type 11000. In total there are 5 states: q0, q1, q2, q3 and q4. q0 is both the initial and the final state. The transitions are: q0 with value 1 goes to q1, q1 with value 1 goes to q2, q2 with value 0 goes to q3, q3 with value 0 goes to q4, q4 with value 0 goes to q0.;[];[0.9, 0.95, 0.9, 1.0];0.95;8;False;{'user_input': 'thanks for the explanation about the language of this automaton using the alphabet a and the input string s.', 'intent': 'fsa-practical', 'argument': None, 'dialogue_act': 'Ta:request', 'frame': {'alphabet': 'a', 'input': 's'}};[0.9, 0.95, 0.9, 1.0]
Correctness;1;Is there a transition directly from q2 to q4 in this automaton?;the transition is not defined.;[];[1.0, 1.0, 1.0, 1.0];1.0;0;False;{'user_input': 'Is there a transition directly from q2 to q4 in this automaton?', 'intent': 'fsa-practical', 'argument': 'transition', 'dialogue_act': 'Ta:propositionalQuestion', 'frame': {'transitions': [['q2', 'q4', '?']]}};[1.0, 1.0, 1.0, 1.0]
Correctness;1;Given the input 11000, is the transition sequence of the automaton correct even if the output is denied?;The automaton has 5 transitions: q0 with value 1 goes to q1, q1 with value 1 goes to q2, q2 with value 0 goes to q3, q3 with value 0 goes to q4, q4 with value 0 goes to q0.;['simbolo-q0-q1', 'simbolo-q1-q2', 'simbolo-q2-q3', 'simbolo-q3-q4', 'simbolo-q4-q0'];[0.4, 0.5, 0.4, 1.0];0.5;0;False;{'user_input': 'Given the input 11000, is the transition sequence of the automaton correct even if the output is denied?', 'intent': 'fsa-practical', 'argument': 'transition', 'dialogue_act': 'Ta:request', 'frame': {'input': '11000'}};[0.4, 0.5, 0.4, 1.0]
Correctness;1;What is the language accepted by this automaton for the input string 11000?;Could you be more specific?;[];[0.0, 0.1, 0.0, 1.0];0.0;1;False;{'user_input': 'What is the language accepted by this automaton for the input string 11000?', 'intent': 'fsa-practical', 'argument': 'language', 'dialogue_act': 'Ta:request', 'frame': {'input': '11000'}};[0.0, 0.1, 0.0, 1.0]
Correctness;1;for the automaton shown, what is the language accepted for the input string 11000?;Could you be more specific?;[];[0.0, 0.1, 0.0, 1.0];0.0;2;False;{'user_input': 'for the automaton shown, what is the language accepted for the input string 11000?', 'intent': 'fsa-practical', 'argument': 'language', 'dialogue_act': 'Ta:request', 'frame': {'input': '11000'}};[0.0, 0.1, 0.0, 1.0]
Correctness;1;Can you check whether the input string 11000 is accepted by this automaton?;Could you be more specific?;[];[0.0, 0.1, 0.0, 1.0];0.0;3;False;{'user_input': 'Can you check whether the input string 11000 is accepted by this automaton?', 'intent': 'fsa-practical', 'argument': 'language', 'dialogue_act': 'Ta:request', 'frame': {'input': '11000'}};[0.0, 0.1, 0.0, 1.0]
Correctness;1;What is the transition sequence followed by the automaton when it processes the input 11000?;The automaton has 5 transitions: q0 with value 1 goes to q1, q1 with value 1 goes to q2, q2 with value 0 goes to q3, q3 with value 0 goes to q4, q4 with value 0 goes to q0.;['simbolo-q0-q1', 'simbolo-q1-q2', 'simbolo-q2-q3', 'simbolo-q3-q4', 'simbolo-q4-q0'];[1.0, 1.0, 1.0, 1.0];1.0;3;False;{'user_input': 'What is the transition sequence followed by the automaton when it processes the input 11000?', 'intent': 'fsa-practical', 'argument': 'transition', 'dialogue_act': 'Ta:request', 'frame': {'input': '11000'}};[1.0, 1.0, 1.0, 1.0]
Correctness;1;For the automaton shown, what sequence of transitions does it follow when processing the input 11000?;The automaton has 5 transitions: q0 with value 1 goes to q1, q1 with value 1 goes to q2, q2 with value 0 goes to q3, q3 with value 0 goes to q4, q4 with value 0 goes to q0.;['simbolo-q0-q1', 'simbolo-q1-q2', 'simbolo-q2-q3', 'simbolo-q3-q4', 'simbolo-q4-q0'];[0.9, 0.95, 1.0, 1.0];1.0;3;False;{'user_input': 'For the automaton shown, what sequence of transitions does it follow when processing the input 11000?', 'intent': 'fsa-practical', 'argument': 'transition', 'dialogue_act': 'Ta:request', 'frame': {'input': '11000'}};[0.9, 0.95, 1.0, 1.0]
Correctness;1;is the string 11000 part of the language recognized by this automaton?;Could you be more specific?;[];[0.0, 0.1, 0.0, 1.0];0.0;4;False;{'user_input': 'is the string 11000 part of the language recognized by this automaton?', 'intent': 'fsa-practical', 'argument': 'language', 'dialogue_act': 'Ta:propositionalQuestion', 'frame': {'input': '11000'}};[0.0, 0.1, 0.0, 1.0]
Correctness;1;hi again! for this automaton, can you help me check the language by telling me what happens with the input string 11000?;Could you be more specific?;[];[0.0, 0.1, 0.0, 1.0];0.0;5;False;{'user_input': 'hi again! for this automaton, can you help me check the language by telling me what happens with the input string 11000?', 'intent': 'fsa-practical', 'argument': 'language', 'dialogue_act': 'Ta:propositionalQuestion', 'frame': {'input': '11000'}};[0.0, 0.1, 0.0, 1.0]
Correctness;1;What is the language accepted by the automaton if the initial state is Q3?;Could you be more specific?;[];[0.0, 0.1, 0.0, 1.0];0.0;6;False;{'user_input': 'What is the language accepted by the automaton if the initial state is Q3?', 'intent': 'fsa-practical', 'argument': 'language', 'dialogue_act': 'Ta:request', 'frame': {'initialState': 'Q3'}};[0.0, 0.1, 0.0, 1.0]
Correctness;1;yes, i accept the turn to work on the practical aspects of the language of this automaton, considering q3 as the initial state.;It is not the initial state.;[];[0.9, 0.9, 0.9, 1.0];1.0;6;False;{'user_input': 'yes, i accept the turn to work on the practical aspects of the language of this automaton, considering q3 as the initial state.', 'intent': 'fsa-practical', 'argument': 'state', 'dialogue_act': 'Ta:request', 'frame': {'initialState': 'q3'}};[0.9, 0.9, 0.9, 1.0]
Correctness;1;what is the initial state of the automaton if we start from this?;The initial state is q0.;['simbolo-q0'];[1.0, 1.0, 1.0, 1.0];1.0;6;False;{'user_input': 'what is the initial state of the automaton if we start from this?', 'intent': 'fsa-practical', 'argument': 'state', 'dialogue_act': 'Ta:request', 'frame': {'initialState': '?', 'states': ['q3']}, '_raw_frame': {'initialState': '?'}};[1.0, 1.0, 1.0, 1.0]
Correctness;1;What is the theoretical definition of the language recognized by this automaton if the initial state is Q3?;Could you be more specific?;[];[0.0, 0.1, 0.0, 1.0];0.0;7;False;{'user_input': 'What is the theoretical definition of the language recognized by this automaton if the initial state is Q3?', 'intent': 'fsa-practical', 'argument': 'language', 'dialogue_act': 'Ta:request', 'frame': {'initialState': 'Q3'}};[0.0, 0.1, 0.0, 1.0]
Correctness;1;What is the alphabet of this automaton if the initial state is Q3?;Could you be more specific?;[];[0.0, 0.1, 0.0, 1.0];0.0;8;False;{'user_input': 'What is the alphabet of this automaton if the initial state is Q3?', 'intent': 'fsa-practical', 'argument': 'alphabet', 'dialogue_act': 'Ta:request', 'frame': {'alphabet': '?'}};[0.0, 0.1, 0.0, 1.0]
Correctness;1;What is the alphabet of this finite state automaton?;Could you be more specific?;[];[0.0, 0.1, 0.0, 1.0];0.0;9;False;{'user_input': 'What is the alphabet of this finite state automaton?', 'intent': 'fsa-practical', 'argument': 'alphabet', 'dialogue_act': 'Ta:request', 'frame': {'alphabet': '?'}};[0.0, 0.1, 0.0, 1.0]
Correctness;2;What is the input symbol on the transition from q1 to q2?;The automaton accepts zero or more words formed by a sequence of the type 11000. In total there are 5 states: q0, q1, q2, q3 and q4. q0 is both the initial and the final state. The transitions are: q0 with value 1 goes to q1, q1 with value 1 goes to q2, q2 with value 0 goes to q3, q3 with value 0 goes to q4, q4 with value 0 goes to q0.;[];[0.2, 0.4, 0.3, 1.0];0.3;1;False;{'user_input': 'What is the input symbol on the transition from q1 to q2?', 'intent': 'fsa-practical', 'argument': None, 'dialogue_act': 'Ta:request', 'frame': {'input': '?'}};[0.2, 0.4, 0.3, 1.0]
Correctness;2;"sorry, i meant the input string, not the alphabet; can you instead tell me what input should be processed by this automaton?";Could you be more specific?;[];[0.1, 0.2, 0.1, 1.0];0.1;2;False;"{'user_input': 'sorry, i meant the input string, not the alphabet; can you instead tell me what input should be processed by this automaton?', 'intent': 'fsa-practical', 'argument': 'language', 'dialogue_act': 'Ta:request', 'frame': {'input': '?'}}";[0.1, 0.2, 0.1, 1.0]
Correctness;2;hi again! in this practical example with the finite state automaton, what is the language it recognizes for an input string?;Could you be more specific?;[];[0.1, 0.2, 0.1, 1.0];0.1;3;False;{'user_input': 'hi again! in this practical example with the finite state automaton, what is the language it recognizes for an input string?', 'intent': 'fsa-practical', 'argument': 'language', 'dialogue_act': 'Ta:request', 'frame': {'input': '?'}};[0.1, 0.2, 0.1, 1.0]
Correctness;2;What is the language accepted by this automaton for the input string “?”?;Could you be more specific?;[];[0.1, 0.2, 0.1, 1.0];0.1;4;False;{'user_input': 'What is the language accepted by this automaton for the input string “?”?', 'intent': 'fsa-practical', 'argument': 'language', 'dialogue_act': 'Ta:propositionalQuestion', 'frame': {'input': '?'}};[0.1, 0.2, 0.1, 1.0]
Correctness;2;for which input strings does this automaton accept, given the states and transitions shown on the tablet?;Could you be more specific?;[];[0.0, 0.1, 0.0, 1.0];0.0;5;False;{'user_input': 'for which input strings does this automaton accept, given the states and transitions shown on the tablet?', 'intent': 'fsa-practical', 'argument': 'language', 'dialogue_act': 'Ta:request', 'frame': {'input': '?'}};[0.0, 0.1, 0.0, 1.0]
Correctness;2;What is the language accepted by this automaton for the input string ?;Could you be more specific?;[];[0.0, 0.1, 0.0, 1.0];0.0;6;False;{'user_input': 'What is the language accepted by this automaton for the input string ?', 'intent': 'fsa-practical', 'argument': 'language', 'dialogue_act': 'Ta:request', 'frame': {'input': '?'}};[0.0, 0.1, 0.0, 1.0]
Correctness;2;What are the transitions of this finite state automaton?;The automaton has 5 transitions: q0 with value 1 goes to q1, q1 with value 1 goes to q2, q2 with value 0 goes to q3, q3 with value 0 goes to q4, q4 with value 0 goes to q0.;['simbolo-q0-q1', 'simbolo-q1-q2', 'simbolo-q2-q3', 'simbolo-q3-q4', 'simbolo-q4-q0'];[1.0, 1.0, 1.0, 1.0];1.0;6;False;{'user_input': 'What are the transitions of this finite state automaton?', 'intent': 'fsa-practical', 'argument': 'transition', 'dialogue_act': 'Ta:request', 'frame': {}};[1.0, 1.0, 1.0, 1.0]
Correctness;2;What is the input of this automaton?;Could you be more specific?;[];[0.0, 0.1, 0.0, 1.0];0.0;7;False;{'user_input': 'What is the input of this automaton?', 'intent': 'fsa-practical', 'argument': 'language', 'dialogue_act': 'Ta:request', 'frame': {'input': '?'}};[0.0, 0.1, 0.0, 1.0]
Correctness;2;hello, could you help me with the language of this automaton by checking what inputs it accepts?;The automaton accepts zero or more words formed by a sequence of the type 11000. In total there are 5 states: q0, q1, q2, q3 and q4. q0 is both the initial and the final state. The transitions are: q0 with value 1 goes to q1, q1 with value 1 goes to q2, q2 with value 0 goes to q3, q3 with value 0 goes to q4, q4 with value 0 goes to q0.;[];[0.95, 0.95, 1.0, 1.0];1.0;7;False;{'user_input': 'hello, could you help me with the language of this automaton by checking what inputs it accepts?', 'intent': 'fsa-practical', 'argument': 'automaton', 'dialogue_act': 'Ta:request', 'frame': {'input': 'hello'}};[0.95, 0.95, 1.0, 1.0]
Correctness;2;what are the transitions of this automaton for an input string like 11000?;The automaton has 5 transitions: q0 with value 1 goes to q1, q1 with value 1 goes to q2, q2 with value 0 goes to q3, q3 with value 0 goes to q4, q4 with value 0 goes to q0.;['simbolo-q0-q1', 'simbolo-q1-q2', 'simbolo-q2-q3', 'simbolo-q3-q4', 'simbolo-q4-q0'];[0.95, 0.95, 1.0, 1.0];1.0;7;False;{'user_input': 'what are the transitions of this automaton for an input string like 11000?', 'intent': 'fsa-practical', 'argument': 'transition', 'dialogue_act': 'Ta:request', 'frame': {'transitions': []}};[0.95, 0.95, 1.0, 1.0]
Correctness;2;what is the language accepted by this automaton for the input string “?”?;Could you be more specific?;[];[0.1, 0.2, 0.1, 1.0];0.9;7;False;{'user_input': 'what is the language accepted by this automaton for the input string “?”?', 'intent': 'fsa-practical', 'argument': 'language', 'dialogue_act': 'Ta:propositionalQuestion', 'frame': {'input': '?'}};[0.1, 0.2, 0.1, 1.0]
Correctness;2;What is the language recognized by this finite state automaton if it has 5 final states?;Could you be more specific?;[];[0.0, 0.1, 0.0, 1.0];0.0;8;False;{'user_input': 'What is the language recognized by this finite state automaton if it has 5 final states?', 'intent': 'fsa-practical', 'argument': 'language', 'dialogue_act': 'Ta:request', 'frame': {'numberOfFinalStates': '5'}};[0.0, 0.1, 0.0, 1.0]
Correctness;2;What is the language recognized by this automaton with a pentagon graphic representation?;Could you be more specific?;[];[0.0, 0.1, 0.0, 1.0];0.0;9;False;{'user_input': 'What is the language recognized by this automaton with a pentagon graphic representation?', 'intent': 'fsa-practical', 'argument': 'language', 'dialogue_act': 'Ta:request', 'frame': {'graphicRepresentation': 'pentagon'}};[0.0, 0.1, 0.0, 1.0]
Correctness;2;Can you tell me what the graphical representation of this finite state automaton looks like, for example if it is drawn as a pentagon?;The automaton accepts zero or more words formed by a sequence of the type 11000. In total there are 5 states: q0, q1, q2, q3 and q4. q0 is both the initial and the final state. The transitions are: q0 with value 1 goes to q1, q1 with value 1 goes to q2, q2 with value 0 goes to q3, q3 with value 0 goes to q4, q4 with value 0 goes to q0.;[];[0.4, 0.5, 0.4, 1.0];0.5;9;False;{'user_input': 'Can you tell me what the graphical representation of this finite state automaton looks like, for example if it is drawn as a pentagon?', 'intent': 'fsa-practical', 'argument': 'automaton', 'dialogue_act': 'Ta:request', 'frame': {'graphicRepresentation': '?'}};[0.4, 0.5, 0.4, 1.0]
Correctness;2;yes, i accept the turn to work on the language of this finite state automaton with the pentagon graphic representation.;The automaton accepts zero or more words formed by a sequence of the type 11000. In total there are 5 states: q0, q1, q2, q3 and q4. q0 is both the initial and the final state. The transitions are: q0 with value 1 goes to q1, q1 with value 1 goes to q2, q2 with value 0 goes to q3, q3 with value 0 goes to q4, q4 with value 0 goes to q0.;[];[0.95, 0.95, 1.0, 1.0];1.0;9;False;{'user_input': 'yes, i accept the turn to work on the language of this finite state automaton with the pentagon graphic representation.', 'intent': 'fsa-practical', 'argument': None, 'dialogue_act': 'Ta:request', 'frame': {}};[0.95, 0.95, 1.0, 1.0]
Correctness;3;If the automaton starts in q0 and reads the string 11000, does it end in an accepting state?;Could you be more specific?;[];[0.0, 0.1, 0.0, 1.0];0.0;1;False;{'user_input': 'If the automaton starts in q0 and reads the string 11000, does it end in an accepting state?', 'intent': 'fsa-practical', 'argument': 'language', 'dialogue_act': 'Ta:propositionalQuestion', 'frame': {'input': '11000'}};[0.0, 0.1, 0.0, 1.0]
Correctness;3;thank you, could you tell me what language is recognized by this automaton for the input 11000?;Could you be more specific?;[];[0.0, 0.1, 0.0, 1.0];0.0;2;False;{'user_input': 'thank you, could you tell me what language is recognized by this automaton for the input 11000?', 'intent': 'fsa-practical', 'argument': 'language', 'dialogue_act': 'Ta:request', 'frame': {'input': '11000'}};[0.0, 0.1, 0.0, 1.0]
Correctness;3;What is the language accepted by this automaton for the input 11000?;Could you be more specific?;[];[0.0, 0.1, 0.0, 1.0];0.0;3;False;{'user_input': 'What is the language accepted by this automaton for the input 11000?', 'intent': 'fsa-practical', 'argument': 'language', 'dialogue_act': 'Ta:request', 'frame': {'input': '11000'}};[0.0, 0.1, 0.0, 1.0]
Correctness;3;thanks, could you please tell me what language this automaton recognizes for the input 11000?;Could you be more specific?;[];[0.0, 0.1, 0.0, 1.0];0.0;4;False;{'user_input': 'thanks, could you please tell me what language this automaton recognizes for the input 11000?', 'intent': 'fsa-practical', 'argument': 'language', 'dialogue_act': 'Ta:request', 'frame': {'input': '11000'}};[0.0, 0.1, 0.0, 1.0]
Correctness;3;is the language recognized by this automaton non-regular?;Could you be more specific?;[];[0.0, 0.1, 0.0, 1.0];0.0;5;False;{'user_input': 'is the language recognized by this automaton non-regular?', 'intent': 'fsa-practical', 'argument': 'language', 'dialogue_act': 'Ta:request', 'frame': {'input': '?'}};[0.0, 0.1, 0.0, 1.0]
Correctness;3;is the language accepted by this deterministic automaton finite or infinite?;Could you be more specific?;[];[0.0, 0.1, 0.0, 1.0];0.0;6;False;{'user_input': 'is the language accepted by this deterministic automaton finite or infinite?', 'intent': 'fsa-practical', 'argument': 'language', 'dialogue_act': 'Ta:propositionalQuestion', 'frame': {'input': '?'}};[0.0, 0.1, 0.0, 1.0]
Correctness;3;What is the language accepted by this finite state automaton for an input string?;Could you be more specific?;[];[0.0, 0.1, 0.0, 1.0];0.0;7;False;{'user_input': 'What is the language accepted by this finite state automaton for an input string?', 'intent': 'fsa-practical', 'argument': 'language', 'dialogue_act': 'Ta:request', 'frame': {'input': '?'}};[0.0, 0.1, 0.0, 1.0]
Correctness;3;What is the input of this automaton?;Could you be more specific?;[];[0.0, 0.1, 0.0, 1.0];0.1;8;False;{'user_input': 'What is the input of this automaton?', 'intent': 'fsa-practical', 'argument': 'language', 'dialogue_act': 'Ta:request', 'frame': {'input': '?'}};[0.0, 0.1, 0.0, 1.0]
Correctness;3;what is the language accepted by this automaton for an input string?;Could you be more specific?;[];[0.0, 0.1, 0.0, 1.0];0.0;9;False;{'user_input': 'what is the language accepted by this automaton for an input string?', 'intent': 'fsa-practical', 'argument': 'language', 'dialogue_act': 'Ta:request', 'frame': {'input': '?'}};[0.0, 0.1, 0.0, 1.0]
Correctness;3;For which input strings does the language of this finite state automaton accept or reject?;Could you be more specific?;[];[0.0, 0.1, 0.0, 1.0];0.0;10;False;{'user_input': 'For which input strings does the language of this finite state automaton accept or reject?', 'intent': 'fsa-practical', 'argument': 'language', 'dialogue_act': 'Ta:request', 'frame': {'input': '?'}};[0.0, 0.1, 0.0, 1.0]
Correctness;3;what is the language accepted by this automaton for the input string?;Could you be more specific?;[];[0.0, 0.1, 0.0, 1.0];0.0;11;False;{'user_input': 'what is the language accepted by this automaton for the input string?', 'intent': 'fsa-practical', 'argument': 'language', 'dialogue_act': 'Ta:request', 'frame': {'input': '?'}};[0.0, 0.1, 0.0, 1.0]
Correctness;3;thanks, could you tell me what language is accepted by this automaton for the input string?;Could you be more specific?;[];[0.1, 0.2, 0.1, 1.0];0.1;12;False;{'user_input': 'thanks, could you tell me what language is accepted by this automaton for the input string?', 'intent': 'fsa-practical', 'argument': 'language', 'dialogue_act': 'Ta:request', 'frame': {'input': '?'}};[0.1, 0.2, 0.1, 1.0]
Correctness;3;Given the automaton shown on the tablet, what is the input string that this finite state machine accepts?;Could you be more specific?;[];[0.0, 0.1, 0.0, 1.0];0.0;13;False;{'user_input': 'Given the automaton shown on the tablet, what is the input string that this finite state machine accepts?', 'intent': 'fsa-practical', 'argument': 'language', 'dialogue_act': 'Ta:request', 'frame': {'input': '?'}};[0.0, 0.1, 0.0, 1.0]
Correctness;3;actually, i meant: could you suggest what language this automaton recognizes for some input string?;Could you be more specific?;[];[0.1, 0.2, 0.1, 1.0];0.2;14;False;{'user_input': 'actually, i meant: could you suggest what language this automaton recognizes for some input string?', 'intent': 'fsa-practical', 'argument': 'language', 'dialogue_act': 'Ta:request', 'frame': {'input': '?'}};[0.1, 0.2, 0.1, 1.0]
Correctness;3;I meant: what is the language accepted by this automaton for an input string?;Could you be more specific?;[];[0.1, 0.1, 0.1, 1.0];0.1;15;False;{'user_input': 'I meant: what is the language accepted by this automaton for an input string?', 'intent': 'fsa-practical', 'argument': 'language', 'dialogue_act': 'Ta:request', 'frame': {'input': '?', 'output': '?'}};[0.1, 0.1, 0.1, 1.0]
Correctness;4;How can I know in general whether a finite state automaton is deterministic or nondeterministic just by looking at its diagram?;The automaton accepts zero or more words formed by a sequence of the type 11000. In total there are 5 states: q0, q1, q2, q3 and q4. q0 is both the initial and the final state. The transitions are: q0 with value 1 goes to q1, q1 with value 1 goes to q2, q2 with value 0 goes to q3, q3 with value 0 goes to q4, q4 with value 0 goes to q0.;[];[0.1, 0.1, 0.1, 1.0];0.1;1;False;{'user_input': 'How can I know in general whether a finite state automaton is deterministic or nondeterministic just by looking at its diagram?', 'intent': 'fsa-practical', 'argument': 'automaton', 'dialogue_act': 'Ta:request', 'frame': {'graphic': 'automatonType'}};[0.1, 0.1, 0.1, 1.0]
Correctness;4;Sorry, I meant: could you correct yourself and instead tell me what type of automaton is shown in the graphic?;The automaton accepts zero or more words formed by a sequence of the type 11000. In total there are 5 states: q0, q1, q2, q3 and q4. q0 is both the initial and the final state. The transitions are: q0 with value 1 goes to q1, q1 with value 1 goes to q2, q2 with value 0 goes to q3, q3 with value 0 goes to q4, q4 with value 0 goes to q0.;[];[0.2, 0.4, 0.3, 1.0];0.2;2;False;{'user_input': 'Sorry, I meant: could you correct yourself and instead tell me what type of automaton is shown in the graphic?', 'intent': 'fsa-practical', 'argument': 'automaton', 'dialogue_act': 'Ta:request', 'frame': {}};[0.2, 0.4, 0.3, 1.0]
Correctness;4;how many transitions are there in this automaton?;The automaton has 5 transitions: q0 with value 1 goes to q1, q1 with value 1 goes to q2, q2 with value 0 goes to q3, q3 with value 0 goes to q4, q4 with value 0 goes to q0.;['simbolo-q0-q1', 'simbolo-q1-q2', 'simbolo-q2-q3', 'simbolo-q3-q4', 'simbolo-q4-q0'];[1.0, 1.0, 1.0, 1.0];1.0;2;False;{'user_input': 'how many transitions are there in this automaton?', 'intent': 'fsa-practical', 'argument': 'transition', 'dialogue_act': 'Ta:request', 'frame': {'numberOfTransitions': '?'}};[1.0, 1.0, 1.0, 1.0]
Correctness;4;what is the type of this automaton shown in the graphic representation, from a theoretical point of view?;The automaton accepts zero or more words formed by a sequence of the type 11000. In total there are 5 states: q0, q1, q2, q3 and q4. q0 is both the initial and the final state. The transitions are: q0 with value 1 goes to q1, q1 with value 1 goes to q2, q2 with value 0 goes to q3, q3 with value 0 goes to q4, q4 with value 0 goes to q0.;[];[0.2, 0.4, 0.3, 1.0];0.3;3;False;{'user_input': 'what is the type of this automaton shown in the graphic representation, from a theoretical point of view?', 'intent': 'fsa-practical', 'argument': 'automaton', 'dialogue_act': 'Ta:request', 'frame': {'graphicRepresentation': '?'}};[0.2, 0.4, 0.3, 1.0]
Correctness;4;"The automaton I’m studying has 5 states; can you help me with some practical questions about this finite state automaton?";The automaton accepts zero or more words formed by a sequence of the type 11000. In total there are 5 states: q0, q1, q2, q3 and q4. q0 is both the initial and the final state. The transitions are: q0 with value 1 goes to q1, q1 with value 1 goes to q2, q2 with value 0 goes to q3, q3 with value 0 goes to q4, q4 with value 0 goes to q0.;[];[0.95, 0.9, 1.0, 1.0];0.9;3;False;"{'user_input': 'The automaton I’m studying has 5 states; can you help me with some practical questions about this finite state automaton?', 'intent': 'fsa-practical', 'argument': 'automaton', 'dialogue_act': 'Ta:request', 'frame': {'numberOfStates': '5'}}";[0.95, 0.9, 1.0, 1.0]
Correctness;4;Can you tell me what the states of this automaton are?;The state q0 exists.;['simbolo-q0'];[0.2, 0.3, 0.2, 0.9];0.2;4;False;{'user_input': 'Can you tell me what the states of this automaton are?', 'intent': 'fsa-practical', 'argument': 'state', 'dialogue_act': 'Ta:request', 'frame': {'states': '?'}};[0.2, 0.3, 0.2, 0.9]
Correctness;5;What kind of language (for example, regular or not) can this finite state machine recognize?;Could you be more specific?;[];[0.0, 0.1, 0.0, 1.0];0.0;1;False;{'user_input': 'What kind of language (for example, regular or not) can this finite state machine recognize?', 'intent': 'fsa-practical', 'argument': 'language', 'dialogue_act': 'Ta:propositionalQuestion', 'frame': {'input': '?'}};[0.0, 0.1, 0.0, 1.0]
Correctness;5;Hello, could you please tell me what is the language accepted by this automaton for a generic input string?;Could you be more specific?;[];[0.1, 0.1, 0.1, 1.0];0.1;2;False;{'user_input': 'Hello, could you please tell me what is the language accepted by this automaton for a generic input string?', 'intent': 'fsa-practical', 'argument': 'language', 'dialogue_act': 'Ta:request', 'frame': {'input': '?'}};[0.1, 0.1, 0.1, 1.0]
Correctness;5;What is the transition function of this automaton for an unknown input string?;The automaton has 5 transitions: q0 with value 1 goes to q1, q1 with value 1 goes to q2, q2 with value 0 goes to q3, q3 with value 0 goes to q4, q4 with value 0 goes to q0.;['simbolo-q0-q1', 'simbolo-q1-q2', 'simbolo-q2-q3', 'simbolo-q3-q4', 'simbolo-q4-q0'];[0.9, 0.95, 1.0, 0.95];0.4;2;False;{'user_input': 'What is the transition function of this automaton for an unknown input string?', 'intent': 'fsa-practical', 'argument': 'transition', 'dialogue_act': 'Ta:request', 'frame': {'transitions': []}};[0.9, 0.95, 1.0, 0.95]
Correctness;5;What is the language accepted by the automaton when it ends in state q1?;Could you be more specific?;[];[0.0, 0.1, 0.0, 1.0];0.0;3;False;{'user_input': 'What is the language accepted by the automaton when it ends in state q1?', 'intent': 'fsa-practical', 'argument': 'language', 'dialogue_act': 'Ta:request', 'frame': {'finalStates': 'q1'}};[0.0, 0.1, 0.0, 1.0]
Correctness;5;what is the language accepted by this automaton, and how many final states does it have?;Could you be more specific?;[];[0.0, 0.1, 0.0, 1.0];0.0;4;False;{'user_input': 'what is the language accepted by this automaton, and how many final states does it have?', 'intent': 'fsa-practical', 'argument': 'language', 'dialogue_act': 'Ta:request', 'frame': {'input': '?'}};[0.0, 0.1, 0.0, 1.0]
Correctness;5;what is the input alphabet of this automaton?;Could you be more specific?;[];[0.0, 0.1, 0.0, 1.0];0.0;5;False;{'user_input': 'what is the input alphabet of this automaton?', 'intent': 'fsa-practical', 'argument': 'alphabet', 'dialogue_act': 'Ta:request', 'frame': {'alphabet': '?'}};[0.0, 0.1, 0.0, 1.0]
Correctness;5;What is the starting state of this automaton?;The initial state is q0.;['simbolo-q0'];[1.0, 1.0, 1.0, 1.0];1.0;5;False;{'user_input': 'What is the starting state of this automaton?', 'intent': 'fsa-practical', 'argument': 'state', 'dialogue_act': 'Ta:request', 'frame': {'initialState': '?'}};[1.0, 1.0, 1.0, 1.0]
Correctness;5;What is the alphabet of this automaton?;Could you be more specific?;[];[0.0, 0.1, 0.0, 1.0];0.0;6;False;{'user_input': 'What is the alphabet of this automaton?', 'intent': 'fsa-practical', 'argument': 'alphabet', 'dialogue_act': 'Ta:request', 'frame': {'alphabet': '?'}};[0.0, 0.1, 0.0, 1.0]
Correctness;5;What is the alphabet of this automaton?;Could you be more specific?;[];[0.0, 0.1, 0.0, 1.0];0.0;7;False;{'user_input': 'What is the alphabet of this automaton?', 'intent': 'fsa-practical', 'argument': 'alphabet', 'dialogue_act': 'Ta:request', 'frame': {'alphabet': '?'}};[0.0, 0.1, 0.0, 1.0]
Correctness;5;what is the language accepted by this automaton, in particular what is its alphabet?;Could you be more specific?;[];[0.0, 0.1, 0.0, 1.0];0.0;8;False;{'user_input': 'what is the language accepted by this automaton, in particular what is its alphabet?', 'intent': 'fsa-practical', 'argument': 'language', 'dialogue_act': 'Ta:request', 'frame': {'alphabet': '?'}};[0.0, 0.1, 0.0, 1.0]
Correctness;5;What is the alphabet of this automaton?;Could you be more specific?;[];[0.0, 0.1, 0.0, 1.0];0.0;9;False;{'user_input': 'What is the alphabet of this automaton?', 'intent': 'fsa-practical', 'argument': 'alphabet', 'dialogue_act': 'Ta:request', 'frame': {'alphabet': '?'}};[0.0, 0.1, 0.0, 1.0]
Correctness;5;what is the alphabet symbol of the transition that leads to this?;Could you be more specific?;[];[0.1, 0.2, 0.1, 1.0];0.1;10;False;{'user_input': 'what is the alphabet symbol of the transition that leads to this?', 'intent': 'fsa-practical', 'argument': 'alphabet', 'dialogue_act': 'Ta:request', 'frame': {'states': ['q1']}, '_raw_frame': {'alphabet': '?'}};[0.1, 0.2, 0.1, 1.0]
Correctness;5;What is the alphabet symbol on the transition that leads to state q1?;Could you be more specific?;[];[0.0, 0.1, 0.0, 1.0];0.0;11;False;{'user_input': 'What is the alphabet symbol on the transition that leads to state q1?', 'intent': 'fsa-practical', 'argument': 'alphabet', 'dialogue_act': 'Ta:request', 'frame': {'alphabet': '?'}};[0.0, 0.1, 0.0, 1.0]
Correctness;5;what is the alphabet of this finite state automaton?;Could you be more specific?;[];[0.0, 0.1, 0.0, 1.0];0.0;12;False;{'user_input': 'what is the alphabet of this finite state automaton?', 'intent': 'fsa-practical', 'argument': 'alphabet', 'dialogue_act': 'Ta:request', 'frame': {'alphabet': '?'}};[0.0, 0.1, 0.0, 1.0]
Correctness;5;"I think I said the alphabet wrong before; can you tell me what the alphabet of this automaton is?";Could you be more specific?;[];[0.1, 0.1, 0.1, 1.0];0.1;13;False;"{'user_input': 'I think I said the alphabet wrong before; can you tell me what the alphabet of this automaton is?', 'intent': 'fsa-practical', 'argument': 'alphabet', 'dialogue_act': 'Ta:propositionalQuestion', 'frame': {'alphabet': '?'}}";[0.1, 0.1, 0.1, 1.0]
VisualRelevancy;1;Is it possible to reach q4 starting from q2 in the automaton shown?;the transition is not defined.;[];[0.0, 0.2, 0.0, 1.0];1.0;0;False;{'user_input': 'Is it possible to reach q4 starting from q2 in the automaton shown?', 'intent': 'fsa-practical', 'argument': 'transition', 'dialogue_act': 'Ta:propositionalQuestion', 'frame': {'transitions': [['q2', 'q4', '?']]}};[0.0, 0.2, 0.0, 1.0]
VisualRelevancy;1;Which symbol labels the transition from state q2 to state q4 in this automaton?;the transition is not defined.;[];[1.0, 1.0, 1.0, 1.0];1.0;0;False;{'user_input': 'Which symbol labels the transition from state q2 to state q4 in this automaton?', 'intent': 'fsa-practical', 'argument': 'transition', 'dialogue_act': 'Ta:request', 'frame': {'transitions': [['q2', 'q4', '?']]}};[1.0, 1.0, 1.0, 1.0]
VisualRelevancy;1;What is the transition from state q2 to state q4?;the transition is not defined.;[];[1.0, 1.0, 1.0, 1.0];1.0;0;False;{'user_input': 'What is the transition from state q2 to state q4?', 'intent': 'fsa-practical', 'argument': 'transition', 'dialogue_act': 'Ta:request', 'frame': {'transitions': [['q2', 'q4', '?']]}};[1.0, 1.0, 1.0, 1.0]
VisualRelevancy;1;what are the transitions of this automaton?;The automaton has 5 transitions: q0 with value 1 goes to q1, q1 with value 1 goes to q2, q2 with value 0 goes to q3, q3 with value 0 goes to q4, q4 with value 0 goes to q0.;['simbolo-q0-q1', 'simbolo-q1-q2', 'simbolo-q2-q3', 'simbolo-q3-q4', 'simbolo-q4-q0'];[1.0, 1.0, 1.0, 1.0];1.0;0;False;{'user_input': 'what are the transitions of this automaton?', 'intent': 'fsa-practical', 'argument': 'transition', 'dialogue_act': 'Ta:request', 'frame': {}};[1.0, 1.0, 1.0, 1.0]
VisualRelevancy;1;can you give me a practical exercise with this finite state automaton?;The automaton accepts zero or more words formed by a sequence of the type 11000. In total there are 5 states: q0, q1, q2, q3 and q4. q0 is both the initial and the final state. The transitions are: q0 with value 1 goes to q1, q1 with value 1 goes to q2, q2 with value 0 goes to q3, q3 with value 0 goes to q4, q4 with value 0 goes to q0.;[];[0.4, 0.5, 0.4, 1.0];1.0;0;False;{'user_input': 'can you give me a practical exercise with this finite state automaton?', 'intent': 'fsa-practical', 'argument': 'automaton', 'dialogue_act': 'Ta:request', 'frame': {'automaton': '?'}};[0.4, 0.5, 0.4, 1.0]
VisualRelevancy;1;From which state does a transition start in this automaton?;The initial state is q0.;['simbolo-q0'];[0.0, 0.2, 0.0, 0.8];1.0;0;False;{'user_input': 'From which state does a transition start in this automaton?', 'intent': 'fsa-practical', 'argument': 'state', 'dialogue_act': 'Ta:request', 'frame': {'initialState': '?'}};[0.0, 0.2, 0.0, 0.8]
VisualRelevancy;1;What is the initial state of this automaton?;The initial state is q0.;['simbolo-q0'];[1.0, 1.0, 1.0, 1.0];1.0;0;False;{'user_input': 'What is the initial state of this automaton?', 'intent': 'fsa-practical', 'argument': 'state', 'dialogue_act': 'Ta:request', 'frame': {'initialState': '?'}};[1.0, 1.0, 1.0, 1.0]
VisualRelevancy;1;what is the anti-clockwise pattern of states in this finite state automaton?;Could you be more specific?;[];[0.0, 0.2, 0.0, 1.0];1.0;0;False;{'user_input': 'what is the anti-clockwise pattern of states in this finite state automaton?', 'intent': 'fsa-practical', 'argument': 'pattern', 'dialogue_act': 'Ta:request', 'frame': {'patternType': 'anti-clockwise'}};[0.0, 0.2, 0.0, 1.0]
VisualRelevancy;1;can you tell me what kind of pattern the automaton follows in the diagram, specifically whether it is an anti-clockwise pattern?;Could you be more specific?;[];[0.2, 0.3, 0.2, 1.0];1.0;0;False;{'user_input': 'can you tell me what kind of pattern the automaton follows in the diagram, specifically whether it is an anti-clockwise pattern?', 'intent': 'fsa-practical', 'argument': 'pattern', 'dialogue_act': 'Ta:request', 'frame': {'patternType': 'antiClockwise'}};[0.2, 0.3, 0.2, 1.0]
VisualRelevancy;1;is the pattern followed by this automaton anti-clockwise?;Could you be more specific?;[];[0.2, 0.2, 0.2, 1.0];1.0;0;False;{'user_input': 'is the pattern followed by this automaton anti-clockwise?', 'intent': 'fsa-practical', 'argument': 'pattern', 'dialogue_act': 'Ta:request', 'frame': {'patternDirection': 'anti-clockwise'}};[0.2, 0.2, 0.2, 1.0]
VisualRelevancy;1;Can you tell me whether the pattern traced by this automaton on the diagram is anti-clockwise?;Could you be more specific?;[];[0.1, 0.2, 0.1, 1.0];1.0;0;False;{'user_input': 'Can you tell me whether the pattern traced by this automaton on the diagram is anti-clockwise?', 'intent': 'fsa-practical', 'argument': 'pattern', 'dialogue_act': 'Ta:propositionalQuestion', 'frame': {'patternType': 'anti-clockwise'}};[0.1, 0.2, 0.1, 1.0]
VisualRelevancy;1;Is the pattern of transitions in this automaton anti‑clockwise?;Could you be more specific?;[];[0.1, 0.2, 0.1, 1.0];1.0;0;False;{'user_input': 'Is the pattern of transitions in this automaton anti‑clockwise?', 'intent': 'fsa-practical', 'argument': 'pattern', 'dialogue_act': 'Ta:request', 'frame': {'patternType': 'antiClockwise'}};[0.1, 0.2, 0.1, 1.0]
VisualRelevancy;1;is the pattern followed by this automaton anti‑clockwise?;Could you be more specific?;[];[0.2, 0.2, 0.2, 1.0];1.0;0;False;{'user_input': 'is the pattern followed by this automaton anti‑clockwise?', 'intent': 'fsa-practical', 'argument': 'pattern', 'dialogue_act': 'Ta:request', 'frame': {'patternType': 'antiClockwise'}};[0.2, 0.2, 0.2, 1.0]
VisualRelevancy;1;Which language is recognized by this automaton when it follows an anti-clockwise pattern?;Could you be more specific?;[];[0.0, 0.1, 0.0, 1.0];1.0;0;False;{'user_input': 'Which language is recognized by this automaton when it follows an anti-clockwise pattern?', 'intent': 'fsa-practical', 'argument': 'language', 'dialogue_act': 'Ta:request', 'frame': {'input': '?'}};[0.0, 0.1, 0.0, 1.0]
VisualRelevancy;1;what is the input of this automaton?;Could you be more specific?;[];[0.0, 0.1, 0.0, 1.0];1.0;0;False;{'user_input': 'what is the input of this automaton?', 'intent': 'fsa-practical', 'argument': 'language', 'dialogue_act': 'Ta:request', 'frame': {'input': '?'}};[0.0, 0.1, 0.0, 1.0]
VisualRelevancy;2;What is the value of the transition from q1 to q2 in this diagram?;the transition is not defined.;[];[0.0, 0.9, 0.0, 1.0];1.0;0;False;{'user_input': 'What is the value of the transition from q1 to q2 in this diagram?', 'intent': 'fsa-practical', 'argument': 'transition', 'dialogue_act': 'Ta:request', 'frame': {'transitions': [['q1', 'q2', '?']]}};[0.0, 0.9, 0.0, 1.0]
VisualRelevancy;2;What is the symbol of the transition from state q1 to state q2?;the transition is not defined.;[];[0.0, 0.2, 0.0, 1.0];1.0;0;False;{'user_input': 'What is the symbol of the transition from state q1 to state q2?', 'intent': 'fsa-practical', 'argument': 'transition', 'dialogue_act': 'Ta:request', 'frame': {'transitions': [['q1', 'q2', '?']]}};[0.0, 0.2, 0.0, 1.0]
VisualRelevancy;2;Before we say goodbye, could you tell me what is the transition from q1 to q2?;the transition is not defined.;[];[0.0, 0.9, 0.0, 1.0];1.0;0;False;{'user_input': 'Before we say goodbye, could you tell me what is the transition from q1 to q2?', 'intent': 'fsa-practical', 'argument': 'transition', 'dialogue_act': 'Ta:request', 'frame': {'transitions': [['q1', 'q2', '?']]}};[0.0, 0.9, 0.0, 1.0]
VisualRelevancy;2;Can you explain which transition I should modify so that this automaton recognizes a non-regular language?;The automaton has 5 transitions: q0 with value 1 goes to q1, q1 with value 1 goes to q2, q2 with value 0 goes to q3, q3 with value 0 goes to q4, q4 with value 0 goes to q0.;['simbolo-q0-q1', 'simbolo-q1-q2', 'simbolo-q2-q3', 'simbolo-q3-q4', 'simbolo-q4-q0'];[0.1, 0.3, 0.1, 0.9];0.9;0;False;{'user_input': 'Can you explain which transition I should modify so that this automaton recognizes a non-regular language?', 'intent': 'fsa-practical', 'argument': 'transition', 'dialogue_act': 'Ta:request', 'frame': {'transitions': []}};[0.1, 0.3, 0.1, 0.9]
VisualRelevancy;2;the transitions of this automaton are: from q0 to q1 with input 1, from q1 to q2 with input 1, from q2 to q3 with input 0, from q3 to q4 with input 0, and from q4 back to q0 with input 0.;the transition is not defined.;[];[0.0, 0.1, 0.0, 1.0];1.0;0;False;{'user_input': 'the transitions of this automaton are: from q0 to q1 with input 1, from q1 to q2 with input 1, from q2 to q3 with input 0, from q3 to q4 with input 0, and from q4 back to q0 with input 0.', 'intent': 'fsa-practical', 'argument': 'transition', 'dialogue_act': 'Ta:request', 'frame': {'transitions': [['q0', 'q1', '1'], ['q1', 'q2', '1'], ['q2', 'q3', '0'], ['q3', 'q4', '0'], ['q4', 'q0', '0']]}};[0.0, 0.1, 0.0, 1.0]
VisualRelevancy;2;which transitions of the automaton use symbols 2 and 4 in the alphabet?;The automaton has 5 transitions: q0 with value 1 goes to q1, q1 with value 1 goes to q2, q2 with value 0 goes to q3, q3 with value 0 goes to q4, q4 with value 0 goes to q0.;['simbolo-q0-q1', 'simbolo-q1-q2', 'simbolo-q2-q3', 'simbolo-q3-q4', 'simbolo-q4-q0'];[0.0, 0.2, 0.0, 0.2];0.2;1;False;{'user_input': 'which transitions of the automaton use symbols 2 and 4 in the alphabet?', 'intent': 'fsa-practical', 'argument': 'transition', 'dialogue_act': 'Ta:request', 'frame': {'alphabet': ['2', '4']}};[0.0, 0.2, 0.0, 0.2]
VisualRelevancy;2;to which state does the transition go?;The automaton has 5 transitions: q0 with value 1 goes to q1, q1 with value 1 goes to q2, q2 with value 0 goes to q3, q3 with value 0 goes to q4, q4 with value 0 goes to q0.;['simbolo-q0-q1', 'simbolo-q1-q2', 'simbolo-q2-q3', 'simbolo-q3-q4', 'simbolo-q4-q0'];[0.2, 0.3, 0.5, 0.5];0.9;1;False;{'user_input': 'to which state does the transition go?', 'intent': 'fsa-practical', 'argument': 'transition', 'dialogue_act': 'Ta:request', 'frame': {'transitions': []}};[0.2, 0.3, 0.5, 0.5]
VisualRelevancy;2;What are the transitions associated with the alphabet symbols 2 and 4 in this automaton?;The automaton has 5 transitions: q0 with value 1 goes to q1, q1 with value 1 goes to q2, q2 with value 0 goes to q3, q3 with value 0 goes to q4, q4 with value 0 goes to q0.;['simbolo-q0-q1', 'simbolo-q1-q2', 'simbolo-q2-q3', 'simbolo-q3-q4', 'simbolo-q4-q0'];[0.0, 0.2, 0.0, 0.2];0.2;2;False;{'user_input': 'What are the transitions associated with the alphabet symbols 2 and 4 in this automaton?', 'intent': 'fsa-practical', 'argument': 'transition', 'dialogue_act': 'Ta:request', 'frame': {'alphabet': ['2', '4']}};[0.0, 0.2, 0.0, 0.2]
VisualRelevancy;2;No, the transition of this automaton is not defined over the alphabet {2,4}, because its transitions only use symbols 1 and 0.;The automaton has 5 transitions: q0 with value 1 goes to q1, q1 with value 1 goes to q2, q2 with value 0 goes to q3, q3 with value 0 goes to q4, q4 with value 0 goes to q0.;['simbolo-q0-q1', 'simbolo-q1-q2', 'simbolo-q2-q3', 'simbolo-q3-q4', 'simbolo-q4-q0'];[0.2, 0.4, 0.3, 0.9];1.0;2;False;{'user_input': 'No, the transition of this automaton is not defined over the alphabet {2,4}, because its transitions only use symbols 1 and 0.', 'intent': 'fsa-practical', 'argument': 'transition', 'dialogue_act': 'Ta:request', 'frame': {'alphabet': ['2', '4']}};[0.2, 0.4, 0.3, 0.9]
VisualRelevancy;2;from this, what is the transition in this automaton?;There is no transition between q3 and q0.;[];[0.0, 0.1, 0.0, 1.0];1.0;2;False;{'user_input': 'from this, what is the transition in this automaton?', 'intent': 'fsa-practical', 'argument': 'transition', 'dialogue_act': 'Ta:request', 'frame': {'states': ['q3']}, '_raw_frame': {}};[0.0, 0.1, 0.0, 1.0]
VisualRelevancy;2;What are the transitions associated with the alphabet symbols 2 and 4 in this automaton?;The automaton has 5 transitions: q0 with value 1 goes to q1, q1 with value 1 goes to q2, q2 with value 0 goes to q3, q3 with value 0 goes to q4, q4 with value 0 goes to q0.;['simbolo-q0-q1', 'simbolo-q1-q2', 'simbolo-q2-q3', 'simbolo-q3-q4', 'simbolo-q4-q0'];[0.0, 0.2, 0.0, 0.9];0.2;3;False;{'user_input': 'What are the transitions associated with the alphabet symbols 2 and 4 in this automaton?', 'intent': 'fsa-practical', 'argument': 'transition', 'dialogue_act': 'Ta:request', 'frame': {'alphabet': ['2', '4']}};[0.0, 0.2, 0.0, 0.9]
VisualRelevancy;2;can you tell me which transitions of this automaton lead to the string being accepted?;The automaton has 5 transitions: q0 with value 1 goes to q1, q1 with value 1 goes to q2, q2 with value 0 goes to q3, q3 with value 0 goes to q4, q4 with value 0 goes to q0.;['simbolo-q0-q1', 'simbolo-q1-q2', 'simbolo-q2-q3', 'simbolo-q3-q4', 'simbolo-q4-q0'];[0.4, 0.6, 0.4, 1.0];0.9;3;False;{'user_input': 'can you tell me which transitions of this automaton lead to the string being accepted?', 'intent': 'fsa-practical', 'argument': 'transition', 'dialogue_act': 'Ta:request', 'frame': {'transitions': []}};[0.4, 0.6, 0.4, 1.0]
VisualRelevancy;2;how many states does this automaton have?;This automaton has 5 states;['simbolo-q0', 'simbolo-q1', 'simbolo-q2', 'simbolo-q3', 'simbolo-q4'];[1.0, 1.0, 1.0, 1.0];1.0;3;False;{'user_input': 'how many states does this automaton have?', 'intent': 'fsa-practical', 'argument': 'state', 'dialogue_act': 'Ta:request', 'frame': {'numberOfStates': '?'}};[1.0, 1.0, 1.0, 1.0]
VisualRelevancy;2;what is the language accepted by this automaton over the alphabet {2,4}?;Could you be more specific?;[];[0.0, 0.1, 0.0, 1.0];1.0;3;False;{'user_input': 'what is the language accepted by this automaton over the alphabet {2,4}?', 'intent': 'fsa-practical', 'argument': 'language', 'dialogue_act': 'Ta:request', 'frame': {'alphabet': '2'}};[0.0, 0.1, 0.0, 1.0]
VisualRelevancy;2;i meant that the alphabet of this automaton is {2,4}, not its transitions.;Could you be more specific?;[];[0.2, 0.3, 0.2, 1.0];1.0;3;False;{'user_input': 'i meant that the alphabet of this automaton is {2,4}, not its transitions.', 'intent': 'fsa-practical', 'argument': 'alphabet', 'dialogue_act': 'Ta:request', 'frame': {'alphabet': '2'}};[0.2, 0.3, 0.2, 1.0]
VisualRelevancy;3;What is the alphabet of this automaton?;Could you be more specific?;[];[0.0, 0.1, 0.0, 1.0];1.0;0;False;{'user_input': 'What is the alphabet of this automaton?', 'intent': 'fsa-practical', 'argument': 'alphabet', 'dialogue_act': 'Ta:propositionalQuestion', 'frame': {'alphabet': '?'}};[0.0, 0.1, 0.0, 1.0]
VisualRelevancy;3;what is the alphabet of this automaton?;Could you be more specific?;[];[0.0, 0.1, 0.0, 1.0];1.0;0;False;{'user_input': 'what is the alphabet of this automaton?', 'intent': 'fsa-practical', 'argument': 'alphabet', 'dialogue_act': 'Ta:request', 'frame': {'alphabet': '?'}};[0.0, 0.1, 0.0, 1.0]
VisualRelevancy;3;what is the alphabet of this automaton?;Could you be more specific?;[];[0.0, 0.1, 0.0, 1.0];1.0;0;False;{'user_input': 'what is the alphabet of this automaton?', 'intent': 'fsa-practical', 'argument': 'alphabet', 'dialogue_act': 'Ta:request', 'frame': {'alphabet': '?'}};[0.0, 0.1, 0.0, 1.0]
VisualRelevancy;3;what is the alphabet of this automaton?;Could you be more specific?;[];[0.0, 0.1, 0.0, 1.0];1.0;0;False;{'user_input': 'what is the alphabet of this automaton?', 'intent': 'fsa-practical', 'argument': 'alphabet', 'dialogue_act': 'Ta:request', 'frame': {'alphabet': '?'}};[0.0, 0.1, 0.0, 1.0]
VisualRelevancy;3;What is the alphabet of this automaton?;Could you be more specific?;[];[0.0, 0.1, 0.0, 1.0];1.0;0;False;{'user_input': 'What is the alphabet of this automaton?', 'intent': 'fsa-practical', 'argument': 'alphabet', 'dialogue_act': 'Ta:request', 'frame': {'alphabet': '?'}};[0.0, 0.1, 0.0, 1.0]
VisualRelevancy;3;Hi, could you tell me what the alphabet of this finite state automaton is?;Could you be more specific?;[];[0.0, 0.1, 0.0, 1.0];1.0;0;False;{'user_input': 'Hi, could you tell me what the alphabet of this finite state automaton is?', 'intent': 'fsa-practical', 'argument': 'alphabet', 'dialogue_act': 'Ta:request', 'frame': {'alphabet': '?'}};[0.0, 0.1, 0.0, 1.0]
VisualRelevancy;3;The alphabet of this automaton is what?;Could you be more specific?;[];[0.0, 0.1, 0.0, 1.0];1.0;0;False;{'user_input': 'The alphabet of this automaton is what?', 'intent': 'fsa-practical', 'argument': 'alphabet', 'dialogue_act': 'Ta:request', 'frame': {'alphabet': '?'}};[0.0, 0.1, 0.0, 1.0]
VisualRelevancy;3;what is the alphabet of this automaton?;Could you be more specific?;[];[0.0, 0.1, 0.0, 1.0];1.0;0;False;{'user_input': 'what is the alphabet of this automaton?', 'intent': 'fsa-practical', 'argument': 'alphabet', 'dialogue_act': 'Ta:request', 'frame': {'alphabet': '?'}};[0.0, 0.1, 0.0, 1.0]
VisualRelevancy;3;what is the difference between deterministic and non-deterministic finite state automata regarding their input alphabet?;Could you be more specific?;[];[0.0, 0.1, 0.0, 1.0];1.0;0;False;{'user_input': 'what is the difference between deterministic and non-deterministic finite state automata regarding their input alphabet?', 'intent': 'fsa-practical', 'argument': 'alphabet', 'dialogue_act': 'Ta:request', 'frame': {'alphabet': 'input'}};[0.0, 0.1, 0.0, 1.0]
VisualRelevancy;3;what are the transitions for the input string in this automaton?;The automaton has 5 transitions: q0 with value 1 goes to q1, q1 with value 1 goes to q2, q2 with value 0 goes to q3, q3 with value 0 goes to q4, q4 with value 0 goes to q0.;['simbolo-q0-q1', 'simbolo-q1-q2', 'simbolo-q2-q3', 'simbolo-q3-q4', 'simbolo-q4-q0'];[0.95, 0.95, 1.0, 1.0];1.0;0;False;{'user_input': 'what are the transitions for the input string in this automaton?', 'intent': 'fsa-practical', 'argument': 'transition', 'dialogue_act': 'Ta:request', 'frame': {'transitions': []}};[0.95, 0.95, 1.0, 1.0]
VisualRelevancy;3;thank you for explaining the transitions of the automaton.;The automaton accepts zero or more words formed by a sequence of the type 11000. In total there are 5 states: q0, q1, q2, q3 and q4. q0 is both the initial and the final state. The transitions are: q0 with value 1 goes to q1, q1 with value 1 goes to q2, q2 with value 0 goes to q3, q3 with value 0 goes to q4, q4 with value 0 goes to q0.;[];[0.95, 0.9, 1.0, 1.0];1.0;0;False;{'user_input': 'thank you for explaining the transitions of the automaton.', 'intent': 'fsa-practical', 'argument': 'automaton', 'dialogue_act': 'Ta:request', 'frame': {}};[0.95, 0.9, 1.0, 1.0]
VisualRelevancy;3;can you explain, from a theoretical point of view, what an automaton is and how it works?;The automaton accepts zero or more words formed by a sequence of the type 11000. In total there are 5 states: q0, q1, q2, q3 and q4. q0 is both the initial and the final state. The transitions are: q0 with value 1 goes to q1, q1 with value 1 goes to q2, q2 with value 0 goes to q3, q3 with value 0 goes to q4, q4 with value 0 goes to q0.;[];[0.3, 0.4, 0.3, 1.0];1.0;0;False;{'user_input': 'can you explain, from a theoretical point of view, what an automaton is and how it works?', 'intent': 'fsa-practical', 'argument': 'automaton', 'dialogue_act': 'Ta:request', 'frame': {'automaton': '?', 'input': '?', 'output': '?'}};[0.3, 0.4, 0.3, 1.0]
VisualRelevancy;3;Given the automaton shown on the tablet, can you set a practical question about this automaton by specifying the automaton description, the input string to process, and the expected output (accepted or rejected)?;The automaton accepts zero or more words formed by a sequence of the type 11000. In total there are 5 states: q0, q1, q2, q3 and q4. q0 is both the initial and the final state. The transitions are: q0 with value 1 goes to q1, q1 with value 1 goes to q2, q2 with value 0 goes to q3, q3 with value 0 goes to q4, q4 with value 0 goes to q0.;[];[0.2, 0.3, 0.2, 1.0];1.0;0;False;{'user_input': 'Given the automaton shown on the tablet, can you set a practical question about this automaton by specifying the automaton description, the input string to process, and the expected output (accepted or rejected)?', 'intent': 'fsa-practical', 'argument': 'automaton', 'dialogue_act': 'Ta:request', 'frame': {'automatonDescription': '?', 'input': '?', 'output': '?'}};[0.2, 0.3, 0.2, 1.0]
VisualRelevancy;3;"the automaton i’m studying has 5 states in total; can you help me with this finite state automaton in a practical way?";There are 5 states in this automaton.;['simbolo-q0', 'simbolo-q1', 'simbolo-q2', 'simbolo-q3', 'simbolo-q4'];[0.4, 0.4, 0.3, 0.9];0.9;0;False;"{'user_input': 'the automaton i’m studying has 5 states in total; can you help me with this finite state automaton in a practical way?', 'intent': 'fsa-practical', 'argument': 'state', 'dialogue_act': 'Ta:request', 'frame': {'numberOfStates': '5'}}";[0.4, 0.4, 0.3, 0.9]
VisualRelevancy;3;"the automaton shown has 5 final states; can you confirm the number of final states for this automaton?";The automaton has 5 states: q0, q1, q2, q3 and q4.;['simbolo-q0', 'simbolo-q1', 'simbolo-q2', 'simbolo-q3', 'simbolo-q4'];[0.0, 0.2, 0.0, 0.9];0.9;0;False;"{'user_input': 'the automaton shown has 5 final states; can you confirm the number of final states for this automaton?', 'intent': 'fsa-practical', 'argument': 'state', 'dialogue_act': 'Ta:request', 'frame': {'numberOfFinalStates': '?'}}";[0.0, 0.2, 0.0, 0.9]
VisualRelevancy;4;How can I know which strings are accepted by this finite state machine?;Could you be more specific?;[];[0.1, 0.1, 0.1, 1.0];1.0;0;False;{'user_input': 'How can I know which strings are accepted by this finite state machine?', 'intent': 'fsa-practical', 'argument': 'language', 'dialogue_act': 'Ta:request', 'frame': {'input': '?'}};[0.1, 0.1, 0.1, 1.0]
VisualRelevancy;4;What is the language accepted by this automaton for the input string?;Could you be more specific?;[];[0.0, 0.1, 0.0, 1.0];1.0;0;False;{'user_input': 'What is the language accepted by this automaton for the input string?', 'intent': 'fsa-practical', 'argument': 'language', 'dialogue_act': 'Ta:request', 'frame': {'input': '?'}};[0.0, 0.1, 0.0, 1.0]
VisualRelevancy;4;which state does the automaton end in after processing the input string?;The state q0 exists.;['simbolo-q0'];[0.0, 0.1, 0.0, 0.2];0.8;0;False;{'user_input': 'which state does the automaton end in after processing the input string?', 'intent': 'fsa-practical', 'argument': 'state', 'dialogue_act': 'Ta:request', 'frame': {'states': '?'}};[0.0, 0.1, 0.0, 0.2]
VisualRelevancy;4;does this automaton ever reach this when processing some input string?;Could you be more specific?;[];[0.1, 0.2, 0.1, 0.9];1.0;0;False;{'user_input': 'does this automaton ever reach this when processing some input string?', 'intent': 'fsa-practical', 'argument': 'pattern', 'dialogue_act': 'Ta:propositionalQuestion', 'frame': {'states': ['q2']}, '_raw_frame': {'patternType': '?'}};[0.1, 0.2, 0.1, 0.9]
VisualRelevancy;4;Hello again! Could you tell me what the states of this automaton are?;The state q0 exists.;['simbolo-q0'];[0.2, 0.4, 0.2, 0.9];0.9;0;False;{'user_input': 'Hello again! Could you tell me what the states of this automaton are?', 'intent': 'fsa-practical', 'argument': 'state', 'dialogue_act': 'Ta:request', 'frame': {'states': '?'}};[0.2, 0.4, 0.2, 0.9]
VisualRelevancy;4;Hi, could you tell me what the states of this finite state automaton are?;The state q0 exists.;['simbolo-q0'];[0.2, 0.4, 0.2, 0.8];0.9;0;False;{'user_input': 'Hi, could you tell me what the states of this finite state automaton are?', 'intent': 'fsa-practical', 'argument': 'state', 'dialogue_act': 'Ta:request', 'frame': {'states': '?'}};[0.2, 0.4, 0.2, 0.8]
VisualRelevancy;4;"Thank you for explaining the states of this automaton; could you now tell me what all the states are?";The state q0 exists.;['simbolo-q0'];[0.2, 0.3, 0.2, 0.9];0.9;0;False;"{'user_input': 'Thank you for explaining the states of this automaton; could you now tell me what all the states are?', 'intent': 'fsa-practical', 'argument': 'state', 'dialogue_act': 'Ta:request', 'frame': {'states': '?'}}";[0.2, 0.3, 0.2, 0.9]
VisualRelevancy;4;sorry, i meant the automaton has 5 states: q0, q1, q2, q3 and q4, right? could you tell me again what the states of this automaton are?;The state q0 exists.;['simbolo-q0'];[0.2, 0.3, 0.2, 0.8];0.8;0;False;{'user_input': 'sorry, i meant the automaton has 5 states: q0, q1, q2, q3 and q4, right? could you tell me again what the states of this automaton are?', 'intent': 'fsa-practical', 'argument': 'state', 'dialogue_act': 'Ta:propositionalQuestion', 'frame': {'states': 'q0'}};[0.2, 0.3, 0.2, 0.8]
VisualRelevancy;4;What is the language accepted by the automaton starting from state q0?;Could you be more specific?;[];[0.0, 0.1, 0.0, 1.0];1.0;0;False;{'user_input': 'What is the language accepted by the automaton starting from state q0?', 'intent': 'fsa-practical', 'argument': 'language', 'dialogue_act': 'Ta:request', 'frame': {'input': '?'}};[0.0, 0.1, 0.0, 1.0]
VisualRelevancy;4;What is the initial state of this finite state automaton?;The initial state is q0.;['simbolo-q0'];[1.0, 1.0, 1.0, 1.0];1.0;0;False;{'user_input': 'What is the initial state of this finite state automaton?', 'intent': 'fsa-practical', 'argument': 'state', 'dialogue_act': 'Ta:request', 'frame': {'initialState': '?'}};[1.0, 1.0, 1.0, 1.0]
VisualRelevancy;4;Thanks, I’ve understood that the initial and final state of this automaton is q0, goodbye.;The initial state is q0.;['simbolo-q0'];[0.5, 0.6, 0.5, 0.9];0.9;0;False;{'user_input': 'Thanks, I’ve understood that the initial and final state of this automaton is q0, goodbye.', 'intent': 'fsa-practical', 'argument': 'state', 'dialogue_act': 'Ta:request', 'frame': {'initialState': 'q0', 'finalStates': ['q0']}};[0.5, 0.6, 0.5, 0.9]
VisualRelevancy;4;Is q0 one of the states of this automaton?;The state q0 exists.;['simbolo-q0'];[1.0, 1.0, 1.0, 1.0];1.0;0;False;{'user_input': 'Is q0 one of the states of this automaton?', 'intent': 'fsa-practical', 'argument': 'state', 'dialogue_act': 'Ta:propositionalQuestion', 'frame': {'states': 'q0'}};[1.0, 1.0, 1.0, 1.0]
VisualRelevancy;4;which transitions start from this in this automaton?;There is no transition between q0 and q0.;[];[0.0, 0.1, 0.0, 1.0];1.0;0;False;{'user_input': 'which transitions start from this in this automaton?', 'intent': 'fsa-practical', 'argument': 'transition', 'dialogue_act': 'Ta:request', 'frame': {'states': ['q0']}, '_raw_frame': {'transitions': []}};[0.0, 0.1, 0.0, 1.0]
VisualRelevancy;5;Does this automaton represent a deterministic or a non-deterministic finite state machine?;The automaton accepts zero or more words formed by a sequence of the type 11000. In total there are 5 states: q0, q1, q2, q3 and q4. q0 is both the initial and the final state. The transitions are: q0 with value 1 goes to q1, q1 with value 1 goes to q2, q2 with value 0 goes to q3, q3 with value 0 goes to q4, q4 with value 0 goes to q0.;[];[0.0, 0.3, 0.2, 1.0];1.0;0;False;{'user_input': 'Does this automaton represent a deterministic or a non-deterministic finite state machine?', 'intent': 'fsa-practical', 'argument': 'automaton', 'dialogue_act': 'Ta:propositionalQuestion', 'frame': {'automatonType': 'deterministic'}};[0.0, 0.3, 0.2, 1.0]
VisualRelevancy;5;what is the graphical representation of this automaton?;The automaton accepts zero or more words formed by a sequence of the type 11000. In total there are 5 states: q0, q1, q2, q3 and q4. q0 is both the initial and the final state. The transitions are: q0 with value 1 goes to q1, q1 with value 1 goes to q2, q2 with value 0 goes to q3, q3 with value 0 goes to q4, q4 with value 0 goes to q0.;[];[0.4, 0.6, 0.5, 1.0];1.0;0;False;{'user_input': 'what is the graphical representation of this automaton?', 'intent': 'fsa-practical', 'argument': 'automaton', 'dialogue_act': 'Ta:request', 'frame': {'graphicRepresentation': '?'}};[0.4, 0.6, 0.5, 1.0]
VisualRelevancy;5;Hi, could you please show me the graphic representation of this automaton on your tablet?;The automaton accepts zero or more words formed by a sequence of the type 11000. In total there are 5 states: q0, q1, q2, q3 and q4. q0 is both the initial and the final state. The transitions are: q0 with value 1 goes to q1, q1 with value 1 goes to q2, q2 with value 0 goes to q3, q3 with value 0 goes to q4, q4 with value 0 goes to q0.;[];[0.4, 0.5, 0.5, 0.9];0.9;0;False;{'user_input': 'Hi, could you please show me the graphic representation of this automaton on your tablet?', 'intent': 'fsa-practical', 'argument': None, 'dialogue_act': 'Ta:propositionalQuestion', 'frame': {'graphicRepresentation': '?'}};[0.4, 0.5, 0.5, 0.9]
VisualRelevancy;5;what is the graphical representation of this finite state automaton?;The automaton accepts zero or more words formed by a sequence of the type 11000. In total there are 5 states: q0, q1, q2, q3 and q4. q0 is both the initial and the final state. The transitions are: q0 with value 1 goes to q1, q1 with value 1 goes to q2, q2 with value 0 goes to q3, q3 with value 0 goes to q4, q4 with value 0 goes to q0.;[];[0.4, 0.6, 0.5, 0.9];1.0;0;False;{'user_input': 'what is the graphical representation of this finite state automaton?', 'intent': 'fsa-practical', 'argument': 'automaton', 'dialogue_act': 'Ta:request', 'frame': {'graphicRepresentation': '?'}};[0.4, 0.6, 0.5, 0.9]
VisualRelevancy;5;The graphic representation of this automaton is a pentagon, right?;The automaton accepts zero or more words formed by a sequence of the type 11000. In total there are 5 states: q0, q1, q2, q3 and q4. q0 is both the initial and the final state. The transitions are: q0 with value 1 goes to q1, q1 with value 1 goes to q2, q2 with value 0 goes to q3, q3 with value 0 goes to q4, q4 with value 0 goes to q0.;[];[0.2, 0.4, 0.5, 1.0];1.0;0;False;{'user_input': 'The graphic representation of this automaton is a pentagon, right?', 'intent': 'fsa-practical', 'argument': 'automaton', 'dialogue_act': 'Ta:propositionalQuestion', 'frame': {'graphicRepresentation': 'pentagon'}};[0.2, 0.4, 0.5, 1.0]
VisualRelevancy;5;what is the graphical representation of this finite state automaton?;The automaton accepts zero or more words formed by a sequence of the type 11000. In total there are 5 states: q0, q1, q2, q3 and q4. q0 is both the initial and the final state. The transitions are: q0 with value 1 goes to q1, q1 with value 1 goes to q2, q2 with value 0 goes to q3, q3 with value 0 goes to q4, q4 with value 0 goes to q0.;[];[0.9, 0.95, 0.9, 1.0];1.0;0;False;{'user_input': 'what is the graphical representation of this finite state automaton?', 'intent': 'fsa-practical', 'argument': 'automaton', 'dialogue_act': 'Ta:request', 'frame': {'graphicRepresentation': '?'}};[0.9, 0.95, 0.9, 1.0]
VisualRelevancy;5;what is the graphical representation of this finite state automaton?;The automaton accepts zero or more words formed by a sequence of the type 11000. In total there are 5 states: q0, q1, q2, q3 and q4. q0 is both the initial and the final state. The transitions are: q0 with value 1 goes to q1, q1 with value 1 goes to q2, q2 with value 0 goes to q3, q3 with value 0 goes to q4, q4 with value 0 goes to q0.;[];[0.9, 0.95, 0.9, 1.0];1.0;0;False;{'user_input': 'what is the graphical representation of this finite state automaton?', 'intent': 'fsa-practical', 'argument': 'automaton', 'dialogue_act': 'Ta:request', 'frame': {'graphicRepresentation': '?'}};[0.9, 0.95, 0.9, 1.0]
VisualRelevancy;5;what is the graphical representation of this automaton?;The automaton accepts zero or more words formed by a sequence of the type 11000. In total there are 5 states: q0, q1, q2, q3 and q4. q0 is both the initial and the final state. The transitions are: q0 with value 1 goes to q1, q1 with value 1 goes to q2, q2 with value 0 goes to q3, q3 with value 0 goes to q4, q4 with value 0 goes to q0.;[];[0.4, 0.6, 0.4, 1.0];1.0;0;False;{'user_input': 'what is the graphical representation of this automaton?', 'intent': 'fsa-practical', 'argument': 'automaton', 'dialogue_act': 'Ta:request', 'frame': {'graphicRepresentation': '?'}};[0.4, 0.6, 0.4, 1.0]
BaseLine;9;Show me a binary string that takes the automaton from q0 back to q0.;Could you be more specific?;[];[0.0, 0.1, 0.0, 1.0];-1;-1;False;{'user_input': 'Show me a binary string that takes the automaton from q0 back to q0.', 'intent': 'fsa-practical', 'argument': 'pattern', 'dialogue_act': 'Ta:propositionalQuestion', 'frame': {'pattern': '111'}};[0.0, 0.1, 0.0, 1.0]
BaseLine;10;What kind of language does this automaton recognize, in theory terms?;Could you be more specific?;[];[0.0, 0.1, 0.0, 1.0];-1;-1;False;{'user_input': 'What kind of language does this automaton recognize, in theory terms?', 'intent': 'fsa-practical', 'argument': 'language', 'dialogue_act': 'Ta:request', 'frame': {'input': '?'}};[0.0, 0.1, 0.0, 1.0]
BaseLine;11;Does this diagram represent a deterministic automaton or something else?;The automaton accepts zero or more words formed by a sequence of the type 11000. In total there are 5 states: q0, q1, q2, q3 and q4. q0 is both the initial and the final state. The transitions are: q0 with value 1 goes to q1, q1 with value 1 goes to q2, q2 with value 0 goes to q3, q3 with value 0 goes to q4, q4 with value 0 goes to q0.;[];[0.1, 0.2, 0.1, 1.0];-1;-1;False;{'user_input': 'Does this diagram represent a deterministic automaton or something else?', 'intent': 'fsa-practical', 'argument': 'automaton', 'dialogue_act': 'Ta:request', 'frame': {'graphicRepresentation': '?'}};[0.1, 0.2, 0.1, 1.0]
BaseLine;12;How many different arrows are drawn between all the states in the picture?;The automaton has 5 transitions: q0 with value 1 goes to q1, q1 with value 1 goes to q2, q2 with value 0 goes to q3, q3 with value 0 goes to q4, q4 with value 0 goes to q0.;['simbolo-q0-q1', 'simbolo-q1-q2', 'simbolo-q2-q3', 'simbolo-q3-q4', 'simbolo-q4-q0'];[1.0, 1.0, 1.0, 1.0];-1;-1;False;{'user_input': 'How many different arrows are drawn between all the states in the picture?', 'intent': 'fsa-practical', 'argument': 'transition', 'dialogue_act': 'Ta:request', 'frame': {'numberOfTransitions': '?'}};[1.0, 1.0, 1.0, 1.0]
BaseLine;13;Which state in this automaton has the largest number of incoming or outgoing arrows?;The automaton has 5 states: q0, q1, q2, q3 and q4.;['simbolo-q0', 'simbolo-q1', 'simbolo-q2', 'simbolo-q3', 'simbolo-q4'];[0.0, 0.2, 0.0, 0.9];-1;-1;False;{'user_input': 'Which state in this automaton has the largest number of incoming or outgoing arrows?', 'intent': 'fsa-practical', 'argument': 'state', 'dialogue_act': 'Ta:request', 'frame': {'stateWithMostTransitions': '?'}};[0.0, 0.2, 0.0, 0.9]
BaseLine;14;Tell me whether the alphabet of this machine is just {0,1} or something different.;Could you be more specific?;[];[0.0, 0.1, 0.0, 1.0];-1;-1;False;{'user_input': 'Tell me whether the alphabet of this machine is just {0,1} or something different.', 'intent': 'fsa-practical', 'argument': 'alphabet', 'dialogue_act': 'Ta:propositionalQuestion', 'frame': {'alphabet': ['0', '1']}};[0.0, 0.1, 0.0, 1.0]
BaseLine;15;Is there any state in this automaton that has no arrows leaving it at all?;The state q0 exists.;['simbolo-q0'];[0.0, 0.2, 0.0, 0.2];-1;-1;False;{'user_input': 'Is there any state in this automaton that has no arrows leaving it at all?', 'intent': 'fsa-practical', 'argument': 'state', 'dialogue_act': 'Ta:request', 'frame': {'states': '?'}};[0.0, 0.2, 0.0, 0.2]
BaseLine;2;Give me one example of an input that this automaton would reject.;Could you be more specific?;[];[0.0, 0.1, 0.0, 1.0];-1;-1;False;{'user_input': 'Give me one example of an input that this automaton would reject.', 'intent': 'fsa-practical', 'argument': 'language', 'dialogue_act': 'Ta:request', 'frame': {'input': '?'}};[0.0, 0.1, 0.0, 1.0]
BaseLine;3;What regular language could this automaton be trying to model, in words?;Could you be more specific?;[];[0.0, 0.1, 0.0, 1.0];-1;-1;False;{'user_input': 'What regular language could this automaton be trying to model, in words?', 'intent': 'fsa-practical', 'argument': 'language', 'dialogue_act': 'Ta:request', 'frame': {'input': '?'}};[0.0, 0.1, 0.0, 1.0]
BaseLine;4;Is the transition from q3 to q4 labeled with a 0 or with a 1 in the image?;the transition is not defined.;[];[0.0, 0.2, 0.0, 1.0];-1;-1;False;{'user_input': 'Is the transition from q3 to q4 labeled with a 0 or with a 1 in the image?', 'intent': 'fsa-practical', 'argument': 'transition', 'dialogue_act': 'Ta:propositionalQuestion', 'frame': {'transitions': [['q3', 'q4', '?']]}};[0.0, 0.2, 0.0, 1.0]
BaseLine;5;Tell me how many accepting states this finite state machine has.;This automaton has 5 states;['simbolo-q0', 'simbolo-q1', 'simbolo-q2', 'simbolo-q3', 'simbolo-q4'];[0.0, 0.2, 0.0, 0.2];-1;-1;False;{'user_input': 'Tell me how many accepting states this finite state machine has.', 'intent': 'fsa-practical', 'argument': 'state', 'dialogue_act': 'Ta:request', 'frame': {'numberOfStates': '?'}};[0.0, 0.2, 0.0, 0.2]
BaseLine;6;Can q2 jump straight to q4 on any input?;the transition is not defined.;[];[1.0, 1.0, 1.0, 1.0];-1;-1;False;{'user_input': 'Can q2 jump straight to q4 on any input?', 'intent': 'fsa-practical', 'argument': 'transition', 'dialogue_act': 'Ta:propositionalQuestion', 'frame': {'transitions': [['q2', 'q4', '?']]}};[1.0, 1.0, 1.0, 1.0]
BaseLine;7;Tell me the label on the arrow that goes from q1 to q2.;the transition is not defined.;[];[0.0, 0.2, 0.0, 1.0];-1;-1;False;{'user_input': 'Tell me the label on the arrow that goes from q1 to q2.', 'intent': 'fsa-practical', 'argument': 'transition', 'dialogue_act': 'Ta:request', 'frame': {'transitions': [['q1', 'q2', '?']]}};[0.0, 0.2, 0.0, 1.0]
BaseLine;8;Show me one input that starts at q0 and ends back in q0.;Could you be more specific?;[];[0.0, 0.1, 0.0, 1.0];-1;-1;False;{'user_input': 'Show me one input that starts at q0 and ends back in q0.', 'intent': 'fsa-practical', 'argument': 'pattern', 'dialogue_act': 'Ta:request', 'frame': {'patternType': '?'}};[0.0, 0.1, 0.0, 1.0]
BaseLine;9;What is the only state that is both the start and the accepting state?;The state q0 exists.;['simbolo-q0'];[0.9, 0.9, 1.0, 1.0];-1;-1;False;{'user_input': 'What is the only state that is both the start and the accepting state?', 'intent': 'fsa-practical', 'argument': 'state', 'dialogue_act': 'Ta:request', 'frame': {'states': '?'}};[0.9, 0.9, 1.0, 1.0]
BaseLine;10;From q3, what symbol must the automaton read next?;the transition is not defined.;[];[0.0, 0.2, 0.0, 1.0];-1;-1;False;{'user_input': 'From q3, what symbol must the automaton read next?', 'intent': 'fsa-practical', 'argument': 'transition', 'dialogue_act': 'Ta:request', 'frame': {'transitions': [['q3', '?', '?']]}};[0.0, 0.2, 0.0, 1.0]
BaseLine;11;List every state that is final in this machine.;The final state is q0.;['simbolo-q0'];[1.0, 1.0, 1.0, 1.0];-1;-1;False;{'user_input': 'List every state that is final in this machine.', 'intent': 'fsa-practical', 'argument': 'state', 'dialogue_act': 'Ta:request', 'frame': {'finalStates': '?'}};[1.0, 1.0, 1.0, 1.0]
BaseLine;12;How many different arrows are drawn in this automaton?;The automaton has 5 transitions: q0 with value 1 goes to q1, q1 with value 1 goes to q2, q2 with value 0 goes to q3, q3 with value 0 goes to q4, q4 with value 0 goes to q0.;['simbolo-q0-q1', 'simbolo-q1-q2', 'simbolo-q2-q3', 'simbolo-q3-q4', 'simbolo-q4-q0'];[1.0, 1.0, 1.0, 1.0];-1;-1;False;{'user_input': 'How many different arrows are drawn in this automaton?', 'intent': 'fsa-practical', 'argument': 'transition', 'dialogue_act': 'Ta:request', 'frame': {'numberOfTransitions': '?'}};[1.0, 1.0, 1.0, 1.0]
BaseLine;13;Is this automaton deterministic or not?;The automaton accepts zero or more words formed by a sequence of the type 11000. In total there are 5 states: q0, q1, q2, q3 and q4. q0 is both the initial and the final state. The transitions are: q0 with value 1 goes to q1, q1 with value 1 goes to q2, q2 with value 0 goes to q3, q3 with value 0 goes to q4, q4 with value 0 goes to q0.;[];[0.0, 0.3, 0.0, 1.0];-1;-1;False;{'user_input': 'Is this automaton deterministic or not?', 'intent': 'fsa-practical', 'argument': 'automaton', 'dialogue_act': 'Ta:request', 'frame': {'automatonType': '?'}};[0.0, 0.3, 0.0, 1.0]
BaseLine;14;Which symbols form the alphabet of the automaton in the picture?;Could you be more specific?;[];[0.0, 0.1, 0.0, 1.0];-1;-1;False;{'user_input': 'Which symbols form the alphabet of the automaton in the picture?', 'intent': 'fsa-practical', 'argument': 'alphabet', 'dialogue_act': 'Ta:propositionalQuestion', 'frame': {'alphabet': '?'}};[0.0, 0.1, 0.0, 1.0]
BaseLine;15;Give me the full transition that begins at q0.;The automaton has 5 transitions: q0 with value 1 goes to q1, q1 with value 1 goes to q2, q2 with value 0 goes to q3, q3 with value 0 goes to q4, q4 with value 0 goes to q0.;['simbolo-q0-q1', 'simbolo-q1-q2', 'simbolo-q2-q3', 'simbolo-q3-q4', 'simbolo-q4-q0'];[0.7, 0.8, 1.0, 1.0];-1;-1;False;{'user_input': 'Give me the full transition that begins at q0.', 'intent': 'fsa-practical', 'argument': 'transition', 'dialogue_act': 'Ta:request', 'frame': {'transitions': []}};[0.7, 0.8, 1.0, 1.0]
BaseLine;16;Tell me how many states in this diagram have no outgoing arrows.;The automaton has 5 states: q0, q1, q2, q3 and q4.;['simbolo-q0', 'simbolo-q1', 'simbolo-q2', 'simbolo-q3', 'simbolo-q4'];[0.0, 0.2, 0.0, 0.9];-1;-1;False;{'user_input': 'Tell me how many states in this diagram have no outgoing arrows.', 'intent': 'fsa-practical', 'argument': 'state', 'dialogue_act': 'Ta:request', 'frame': {'numberOfStatesWithNoOutgoingTransitions': '?'}};[0.0, 0.2, 0.0, 0.9]
BaseLine;17;Does this machine accept any string that starts with 10?;Could you be more specific?;[];[0.0, 0.1, 0.0, 1.0];-1;-1;False;{'user_input': 'Does this machine accept any string that starts with 10?', 'intent': 'fsa-practical', 'argument': 'language', 'dialogue_act': 'Ta:request', 'frame': {'input': '10'}};[0.0, 0.1, 0.0, 1.0]
BaseLine;18;What sort of language does this automaton recognize, regular or not?;Could you be more specific?;[];[0.0, 0.1, 0.0, 1.0];-1;-1;False;{'user_input': 'What sort of language does this automaton recognize, regular or not?', 'intent': 'fsa-practical', 'argument': 'language', 'dialogue_act': 'Ta:request', 'frame': {'input': '?'}};[0.0, 0.1, 0.0, 1.0]
BaseLine;19;If I give you the input 11000, does the automaton accept it?;Could you be more specific?;[];[0.0, 0.1, 0.0, 1.0];-1;-1;False;{'user_input': 'If I give you the input 11000, does the automaton accept it?', 'intent': 'fsa-practical', 'argument': 'language', 'dialogue_act': 'Ta:propositionalQuestion', 'frame': {'input': '11000'}};[0.0, 0.1, 0.0, 1.0]
BaseLine;20;Describe the picture shape that best fits the layout of the states.;Could you be more specific?;[];[0.1, 0.2, 0.1, 1.0];-1;-1;False;{'user_input': 'Describe the picture shape that best fits the layout of the states.', 'intent': 'fsa-practical', 'argument': 'pattern', 'dialogue_act': 'Ta:request', 'frame': {'patternType': '?'}};[0.1, 0.2, 0.1, 1.0]
BaseLine;21;Can I jump straight from q2 to q4 in this diagram?;the transition is not defined.;[];[0.95, 0.95, 1.0, 1.0];-1;-1;False;{'user_input': 'Can I jump straight from q2 to q4 in this diagram?', 'intent': 'fsa-practical', 'argument': 'transition', 'dialogue_act': 'Ta:request', 'frame': {'transitions': [['q2', 'q4', '?']]}};[0.95, 0.95, 1.0, 1.0]
BaseLine;22;What label sits on the arrow that goes from q1 to q2?;the transition is not defined.;[];[0.0, 0.2, 0.0, 1.0];-1;-1;False;{'user_input': 'What label sits on the arrow that goes from q1 to q2?', 'intent': 'fsa-practical', 'argument': 'transition', 'dialogue_act': 'Ta:request', 'frame': {'transitions': [['q1', 'q2', '?']]}};[0.0, 0.2, 0.0, 1.0]
BaseLine;23;From which state does the very first arrow in the automaton start?;The initial state is q0.;['simbolo-q0'];[1.0, 1.0, 1.0, 1.0];-1;-1;False;{'user_input': 'From which state does the very first arrow in the automaton start?', 'intent': 'fsa-practical', 'argument': 'state', 'dialogue_act': 'Ta:request', 'frame': {'initialState': '?'}};[1.0, 1.0, 1.0, 1.0]
BaseLine;24;Tell me which states count as final in this machine.;The final state is q0.;['simbolo-q0'];[1.0, 1.0, 1.0, 1.0];-1;-1;False;{'user_input': 'Tell me which states count as final in this machine.', 'intent': 'fsa-practical', 'argument': 'state', 'dialogue_act': 'Ta:request', 'frame': {'finalStates': '?'}};[1.0, 1.0, 1.0, 1.0]
BaseLine;25;Is q0 the only state where a run may successfully end?;The final state is q0.;['simbolo-q0'];[0.9, 0.9, 0.9, 0.9];-1;-1;False;{'user_input': 'Is q0 the only state where a run may successfully end?', 'intent': 'fsa-practical', 'argument': 'state', 'dialogue_act': 'Ta:request', 'frame': {'finalStates': 'q0'}};[0.9, 0.9, 0.9, 0.9]
BaseLine;26;How many different arrows can I see in this automaton?;The automaton has 5 states and 5 transitions.;[];[1.0, 1.0, 1.0, 1.0];-1;-1;False;{'user_input': 'How many different arrows can I see in this automaton?', 'intent': 'fsa-practical', 'argument': None, 'dialogue_act': 'Ta:request', 'frame': {'numberOfTransitions': '?'}};[1.0, 1.0, 1.0, 1.0]
BaseLine;27;What kind of automaton is this, deterministic or not?;The automaton accepts zero or more words formed by a sequence of the type 11000. In total there are 5 states: q0, q1, q2, q3 and q4. q0 is both the initial and the final state. The transitions are: q0 with value 1 goes to q1, q1 with value 1 goes to q2, q2 with value 0 goes to q3, q3 with value 0 goes to q4, q4 with value 0 goes to q0.;[];[0.1, 0.4, 0.2, 1.0];-1;-1;False;{'user_input': 'What kind of automaton is this, deterministic or not?', 'intent': 'fsa-practical', 'argument': 'automaton', 'dialogue_act': 'Ta:request', 'frame': {}};[0.1, 0.4, 0.2, 1.0]
BaseLine;28;Does this machine accept any string that does not contain 11000?;Could you be more specific?;[];[0.0, 0.1, 0.0, 0.9];-1;-1;False;{'user_input': 'Does this machine accept any string that does not contain 11000?', 'intent': 'fsa-practical', 'argument': 'language', 'dialogue_act': 'Ta:propositionalQuestion', 'frame': {'input': '!pattern'}};[0.0, 0.1, 0.0, 0.9]
BaseLine;29;What is the complete set of symbols that this automaton can read?;Could you be more specific?;[];[0.0, 0.1, 0.0, 1.0];-1;-1;False;{'user_input': 'What is the complete set of symbols that this automaton can read?', 'intent': 'fsa-practical', 'argument': 'alphabet', 'dialogue_act': 'Ta:request', 'frame': {'alphabet': '?'}};[0.0, 0.1, 0.0, 1.0]
BaseLine;30;Give me one binary string that this automaton would reject.;Could you be more specific?;[];[0.0, 0.1, 0.0, 1.0];-1;-1;False;{'user_input': 'Give me one binary string that this automaton would reject.', 'intent': 'fsa-practical', 'argument': 'pattern', 'dialogue_act': 'Ta:request', 'frame': {'input': '?'}};[0.0, 0.1, 0.0, 1.0]
BaseLine;31;Which state would you call the starting point of this automaton?;The initial state is q0.;['simbolo-q0'];[1.0, 1.0, 1.0, 1.0];-1;-1;False;{'user_input': 'Which state would you call the starting point of this automaton?', 'intent': 'fsa-practical', 'argument': 'state', 'dialogue_act': 'Ta:request', 'frame': {'initialState': '?'}};[1.0, 1.0, 1.0, 1.0]
BaseLine;32;Name all the states that appear anywhere in the picture.;The state q0 exists.;['simbolo-q0'];[0.2, 0.3, 0.2, 0.3];-1;-1;False;{'user_input': 'Name all the states that appear anywhere in the picture.', 'intent': 'fsa-practical', 'argument': 'state', 'dialogue_act': 'Ta:request', 'frame': {'states': '?'}};[0.2, 0.3, 0.2, 0.3]
BaseLine;33;What word does this automaton accept that finishes in q4 right before returning to q0?;Could you be more specific?;[];[0.0, 0.1, 0.0, 1.0];-1;-1;False;{'user_input': 'What word does this automaton accept that finishes in q4 right before returning to q0?', 'intent': 'fsa-practical', 'argument': 'language', 'dialogue_act': 'Ta:request', 'frame': {'input': '?'}};[0.0, 0.1, 0.0, 1.0]
BaseLine;34;How would the picture change if q3 were also a final state?;the transition is not defined.;[];[0.0, 0.1, 0.0, 0.9];-1;-1;False;{'user_input': 'How would the picture change if q3 were also a final state?', 'intent': 'fsa-practical', 'argument': 'transition', 'dialogue_act': 'Ta:request', 'frame': {'transitions': [['q3', '?', '?']]}};[0.0, 0.1, 0.0, 0.9]
BaseLine;35;Explain what language this automaton is supposed to recognize.;Could you be more specific?;[];[0.0, 0.1, 0.0, 1.0];-1;-1;False;{'user_input': 'Explain what language this automaton is supposed to recognize.', 'intent': 'fsa-practical', 'argument': 'language', 'dialogue_act': 'Ta:request', 'frame': {'language': '?'}};[0.0, 0.1, 0.0, 1.0]
BaseLine;36;Can I jump straight from q2 to q4 in this automaton?;the transition is not defined.;[];[1.0, 1.0, 1.0, 1.0];-1;-1;False;{'user_input': 'Can I jump straight from q2 to q4 in this automaton?', 'intent': 'fsa-practical', 'argument': 'transition', 'dialogue_act': 'Ta:request', 'frame': {'transitions': [['q2', 'q4', '?']]}};[1.0, 1.0, 1.0, 1.0]
BaseLine;37;What label sits on the arrow that goes from q1 to q2?;the transition is not defined.;[];[0.0, 0.2, 0.0, 1.0];-1;-1;False;{'user_input': 'What label sits on the arrow that goes from q1 to q2?', 'intent': 'fsa-practical', 'argument': 'transition', 'dialogue_act': 'Ta:request', 'frame': {'transitions': [['q1', 'q2', '?']]}};[0.0, 0.2, 0.0, 1.0]
BaseLine;38;From which state does the very first arrow in the picture start?;The initial state is q0.;['simbolo-q0'];[1.0, 1.0, 1.0, 1.0];-1;-1;False;{'user_input': 'From which state does the very first arrow in the picture start?', 'intent': 'fsa-practical', 'argument': 'state', 'dialogue_act': 'Ta:request', 'frame': {'initialState': '?'}};[1.0, 1.0, 1.0, 1.0]
BaseLine;39;Is q0 the only state that counts as accepting here?;The automaton has 5 states: q0, q1, q2, q3 and q4.;['simbolo-q0', 'simbolo-q1', 'simbolo-q2', 'simbolo-q3', 'simbolo-q4'];[0.0, 0.2, 0.0, 0.8];-1;-1;False;{'user_input': 'Is q0 the only state that counts as accepting here?', 'intent': 'fsa-practical', 'argument': 'state', 'dialogue_act': 'Ta:request', 'frame': {'state': 'q0'}};[0.0, 0.2, 0.0, 0.8]
BaseLine;40;Tell me how many different arrows you can see in this machine.;The automaton accepts zero or more words formed by a sequence of the type 11000. In total there are 5 states: q0, q1, q2, q3 and q4. q0 is both the initial and the final state. The transitions are: q0 with value 1 goes to q1, q1 with value 1 goes to q2, q2 with value 0 goes to q3, q3 with value 0 goes to q4, q4 with value 0 goes to q0.;[];[0.2, 0.4, 0.2, 1.0];-1;-1;False;{'user_input': 'Tell me how many different arrows you can see in this machine.', 'intent': 'fsa-practical', 'argument': None, 'dialogue_act': 'Ta:request', 'frame': {'numberOfArrows': '?'}};[0.2, 0.4, 0.2, 1.0]
BaseLine;41;What kind of automaton is this supposed to be, deterministic or not?;The automaton accepts zero or more words formed by a sequence of the type 11000. In total there are 5 states: q0, q1, q2, q3 and q4. q0 is both the initial and the final state. The transitions are: q0 with value 1 goes to q1, q1 with value 1 goes to q2, q2 with value 0 goes to q3, q3 with value 0 goes to q4, q4 with value 0 goes to q0.;[];[0.1, 0.2, 0.2, 1.0];-1;-1;False;{'user_input': 'What kind of automaton is this supposed to be, deterministic or not?', 'intent': 'fsa-practical', 'argument': 'automaton', 'dialogue_act': 'Ta:request', 'frame': {}};[0.1, 0.2, 0.2, 1.0]
BaseLine;42;Does this diagram use 0 and 1 as the entire alphabet?;Could you be more specific?;[];[0.1, 0.1, 0.1, 1.0];-1;-1;False;{'user_input': 'Does this diagram use 0 and 1 as the entire alphabet?', 'intent': 'fsa-practical', 'argument': 'alphabet', 'dialogue_act': 'Ta:request', 'frame': {'alphabet': '0'}};[0.1, 0.1, 0.1, 1.0]
BaseLine;43;If I start in q0 and read 11000, where do I end up?;the transition is not defined.;[];[0.0, 0.2, 0.0, 1.0];-1;-1;False;{'user_input': 'If I start in q0 and read 11000, where do I end up?', 'intent': 'fsa-practical', 'argument': 'transition', 'dialogue_act': 'Ta:request', 'frame': {'transitions': [['q0', 'q1', '11000']]}};[0.0, 0.2, 0.0, 1.0]
BaseLine;44;Which state in the drawing has the largest number of arrows touching it?;The automaton accepts zero or more words formed by a sequence of the type 11000. In total there are 5 states: q0, q1, q2, q3 and q4. q0 is both the initial and the final state. The transitions are: q0 with value 1 goes to q1, q1 with value 1 goes to q2, q2 with value 0 goes to q3, q3 with value 0 goes to q4, q4 with value 0 goes to q0.;[];[0.0, 0.2, 0.0, 1.0];-1;-1;False;{'user_input': 'Which state in the drawing has the largest number of arrows touching it?', 'intent': None, 'argument': None, 'dialogue_act': None, 'frame': {}};[0.0, 0.2, 0.0, 1.0]
BaseLine;45;Is there any state on the screen that has no outgoing arrows at all?;The automaton has 5 states: q0, q1, q2, q3 and q4.;['simbolo-q0', 'simbolo-q1', 'simbolo-q2', 'simbolo-q3', 'simbolo-q4'];[0.0, 0.2, 0.0, 0.8];-1;-1;False;{'user_input': 'Is there any state on the screen that has no outgoing arrows at all?', 'intent': 'fsa-practical', 'argument': 'state', 'dialogue_act': 'Ta:propositionalQuestion', 'frame': {'screenStates': '?'}};[0.0, 0.2, 0.0, 0.8]
BaseLine;46;What shape best describes the way the states are arranged in the picture?;Could you be more specific?;[];[0.0, 0.1, 0.0, 1.0];-1;-1;False;{'user_input': 'What shape best describes the way the states are arranged in the picture?', 'intent': 'fsa-practical', 'argument': 'pattern', 'dialogue_act': 'Ta:request', 'frame': {'patternType': '?'}};[0.0, 0.1, 0.0, 1.0]
BaseLine;47;What sort of language does this machine recognize, regular or something else?;Could you be more specific?;[];[0.1, 0.2, 0.1, 1.0];-1;-1;False;{'user_input': 'What sort of language does this machine recognize, regular or something else?', 'intent': 'fsa-practical', 'argument': 'language', 'dialogue_act': 'Ta:request', 'frame': {'input': '?'}};[0.1, 0.2, 0.1, 1.0]
BaseLine;48;What exact list of states do you see in the diagram?;The state q0 exists.;['simbolo-q0'];[0.2, 0.4, 0.2, 0.9];-1;-1;False;{'user_input': 'What exact list of states do you see in the diagram?', 'intent': 'fsa-practical', 'argument': 'state', 'dialogue_act': 'Ta:request', 'frame': {'states': '?'}};[0.2, 0.4, 0.2, 0.9]
BaseLine;49;Tell me which transitions are missing if this automaton must be complete.;The automaton has 5 transitions: q0 with value 1 goes to q1, q1 with value 1 goes to q2, q2 with value 0 goes to q3, q3 with value 0 goes to q4, q4 with value 0 goes to q0.;['simbolo-q0-q1', 'simbolo-q1-q2', 'simbolo-q2-q3', 'simbolo-q3-q4', 'simbolo-q4-q0'];[0.0, 0.2, 0.0, 0.9];-1;-1;False;{'user_input': 'Tell me which transitions are missing if this automaton must be complete.', 'intent': 'fsa-practical', 'argument': 'transition', 'dialogue_act': 'Ta:request', 'frame': {'transitions': []}};[0.0, 0.2, 0.0, 0.9]
BaseLine;50;What output does the machine give for the input 11000, accept or reject?;Could you be more specific?;[];[0.0, 0.1, 0.0, 1.0];-1;-1;False;{'user_input': 'What output does the machine give for the input 11000, accept or reject?', 'intent': 'fsa-practical', 'argument': 'language', 'dialogue_act': 'Ta:request', 'frame': {'input': '11000'}};[0.0, 0.1, 0.0, 1.0]
BaseLine;51;Can you list all the transitions that leave state q1?;the transition is not defined.;[];[0.0, 0.2, 0.0, 1.0];-1;-1;False;{'user_input': 'Can you list all the transitions that leave state q1?', 'intent': 'fsa-practical', 'argument': 'transition', 'dialogue_act': 'Ta:request', 'frame': {'transitions': [['?', 'q1', '?'], ['q1', '?', '?']]}};[0.0, 0.2, 0.0, 1.0]
BaseLine;52;From q2, is there any way to reach q4 in this automaton?;the transition is not defined.;[];[0.0, 0.2, 0.0, 1.0];-1;-1;False;{'user_input': 'From q2, is there any way to reach q4 in this automaton?', 'intent': 'fsa-practical', 'argument': 'transition', 'dialogue_act': 'Ta:request', 'frame': {'transitions': [['q2', 'q4', '?']]}};[0.0, 0.2, 0.0, 1.0]
BaseLine;53;What symbol is on the arrow that goes from q1 to q2?;The automaton accepts zero or more words formed by a sequence of the type 11000. In total there are 5 states: q0, q1, q2, q3 and q4. q0 is both the initial and the final state. The transitions are: q0 with value 1 goes to q1, q1 with value 1 goes to q2, q2 with value 0 goes to q3, q3 with value 0 goes to q4, q4 with value 0 goes to q0.;[];[0.0, 0.4, 0.3, 1.0];-1;-1;False;{'user_input': 'What symbol is on the arrow that goes from q1 to q2?', 'intent': 'fsa-practical', 'argument': None, 'dialogue_act': 'Ta:request', 'frame': {'symbolOnTransition': '?'}};[0.0, 0.4, 0.3, 1.0]
BaseLine;54;Tell me which state is marked as both starting and accepting.;The state q0 exists.;['simbolo-q0'];[0.9, 0.9, 1.0, 1.0];-1;-1;False;{'user_input': 'Tell me which state is marked as both starting and accepting.', 'intent': 'fsa-practical', 'argument': 'state', 'dialogue_act': 'Ta:request', 'frame': {'states': '?'}};[0.9, 0.9, 1.0, 1.0]
BaseLine;55;How many different states appear in this diagram?;This automaton has 5 states;['simbolo-q0', 'simbolo-q1', 'simbolo-q2', 'simbolo-q3', 'simbolo-q4'];[1.0, 1.0, 1.0, 1.0];-1;-1;False;{'user_input': 'How many different states appear in this diagram?', 'intent': 'fsa-practical', 'argument': 'state', 'dialogue_act': 'Ta:request', 'frame': {'numberOfStates': '?'}};[1.0, 1.0, 1.0, 1.0]
BaseLine;56;Does this machine accept the input string 11000?;Could you be more specific?;[];[0.0, 0.1, 0.0, 1.0];-1;-1;False;{'user_input': 'Does this machine accept the input string 11000?', 'intent': 'fsa-practical', 'argument': 'language', 'dialogue_act': 'Ta:propositionalQuestion', 'frame': {'input': '11000'}};[0.0, 0.1, 0.0, 1.0]
BaseLine;57;What kind of automaton is this, deterministic or not?;The automaton accepts zero or more words formed by a sequence of the type 11000. In total there are 5 states: q0, q1, q2, q3 and q4. q0 is both the initial and the final state. The transitions are: q0 with value 1 goes to q1, q1 with value 1 goes to q2, q2 with value 0 goes to q3, q3 with value 0 goes to q4, q4 with value 0 goes to q0.;[];[0.1, 0.4, 0.2, 1.0];-1;-1;False;{'user_input': 'What kind of automaton is this, deterministic or not?', 'intent': 'fsa-practical', 'argument': 'automaton', 'dialogue_act': 'Ta:request', 'frame': {'input': 'automatonType'}};[0.1, 0.4, 0.2, 1.0]
BaseLine;58;Give me the set of symbols that form the alphabet of this automaton.;Could you be more specific?;[];[0.0, 0.1, 0.0, 1.0];-1;-1;False;{'user_input': 'Give me the set of symbols that form the alphabet of this automaton.', 'intent': 'fsa-practical', 'argument': 'alphabet', 'dialogue_act': 'Ta:request', 'frame': {'alphabet': '?'}};[0.0, 0.1, 0.0, 1.0]
BaseLine;59;Is q0 the only final state in the picture?;The final state is q0.;['simbolo-q0'];[0.9, 1.0, 1.0, 1.0];-1;-1;False;{'user_input': 'Is q0 the only final state in the picture?', 'intent': 'fsa-practical', 'argument': 'state', 'dialogue_act': 'Ta:request', 'frame': {'finalStates': 'q0'}};[0.9, 1.0, 1.0, 1.0]
BaseLine;60;Show me one input that this automaton would reject.;Could you be more specific?;[];[0.0, 0.1, 0.0, 1.0];-1;-1;False;{'user_input': 'Show me one input that this automaton would reject.', 'intent': 'fsa-practical', 'argument': 'language', 'dialogue_act': 'Ta:request', 'frame': {'input': '?'}};[0.0, 0.1, 0.0, 1.0]
BaseLine;61;What pattern of 1s and 0s does this automaton seem to recognize?;Could you be more specific?;[];[0.0, 0.1, 0.0, 1.0];-1;-1;False;{'user_input': 'What pattern of 1s and 0s does this automaton seem to recognize?', 'intent': 'fsa-practical', 'argument': 'pattern', 'dialogue_act': 'Ta:request', 'frame': {'patternType': '?'}};[0.0, 0.1, 0.0, 1.0]
BaseLine;62;Which state has the largest number of outgoing transitions, if any?;The automaton has 5 states: q0, q1, q2, q3 and q4.;['simbolo-q0', 'simbolo-q1', 'simbolo-q2', 'simbolo-q3', 'simbolo-q4'];[0.0, 0.2, 0.0, 0.3];-1;-1;False;{'user_input': 'Which state has the largest number of outgoing transitions, if any?', 'intent': 'fsa-practical', 'argument': 'state', 'dialogue_act': 'Ta:request', 'frame': {'stateWithMostTransitions': '?'}};[0.0, 0.2, 0.0, 0.3]
BaseLine;63;Are there any states in this automaton that have no transitions at all?;The state q0 exists.;['simbolo-q0'];[0.0, 0.2, 0.0, 0.2];-1;-1;False;{'user_input': 'Are there any states in this automaton that have no transitions at all?', 'intent': 'fsa-practical', 'argument': 'state', 'dialogue_act': 'Ta:request', 'frame': {'states': '?'}};[0.0, 0.2, 0.0, 0.2]
BaseLine;64;What is the name of the initial state shown on the diagram?;The initial state is q0.;['simbolo-q0'];[1.0, 1.0, 1.0, 1.0];-1;-1;False;{'user_input': 'What is the name of the initial state shown on the diagram?', 'intent': 'fsa-practical', 'argument': 'state', 'dialogue_act': 'Ta:request', 'frame': {'initialState': '?'}};[1.0, 1.0, 1.0, 1.0]
BaseLine;65;Does this automaton define a regular language or something else?;Could you be more specific?;[];[0.0, 0.1, 0.0, 1.0];-1;-1;False;{'user_input': 'Does this automaton define a regular language or something else?', 'intent': 'fsa-practical', 'argument': 'language', 'dialogue_act': 'Ta:propositionalQuestion', 'frame': {'input': '?'}};[0.0, 0.1, 0.0, 1.0]
BaseLine;-7;Tell me the exact path of states when the machine reads 11000.;The automaton accepts zero or more words formed by a sequence of the type 11000. In total there are 5 states: q0, q1, q2, q3 and q4. q0 is both the initial and the final state. The transitions are: q0 with value 1 goes to q1, q1 with value 1 goes to q2, q2 with value 0 goes to q3, q3 with value 0 goes to q4, q4 with value 0 goes to q0.;[];[0.2, 0.4, 0.3, 0.9];-1;-1;False;{'user_input': 'Tell me the exact path of states when the machine reads 11000.', 'intent': 'fsa-practical', 'argument': None, 'dialogue_act': 'Ta:request', 'frame': {'path': '?'}};[0.2, 0.4, 0.3, 0.9]
BaseLine;-6;Which state is drawn as both the starting and accepting point?;The state q0 exists.;['simbolo-q0'];[0.4, 0.5, 0.4, 0.9];-1;-1;False;{'user_input': 'Which state is drawn as both the starting and accepting point?', 'intent': 'fsa-practical', 'argument': 'state', 'dialogue_act': 'Ta:request', 'frame': {'states': '?'}};[0.4, 0.5, 0.4, 0.9]
BaseLine;-4;Is there any way back to q1 once the machine is in q3?;the transition is not defined.;[];[0.2, 0.4, 0.2, 1.0];-1;-1;False;{'user_input': 'Is there any way back to q1 once the machine is in q3?', 'intent': 'fsa-practical', 'argument': 'transition', 'dialogue_act': 'Ta:propositionalQuestion', 'frame': {'transitions': [['q3', 'q1', '?']]}};[0.2, 0.4, 0.2, 1.0]
BaseLine;-3;What kind of language does this machine recognize in theory?;Could you be more specific?;[];[0.0, 0.1, 0.0, 1.0];-1;-1;False;{'user_input': 'What kind of language does this machine recognize in theory?', 'intent': 'fsa-practical', 'argument': 'language', 'dialogue_act': 'Ta:propositionalQuestion', 'frame': {'input': '?'}};[0.0, 0.1, 0.0, 1.0]
