METRIC;ITERATION;QUESTION;ANSWER;VISUAL_ANSWER;JUDGE_VALUE;FAILS;MUTED;NLU_OUTPUT;METRIC_SCORES
Accuracy;1;Is it possible to go from q2 directly to q4 in this automaton?;there is no transition between q2 and q4.;[];[1.0, 1.0, 1.0, 1.0];1.0;0;False;{'user_input': 'Is it possible to go from q2 directly to q4 in this automaton?', 'intent': 'fsa-practical', 'argument': 'transition', 'dialogue_act': 'Ta:propositionalQuestion', 'frame': {'transitions': [['q2', 'q4', '?']]}};[1.0, 1.0, 1.0, 1.0]
Accuracy;1;thanks, could you tell me what the transition from this to that is?;There is no transition between q2 and q4.;[];[1.0, 0.95, 1.0, 1.0];0.95;0;False;{'user_input': 'thanks, could you tell me what the transition from this to that is?', 'intent': 'fsa-practical', 'argument': 'transition', 'dialogue_act': 'Ta:request', 'frame': {'states': ['q2', 'q4']}, '_raw_frame': {'transitions': []}};[1.0, 0.95, 1.0, 1.0]
Accuracy;1;"The automaton has 2 final states; can you list all its transitions?";The automaton has 5 transitions: q0 with value 1 goes to q1, q1 with value 1 goes to q2, q2 with value 0 goes to q3, q3 with value 0 goes to q4, q4 with value 0 goes to q0.;['simbolo-q0-q1', 'simbolo-q1-q2', 'simbolo-q2-q3', 'simbolo-q3-q4', 'simbolo-q4-q0'];[1.0, 1.0, 1.0, 1.0];1.0;0;False;"{'user_input': 'The automaton has 2 final states; can you list all its transitions?', 'intent': 'fsa-practical', 'argument': 'transition', 'dialogue_act': 'Ta:request', 'frame': {'transitions': []}}";[1.0, 1.0, 1.0, 1.0]
Accuracy;1;Hi, could you please show me the transition between states q2 and q4 in this automaton?;there is no transition between q2 and q4.;[];[1.0, 1.0, 1.0, 0.9];1.0;0;False;{'user_input': 'Hi, could you please show me the transition between states q2 and q4 in this automaton?', 'intent': 'fsa-practical', 'argument': 'transition', 'dialogue_act': 'Ta:request', 'frame': {'transitions': [['q2', 'q4', '?']]}};[1.0, 1.0, 1.0, 0.9]
Accuracy;1;Hi! Could you please explain the transition between states q2 and q4 in this automaton?;there is no transition between q2 and q4.;[];[1.0, 1.0, 1.0, 1.0];1.0;0;False;{'user_input': 'Hi! Could you please explain the transition between states q2 and q4 in this automaton?', 'intent': 'fsa-practical', 'argument': 'transition', 'dialogue_act': 'Ta:propositionalQuestion', 'frame': {'transitions': [['q2', 'q4', '?']]}};[1.0, 1.0, 1.0, 1.0]
Accuracy;1;can you explain why the language recognized by the transition sequence of this automaton is non-regular?;Could you be more specific?;[];[0.1, 0.1, 0.1, 1.0];0.1;1;False;{'user_input': 'can you explain why the language recognized by the transition sequence of this automaton is non-regular?', 'intent': 'fsa-practical', 'argument': 'language', 'dialogue_act': 'Ta:request', 'frame': {'input': '?'}};[0.1, 0.1, 0.1, 1.0]
Accuracy;1;In which language are the strings with exactly 2 transitions of this automaton described?;Could you be more specific?;[];[0.0, 0.1, 0.0, 1.0];0.0;2;False;{'user_input': 'In which language are the strings with exactly 2 transitions of this automaton described?', 'intent': 'fsa-practical', 'argument': 'language', 'dialogue_act': 'Ta:request', 'frame': {'input': '?'}};[0.0, 0.1, 0.0, 1.0]
Accuracy;1;what input strings over the alphabet {0,1} does this automaton accept?;Could you be more specific?;[];[0.0, 0.1, 0.0, 1.0];0.0;3;False;{'user_input': 'what input strings over the alphabet {0,1} does this automaton accept?', 'intent': 'fsa-practical', 'argument': 'language', 'dialogue_act': 'Ta:request', 'frame': {'input': '?'}};[0.0, 0.1, 0.0, 1.0]
Accuracy;1;What is the input that this automaton accepts?;Could you be more specific?;[];[0.0, 0.1, 0.0, 1.0];0.0;4;False;{'user_input': 'What is the input that this automaton accepts?', 'intent': 'fsa-practical', 'argument': 'language', 'dialogue_act': 'Ta:request', 'frame': {'input': '?'}};[0.0, 0.1, 0.0, 1.0]
Accuracy;1;for which input strings does this automaton accept, i.e., what is its language?;Could you be more specific?;[];[0.0, 0.1, 0.0, 1.0];0.0;5;False;{'user_input': 'for which input strings does this automaton accept, i.e., what is its language?', 'intent': 'fsa-practical', 'argument': 'language', 'dialogue_act': 'Ta:request', 'frame': {'input': '?'}};[0.0, 0.1, 0.0, 1.0]
Accuracy;1;What is the language accepted by this finite state automaton for an input string?;Could you be more specific?;[];[0.0, 0.1, 0.0, 1.0];0.0;6;False;{'user_input': 'What is the language accepted by this finite state automaton for an input string?', 'intent': 'fsa-practical', 'argument': 'language', 'dialogue_act': 'Ta:request', 'frame': {'input': '?'}};[0.0, 0.1, 0.0, 1.0]
Accuracy;1;Before I leave, could you tell me what is the language recognized by this automaton for the input string?;Could you be more specific?;[];[0.2, 0.3, 0.2, 1.0];0.1;7;False;{'user_input': 'Before I leave, could you tell me what is the language recognized by this automaton for the input string?', 'intent': 'fsa-practical', 'argument': 'language', 'dialogue_act': 'Ta:request', 'frame': {'input': '?'}};[0.2, 0.3, 0.2, 1.0]
Accuracy;1;What is the language accepted by this automaton for an input string?;Could you be more specific?;[];[0.0, 0.1, 0.0, 1.0];0.1;8;False;{'user_input': 'What is the language accepted by this automaton for an input string?', 'intent': 'fsa-practical', 'argument': 'language', 'dialogue_act': 'Ta:request', 'frame': {'input': '?'}};[0.0, 0.1, 0.0, 1.0]
Accuracy;1;what is the language recognized by this automaton?;Could you be more specific?;[];[0.0, 0.1, 0.0, 1.0];0.0;9;False;{'user_input': 'what is the language recognized by this automaton?', 'intent': 'fsa-practical', 'argument': 'language', 'dialogue_act': 'Ta:request', 'frame': {'language': '?'}};[0.0, 0.1, 0.0, 1.0]
Accuracy;1;what is the language accepted by this automaton?;Could you be more specific?;[];[0.0, 0.1, 0.0, 1.0];0.0;10;False;{'user_input': 'what is the language accepted by this automaton?', 'intent': 'fsa-practical', 'argument': 'language', 'dialogue_act': 'Ta:request', 'frame': {'input': '?'}};[0.0, 0.1, 0.0, 1.0]
Accuracy;2;What is the transition label from state q1 to state q2?;The transition between q1 and q2 is with value 1.;['simbolo-q1-q2'];[1.0, 1.0, 1.0, 1.0];1.0;0;False;{'user_input': 'What is the transition label from state q1 to state q2?', 'intent': 'fsa-practical', 'argument': 'transition', 'dialogue_act': 'Ta:request', 'frame': {'transitions': [['q1', 'q2', '?']]}};[1.0, 1.0, 1.0, 1.0]
Accuracy;2;The transition from q1 to q2 is labeled with input symbol 1.;The transition between q1 and q2 is with value 1.;['simbolo-q1-q2'];[1.0, 1.0, 1.0, 1.0];1.0;0;False;{'user_input': 'The transition from q1 to q2 is labeled with input symbol 1.', 'intent': 'fsa-practical', 'argument': 'transition', 'dialogue_act': 'Ta:request', 'frame': {'transitions': [['q1', 'q2', '1']]}};[1.0, 1.0, 1.0, 1.0]
Accuracy;2;hi again! this occurs with input 1.;The transition between q1 and q2 is with value 1.;['simbolo-q1-q2'];[1.0, 1.0, 1.0, 1.0];1.0;0;False;{'user_input': 'hi again! this occurs with input 1.', 'intent': 'fsa-practical', 'argument': None, 'dialogue_act': 'Ta:request', 'frame': {'transitions': [['q1', 'q2', '?']]}, '_raw_frame': {'N': 'N', 'a': 'a', 'n': 'n'}};[1.0, 1.0, 1.0, 1.0]
Accuracy;2;Is the transition from state q1 to state q2 labeled with 1 or 0 in this automaton?;The transition between q1 and q2 is with value 1.;['simbolo-q1-q2'];[1.0, 1.0, 1.0, 1.0];1.0;0;False;{'user_input': 'Is the transition from state q1 to state q2 labeled with 1 or 0 in this automaton?', 'intent': 'fsa-practical', 'argument': 'transition', 'dialogue_act': 'Ta:request', 'frame': {'transitions': [['q1', 'q2', '?']]}};[1.0, 1.0, 1.0, 1.0]
Accuracy;2;what is the label of this?;The automaton has 5 states: q0, q1, q2, q3 and q4.;['simbolo-q0', 'simbolo-q1', 'simbolo-q2', 'simbolo-q3', 'simbolo-q4'];[0.2, 0.3, 0.2, 0.9];0.1;1;False;{'user_input': 'what is the label of this?', 'intent': 'fsa-practical', 'argument': 'state', 'dialogue_act': 'Ta:request', 'frame': {'states': ['?'], 'transitions': [['q1', 'q2', '?']]}, '_raw_frame': {'states': '?'}};[0.2, 0.3, 0.2, 0.9]
Accuracy;2;From which state does the transition labeled 1 start?;The initial state is q0.;['simbolo-q0'];[0.0, 0.2, 0.0, 0.2];0.0;2;False;{'user_input': 'From which state does the transition labeled 1 start?', 'intent': 'fsa-practical', 'argument': 'state', 'dialogue_act': 'Ta:request', 'frame': {'initialState': '?'}};[0.0, 0.2, 0.0, 0.2]
Accuracy;2;what is the alphabet of this automaton’s states?;Could you be more specific?;[];[0.0, 0.1, 0.0, 1.0];0.0;3;False;{'user_input': 'what is the alphabet of this automaton’s states?', 'intent': 'fsa-practical', 'argument': 'alphabet', 'dialogue_act': 'Ta:request', 'frame': {'alphabet': '?'}};[0.0, 0.1, 0.0, 1.0]
Accuracy;2;what is the alphabet of this regular language?;Could you be more specific?;[];[0.0, 0.1, 0.0, 1.0];0.0;4;False;{'user_input': 'what is the alphabet of this regular language?', 'intent': 'fsa-practical', 'argument': 'alphabet', 'dialogue_act': 'Ta:request', 'frame': {'alphabet': '?'}};[0.0, 0.1, 0.0, 1.0]
Accuracy;2;What is the alphabet of this automaton’s transitions?;Could you be more specific?;[];[0.0, 0.1, 0.0, 1.0];0.0;5;False;{'user_input': 'What is the alphabet of this automaton’s transitions?', 'intent': 'fsa-practical', 'argument': 'alphabet', 'dialogue_act': 'Ta:request', 'frame': {'alphabet': '?'}};[0.0, 0.1, 0.0, 1.0]
Accuracy;2;What is the alphabet of this automaton?;Could you be more specific?;[];[0.0, 0.1, 0.0, 1.0];0.0;6;False;{'user_input': 'What is the alphabet of this automaton?', 'intent': 'fsa-practical', 'argument': 'alphabet', 'dialogue_act': 'Ta:request', 'frame': {'alphabet': '?'}};[0.0, 0.1, 0.0, 1.0]
Accuracy;2;what is the input alphabet of this automaton?;Could you be more specific?;[];[0.0, 0.1, 0.0, 1.0];0.0;7;False;{'user_input': 'what is the input alphabet of this automaton?', 'intent': 'fsa-practical', 'argument': 'alphabet', 'dialogue_act': 'Ta:request', 'frame': {'alphabet': '?'}};[0.0, 0.1, 0.0, 1.0]
Accuracy;2;What is the alphabet of this automaton?;Could you be more specific?;[];[0.0, 0.1, 0.0, 1.0];0.0;8;False;{'user_input': 'What is the alphabet of this automaton?', 'intent': 'fsa-practical', 'argument': 'alphabet', 'dialogue_act': 'Ta:request', 'frame': {'alphabet': '?'}};[0.0, 0.1, 0.0, 1.0]
Accuracy;2;Before I go, could you tell me what the alphabet of this automaton is?;Could you be more specific?;[];[0.0, 0.1, 0.0, 1.0];0.0;9;False;{'user_input': 'Before I go, could you tell me what the alphabet of this automaton is?', 'intent': 'fsa-practical', 'argument': 'alphabet', 'dialogue_act': 'Ta:request', 'frame': {'alphabet': '?'}};[0.0, 0.1, 0.0, 1.0]
Accuracy;2;before i leave, could you tell me what the alphabet of this automaton is?;Could you be more specific?;[];[0.0, 0.1, 0.0, 1.0];0.0;10;False;{'user_input': 'before i leave, could you tell me what the alphabet of this automaton is?', 'intent': 'fsa-practical', 'argument': 'alphabet', 'dialogue_act': 'Ta:request', 'frame': {'alphabet': '?'}};[0.0, 0.1, 0.0, 1.0]
Accuracy;3;What is the language recognized by this automaton?;Could you be more specific?;[];[0.0, 0.1, 0.0, 1.0];0.0;1;False;{'user_input': 'What is the language recognized by this automaton?', 'intent': 'fsa-practical', 'argument': 'language', 'dialogue_act': 'Ta:request', 'frame': {'input': '?'}};[0.0, 0.1, 0.0, 1.0]
Accuracy;3;what is the language accepted by this automaton for an input string?;Could you be more specific?;[];[0.0, 0.1, 0.0, 1.0];0.0;2;False;{'user_input': 'what is the language accepted by this automaton for an input string?', 'intent': 'fsa-practical', 'argument': 'language', 'dialogue_act': 'Ta:request', 'frame': {'input': '?'}};[0.0, 0.1, 0.0, 1.0]
Accuracy;3;what is the language accepted by this automaton for the input string?;Could you be more specific?;[];[0.1, 0.2, 0.1, 1.0];0.1;3;False;{'user_input': 'what is the language accepted by this automaton for the input string?', 'intent': 'fsa-practical', 'argument': 'language', 'dialogue_act': 'Ta:request', 'frame': {'input': '?'}};[0.1, 0.2, 0.1, 1.0]
Accuracy;3;For which input strings does this automaton define its language?;Could you be more specific?;[];[0.0, 0.1, 0.0, 1.0];0.0;4;False;{'user_input': 'For which input strings does this automaton define its language?', 'intent': 'fsa-practical', 'argument': 'language', 'dialogue_act': 'Ta:propositionalQuestion', 'frame': {'input': '?'}};[0.0, 0.1, 0.0, 1.0]
Accuracy;3;I suggest we correct the language by asking: what language does this automaton accept for the input string `?`?;Could you be more specific?;[];[0.2, 0.2, 0.2, 1.0];0.2;5;False;{'user_input': 'I suggest we correct the language by asking: what language does this automaton accept for the input string `?`?', 'intent': 'fsa-practical', 'argument': 'language', 'dialogue_act': 'Ta:propositionalQuestion', 'frame': {'input': '?'}};[0.2, 0.2, 0.2, 1.0]
Accuracy;3;For which input strings does this automaton accept or reject the input?;Could you be more specific?;[];[0.0, 0.1, 0.0, 1.0];0.0;6;False;{'user_input': 'For which input strings does this automaton accept or reject the input?', 'intent': 'fsa-practical', 'argument': 'language', 'dialogue_act': 'Ta:request', 'frame': {'input': '?'}};[0.0, 0.1, 0.0, 1.0]
Accuracy;3;What is the language accepted by this finite state automaton for an arbitrary input string?;Could you be more specific?;[];[0.0, 0.1, 0.0, 1.0];0.0;7;False;{'user_input': 'What is the language accepted by this finite state automaton for an arbitrary input string?', 'intent': 'fsa-practical', 'argument': 'language', 'dialogue_act': 'Ta:request', 'frame': {'input': '?'}};[0.0, 0.1, 0.0, 1.0]
Accuracy;3;What is the language accepted by this finite state automaton, considering its number of transitions?;Could you be more specific?;[];[0.0, 0.1, 0.0, 1.0];0.0;8;False;{'user_input': 'What is the language accepted by this finite state automaton, considering its number of transitions?', 'intent': 'fsa-practical', 'argument': 'language', 'dialogue_act': 'Ta:request', 'frame': {'transitions': []}};[0.0, 0.1, 0.0, 1.0]
Accuracy;3;Can you explain what is the language recognized by this finite state automaton?;Could you be more specific?;[];[0.0, 0.1, 0.0, 1.0];0.0;9;False;{'user_input': 'Can you explain what is the language recognized by this finite state automaton?', 'intent': 'fsa-practical', 'argument': 'language', 'dialogue_act': 'Ta:request', 'frame': {'language': '?'}};[0.0, 0.1, 0.0, 1.0]
Accuracy;3;i don’t understand what language this automaton recognizes.;The automaton accepts zero or more words formed by a sequence of the type 11000. MUTATION In total there are 5 states: q3 and q4. q0 is both the initial and the final state. The transitions are: q0 with value 1 goes to q1, q1 with value 1 goes to q2, q2 with value 0 goes to q3, q3 with value 0 goes to q4, q4 with value 0 goes to q0.;[];[0.9, 0.95, 1.0, 1.0];0.7;9;True;{'user_input': 'i don’t understand what language this automaton recognizes.', 'intent': 'fsa-practical', 'argument': None, 'dialogue_act': 'Ta:request', 'frame': {}};[0.9, 0.95, 1.0, 1.0]
Accuracy;3;The language of this automaton is the set of all binary strings that contain the substring 11000.;Could you be more specific?;[];[0.0, 0.1, 0.0, 1.0];0.1;10;False;{'user_input': 'The language of this automaton is the set of all binary strings that contain the substring 11000.', 'intent': 'fsa-practical', 'argument': 'language', 'dialogue_act': 'Ta:request', 'frame': {'input': '11100000'}};[0.0, 0.1, 0.0, 1.0]
Accuracy;3;can you list all the transitions of this automaton for me?;The automaton has 5 transitions: q0 with value 1 goes to q1, q1 with value 1 goes to q2, q2 with value 0 goes to q3, q3 with value 0 goes to q4, q4 with value 0 goes to q0.;['simbolo-q0-q1', 'simbolo-q1-q2', 'simbolo-q2-q3', 'simbolo-q3-q4', 'simbolo-q4-q0'];[1.0, 1.0, 1.0, 1.0];1.0;10;False;{'user_input': 'can you list all the transitions of this automaton for me?', 'intent': 'fsa-practical', 'argument': 'transition', 'dialogue_act': 'Ta:request', 'frame': {}};[1.0, 1.0, 1.0, 1.0]
Accuracy;3;what is the language recognized by this automaton?;Could you be more specific?;[];[0.0, 0.1, 0.0, 1.0];0.0;11;False;{'user_input': 'what is the language recognized by this automaton?', 'intent': 'fsa-practical', 'argument': 'language', 'dialogue_act': 'Ta:request', 'frame': {'input': '?'}};[0.0, 0.1, 0.0, 1.0]
Accuracy;3;I would like to correct myself: can you help me determine the language accepted by this automaton for a given input?;Could you be more specific?;[];[0.2, 0.2, 0.2, 1.0];0.2;12;False;{'user_input': 'I would like to correct myself: can you help me determine the language accepted by this automaton for a given input?', 'intent': 'fsa-practical', 'argument': 'language', 'dialogue_act': 'Ta:propositionalQuestion', 'frame': {'input': '?'}};[0.2, 0.2, 0.2, 1.0]
Accuracy;3;What is the language recognized by this finite automaton?;Could you be more specific?;[];[0.0, 0.1, 0.0, 1.0];0.0;13;False;{'user_input': 'What is the language recognized by this finite automaton?', 'intent': 'fsa-practical', 'argument': 'language', 'dialogue_act': 'Ta:request', 'frame': {'input': '?'}};[0.0, 0.1, 0.0, 1.0]
Accuracy;4;Is q0 the only final state or are there other final states in this automaton?;The final state is q0.;['simbolo-q0'];[1.0, 1.0, 1.0, 1.0];1.0;0;False;{'user_input': 'Is q0 the only final state or are there other final states in this automaton?', 'intent': 'fsa-practical', 'argument': 'state', 'dialogue_act': 'Ta:request', 'frame': {'finalStates': 'q0'}};[1.0, 1.0, 1.0, 1.0]
Accuracy;4;what is the final state of the automaton?;The final state is q0.;['simbolo-q0'];[1.0, 1.0, 1.0, 1.0];1.0;0;False;{'user_input': 'what is the final state of the automaton?', 'intent': 'fsa-practical', 'argument': 'state', 'dialogue_act': 'Ta:request', 'frame': {'finalStates': '?'}};[1.0, 1.0, 1.0, 1.0]
Accuracy;4;what are the final states of this automaton?;The final state is q0.;['simbolo-q0'];[1.0, 1.0, 1.0, 1.0];1.0;0;False;{'user_input': 'what are the final states of this automaton?', 'intent': 'fsa-practical', 'argument': 'state', 'dialogue_act': 'Ta:request', 'frame': {'finalStates': '?'}};[1.0, 1.0, 1.0, 1.0]
Accuracy;4;What are the final states of this automaton?;The final state is q0.;['simbolo-q0'];[1.0, 1.0, 1.0, 1.0];1.0;0;False;{'user_input': 'What are the final states of this automaton?', 'intent': 'fsa-practical', 'argument': 'state', 'dialogue_act': 'Ta:request', 'frame': {'finalStates': '?'}};[1.0, 1.0, 1.0, 1.0]
Accuracy;4;What are the final states of this automaton?;The final state is q0.;['simbolo-q0'];[1.0, 1.0, 1.0, 1.0];1.0;0;False;{'user_input': 'What are the final states of this automaton?', 'intent': 'fsa-practical', 'argument': 'state', 'dialogue_act': 'Ta:request', 'frame': {'finalStates': '?'}};[1.0, 1.0, 1.0, 1.0]
Accuracy;4;what are the final states of this automaton?;The final state is q0.;['simbolo-q0'];[1.0, 1.0, 1.0, 1.0];1.0;0;False;{'user_input': 'what are the final states of this automaton?', 'intent': 'fsa-practical', 'argument': 'state', 'dialogue_act': 'Ta:request', 'frame': {'finalStates': '?'}};[1.0, 1.0, 1.0, 1.0]
Accuracy;4;What are the final states of this automaton?;The final state is q0.;['simbolo-q0'];[1.0, 1.0, 1.0, 1.0];1.0;0;False;{'user_input': 'What are the final states of this automaton?', 'intent': 'fsa-practical', 'argument': 'state', 'dialogue_act': 'Ta:request', 'frame': {'finalStates': '?'}};[1.0, 1.0, 1.0, 1.0]
Accuracy;4;What are the final states of this automaton?;The final state is q0.;['simbolo-q0'];[1.0, 1.0, 1.0, 1.0];1.0;0;False;{'user_input': 'What are the final states of this automaton?', 'intent': 'fsa-practical', 'argument': 'state', 'dialogue_act': 'Ta:request', 'frame': {'finalStates': '?'}};[1.0, 1.0, 1.0, 1.0]
Accuracy;4;What are the final states of this automaton?;The final state is q0.;['simbolo-q0'];[1.0, 1.0, 1.0, 1.0];1.0;0;False;{'user_input': 'What are the final states of this automaton?', 'intent': 'fsa-practical', 'argument': 'state', 'dialogue_act': 'Ta:request', 'frame': {'finalStates': '?'}};[1.0, 1.0, 1.0, 1.0]
Accuracy;4;the automaton shown has 5 final states, right?;The automaton has 5 states: q0, q1, q2, q3 and q4.;['simbolo-q0', 'simbolo-q1', 'simbolo-q2', 'simbolo-q3', 'simbolo-q4'];[0.1, 0.4, 0.2, 0.9];0.2;1;False;{'user_input': 'the automaton shown has 5 final states, right?', 'intent': 'fsa-practical', 'argument': 'state', 'dialogue_act': 'Ta:request', 'frame': {'numberOfFinalStates': '5'}};[0.1, 0.4, 0.2, 0.9]
Accuracy;4;Hi, I’m looking at this automaton: could you tell me the number of final states of this state machine? I think there are 5.;The automaton has 5 states: q0, q1, q2, q3 and q4.;['simbolo-q0', 'simbolo-q1', 'simbolo-q2', 'simbolo-q3', 'simbolo-q4'];[0.0, 0.2, 0.0, 0.2];0.0;2;False;{'user_input': 'Hi, I’m looking at this automaton: could you tell me the number of final states of this state machine? I think there are 5.', 'intent': 'fsa-practical', 'argument': 'state', 'dialogue_act': 'Ta:request', 'frame': {'numberOfFinalStates': '5'}};[0.0, 0.2, 0.0, 0.2]
Accuracy;4;how many final states does this automaton have?;The automaton has 5 states: q0, q1, q2, q3 and q4.;['simbolo-q0', 'simbolo-q1', 'simbolo-q2', 'simbolo-q3', 'simbolo-q4'];[0.0, 0.2, 0.0, 0.2];0.0;3;False;{'user_input': 'how many final states does this automaton have?', 'intent': 'fsa-practical', 'argument': 'state', 'dialogue_act': 'Ta:request', 'frame': {'numberOfFinalStates': '?'}};[0.0, 0.2, 0.0, 0.2]
Accuracy;4;How many final states does this automaton have?;The automaton has 5 states: q0, q1, q2, q3 and q4.;['simbolo-q0', 'simbolo-q1', 'simbolo-q2', 'simbolo-q3', 'simbolo-q4'];[0.0, 0.2, 0.0, 0.2];0.0;4;False;{'user_input': 'How many final states does this automaton have?', 'intent': 'fsa-practical', 'argument': 'state', 'dialogue_act': 'Ta:request', 'frame': {'numberOfFinalStates': '?'}};[0.0, 0.2, 0.0, 0.2]
Accuracy;4;Which state does this automaton reach when it recognizes a non-regular language?;The state q0 exists.;['simbolo-q0'];[0.0, 0.2, 0.0, 0.8];0.0;5;False;{'user_input': 'Which state does this automaton reach when it recognizes a non-regular language?', 'intent': 'fsa-practical', 'argument': 'state', 'dialogue_act': 'Ta:request', 'frame': {'states': '?'}};[0.0, 0.2, 0.0, 0.8]
Accuracy;4;the automaton has five states: q0, q1, q2, q3 and q4.;The state q0 exists.;['simbolo-q0'];[1.0, 1.0, 1.0, 1.0];1.0;5;False;{'user_input': 'the automaton has five states: q0, q1, q2, q3 and q4.', 'intent': 'fsa-practical', 'argument': 'state', 'dialogue_act': 'Ta:request', 'frame': {'states': 'q0'}};[1.0, 1.0, 1.0, 1.0]
Accuracy;5;Does this automaton accept the input string 11000?;Could you be more specific?;[];[0.0, 0.1, 0.0, 1.0];0.0;1;False;{'user_input': 'Does this automaton accept the input string 11000?', 'intent': 'fsa-practical', 'argument': 'language', 'dialogue_act': 'Ta:request', 'frame': {'input': '11000'}};[0.0, 0.1, 0.0, 1.0]
Accuracy;5;On which state does the automaton end after processing the input string 11000?;The automaton has 5 states: q0, q1, q2, q3 and q4.;['simbolo-q0', 'simbolo-q1', 'simbolo-q2', 'simbolo-q3', 'simbolo-q4'];[0.0, 0.2, 0.0, 0.3];0.0;2;False;{'user_input': 'On which state does the automaton end after processing the input string 11000?', 'intent': 'fsa-practical', 'argument': 'state', 'dialogue_act': 'Ta:request', 'frame': {'input': '11000'}};[0.0, 0.2, 0.0, 0.3]
Accuracy;5;I want to simulate the automaton on the input 11000 starting from the initial state and see which states are visited.;The final state is q0.;['simbolo-q0'];[0.4, 0.6, 0.4, 0.3];0.4;2;False;{'user_input': 'I want to simulate the automaton on the input 11000 starting from the initial state and see which states are visited.', 'intent': 'fsa-practical', 'argument': 'state', 'dialogue_act': 'Ta:request', 'frame': {'initialState': 'Q0', 'input': '11000', 'finalStates': '?'}};[0.4, 0.6, 0.4, 0.3]
Accuracy;5;for the automaton shown, after processing the input 11000, the state reached is q0.;The state q0 exists.;['simbolo-q0'];[0.2, 0.3, 0.2, 0.9];0.2;3;False;{'user_input': 'for the automaton shown, after processing the input 11000, the state reached is q0.', 'intent': 'fsa-practical', 'argument': 'state', 'dialogue_act': 'Ta:request', 'frame': {'states': 'q0'}};[0.2, 0.3, 0.2, 0.9]
Accuracy;5;Which state does the automaton go to, that is stateTo, when it reaches q1?;The automaton has 5 states: q0, q1, q2, q3 and q4.;['simbolo-q0', 'simbolo-q1', 'simbolo-q2', 'simbolo-q3', 'simbolo-q4'];[0.0, 0.2, 0.0, 0.3];0.0;4;False;{'user_input': 'Which state does the automaton go to, that is stateTo, when it reaches q1?', 'intent': 'fsa-practical', 'argument': 'state', 'dialogue_act': 'Ta:request', 'frame': {'stateTo': 'q1'}};[0.0, 0.2, 0.0, 0.3]
Accuracy;5;Can you show me the transitions that end in state q1?;The automaton has 5 transitions: q0 with value 1 goes to q1, q1 with value 1 goes to q2, q2 with value 0 goes to q3, q3 with value 0 goes to q4, q4 with value 0 goes to q0.;['simbolo-q0-q1', 'simbolo-q1-q2', 'simbolo-q2-q3', 'simbolo-q3-q4', 'simbolo-q4-q0'];[0.0, 0.2, 0.0, 0.2];0.2;5;False;{'user_input': 'Can you show me the transitions that end in state q1?', 'intent': 'fsa-practical', 'argument': 'transition', 'dialogue_act': 'Ta:request', 'frame': {}};[0.0, 0.2, 0.0, 0.2]
Accuracy;5;Hi again! Could you show me the transition that goes to state q1?;the transition is not defined.;[];[0.0, 0.2, 0.0, 1.0];0.0;6;False;{'user_input': 'Hi again! Could you show me the transition that goes to state q1?', 'intent': 'fsa-practical', 'argument': 'transition', 'dialogue_act': 'Ta:request', 'frame': {'transitions': [['?', 'q1', '?']]}};[0.0, 0.2, 0.0, 1.0]
Accuracy;5;What is the transition from state q1 in this automaton?;the transition is not defined.;[];[0.0, 0.2, 0.0, 1.0];0.0;7;False;{'user_input': 'What is the transition from state q1 in this automaton?', 'intent': 'fsa-practical', 'argument': 'transition', 'dialogue_act': 'Ta:request', 'frame': {'transitions': [['q1', '?', '?']]}};[0.0, 0.2, 0.0, 1.0]
Accuracy;5;what is the alphabet of this automaton, is it [2,4]?;Could you be more specific?;[];[0.1, 0.2, 0.1, 1.0];0.1;8;False;{'user_input': 'what is the alphabet of this automaton, is it [2,4]?', 'intent': 'fsa-practical', 'argument': 'alphabet', 'dialogue_act': 'Ta:request', 'frame': {'alphabet': '?'}};[0.1, 0.2, 0.1, 1.0]
Accuracy;5;What is the transition that starts from state q1?;the transition is not defined.;[];[0.0, 0.2, 0.0, 1.0];0.0;9;False;{'user_input': 'What is the transition that starts from state q1?', 'intent': 'fsa-practical', 'argument': 'transition', 'dialogue_act': 'Ta:request', 'frame': {'transitions': [['q1', '?', '?']]}};[0.0, 0.2, 0.0, 1.0]
Accuracy;5;What is the graphical representation of the transitions in this finite state automaton?;The automaton has 5 transitions: q0 with value 1 goes to q1, q1 with value 1 goes to q2, q2 with value 0 goes to q3, q3 with value 0 goes to q4, q4 with value 0 goes to q0.;['simbolo-q0-q1', 'simbolo-q1-q2', 'simbolo-q2-q3', 'simbolo-q3-q4', 'simbolo-q4-q0'];[1.0, 1.0, 1.0, 1.0];1.0;9;False;{'user_input': 'What is the graphical representation of the transitions in this finite state automaton?', 'intent': 'fsa-practical', 'argument': 'transition', 'dialogue_act': 'Ta:request', 'frame': {'graphicRepresentation': '?'}};[1.0, 1.0, 1.0, 1.0]
Accuracy;5;the transition from q1 goes to q2 with input symbol 1.;The transition between q1 and q2 is with value 1.;['simbolo-q1-q2'];[1.0, 1.0, 1.0, 1.0];1.0;9;False;{'user_input': 'the transition from q1 goes to q2 with input symbol 1.', 'intent': 'fsa-practical', 'argument': 'transition', 'dialogue_act': 'Ta:request', 'frame': {'transitions': [['q1', 'q2', '1']]}};[1.0, 1.0, 1.0, 1.0]
Accuracy;5;what is the transition that starts from this?;The transition from q0 to q1 has value 1.;['simbolo-q0-q1'];[1.0, 1.0, 1.0, 1.0];1.0;9;False;{'user_input': 'what is the transition that starts from this?', 'intent': 'fsa-practical', 'argument': 'transition', 'dialogue_act': 'Ta:request', 'frame': {'states': ['q1']}, '_raw_frame': {'transitions': []}};[1.0, 1.0, 1.0, 1.0]
Accuracy;5;Can you tell me which states are considered initial in this automaton, specifically whether both Q1 and Q2 are initial states?;The automaton has 5 states: q0, q1, q2, q3 and q4.;['simbolo-q0', 'simbolo-q1', 'simbolo-q2', 'simbolo-q3', 'simbolo-q4'];[0.1, 0.2, 0.2, 0.9];0.1;10;False;{'user_input': 'Can you tell me which states are considered initial in this automaton, specifically whether both Q1 and Q2 are initial states?', 'intent': 'fsa-practical', 'argument': 'state', 'dialogue_act': 'Ta:request', 'frame': {'initialStates': 'Q1'}};[0.1, 0.2, 0.2, 0.9]
Accuracy;5;what is the language accepted by the automaton if the transition from q1 to the next state is unknown, that is, what symbol should label the transition [q1, ?, ?]?;Could you be more specific?;[];[0.0, 0.1, 0.0, 1.0];0.0;11;False;{'user_input': 'what is the language accepted by the automaton if the transition from q1 to the next state is unknown, that is, what symbol should label the transition [q1, ?, ?]?', 'intent': 'fsa-practical', 'argument': 'language', 'dialogue_act': 'Ta:request', 'frame': {'transitions': [['q1', '?', '?']]}};[0.0, 0.1, 0.0, 1.0]
Relevancy;1;Is it possible to go from q2 to q4 in this automaton?;there is no transition between q2 and q4.;[];[0.2, 0.6, 0.2, 1.0];0.6;0;False;{'user_input': 'Is it possible to go from q2 to q4 in this automaton?', 'intent': 'fsa-practical', 'argument': 'transition', 'dialogue_act': 'Ta:request', 'frame': {'transitions': [['q2', 'q4', '?']]}};[0.2, 0.6, 0.2, 1.0]
Relevancy;1;what is the label of the transition that goes from this to that?;There is no transition between q4 and q2.;[];[1.0, 0.95, 1.0, 1.0];0.95;0;False;{'user_input': 'what is the label of the transition that goes from this to that?', 'intent': 'fsa-practical', 'argument': 'transition', 'dialogue_act': 'Ta:request', 'frame': {'states': ['q4', 'q2']}, '_raw_frame': {'transitions': []}};[1.0, 0.95, 1.0, 1.0]
Relevancy;1;What is the value of the transition from state q2 to state q4 in this automaton?;there is no transition between q2 and q4.;[];[1.0, 1.0, 1.0, 1.0];1.0;0;False;{'user_input': 'What is the value of the transition from state q2 to state q4 in this automaton?', 'intent': 'fsa-practical', 'argument': 'transition', 'dialogue_act': 'Ta:request', 'frame': {'transitions': [['q2', 'q4', '?']]}};[1.0, 1.0, 1.0, 1.0]
Relevancy;1;i accept that there is a transition from q2 to q4, but i don’t know which input symbol labels it.;there is no transition between q2 and q4.;[];[1.0, 1.0, 1.0, 1.0];1.0;0;False;{'user_input': 'i accept that there is a transition from q2 to q4, but i don’t know which input symbol labels it.', 'intent': 'fsa-practical', 'argument': 'transition', 'dialogue_act': 'Ta:request', 'frame': {'transitions': [['q2', 'q4', '?']]}};[1.0, 1.0, 1.0, 1.0]
Relevancy;1;what is the transition between this and that?;There is no transition between q4 and q2.;[];[1.0, 0.95, 1.0, 1.0];0.9;0;False;{'user_input': 'what is the transition between this and that?', 'intent': 'fsa-practical', 'argument': 'transition', 'dialogue_act': 'Ta:request', 'frame': {'states': ['q4', 'q2']}, '_raw_frame': {'transitions': []}};[1.0, 0.95, 1.0, 1.0]
Relevancy;1;is there a transition that goes from this to that, and if so, with which input symbol?;There is no transition between q4 and q2.;[];[1.0, 1.0, 1.0, 1.0];1.0;0;False;{'user_input': 'is there a transition that goes from this to that, and if so, with which input symbol?', 'intent': 'fsa-practical', 'argument': 'transition', 'dialogue_act': 'Ta:propositionalQuestion', 'frame': {'states': ['q4', 'q2']}, '_raw_frame': {'transitions': []}};[1.0, 1.0, 1.0, 1.0]
Relevancy;2;What is the value of the transition from q1 to q2?;The transition between q1 and q2 is with value 1.;['simbolo-q1-q2'];[1.0, 1.0, 1.0, 1.0];1.0;0;False;{'user_input': 'What is the value of the transition from q1 to q2?', 'intent': 'fsa-practical', 'argument': 'transition', 'dialogue_act': 'Ta:request', 'frame': {'transitions': [['q1', 'q2', '?']]}};[1.0, 1.0, 1.0, 1.0]
Relevancy;2;What is the label of the transition from state q1 to state q2?;The transition between q1 and q2 is with value 1.;['simbolo-q1-q2'];[1.0, 1.0, 1.0, 1.0];1.0;0;False;{'user_input': 'What is the label of the transition from state q1 to state q2?', 'intent': 'fsa-practical', 'argument': 'transition', 'dialogue_act': 'Ta:request', 'frame': {'transitions': [['q1', 'q2', '?']]}};[1.0, 1.0, 1.0, 1.0]
Relevancy;2;before we say goodbye, could you tell me which symbol labels this?;The transition between q1 and q2 is with value 1.;['simbolo-q1-q2'];[1.0, 1.0, 1.0, 1.0];0.4;0;False;{'user_input': 'before we say goodbye, could you tell me which symbol labels this?', 'intent': 'fsa-practical', 'argument': None, 'dialogue_act': 'Ta:request', 'frame': {'transitions': [['q1', 'q2', '?']]}, '_raw_frame': {}};[1.0, 1.0, 1.0, 1.0]
Relevancy;2;what is the symbol of this?;Could you be more specific?;[];[0.1, 0.2, 0.1, 1.0];0.2;1;False;{'user_input': 'what is the symbol of this?', 'intent': 'fsa-practical', 'argument': 'alphabet', 'dialogue_act': 'Ta:request', 'frame': {'transitions': [['q1', 'q2', '?']]}, '_raw_frame': {'alphabet': '?'}};[0.1, 0.2, 0.1, 1.0]
Relevancy;2;What is the symbol of the transition from state q1 to state q2 in the alphabet of this automaton?;The automaton has 5 transitions: q0 with value 1 goes to q1, q1 with value 1 goes to q2, q2 with value 0 goes to q3, q3 with value 0 goes to q4, q4 with value 0 goes to q0.;['simbolo-q0-q1', 'simbolo-q1-q2', 'simbolo-q2-q3', 'simbolo-q3-q4', 'simbolo-q4-q0'];[0.2, 0.4, 0.5, 0.9];0.4;1;False;{'user_input': 'What is the symbol of the transition from state q1 to state q2 in the alphabet of this automaton?', 'intent': 'fsa-practical', 'argument': 'transition', 'dialogue_act': 'Ta:request', 'frame': {'alphabet': ['q1', 'q2'], 'transitions': []}};[0.2, 0.4, 0.5, 0.9]
Relevancy;2;What is the label of the transition that goes from state q1 to state q2?;The transition between q1 and q2 is with value 1.;['simbolo-q1-q2'];[1.0, 1.0, 1.0, 1.0];1.0;1;False;{'user_input': 'What is the label of the transition that goes from state q1 to state q2?', 'intent': 'fsa-practical', 'argument': 'transition', 'dialogue_act': 'Ta:request', 'frame': {'transitions': [['q1', 'q2', '?']]}};[1.0, 1.0, 1.0, 1.0]
Relevancy;2;what is the symbol (from the alphabet) on this?;Could you be more specific?;[];[0.1, 0.2, 0.1, 1.0];0.2;2;False;{'user_input': 'what is the symbol (from the alphabet) on this?', 'intent': 'fsa-practical', 'argument': 'alphabet', 'dialogue_act': 'Ta:request', 'frame': {'transitions': [['q1', 'q2', '?']]}, '_raw_frame': {'alphabet': '?'}};[0.1, 0.2, 0.1, 1.0]
Relevancy;2;what is the value of this in this automaton?;The automaton has 5 states: q0, q1, q2, q3 and q4.;['simbolo-q0', 'simbolo-q1', 'simbolo-q2', 'simbolo-q3', 'simbolo-q4'];[0.1, 0.2, 0.2, 0.9];0.2;3;False;{'user_input': 'what is the value of this in this automaton?', 'intent': 'fsa-practical', 'argument': 'state', 'dialogue_act': 'Ta:request', 'frame': {'transitions': [['q1', 'q2', '?']]}, '_raw_frame': {'state': '?'}};[0.1, 0.2, 0.2, 0.9]
Relevancy;2;Which state in this automaton has no transitions?;The state q0 exists.;['simbolo-q0'];[0.0, 0.1, 0.0, 0.2];0.1;4;False;{'user_input': 'Which state in this automaton has no transitions?', 'intent': 'fsa-practical', 'argument': 'state', 'dialogue_act': 'Ta:request', 'frame': {'states': '?'}};[0.0, 0.1, 0.0, 0.2]
Relevancy;2;Before we say goodbye, could you tell me what the states of this automaton are?;The state q0 exists.;['simbolo-q0'];[0.2, 0.4, 0.2, 0.9];0.4;4;False;{'user_input': 'Before we say goodbye, could you tell me what the states of this automaton are?', 'intent': 'fsa-practical', 'argument': 'state', 'dialogue_act': 'Ta:request', 'frame': {'states': '?'}};[0.2, 0.4, 0.2, 0.9]
Relevancy;2;What are the states of this automaton?;The state q0 exists.;['simbolo-q0'];[0.2, 0.4, 0.2, 0.8];0.3;5;False;{'user_input': 'What are the states of this automaton?', 'intent': 'fsa-practical', 'argument': 'state', 'dialogue_act': 'Ta:request', 'frame': {'states': '?'}};[0.2, 0.4, 0.2, 0.8]
Relevancy;2;Can you tell me what the states of this automaton are?;The state q0 exists.;['simbolo-q0'];[0.2, 0.3, 0.2, 0.9];0.4;5;False;{'user_input': 'Can you tell me what the states of this automaton are?', 'intent': 'fsa-practical', 'argument': 'state', 'dialogue_act': 'Ta:request', 'frame': {'states': '?'}};[0.2, 0.3, 0.2, 0.9]
Relevancy;2;which state in this automaton corresponds to q1?;The state q1 exists.;['simbolo-q1'];[0.2, 0.3, 0.2, 0.9];0.3;6;False;{'user_input': 'which state in this automaton corresponds to q1?', 'intent': 'fsa-practical', 'argument': 'state', 'dialogue_act': 'Ta:request', 'frame': {'states': ['q1']}};[0.2, 0.3, 0.2, 0.9]
Relevancy;2;i think i got the number of states wrong before: can you tell me what the states of this automaton are?;This automaton has 5 states;['simbolo-q0', 'simbolo-q1', 'simbolo-q2', 'simbolo-q3', 'simbolo-q4'];[0.9, 0.9, 0.9, 1.0];0.9;6;False;{'user_input': 'i think i got the number of states wrong before: can you tell me what the states of this automaton are?', 'intent': 'fsa-practical', 'argument': 'state', 'dialogue_act': 'Ta:request', 'frame': {'numberOfStates': '?'}};[0.9, 0.9, 0.9, 1.0]
Relevancy;3;What is the language recognized by this automaton?;Could you be more specific?;[];[0.0, 0.1, 0.0, 1.0];0.1;1;False;{'user_input': 'What is the language recognized by this automaton?', 'intent': 'fsa-practical', 'argument': 'language', 'dialogue_act': 'Ta:request', 'frame': {'language': '?'}};[0.0, 0.1, 0.0, 1.0]
Relevancy;3;"I don’t understand what language this automaton accepts; could you tell me what its language is?";Could you be more specific?;[];[0.0, 0.1, 0.0, 1.0];0.1;2;False;"{'user_input': 'I don’t understand what language this automaton accepts; could you tell me what its language is?', 'intent': 'fsa-practical', 'argument': 'language', 'dialogue_act': 'Ta:request', 'frame': {'language': '?'}}";[0.0, 0.1, 0.0, 1.0]
Relevancy;3;what is the language accepted by this automaton?;Could you be more specific?;[];[0.0, 0.1, 0.0, 1.0];0.1;3;False;{'user_input': 'what is the language accepted by this automaton?', 'intent': 'fsa-practical', 'argument': 'language', 'dialogue_act': 'Ta:request', 'frame': {'input': '?'}};[0.0, 0.1, 0.0, 1.0]
Relevancy;3;i don’t understand what is the language recognized by this automaton for the input string “?”.;Could you be more specific?;[];[0.9, 0.9, 0.9, 1.0];0.3;4;False;{'user_input': 'i don’t understand what is the language recognized by this automaton for the input string “?”.', 'intent': 'fsa-practical', 'argument': 'language', 'dialogue_act': 'Ta:propositionalQuestion', 'frame': {'input': '?'}};[0.9, 0.9, 0.9, 1.0]
Relevancy;3;What is the language accepted by this automaton for the input string?;Could you be more specific?;[];[0.1, 0.2, 0.1, 1.0];0.2;5;False;{'user_input': 'What is the language accepted by this automaton for the input string?', 'intent': 'fsa-practical', 'argument': 'language', 'dialogue_act': 'Ta:propositionalQuestion', 'frame': {'input': '?'}};[0.1, 0.2, 0.1, 1.0]
Relevancy;3;what is the resulting state of this automaton after processing the input string?;The state q0 exists.;['simbolo-q0'];[0.0, 0.2, 0.0, 0.8];0.2;6;False;{'user_input': 'what is the resulting state of this automaton after processing the input string?', 'intent': 'fsa-practical', 'argument': 'state', 'dialogue_act': 'Ta:request', 'frame': {'states': '?'}};[0.0, 0.2, 0.0, 0.8]
Relevancy;3;What input strings over this automaton’s alphabet are accepted?;Could you be more specific?;[];[0.0, 0.1, 0.0, 1.0];0.1;7;False;{'user_input': 'What input strings over this automaton’s alphabet are accepted?', 'intent': 'fsa-practical', 'argument': 'language', 'dialogue_act': 'Ta:request', 'frame': {'alphabet': '?'}};[0.0, 0.1, 0.0, 1.0]
Relevancy;3;what is the language recognized by this automaton?;Could you be more specific?;[];[0.0, 0.1, 0.0, 1.0];0.1;8;False;{'user_input': 'what is the language recognized by this automaton?', 'intent': 'fsa-practical', 'argument': 'language', 'dialogue_act': 'Ta:request', 'frame': {'input': '?'}};[0.0, 0.1, 0.0, 1.0]
Relevancy;3;what is the number of final states in the language recognized by this automaton?;The automaton has 5 states: q0, q1, q2, q3 and q4.;['simbolo-q0', 'simbolo-q1', 'simbolo-q2', 'simbolo-q3', 'simbolo-q4'];[0.0, 0.2, 0.0, 0.9];0.2;9;False;{'user_input': 'what is the number of final states in the language recognized by this automaton?', 'intent': 'fsa-practical', 'argument': 'state', 'dialogue_act': 'Ta:request', 'frame': {'numberOfFinalStates': '?'}};[0.0, 0.2, 0.0, 0.9]
Relevancy;3;What is the language recognized by this finite state automaton for an arbitrary input string?;Could you be more specific?;[];[0.0, 0.1, 0.0, 1.0];0.1;10;False;{'user_input': 'What is the language recognized by this finite state automaton for an arbitrary input string?', 'intent': 'fsa-practical', 'argument': 'language', 'dialogue_act': 'Ta:request', 'frame': {'alphabet': '?', 'input': '*'}};[0.0, 0.1, 0.0, 1.0]
Relevancy;3;hi, could you help me with this practical exercise on finite state automata and tell me what language is recognized by this automaton, considering an alphabet that i don’t know yet and any possible input string?;Could you be more specific?;[];[0.1, 0.1, 0.1, 1.0];0.2;11;False;{'user_input': 'hi, could you help me with this practical exercise on finite state automata and tell me what language is recognized by this automaton, considering an alphabet that i don’t know yet and any possible input string?', 'intent': 'fsa-practical', 'argument': 'language', 'dialogue_act': 'Ta:request', 'frame': {'alphabet': '?'}};[0.1, 0.1, 0.1, 1.0]
Relevancy;3;what is the language recognized by this finite state automaton?;Could you be more specific?;[];[0.0, 0.1, 0.0, 1.0];0.1;12;False;{'user_input': 'what is the language recognized by this finite state automaton?', 'intent': 'fsa-practical', 'argument': 'language', 'dialogue_act': 'Ta:request', 'frame': {'input': '?'}};[0.0, 0.1, 0.0, 1.0]
Relevancy;3;Is the language recognized by this automaton non-regular?;Could you be more specific?;[];[0.0, 0.1, 0.0, 1.0];0.1;13;False;{'user_input': 'Is the language recognized by this automaton non-regular?', 'intent': 'fsa-practical', 'argument': 'language', 'dialogue_act': 'Ta:request', 'frame': {'input': '?'}};[0.0, 0.1, 0.0, 1.0]
Relevancy;3;What is the language recognized by this finite state automaton for an arbitrary input string?;Could you be more specific?;[];[0.0, 0.1, 0.0, 1.0];0.1;14;False;{'user_input': 'What is the language recognized by this finite state automaton for an arbitrary input string?', 'intent': 'fsa-practical', 'argument': 'language', 'dialogue_act': 'Ta:request', 'frame': {'input': '?'}};[0.0, 0.1, 0.0, 1.0]
Relevancy;3;what input strings over the alphabet of this automaton are accepted?;Could you be more specific?;[];[0.0, 0.1, 0.0, 1.0];0.1;15;False;{'user_input': 'what input strings over the alphabet of this automaton are accepted?', 'intent': 'fsa-practical', 'argument': 'language', 'dialogue_act': 'Ta:request', 'frame': {'input': '?'}};[0.0, 0.1, 0.0, 1.0]
Relevancy;4;Is this automaton deterministic or non-deterministic?;The automaton accepts zero or more words formed by a sequence of the type 11000. MUTATION In total there are 5 states: q3 and q4. q0 is both the initial and the final state. The transitions are: q0 with value 1 goes to q1, q1 with value 1 goes to q2, q2 with value 0 goes to q3, q3 with value 0 goes to q4, q4 with value 0 goes to q0.;[];[0.1, 0.4, 0.2, 1.0];0.2;1;True;{'user_input': 'Is this automaton deterministic or non-deterministic?', 'intent': 'fsa-practical', 'argument': 'automaton', 'dialogue_act': 'Ta:request', 'frame': {'input': 'automatonType'}};[0.1, 0.4, 0.2, 1.0]
Relevancy;4;hello, looking at this automaton, could you help me with a practical question about its input—for example, what type of automaton it is?;The automaton accepts zero or more words formed by a sequence of the type 11000. MUTATION In total there are 5 states: q3 and q4. q0 is both the initial and the final state. The transitions are: q0 with value 1 goes to q1, q1 with value 1 goes to q2, q2 with value 0 goes to q3, q3 with value 0 goes to q4, q4 with value 0 goes to q0.;[];[0.3, 0.5, 0.4, 1.0];0.4;1;True;{'user_input': 'hello, looking at this automaton, could you help me with a practical question about its input—for example, what type of automaton it is?', 'intent': 'fsa-practical', 'argument': 'automaton', 'dialogue_act': 'Ta:request', 'frame': {}};[0.3, 0.5, 0.4, 1.0]
Relevancy;4;What type of automaton is this finite state machine?;The automaton accepts zero or more words formed by a sequence of the type 11000. MUTATION In total there are 5 states: q3 and q4. q0 is both the initial and the final state. The transitions are: q0 with value 1 goes to q1, q1 with value 1 goes to q2, q2 with value 0 goes to q3, q3 with value 0 goes to q4, q4 with value 0 goes to q0.;[];[0.2, 0.3, 0.2, 1.0];0.4;1;True;{'user_input': 'What type of automaton is this finite state machine?', 'intent': 'fsa-practical', 'argument': 'automaton', 'dialogue_act': 'Ta:request', 'frame': {}};[0.2, 0.3, 0.2, 1.0]
Relevancy;4;what type of automaton is this?;The automaton accepts zero or more words formed by a sequence of the type 11000. MUTATION In total there are 5 states: q3 and q4. q0 is both the initial and the final state. The transitions are: q0 with value 1 goes to q1, q1 with value 1 goes to q2, q2 with value 0 goes to q3, q3 with value 0 goes to q4, q4 with value 0 goes to q0.;[];[0.2, 0.4, 0.3, 1.0];0.4;1;True;{'user_input': 'what type of automaton is this?', 'intent': 'fsa-practical', 'argument': 'automaton', 'dialogue_act': 'Ta:request', 'frame': {}};[0.2, 0.4, 0.3, 1.0]
Relevancy;4;What pattern of input strings does this automaton accept?;Could you be more specific?;[];[0.0, 0.1, 0.0, 1.0];0.1;2;False;{'user_input': 'What pattern of input strings does this automaton accept?', 'intent': 'fsa-practical', 'argument': 'language', 'dialogue_act': 'Ta:propositionalQuestion', 'frame': {'input': 'pattern'}};[0.0, 0.1, 0.0, 1.0]
Relevancy;4;what language does this automaton recognize for the input pattern?;Could you be more specific?;[];[0.1, 0.1, 0.1, 1.0];0.1;3;False;{'user_input': 'what language does this automaton recognize for the input pattern?', 'intent': 'fsa-practical', 'argument': 'language', 'dialogue_act': 'Ta:request', 'frame': {'input': 'pattern'}};[0.1, 0.1, 0.1, 1.0]
Relevancy;4;Could you tell me what language is accepted by this finite state automaton, that is, which input strings lead to the output “accepted”?;Could you be more specific?;[];[0.0, 0.1, 0.0, 1.0];0.1;4;False;{'user_input': 'Could you tell me what language is accepted by this finite state automaton, that is, which input strings lead to the output “accepted”?', 'intent': 'fsa-practical', 'argument': 'language', 'dialogue_act': 'Ta:request', 'frame': {'input': '?'}};[0.0, 0.1, 0.0, 1.0]
Relevancy;4;given the automaton shown, what input string should i test on it?;Could you be more specific?;[];[0.1, 0.2, 0.1, 1.0];0.1;5;False;{'user_input': 'given the automaton shown, what input string should i test on it?', 'intent': 'fsa-practical', 'argument': 'language', 'dialogue_act': 'Ta:request', 'frame': {'input': '?'}};[0.1, 0.2, 0.1, 1.0]
Relevancy;4;what is the language recognized by this automaton, and what would be its optimal spatial representation?;Could you be more specific?;[];[0.0, 0.1, 0.0, 1.0];0.1;6;False;{'user_input': 'what is the language recognized by this automaton, and what would be its optimal spatial representation?', 'intent': 'fsa-practical', 'argument': 'language', 'dialogue_act': 'Ta:request', 'frame': {'input': '?', 'optimalRepresentation': '?'}};[0.0, 0.1, 0.0, 1.0]
Relevancy;4;given the automaton shown on the tablet, can you tell me what the output is for the input string and what the optimal spatial representation would be?;Could you be more specific?;[];[0.0, 0.1, 0.0, 1.0];0.1;7;False;{'user_input': 'given the automaton shown on the tablet, can you tell me what the output is for the input string and what the optimal spatial representation would be?', 'intent': 'fsa-practical', 'argument': 'pattern', 'dialogue_act': 'Ta:request', 'frame': {'input': '?'}};[0.0, 0.1, 0.0, 1.0]
Relevancy;4;What input strings does this automaton accept?;Could you be more specific?;[];[0.0, 0.1, 0.0, 1.0];0.1;8;False;{'user_input': 'What input strings does this automaton accept?', 'intent': 'fsa-practical', 'argument': 'language', 'dialogue_act': 'Ta:request', 'frame': {'input': '?'}};[0.0, 0.1, 0.0, 1.0]
Relevancy;4;what is the language accepted by the automaton if the initial state is q3?;Could you be more specific?;[];[0.0, 0.1, 0.0, 1.0];0.1;9;False;{'user_input': 'what is the language accepted by the automaton if the initial state is q3?', 'intent': 'fsa-practical', 'argument': 'language', 'dialogue_act': 'Ta:request', 'frame': {'initialState': 'q3'}};[0.0, 0.1, 0.0, 1.0]
Relevancy;4;From which state does the transition starting at q3 go in this automaton?;The automaton has 5 states: q0, q1, q2, q3 and q4.;['simbolo-q0', 'simbolo-q1', 'simbolo-q2', 'simbolo-q3', 'simbolo-q4'];[0.0, 0.2, 0.0, 0.3];0.2;10;False;{'user_input': 'From which state does the transition starting at q3 go in this automaton?', 'intent': 'fsa-practical', 'argument': 'state', 'dialogue_act': 'Ta:request', 'frame': {'transitions': [['q3', '?', '?']]}};[0.0, 0.2, 0.0, 0.3]
Relevancy;4;what is the language accepted by the automaton if the initial state is q3?;Could you be more specific?;[];[0.0, 0.1, 0.0, 1.0];0.1;11;False;{'user_input': 'what is the language accepted by the automaton if the initial state is q3?', 'intent': 'fsa-practical', 'argument': 'language', 'dialogue_act': 'Ta:request', 'frame': {'initialState': 'q3'}};[0.0, 0.1, 0.0, 1.0]
Relevancy;4;sorry, the language i described before was wrong: considering the automaton on the tablet, what is the language accepted if the initial state is q3?;Could you be more specific?;[];[0.0, 0.1, 0.0, 1.0];0.2;12;False;{'user_input': 'sorry, the language i described before was wrong: considering the automaton on the tablet, what is the language accepted if the initial state is q3?', 'intent': 'fsa-practical', 'argument': 'language', 'dialogue_act': 'Ta:request', 'frame': {'initialState': 'q3'}};[0.0, 0.1, 0.0, 1.0]
Relevancy;5;If the input is 11000, will the automaton end in an accepting state?;Could you be more specific?;[];[0.0, 0.1, 0.0, 1.0];0.1;1;False;{'user_input': 'If the input is 11000, will the automaton end in an accepting state?', 'intent': 'fsa-practical', 'argument': 'language', 'dialogue_act': 'Ta:request', 'frame': {'input': '11000'}};[0.0, 0.1, 0.0, 1.0]
Relevancy;5;what is the language recognized by this automaton?;Could you be more specific?;[];[0.0, 0.1, 0.0, 1.0];0.1;2;False;{'user_input': 'what is the language recognized by this automaton?', 'intent': 'fsa-practical', 'argument': 'language', 'dialogue_act': 'Ta:request', 'frame': {'language': '?'}};[0.0, 0.1, 0.0, 1.0]
Relevancy;5;What is the language accepted by this automaton?;Could you be more specific?;[];[0.0, 0.1, 0.0, 1.0];0.1;3;False;{'user_input': 'What is the language accepted by this automaton?', 'intent': 'fsa-practical', 'argument': 'language', 'dialogue_act': 'Ta:request', 'frame': {'language': '?'}};[0.0, 0.1, 0.0, 1.0]
Relevancy;5;what is the language accepted by this automaton in terms of its final states?;Could you be more specific?;[];[0.0, 0.1, 0.0, 1.0];0.1;4;False;{'user_input': 'what is the language accepted by this automaton in terms of its final states?', 'intent': 'fsa-practical', 'argument': 'language', 'dialogue_act': 'Ta:request', 'frame': {'finalStates': '?'}};[0.0, 0.1, 0.0, 1.0]
Relevancy;5;"this automaton doesn’t accept any language; what are its final states?";The automaton accepts zero or more words formed by a sequence of the type 11000. MUTATION In total there are 5 states: q3 and q4. q0 is both the initial and the final state. The transitions are: q0 with value 1 goes to q1, q1 with value 1 goes to q2, q2 with value 0 goes to q3, q3 with value 0 goes to q4, q4 with value 0 goes to q0.;[];[0.2, 0.6, 0.3, 1.0];0.6;4;True;"{'user_input': 'this automaton doesn’t accept any language; what are its final states?', 'intent': 'fsa-practical', 'argument': 'automaton', 'dialogue_act': 'Ta:request', 'frame': {'finalStates': '?'}}";[0.2, 0.6, 0.3, 1.0]
Relevancy;5;in this automaton, what is the language of the strings that have exactly 2 final states?;Could you be more specific?;[];[0.1, 0.2, 0.1, 1.0];0.2;5;False;{'user_input': 'in this automaton, what is the language of the strings that have exactly 2 final states?', 'intent': 'fsa-practical', 'argument': 'language', 'dialogue_act': 'Ta:request', 'frame': {'alphabet': '?', 'input': '?'}};[0.1, 0.2, 0.1, 1.0]
Relevancy;5;what are the final states of this automaton’s language?;The final state is q0.;['simbolo-q0'];[1.0, 1.0, 1.0, 1.0];1.0;5;False;{'user_input': 'what are the final states of this automaton’s language?', 'intent': 'fsa-practical', 'argument': 'state', 'dialogue_act': 'Ta:request', 'frame': {'finalStates': '?'}};[1.0, 1.0, 1.0, 1.0]
Relevancy;5;what is the language accepted by this automaton?;Could you be more specific?;[];[0.0, 0.1, 0.0, 1.0];0.1;6;False;{'user_input': 'what is the language accepted by this automaton?', 'intent': 'fsa-practical', 'argument': 'language', 'dialogue_act': 'Ta:propositionalQuestion', 'frame': {'input': '?'}};[0.0, 0.1, 0.0, 1.0]
Relevancy;5;What is the language accepted by this finite state automaton for an unspecified input string?;Could you be more specific?;[];[0.0, 0.1, 0.0, 1.0];0.1;7;False;{'user_input': 'What is the language accepted by this finite state automaton for an unspecified input string?', 'intent': 'fsa-practical', 'argument': 'language', 'dialogue_act': 'Ta:request', 'frame': {'input': '?'}};[0.0, 0.1, 0.0, 1.0]
Relevancy;5;The language recognized by this automaton for the input is what?;Could you be more specific?;[];[0.0, 0.1, 0.0, 1.0];0.1;8;False;{'user_input': 'The language recognized by this automaton for the input is what?', 'intent': 'fsa-practical', 'argument': 'language', 'dialogue_act': 'Ta:request', 'frame': {'input': '?'}};[0.0, 0.1, 0.0, 1.0]
Relevancy;5;can you tell me what language is accepted by this automaton for the input string “?”?;Could you be more specific?;[];[0.2, 0.4, 0.2, 1.0];0.9;8;False;{'user_input': 'can you tell me what language is accepted by this automaton for the input string “?”?', 'intent': 'fsa-practical', 'argument': 'language', 'dialogue_act': 'Ta:request', 'frame': {'input': '?'}};[0.2, 0.4, 0.2, 1.0]
Relevancy;5;given this automaton, what is the language it recognizes for the input string?;Could you be more specific?;[];[0.0, 0.1, 0.0, 1.0];0.2;9;False;{'user_input': 'given this automaton, what is the language it recognizes for the input string?', 'intent': 'fsa-practical', 'argument': 'language', 'dialogue_act': 'Ta:request', 'frame': {'input': '?'}};[0.0, 0.1, 0.0, 1.0]
Relevancy;5;thank you, could you please tell me what is the language recognized by this automaton for a given input?;Could you be more specific?;[];[0.1, 0.2, 0.1, 1.0];0.1;10;False;{'user_input': 'thank you, could you please tell me what is the language recognized by this automaton for a given input?', 'intent': 'fsa-practical', 'argument': 'language', 'dialogue_act': 'Ta:request', 'frame': {'input': '?'}};[0.1, 0.2, 0.1, 1.0]
Relevancy;5;what is the language accepted by the automaton starting from this?;Could you be more specific?;[];[0.0, 0.1, 0.0, 1.0];0.2;11;False;{'user_input': 'what is the language accepted by the automaton starting from this?', 'intent': 'fsa-practical', 'argument': 'language', 'dialogue_act': 'Ta:request', 'frame': {'states': ['q3']}, '_raw_frame': {'input': '?'}};[0.0, 0.1, 0.0, 1.0]
Relevancy;5;what is the language recognized by this automaton for the input string “?”?;Could you be more specific?;[];[0.1, 0.2, 0.1, 1.0];0.2;12;False;{'user_input': 'what is the language recognized by this automaton for the input string “?”?', 'intent': 'fsa-practical', 'argument': 'language', 'dialogue_act': 'Ta:request', 'frame': {'input': '?'}};[0.1, 0.2, 0.1, 1.0]
Correctness;1;Is it possible to go from q2 to q4 in this automaton?;there is no transition between q2 and q4.;[];[0.2, 0.6, 0.2, 1.0];0.9;0;False;{'user_input': 'Is it possible to go from q2 to q4 in this automaton?', 'intent': 'fsa-practical', 'argument': 'transition', 'dialogue_act': 'Ta:propositionalQuestion', 'frame': {'transitions': [['q2', 'q4', '?']]}};[0.2, 0.6, 0.2, 1.0]
Correctness;1;what is this with input symbol 1?;Could you be more specific?;[];[0.1, 0.2, 0.1, 0.9];0.1;1;False;{'user_input': 'what is this with input symbol 1?', 'intent': 'fsa-practical', 'argument': 'language', 'dialogue_act': 'Ta:request', 'frame': {'transitions': [['q0', 'q1', '?']]}, '_raw_frame': {'input': '1'}};[0.1, 0.2, 0.1, 0.9]
Correctness;1;What is the language accepted by the automaton with the transition from q0 to q1 labelled with an unknown symbol?;Could you be more specific?;[];[0.1, 0.2, 0.1, 1.0];0.1;2;False;{'user_input': 'What is the language accepted by the automaton with the transition from q0 to q1 labelled with an unknown symbol?', 'intent': 'fsa-practical', 'argument': 'language', 'dialogue_act': 'Ta:request', 'frame': {'transitions': [['q0', 'q1', '?']]}};[0.1, 0.2, 0.1, 1.0]
Correctness;1;what is the transition label from this to that in the language of this automaton?;The transition from q0 to q1 has value 1.;['simbolo-q0-q1'];[1.0, 1.0, 1.0, 1.0];1.0;2;False;{'user_input': 'what is the transition label from this to that in the language of this automaton?', 'intent': 'fsa-practical', 'argument': 'transition', 'dialogue_act': 'Ta:request', 'frame': {'states': ['q0', 'q1']}, '_raw_frame': {'transitions': []}};[1.0, 1.0, 1.0, 1.0]
Correctness;1;What is the graphical representation of the language recognized by this finite state automaton?;Could you be more specific?;[];[0.0, 0.1, 0.0, 1.0];0.0;3;False;{'user_input': 'What is the graphical representation of the language recognized by this finite state automaton?', 'intent': 'fsa-practical', 'argument': 'language', 'dialogue_act': 'Ta:request', 'frame': {'graphicRepresentation': '?'}};[0.0, 0.1, 0.0, 1.0]
Correctness;1;What is the state shown in the graphical representation of this automaton?;The state q0 exists.;['simbolo-q0'];[0.2, 0.4, 0.3, 0.9];0.2;4;False;{'user_input': 'What is the state shown in the graphical representation of this automaton?', 'intent': 'fsa-practical', 'argument': 'state', 'dialogue_act': 'Ta:request', 'frame': {'states': '?'}};[0.2, 0.4, 0.3, 0.9]
Correctness;1;What is the graphical representation of the current state in this automaton?;The automaton has 5 states: q0, q1, q2, q3 and q4.;['simbolo-q0', 'simbolo-q1', 'simbolo-q2', 'simbolo-q3', 'simbolo-q4'];[0.1, 0.2, 0.2, 0.1];0.2;5;False;{'user_input': 'What is the graphical representation of the current state in this automaton?', 'intent': 'fsa-practical', 'argument': 'state', 'dialogue_act': 'Ta:request', 'frame': {'graphicRepresentation': '?'}};[0.1, 0.2, 0.2, 0.1]
Correctness;1;what is the graphical representation pattern of this finite state automaton?;Could you be more specific?;[];[0.1, 0.2, 0.1, 1.0];0.1;6;False;{'user_input': 'what is the graphical representation pattern of this finite state automaton?', 'intent': 'fsa-practical', 'argument': 'pattern', 'dialogue_act': 'Ta:request', 'frame': {'graphicRepresentation': '?'}};[0.1, 0.2, 0.1, 1.0]
Correctness;1;What is the language recognized by this automaton, based on its graphical representation?;Could you be more specific?;[];[0.0, 0.1, 0.0, 1.0];0.0;7;False;{'user_input': 'What is the language recognized by this automaton, based on its graphical representation?', 'intent': 'fsa-practical', 'argument': 'language', 'dialogue_act': 'Ta:request', 'frame': {'graphicRepresentation': '?'}};[0.0, 0.1, 0.0, 1.0]
Correctness;1;Before I go, could you show me the graphic representation of the language recognized by this automaton?;Could you be more specific?;[];[0.1, 0.2, 0.1, 0.9];0.1;8;False;{'user_input': 'Before I go, could you show me the graphic representation of the language recognized by this automaton?', 'intent': 'fsa-practical', 'argument': 'language', 'dialogue_act': 'Ta:propositionalQuestion', 'frame': {'graphicRepresentation': '?'}};[0.1, 0.2, 0.1, 0.9]
Correctness;1;what is the language recognized by the automaton shown in the graphical representation?;Could you be more specific?;[];[0.0, 0.1, 0.0, 1.0];0.0;9;False;{'user_input': 'what is the language recognized by the automaton shown in the graphical representation?', 'intent': 'fsa-practical', 'argument': 'language', 'dialogue_act': 'Ta:request', 'frame': {'input': '?'}};[0.0, 0.1, 0.0, 1.0]
Correctness;1;Which input strings does this automaton accept?;Could you be more specific?;[];[0.0, 0.1, 0.0, 1.0];0.0;10;False;{'user_input': 'Which input strings does this automaton accept?', 'intent': 'fsa-practical', 'argument': 'language', 'dialogue_act': 'Ta:request', 'frame': {'input': '?'}};[0.0, 0.1, 0.0, 1.0]
Correctness;1;For this automaton, what is the output when the input string is 11000?;The automaton has 5 transitions: q0 with value 1 goes to q1, q1 with value 1 goes to q2, q2 with value 0 goes to q3, q3 with value 0 goes to q4, q4 with value 0 goes to q0.;['simbolo-q0-q1', 'simbolo-q1-q2', 'simbolo-q2-q3', 'simbolo-q3-q4', 'simbolo-q4-q0'];[0.2, 0.4, 0.3, 1.0];0.3;11;False;{'user_input': 'For this automaton, what is the output when the input string is 11000?', 'intent': 'fsa-practical', 'argument': 'transition', 'dialogue_act': 'Ta:request', 'frame': {'input': '11000'}};[0.2, 0.4, 0.3, 1.0]
Correctness;1;Hello, could you help me understand the language of this automaton by checking what input strings it accepts?;Could you be more specific?;[];[0.1, 0.1, 0.1, 1.0];0.1;12;False;{'user_input': 'Hello, could you help me understand the language of this automaton by checking what input strings it accepts?', 'intent': 'fsa-practical', 'argument': 'language', 'dialogue_act': 'Ta:propositionalQuestion', 'frame': {'input': '?'}};[0.1, 0.1, 0.1, 1.0]
Correctness;1;what is the language recognized by this automaton for the input string?;Could you be more specific?;[];[0.1, 0.2, 0.1, 1.0];0.0;13;False;{'user_input': 'what is the language recognized by this automaton for the input string?', 'intent': 'fsa-practical', 'argument': 'language', 'dialogue_act': 'Ta:request', 'frame': {'input': '?'}};[0.1, 0.2, 0.1, 1.0]
Correctness;2;What is the transition label from q1 to q2?;The transition between q1 and q2 is with value 1.;['simbolo-q1-q2'];[1.0, 1.0, 1.0, 1.0];1.0;0;False;{'user_input': 'What is the transition label from q1 to q2?', 'intent': 'fsa-practical', 'argument': 'transition', 'dialogue_act': 'Ta:request', 'frame': {'transitions': [['q1', 'q2', '?']]}};[1.0, 1.0, 1.0, 1.0]
Correctness;2;What is the label of the transition that goes from state q1 to state q2?;The transition between q1 and q2 is with value 1.;['simbolo-q1-q2'];[1.0, 1.0, 1.0, 1.0];1.0;0;False;{'user_input': 'What is the label of the transition that goes from state q1 to state q2?', 'intent': 'fsa-practical', 'argument': 'transition', 'dialogue_act': 'Ta:request', 'frame': {'transitions': [['q1', 'q2', '?']]}};[1.0, 1.0, 1.0, 1.0]
Correctness;2;What is the transition label from state q1 to state q2?;The transition between q1 and q2 is with value 1.;['simbolo-q1-q2'];[1.0, 1.0, 1.0, 1.0];1.0;0;False;{'user_input': 'What is the transition label from state q1 to state q2?', 'intent': 'fsa-practical', 'argument': 'transition', 'dialogue_act': 'Ta:request', 'frame': {'transitions': [['q1', 'q2', '?']]}};[1.0, 1.0, 1.0, 1.0]
Correctness;2;hi, could you tell me which symbol labels this in this automaton?;The transition between q1 and q2 is with value 1.;['simbolo-q1-q2'];[1.0, 1.0, 1.0, 1.0];1.0;0;False;{'user_input': 'hi, could you tell me which symbol labels this in this automaton?', 'intent': 'fsa-practical', 'argument': None, 'dialogue_act': 'Ta:request', 'frame': {'transitions': [['q1', 'q2', '?']]}, '_raw_frame': {}};[1.0, 1.0, 1.0, 1.0]
Correctness;2;what is the input symbol of this?;Could you be more specific?;[];[0.1, 0.2, 0.1, 1.0];0.0;1;False;{'user_input': 'what is the input symbol of this?', 'intent': 'fsa-practical', 'argument': 'alphabet', 'dialogue_act': 'Ta:request', 'frame': {'transitions': [['q1', 'q2', '?']]}, '_raw_frame': {'alphabet': '?'}};[0.1, 0.2, 0.1, 1.0]
Correctness;2;hello! could you please tell me what the symbol is on this?;The transition between q1 and q2 is with value 1.;['simbolo-q1-q2'];[0.2, 0.2, 0.2, 0.8];0.2;2;False;{'user_input': 'hello! could you please tell me what the symbol is on this?', 'intent': 'fsa-practical', 'argument': None, 'dialogue_act': 'Ta:request', 'frame': {'transitions': [['q1', 'q2', '?']]}, '_raw_frame': {}};[0.2, 0.2, 0.2, 0.8]
Correctness;2;which state in this automaton has the highest number of transitions?;The automaton has 5 states: q0, q1, q2, q3 and q4.;['simbolo-q0', 'simbolo-q1', 'simbolo-q2', 'simbolo-q3', 'simbolo-q4'];[0.0, 0.3, 0.0, 0.2];0.0;3;False;{'user_input': 'which state in this automaton has the highest number of transitions?', 'intent': 'fsa-practical', 'argument': 'state', 'dialogue_act': 'Ta:propositionalQuestion', 'frame': {'stateWithMostTransitions': '?'}};[0.0, 0.3, 0.0, 0.2]
Correctness;2;which state of this automaton has the highest number of transitions?;The automaton has 5 states: q0, q1, q2, q3 and q4.;['simbolo-q0', 'simbolo-q1', 'simbolo-q2', 'simbolo-q3', 'simbolo-q4'];[0.0, 0.3, 0.0, 0.9];0.0;4;False;{'user_input': 'which state of this automaton has the highest number of transitions?', 'intent': 'fsa-practical', 'argument': 'state', 'dialogue_act': 'Ta:request', 'frame': {'stateWithMostTransitions': '?'}};[0.0, 0.3, 0.0, 0.9]
Correctness;2;which state in this automaton has the highest number of transitions?;The automaton has 5 states: q0, q1, q2, q3 and q4.;['simbolo-q0', 'simbolo-q1', 'simbolo-q2', 'simbolo-q3', 'simbolo-q4'];[0.0, 0.2, 0.0, 0.3];0.0;5;False;{'user_input': 'which state in this automaton has the highest number of transitions?', 'intent': 'fsa-practical', 'argument': 'state', 'dialogue_act': 'Ta:request', 'frame': {'stateWithMostTransitions': '?'}};[0.0, 0.2, 0.0, 0.3]
Correctness;2;which state of this automaton has the highest number of transitions?;The state q0 exists.;['simbolo-q0'];[0.0, 0.1, 0.0, 0.2];0.0;6;False;{'user_input': 'which state of this automaton has the highest number of transitions?', 'intent': 'fsa-practical', 'argument': 'state', 'dialogue_act': 'Ta:request', 'frame': {'states': '?'}};[0.0, 0.1, 0.0, 0.2]
Correctness;2;what are the transitions of this automaton?;The automaton has 5 transitions: q0 with value 1 goes to q1, q1 with value 1 goes to q2, q2 with value 0 goes to q3, q3 with value 0 goes to q4, q4 with value 0 goes to q0.;['simbolo-q0-q1', 'simbolo-q1-q2', 'simbolo-q2-q3', 'simbolo-q3-q4', 'simbolo-q4-q0'];[1.0, 1.0, 1.0, 1.0];1.0;6;False;{'user_input': 'what are the transitions of this automaton?', 'intent': 'fsa-practical', 'argument': 'transition', 'dialogue_act': 'Ta:request', 'frame': {}};[1.0, 1.0, 1.0, 1.0]
Correctness;2;Can you tell me what the states of this automaton are?;The state q0 exists.;['simbolo-q0'];[0.2, 0.4, 0.2, 0.9];0.2;7;False;{'user_input': 'Can you tell me what the states of this automaton are?', 'intent': 'fsa-practical', 'argument': 'state', 'dialogue_act': 'Ta:request', 'frame': {'states': '?'}};[0.2, 0.4, 0.2, 0.9]
Correctness;2;What are the states of this finite state automaton?;The state q0 exists.;['simbolo-q0'];[0.2, 0.4, 0.2, 0.6];0.2;8;False;{'user_input': 'What are the states of this finite state automaton?', 'intent': 'fsa-practical', 'argument': 'state', 'dialogue_act': 'Ta:request', 'frame': {'states': '?'}};[0.2, 0.4, 0.2, 0.6]
Correctness;2;What are the states of this automaton?;The state q0 exists.;['simbolo-q0'];[0.2, 0.3, 0.2, 0.5];0.2;9;False;{'user_input': 'What are the states of this automaton?', 'intent': 'fsa-practical', 'argument': 'state', 'dialogue_act': 'Ta:request', 'frame': {'states': '?'}};[0.2, 0.3, 0.2, 0.5]
Correctness;2;what are the states of this automaton?;The state q0 exists.;['simbolo-q0'];[0.2, 0.4, 0.2, 0.8];0.2;10;False;{'user_input': 'what are the states of this automaton?', 'intent': 'fsa-practical', 'argument': 'state', 'dialogue_act': 'Ta:request', 'frame': {'states': '?'}};[0.2, 0.4, 0.2, 0.8]
Correctness;3;Why is q0 both an initial state and a final state in this automaton?;The final state is q0.;['simbolo-q0'];[0.1, 0.2, 0.1, 0.8];0.1;1;False;{'user_input': 'Why is q0 both an initial state and a final state in this automaton?', 'intent': 'fsa-practical', 'argument': 'state', 'dialogue_act': 'Ta:propositionalQuestion', 'frame': {'initialStates': 'q0', 'finalStates': 'q0'}};[0.1, 0.2, 0.1, 0.8]
Correctness;3;Is it correct that in this automaton the initial state is q0 and the only final state is also q0?;The initial state is q0.;['simbolo-q0'];[0.5, 0.6, 0.5, 0.9];0.5;1;False;{'user_input': 'Is it correct that in this automaton the initial state is q0 and the only final state is also q0?', 'intent': 'fsa-practical', 'argument': 'state', 'dialogue_act': 'Ta:request', 'frame': {'initialState': 'q0', 'finalStates': ['q0']}};[0.5, 0.6, 0.5, 0.9]
Correctness;3;in this automaton, which state is both the initial state and the only final state?;The initial state is q0.;['simbolo-q0'];[1.0, 1.0, 1.0, 1.0];1.0;1;False;{'user_input': 'in this automaton, which state is both the initial state and the only final state?', 'intent': 'fsa-practical', 'argument': 'state', 'dialogue_act': 'Ta:request', 'frame': {'initialState': '?', 'finalStates': '?'}};[1.0, 1.0, 1.0, 1.0]
Correctness;3;Is q0 both the initial and the final state of this automaton?;The initial state is q0.;['simbolo-q0'];[0.5, 0.6, 0.5, 0.9];0.5;1;False;{'user_input': 'Is q0 both the initial and the final state of this automaton?', 'intent': 'fsa-practical', 'argument': 'state', 'dialogue_act': 'Ta:request', 'frame': {'initialState': 'q0', 'finalStates': ['q0']}};[0.5, 0.6, 0.5, 0.9]
Correctness;3;is it correct that in this automaton q0 is both the initial state and the only final state?;The initial state is q0.;['simbolo-q0'];[0.2, 0.3, 0.2, 0.9];0.4;1;False;{'user_input': 'is it correct that in this automaton q0 is both the initial state and the only final state?', 'intent': 'fsa-practical', 'argument': 'state', 'dialogue_act': 'Ta:propositionalQuestion', 'frame': {'initialState': 'q0', 'finalStates': ['q0']}};[0.2, 0.3, 0.2, 0.9]
Correctness;3;Which state has exactly 2 transitions in this automaton?;The automaton has 5 states: q0, q1, q2, q3 and q4.;['simbolo-q0', 'simbolo-q1', 'simbolo-q2', 'simbolo-q3', 'simbolo-q4'];[0.0, 0.2, 0.0, 0.3];0.0;2;False;{'user_input': 'Which state has exactly 2 transitions in this automaton?', 'intent': 'fsa-practical', 'argument': 'state', 'dialogue_act': 'Ta:request', 'frame': {'stateWithTwoTransitions': '?'}};[0.0, 0.2, 0.0, 0.3]
Correctness;3;Which state in this automaton has two outgoing transitions?;The state q0 exists.;['simbolo-q0'];[0.0, 0.2, 0.0, 0.2];0.0;3;False;{'user_input': 'Which state in this automaton has two outgoing transitions?', 'intent': 'fsa-practical', 'argument': 'state', 'dialogue_act': 'Ta:request', 'frame': {'states': '?'}};[0.0, 0.2, 0.0, 0.2]
Correctness;3;what are the states of this automaton?;The state q0 exists.;['simbolo-q0'];[0.2, 0.4, 0.2, 0.8];0.2;4;False;{'user_input': 'what are the states of this automaton?', 'intent': 'fsa-practical', 'argument': 'state', 'dialogue_act': 'Ta:request', 'frame': {'states': '?'}};[0.2, 0.4, 0.2, 0.8]
Correctness;3;What are the states of this automaton?;The state q0 exists.;['simbolo-q0'];[0.2, 0.3, 0.2, 0.8];0.2;5;False;{'user_input': 'What are the states of this automaton?', 'intent': 'fsa-practical', 'argument': 'state', 'dialogue_act': 'Ta:request', 'frame': {'states': '?'}};[0.2, 0.3, 0.2, 0.8]
Correctness;3;Can you tell me what the states of this automaton are?;The state q0 exists.;['simbolo-q0'];[0.2, 0.3, 0.2, 0.9];0.2;6;False;{'user_input': 'Can you tell me what the states of this automaton are?', 'intent': 'fsa-practical', 'argument': 'state', 'dialogue_act': 'Ta:request', 'frame': {'states': '?'}};[0.2, 0.3, 0.2, 0.9]
Correctness;3;what are the states of this automaton?;The state q0 exists.;['simbolo-q0'];[0.2, 0.4, 0.2, 0.9];0.2;7;False;{'user_input': 'what are the states of this automaton?', 'intent': 'fsa-practical', 'argument': 'state', 'dialogue_act': 'Ta:request', 'frame': {'states': '?'}};[0.2, 0.4, 0.2, 0.9]
Correctness;3;"thank you, now i understand the states of this automaton; could you please tell me which states it has?";The state q0 exists.;['simbolo-q0'];[0.2, 0.4, 0.2, 0.9];0.2;8;False;"{'user_input': 'thank you, now i understand the states of this automaton; could you please tell me which states it has?', 'intent': 'fsa-practical', 'argument': 'state', 'dialogue_act': 'Ta:request', 'frame': {'states': '?'}}";[0.2, 0.4, 0.2, 0.9]
Correctness;4;What language does this automaton recognize over the alphabet {0,1}?;Could you be more specific?;[];[0.0, 0.1, 0.0, 1.0];0.0;1;False;{'user_input': 'What language does this automaton recognize over the alphabet {0,1}?', 'intent': 'fsa-practical', 'argument': 'language', 'dialogue_act': 'Ta:request', 'frame': {'alphabet': ['0', '1']}};[0.0, 0.1, 0.0, 1.0]
Correctness;4;What is the language accepted by this automaton over the alphabet {0,1}?;Could you be more specific?;[];[0.0, 0.1, 0.0, 1.0];0.0;2;False;{'user_input': 'What is the language accepted by this automaton over the alphabet {0,1}?', 'intent': 'fsa-practical', 'argument': 'language', 'dialogue_act': 'Ta:request', 'frame': {'alphabet': '0'}};[0.0, 0.1, 0.0, 1.0]
Correctness;4;So, the language recognized by this automaton over the alphabet {0} is…;Could you be more specific?;[];[0.0, 0.1, 0.0, 1.0];0.0;3;False;{'user_input': 'So, the language recognized by this automaton over the alphabet {0} is…', 'intent': 'fsa-practical', 'argument': 'language', 'dialogue_act': 'Ta:request', 'frame': {'alphabet': ['0']}};[0.0, 0.1, 0.0, 1.0]
Correctness;4;Can you tell me what is the language of this automaton over the alphabet {0}?;Could you be more specific?;[];[0.0, 0.1, 0.0, 1.0];0.0;4;False;{'user_input': 'Can you tell me what is the language of this automaton over the alphabet {0}?', 'intent': 'fsa-practical', 'argument': 'language', 'dialogue_act': 'Ta:request', 'frame': {'alphabet': '0'}};[0.0, 0.1, 0.0, 1.0]
Correctness;4;which state has the highest number of transitions in the language recognized by this automaton, is it q3?;The automaton has 5 states: q0, q1, q2, q3 and q4.;['simbolo-q0', 'simbolo-q1', 'simbolo-q2', 'simbolo-q3', 'simbolo-q4'];[0.1, 0.2, 0.1, 0.9];0.1;5;False;{'user_input': 'which state has the highest number of transitions in the language recognized by this automaton, is it q3?', 'intent': 'fsa-practical', 'argument': 'state', 'dialogue_act': 'Ta:request', 'frame': {'stateWithMostTransitions': '?'}};[0.1, 0.2, 0.1, 0.9]
Correctness;4;what is the graphical representation of the language recognized by this automaton?;Could you be more specific?;[];[0.0, 0.1, 0.0, 1.0];0.0;6;False;{'user_input': 'what is the graphical representation of the language recognized by this automaton?', 'intent': 'fsa-practical', 'argument': 'language', 'dialogue_act': 'Ta:request', 'frame': {'graphicRepresentation': '?'}};[0.0, 0.1, 0.0, 1.0]
Correctness;4;What is the graphical representation of this finite state automaton?;The automaton accepts zero or more words formed by a sequence of the type 11000. MUTATION In total there are 5 states: q3 and q4. q0 is both the initial and the final state. The transitions are: q0 with value 1 goes to q1, q1 with value 1 goes to q2, q2 with value 0 goes to q3, q3 with value 0 goes to q4, q4 with value 0 goes to q0.;[];[0.4, 0.6, 0.5, 1.0];0.5;6;True;{'user_input': 'What is the graphical representation of this finite state automaton?', 'intent': 'fsa-practical', 'argument': 'automaton', 'dialogue_act': 'Ta:request', 'frame': {'graphicRepresentation': '?'}};[0.4, 0.6, 0.5, 1.0]
Correctness;4;Hi, could you explain to me in which language the automaton shown in the graphical representation on the tablet is defined?;Could you be more specific?;[];[0.1, 0.2, 0.1, 1.0];0.1;7;False;{'user_input': 'Hi, could you explain to me in which language the automaton shown in the graphical representation on the tablet is defined?', 'intent': 'fsa-practical', 'argument': 'language', 'dialogue_act': 'Ta:request', 'frame': {'input': '?'}};[0.1, 0.2, 0.1, 1.0]
Correctness;4;can you check what is the language recognized by this automaton from its graphical representation?;Could you be more specific?;[];[0.0, 0.1, 0.0, 1.0];0.1;8;False;{'user_input': 'can you check what is the language recognized by this automaton from its graphical representation?', 'intent': 'fsa-practical', 'argument': 'language', 'dialogue_act': 'Ta:request', 'frame': {'graphicRepresentation': '?'}};[0.0, 0.1, 0.0, 1.0]
Correctness;4;what is the language recognized by the automaton with 5 states?;Could you be more specific?;[];[0.0, 0.2, 0.0, 1.0];0.0;9;False;{'user_input': 'what is the language recognized by the automaton with 5 states?', 'intent': 'fsa-practical', 'argument': 'language', 'dialogue_act': 'Ta:request', 'frame': {'numberOfStates': '5'}};[0.0, 0.2, 0.0, 1.0]
Correctness;4;What is the language recognized by this automaton with 5 states?;Could you be more specific?;[];[0.0, 0.1, 0.0, 1.0];0.0;10;False;{'user_input': 'What is the language recognized by this automaton with 5 states?', 'intent': 'fsa-practical', 'argument': 'language', 'dialogue_act': 'Ta:request', 'frame': {'numberOfStates': '5'}};[0.0, 0.1, 0.0, 1.0]
Correctness;4;the language of this finite state automaton is not clear to me: with its 5 states it seems badly defined.;The automaton accepts zero or more words formed by a sequence of the type 11000. MUTATION In total there are 5 states: q3 and q4. q0 is both the initial and the final state. The transitions are: q0 with value 1 goes to q1, q1 with value 1 goes to q2, q2 with value 0 goes to q3, q3 with value 0 goes to q4, q4 with value 0 goes to q0.;[];[0.6, 0.9, 0.6, 1.0];0.5;10;True;{'user_input': 'the language of this finite state automaton is not clear to me: with its 5 states it seems badly defined.', 'intent': 'fsa-practical', 'argument': 'automaton', 'dialogue_act': 'Ta:request', 'frame': {'stateNumber': '5'}};[0.6, 0.9, 0.6, 1.0]
Correctness;4;Hi, can we talk about the language recognized by this finite state automaton with 5 states?;Could you be more specific?;[];[0.1, 0.2, 0.1, 1.0];0.2;11;False;{'user_input': 'Hi, can we talk about the language recognized by this finite state automaton with 5 states?', 'intent': 'fsa-practical', 'argument': 'language', 'dialogue_act': 'Ta:propositionalQuestion', 'frame': {'numberOfStates': '5'}};[0.1, 0.2, 0.1, 1.0]
Correctness;4;in this automaton, is the language accepted by a machine with 5 states?;There are 5 states in this automaton.;['simbolo-q0', 'simbolo-q1', 'simbolo-q2', 'simbolo-q3', 'simbolo-q4'];[0.4, 0.5, 0.4, 0.9];0.4;11;False;{'user_input': 'in this automaton, is the language accepted by a machine with 5 states?', 'intent': 'fsa-practical', 'argument': 'state', 'dialogue_act': 'Ta:request', 'frame': {'numberOfStates': '5'}};[0.4, 0.5, 0.4, 0.9]
Correctness;4;what is the language recognized by this automaton when it follows an anti-clockwise pattern?;Could you be more specific?;[];[0.1, 0.2, 0.1, 1.0];0.1;12;False;{'user_input': 'what is the language recognized by this automaton when it follows an anti-clockwise pattern?', 'intent': 'fsa-practical', 'argument': 'language', 'dialogue_act': 'Ta:request', 'frame': {'input': '?'}};[0.1, 0.2, 0.1, 1.0]
Correctness;5;Is this automaton deterministic or nondeterministic?;The automaton accepts zero or more words formed by a sequence of the type 11000. MUTATION In total there are 5 states: q3 and q4. q0 is both the initial and the final state. The transitions are: q0 with value 1 goes to q1, q1 with value 1 goes to q2, q2 with value 0 goes to q3, q3 with value 0 goes to q4, q4 with value 0 goes to q0.;[];[0.1, 0.2, 0.1, 1.0];0.0;1;True;{'user_input': 'Is this automaton deterministic or nondeterministic?', 'intent': 'fsa-practical', 'argument': 'automaton', 'dialogue_act': 'Ta:propositionalQuestion', 'frame': {'input': 'automatonType'}};[0.1, 0.2, 0.1, 1.0]
Correctness;5;"thank you for showing me this automaton; could you tell me what type of automaton it is for this input?";The automaton accepts zero or more words formed by a sequence of the type 11000. MUTATION In total there are 5 states: q3 and q4. q0 is both the initial and the final state. The transitions are: q0 with value 1 goes to q1, q1 with value 1 goes to q2, q2 with value 0 goes to q3, q3 with value 0 goes to q4, q4 with value 0 goes to q0.;[];[0.2, 0.6, 0.3, 1.0];0.3;2;True;"{'user_input': 'thank you for showing me this automaton; could you tell me what type of automaton it is for this input?', 'intent': 'fsa-practical', 'argument': None, 'dialogue_act': 'Ta:request', 'frame': {}}";[0.2, 0.6, 0.3, 1.0]
Correctness;5;What are the final states of this automaton?;The final state is q0.;['simbolo-q0'];[1.0, 1.0, 1.0, 1.0];1.0;2;False;{'user_input': 'What are the final states of this automaton?', 'intent': 'fsa-practical', 'argument': 'state', 'dialogue_act': 'Ta:request', 'frame': {'finalStates': '?'}};[1.0, 1.0, 1.0, 1.0]
Correctness;5;What type of automaton is this finite state machine?;The automaton accepts zero or more words formed by a sequence of the type 11000. MUTATION In total there are 5 states: q3 and q4. q0 is both the initial and the final state. The transitions are: q0 with value 1 goes to q1, q1 with value 1 goes to q2, q2 with value 0 goes to q3, q3 with value 0 goes to q4, q4 with value 0 goes to q0.;[];[0.2, 0.4, 0.3, 1.0];0.3;3;True;{'user_input': 'What type of automaton is this finite state machine?', 'intent': 'fsa-practical', 'argument': 'automaton', 'dialogue_act': 'Ta:request', 'frame': {'type': 'automatonType'}};[0.2, 0.4, 0.3, 1.0]
Correctness;5;What type of automaton is this finite state machine?;The automaton accepts zero or more words formed by a sequence of the type 11000. MUTATION In total there are 5 states: q3 and q4. q0 is both the initial and the final state. The transitions are: q0 with value 1 goes to q1, q1 with value 1 goes to q2, q2 with value 0 goes to q3, q3 with value 0 goes to q4, q4 with value 0 goes to q0.;[];[0.1, 0.4, 0.2, 1.0];0.2;4;True;{'user_input': 'What type of automaton is this finite state machine?', 'intent': 'fsa-practical', 'argument': 'automaton', 'dialogue_act': 'Ta:request', 'frame': {}};[0.1, 0.4, 0.2, 1.0]
Correctness;5;what type of automaton is this?;The automaton accepts zero or more words formed by a sequence of the type 11000. MUTATION In total there are 5 states: q3 and q4. q0 is both the initial and the final state. The transitions are: q0 with value 1 goes to q1, q1 with value 1 goes to q2, q2 with value 0 goes to q3, q3 with value 0 goes to q4, q4 with value 0 goes to q0.;[];[0.2, 0.4, 0.3, 1.0];0.3;5;True;{'user_input': 'what type of automaton is this?', 'intent': 'fsa-practical', 'argument': 'automaton', 'dialogue_act': 'Ta:request', 'frame': {}};[0.2, 0.4, 0.3, 1.0]
VisualRelevancy;1;Is there any transition leaving state q2 on input 1 in this automaton?;the transition is not defined.;[];[1.0, 1.0, 1.0, 1.0];1.0;0;False;{'user_input': 'Is there any transition leaving state q2 on input 1 in this automaton?', 'intent': 'fsa-practical', 'argument': 'transition', 'dialogue_act': 'Ta:propositionalQuestion', 'frame': {'transitions': [['q2', '?', '1']]}};[1.0, 1.0, 1.0, 1.0]
VisualRelevancy;1;what is the transition from this on input 1?;There is no transition between q2 and q0.;[];[0.0, 0.1, 0.0, 1.0];1.0;0;False;{'user_input': 'what is the transition from this on input 1?', 'intent': 'fsa-practical', 'argument': 'transition', 'dialogue_act': 'Ta:request', 'frame': {'states': ['q2'], 'transitions': [['state', '?', '?'], ['?', '?', 'input:1']]}, '_raw_frame': {'transitions': [['state', '?', '?'], ['?', '?', 'input:1']]}};[0.0, 0.1, 0.0, 1.0]
VisualRelevancy;1;Sorry, I meant: from state q2 with input 1 we go to which state, and could you also remind me what the transitions from state q2 and the transition with input 1 are?;the transition is not defined.;[];[1.0, 1.0, 1.0, 1.0];1.0;0;False;{'user_input': 'Sorry, I meant: from state q2 with input 1 we go to which state, and could you also remind me what the transitions from state q2 and the transition with input 1 are?', 'intent': 'fsa-practical', 'argument': 'transition', 'dialogue_act': 'Ta:request', 'frame': {'transitions': [['q2', '?', '1']]}};[1.0, 1.0, 1.0, 1.0]
VisualRelevancy;1;What is the missing value of the transition that starts from state q2 on input 1?;the transition is not defined.;[];[1.0, 1.0, 1.0, 1.0];1.0;0;False;{'user_input': 'What is the missing value of the transition that starts from state q2 on input 1?', 'intent': 'fsa-practical', 'argument': 'transition', 'dialogue_act': 'Ta:request', 'frame': {'transitions': [['q2', '?', '1']]}};[1.0, 1.0, 1.0, 1.0]
VisualRelevancy;1;what is the missing transition from this on input 1?;There is no transition between q2 and q0.;[];[0.0, 0.1, 0.0, 1.0];1.0;0;False;{'user_input': 'what is the missing transition from this on input 1?', 'intent': 'fsa-practical', 'argument': 'transition', 'dialogue_act': 'Ta:request', 'frame': {'states': ['q2']}, '_raw_frame': {'transitions': []}};[0.0, 0.1, 0.0, 1.0]
VisualRelevancy;1;what is the alphabet of the automaton in this?;Could you be more specific?;[];[0.0, 0.1, 0.0, 1.0];1.0;0;False;{'user_input': 'what is the alphabet of the automaton in this?', 'intent': 'fsa-practical', 'argument': 'alphabet', 'dialogue_act': 'Ta:request', 'frame': {'states': ['q2']}, '_raw_frame': {'alphabet': '?'}};[0.0, 0.1, 0.0, 1.0]
VisualRelevancy;1;what is the alphabet of this automaton?;Could you be more specific?;[];[0.0, 0.1, 0.0, 1.0];1.0;0;False;{'user_input': 'what is the alphabet of this automaton?', 'intent': 'fsa-practical', 'argument': 'alphabet', 'dialogue_act': 'Ta:request', 'frame': {'alphabet': '?'}};[0.0, 0.1, 0.0, 1.0]
VisualRelevancy;1;What is the alphabet of this finite state automaton?;Could you be more specific?;[];[0.0, 0.1, 0.0, 1.0];1.0;0;False;{'user_input': 'What is the alphabet of this finite state automaton?', 'intent': 'fsa-practical', 'argument': 'alphabet', 'dialogue_act': 'Ta:request', 'frame': {'alphabet': '?'}};[0.0, 0.1, 0.0, 1.0]
VisualRelevancy;1;What is the alphabet of this automaton?;Could you be more specific?;[];[0.0, 0.1, 0.0, 1.0];1.0;0;False;{'user_input': 'What is the alphabet of this automaton?', 'intent': 'fsa-practical', 'argument': 'alphabet', 'dialogue_act': 'Ta:request', 'frame': {'alphabet': '?'}};[0.0, 0.1, 0.0, 1.0]
VisualRelevancy;1;"the alphabet of this automaton isn’t specified in the description; could you tell me what the alphabet is?";Could you be more specific?;[];[0.0, 0.1, 0.0, 1.0];1.0;0;False;"{'user_input': 'the alphabet of this automaton isn’t specified in the description; could you tell me what the alphabet is?', 'intent': 'fsa-practical', 'argument': 'alphabet', 'dialogue_act': 'Ta:request', 'frame': {'alphabet': '?'}}";[0.0, 0.1, 0.0, 1.0]
VisualRelevancy;1;what is the alphabet of the automaton that has a transition going to this?;Could you be more specific?;[];[0.0, 0.1, 0.0, 1.0];1.0;0;False;{'user_input': 'what is the alphabet of the automaton that has a transition going to this?', 'intent': 'fsa-practical', 'argument': 'alphabet', 'dialogue_act': 'Ta:request', 'frame': {'states': ['q1']}, '_raw_frame': {'alphabet': '?'}};[0.0, 0.1, 0.0, 1.0]
VisualRelevancy;1;what is the alphabet of the automaton starting from this?;Could you be more specific?;[];[0.0, 0.1, 0.0, 1.0];1.0;0;False;{'user_input': 'what is the alphabet of the automaton starting from this?', 'intent': 'fsa-practical', 'argument': 'alphabet', 'dialogue_act': 'Ta:request', 'frame': {'states': ['q3']}, '_raw_frame': {'alphabet': '?'}};[0.0, 0.1, 0.0, 1.0]
VisualRelevancy;1;which states of this automaton have no outgoing transitions?;The state q0 exists.;['simbolo-q0'];[0.0, 0.2, 0.0, 0.2];0.2;1;False;{'user_input': 'which states of this automaton have no outgoing transitions?', 'intent': 'fsa-practical', 'argument': 'state', 'dialogue_act': 'Ta:request', 'frame': {'states': '?'}};[0.0, 0.2, 0.0, 0.2]
VisualRelevancy;1;what is the alphabet of this automaton?;Could you be more specific?;[];[0.0, 0.1, 0.0, 1.0];1.0;1;False;{'user_input': 'what is the alphabet of this automaton?', 'intent': 'fsa-practical', 'argument': 'alphabet', 'dialogue_act': 'Ta:request', 'frame': {'alphabet': '?'}};[0.0, 0.1, 0.0, 1.0]
VisualRelevancy;1;can you tell me what the states of this automaton are?;The state q0 exists.;['simbolo-q0'];[0.2, 0.4, 0.2, 0.9];0.9;1;False;{'user_input': 'can you tell me what the states of this automaton are?', 'intent': 'fsa-practical', 'argument': 'state', 'dialogue_act': 'Ta:request', 'frame': {'states': '?'}};[0.2, 0.4, 0.2, 0.9]
VisualRelevancy;2;What is the language accepted by this automaton, described in words or with a regular expression?;Could you be more specific?;[];[0.0, 0.1, 0.0, 1.0];1.0;0;False;{'user_input': 'What is the language accepted by this automaton, described in words or with a regular expression?', 'intent': 'fsa-practical', 'argument': 'language', 'dialogue_act': 'Ta:request', 'frame': {'input': '?'}};[0.0, 0.1, 0.0, 1.0]
VisualRelevancy;2;What is the input of this automaton?;Could you be more specific?;[];[0.0, 0.1, 0.0, 1.0];1.0;0;False;{'user_input': 'What is the input of this automaton?', 'intent': 'fsa-practical', 'argument': 'language', 'dialogue_act': 'Ta:request', 'frame': {'input': '?'}};[0.0, 0.1, 0.0, 1.0]
VisualRelevancy;2;What is the language accepted by the automaton if the initial state is either Q1 or Q2?;Could you be more specific?;[];[0.0, 0.1, 0.0, 1.0];1.0;0;False;{'user_input': 'What is the language accepted by the automaton if the initial state is either Q1 or Q2?', 'intent': 'fsa-practical', 'argument': 'language', 'dialogue_act': 'Ta:request', 'frame': {'initialStates': ['Q1', 'Q2']}};[0.0, 0.1, 0.0, 1.0]
VisualRelevancy;2;What is the language recognized by this finite state automaton?;Could you be more specific?;[];[0.0, 0.1, 0.0, 1.0];1.0;0;False;{'user_input': 'What is the language recognized by this finite state automaton?', 'intent': 'fsa-practical', 'argument': 'language', 'dialogue_act': 'Ta:request', 'frame': {'input': '?'}};[0.0, 0.1, 0.0, 1.0]
VisualRelevancy;2;What is the language accepted by this automaton for the input string ?;Could you be more specific?;[];[0.1, 0.1, 0.1, 1.0];1.0;0;False;{'user_input': 'What is the language accepted by this automaton for the input string ?', 'intent': 'fsa-practical', 'argument': 'language', 'dialogue_act': 'Ta:request', 'frame': {'input': '?'}};[0.1, 0.1, 0.1, 1.0]
VisualRelevancy;2;what is the input of this automaton?;Could you be more specific?;[];[0.0, 0.1, 0.0, 1.0];1.0;0;False;{'user_input': 'what is the input of this automaton?', 'intent': 'fsa-practical', 'argument': 'language', 'dialogue_act': 'Ta:request', 'frame': {'input': '?'}};[0.0, 0.1, 0.0, 1.0]
VisualRelevancy;2;what is the language accepted by this automaton for the input string?;Could you be more specific?;[];[0.1, 0.2, 0.1, 1.0];1.0;0;False;{'user_input': 'what is the language accepted by this automaton for the input string?', 'intent': 'fsa-practical', 'argument': 'language', 'dialogue_act': 'Ta:request', 'frame': {'input': '?'}};[0.1, 0.2, 0.1, 1.0]
VisualRelevancy;2;what input strings does this automaton accept?;Could you be more specific?;[];[0.0, 0.1, 0.0, 1.0];1.0;0;False;{'user_input': 'what input strings does this automaton accept?', 'intent': 'fsa-practical', 'argument': 'language', 'dialogue_act': 'Ta:request', 'frame': {'input': '?'}};[0.0, 0.1, 0.0, 1.0]
VisualRelevancy;2;what input strings does this automaton accept?;Could you be more specific?;[];[0.0, 0.1, 0.0, 1.0];1.0;0;False;{'user_input': 'what input strings does this automaton accept?', 'intent': 'fsa-practical', 'argument': 'language', 'dialogue_act': 'Ta:request', 'frame': {'input': '?'}};[0.0, 0.1, 0.0, 1.0]
VisualRelevancy;2;can you tell me what language is accepted by this automaton for the input string “?”;Could you be more specific?;[];[0.2, 0.3, 0.2, 1.0];1.0;0;False;{'user_input': 'can you tell me what language is accepted by this automaton for the input string “?”', 'intent': 'fsa-practical', 'argument': 'language', 'dialogue_act': 'Ta:request', 'frame': {'input': '?'}};[0.2, 0.3, 0.2, 1.0]
VisualRelevancy;2;What is the language recognized by this finite state automaton for an arbitrary input string?;Could you be more specific?;[];[0.0, 0.1, 0.0, 1.0];1.0;0;False;{'user_input': 'What is the language recognized by this finite state automaton for an arbitrary input string?', 'intent': 'fsa-practical', 'argument': 'language', 'dialogue_act': 'Ta:request', 'frame': {'alphabet': '?', 'input': '?'}};[0.0, 0.1, 0.0, 1.0]
VisualRelevancy;2;what is the current state of this finite state automaton for the input string 11000, and what alphabet does it use?;The automaton has 5 states: q0, q1, q2, q3 and q4.;['simbolo-q0', 'simbolo-q1', 'simbolo-q2', 'simbolo-q3', 'simbolo-q4'];[0.1, 0.2, 0.2, 0.3];0.1;1;False;{'user_input': 'what is the current state of this finite state automaton for the input string 11000, and what alphabet does it use?', 'intent': 'fsa-practical', 'argument': 'state', 'dialogue_act': 'Ta:request', 'frame': {'alphabet': '0', 'input': '1'}};[0.1, 0.2, 0.2, 0.3]
VisualRelevancy;2;given the automaton shown, with alphabet {0}, what is the output of the automaton when the input is 1?;Could you be more specific?;[];[0.0, 0.1, 0.0, 1.0];1.0;1;False;{'user_input': 'given the automaton shown, with alphabet {0}, what is the output of the automaton when the input is 1?', 'intent': 'fsa-practical', 'argument': 'language', 'dialogue_act': 'Ta:request', 'frame': {'alphabet': '0'}};[0.0, 0.1, 0.0, 1.0]
VisualRelevancy;2;The automaton does not accept the input `1` over the alphabet `{0}`, since state `q0` has no transition labeled `1`.;The automaton has 5 transitions: q0 with value 1 goes to q1, q1 with value 1 goes to q2, q2 with value 0 goes to q3, q3 with value 0 goes to q4, q4 with value 0 goes to q0.;['simbolo-q0-q1', 'simbolo-q1-q2', 'simbolo-q2-q3', 'simbolo-q3-q4', 'simbolo-q4-q0'];[0.0, 0.2, 0.2, 0.9];0.9;1;False;{'user_input': 'The automaton does not accept the input `1` over the alphabet `{0}`, since state `q0` has no transition labeled `1`.', 'intent': 'fsa-practical', 'argument': 'transition', 'dialogue_act': 'Ta:request', 'frame': {'alphabet': '0', 'input': '1'}};[0.0, 0.2, 0.2, 0.9]
VisualRelevancy;2;what is the initial state of this automaton?;The initial state is q0.;['simbolo-q0'];[1.0, 1.0, 1.0, 1.0];1.0;1;False;{'user_input': 'what is the initial state of this automaton?', 'intent': 'fsa-practical', 'argument': 'state', 'dialogue_act': 'Ta:request', 'frame': {'initialState': '?'}};[1.0, 1.0, 1.0, 1.0]
VisualRelevancy;3;Is this automaton deterministic or nondeterministic based on the transitions shown in the image?;The automaton accepts zero or more words formed by a sequence of the type 11000. MUTATION In total there are 5 states: q3 and q4. q0 is both the initial and the final state. The transitions are: q0 with value 1 goes to q1, q1 with value 1 goes to q2, q2 with value 0 goes to q3, q3 with value 0 goes to q4, q4 with value 0 goes to q0.;[];[0.0, 0.2, 0.0, 1.0];1.0;0;True;{'user_input': 'Is this automaton deterministic or nondeterministic based on the transitions shown in the image?', 'intent': 'fsa-practical', 'argument': 'automaton', 'dialogue_act': 'Ta:propositionalQuestion', 'frame': {'transitions': []}};[0.0, 0.2, 0.0, 1.0]
VisualRelevancy;3;which state of this automaton has no transitions associated with it?;The state q0 exists.;['simbolo-q0'];[0.0, 0.1, 0.0, 0.2];0.2;1;False;{'user_input': 'which state of this automaton has no transitions associated with it?', 'intent': 'fsa-practical', 'argument': 'state', 'dialogue_act': 'Ta:request', 'frame': {'states': '?'}};[0.0, 0.1, 0.0, 0.2]
VisualRelevancy;3;what are the initial states of this automaton, q1 and q2?;The automaton has 5 states: q0, q1, q2, q3 and q4.;['simbolo-q0', 'simbolo-q1', 'simbolo-q2', 'simbolo-q3', 'simbolo-q4'];[0.1, 0.2, 0.2, 0.3];0.3;2;False;{'user_input': 'what are the initial states of this automaton, q1 and q2?', 'intent': 'fsa-practical', 'argument': 'state', 'dialogue_act': 'Ta:request', 'frame': {'initialStates': 'q1'}};[0.1, 0.2, 0.2, 0.3]
VisualRelevancy;3;Hello, could you tell me what the states of this finite state automaton are?;The state q0 exists.;['simbolo-q0'];[0.2, 0.4, 0.2, 0.9];0.9;2;False;{'user_input': 'Hello, could you tell me what the states of this finite state automaton are?', 'intent': 'fsa-practical', 'argument': 'state', 'dialogue_act': 'Ta:request', 'frame': {'states': '?'}};[0.2, 0.4, 0.2, 0.9]
VisualRelevancy;3;what is the alphabet of this automaton?;Could you be more specific?;[];[0.0, 0.1, 0.0, 1.0];1.0;2;False;{'user_input': 'what is the alphabet of this automaton?', 'intent': 'fsa-practical', 'argument': 'alphabet', 'dialogue_act': 'Ta:request', 'frame': {'alphabet': '?'}};[0.0, 0.1, 0.0, 1.0]
VisualRelevancy;3;what are the states of this automaton?;The state q0 exists.;['simbolo-q0'];[0.2, 0.3, 0.2, 0.9];0.9;2;False;{'user_input': 'what are the states of this automaton?', 'intent': 'fsa-practical', 'argument': 'state', 'dialogue_act': 'Ta:request', 'frame': {'states': '?'}};[0.2, 0.3, 0.2, 0.9]
VisualRelevancy;3;What are the transitions of this automaton?;The automaton has 5 transitions: q0 with value 1 goes to q1, q1 with value 1 goes to q2, q2 with value 0 goes to q3, q3 with value 0 goes to q4, q4 with value 0 goes to q0.;['simbolo-q0-q1', 'simbolo-q1-q2', 'simbolo-q2-q3', 'simbolo-q3-q4', 'simbolo-q4-q0'];[1.0, 1.0, 1.0, 1.0];1.0;2;False;{'user_input': 'What are the transitions of this automaton?', 'intent': 'fsa-practical', 'argument': 'transition', 'dialogue_act': 'Ta:request', 'frame': {}};[1.0, 1.0, 1.0, 1.0]
VisualRelevancy;4;If I start from q0 and read the input string 11000, do I end in a final state or a non-final state?;The automaton has 5 states: q0, q1, q2, q3 and q4.;['simbolo-q0', 'simbolo-q1', 'simbolo-q2', 'simbolo-q3', 'simbolo-q4'];[0.0, 0.3, 0.0, 0.2];0.9;0;False;{'user_input': 'If I start from q0 and read the input string 11000, do I end in a final state or a non-final state?', 'intent': 'fsa-practical', 'argument': 'state', 'dialogue_act': 'Ta:request', 'frame': {'input': '11000'}};[0.0, 0.3, 0.0, 0.2]
VisualRelevancy;4;For the automaton shown, what transition sequence is followed when the input string is 11000?;The automaton has 5 transitions: q0 with value 1 goes to q1, q1 with value 1 goes to q2, q2 with value 0 goes to q3, q3 with value 0 goes to q4, q4 with value 0 goes to q0.;['simbolo-q0-q1', 'simbolo-q1-q2', 'simbolo-q2-q3', 'simbolo-q3-q4', 'simbolo-q4-q0'];[1.0, 0.95, 1.0, 1.0];1.0;0;False;{'user_input': 'For the automaton shown, what transition sequence is followed when the input string is 11000?', 'intent': 'fsa-practical', 'argument': 'transition', 'dialogue_act': 'Ta:request', 'frame': {'input': '11000'}};[1.0, 0.95, 1.0, 1.0]
VisualRelevancy;4;Hello again! For the automaton shown, could you please tell me what happens when we use the input 11000?;The automaton has 5 states: q0, q1, q2, q3 and q4.;['simbolo-q0', 'simbolo-q1', 'simbolo-q2', 'simbolo-q3', 'simbolo-q4'];[0.1, 0.2, 0.2, 0.9];0.1;1;False;{'user_input': 'Hello again! For the automaton shown, could you please tell me what happens when we use the input 11000?', 'intent': 'fsa-practical', 'argument': 'state', 'dialogue_act': 'Ta:request', 'frame': {'input': '11000'}};[0.1, 0.2, 0.2, 0.9]
VisualRelevancy;4;What is the language recognized by this automaton for the input string 11000?;Could you be more specific?;[];[0.0, 0.1, 0.0, 1.0];1.0;1;False;{'user_input': 'What is the language recognized by this automaton for the input string 11000?', 'intent': 'fsa-practical', 'argument': 'language', 'dialogue_act': 'Ta:request', 'frame': {'input': '11000'}};[0.0, 0.1, 0.0, 1.0]
VisualRelevancy;4;For the automaton shown, can you run the input 11000 and tell me what happens?;Could you be more specific?;[];[0.0, 0.1, 0.0, 1.0];1.0;1;False;{'user_input': 'For the automaton shown, can you run the input 11000 and tell me what happens?', 'intent': 'fsa-practical', 'argument': 'language', 'dialogue_act': 'Ta:request', 'frame': {'input': '11000'}};[0.0, 0.1, 0.0, 1.0]
VisualRelevancy;4;which state does the automaton reach as the destination state?;The state q0 exists.;['simbolo-q0'];[0.2, 0.3, 0.2, 0.9];0.8;1;False;{'user_input': 'which state does the automaton reach as the destination state?', 'intent': 'fsa-practical', 'argument': 'state', 'dialogue_act': 'Ta:request', 'frame': {'states': '?'}};[0.2, 0.3, 0.2, 0.9]
VisualRelevancy;4;what is this with input symbol 0?;The automaton has 5 states: q0, q1, q2, q3 and q4.;['simbolo-q0', 'simbolo-q1', 'simbolo-q2', 'simbolo-q3', 'simbolo-q4'];[0.1, 0.2, 0.2, 0.1];0.1;2;False;{'user_input': 'what is this with input symbol 0?', 'intent': 'fsa-practical', 'argument': 'state', 'dialogue_act': 'Ta:request', 'frame': {'transitions': [['q1', 'q2', '?']]}, '_raw_frame': {'input': '0'}};[0.1, 0.2, 0.2, 0.1]
VisualRelevancy;4;What is the label of the transition from state q1 to state q2?;The transition between q1 and q2 is with value 1.;['simbolo-q1-q2'];[1.0, 1.0, 1.0, 1.0];1.0;2;False;{'user_input': 'What is the label of the transition from state q1 to state q2?', 'intent': 'fsa-practical', 'argument': 'transition', 'dialogue_act': 'Ta:request', 'frame': {'transitions': [['q1', 'q2', '?']]}};[1.0, 1.0, 1.0, 1.0]
VisualRelevancy;4;What is the label of the transition that goes from state q1 to state q2?;The transition between q1 and q2 is with value 1.;['simbolo-q1-q2'];[1.0, 1.0, 1.0, 1.0];1.0;2;False;{'user_input': 'What is the label of the transition that goes from state q1 to state q2?', 'intent': 'fsa-practical', 'argument': 'transition', 'dialogue_act': 'Ta:request', 'frame': {'transitions': [['q1', 'q2', '?']]}};[1.0, 1.0, 1.0, 1.0]
VisualRelevancy;4;For the input string `11000`, does this automaton end in an accepting state or is the output denied?;Could you be more specific?;[];[0.0, 0.1, 0.0, 1.0];1.0;2;False;{'user_input': 'For the input string `11000`, does this automaton end in an accepting state or is the output denied?', 'intent': 'fsa-practical', 'argument': 'language', 'dialogue_act': 'Ta:request', 'frame': {'input': '11000'}};[0.0, 0.1, 0.0, 1.0]
VisualRelevancy;4;what is the symbol of this?;Could you be more specific?;[];[0.1, 0.2, 0.1, 1.0];1.0;2;False;{'user_input': 'what is the symbol of this?', 'intent': 'fsa-practical', 'argument': 'alphabet', 'dialogue_act': 'Ta:request', 'frame': {'transitions': [['q1', 'q2', '?']]}, '_raw_frame': {'alphabet': '?'}};[0.1, 0.2, 0.1, 1.0]
VisualRelevancy;4;What is the label of the transition from state q1 to state q2?;The transition between q1 and q2 is with value 1.;['simbolo-q1-q2'];[1.0, 1.0, 1.0, 1.0];1.0;2;False;{'user_input': 'What is the label of the transition from state q1 to state q2?', 'intent': 'fsa-practical', 'argument': 'transition', 'dialogue_act': 'Ta:request', 'frame': {'transitions': [['q1', 'q2', '?']]}};[1.0, 1.0, 1.0, 1.0]
VisualRelevancy;5;How many different states of the automaton are final states according to the diagram on the tablet?;The automaton has 5 states: q0, q1, q2, q3 and q4.;['simbolo-q0', 'simbolo-q1', 'simbolo-q2', 'simbolo-q3', 'simbolo-q4'];[0.0, 0.2, 0.0, 0.9];0.3;1;False;{'user_input': 'How many different states of the automaton are final states according to the diagram on the tablet?', 'intent': 'fsa-practical', 'argument': 'state', 'dialogue_act': 'Ta:request', 'frame': {'numberOfFinalStates': '?'}};[0.0, 0.2, 0.0, 0.9]
VisualRelevancy;5;From which state does the deterministic automaton start and return in this finite state machine?;The initial state is q0.;['simbolo-q0'];[0.5, 0.6, 0.5, 0.9];0.9;1;False;{'user_input': 'From which state does the deterministic automaton start and return in this finite state machine?', 'intent': 'fsa-practical', 'argument': 'state', 'dialogue_act': 'Ta:request', 'frame': {'initialState': '?'}};[0.5, 0.6, 0.5, 0.9]
VisualRelevancy;5;actually, i meant to say that q0 is the only final state: how many final states does this automaton have?;The automaton accepts zero or more words formed by a sequence of the type 11000. MUTATION In total there are 5 states: q3 and q4. q0 is both the initial and the final state. The transitions are: q0 with value 1 goes to q1, q1 with value 1 goes to q2, q2 with value 0 goes to q3, q3 with value 0 goes to q4, q4 with value 0 goes to q0.;[];[0.1, 0.4, 0.2, 1.0];1.0;1;True;{'user_input': 'actually, i meant to say that q0 is the only final state: how many final states does this automaton have?', 'intent': None, 'argument': None, 'dialogue_act': None, 'frame': {}};[0.1, 0.4, 0.2, 1.0]
VisualRelevancy;5;how many final states does this automaton have?;The automaton has 5 states: q0, q1, q2, q3 and q4.;['simbolo-q0', 'simbolo-q1', 'simbolo-q2', 'simbolo-q3', 'simbolo-q4'];[0.0, 0.2, 0.0, 0.2];0.2;2;False;{'user_input': 'how many final states does this automaton have?', 'intent': 'fsa-practical', 'argument': 'state', 'dialogue_act': 'Ta:request', 'frame': {'numberOfFinalStates': '?'}};[0.0, 0.2, 0.0, 0.2]
VisualRelevancy;5;Which state do I reach if I follow the anti-clockwise pattern in this automaton?;The automaton has 5 states: q0, q1, q2, q3 and q4.;['simbolo-q0', 'simbolo-q1', 'simbolo-q2', 'simbolo-q3', 'simbolo-q4'];[0.1, 0.2, 0.2, 0.9];0.9;2;False;{'user_input': 'Which state do I reach if I follow the anti-clockwise pattern in this automaton?', 'intent': 'fsa-practical', 'argument': 'state', 'dialogue_act': 'Ta:request', 'frame': {'state': '?'}};[0.1, 0.2, 0.2, 0.9]
VisualRelevancy;5;From which state does this transition start?;The initial state is q0.;['simbolo-q0'];[0.0, 0.2, 0.0, 0.2];0.2;3;False;{'user_input': 'From which state does this transition start?', 'intent': 'fsa-practical', 'argument': 'state', 'dialogue_act': 'Ta:request', 'frame': {'initialState': '?'}};[0.0, 0.2, 0.0, 0.2]
VisualRelevancy;5;What is the initial state of this automaton pattern?;The initial state is q0.;['simbolo-q0'];[1.0, 1.0, 1.0, 1.0];1.0;3;False;{'user_input': 'What is the initial state of this automaton pattern?', 'intent': 'fsa-practical', 'argument': 'state', 'dialogue_act': 'Ta:request', 'frame': {'initialState': '?'}};[1.0, 1.0, 1.0, 1.0]
VisualRelevancy;5;what is the initial state of this automaton?;The initial state is q0.;['simbolo-q0'];[1.0, 1.0, 1.0, 1.0];1.0;3;False;{'user_input': 'what is the initial state of this automaton?', 'intent': 'fsa-practical', 'argument': 'state', 'dialogue_act': 'Ta:request', 'frame': {'initialState': '?'}};[1.0, 1.0, 1.0, 1.0]
VisualRelevancy;5;Hi, looking at this automaton on the tablet, could you tell me what its initial state is?;The initial state is q0.;['simbolo-q0'];[1.0, 1.0, 1.0, 1.0];1.0;3;False;{'user_input': 'Hi, looking at this automaton on the tablet, could you tell me what its initial state is?', 'intent': 'fsa-practical', 'argument': 'state', 'dialogue_act': 'Ta:request', 'frame': {'initialState': '?'}};[1.0, 1.0, 1.0, 1.0]
VisualRelevancy;5;What information can you tell me about state q2 in this automaton?;The state q0 exists.;['simbolo-q0'];[0.0, 0.0, 0.0, 0.2];0.2;4;False;{'user_input': 'What information can you tell me about state q2 in this automaton?', 'intent': 'fsa-practical', 'argument': 'state', 'dialogue_act': 'Ta:request', 'frame': {'states': 'q2'}};[0.0, 0.0, 0.0, 0.2]
VisualRelevancy;5;which information can you give me about this in this automaton?;The automaton accepts zero or more words formed by a sequence of the type 11000. MUTATION In total there are 5 states: q3 and q4. q0 is both the initial and the final state. The transitions are: q0 with value 1 goes to q1, q1 with value 1 goes to q2, q2 with value 0 goes to q3, q3 with value 0 goes to q4, q4 with value 0 goes to q0.;[];[0.4, 0.7, 0.5, 1.0];1.0;4;True;{'user_input': 'which information can you give me about this in this automaton?', 'intent': 'fsa-practical', 'argument': 'automaton', 'dialogue_act': 'Ta:propositionalQuestion', 'frame': {'states': ['q2']}, '_raw_frame': {'input': '?'}};[0.4, 0.7, 0.5, 1.0]
VisualRelevancy;5;there are 5 final states in this automaton.;The automaton has 5 states: q0, q1, q2, q3 and q4.;['simbolo-q0', 'simbolo-q1', 'simbolo-q2', 'simbolo-q3', 'simbolo-q4'];[0.0, 0.4, 0.0, 0.9];0.9;4;False;{'user_input': 'there are 5 final states in this automaton.', 'intent': 'fsa-practical', 'argument': 'state', 'dialogue_act': 'Ta:request', 'frame': {'numberOfFinalStates': '5'}};[0.0, 0.4, 0.0, 0.9]
VisualRelevancy;5;Hi, could you please show me information about state q2 in this automaton?;The state q0 exists.;['simbolo-q0'];[0.0, 0.0, 0.0, 0.0];0.0;5;False;{'user_input': 'Hi, could you please show me information about state q2 in this automaton?', 'intent': 'fsa-practical', 'argument': 'state', 'dialogue_act': 'Ta:request', 'frame': {'states': 'q2'}};[0.0, 0.0, 0.0, 0.0]
VisualRelevancy;5;Could you explain the theoretical role and meaning of state q2 in this finite state automaton?;The state q2 exists.;['simbolo-q2'];[0.1, 0.2, 0.1, 0.9];0.9;5;False;{'user_input': 'Could you explain the theoretical role and meaning of state q2 in this finite state automaton?', 'intent': 'fsa-practical', 'argument': 'state', 'dialogue_act': 'Ta:request', 'frame': {'states': ['q2']}};[0.1, 0.2, 0.1, 0.9]
VisualRelevancy;5;can you tell me what information is associated with this in this automaton?;The automaton accepts zero or more words formed by a sequence of the type 11000. MUTATION In total there are 5 states: q3 and q4. q0 is both the initial and the final state. The transitions are: q0 with value 1 goes to q1, q1 with value 1 goes to q2, q2 with value 0 goes to q3, q3 with value 0 goes to q4, q4 with value 0 goes to q0.;[];[0.7, 0.9, 0.7, 1.0];1.0;5;True;{'user_input': 'can you tell me what information is associated with this in this automaton?', 'intent': 'fsa-practical', 'argument': 'automaton', 'dialogue_act': 'Ta:request', 'frame': {'states': ['q2']}, '_raw_frame': {}};[0.7, 0.9, 0.7, 1.0]
BaseLine;5;What output should I expect from this automaton when the input is rejected?;Could you be more specific?;[];[0.1, 0.1, 0.1, 1.0];-1;-1;False;{'user_input': 'What output should I expect from this automaton when the input is rejected?', 'intent': 'fsa-practical', 'argument': 'language', 'dialogue_act': 'Ta:request', 'frame': {'output': '?'}};[0.1, 0.1, 0.1, 1.0]
BaseLine;6;Can you tell me what q0 does in this automaton?;The automaton has 5 states: q0, q1, q2, q3 and q4.;['simbolo-q0', 'simbolo-q1', 'simbolo-q2', 'simbolo-q3', 'simbolo-q4'];[0.1, 0.2, 0.2, 0.8];-1;-1;False;{'user_input': 'Can you tell me what q0 does in this automaton?', 'intent': 'fsa-practical', 'argument': 'state', 'dialogue_act': 'Ta:request', 'frame': {'transitions': [['q0', '?', '?']]}};[0.1, 0.2, 0.2, 0.8]
BaseLine;7;From q2, which state do I reach next on the diagram?;The state q0 exists.;['simbolo-q0'];[0.0, 0.1, 0.0, 0.0];-1;-1;False;{'user_input': 'From q2, which state do I reach next on the diagram?', 'intent': 'fsa-practical', 'argument': 'state', 'dialogue_act': 'Ta:request', 'frame': {'states': 'q2'}};[0.0, 0.1, 0.0, 0.0]
BaseLine;8;What label is written on the arrow that goes from q1 to q2?;The transition between q1 and q2 is with value 1.;['simbolo-q1-q2'];[1.0, 1.0, 1.0, 1.0];-1;-1;False;{'user_input': 'What label is written on the arrow that goes from q1 to q2?', 'intent': 'fsa-practical', 'argument': 'transition', 'dialogue_act': 'Ta:request', 'frame': {'transitions': [['q1', 'q2', '?']]}};[1.0, 1.0, 1.0, 1.0]
BaseLine;9;Is there any way to move directly from q2 to q4 here?;there is no transition between q2 and q4.;[];[1.0, 1.0, 1.0, 0.9];-1;-1;False;{'user_input': 'Is there any way to move directly from q2 to q4 here?', 'intent': 'fsa-practical', 'argument': 'transition', 'dialogue_act': 'Ta:propositionalQuestion', 'frame': {'transitions': [['q2', 'q4', '?']]}};[1.0, 1.0, 1.0, 0.9]
BaseLine;10;How many different arrows are drawn between all the states in this picture?;The automaton has 5 transitions: q0 with value 1 goes to q1, q1 with value 1 goes to q2, q2 with value 0 goes to q3, q3 with value 0 goes to q4, q4 with value 0 goes to q0.;['simbolo-q0-q1', 'simbolo-q1-q2', 'simbolo-q2-q3', 'simbolo-q3-q4', 'simbolo-q4-q0'];[1.0, 1.0, 1.0, 1.0];-1;-1;False;{'user_input': 'How many different arrows are drawn between all the states in this picture?', 'intent': 'fsa-practical', 'argument': 'transition', 'dialogue_act': 'Ta:request', 'frame': {'numberOfTransitions': '?'}};[1.0, 1.0, 1.0, 1.0]
BaseLine;11;Which of these states counts as the starting point of the machine?;The initial state is q0.;['simbolo-q0'];[1.0, 1.0, 1.0, 1.0];-1;-1;False;{'user_input': 'Which of these states counts as the starting point of the machine?', 'intent': 'fsa-practical', 'argument': 'state', 'dialogue_act': 'Ta:request', 'frame': {'initialState': '?'}};[1.0, 1.0, 1.0, 1.0]
BaseLine;12;Does this machine accept or reject the input string 11000?;Could you be more specific?;[];[0.0, 0.1, 0.0, 1.0];-1;-1;False;{'user_input': 'Does this machine accept or reject the input string 11000?', 'intent': 'fsa-practical', 'argument': 'language', 'dialogue_act': 'Ta:request', 'frame': {'input': '11000'}};[0.0, 0.1, 0.0, 1.0]
BaseLine;13;What exact set of symbols makes up the alphabet for this automaton?;Could you be more specific?;[];[0.0, 0.1, 0.0, 1.0];-1;-1;False;{'user_input': 'What exact set of symbols makes up the alphabet for this automaton?', 'intent': 'fsa-practical', 'argument': 'alphabet', 'dialogue_act': 'Ta:request', 'frame': {'alphabet': '?'}};[0.0, 0.1, 0.0, 1.0]
BaseLine;14;Is q0 the only state where the machine can finish successfully?;The final state is q0.;['simbolo-q0'];[0.9, 0.95, 1.0, 0.95];-1;-1;False;{'user_input': 'Is q0 the only state where the machine can finish successfully?', 'intent': 'fsa-practical', 'argument': 'state', 'dialogue_act': 'Ta:propositionalQuestion', 'frame': {'finalStates': 'q0'}};[0.9, 0.95, 1.0, 0.95]
BaseLine;15;What kind of automaton is this, deterministic or not?;The automaton accepts zero or more words formed by a sequence of the type 11000. MUTATION In total there are 5 states: q3 and q4. q0 is both the initial and the final state. The transitions are: q0 with value 1 goes to q1, q1 with value 1 goes to q2, q2 with value 0 goes to q3, q3 with value 0 goes to q4, q4 with value 0 goes to q0.;[];[0.1, 0.3, 0.2, 1.0];-1;-1;True;{'user_input': 'What kind of automaton is this, deterministic or not?', 'intent': 'fsa-practical', 'argument': 'automaton', 'dialogue_act': 'Ta:request', 'frame': {'input': 'automatonType'}};[0.1, 0.3, 0.2, 1.0]
BaseLine;16;What language does this machine describe in terms of accepted strings?;Could you be more specific?;[];[0.0, 0.1, 0.0, 1.0];-1;-1;False;{'user_input': 'What language does this machine describe in terms of accepted strings?', 'intent': 'fsa-practical', 'argument': 'language', 'dialogue_act': 'Ta:request', 'frame': {'input': '?'}};[0.0, 0.1, 0.0, 1.0]
BaseLine;17;Which state has the largest number of arrows connected to it in the picture?;The state q0 exists.;['simbolo-q0'];[0.0, 0.2, 0.0, 0.3];-1;-1;False;{'user_input': 'Which state has the largest number of arrows connected to it in the picture?', 'intent': 'fsa-practical', 'argument': 'state', 'dialogue_act': 'Ta:request', 'frame': {'states': '?'}};[0.0, 0.2, 0.0, 0.3]
BaseLine;18;Is there any state in this automaton that has no outgoing arrows at all?;The automaton has 5 states: q0, q1, q2, q3 and q4.;['simbolo-q0', 'simbolo-q1', 'simbolo-q2', 'simbolo-q3', 'simbolo-q4'];[0.0, 0.2, 0.0, 0.3];-1;-1;False;{'user_input': 'Is there any state in this automaton that has no outgoing arrows at all?', 'intent': 'fsa-practical', 'argument': 'state', 'dialogue_act': 'Ta:request', 'frame': {'stateWithNoTransitions': '?'}};[0.0, 0.2, 0.0, 0.3]
BaseLine;19;How many total states are included in this finite state machine?;This automaton has 5 states;['simbolo-q0', 'simbolo-q1', 'simbolo-q2', 'simbolo-q3', 'simbolo-q4'];[1.0, 1.0, 1.0, 1.0];-1;-1;False;{'user_input': 'How many total states are included in this finite state machine?', 'intent': 'fsa-practical', 'argument': 'state', 'dialogue_act': 'Ta:request', 'frame': {'numberOfStates': '?'}};[1.0, 1.0, 1.0, 1.0]
BaseLine;20;What pattern in the input bits is this automaton designed to recognize?;Could you be more specific?;[];[0.0, 0.1, 0.0, 1.0];-1;-1;False;{'user_input': 'What pattern in the input bits is this automaton designed to recognize?', 'intent': 'fsa-practical', 'argument': 'pattern', 'dialogue_act': 'Ta:request', 'frame': {'patternType': '?'}};[0.0, 0.1, 0.0, 1.0]
BaseLine;21;Can I jump straight from q2 to q4 in this picture?;there is no transition between q2 and q4.;[];[1.0, 1.0, 1.0, 1.0];-1;-1;False;{'user_input': 'Can I jump straight from q2 to q4 in this picture?', 'intent': 'fsa-practical', 'argument': 'transition', 'dialogue_act': 'Ta:request', 'frame': {'transitions': [['q2', 'q4', '?']]}};[1.0, 1.0, 1.0, 1.0]
BaseLine;22;What exactly is the arrow label between q1 and q2?;The transition between q1 and q2 is with value 1.;['simbolo-q1-q2'];[1.0, 1.0, 1.0, 1.0];-1;-1;False;{'user_input': 'What exactly is the arrow label between q1 and q2?', 'intent': 'fsa-practical', 'argument': 'transition', 'dialogue_act': 'Ta:request', 'frame': {'transitions': [['q1', 'q2', '?']]}};[1.0, 1.0, 1.0, 1.0]
BaseLine;23;Tell me which states here count as final.;The state q0 exists.;['simbolo-q0'];[1.0, 1.0, 1.0, 1.0];-1;-1;False;{'user_input': 'Tell me which states here count as final.', 'intent': 'fsa-practical', 'argument': 'state', 'dialogue_act': 'Ta:request', 'frame': {'states': '?'}};[1.0, 1.0, 1.0, 1.0]
BaseLine;24;From which state does this automaton start in the drawing?;The initial state is q0.;['simbolo-q0'];[1.0, 1.0, 1.0, 1.0];-1;-1;False;{'user_input': 'From which state does this automaton start in the drawing?', 'intent': 'fsa-practical', 'argument': 'state', 'dialogue_act': 'Ta:request', 'frame': {'initialState': '?'}};[1.0, 1.0, 1.0, 1.0]
BaseLine;25;Does this machine accept the input 11000?;Could you be more specific?;[];[0.0, 0.1, 0.0, 1.0];-1;-1;False;{'user_input': 'Does this machine accept the input 11000?', 'intent': 'fsa-practical', 'argument': 'language', 'dialogue_act': 'Ta:propositionalQuestion', 'frame': {'input': '11000'}};[0.0, 0.1, 0.0, 1.0]
BaseLine;26;How many transitions do you show overall in this diagram?;The automaton has 5 transitions: q0 with value 1 goes to q1, q1 with value 1 goes to q2, q2 with value 0 goes to q3, q3 with value 0 goes to q4, q4 with value 0 goes to q0.;['simbolo-q0-q1', 'simbolo-q1-q2', 'simbolo-q2-q3', 'simbolo-q3-q4', 'simbolo-q4-q0'];[1.0, 1.0, 1.0, 1.0];-1;-1;False;{'user_input': 'How many transitions do you show overall in this diagram?', 'intent': 'fsa-practical', 'argument': 'transition', 'dialogue_act': 'Ta:request', 'frame': {'numberOfTransitions': '?'}};[1.0, 1.0, 1.0, 1.0]
BaseLine;27;Is the alphabet of this automaton just 0 and 1?;Could you be more specific?;[];[0.0, 0.1, 0.0, 1.0];-1;-1;False;{'user_input': 'Is the alphabet of this automaton just 0 and 1?', 'intent': 'fsa-practical', 'argument': 'alphabet', 'dialogue_act': 'Ta:propositionalQuestion', 'frame': {'alphabet': ['0', '1']}};[0.0, 0.1, 0.0, 1.0]
BaseLine;28;What type of automaton is this, deterministic or not?;The automaton accepts zero or more words formed by a sequence of the type 11000. MUTATION In total there are 5 states: q3 and q4. q0 is both the initial and the final state. The transitions are: q0 with value 1 goes to q1, q1 with value 1 goes to q2, q2 with value 0 goes to q3, q3 with value 0 goes to q4, q4 with value 0 goes to q0.;[];[0.1, 0.4, 0.2, 1.0];-1;-1;True;{'user_input': 'What type of automaton is this, deterministic or not?', 'intent': 'fsa-practical', 'argument': 'automaton', 'dialogue_act': 'Ta:request', 'frame': {'input': 'type'}};[0.1, 0.4, 0.2, 1.0]
BaseLine;29;Describe the shape of the automaton’s layout on the screen.;The automaton accepts zero or more words formed by a sequence of the type 11000. MUTATION In total there are 5 states: q3 and q4. q0 is both the initial and the final state. The transitions are: q0 with value 1 goes to q1, q1 with value 1 goes to q2, q2 with value 0 goes to q3, q3 with value 0 goes to q4, q4 with value 0 goes to q0.;[];[0.2, 0.1, 0.2, 1.0];-1;-1;True;{'user_input': 'Describe the shape of the automaton’s layout on the screen.', 'intent': 'fsa-practical', 'argument': 'automaton', 'dialogue_act': 'Ta:request', 'frame': {'graphicRepresentation': '?'}};[0.2, 0.1, 0.2, 1.0]
BaseLine;30;Which state has the largest number of outgoing arrows here?;The automaton has 5 states: q0, q1, q2, q3 and q4.;['simbolo-q0', 'simbolo-q1', 'simbolo-q2', 'simbolo-q3', 'simbolo-q4'];[0.0, 0.2, 0.0, 0.9];-1;-1;False;{'user_input': 'Which state has the largest number of outgoing arrows here?', 'intent': 'fsa-practical', 'argument': 'state', 'dialogue_act': 'Ta:request', 'frame': {'stateWithMostTransitions': '?'}};[0.0, 0.2, 0.0, 0.9]
BaseLine;31;Is there any state in this automaton without transitions at all?;The state q0 exists.;['simbolo-q0'];[0.0, 0.2, 0.0, 0.2];-1;-1;False;{'user_input': 'Is there any state in this automaton without transitions at all?', 'intent': 'fsa-practical', 'argument': 'state', 'dialogue_act': 'Ta:request', 'frame': {'states': '?'}};[0.0, 0.2, 0.0, 0.2]
BaseLine;32;What kind of language does this automaton recognize in theory?;Could you be more specific?;[];[0.0, 0.1, 0.0, 1.0];-1;-1;False;{'user_input': 'What kind of language does this automaton recognize in theory?', 'intent': 'fsa-practical', 'argument': 'language', 'dialogue_act': 'Ta:request', 'frame': {'input': '?'}};[0.0, 0.1, 0.0, 1.0]
BaseLine;33;Give me one input string that this automaton would reject.;Could you be more specific?;[];[0.0, 0.1, 0.0, 1.0];-1;-1;False;{'user_input': 'Give me one input string that this automaton would reject.', 'intent': 'fsa-practical', 'argument': 'language', 'dialogue_act': 'Ta:request', 'frame': {'input': '?'}};[0.0, 0.1, 0.0, 1.0]
BaseLine;34;What is the name of the state that comes right after q0 on input 1?;The automaton has 5 states: q0, q1, q2, q3 and q4.;['simbolo-q0', 'simbolo-q1', 'simbolo-q2', 'simbolo-q3', 'simbolo-q4'];[0.0, 0.2, 0.2, 0.3];-1;-1;False;{'user_input': 'What is the name of the state that comes right after q0 on input 1?', 'intent': 'fsa-practical', 'argument': 'state', 'dialogue_act': 'Ta:request', 'frame': {'input': '1'}};[0.0, 0.2, 0.2, 0.3]
BaseLine;35;Does this automaton form a full cycle if I keep following 0s and 1s?;Could you be more specific?;[];[0.1, 0.1, 0.1, 1.0];-1;-1;False;{'user_input': 'Does this automaton form a full cycle if I keep following 0s and 1s?', 'intent': 'fsa-practical', 'argument': 'pattern', 'dialogue_act': 'Ta:request', 'frame': {'patternType': '0'}};[0.1, 0.1, 0.1, 1.0]
BaseLine;36;Can I jump straight from q2 to q4 in this machine?;there is no transition between q2 and q4.;[];[1.0, 1.0, 1.0, 1.0];-1;-1;False;{'user_input': 'Can I jump straight from q2 to q4 in this machine?', 'intent': 'fsa-practical', 'argument': 'transition', 'dialogue_act': 'Ta:request', 'frame': {'transitions': [['q2', 'q4', '?']]}};[1.0, 1.0, 1.0, 1.0]
BaseLine;37;What label sits on the arrow that goes out of q1?;the transition is not defined.;[];[0.0, 0.2, 0.0, 1.0];-1;-1;False;{'user_input': 'What label sits on the arrow that goes out of q1?', 'intent': 'fsa-practical', 'argument': 'transition', 'dialogue_act': 'Ta:request', 'frame': {'transitions': [['q1', '?', '?']]}};[0.0, 0.2, 0.0, 1.0]
BaseLine;38;Tell me which state this automaton starts in.;The initial state is q0.;['simbolo-q0'];[1.0, 1.0, 1.0, 1.0];-1;-1;False;{'user_input': 'Tell me which state this automaton starts in.', 'intent': 'fsa-practical', 'argument': 'state', 'dialogue_act': 'Ta:request', 'frame': {'initialState': '?'}};[1.0, 1.0, 1.0, 1.0]
BaseLine;39;Show me every state that counts as accepting here.;The state q0 exists.;['simbolo-q0'];[1.0, 1.0, 1.0, 1.0];-1;-1;False;{'user_input': 'Show me every state that counts as accepting here.', 'intent': 'fsa-practical', 'argument': 'state', 'dialogue_act': 'Ta:request', 'frame': {'states': '?'}};[1.0, 1.0, 1.0, 1.0]
BaseLine;40;How many arrows in total leave all the states in this picture?;The automaton has 5 transitions: q0 with value 1 goes to q1, q1 with value 1 goes to q2, q2 with value 0 goes to q3, q3 with value 0 goes to q4, q4 with value 0 goes to q0.;['simbolo-q0-q1', 'simbolo-q1-q2', 'simbolo-q2-q3', 'simbolo-q3-q4', 'simbolo-q4-q0'];[1.0, 1.0, 1.0, 1.0];-1;-1;False;{'user_input': 'How many arrows in total leave all the states in this picture?', 'intent': 'fsa-practical', 'argument': 'transition', 'dialogue_act': 'Ta:request', 'frame': {'numberOfTransitions': '?'}};[1.0, 1.0, 1.0, 1.0]
BaseLine;41;What symbols make up the input alphabet for this automaton?;Could you be more specific?;[];[0.0, 0.1, 0.0, 1.0];-1;-1;False;{'user_input': 'What symbols make up the input alphabet for this automaton?', 'intent': 'fsa-practical', 'argument': 'alphabet', 'dialogue_act': 'Ta:request', 'frame': {'alphabet': '?'}};[0.0, 0.1, 0.0, 1.0]
BaseLine;42;Is this supposed to be a deterministic automaton or not?;The automaton accepts zero or more words formed by a sequence of the type 11000. MUTATION In total there are 5 states: q3 and q4. q0 is both the initial and the final state. The transitions are: q0 with value 1 goes to q1, q1 with value 1 goes to q2, q2 with value 0 goes to q3, q3 with value 0 goes to q4, q4 with value 0 goes to q0.;[];[0.1, 0.2, 0.2, 0.9];-1;-1;True;{'user_input': 'Is this supposed to be a deterministic automaton or not?', 'intent': 'fsa-practical', 'argument': 'automaton', 'dialogue_act': 'Ta:propositionalQuestion', 'frame': {'i': 'a', 'n': 'u', 'p': 't', 'u': 'o', 't': 'm'}};[0.1, 0.2, 0.2, 0.9]
BaseLine;43;Give me the full list of states that appear in the diagram.;The state q0 exists.;['simbolo-q0'];[0.2, 0.4, 0.2, 0.9];-1;-1;False;{'user_input': 'Give me the full list of states that appear in the diagram.', 'intent': 'fsa-practical', 'argument': 'state', 'dialogue_act': 'Ta:request', 'frame': {'states': '?'}};[0.2, 0.4, 0.2, 0.9]
BaseLine;44;Which state do we end in after processing the input 11000 from q0?;The automaton has 5 states: q0, q1, q2, q3 and q4.;['simbolo-q0', 'simbolo-q1', 'simbolo-q2', 'simbolo-q3', 'simbolo-q4'];[0.1, 0.3, 0.2, 0.2];-1;-1;False;{'user_input': 'Which state do we end in after processing the input 11000 from q0?', 'intent': 'fsa-practical', 'argument': 'state', 'dialogue_act': 'Ta:request', 'frame': {'stateFinal': 'q0'}};[0.1, 0.3, 0.2, 0.2]
BaseLine;45;Does this automaton accept any string at all that starts with 0?;Could you be more specific?;[];[0.0, 0.1, 0.0, 1.0];-1;-1;False;{'user_input': 'Does this automaton accept any string at all that starts with 0?', 'intent': 'fsa-practical', 'argument': 'language', 'dialogue_act': 'Ta:request', 'frame': {'input': '0'}};[0.0, 0.1, 0.0, 1.0]
BaseLine;46;What kind of language does this machine recognize in theory?;Could you be more specific?;[];[0.0, 0.1, 0.0, 1.0];-1;-1;False;{'user_input': 'What kind of language does this machine recognize in theory?', 'intent': 'fsa-practical', 'argument': 'language', 'dialogue_act': 'Ta:request', 'frame': {'input': 'theory'}};[0.0, 0.1, 0.0, 1.0]
BaseLine;47;Point out the state that has the highest number of outgoing transitions.;The state q0 exists.;['simbolo-q0'];[0.0, 0.2, 0.0, 0.2];-1;-1;False;{'user_input': 'Point out the state that has the highest number of outgoing transitions.', 'intent': 'fsa-practical', 'argument': 'state', 'dialogue_act': 'Ta:request', 'frame': {'states': '?'}};[0.0, 0.2, 0.0, 0.2]
BaseLine;48;Is there any state in this diagram that has no transitions at all?;The state q0 exists.;['simbolo-q0'];[0.0, 0.1, 0.0, 0.2];-1;-1;False;{'user_input': 'Is there any state in this diagram that has no transitions at all?', 'intent': 'fsa-practical', 'argument': 'state', 'dialogue_act': 'Ta:request', 'frame': {'states': '?'}};[0.0, 0.1, 0.0, 0.2]
BaseLine;49;Describe the overall geometric shape formed by the states in the picture.;The automaton accepts zero or more words formed by a sequence of the type 11000. MUTATION In total there are 5 states: q3 and q4. q0 is both the initial and the final state. The transitions are: q0 with value 1 goes to q1, q1 with value 1 goes to q2, q2 with value 0 goes to q3, q3 with value 0 goes to q4, q4 with value 0 goes to q0.;[];[0.0, 0.1, 0.0, 1.0];-1;-1;True;{'user_input': 'Describe the overall geometric shape formed by the states in the picture.', 'intent': 'fsa-practical', 'argument': None, 'dialogue_act': 'Ta:request', 'frame': {'geometry': '?'}};[0.0, 0.1, 0.0, 1.0]
BaseLine;50;Tell me whether the string 11100 gets accepted or rejected by this automaton.;Could you be more specific?;[];[0.0, 0.1, 0.0, 1.0];-1;-1;False;{'user_input': 'Tell me whether the string 11100 gets accepted or rejected by this automaton.', 'intent': 'fsa-practical', 'argument': 'language', 'dialogue_act': 'Ta:request', 'frame': {'input': '11100'}};[0.0, 0.1, 0.0, 1.0]
BaseLine;51;Does this machine ever leave q0 for an input of 0?;there is no transition between q0 and q0.;[];[0.1, 0.4, 0.1, 1.0];-1;-1;False;{'user_input': 'Does this machine ever leave q0 for an input of 0?', 'intent': 'fsa-practical', 'argument': 'transition', 'dialogue_act': 'Ta:propositionalQuestion', 'frame': {'transitions': [['q0', 'q0', 'input:0']]}};[0.1, 0.4, 0.1, 1.0]
BaseLine;52;From q2, can I end up in q4 by following the arrows?;there is no transition between q2 and q4.;[];[0.2, 0.5, 0.2, 1.0];-1;-1;False;{'user_input': 'From q2, can I end up in q4 by following the arrows?', 'intent': 'fsa-practical', 'argument': 'transition', 'dialogue_act': 'Ta:propositionalQuestion', 'frame': {'transitions': [['q2', 'q4', '?']]}};[0.2, 0.5, 0.2, 1.0]
BaseLine;53;Tell me the symbol on the transition between q1 and q2.;The transition between q1 and q2 is with value 1.;['simbolo-q1-q2'];[1.0, 1.0, 1.0, 1.0];-1;-1;False;{'user_input': 'Tell me the symbol on the transition between q1 and q2.', 'intent': 'fsa-practical', 'argument': 'transition', 'dialogue_act': 'Ta:request', 'frame': {'transitions': [['q1', 'q2', '?']]}};[1.0, 1.0, 1.0, 1.0]
BaseLine;54;Show me which states are final in this automaton.;The state q0 exists.;['simbolo-q0'];[0.9, 0.9, 1.0, 1.0];-1;-1;False;{'user_input': 'Show me which states are final in this automaton.', 'intent': 'fsa-practical', 'argument': 'state', 'dialogue_act': 'Ta:request', 'frame': {'states': '?'}};[0.9, 0.9, 1.0, 1.0]
BaseLine;55;Name the state where the run always starts.;The initial state is q0.;['simbolo-q0'];[1.0, 1.0, 1.0, 1.0];-1;-1;False;{'user_input': 'Name the state where the run always starts.', 'intent': 'fsa-practical', 'argument': 'state', 'dialogue_act': 'Ta:request', 'frame': {'initialState': '?'}};[1.0, 1.0, 1.0, 1.0]
BaseLine;56;How many transitions does the picture’s automaton include?;The automaton has 5 transitions: q0 with value 1 goes to q1, q1 with value 1 goes to q2, q2 with value 0 goes to q3, q3 with value 0 goes to q4, q4 with value 0 goes to q0.;['simbolo-q0-q1', 'simbolo-q1-q2', 'simbolo-q2-q3', 'simbolo-q3-q4', 'simbolo-q4-q0'];[1.0, 1.0, 1.0, 1.0];-1;-1;False;{'user_input': 'How many transitions does the picture’s automaton include?', 'intent': 'fsa-practical', 'argument': 'transition', 'dialogue_act': 'Ta:request', 'frame': {'numberOfTransitions': '?'}};[1.0, 1.0, 1.0, 1.0]
BaseLine;57;List every state that appears in this diagram.;The state q0 exists.;['simbolo-q0'];[0.2, 0.4, 0.2, 0.9];-1;-1;False;{'user_input': 'List every state that appears in this diagram.', 'intent': 'fsa-practical', 'argument': 'state', 'dialogue_act': 'Ta:request', 'frame': {'states': '?'}};[0.2, 0.4, 0.2, 0.9]
BaseLine;58;What kind of automaton is this, deterministic or not?;The automaton accepts zero or more words formed by a sequence of the type 11000. MUTATION In total there are 5 states: q3 and q4. q0 is both the initial and the final state. The transitions are: q0 with value 1 goes to q1, q1 with value 1 goes to q2, q2 with value 0 goes to q3, q3 with value 0 goes to q4, q4 with value 0 goes to q0.;[];[0.1, 0.4, 0.2, 1.0];-1;-1;True;{'user_input': 'What kind of automaton is this, deterministic or not?', 'intent': 'fsa-practical', 'argument': 'automaton', 'dialogue_act': 'Ta:request', 'frame': {'input': 'automatonType'}};[0.1, 0.4, 0.2, 1.0]
BaseLine;59;Tell me the alphabet that this machine works over.;Could you be more specific?;[];[0.0, 0.1, 0.0, 1.0];-1;-1;False;{'user_input': 'Tell me the alphabet that this machine works over.', 'intent': 'fsa-practical', 'argument': 'alphabet', 'dialogue_act': 'Ta:request', 'frame': {'alphabet': '?'}};[0.0, 0.1, 0.0, 1.0]
BaseLine;60;What output does the automaton give after reading 11000?;The automaton has 5 states: q0, q1, q2, q3 and q4.;['simbolo-q0', 'simbolo-q1', 'simbolo-q2', 'simbolo-q3', 'simbolo-q4'];[0.1, 0.2, 0.2, 0.9];-1;-1;False;{'user_input': 'What output does the automaton give after reading 11000?', 'intent': 'fsa-practical', 'argument': 'state', 'dialogue_act': 'Ta:request', 'frame': {'output': '?'}};[0.1, 0.2, 0.2, 0.9]
BaseLine;61;Is the language of this automaton regular or something else?;Could you be more specific?;[];[0.0, 0.1, 0.0, 1.0];-1;-1;False;{'user_input': 'Is the language of this automaton regular or something else?', 'intent': 'fsa-practical', 'argument': 'language', 'dialogue_act': 'Ta:request', 'frame': {'input': '?'}};[0.0, 0.1, 0.0, 1.0]
BaseLine;62;Which state in the drawing has the largest number of transitions?;The state q0 exists.;['simbolo-q0'];[0.0, 0.1, 0.0, 0.2];-1;-1;False;{'user_input': 'Which state in the drawing has the largest number of transitions?', 'intent': 'fsa-practical', 'argument': 'state', 'dialogue_act': 'Ta:request', 'frame': {'states': '?'}};[0.0, 0.1, 0.0, 0.2]
BaseLine;63;Point out any state in the picture that has no outgoing transition.;The state q0 exists.;['simbolo-q0'];[0.0, 0.2, 0.0, 0.2];-1;-1;False;{'user_input': 'Point out any state in the picture that has no outgoing transition.', 'intent': 'fsa-practical', 'argument': 'state', 'dialogue_act': 'Ta:request', 'frame': {'states': '?'}};[0.0, 0.2, 0.0, 0.2]
BaseLine;64;What input sends the automaton from q0 back to q0 using exactly five moves?;Could you be more specific?;[];[0.0, 0.1, 0.0, 1.0];-1;-1;False;{'user_input': 'What input sends the automaton from q0 back to q0 using exactly five moves?', 'intent': 'fsa-practical', 'argument': 'pattern', 'dialogue_act': 'Ta:request', 'frame': {'patternLength': '5'}};[0.0, 0.1, 0.0, 1.0]
BaseLine;65;Describe the overall shape of the automaton’s graphical layout.;The automaton accepts zero or more words formed by a sequence of the type 11000. MUTATION In total there are 5 states: q3 and q4. q0 is both the initial and the final state. The transitions are: q0 with value 1 goes to q1, q1 with value 1 goes to q2, q2 with value 0 goes to q3, q3 with value 0 goes to q4, q4 with value 0 goes to q0.;[];[0.1, 0.2, 0.2, 1.0];-1;-1;True;{'user_input': 'Describe the overall shape of the automaton’s graphical layout.', 'intent': 'fsa-practical', 'argument': None, 'dialogue_act': 'Ta:request', 'frame': {'graphicLayout': '?'}};[0.1, 0.2, 0.2, 1.0]
BaseLine;-5;How many arrows in total does this whole automaton draw?;The automaton accepts zero or more words formed by a sequence of the type 11000. MUTATION In total there are 5 states: q3 and q4. q0 is both the initial and the final state. The transitions are: q0 with value 1 goes to q1, q1 with value 1 goes to q2, q2 with value 0 goes to q3, q3 with value 0 goes to q4, q4 with value 0 goes to q0.;[];[0.1, 0.2, 0.1, 1.0];-1;-1;True;{'user_input': 'How many arrows in total does this whole automaton draw?', 'intent': 'fsa-practical', 'argument': None, 'dialogue_act': 'Ta:request', 'frame': {'totalNumberOfTransitions': '?'}};[0.1, 0.2, 0.1, 1.0]
BaseLine;-4;Does this machine use any symbol other than 0 and 1?;Could you be more specific?;[];[0.0, 0.1, 0.0, 1.0];-1;-1;False;{'user_input': 'Does this machine use any symbol other than 0 and 1?', 'intent': 'fsa-practical', 'argument': 'pattern', 'dialogue_act': 'Ta:request', 'frame': {'patternType': '?'}};[0.0, 0.1, 0.0, 1.0]
BaseLine;-3;Is this automaton deterministic or something else?;The automaton accepts zero or more words formed by a sequence of the type 11000. MUTATION In total there are 5 states: q3 and q4. q0 is both the initial and the final state. The transitions are: q0 with value 1 goes to q1, q1 with value 1 goes to q2, q2 with value 0 goes to q3, q3 with value 0 goes to q4, q4 with value 0 goes to q0.;[];[0.0, 0.2, 0.0, 1.0];-1;-1;True;{'user_input': 'Is this automaton deterministic or something else?', 'intent': 'fsa-practical', 'argument': 'automaton', 'dialogue_act': 'Ta:request', 'frame': {'automatonType': '?'}};[0.0, 0.2, 0.0, 1.0]
BaseLine;-2;From q3, what single input sends me to the next state?;the transition is not defined.;[];[0.0, 0.2, 0.0, 1.0];-1;-1;False;{'user_input': 'From q3, what single input sends me to the next state?', 'intent': 'fsa-practical', 'argument': 'transition', 'dialogue_act': 'Ta:request', 'frame': {'transitions': [['q3', '?', '?']]}};[0.0, 0.2, 0.0, 1.0]
BaseLine;-1;Name all the states that appear in this diagram.;The state q0 exists.;['simbolo-q0'];[0.2, 0.3, 0.2, 0.8];-1;-1;False;{'user_input': 'Name all the states that appear in this diagram.', 'intent': 'fsa-practical', 'argument': 'state', 'dialogue_act': 'Ta:request', 'frame': {'states': '?'}};[0.2, 0.3, 0.2, 0.8]
BaseLine;0;What output does the automaton give for the input 11000?;Could you be more specific?;[];[0.0, 0.1, 0.0, 1.0];-1;-1;False;{'user_input': 'What output does the automaton give for the input 11000?', 'intent': 'fsa-practical', 'argument': 'language', 'dialogue_act': 'Ta:request', 'frame': {'input': '11000'}};[0.0, 0.1, 0.0, 1.0]
BaseLine;1;Which state has the largest number of arrows touching it?;The automaton has 5 states: q0, q1, q2, q3 and q4.;['simbolo-q0', 'simbolo-q1', 'simbolo-q2', 'simbolo-q3', 'simbolo-q4'];[0.0, 0.2, 0.0, 0.9];-1;-1;False;{'user_input': 'Which state has the largest number of arrows touching it?', 'intent': 'fsa-practical', 'argument': 'state', 'dialogue_act': 'Ta:request', 'frame': {'stateWithMostTransitions': '?'}};[0.0, 0.2, 0.0, 0.9]
BaseLine;2;Is there any state here that has no outgoing arrows at all?;The state q0 exists.;['simbolo-q0'];[0.0, 0.2, 0.0, 0.1];-1;-1;False;{'user_input': 'Is there any state here that has no outgoing arrows at all?', 'intent': 'fsa-practical', 'argument': 'state', 'dialogue_act': 'Ta:request', 'frame': {'states': '?'}};[0.0, 0.2, 0.0, 0.1]
BaseLine;3;What kind of language does this automaton recognize in theory?;Could you be more specific?;[];[0.0, 0.1, 0.0, 1.0];-1;-1;False;{'user_input': 'What kind of language does this automaton recognize in theory?', 'intent': 'fsa-practical', 'argument': 'language', 'dialogue_act': 'Ta:request', 'frame': {'input': 'theory'}};[0.0, 0.1, 0.0, 1.0]
BaseLine;4;Describe the overall shape of the picture of the automaton.;The automaton accepts zero or more words formed by a sequence of the type 11000. MUTATION In total there are 5 states: q3 and q4. q0 is both the initial and the final state. The transitions are: q0 with value 1 goes to q1, q1 with value 1 goes to q2, q2 with value 0 goes to q3, q3 with value 0 goes to q4, q4 with value 0 goes to q0.;[];[0.2, 0.3, 0.3, 1.0];-1;-1;True;{'user_input': 'Describe the overall shape of the picture of the automaton.', 'intent': 'fsa-practical', 'argument': None, 'dialogue_act': 'Ta:request', 'frame': {'shape': '?'}};[0.2, 0.3, 0.3, 1.0]
BaseLine;5;What exact transition do I follow when I read 0 from q4?;the transition is not defined.;[];[0.0, 0.9, 0.0, 1.0];-1;-1;False;{'user_input': 'What exact transition do I follow when I read 0 from q4?', 'intent': 'fsa-practical', 'argument': 'transition', 'dialogue_act': 'Ta:request', 'frame': {'transitions': [['q4', '?', '0']]}};[0.0, 0.9, 0.0, 1.0]
BaseLine;6;Can I reach q4 starting from q2 somehow in this automaton?;The automaton accepts zero or more words formed by a sequence of the type 11000. MUTATION In total there are 5 states: q3 and q4. q0 is both the initial and the final state. The transitions are: q0 with value 1 goes to q1, q1 with value 1 goes to q2, q2 with value 0 goes to q3, q3 with value 0 goes to q4, q4 with value 0 goes to q0.;[];[0.2, 0.3, 0.3, 1.0];-1;-1;True;{'user_input': 'Can I reach q4 starting from q2 somehow in this automaton?', 'intent': 'fsa-practical', 'argument': None, 'dialogue_act': 'Ta:request', 'frame': {'pathExist': '?'}};[0.2, 0.3, 0.3, 1.0]
BaseLine;7;What label is on the arrow that goes from q1 to q2?;The transition between q1 and q2 is with value 1.;['simbolo-q1-q2'];[1.0, 1.0, 1.0, 1.0];-1;-1;False;{'user_input': 'What label is on the arrow that goes from q1 to q2?', 'intent': 'fsa-practical', 'argument': 'transition', 'dialogue_act': 'Ta:request', 'frame': {'transitions': [['q1', 'q2', '?']]}};[1.0, 1.0, 1.0, 1.0]
BaseLine;8;Tell me which state is the starting point of this machine.;The automaton has 5 states: q0, q1, q2, q3 and q4.;['simbolo-q0', 'simbolo-q1', 'simbolo-q2', 'simbolo-q3', 'simbolo-q4'];[0.0, 0.3, 0.2, 0.4];-1;-1;False;{'user_input': 'Tell me which state is the starting point of this machine.', 'intent': 'fsa-practical', 'argument': 'state', 'dialogue_act': 'Ta:request', 'frame': {'state': '?'}};[0.0, 0.3, 0.2, 0.4]
