METRIC;ITERATION;QUESTION;ANSWER;VISUAL_ANSWER;JUDGE_VALUE;FAILS;MUTED;NLU_OUTPUT;METRIC_SCORES
Accuracy;1;Is it possible to go from q2 to q4 in this automaton?;There is no transition between q2 and q4.;[];0.9;0;False;{'user_input': 'Is it possible to go from q2 to q4 in this automaton?', 'intent': 'fsa-practical', 'argument': 'transition', 'dialogue_act': 'Ta:propositionalQuestion', 'frame': {'transitions': [['q2', 'q4', '?']]}};[0.9, 0.9, 0.9, 1.0]
Accuracy;1;What is the symbol on the transition from state q2 to state q4?;There is no transition between q2 and q4.;[];1.0;0;False;{'user_input': 'What is the symbol on the transition from state q2 to state q4?', 'intent': 'fsa-practical', 'argument': 'transition', 'dialogue_act': 'Ta:request', 'frame': {'transitions': [['q2', 'q4', '?']]}};[1.0, 1.0, 1.0, 1.0]
Accuracy;1;What is the transition from state q2 to state q4?;There is no transition between q2 and q4.;[];1.0;0;False;{'user_input': 'What is the transition from state q2 to state q4?', 'intent': 'fsa-practical', 'argument': 'transition', 'dialogue_act': 'Ta:request', 'frame': {'transitions': [['q2', 'q4', '?']]}};[1.0, 1.0, 1.0, 1.0]
Accuracy;1;What is the label of the transition from state q2 to state q4?;There is no transition between q2 and q4.;[];1.0;0;False;{'user_input': 'What is the label of the transition from state q2 to state q4?', 'intent': 'fsa-practical', 'argument': 'transition', 'dialogue_act': 'Ta:request', 'frame': {'transitions': [['q2', 'q4', '?']]}};[1.0, 1.0, 1.0, 1.0]
Accuracy;1;hi! could you tell me what the transition from this to that is?;There is no transition between q2 and q4.;[];1.0;0;False;{'user_input': 'hi! could you tell me what the transition from this to that is?', 'intent': 'fsa-practical', 'argument': 'transition', 'dialogue_act': 'Ta:request', 'frame': {'states': ['q2', 'q4']}, '_raw_frame': {'transitions': []}};[1.0, 0.95, 1.0, 0.9]
Accuracy;1;What is the label of the transition that goes from state q2 to state q4?;There is no transition between q2 and q4.;[];1.0;0;False;{'user_input': 'What is the label of the transition that goes from state q2 to state q4?', 'intent': 'fsa-practical', 'argument': 'transition', 'dialogue_act': 'Ta:request', 'frame': {'transitions': [['q2', 'q4', '?']]}};[1.0, 1.0, 1.0, 1.0]
Accuracy;2;What is the value of the transition from q1 to q2?;The transition between q1 and q2 is with value 1.;['simbolo-q1-q2'];1.0;0;False;{'user_input': 'What is the value of the transition from q1 to q2?', 'intent': 'fsa-practical', 'argument': 'transition', 'dialogue_act': 'Ta:request', 'frame': {'transitions': [['q1', 'q2', '?']]}};[1.0, 1.0, 1.0, 1.0]
Accuracy;2;What is the label of the transition from q1 to q2?;The transition between q1 and q2 is with value 1.;['simbolo-q1-q2'];1.0;0;False;{'user_input': 'What is the label of the transition from q1 to q2?', 'intent': 'fsa-practical', 'argument': 'transition', 'dialogue_act': 'Ta:request', 'frame': {'transitions': [['q1', 'q2', '?']]}};[1.0, 1.0, 1.0, 1.0]
Accuracy;2;What is the label of the transition from state q1 to state q2?;The transition between q1 and q2 is with value 1.;['simbolo-q1-q2'];1.0;0;False;{'user_input': 'What is the label of the transition from state q1 to state q2?', 'intent': 'fsa-practical', 'argument': 'transition', 'dialogue_act': 'Ta:request', 'frame': {'transitions': [['q1', 'q2', '?']]}};[1.0, 1.0, 1.0, 1.0]
Accuracy;2;what is the value of this?;Could you be more specific?;[];0.2;1;False;{'user_input': 'what is the value of this?', 'intent': 'fsa-practical', 'argument': 'language', 'dialogue_act': 'Ta:request', 'frame': {'transitions': [['q1', 'q2', '?']]}, '_raw_frame': {'input': '?'}};[0.2, 0.3, 0.2, 1.0]
Accuracy;2;Which states of this automaton have no transitions?;MUTATION The automaton accepts zero or more words formed by a sequence of the type 11000. In total there are 5 states: q0, q1, q2, q3 and q4. q0 is both the initial and the final state. The transitions are: q0 with value 1 goes to q1, q1 with value 1 goes to q2, q2 with value 0 goes to q3, q3 with value 0 goes to q4, q4 with value 0 goes to q0.;[];0.1;2;True;{'user_input': 'Which states of this automaton have no transitions?', 'intent': 'fsa-practical', 'argument': 'state', 'dialogue_act': 'Ta:request', 'frame': {'states': '?'}};[0.1, 0.2, 0.1, 1.0]
Accuracy;2;what are the states of this automaton?;MUTATION The automaton accepts zero or more words formed by a sequence of the type 11000. In total there are 5 states: q0, q1, q2, q3 and q4. q0 is both the initial and the final state. The transitions are: q0 with value 1 goes to q1, q1 with value 1 goes to q2, q2 with value 0 goes to q3, q3 with value 0 goes to q4, q4 with value 0 goes to q0.;[];0.95;2;True;{'user_input': 'what are the states of this automaton?', 'intent': 'fsa-practical', 'argument': 'state', 'dialogue_act': 'Ta:request', 'frame': {'states': '?'}};[0.95, 0.9, 1.0, 1.0]
Accuracy;2;How many states are there in this automaton?;This automaton has 5 states.;['simbolo-q0', 'simbolo-q1', 'simbolo-q2', 'simbolo-q3', 'simbolo-q4'];1.0;2;False;{'user_input': 'How many states are there in this automaton?', 'intent': 'fsa-practical', 'argument': 'state', 'dialogue_act': 'Ta:request', 'frame': {'numberOfStates': '?'}};[1.0, 1.0, 1.0, 1.0]
Accuracy;2;What are the transitions of this automaton?;The automaton has 5 transitions: q0 with value 1 goes to q1, q1 with value 1 goes to q2, q2 with value 0 goes to q3, q3 with value 0 goes to q4, q4 with value 0 goes to q0.;['simbolo-q0-q1', 'simbolo-q1-q2', 'simbolo-q2-q3', 'simbolo-q3-q4', 'simbolo-q4-q0'];1.0;2;False;{'user_input': 'What are the transitions of this automaton?', 'intent': 'fsa-practical', 'argument': 'transition', 'dialogue_act': 'Ta:request', 'frame': {}};[1.0, 1.0, 1.0, 1.0]
Accuracy;2;Can you list all the states of this automaton for me?;MUTATION The automaton accepts zero or more words formed by a sequence of the type 11000. In total there are 5 states: q0, q1, q2, q3 and q4. q0 is both the initial and the final state. The transitions are: q0 with value 1 goes to q1, q1 with value 1 goes to q2, q2 with value 0 goes to q3, q3 with value 0 goes to q4, q4 with value 0 goes to q0.;[];1.0;2;True;{'user_input': 'Can you list all the states of this automaton for me?', 'intent': 'fsa-practical', 'argument': 'state', 'dialogue_act': 'Ta:request', 'frame': {'states': '?'}};[1.0, 0.95, 1.0, 1.0]
Accuracy;2;How many states are there in this automaton?;This automaton has 5 states.;['simbolo-q0', 'simbolo-q1', 'simbolo-q2', 'simbolo-q3', 'simbolo-q4'];1.0;2;False;{'user_input': 'How many states are there in this automaton?', 'intent': 'fsa-practical', 'argument': 'state', 'dialogue_act': 'Ta:request', 'frame': {'numberOfStates': '?'}};[1.0, 1.0, 1.0, 1.0]
Accuracy;3;Does this automaton accept the input string 11000?;Could you be more specific?;[];0.0;1;False;{'user_input': 'Does this automaton accept the input string 11000?', 'intent': 'fsa-practical', 'argument': 'language', 'dialogue_act': 'Ta:propositionalQuestion', 'frame': {'input': '11000'}};[0.0, 0.1, 0.0, 1.0]
Accuracy;3;on which state does the automaton end after processing the input 11000?;MUTATION The automaton accepts zero or more words formed by a sequence of the type 11000. In total there are 5 states: q0, q1, q2, q3 and q4. q0 is both the initial and the final state. The transitions are: q0 with value 1 goes to q1, q1 with value 1 goes to q2, q2 with value 0 goes to q3, q3 with value 0 goes to q4, q4 with value 0 goes to q0.;[];0.2;2;True;{'user_input': 'on which state does the automaton end after processing the input 11000?', 'intent': 'fsa-practical', 'argument': 'state', 'dialogue_act': 'Ta:request', 'frame': {'state': '?'}};[0.2, 0.5, 0.3, 1.0]
Accuracy;3;Thanks! Could you please tell me what language this automaton recognizes for the input 11000?;Could you be more specific?;[];0.0;3;False;{'user_input': 'Thanks! Could you please tell me what language this automaton recognizes for the input 11000?', 'intent': 'fsa-practical', 'argument': 'language', 'dialogue_act': 'Ta:propositionalQuestion', 'frame': {'input': '11000'}};[0.0, 0.1, 0.0, 1.0]
Accuracy;3;What is the language accepted by this automaton for the input 11000?;Could you be more specific?;[];0.0;4;False;{'user_input': 'What is the language accepted by this automaton for the input 11000?', 'intent': 'fsa-practical', 'argument': 'language', 'dialogue_act': 'Ta:request', 'frame': {'input': '11000'}};[0.0, 0.1, 0.0, 1.0]
Accuracy;3;can you tell me what happens in this automaton when the input string is 11000?;The automaton has 5 states and 5 transitions.;[];0.1;5;False;{'user_input': 'can you tell me what happens in this automaton when the input string is 11000?', 'intent': 'fsa-practical', 'argument': 'automaton', 'dialogue_act': 'Ta:request', 'frame': {'input': '11000'}};[0.1, 0.2, 0.1, 0.9]
Accuracy;3;for the automaton shown, can you tell me what happens on the transitions when the input string is 11000?;The automaton has 5 transitions: q0 with value 1 goes to q1, q1 with value 1 goes to q2, q2 with value 0 goes to q3, q3 with value 0 goes to q4, q4 with value 0 goes to q0.;['simbolo-q0-q1', 'simbolo-q1-q2', 'simbolo-q2-q3', 'simbolo-q3-q4', 'simbolo-q4-q0'];0.9;5;False;{'user_input': 'for the automaton shown, can you tell me what happens on the transitions when the input string is 11000?', 'intent': 'fsa-practical', 'argument': 'transition', 'dialogue_act': 'Ta:request', 'frame': {'input': '11000'}};[0.9, 0.9, 1.0, 1.0]
Accuracy;3;What is the transition sequence followed by the automaton when the input is 11000?;The automaton has 5 transitions: q0 with value 1 goes to q1, q1 with value 1 goes to q2, q2 with value 0 goes to q3, q3 with value 0 goes to q4, q4 with value 0 goes to q0.;['simbolo-q0-q1', 'simbolo-q1-q2', 'simbolo-q2-q3', 'simbolo-q3-q4', 'simbolo-q4-q0'];1.0;5;False;{'user_input': 'What is the transition sequence followed by the automaton when the input is 11000?', 'intent': 'fsa-practical', 'argument': 'transition', 'dialogue_act': 'Ta:request', 'frame': {'input': '11000'}};[1.0, 1.0, 1.0, 1.0]
Accuracy;3;What is the language accepted by this automaton for the input 11000?;Could you be more specific?;[];0.0;6;False;{'user_input': 'What is the language accepted by this automaton for the input 11000?', 'intent': 'fsa-practical', 'argument': 'language', 'dialogue_act': 'Ta:request', 'frame': {'input': '11000'}};[0.0, 0.1, 0.0, 1.0]
Accuracy;3;Thanks! For this automaton, could you tell me what language is recognized when the input is 11000?;Could you be more specific?;[];0.0;7;False;{'user_input': 'Thanks! For this automaton, could you tell me what language is recognized when the input is 11000?', 'intent': 'fsa-practical', 'argument': 'language', 'dialogue_act': 'Ta:request', 'frame': {'input': '11000'}};[0.0, 0.1, 0.0, 1.0]
Accuracy;3;What is the language recognized when the automaton ends in state q4?;Could you be more specific?;[];0.0;8;False;{'user_input': 'What is the language recognized when the automaton ends in state q4?', 'intent': 'fsa-practical', 'argument': 'language', 'dialogue_act': 'Ta:request', 'frame': {'finalStates': 'q4'}};[0.0, 0.1, 0.0, 1.0]
Accuracy;3;what is this of this automaton?;The automaton has 5 states and 5 transitions.;[];0.2;9;False;{'user_input': 'what is this of this automaton?', 'intent': 'fsa-practical', 'argument': 'automaton', 'dialogue_act': 'Ta:request', 'frame': {'states': ['q4']}, '_raw_frame': {}};[0.2, 0.3, 0.2, 1.0]
Accuracy;3;what is the language accepted by this automaton if q4 is the only final state?;Could you be more specific?;[];0.0;10;False;{'user_input': 'what is the language accepted by this automaton if q4 is the only final state?', 'intent': 'fsa-practical', 'argument': 'language', 'dialogue_act': 'Ta:request', 'frame': {'finalStates': 'q4'}};[0.0, 0.1, 0.0, 1.0]
Accuracy;3;which transition leads to this in this automaton?;The state q4 exists.;['simbolo-q4'];0.0;11;False;{'user_input': 'which transition leads to this in this automaton?', 'intent': 'fsa-practical', 'argument': 'transition', 'dialogue_act': 'Ta:request', 'frame': {'states': ['q4']}, '_raw_frame': {'transitions': []}};[0.0, 0.1, 0.0, 0.2]
Accuracy;3;Thank you for explaining the transition that leads to state q4 in this automaton.;MUTATION The automaton accepts zero or more words formed by a sequence of the type 11000. In total there are 5 states: q0, q1, q2, q3 and q4. q0 is both the initial and the final state. The transitions are: q0 with value 1 goes to q1, q1 with value 1 goes to q2, q2 with value 0 goes to q3, q3 with value 0 goes to q4, q4 with value 0 goes to q0.;[];0.9;11;True;{'user_input': 'Thank you for explaining the transition that leads to state q4 in this automaton.', 'intent': 'fsa-practical', 'argument': 'state', 'dialogue_act': 'Ta:propositionalQuestion', 'frame': {'state': 'q4'}};[0.9, 0.8, 1.0, 1.0]
Accuracy;3;which transitions start from this in this automaton?;The state q4 exists.;['simbolo-q4'];0.0;12;False;{'user_input': 'which transitions start from this in this automaton?', 'intent': 'fsa-practical', 'argument': 'transition', 'dialogue_act': 'Ta:request', 'frame': {'states': ['q4']}, '_raw_frame': {'transitions': []}};[0.0, 0.1, 0.0, 0.2]
Accuracy;4;How can I know if an automaton is deterministic just by looking at its diagram?;The automaton has 5 states and 5 transitions.;[];0.0;1;False;{'user_input': 'How can I know if an automaton is deterministic just by looking at its diagram?', 'intent': 'fsa-practical', 'argument': 'automaton', 'dialogue_act': 'Ta:propositionalQuestion', 'frame': {'graphicRepresentation': 'diagram'}};[0.0, 0.1, 0.0, 1.0]
Accuracy;4;hi, could you please show me the diagram of this automaton so we can start working on the practical exercise?;The automaton has 5 states and 5 transitions.;[];0.2;2;False;{'user_input': 'hi, could you please show me the diagram of this automaton so we can start working on the practical exercise?', 'intent': 'fsa-practical', 'argument': 'automaton', 'dialogue_act': 'Ta:request', 'frame': {'graphic': '?'}};[0.2, 0.3, 0.2, 1.0]
Accuracy;4;Hi, could you please show me the diagram of the automaton again?;The automaton has 5 states and 5 transitions.;[];0.2;3;False;{'user_input': 'Hi, could you please show me the diagram of the automaton again?', 'intent': 'fsa-practical', 'argument': 'automaton', 'dialogue_act': 'Ta:request', 'frame': {}};[0.2, 0.2, 0.2, 1.0]
Accuracy;4;how many final states does this automaton have?;MUTATION The automaton accepts zero or more words formed by a sequence of the type 11000. In total there are 5 states: q0, q1, q2, q3 and q4. q0 is both the initial and the final state. The transitions are: q0 with value 1 goes to q1, q1 with value 1 goes to q2, q2 with value 0 goes to q3, q3 with value 0 goes to q4, q4 with value 0 goes to q0.;[];0.2;4;True;{'user_input': 'how many final states does this automaton have?', 'intent': 'fsa-practical', 'argument': 'state', 'dialogue_act': 'Ta:request', 'frame': {'numberOfFinalStates': '?'}};[0.2, 0.4, 0.3, 1.0]
Accuracy;4;in the diagram of this automaton, what is the type of its graphic representation?;The automaton has 5 states and 5 transitions.;[];0.0;5;False;{'user_input': 'in the diagram of this automaton, what is the type of its graphic representation?', 'intent': 'fsa-practical', 'argument': 'automaton', 'dialogue_act': 'Ta:request', 'frame': {}};[0.0, 0.1, 0.0, 1.0]
Accuracy;4;what is the language accepted by this automaton?;Could you be more specific?;[];0.0;6;False;{'user_input': 'what is the language accepted by this automaton?', 'intent': 'fsa-practical', 'argument': 'language', 'dialogue_act': 'Ta:request', 'frame': {'input': '?'}};[0.0, 0.1, 0.0, 1.0]
Accuracy;4;what are the transitions of this automaton for the input string?;The automaton has 5 transitions: q0 with value 1 goes to q1, q1 with value 1 goes to q2, q2 with value 0 goes to q3, q3 with value 0 goes to q4, q4 with value 0 goes to q0.;['simbolo-q0-q1', 'simbolo-q1-q2', 'simbolo-q2-q3', 'simbolo-q3-q4', 'simbolo-q4-q0'];0.95;6;False;{'user_input': 'what are the transitions of this automaton for the input string?', 'intent': 'fsa-practical', 'argument': 'transition', 'dialogue_act': 'Ta:request', 'frame': {'transitions': []}};[0.95, 0.9, 1.0, 1.0]
Accuracy;4;what is the language accepted by this automaton for the input string?;Could you be more specific?;[];0.1;7;False;{'user_input': 'what is the language accepted by this automaton for the input string?', 'intent': 'fsa-practical', 'argument': 'language', 'dialogue_act': 'Ta:request', 'frame': {'input': '?'}};[0.1, 0.1, 0.1, 1.0]
Accuracy;4;what is the pattern type of the language recognized by this automaton?;Could you be more specific?;[];0.0;8;False;{'user_input': 'what is the pattern type of the language recognized by this automaton?', 'intent': 'fsa-practical', 'argument': 'pattern', 'dialogue_act': 'Ta:request', 'frame': {'patternType': '?'}};[0.0, 0.1, 0.0, 1.0]
Accuracy;4;What type of pattern does this automaton recognize?;Could you be more specific?;[];0.0;9;False;{'user_input': 'What type of pattern does this automaton recognize?', 'intent': 'fsa-practical', 'argument': 'pattern', 'dialogue_act': 'Ta:request', 'frame': {'patternType': '?'}};[0.0, 0.1, 0.0, 1.0]
Accuracy;4;can you tell me if q3 can be used as the initial state in this pattern?;It is not the initial state.;[];0.9;9;False;{'user_input': 'can you tell me if q3 can be used as the initial state in this pattern?', 'intent': 'fsa-practical', 'argument': 'state', 'dialogue_act': 'Ta:request', 'frame': {'initialState': 'q3'}};[0.9, 0.95, 0.9, 1.0]
Accuracy;4;What is the language recognized by this automaton, in particular which pattern type does it accept?;Could you be more specific?;[];0.0;10;False;{'user_input': 'What is the language recognized by this automaton, in particular which pattern type does it accept?', 'intent': 'fsa-practical', 'argument': 'language', 'dialogue_act': 'Ta:request', 'frame': {'languageType': 'patternType'}};[0.0, 0.1, 0.0, 1.0]
Accuracy;4;What type of language does this automaton recognize in terms of its pattern type?;Could you be more specific?;[];0.0;11;False;{'user_input': 'What type of language does this automaton recognize in terms of its pattern type?', 'intent': 'fsa-practical', 'argument': 'language', 'dialogue_act': 'Ta:request', 'frame': {'patternType': '?'}};[0.0, 0.1, 0.0, 1.0]
Accuracy;4;what is the optimal spatial representation of the language recognized by this automaton?;Could you be more specific?;[];0.1;12;False;{'user_input': 'what is the optimal spatial representation of the language recognized by this automaton?', 'intent': 'fsa-practical', 'argument': 'pattern', 'dialogue_act': 'Ta:request', 'frame': {'optimalSpatialRepresentation': '?'}};[0.1, 0.2, 0.1, 1.0]
Accuracy;4;what is the pattern type of the language recognized by this finite state automaton?;Could you be more specific?;[];0.0;13;False;{'user_input': 'what is the pattern type of the language recognized by this finite state automaton?', 'intent': 'fsa-practical', 'argument': 'pattern', 'dialogue_act': 'Ta:request', 'frame': {'patternType': '?'}};[0.0, 0.1, 0.0, 1.0]
Accuracy;5;What is the difference between the language of an automaton and the alphabet it uses?;The automaton has 5 states and 5 transitions.;[];0.0;1;False;{'user_input': 'What is the difference between the language of an automaton and the alphabet it uses?', 'intent': 'fsa-practical', 'argument': 'automaton', 'dialogue_act': 'Ta:request', 'frame': {'alphabet': '?', 'language': '?'}};[0.0, 0.0, 0.0, 1.0]
Accuracy;5;Hi, about this automaton: could you tell me what its alphabet is and what language it recognizes?;Could you be more specific?;[];0.0;2;False;{'user_input': 'Hi, about this automaton: could you tell me what its alphabet is and what language it recognizes?', 'intent': 'fsa-practical', 'argument': 'alphabet', 'dialogue_act': 'Ta:request', 'frame': {'alphabet': '?', 'language': '?'}};[0.0, 0.1, 0.0, 1.0]
Accuracy;5;Before we say goodbye, could you tell me what the alphabet and the language of this finite state automaton are?;Could you be more specific?;[];0.0;3;False;{'user_input': 'Before we say goodbye, could you tell me what the alphabet and the language of this finite state automaton are?', 'intent': 'fsa-practical', 'argument': 'alphabet', 'dialogue_act': 'Ta:request', 'frame': {'alphabet': '?', 'language': 'auto'}};[0.0, 0.1, 0.0, 1.0]
Accuracy;5;What is the alphabet of this automaton?;Could you be more specific?;[];0.0;4;False;{'user_input': 'What is the alphabet of this automaton?', 'intent': 'fsa-practical', 'argument': 'alphabet', 'dialogue_act': 'Ta:request', 'frame': {'alphabet': '?'}};[0.0, 0.1, 0.0, 1.0]
Accuracy;5;What is the alphabet of the automaton in state q1?;Could you be more specific?;[];0.0;5;False;{'user_input': 'What is the alphabet of the automaton in state q1?', 'intent': 'fsa-practical', 'argument': 'alphabet', 'dialogue_act': 'Ta:request', 'frame': {'alphabet': '?'}};[0.0, 0.1, 0.0, 1.0]
Accuracy;5;What is the alphabet of this automaton?;Could you be more specific?;[];0.0;6;False;{'user_input': 'What is the alphabet of this automaton?', 'intent': 'fsa-practical', 'argument': 'alphabet', 'dialogue_act': 'Ta:request', 'frame': {'alphabet': '?'}};[0.0, 0.1, 0.0, 1.0]
Accuracy;5;what is the alphabet of this automaton?;Could you be more specific?;[];0.0;7;False;{'user_input': 'what is the alphabet of this automaton?', 'intent': 'fsa-practical', 'argument': 'alphabet', 'dialogue_act': 'Ta:request', 'frame': {'alphabet': '?'}};[0.0, 0.1, 0.0, 1.0]
Accuracy;5;What is the alphabet of this automaton?;Could you be more specific?;[];0.0;8;False;{'user_input': 'What is the alphabet of this automaton?', 'intent': 'fsa-practical', 'argument': 'alphabet', 'dialogue_act': 'Ta:request', 'frame': {'alphabet': '?'}};[0.0, 0.1, 0.0, 1.0]
Accuracy;5;what is the alphabet of this automaton?;Could you be more specific?;[];0.0;9;False;{'user_input': 'what is the alphabet of this automaton?', 'intent': 'fsa-practical', 'argument': 'alphabet', 'dialogue_act': 'Ta:request', 'frame': {'alphabet': '?'}};[0.0, 0.1, 0.0, 1.0]
Accuracy;5;What is the alphabet of this automaton?;Could you be more specific?;[];0.0;10;False;{'user_input': 'What is the alphabet of this automaton?', 'intent': 'fsa-practical', 'argument': 'alphabet', 'dialogue_act': 'Ta:request', 'frame': {'alphabet': '?'}};[0.0, 0.1, 0.0, 1.0]
Accuracy;5;What is the alphabet of this automaton?;Could you be more specific?;[];0.0;11;False;{'user_input': 'What is the alphabet of this automaton?', 'intent': 'fsa-practical', 'argument': 'alphabet', 'dialogue_act': 'Ta:request', 'frame': {'alphabet': '?'}};[0.0, 0.1, 0.0, 1.0]
Accuracy;5;what is the alphabet of this automaton?;Could you be more specific?;[];0.0;12;False;{'user_input': 'what is the alphabet of this automaton?', 'intent': 'fsa-practical', 'argument': 'alphabet', 'dialogue_act': 'Ta:request', 'frame': {'alphabet': '?'}};[0.0, 0.1, 0.0, 1.0]
Accuracy;5;what is the alphabet of this automaton?;Could you be more specific?;[];0.0;13;False;{'user_input': 'what is the alphabet of this automaton?', 'intent': 'fsa-practical', 'argument': 'alphabet', 'dialogue_act': 'Ta:request', 'frame': {'alphabet': '?'}};[0.0, 0.1, 0.0, 1.0]
Accuracy;5;i meant to ask about the alphabet of this automaton, could you tell me what the alphabet is?;Could you be more specific?;[];0.0;14;False;{'user_input': 'i meant to ask about the alphabet of this automaton, could you tell me what the alphabet is?', 'intent': 'fsa-practical', 'argument': 'alphabet', 'dialogue_act': 'Ta:request', 'frame': {'alphabet': '?'}};[0.0, 0.1, 0.0, 1.0]
Accuracy;5;what is the alphabet of this automaton?;Could you be more specific?;[];0.0;15;False;{'user_input': 'what is the alphabet of this automaton?', 'intent': 'fsa-practical', 'argument': 'alphabet', 'dialogue_act': 'Ta:request', 'frame': {'alphabet': '?'}};[0.0, 0.1, 0.0, 1.0]
Relevancy;1;Is it allowed to go directly from q2 to q4 in this automaton?;There is no transition between q2 and q4.;[];1.0;0;False;{'user_input': 'Is it allowed to go directly from q2 to q4 in this automaton?', 'intent': 'fsa-practical', 'argument': 'transition', 'dialogue_act': 'Ta:propositionalQuestion', 'frame': {'transitions': [['q2', 'q4', '?']]}};[1.0, 1.0, 1.0, 1.0]
Relevancy;1;What is the optimal spatial representation of the transitions in this automaton?;Could you be more specific?;[];0.2;1;False;{'user_input': 'What is the optimal spatial representation of the transitions in this automaton?', 'intent': 'fsa-practical', 'argument': 'pattern', 'dialogue_act': 'Ta:request', 'frame': {'patternType': '?'}};[0.1, 0.2, 0.1, 1.0]
Relevancy;1;what is the pattern type of this automaton?;Could you be more specific?;[];0.2;2;False;{'user_input': 'what is the pattern type of this automaton?', 'intent': 'fsa-practical', 'argument': 'pattern', 'dialogue_act': 'Ta:request', 'frame': {'patternType': '?'}};[0.1, 0.2, 0.1, 1.0]
Relevancy;1;What type of pattern does this automaton recognize?;Could you be more specific?;[];0.1;3;False;{'user_input': 'What type of pattern does this automaton recognize?', 'intent': 'fsa-practical', 'argument': 'pattern', 'dialogue_act': 'Ta:request', 'frame': {'patternType': '?'}};[0.0, 0.1, 0.0, 1.0]
Relevancy;1;What is the pattern type of this automaton?;Could you be more specific?;[];0.1;4;False;{'user_input': 'What is the pattern type of this automaton?', 'intent': 'fsa-practical', 'argument': 'pattern', 'dialogue_act': 'Ta:request', 'frame': {'patternType': '?'}};[0.0, 0.1, 0.0, 1.0]
Relevancy;1;what pattern does the automaton accept if the initial state is q3?;Could you be more specific?;[];0.1;5;False;{'user_input': 'what pattern does the automaton accept if the initial state is q3?', 'intent': 'fsa-practical', 'argument': 'pattern', 'dialogue_act': 'Ta:request', 'frame': {'patternType': '?'}};[0.0, 0.1, 0.0, 1.0]
Relevancy;1;What type of pattern does this finite state automaton recognize?;Could you be more specific?;[];0.1;6;False;{'user_input': 'What type of pattern does this finite state automaton recognize?', 'intent': 'fsa-practical', 'argument': 'pattern', 'dialogue_act': 'Ta:request', 'frame': {'patternType': '?'}};[0.0, 0.1, 0.0, 1.0]
Relevancy;1;what is the pattern type of this automaton?;Could you be more specific?;[];0.2;7;False;{'user_input': 'what is the pattern type of this automaton?', 'intent': 'fsa-practical', 'argument': 'pattern', 'dialogue_act': 'Ta:request', 'frame': {'patternType': '?'}};[0.1, 0.2, 0.1, 1.0]
Relevancy;1;What type of pattern does this automaton follow?;Could you be more specific?;[];0.2;8;False;{'user_input': 'What type of pattern does this automaton follow?', 'intent': 'fsa-practical', 'argument': 'pattern', 'dialogue_act': 'Ta:request', 'frame': {'patternType': '?'}};[0.1, 0.2, 0.1, 1.0]
Relevancy;1;what is the pattern type of this automaton?;Could you be more specific?;[];0.2;9;False;{'user_input': 'what is the pattern type of this automaton?', 'intent': 'fsa-practical', 'argument': 'pattern', 'dialogue_act': 'Ta:request', 'frame': {'patternType': '?'}};[0.0, 0.2, 0.0, 1.0]
Relevancy;1;Can you tell me whether the language recognized by this automaton is non-regular?;Could you be more specific?;[];0.1;10;False;{'user_input': 'Can you tell me whether the language recognized by this automaton is non-regular?', 'intent': 'fsa-practical', 'argument': 'language', 'dialogue_act': 'Ta:propositionalQuestion', 'frame': {'input': '?'}};[0.1, 0.1, 0.1, 1.0]
Relevancy;1;In this automaton, how many transitions are there in the language it recognizes?;The automaton has 5 transitions: q0 with value 1 goes to q1, q1 with value 1 goes to q2, q2 with value 0 goes to q3, q3 with value 0 goes to q4, q4 with value 0 goes to q0.;['simbolo-q0-q1', 'simbolo-q1-q2', 'simbolo-q2-q3', 'simbolo-q3-q4', 'simbolo-q4-q0'];1.0;10;False;{'user_input': 'In this automaton, how many transitions are there in the language it recognizes?', 'intent': 'fsa-practical', 'argument': 'transition', 'dialogue_act': 'Ta:request', 'frame': {'numberOfTransitions': '?'}};[1.0, 1.0, 1.0, 1.0]
Relevancy;1;From which state does the automaton start reading strings in its language?;The initial state is q0.;['simbolo-q0'];1.0;10;False;{'user_input': 'From which state does the automaton start reading strings in its language?', 'intent': 'fsa-practical', 'argument': 'state', 'dialogue_act': 'Ta:request', 'frame': {'initialState': '?'}};[1.0, 1.0, 1.0, 1.0]
Relevancy;1;What is the language recognized by this automaton when it follows an anti-clockwise pattern?;Could you be more specific?;[];0.2;11;False;{'user_input': 'What is the language recognized by this automaton when it follows an anti-clockwise pattern?', 'intent': 'fsa-practical', 'argument': 'language', 'dialogue_act': 'Ta:request', 'frame': {'input': 'pattern'}};[0.0, 0.2, 0.0, 1.0]
Relevancy;1;What is the language accepted by this automaton for the input string “?”?;Could you be more specific?;[];0.2;12;False;{'user_input': 'What is the language accepted by this automaton for the input string “?”?', 'intent': 'fsa-practical', 'argument': 'language', 'dialogue_act': 'Ta:request', 'frame': {'input': '?'}};[0.1, 0.2, 0.1, 1.0]
Relevancy;2;What is the label on the transition from q1 to q2?;The transition between q1 and q2 is with value 1.;['simbolo-q1-q2'];1.0;0;False;{'user_input': 'What is the label on the transition from q1 to q2?', 'intent': 'fsa-practical', 'argument': 'transition', 'dialogue_act': 'Ta:request', 'frame': {'transitions': [['q1', 'q2', '?']]}};[1.0, 1.0, 1.0, 1.0]
Relevancy;2;i accept that this is present in the automaton, but what is the input symbol for the transition from q1 to q2?;The transition between q1 and q2 is with value 1.;['simbolo-q1-q2'];1.0;0;False;{'user_input': 'i accept that this is present in the automaton, but what is the input symbol for the transition from q1 to q2?', 'intent': None, 'argument': None, 'dialogue_act': None, 'frame': {'transitions': [['q1', 'q2', '?']]}, '_raw_frame': {}};[1.0, 1.0, 1.0, 0.95]
Relevancy;2;What are the transitions of this automaton?;The automaton has 5 transitions: q0 with value 1 goes to q1, q1 with value 1 goes to q2, q2 with value 0 goes to q3, q3 with value 0 goes to q4, q4 with value 0 goes to q0.;['simbolo-q0-q1', 'simbolo-q1-q2', 'simbolo-q2-q3', 'simbolo-q3-q4', 'simbolo-q4-q0'];1.0;0;False;{'user_input': 'What are the transitions of this automaton?', 'intent': 'fsa-practical', 'argument': 'transition', 'dialogue_act': 'Ta:request', 'frame': {'transitions': []}};[1.0, 1.0, 1.0, 1.0]
Relevancy;2;can you tell me what the current state of the automaton is after following the transitions shown?;MUTATION The automaton accepts zero or more words formed by a sequence of the type 11000. In total there are 5 states: q0, q1, q2, q3 and q4. q0 is both the initial and the final state. The transitions are: q0 with value 1 goes to q1, q1 with value 1 goes to q2, q2 with value 0 goes to q3, q3 with value 0 goes to q4, q4 with value 0 goes to q0.;[];0.4;0;True;{'user_input': 'can you tell me what the current state of the automaton is after following the transitions shown?', 'intent': 'fsa-practical', 'argument': 'state', 'dialogue_act': 'Ta:request', 'frame': {'states': '?'}};[0.2, 0.4, 0.3, 1.0]
Relevancy;2;Which information can you give me about state q1 in this automaton?;MUTATION The automaton accepts zero or more words formed by a sequence of the type 11000. In total there are 5 states: q0, q1, q2, q3 and q4. q0 is both the initial and the final state. The transitions are: q0 with value 1 goes to q1, q1 with value 1 goes to q2, q2 with value 0 goes to q3, q3 with value 0 goes to q4, q4 with value 0 goes to q0.;[];0.3;1;True;{'user_input': 'Which information can you give me about state q1 in this automaton?', 'intent': 'fsa-practical', 'argument': 'state', 'dialogue_act': 'Ta:request', 'frame': {'states': 'q1'}};[0.4, 0.3, 0.5, 1.0]
Relevancy;2;What is the graphical representation of the states in this finite state automaton?;MUTATION The automaton accepts zero or more words formed by a sequence of the type 11000. In total there are 5 states: q0, q1, q2, q3 and q4. q0 is both the initial and the final state. The transitions are: q0 with value 1 goes to q1, q1 with value 1 goes to q2, q2 with value 0 goes to q3, q3 with value 0 goes to q4, q4 with value 0 goes to q0.;[];0.5;1;True;{'user_input': 'What is the graphical representation of the states in this finite state automaton?', 'intent': 'fsa-practical', 'argument': 'state', 'dialogue_act': 'Ta:request', 'frame': {'graphicRepresentation': '?'}};[0.4, 0.5, 0.4, 1.0]
Relevancy;2;What is the language accepted by this automaton starting from state q1?;Could you be more specific?;[];0.1;2;False;{'user_input': 'What is the language accepted by this automaton starting from state q1?', 'intent': 'fsa-practical', 'argument': 'language', 'dialogue_act': 'Ta:request', 'frame': {'input': '?'}};[0.0, 0.1, 0.0, 1.0]
Relevancy;2;what is the language accepted by this automaton for the input string?;Could you be more specific?;[];0.1;3;False;{'user_input': 'what is the language accepted by this automaton for the input string?', 'intent': 'fsa-practical', 'argument': 'language', 'dialogue_act': 'Ta:request', 'frame': {'input': '?'}};[0.1, 0.1, 0.1, 1.0]
Relevancy;2;what is the language accepted by this automaton for the input string?;Could you be more specific?;[];0.1;4;False;{'user_input': 'what is the language accepted by this automaton for the input string?', 'intent': 'fsa-practical', 'argument': 'language', 'dialogue_act': 'Ta:request', 'frame': {'input': '?'}};[0.0, 0.1, 0.0, 1.0]
Relevancy;2;what are the transitions of this automaton for an input string?;The automaton has 5 transitions: q0 with value 1 goes to q1, q1 with value 1 goes to q2, q2 with value 0 goes to q3, q3 with value 0 goes to q4, q4 with value 0 goes to q0.;['simbolo-q0-q1', 'simbolo-q1-q2', 'simbolo-q2-q3', 'simbolo-q3-q4', 'simbolo-q4-q0'];1.0;4;False;{'user_input': 'what are the transitions of this automaton for an input string?', 'intent': 'fsa-practical', 'argument': 'transition', 'dialogue_act': 'Ta:request', 'frame': {'transitions': []}};[1.0, 1.0, 1.0, 1.0]
Relevancy;2;what is the input string that this automaton accepts?;Could you be more specific?;[];0.1;5;False;{'user_input': 'what is the input string that this automaton accepts?', 'intent': 'fsa-practical', 'argument': 'language', 'dialogue_act': 'Ta:request', 'frame': {'input': '?'}};[0.0, 0.1, 0.0, 1.0]
Relevancy;2;What is the language accepted by this automaton for an arbitrary input string?;Could you be more specific?;[];0.1;6;False;{'user_input': 'What is the language accepted by this automaton for an arbitrary input string?', 'intent': 'fsa-practical', 'argument': 'language', 'dialogue_act': 'Ta:request', 'frame': {'input': '?'}};[0.0, 0.1, 0.0, 1.0]
Relevancy;2;what is the language accepted by this automaton for the input string?;Could you be more specific?;[];0.2;7;False;{'user_input': 'what is the language accepted by this automaton for the input string?', 'intent': 'fsa-practical', 'argument': 'language', 'dialogue_act': 'Ta:request', 'frame': {'input': '?'}};[0.1, 0.2, 0.1, 1.0]
Relevancy;2;What is the language accepted by this automaton for an input string?;Could you be more specific?;[];0.1;8;False;{'user_input': 'What is the language accepted by this automaton for an input string?', 'intent': 'fsa-practical', 'argument': 'language', 'dialogue_act': 'Ta:propositionalQuestion', 'frame': {'input': '?'}};[0.0, 0.1, 0.0, 1.0]
Relevancy;2;In this automaton, what is the language recognized when there are 5 states?;There are 5 states in this automaton.;['simbolo-q0', 'simbolo-q1', 'simbolo-q2', 'simbolo-q3', 'simbolo-q4'];0.2;9;False;{'user_input': 'In this automaton, what is the language recognized when there are 5 states?', 'intent': 'fsa-practical', 'argument': 'state', 'dialogue_act': 'Ta:request', 'frame': {'numberOfStates': '5'}};[0.1, 0.2, 0.1, 0.9]
Relevancy;3;Does this automaton accept the input string 11000?;Could you be more specific?;[];0.1;1;False;{'user_input': 'Does this automaton accept the input string 11000?', 'intent': 'fsa-practical', 'argument': 'language', 'dialogue_act': 'Ta:request', 'frame': {'input': '11000'}};[0.0, 0.1, 0.0, 1.0]
Relevancy;3;What is the language recognized by this automaton?;Could you be more specific?;[];0.1;2;False;{'user_input': 'What is the language recognized by this automaton?', 'intent': 'fsa-practical', 'argument': 'language', 'dialogue_act': 'Ta:request', 'frame': {'language': '?'}};[0.0, 0.1, 0.0, 1.0]
Relevancy;3;What is the language accepted by this automaton?;Could you be more specific?;[];0.1;3;False;{'user_input': 'What is the language accepted by this automaton?', 'intent': 'fsa-practical', 'argument': 'language', 'dialogue_act': 'Ta:request', 'frame': {'input': '?'}};[0.0, 0.1, 0.0, 1.0]
Relevancy;3;what is the language of the automaton for the transitions [“q1”, “q2”, “?”]?;Could you be more specific?;[];0.2;4;False;{'user_input': 'what is the language of the automaton for the transitions [“q1”, “q2”, “?”]?', 'intent': 'fsa-practical', 'argument': 'language', 'dialogue_act': 'Ta:request', 'frame': {'transitions': [['q1', 'q2', '?']]}};[0.1, 0.2, 0.1, 0.9]
Relevancy;3;What is the input string that this automaton processes?;Could you be more specific?;[];0.1;5;False;{'user_input': 'What is the input string that this automaton processes?', 'intent': 'fsa-practical', 'argument': 'language', 'dialogue_act': 'Ta:request', 'frame': {'input': '?'}};[0.1, 0.1, 0.1, 1.0]
Relevancy;3;what is the language accepted by this automaton for the input string?;Could you be more specific?;[];0.1;6;False;{'user_input': 'what is the language accepted by this automaton for the input string?', 'intent': 'fsa-practical', 'argument': 'language', 'dialogue_act': 'Ta:request', 'frame': {'input': '?'}};[0.0, 0.1, 0.0, 1.0]
Relevancy;3;what is the language accepted when the automaton ends in this?;Could you be more specific?;[];0.2;7;False;{'user_input': 'what is the language accepted when the automaton ends in this?', 'intent': 'fsa-practical', 'argument': 'language', 'dialogue_act': 'Ta:request', 'frame': {'finalStates': ['?'], 'states': ['q4']}, '_raw_frame': {'finalStates': '?'}};[0.1, 0.2, 0.1, 1.0]
Relevancy;3;What is the language accepted by this automaton for a given input string?;Could you be more specific?;[];0.1;8;False;{'user_input': 'What is the language accepted by this automaton for a given input string?', 'intent': 'fsa-practical', 'argument': 'language', 'dialogue_act': 'Ta:request', 'frame': {'input': '?'}};[0.0, 0.1, 0.0, 1.0]
Relevancy;3;what is the language recognized by this automaton if the alphabet is [“2”, “4”]?;Could you be more specific?;[];0.1;9;False;{'user_input': 'what is the language recognized by this automaton if the alphabet is [“2”, “4”]?', 'intent': 'fsa-practical', 'argument': 'language', 'dialogue_act': 'Ta:request', 'frame': {'alphabet': '2'}};[0.0, 0.1, 0.0, 1.0]
Relevancy;3;what is the language accepted by this automaton over the alphabet {0,1}?;Could you be more specific?;[];0.1;10;False;{'user_input': 'what is the language accepted by this automaton over the alphabet {0,1}?', 'intent': 'fsa-practical', 'argument': 'language', 'dialogue_act': 'Ta:request', 'frame': {'alphabet': '0'}};[0.0, 0.1, 0.0, 1.0]
Relevancy;3;is the language recognized by this deterministic automaton regular or some other type of language?;Could you be more specific?;[];0.1;11;False;{'user_input': 'is the language recognized by this deterministic automaton regular or some other type of language?', 'intent': 'fsa-practical', 'argument': 'language', 'dialogue_act': 'Ta:request', 'frame': {'input': '?'}};[0.0, 0.1, 0.0, 1.0]
Relevancy;3;What is the language accepted by this automaton for the input `?`?;Could you be more specific?;[];0.3;12;False;{'user_input': 'What is the language accepted by this automaton for the input `?`?', 'intent': 'fsa-practical', 'argument': 'language', 'dialogue_act': 'Ta:request', 'frame': {'input': '?'}};[0.2, 0.3, 0.2, 1.0]
Relevancy;3;what input strings does this automaton accept?;Could you be more specific?;[];0.1;13;False;{'user_input': 'what input strings does this automaton accept?', 'intent': 'fsa-practical', 'argument': 'language', 'dialogue_act': 'Ta:request', 'frame': {'input': '?'}};[0.0, 0.1, 0.0, 1.0]
Relevancy;3;given this automaton, for which input strings does it return to the initial/this?;The automaton has 5 states and 5 transitions.;[];0.2;14;False;{'user_input': 'given this automaton, for which input strings does it return to the initial/this?', 'intent': 'fsa-practical', 'argument': 'automaton', 'dialogue_act': 'Ta:request', 'frame': {'states': ['q0']}, '_raw_frame': {'input': '?'}};[0.1, 0.2, 0.1, 0.9]
Relevancy;3;what is the language accepted by this automaton for the input string?;Could you be more specific?;[];0.1;15;False;{'user_input': 'what is the language accepted by this automaton for the input string?', 'intent': 'fsa-practical', 'argument': 'language', 'dialogue_act': 'Ta:request', 'frame': {'input': '?'}};[0.1, 0.1, 0.1, 1.0]
Relevancy;4;How can I recognize which states are final states in a finite state machine?;The final state is q0.;['simbolo-q0'];0.3;1;False;{'user_input': 'How can I recognize which states are final states in a finite state machine?', 'intent': 'fsa-practical', 'argument': 'state', 'dialogue_act': 'Ta:request', 'frame': {'finalStates': '?'}};[0.2, 0.3, 0.2, 0.9]
Relevancy;4;What are the final states of this automaton?;The final state is q0.;['simbolo-q0'];1.0;1;False;{'user_input': 'What are the final states of this automaton?', 'intent': 'fsa-practical', 'argument': 'state', 'dialogue_act': 'Ta:request', 'frame': {'finalStates': '?'}};[1.0, 1.0, 1.0, 1.0]
Relevancy;4;what are the final states of this automaton pattern?;The final state is q0.;['simbolo-q0'];1.0;1;False;{'user_input': 'what are the final states of this automaton pattern?', 'intent': 'fsa-practical', 'argument': 'state', 'dialogue_act': 'Ta:request', 'frame': {'finalStates': '?'}};[1.0, 1.0, 1.0, 1.0]
Relevancy;4;what are the final states of this automaton?;The final state is q0.;['simbolo-q0'];1.0;1;False;{'user_input': 'what are the final states of this automaton?', 'intent': 'fsa-practical', 'argument': 'state', 'dialogue_act': 'Ta:request', 'frame': {'finalStates': '?'}};[1.0, 1.0, 1.0, 1.0]
Relevancy;4;Okay, so what are the final states of this automaton?;The final state is q0.;['simbolo-q0'];1.0;1;False;{'user_input': 'Okay, so what are the final states of this automaton?', 'intent': 'fsa-practical', 'argument': 'state', 'dialogue_act': 'Ta:request', 'frame': {'finalStates': '?'}};[1.0, 1.0, 1.0, 1.0]
Relevancy;4;what are the final states of this automaton?;The final state is q0.;['simbolo-q0'];1.0;1;False;{'user_input': 'what are the final states of this automaton?', 'intent': 'fsa-practical', 'argument': 'state', 'dialogue_act': 'Ta:request', 'frame': {'finalStates': '?'}};[1.0, 1.0, 1.0, 1.0]
Relevancy;5;What is the difference between a deterministic and a non-deterministic finite automaton?;The automaton has 5 states and 5 transitions.;[];0.1;1;False;{'user_input': 'What is the difference between a deterministic and a non-deterministic finite automaton?', 'intent': 'fsa-practical', 'argument': 'automaton', 'dialogue_act': 'Ta:request', 'frame': {'automatonType': 'deterministic'}};[0.0, 0.1, 0.0, 1.0]
Relevancy;5;is the automaton shown on the tablet deterministic?;The automaton has 5 states and 5 transitions.;[];0.2;2;False;{'user_input': 'is the automaton shown on the tablet deterministic?', 'intent': 'fsa-practical', 'argument': 'automaton', 'dialogue_act': 'Ta:propositionalQuestion', 'frame': {'automatonType': 'deterministic'}};[0.1, 0.2, 0.1, 1.0]
Relevancy;5;Could you explain from a theoretical point of view what a deterministic finite state automaton is?;The automaton has 5 states and 5 transitions.;[];0.1;3;False;{'user_input': 'Could you explain from a theoretical point of view what a deterministic finite state automaton is?', 'intent': 'fsa-practical', 'argument': 'automaton', 'dialogue_act': 'Ta:request', 'frame': {}};[0.0, 0.1, 0.0, 1.0]
Relevancy;5;what is the optimal spatial representation of this automaton?;Could you be more specific?;[];0.2;4;False;{'user_input': 'what is the optimal spatial representation of this automaton?', 'intent': 'fsa-practical', 'argument': 'pattern', 'dialogue_act': 'Ta:request', 'frame': {'patternType': '?'}};[0.1, 0.2, 0.1, 1.0]
Relevancy;5;what is the optimal spatial representation of this automaton?;Could you be more specific?;[];0.2;5;False;{'user_input': 'what is the optimal spatial representation of this automaton?', 'intent': 'fsa-practical', 'argument': 'pattern', 'dialogue_act': 'Ta:request', 'frame': {'optimalSpatialRepresentation': '?'}};[0.1, 0.2, 0.1, 1.0]
Relevancy;5;can you explain, from a theoretical point of view, what an automaton is in formal language theory?;The automaton has 5 states and 5 transitions.;[];0.1;6;False;{'user_input': 'can you explain, from a theoretical point of view, what an automaton is in formal language theory?', 'intent': 'fsa-practical', 'argument': 'automaton', 'dialogue_act': 'Ta:request', 'frame': {}};[0.0, 0.1, 0.0, 0.9]
Relevancy;5;Hi, I’d like to ask some practical questions about this automaton shown on the tablet.;The automaton has 5 states and 5 transitions.;[];0.3;7;False;{'user_input': 'Hi, I’d like to ask some practical questions about this automaton shown on the tablet.', 'intent': 'fsa-practical', 'argument': 'automaton', 'dialogue_act': 'Ta:request', 'frame': {'graphicRepresentation': '?'}};[0.4, 0.3, 0.3, 0.9]
Relevancy;5;Can you explain, from a theoretical point of view, what an automaton is and how this finite state automaton works in general?;The automaton has 5 states and 5 transitions.;[];0.1;8;False;{'user_input': 'Can you explain, from a theoretical point of view, what an automaton is and how this finite state automaton works in general?', 'intent': 'fsa-practical', 'argument': 'automaton', 'dialogue_act': 'Ta:request', 'frame': {'input': 'automaton'}};[0.1, 0.1, 0.1, 1.0]
Relevancy;5;what type of automaton is this finite state machine?;The automaton has 5 states and 5 transitions.;[];0.1;9;False;{'user_input': 'what type of automaton is this finite state machine?', 'intent': 'fsa-practical', 'argument': 'automaton', 'dialogue_act': 'Ta:request', 'frame': {'type': 'automatonType'}};[0.0, 0.1, 0.0, 1.0]
Relevancy;5;What type of automaton is this finite state machine?;The automaton has 5 states and 5 transitions.;[];0.2;10;False;{'user_input': 'What type of automaton is this finite state machine?', 'intent': 'fsa-practical', 'argument': 'automaton', 'dialogue_act': 'Ta:request', 'frame': {'type': 'automatonType'}};[0.0, 0.2, 0.0, 1.0]
Relevancy;5;what type of automaton is this?;The automaton has 5 states and 5 transitions.;[];0.2;11;False;{'user_input': 'what type of automaton is this?', 'intent': 'fsa-practical', 'argument': 'automaton', 'dialogue_act': 'Ta:request', 'frame': {}};[0.1, 0.2, 0.2, 1.0]
Relevancy;5;What type of automaton is this one?;The automaton has 5 states and 5 transitions.;[];0.2;12;False;{'user_input': 'What type of automaton is this one?', 'intent': 'fsa-practical', 'argument': 'automaton', 'dialogue_act': 'Ta:request', 'frame': {}};[0.1, 0.2, 0.1, 1.0]
Relevancy;5;What is the alphabet of this automaton type?;Could you be more specific?;[];0.1;13;False;{'user_input': 'What is the alphabet of this automaton type?', 'intent': 'fsa-practical', 'argument': 'alphabet', 'dialogue_act': 'Ta:request', 'frame': {'alphabet': '?'}};[0.0, 0.1, 0.0, 1.0]
Relevancy;5;What is the alphabet of the automaton for the transition from Q0 to Q1 with input symbol 1?;Could you be more specific?;[];0.1;14;False;{'user_input': 'What is the alphabet of the automaton for the transition from Q0 to Q1 with input symbol 1?', 'intent': 'fsa-practical', 'argument': 'alphabet', 'dialogue_act': 'Ta:request', 'frame': {'alphabet': '?'}};[0.0, 0.1, 0.0, 1.0]
Relevancy;5;"I accept this turn; what is the alphabet of this automaton?";Could you be more specific?;[];0.1;15;False;"{'user_input': 'I accept this turn; what is the alphabet of this automaton?', 'intent': 'fsa-practical', 'argument': 'alphabet', 'dialogue_act': 'Ta:request', 'frame': {'alphabet': '?'}}";[0.0, 0.1, 0.0, 1.0]
Correctness;1;Is it possible to go from q2 to q4 in this automaton?;There is no transition between q2 and q4.;[];0.2;1;False;{'user_input': 'Is it possible to go from q2 to q4 in this automaton?', 'intent': 'fsa-practical', 'argument': 'transition', 'dialogue_act': 'Ta:propositionalQuestion', 'frame': {'transitions': [['q2', 'q4', '?']]}};[0.2, 0.6, 0.2, 1.0]
Correctness;1;What is the transition from state q2 to state q4 in this automaton?;There is no transition between q2 and q4.;[];1.0;1;False;{'user_input': 'What is the transition from state q2 to state q4 in this automaton?', 'intent': 'fsa-practical', 'argument': 'transition', 'dialogue_act': 'Ta:request', 'frame': {'transitions': [['q2', 'q4', '?']]}};[1.0, 1.0, 1.0, 1.0]
Correctness;1;the transition from this to that is missing in the automaton: what should be the label of the transition from q2 to q4?;There is no transition between q2 and q4.;[];0.0;2;False;{'user_input': 'the transition from this to that is missing in the automaton: what should be the label of the transition from q2 to q4?', 'intent': 'fsa-practical', 'argument': 'transition', 'dialogue_act': 'Ta:request', 'frame': {'states': ['q2', 'q4'], 'transitions': [['q2', 'q4', '?']]}, '_raw_frame': {'transitions': [['q2', 'q4', '?']]}};[0.0, 0.2, 0.0, 1.0]
Correctness;1;which transition connects this to that in this automaton?;There is no transition between q2 and q4.;[];1.0;2;False;{'user_input': 'which transition connects this to that in this automaton?', 'intent': 'fsa-practical', 'argument': 'transition', 'dialogue_act': 'Ta:request', 'frame': {'states': ['q2', 'q4']}, '_raw_frame': {'transitions': []}};[1.0, 1.0, 1.0, 1.0]
Correctness;1;What is the transition from state q2 to state q4?;There is no transition between q2 and q4.;[];1.0;2;False;{'user_input': 'What is the transition from state q2 to state q4?', 'intent': 'fsa-practical', 'argument': 'transition', 'dialogue_act': 'Ta:request', 'frame': {'transitions': [['q2', 'q4', '?']]}};[1.0, 1.0, 1.0, 1.0]
Correctness;1;what is the transition from this to that?;There is no transition between q2 and q4.;[];1.0;2;False;{'user_input': 'what is the transition from this to that?', 'intent': 'fsa-practical', 'argument': 'transition', 'dialogue_act': 'Ta:request', 'frame': {'states': ['q2', 'q4']}, '_raw_frame': {'transitions': []}};[1.0, 0.95, 1.0, 1.0]
Correctness;1;how many states does this automaton have?;This automaton has 5 states.;['simbolo-q0', 'simbolo-q1', 'simbolo-q2', 'simbolo-q3', 'simbolo-q4'];1.0;2;False;{'user_input': 'how many states does this automaton have?', 'intent': 'fsa-practical', 'argument': 'state', 'dialogue_act': 'Ta:request', 'frame': {'numberOfStates': '?'}};[1.0, 1.0, 1.0, 1.0]
Correctness;1;what is the language accepted by the automaton for the paths that go from this to that, and what is the missing input symbol on the transition from q2 to q4?;Could you be more specific?;[];0.1;3;False;{'user_input': 'what is the language accepted by the automaton for the paths that go from this to that, and what is the missing input symbol on the transition from q2 to q4?', 'intent': 'fsa-practical', 'argument': 'language', 'dialogue_act': 'Ta:request', 'frame': {'states': ['q2', 'q4']}, '_raw_frame': {}};[0.1, 0.2, 0.1, 1.0]
Correctness;2;What is the value of the transition from q1 to q2?;The transition between q1 and q2 is with value 1.;['simbolo-q1-q2'];1.0;0;False;{'user_input': 'What is the value of the transition from q1 to q2?', 'intent': 'fsa-practical', 'argument': 'transition', 'dialogue_act': 'Ta:request', 'frame': {'transitions': [['q1', 'q2', '?']]}};[1.0, 1.0, 1.0, 1.0]
Correctness;2;Thank you, could you please tell me what is the missing input symbol for the transition from q1 to q2?;Could you be more specific?;[];0.0;1;False;{'user_input': 'Thank you, could you please tell me what is the missing input symbol for the transition from q1 to q2?', 'intent': 'fsa-practical', 'argument': 'pattern', 'dialogue_act': 'Ta:propositionalQuestion', 'frame': {'input': '?'}};[0.0, 0.1, 0.0, 1.0]
Correctness;2;What is the alphabet of this automaton?;Could you be more specific?;[];0.0;2;False;{'user_input': 'What is the alphabet of this automaton?', 'intent': 'fsa-practical', 'argument': 'alphabet', 'dialogue_act': 'Ta:request', 'frame': {'alphabet': '?'}};[0.0, 0.1, 0.0, 1.0]
Correctness;2;what are the transitions of this automaton?;The automaton has 5 transitions: q0 with value 1 goes to q1, q1 with value 1 goes to q2, q2 with value 0 goes to q3, q3 with value 0 goes to q4, q4 with value 0 goes to q0.;['simbolo-q0-q1', 'simbolo-q1-q2', 'simbolo-q2-q3', 'simbolo-q3-q4', 'simbolo-q4-q0'];1.0;2;False;{'user_input': 'what are the transitions of this automaton?', 'intent': 'fsa-practical', 'argument': 'transition', 'dialogue_act': 'Ta:request', 'frame': {'transitions': []}};[1.0, 1.0, 1.0, 1.0]
Correctness;2;what is the alphabet of this automaton if it has 2 final states?;Could you be more specific?;[];0.1;3;False;{'user_input': 'what is the alphabet of this automaton if it has 2 final states?', 'intent': 'fsa-practical', 'argument': 'alphabet', 'dialogue_act': 'Ta:request', 'frame': {'alphabet': '?'}};[0.1, 0.1, 0.1, 1.0]
Correctness;2;What is the alphabet of this automaton?;Could you be more specific?;[];0.0;4;False;{'user_input': 'What is the alphabet of this automaton?', 'intent': 'fsa-practical', 'argument': 'alphabet', 'dialogue_act': 'Ta:request', 'frame': {'alphabet': '?'}};[0.0, 0.1, 0.0, 1.0]
Correctness;2;what is the alphabet of this automaton?;Could you be more specific?;[];0.0;5;False;{'user_input': 'what is the alphabet of this automaton?', 'intent': 'fsa-practical', 'argument': 'alphabet', 'dialogue_act': 'Ta:request', 'frame': {'alphabet': '?'}};[0.0, 0.1, 0.0, 1.0]
Correctness;2;What is the alphabet of this automaton if the possible input symbols are [0,1]?;The automaton has 5 states: q0, q1, q2, q3 and q4.;['simbolo-q0', 'simbolo-q1', 'simbolo-q2', 'simbolo-q3', 'simbolo-q4'];0.0;6;False;{'user_input': 'What is the alphabet of this automaton if the possible input symbols are [0,1]?', 'intent': None, 'argument': None, 'dialogue_act': None, 'frame': {}};[0.0, 0.1, 0.0, 0.2]
Correctness;2;Does this automaton contain a specific pattern in the sequence of its transitions?;Could you be more specific?;[];0.2;7;False;{'user_input': 'Does this automaton contain a specific pattern in the sequence of its transitions?', 'intent': 'fsa-practical', 'argument': 'pattern', 'dialogue_act': 'Ta:propositionalQuestion', 'frame': {'patternType': '?'}};[0.2, 0.3, 0.2, 1.0]
Correctness;2;Explain this automaton to me.;The automaton has 5 states and 5 transitions.;[];0.2;8;False;{'user_input': 'Explain this automaton to me.', 'intent': 'fsa-practical', 'argument': 'automaton', 'dialogue_act': 'Ta:request', 'frame': {}};[0.2, 0.3, 0.2, 1.0]
Correctness;2;What type of language does this deterministic automaton recognize?;Could you be more specific?;[];0.0;9;False;{'user_input': 'What type of language does this deterministic automaton recognize?', 'intent': 'fsa-practical', 'argument': 'language', 'dialogue_act': 'Ta:request', 'frame': {'input': 'type'}};[0.0, 0.1, 0.0, 1.0]
Correctness;2;What type of language does this finite state automaton recognize for the given input?;Could you be more specific?;[];0.0;10;False;{'user_input': 'What type of language does this finite state automaton recognize for the given input?', 'intent': 'fsa-practical', 'argument': 'language', 'dialogue_act': 'Ta:request', 'frame': {'input': '?'}};[0.0, 0.1, 0.0, 1.0]
Correctness;2;what is the language accepted by this finite state automaton for an unspecified input?;Could you be more specific?;[];0.0;11;False;{'user_input': 'what is the language accepted by this finite state automaton for an unspecified input?', 'intent': 'fsa-practical', 'argument': 'language', 'dialogue_act': 'Ta:request', 'frame': {'input': '?'}};[0.0, 0.1, 0.0, 1.0]
Correctness;2;What is the language recognized by this automaton for the input string?;Could you be more specific?;[];0.0;12;False;{'user_input': 'What is the language recognized by this automaton for the input string?', 'intent': 'fsa-practical', 'argument': 'language', 'dialogue_act': 'Ta:request', 'frame': {'input': '?'}};[0.0, 0.1, 0.0, 1.0]
Correctness;2;What is the input that this automaton accepts?;Could you be more specific?;[];0.0;13;False;{'user_input': 'What is the input that this automaton accepts?', 'intent': 'fsa-practical', 'argument': 'language', 'dialogue_act': 'Ta:request', 'frame': {'input': '?'}};[0.0, 0.1, 0.0, 1.0]
Correctness;3;What language does this automaton recognize over the alphabet {0,1}?;Could you be more specific?;[];0.0;1;False;{'user_input': 'What language does this automaton recognize over the alphabet {0,1}?', 'intent': 'fsa-practical', 'argument': 'language', 'dialogue_act': 'Ta:request', 'frame': {'alphabet': '0'}};[0.0, 0.1, 0.0, 1.0]
Correctness;3;can you check, in practical terms, what language this finite state automaton recognizes over the alphabet {0}?;Could you be more specific?;[];0.0;2;False;{'user_input': 'can you check, in practical terms, what language this finite state automaton recognizes over the alphabet {0}?', 'intent': 'fsa-practical', 'argument': 'language', 'dialogue_act': 'Ta:propositionalQuestion', 'frame': {'alphabet': ['0']}};[0.0, 0.1, 0.0, 1.0]
Correctness;3;Actually, the language of this automaton is built only over the symbol 0, right?;Could you be more specific?;[];0.1;3;False;{'user_input': 'Actually, the language of this automaton is built only over the symbol 0, right?', 'intent': 'fsa-practical', 'argument': 'language', 'dialogue_act': 'Ta:propositionalQuestion', 'frame': {'alphabet': ['0']}};[0.1, 0.2, 0.1, 1.0]
Correctness;3;what is the alphabet of this automaton if it only includes the symbol 0?;Could you be more specific?;[];0.0;4;False;{'user_input': 'what is the alphabet of this automaton if it only includes the symbol 0?', 'intent': 'fsa-practical', 'argument': 'alphabet', 'dialogue_act': 'Ta:request', 'frame': {'alphabet': '0'}};[0.0, 0.1, 0.0, 1.0]
Correctness;3;what is the alphabet of this automaton when its graphic representation is a triangle?;Could you be more specific?;[];0.0;5;False;{'user_input': 'what is the alphabet of this automaton when its graphic representation is a triangle?', 'intent': 'fsa-practical', 'argument': 'alphabet', 'dialogue_act': 'Ta:request', 'frame': {'alphabet': '?'}};[0.0, 0.1, 0.0, 1.0]
Correctness;3;What is the alphabet of this automaton?;Could you be more specific?;[];0.0;6;False;{'user_input': 'What is the alphabet of this automaton?', 'intent': 'fsa-practical', 'argument': 'alphabet', 'dialogue_act': 'Ta:request', 'frame': {'alphabet': '?'}};[0.0, 0.1, 0.0, 1.0]
Correctness;3;what is the alphabet of this automaton?;Could you be more specific?;[];0.0;7;False;{'user_input': 'what is the alphabet of this automaton?', 'intent': 'fsa-practical', 'argument': 'alphabet', 'dialogue_act': 'Ta:request', 'frame': {'alphabet': '?'}};[0.0, 0.1, 0.0, 1.0]
Correctness;3;the alphabet of this automaton is not {0,1}, right?;Could you be more specific?;[];0.2;8;False;{'user_input': 'the alphabet of this automaton is not {0,1}, right?', 'intent': 'fsa-practical', 'argument': 'alphabet', 'dialogue_act': 'Ta:propositionalQuestion', 'frame': {'alphabet': ['0', '1']}};[0.2, 0.3, 0.2, 1.0]
Correctness;3;What is the alphabet of this automaton?;Could you be more specific?;[];0.0;9;False;{'user_input': 'What is the alphabet of this automaton?', 'intent': 'fsa-practical', 'argument': 'alphabet', 'dialogue_act': 'Ta:request', 'frame': {'alphabet': '?'}};[0.0, 0.1, 0.0, 1.0]
Correctness;3;what is the alphabet of this automaton?;Could you be more specific?;[];0.0;10;False;{'user_input': 'what is the alphabet of this automaton?', 'intent': 'fsa-practical', 'argument': 'alphabet', 'dialogue_act': 'Ta:request', 'frame': {'alphabet': '?'}};[0.0, 0.1, 0.0, 1.0]
Correctness;3;What are the final states of this automaton?;The final state is q0.;['simbolo-q0'];1.0;10;False;{'user_input': 'What are the final states of this automaton?', 'intent': 'fsa-practical', 'argument': 'state', 'dialogue_act': 'Ta:request', 'frame': {'finalStates': '?'}};[1.0, 1.0, 1.0, 1.0]
Correctness;3;What is the alphabet of this automaton?;Could you be more specific?;[];0.0;11;False;{'user_input': 'What is the alphabet of this automaton?', 'intent': 'fsa-practical', 'argument': 'alphabet', 'dialogue_act': 'Ta:request', 'frame': {'alphabet': '?'}};[0.0, 0.1, 0.0, 1.0]
Correctness;3;what is the alphabet of this automaton?;Could you be more specific?;[];0.0;12;False;{'user_input': 'what is the alphabet of this automaton?', 'intent': 'fsa-practical', 'argument': 'alphabet', 'dialogue_act': 'Ta:request', 'frame': {'alphabet': '?'}};[0.0, 0.1, 0.0, 1.0]
Correctness;3;What is the alphabet of this automaton?;Could you be more specific?;[];0.0;13;False;{'user_input': 'What is the alphabet of this automaton?', 'intent': 'fsa-practical', 'argument': 'alphabet', 'dialogue_act': 'Ta:request', 'frame': {'alphabet': '?'}};[0.0, 0.1, 0.0, 1.0]
Correctness;3;what is the alphabet of this automaton?;Could you be more specific?;[];0.0;14;False;{'user_input': 'what is the alphabet of this automaton?', 'intent': 'fsa-practical', 'argument': 'alphabet', 'dialogue_act': 'Ta:request', 'frame': {'alphabet': '?'}};[0.0, 0.1, 0.0, 1.0]
Correctness;4;Is q0 the only final state or are there other final states in this automaton?;The final state is q0.;['simbolo-q0'];1.0;0;False;{'user_input': 'Is q0 the only final state or are there other final states in this automaton?', 'intent': 'fsa-practical', 'argument': 'state', 'dialogue_act': 'Ta:propositionalQuestion', 'frame': {'finalStates': 'q0'}};[1.0, 1.0, 1.0, 1.0]
Correctness;4;is q0 the only final state of this finite state automaton?;The final state is q0.;['simbolo-q0'];1.0;0;False;{'user_input': 'is q0 the only final state of this finite state automaton?', 'intent': 'fsa-practical', 'argument': 'state', 'dialogue_act': 'Ta:propositionalQuestion', 'frame': {'finalStates': 'q0'}};[1.0, 1.0, 1.0, 1.0]
Correctness;4;hi again! in this automaton the final state is q0.;The final state is q0.;['simbolo-q0'];1.0;0;False;{'user_input': 'hi again! in this automaton the final state is q0.', 'intent': 'fsa-practical', 'argument': 'state', 'dialogue_act': 'Ta:request', 'frame': {'finalStates': 'q0'}};[1.0, 1.0, 1.0, 1.0]
Correctness;4;Can you tell me information about state q1 in this automaton?;MUTATION The automaton accepts zero or more words formed by a sequence of the type 11000. In total there are 5 states: q0, q1, q2, q3 and q4. q0 is both the initial and the final state. The transitions are: q0 with value 1 goes to q1, q1 with value 1 goes to q2, q2 with value 0 goes to q3, q3 with value 0 goes to q4, q4 with value 0 goes to q0.;[];0.4;0;True;{'user_input': 'Can you tell me information about state q1 in this automaton?', 'intent': 'fsa-practical', 'argument': 'state', 'dialogue_act': 'Ta:request', 'frame': {'states': 'q1'}};[0.4, 0.5, 0.4, 1.0]
Correctness;4;Is q1 one of the states of this automaton?;MUTATION The automaton accepts zero or more words formed by a sequence of the type 11000. In total there are 5 states: q0, q1, q2, q3 and q4. q0 is both the initial and the final state. The transitions are: q0 with value 1 goes to q1, q1 with value 1 goes to q2, q2 with value 0 goes to q3, q3 with value 0 goes to q4, q4 with value 0 goes to q0.;[];1.0;0;True;{'user_input': 'Is q1 one of the states of this automaton?', 'intent': 'fsa-practical', 'argument': 'state', 'dialogue_act': 'Ta:request', 'frame': {'states': 'q1'}};[0.9, 0.8, 1.0, 1.0]
Correctness;4;which information can you give me about this in this automaton?;The automaton has 5 states and 5 transitions.;[];0.3;1;False;{'user_input': 'which information can you give me about this in this automaton?', 'intent': 'fsa-practical', 'argument': 'automaton', 'dialogue_act': 'Ta:request', 'frame': {'states': ['q1']}, '_raw_frame': {}};[0.4, 0.4, 0.3, 1.0]
Correctness;4;what is the alphabet of the automaton, is it [“2”, “4”]?;Could you be more specific?;[];0.1;2;False;{'user_input': 'what is the alphabet of the automaton, is it [“2”, “4”]?', 'intent': 'fsa-practical', 'argument': 'alphabet', 'dialogue_act': 'Ta:request', 'frame': {'alphabet': '2'}};[0.1, 0.2, 0.1, 1.0]
Correctness;4;What is the alphabet of this automaton? I think it only contains the symbol 2.;Could you be more specific?;[];0.1;3;False;{'user_input': 'What is the alphabet of this automaton? I think it only contains the symbol 2.', 'intent': 'fsa-practical', 'argument': 'alphabet', 'dialogue_act': 'Ta:request', 'frame': {'alphabet': '2'}};[0.1, 0.2, 0.1, 1.0]
Correctness;4;actually the alphabet of this automaton is 2 symbols, 0 and 1.;Could you be more specific?;[];0.1;4;False;{'user_input': 'actually the alphabet of this automaton is 2 symbols, 0 and 1.', 'intent': 'fsa-practical', 'argument': 'alphabet', 'dialogue_act': 'Ta:request', 'frame': {'alphabet': '0'}};[0.1, 0.1, 0.1, 1.0]
Correctness;4;what is the alphabet of the automaton?;Could you be more specific?;[];0.0;5;False;{'user_input': 'what is the alphabet of the automaton?', 'intent': 'fsa-practical', 'argument': 'alphabet', 'dialogue_act': 'Ta:request', 'frame': {'alphabet': '?'}};[0.0, 0.1, 0.0, 1.0]
Correctness;4;the alphabet of this automaton is not {0,1}, right?;Could you be more specific?;[];0.1;6;False;{'user_input': 'the alphabet of this automaton is not {0,1}, right?', 'intent': 'fsa-practical', 'argument': 'alphabet', 'dialogue_act': 'Ta:propositionalQuestion', 'frame': {'alphabet': '0'}};[0.1, 0.2, 0.1, 1.0]
Correctness;4;What is the alphabet of this finite state automaton?;Could you be more specific?;[];0.0;7;False;{'user_input': 'What is the alphabet of this finite state automaton?', 'intent': 'fsa-practical', 'argument': 'alphabet', 'dialogue_act': 'Ta:request', 'frame': {'alphabet': '?'}};[0.0, 0.1, 0.0, 1.0]
Correctness;4;before we say goodbye, could you tell me what the alphabet of this automaton is?;Could you be more specific?;[];0.0;8;False;{'user_input': 'before we say goodbye, could you tell me what the alphabet of this automaton is?', 'intent': 'fsa-practical', 'argument': 'alphabet', 'dialogue_act': 'Ta:propositionalQuestion', 'frame': {'alphabet': '?'}};[0.0, 0.1, 0.0, 1.0]
Correctness;4;What is the alphabet of this automaton?;Could you be more specific?;[];0.0;9;False;{'user_input': 'What is the alphabet of this automaton?', 'intent': 'fsa-practical', 'argument': 'alphabet', 'dialogue_act': 'Ta:request', 'frame': {'alphabet': '?'}};[0.0, 0.1, 0.0, 1.0]
Correctness;4;what is the output of this automaton for a given input string?;Could you be more specific?;[];0.2;10;False;{'user_input': 'what is the output of this automaton for a given input string?', 'intent': 'fsa-practical', 'argument': 'language', 'dialogue_act': 'Ta:request', 'frame': {'output': '?'}};[0.2, 0.3, 0.2, 1.0]
Correctness;5;How many transitions does state q3 have and to which states do they go?;The automaton has 5 transitions: q0 with value 1 goes to q1, q1 with value 1 goes to q2, q2 with value 0 goes to q3, q3 with value 0 goes to q4, q4 with value 0 goes to q0.;['simbolo-q0-q1', 'simbolo-q1-q2', 'simbolo-q2-q3', 'simbolo-q3-q4', 'simbolo-q4-q0'];0.0;1;False;{'user_input': 'How many transitions does state q3 have and to which states do they go?', 'intent': 'fsa-practical', 'argument': 'transition', 'dialogue_act': 'Ta:request', 'frame': {'numberOfTransitions': '?'}};[0.0, 0.3, 0.0, 0.3]
Correctness;5;how many transitions does this automaton have?;The automaton has 5 transitions: q0 with value 1 goes to q1, q1 with value 1 goes to q2, q2 with value 0 goes to q3, q3 with value 0 goes to q4, q4 with value 0 goes to q0.;['simbolo-q0-q1', 'simbolo-q1-q2', 'simbolo-q2-q3', 'simbolo-q3-q4', 'simbolo-q4-q0'];1.0;1;False;{'user_input': 'how many transitions does this automaton have?', 'intent': 'fsa-practical', 'argument': 'transition', 'dialogue_act': 'Ta:request', 'frame': {'numberOfTransitions': '?'}};[1.0, 1.0, 1.0, 1.0]
Correctness;5;how many transitions does this automaton have?;The automaton has 5 transitions: q0 with value 1 goes to q1, q1 with value 1 goes to q2, q2 with value 0 goes to q3, q3 with value 0 goes to q4, q4 with value 0 goes to q0.;['simbolo-q0-q1', 'simbolo-q1-q2', 'simbolo-q2-q3', 'simbolo-q3-q4', 'simbolo-q4-q0'];1.0;1;False;{'user_input': 'how many transitions does this automaton have?', 'intent': 'fsa-practical', 'argument': 'transition', 'dialogue_act': 'Ta:request', 'frame': {'numberOfTransitions': '?'}};[1.0, 1.0, 1.0, 1.0]
Correctness;5;Which states in this automaton have no outgoing transitions?;MUTATION The automaton accepts zero or more words formed by a sequence of the type 11000. In total there are 5 states: q0, q1, q2, q3 and q4. q0 is both the initial and the final state. The transitions are: q0 with value 1 goes to q1, q1 with value 1 goes to q2, q2 with value 0 goes to q3, q3 with value 0 goes to q4, q4 with value 0 goes to q0.;[];0.0;2;True;{'user_input': 'Which states in this automaton have no outgoing transitions?', 'intent': 'fsa-practical', 'argument': 'state', 'dialogue_act': 'Ta:request', 'frame': {'stateWithNoTransitions': '?'}};[0.0, 0.2, 0.0, 1.0]
Correctness;5;Which state in this automaton has no outgoing transitions?;MUTATION The automaton accepts zero or more words formed by a sequence of the type 11000. In total there are 5 states: q0, q1, q2, q3 and q4. q0 is both the initial and the final state. The transitions are: q0 with value 1 goes to q1, q1 with value 1 goes to q2, q2 with value 0 goes to q3, q3 with value 0 goes to q4, q4 with value 0 goes to q0.;[];0.0;3;True;{'user_input': 'Which state in this automaton has no outgoing transitions?', 'intent': 'fsa-practical', 'argument': 'state', 'dialogue_act': 'Ta:request', 'frame': {'states': '?'}};[0.0, 0.2, 0.0, 1.0]
Correctness;5;There are 5 states in the automaton: q0, q1, q2, q3 and q4.;There are 5 states in this automaton.;['simbolo-q0', 'simbolo-q1', 'simbolo-q2', 'simbolo-q3', 'simbolo-q4'];1.0;3;False;{'user_input': 'There are 5 states in the automaton: q0, q1, q2, q3 and q4.', 'intent': 'fsa-practical', 'argument': 'state', 'dialogue_act': 'Ta:request', 'frame': {'numberOfStates': '5'}};[1.0, 1.0, 1.0, 1.0]
Correctness;5;i think the number of states shown in this automaton is wrong. could you tell me what the states are?;This automaton has 5 states.;['simbolo-q0', 'simbolo-q1', 'simbolo-q2', 'simbolo-q3', 'simbolo-q4'];0.2;4;False;{'user_input': 'i think the number of states shown in this automaton is wrong. could you tell me what the states are?', 'intent': 'fsa-practical', 'argument': 'state', 'dialogue_act': 'Ta:propositionalQuestion', 'frame': {'numberOfStates': '?', 'states': '?'}};[0.2, 0.4, 0.2, 0.9]
Correctness;5;which state does the automaton reach when it follows an anti-clockwise pattern?;MUTATION The automaton accepts zero or more words formed by a sequence of the type 11000. In total there are 5 states: q0, q1, q2, q3 and q4. q0 is both the initial and the final state. The transitions are: q0 with value 1 goes to q1, q1 with value 1 goes to q2, q2 with value 0 goes to q3, q3 with value 0 goes to q4, q4 with value 0 goes to q0.;[];0.3;5;True;{'user_input': 'which state does the automaton reach when it follows an anti-clockwise pattern?', 'intent': 'fsa-practical', 'argument': 'state', 'dialogue_act': 'Ta:request', 'frame': {'states': '?'}};[0.2, 0.4, 0.3, 1.0]
Correctness;5;Thank you, could you tell me what the states of this automaton are?;MUTATION The automaton accepts zero or more words formed by a sequence of the type 11000. In total there are 5 states: q0, q1, q2, q3 and q4. q0 is both the initial and the final state. The transitions are: q0 with value 1 goes to q1, q1 with value 1 goes to q2, q2 with value 0 goes to q3, q3 with value 0 goes to q4, q4 with value 0 goes to q0.;[];1.0;5;True;{'user_input': 'Thank you, could you tell me what the states of this automaton are?', 'intent': 'fsa-practical', 'argument': 'state', 'dialogue_act': 'Ta:request', 'frame': {'states': '?'}};[0.95, 0.9, 1.0, 1.0]
Correctness;5;What are the states of this automaton?;MUTATION The automaton accepts zero or more words formed by a sequence of the type 11000. In total there are 5 states: q0, q1, q2, q3 and q4. q0 is both the initial and the final state. The transitions are: q0 with value 1 goes to q1, q1 with value 1 goes to q2, q2 with value 0 goes to q3, q3 with value 0 goes to q4, q4 with value 0 goes to q0.;[];1.0;5;True;{'user_input': 'What are the states of this automaton?', 'intent': 'fsa-practical', 'argument': 'state', 'dialogue_act': 'Ta:request', 'frame': {'states': '?'}};[0.9, 0.9, 1.0, 1.0]
VisualRelevancy;1;Is it possible to go from q2 to q4 with a single transition in this automaton?;There is no transition between q2 and q4.;[];1.0;0;False;{'user_input': 'Is it possible to go from q2 to q4 with a single transition in this automaton?', 'intent': 'fsa-practical', 'argument': 'transition', 'dialogue_act': 'Ta:request', 'frame': {'transitions': [['q2', 'q4', '?']]}};[1.0, 1.0, 1.0, 1.0]
VisualRelevancy;1;what is the transition between states q2 and q4 in this automaton?;There is no transition between q2 and q4.;[];1.0;0;False;{'user_input': 'what is the transition between states q2 and q4 in this automaton?', 'intent': 'fsa-practical', 'argument': 'transition', 'dialogue_act': 'Ta:request', 'frame': {'transitions': [['q2', 'q4', '?']]}};[1.0, 1.0, 1.0, 1.0]
VisualRelevancy;1;does this automaton contain a this on input 0?;Could you be more specific?;[];1.0;0;False;{'user_input': 'does this automaton contain a this on input 0?', 'intent': 'fsa-practical', 'argument': 'pattern', 'dialogue_act': 'Ta:propositionalQuestion', 'frame': {'transitions': [['q2', 'q3', '?']]}, '_raw_frame': {'patternType': '?'}};[0.2, 0.3, 0.2, 1.0]
VisualRelevancy;1;The transition from q2 to q3 has an unknown input symbol, so the transition is [q2, q3, ?].;The transition between q2 and q3 is with value 0.;['simbolo-q2-q3'];1.0;0;False;{'user_input': 'The transition from q2 to q3 has an unknown input symbol, so the transition is [q2, q3, ?].', 'intent': 'fsa-practical', 'argument': 'transition', 'dialogue_act': 'Ta:request', 'frame': {'transitions': [['q2', 'q3', '?']]}};[1.0, 1.0, 1.0, 1.0]
VisualRelevancy;1;what is the language accepted by the automaton if this has an unknown input symbol?;Could you be more specific?;[];1.0;0;False;{'user_input': 'what is the language accepted by the automaton if this has an unknown input symbol?', 'intent': 'fsa-practical', 'argument': 'language', 'dialogue_act': 'Ta:request', 'frame': {'transitions': [['q2', 'q3', '?']]}, '_raw_frame': {'input': '?'}};[0.1, 0.2, 0.1, 1.0]
VisualRelevancy;1;what is the language recognized by the automaton given that this has an unknown input symbol?;Could you be more specific?;[];1.0;0;False;{'user_input': 'what is the language recognized by the automaton given that this has an unknown input symbol?', 'intent': 'fsa-practical', 'argument': 'language', 'dialogue_act': 'Ta:request', 'frame': {'transitions': [['q2', 'q3', '?']]}, '_raw_frame': {'input': '?'}};[0.1, 0.2, 0.1, 1.0]
VisualRelevancy;1;i accept that the language to be studied is defined by this, but i don’t know which input symbol labels this transition.;Could you be more specific?;[];1.0;0;False;{'user_input': 'i accept that the language to be studied is defined by this, but i don’t know which input symbol labels this transition.', 'intent': 'fsa-practical', 'argument': 'language', 'dialogue_act': 'Ta:propositionalQuestion', 'frame': {'transitions': [['q2', 'q3', '?']]}, '_raw_frame': {'input': '?'}};[0.1, 0.2, 0.1, 1.0]
VisualRelevancy;1;From which state does the automaton start when defining its language?;The initial state is q0.;['simbolo-q0'];1.0;0;False;{'user_input': 'From which state does the automaton start when defining its language?', 'intent': 'fsa-practical', 'argument': 'state', 'dialogue_act': 'Ta:request', 'frame': {'initialState': '?'}};[1.0, 1.0, 1.0, 1.0]
VisualRelevancy;1;what are the states of this automaton?;MUTATION The automaton accepts zero or more words formed by a sequence of the type 11000. In total there are 5 states: q0, q1, q2, q3 and q4. q0 is both the initial and the final state. The transitions are: q0 with value 1 goes to q1, q1 with value 1 goes to q2, q2 with value 0 goes to q3, q3 with value 0 goes to q4, q4 with value 0 goes to q0.;[];1.0;0;True;{'user_input': 'what are the states of this automaton?', 'intent': 'fsa-practical', 'argument': 'state', 'dialogue_act': 'Ta:request', 'frame': {'states': '?'}};[0.95, 0.9, 1.0, 1.0]
VisualRelevancy;1;Which information can you give me about the state q1 of this automaton?;MUTATION The automaton accepts zero or more words formed by a sequence of the type 11000. In total there are 5 states: q0, q1, q2, q3 and q4. q0 is both the initial and the final state. The transitions are: q0 with value 1 goes to q1, q1 with value 1 goes to q2, q2 with value 0 goes to q3, q3 with value 0 goes to q4, q4 with value 0 goes to q0.;[];1.0;0;True;{'user_input': 'Which information can you give me about the state q1 of this automaton?', 'intent': 'fsa-practical', 'argument': 'state', 'dialogue_act': 'Ta:request', 'frame': {'states': 'q1'}};[0.3, 0.4, 0.4, 1.0]
VisualRelevancy;1;can you give me information about this?;The automaton has 5 states and 5 transitions.;[];1.0;0;False;{'user_input': 'can you give me information about this?', 'intent': 'fsa-practical', 'argument': 'automaton', 'dialogue_act': 'Ta:request', 'frame': {'states': ['q1']}, '_raw_frame': {}};[0.4, 0.5, 0.3, 1.0]
VisualRelevancy;1;Can you explain the state q1 of this automaton from a theoretical point of view?;MUTATION The automaton accepts zero or more words formed by a sequence of the type 11000. In total there are 5 states: q0, q1, q2, q3 and q4. q0 is both the initial and the final state. The transitions are: q0 with value 1 goes to q1, q1 with value 1 goes to q2, q2 with value 0 goes to q3, q3 with value 0 goes to q4, q4 with value 0 goes to q0.;[];1.0;0;True;{'user_input': 'Can you explain the state q1 of this automaton from a theoretical point of view?', 'intent': 'fsa-practical', 'argument': 'state', 'dialogue_act': 'Ta:propositionalQuestion', 'frame': {'states': ['q1']}};[0.3, 0.4, 0.4, 1.0]
VisualRelevancy;1;What is the pattern that involves the state q1 in this automaton?;Could you be more specific?;[];1.0;0;False;{'user_input': 'What is the pattern that involves the state q1 in this automaton?', 'intent': 'fsa-practical', 'argument': 'pattern', 'dialogue_act': 'Ta:request', 'frame': {'patternType': '?'}};[0.1, 0.2, 0.1, 1.0]
VisualRelevancy;1;the automaton shown has 7 transitions, right?;The automaton has 5 transitions: q0 with value 1 goes to q1, q1 with value 1 goes to q2, q2 with value 0 goes to q3, q3 with value 0 goes to q4, q4 with value 0 goes to q0.;['simbolo-q0-q1', 'simbolo-q1-q2', 'simbolo-q2-q3', 'simbolo-q3-q4', 'simbolo-q4-q0'];1.0;0;False;{'user_input': 'the automaton shown has 7 transitions, right?', 'intent': 'fsa-practical', 'argument': 'transition', 'dialogue_act': 'Ta:propositionalQuestion', 'frame': {'numberOfTransitions': '7'}};[1.0, 1.0, 1.0, 1.0]
VisualRelevancy;1;There are 7 transitions in this automaton, right?;The automaton has 5 transitions: q0 with value 1 goes to q1, q1 with value 1 goes to q2, q2 with value 0 goes to q3, q3 with value 0 goes to q4, q4 with value 0 goes to q0.;['simbolo-q0-q1', 'simbolo-q1-q2', 'simbolo-q2-q3', 'simbolo-q3-q4', 'simbolo-q4-q0'];1.0;0;False;{'user_input': 'There are 7 transitions in this automaton, right?', 'intent': 'fsa-practical', 'argument': 'transition', 'dialogue_act': 'Ta:request', 'frame': {'transitions': []}};[1.0, 1.0, 1.0, 1.0]
VisualRelevancy;2;What is the label of the transition from q1 to q2 in the diagram?;The transition between q1 and q2 is with value 1.;['simbolo-q1-q2'];1.0;0;False;{'user_input': 'What is the label of the transition from q1 to q2 in the diagram?', 'intent': 'fsa-practical', 'argument': 'transition', 'dialogue_act': 'Ta:request', 'frame': {'transitions': [['q1', 'q2', '?']]}};[1.0, 1.0, 1.0, 1.0]
VisualRelevancy;2;"this is not labeled correctly; what should the symbol on that transition be?";The transition between q1 and q2 is with value 1.;['simbolo-q1-q2'];0.8;0;False;"{'user_input': 'this is not labeled correctly; what should the symbol on that transition be?', 'intent': 'fsa-practical', 'argument': 'transition', 'dialogue_act': 'Ta:request', 'frame': {'transitions': [['q1', 'q2', '?']]}, '_raw_frame': {'transitions': []}}";[0.0, 0.2, 0.0, 0.8]
VisualRelevancy;2;Could you tell me the transitions of this automaton with its 5 states?;The automaton has 5 transitions: q0 with value 1 goes to q1, q1 with value 1 goes to q2, q2 with value 0 goes to q3, q3 with value 0 goes to q4, q4 with value 0 goes to q0.;['simbolo-q0-q1', 'simbolo-q1-q2', 'simbolo-q2-q3', 'simbolo-q3-q4', 'simbolo-q4-q0'];1.0;0;False;{'user_input': 'Could you tell me the transitions of this automaton with its 5 states?', 'intent': 'fsa-practical', 'argument': 'transition', 'dialogue_act': 'Ta:request', 'frame': {'numberOfStates': '5'}};[1.0, 1.0, 1.0, 1.0]
VisualRelevancy;2;What is the input that makes this automaton go through its transitions?;Could you be more specific?;[];1.0;0;False;{'user_input': 'What is the input that makes this automaton go through its transitions?', 'intent': 'fsa-practical', 'argument': 'language', 'dialogue_act': 'Ta:request', 'frame': {'input': '?'}};[0.1, 0.1, 0.1, 1.0]
VisualRelevancy;2;What is the label on the transition from q1 to q2?;The transition between q1 and q2 is with value 1.;['simbolo-q1-q2'];1.0;0;False;{'user_input': 'What is the label on the transition from q1 to q2?', 'intent': 'fsa-practical', 'argument': 'transition', 'dialogue_act': 'Ta:request', 'frame': {'transitions': [['q1', 'q2', '?']]}};[1.0, 1.0, 1.0, 1.0]
VisualRelevancy;2;what is this with input symbol 1?;Could you be more specific?;[];0.9;0;False;{'user_input': 'what is this with input symbol 1?', 'intent': 'fsa-practical', 'argument': 'language', 'dialogue_act': 'Ta:request', 'frame': {'transitions': [['q0', 'q1', '?']]}, '_raw_frame': {'input': '1'}};[0.1, 0.2, 0.1, 0.9]
VisualRelevancy;2;what is the alphabet of the automaton for this?;Could you be more specific?;[];1.0;0;False;{'user_input': 'what is the alphabet of the automaton for this?', 'intent': 'fsa-practical', 'argument': 'alphabet', 'dialogue_act': 'Ta:request', 'frame': {'transitions': [['q1', 'q2', '?']]}, '_raw_frame': {'alphabet': '?'}};[0.0, 0.1, 0.0, 1.0]
VisualRelevancy;3;Does this automaton accept the input string 11000 starting from q0?;Could you be more specific?;[];1.0;0;False;{'user_input': 'Does this automaton accept the input string 11000 starting from q0?', 'intent': 'fsa-practical', 'argument': 'language', 'dialogue_act': 'Ta:propositionalQuestion', 'frame': {'input': '11000'}};[0.0, 0.1, 0.0, 1.0]
VisualRelevancy;3;what are the transitions that start from this?;The state q4 exists.;['simbolo-q4'];0.2;1;False;{'user_input': 'what are the transitions that start from this?', 'intent': 'fsa-practical', 'argument': 'transition', 'dialogue_act': 'Ta:request', 'frame': {'states': ['q4']}, '_raw_frame': {'transitions': []}};[0.0, 0.1, 0.0, 0.2]
VisualRelevancy;3;which state does the automaton transition to when the input leads to q1?;MUTATION The automaton accepts zero or more words formed by a sequence of the type 11000. In total there are 5 states: q0, q1, q2, q3 and q4. q0 is both the initial and the final state. The transitions are: q0 with value 1 goes to q1, q1 with value 1 goes to q2, q2 with value 0 goes to q3, q3 with value 0 goes to q4, q4 with value 0 goes to q0.;[];1.0;1;True;{'user_input': 'which state does the automaton transition to when the input leads to q1?', 'intent': 'fsa-practical', 'argument': 'state', 'dialogue_act': 'Ta:request', 'frame': {'transitions': [['q1', '?', '?']]}};[0.2, 0.3, 0.3, 1.0]
VisualRelevancy;3;which transitions leave from this in this automaton?;The state q4 exists.;['simbolo-q4'];0.2;2;False;{'user_input': 'which transitions leave from this in this automaton?', 'intent': 'fsa-practical', 'argument': 'transition', 'dialogue_act': 'Ta:request', 'frame': {'states': ['q4']}, '_raw_frame': {'transitions': []}};[0.0, 0.1, 0.0, 0.2]
VisualRelevancy;3;set a question about the transition that involves this.;The state q4 exists.;['simbolo-q4'];0.9;2;False;{'user_input': 'set a question about the transition that involves this.', 'intent': 'fsa-practical', 'argument': 'transition', 'dialogue_act': 'Ta:propositionalQuestion', 'frame': {'states': ['q4']}, '_raw_frame': {'transitions': []}};[0.1, 0.1, 0.1, 0.9]
VisualRelevancy;3;which transitions are connected to this in this automaton?;The state q4 exists.;['simbolo-q4'];0.2;3;False;{'user_input': 'which transitions are connected to this in this automaton?', 'intent': 'fsa-practical', 'argument': 'transition', 'dialogue_act': 'Ta:request', 'frame': {'states': ['q4']}, '_raw_frame': {'transitions': []}};[0.0, 0.1, 0.0, 0.2]
VisualRelevancy;3;what are the transitions of this automaton over the alphabet [“1”, “0”]?;The automaton has 5 transitions: q0 with value 1 goes to q1, q1 with value 1 goes to q2, q2 with value 0 goes to q3, q3 with value 0 goes to q4, q4 with value 0 goes to q0.;['simbolo-q0-q1', 'simbolo-q1-q2', 'simbolo-q2-q3', 'simbolo-q3-q4', 'simbolo-q4-q0'];0.95;3;False;{'user_input': 'what are the transitions of this automaton over the alphabet [“1”, “0”]?', 'intent': 'fsa-practical', 'argument': 'transition', 'dialogue_act': 'Ta:request', 'frame': {'alphabet': '1'}};[0.95, 1.0, 1.0, 0.95]
VisualRelevancy;3;which state is q4 in this automaton?;MUTATION The automaton accepts zero or more words formed by a sequence of the type 11000. In total there are 5 states: q0, q1, q2, q3 and q4. q0 is both the initial and the final state. The transitions are: q0 with value 1 goes to q1, q1 with value 1 goes to q2, q2 with value 0 goes to q3, q3 with value 0 goes to q4, q4 with value 0 goes to q0.;[];1.0;3;True;{'user_input': 'which state is q4 in this automaton?', 'intent': 'fsa-practical', 'argument': 'state', 'dialogue_act': 'Ta:request', 'frame': {'states': 'q4'}};[0.2, 0.4, 0.3, 1.0]
VisualRelevancy;3;can you describe the transitions of the automaton shown in the pentagon representation?;The automaton has 5 transitions: q0 with value 1 goes to q1, q1 with value 1 goes to q2, q2 with value 0 goes to q3, q3 with value 0 goes to q4, q4 with value 0 goes to q0.;['simbolo-q0-q1', 'simbolo-q1-q2', 'simbolo-q2-q3', 'simbolo-q3-q4', 'simbolo-q4-q0'];1.0;3;False;{'user_input': 'can you describe the transitions of the automaton shown in the pentagon representation?', 'intent': 'fsa-practical', 'argument': 'transition', 'dialogue_act': 'Ta:request', 'frame': {'transitions': []}};[1.0, 1.0, 1.0, 1.0]
VisualRelevancy;3;Does this automaton contain a transition from q2 to q3 on input 0?;The transition between q2 and q3 is with value 0.;['simbolo-q2-q3'];1.0;3;False;{'user_input': 'Does this automaton contain a transition from q2 to q3 on input 0?', 'intent': 'fsa-practical', 'argument': 'transition', 'dialogue_act': 'Ta:propositionalQuestion', 'frame': {'transitions': [['q2', 'q3', '0']]}};[1.0, 1.0, 1.0, 1.0]
VisualRelevancy;3;Which transitions does this regular automaton have?;The automaton has 5 transitions: q0 with value 1 goes to q1, q1 with value 1 goes to q2, q2 with value 0 goes to q3, q3 with value 0 goes to q4, q4 with value 0 goes to q0.;['simbolo-q0-q1', 'simbolo-q1-q2', 'simbolo-q2-q3', 'simbolo-q3-q4', 'simbolo-q4-q0'];1.0;3;False;{'user_input': 'Which transitions does this regular automaton have?', 'intent': 'fsa-practical', 'argument': 'transition', 'dialogue_act': 'Ta:request', 'frame': {'transitions': []}};[1.0, 1.0, 1.0, 1.0]
VisualRelevancy;4;How can I tell from the picture whether this automaton is deterministic or nondeterministic?;Could you be more specific?;[];1.0;0;False;{'user_input': 'How can I tell from the picture whether this automaton is deterministic or nondeterministic?', 'intent': 'fsa-practical', 'argument': 'pattern', 'dialogue_act': 'Ta:request', 'frame': {'graphicPatternRecognition': 'automatonType'}};[0.1, 0.1, 0.1, 1.0]
VisualRelevancy;4;Hi, looking at this automaton’s diagram, could you help me recognize what type of automaton it is?;The automaton has 5 states and 5 transitions.;[];1.0;0;False;{'user_input': 'Hi, looking at this automaton’s diagram, could you help me recognize what type of automaton it is?', 'intent': 'fsa-practical', 'argument': 'automaton', 'dialogue_act': 'Ta:request', 'frame': {'graphicRepresentation': '?'}};[0.1, 0.2, 0.1, 1.0]
VisualRelevancy;4;What is the graphical representation of the pattern recognized by this automaton?;Could you be more specific?;[];1.0;0;False;{'user_input': 'What is the graphical representation of the pattern recognized by this automaton?', 'intent': 'fsa-practical', 'argument': 'pattern', 'dialogue_act': 'Ta:request', 'frame': {'graphicRepresentation': '?'}};[0.0, 0.1, 0.0, 1.0]
VisualRelevancy;4;what type of pattern does this automaton recognize?;Could you be more specific?;[];1.0;0;False;{'user_input': 'what type of pattern does this automaton recognize?', 'intent': 'fsa-practical', 'argument': 'pattern', 'dialogue_act': 'Ta:request', 'frame': {'patternType': '?'}};[0.1, 0.2, 0.1, 1.0]
VisualRelevancy;4;How many final states does this automaton’s pattern have?;MUTATION The automaton accepts zero or more words formed by a sequence of the type 11000. In total there are 5 states: q0, q1, q2, q3 and q4. q0 is both the initial and the final state. The transitions are: q0 with value 1 goes to q1, q1 with value 1 goes to q2, q2 with value 0 goes to q3, q3 with value 0 goes to q4, q4 with value 0 goes to q0.;[];1.0;0;True;{'user_input': 'How many final states does this automaton’s pattern have?', 'intent': 'fsa-practical', 'argument': 'state', 'dialogue_act': 'Ta:request', 'frame': {'numberOfFinalStates': '?'}};[0.4, 0.6, 0.5, 1.0]
VisualRelevancy;4;How many final states does this automaton’s pattern have?;MUTATION The automaton accepts zero or more words formed by a sequence of the type 11000. In total there are 5 states: q0, q1, q2, q3 and q4. q0 is both the initial and the final state. The transitions are: q0 with value 1 goes to q1, q1 with value 1 goes to q2, q2 with value 0 goes to q3, q3 with value 0 goes to q4, q4 with value 0 goes to q0.;[];1.0;0;True;{'user_input': 'How many final states does this automaton’s pattern have?', 'intent': 'fsa-practical', 'argument': 'state', 'dialogue_act': 'Ta:request', 'frame': {'numberOfFinalStates': '?'}};[0.2, 0.4, 0.3, 1.0]
VisualRelevancy;4;What is the language accepted by this automaton, and how many final states does it have?;Could you be more specific?;[];1.0;0;False;{'user_input': 'What is the language accepted by this automaton, and how many final states does it have?', 'intent': 'fsa-practical', 'argument': 'language', 'dialogue_act': 'Ta:request', 'frame': {'numberOfStates': '?', 'alphabet': '?', 'acceptingStates': '?'}};[0.0, 0.1, 0.0, 1.0]
VisualRelevancy;4;Could you tell me whether the language recognized by this automaton is regular?;Could you be more specific?;[];1.0;0;False;{'user_input': 'Could you tell me whether the language recognized by this automaton is regular?', 'intent': 'fsa-practical', 'argument': 'language', 'dialogue_act': 'Ta:request', 'frame': {'input': '?'}};[0.1, 0.1, 0.1, 1.0]
VisualRelevancy;4;what is the language recognized by this automaton for the input string?;Could you be more specific?;[];1.0;0;False;{'user_input': 'what is the language recognized by this automaton for the input string?', 'intent': 'fsa-practical', 'argument': 'language', 'dialogue_act': 'Ta:request', 'frame': {'input': '?'}};[0.1, 0.2, 0.1, 1.0]
VisualRelevancy;4;what are the transitions of this automaton for an input string of length 5?;The automaton has 5 transitions: q0 with value 1 goes to q1, q1 with value 1 goes to q2, q2 with value 0 goes to q3, q3 with value 0 goes to q4, q4 with value 0 goes to q0.;['simbolo-q0-q1', 'simbolo-q1-q2', 'simbolo-q2-q3', 'simbolo-q3-q4', 'simbolo-q4-q0'];1.0;0;False;{'user_input': 'what are the transitions of this automaton for an input string of length 5?', 'intent': 'fsa-practical', 'argument': 'transition', 'dialogue_act': 'Ta:request', 'frame': {'inputLength': '5'}};[0.9, 0.9, 1.0, 1.0]
VisualRelevancy;4;what are the transitions taken by the automaton when it processes an input string of length 5?;The automaton has 5 transitions: q0 with value 1 goes to q1, q1 with value 1 goes to q2, q2 with value 0 goes to q3, q3 with value 0 goes to q4, q4 with value 0 goes to q0.;['simbolo-q0-q1', 'simbolo-q1-q2', 'simbolo-q2-q3', 'simbolo-q3-q4', 'simbolo-q4-q0'];1.0;0;False;{'user_input': 'what are the transitions taken by the automaton when it processes an input string of length 5?', 'intent': 'fsa-practical', 'argument': 'transition', 'dialogue_act': 'Ta:request', 'frame': {'inputLength': '5'}};[0.95, 1.0, 1.0, 1.0]
VisualRelevancy;4;Given this automaton, what are all the transitions for an input string of length 5?;The automaton has 5 transitions: q0 with value 1 goes to q1, q1 with value 1 goes to q2, q2 with value 0 goes to q3, q3 with value 0 goes to q4, q4 with value 0 goes to q0.;['simbolo-q0-q1', 'simbolo-q1-q2', 'simbolo-q2-q3', 'simbolo-q3-q4', 'simbolo-q4-q0'];1.0;0;False;{'user_input': 'Given this automaton, what are all the transitions for an input string of length 5?', 'intent': 'fsa-practical', 'argument': 'transition', 'dialogue_act': 'Ta:request', 'frame': {'transitions': []}};[0.9, 0.95, 1.0, 1.0]
VisualRelevancy;4;Could you list all the transitions of this automaton, specifying from which state to which state they go and with which input symbol?;The automaton has 5 transitions: q0 with value 1 goes to q1, q1 with value 1 goes to q2, q2 with value 0 goes to q3, q3 with value 0 goes to q4, q4 with value 0 goes to q0.;['simbolo-q0-q1', 'simbolo-q1-q2', 'simbolo-q2-q3', 'simbolo-q3-q4', 'simbolo-q4-q0'];1.0;0;False;{'user_input': 'Could you list all the transitions of this automaton, specifying from which state to which state they go and with which input symbol?', 'intent': 'fsa-practical', 'argument': 'transition', 'dialogue_act': 'Ta:request', 'frame': {'transitions': []}};[1.0, 1.0, 1.0, 1.0]
VisualRelevancy;4;Sorry, I meant the transition from q3 to q4 is labeled with 0.;The transition between q3 and q4 is with value 0.;['simbolo-q3-q4'];1.0;0;False;{'user_input': 'Sorry, I meant the transition from q3 to q4 is labeled with 0.', 'intent': 'fsa-practical', 'argument': 'transition', 'dialogue_act': 'Ta:request', 'frame': {'transitions': [['q3', 'q4', '0']]}};[1.0, 1.0, 1.0, 1.0]
VisualRelevancy;4;this occurs with input symbol 0.;MUTATION The automaton accepts zero or more words formed by a sequence of the type 11000. In total there are 5 states: q0, q1, q2, q3 and q4. q0 is both the initial and the final state. The transitions are: q0 with value 1 goes to q1, q1 with value 1 goes to q2, q2 with value 0 goes to q3, q3 with value 0 goes to q4, q4 with value 0 goes to q0.;[];1.0;0;True;{'user_input': 'this occurs with input symbol 0.', 'intent': 'fsa-practical', 'argument': 'state', 'dialogue_act': 'Ta:request', 'frame': {'transitions': [['q3', 'q4', '?']]}, '_raw_frame': {'input': '0'}};[0.2, 0.4, 0.3, 1.0]
VisualRelevancy;5;What is the formal language described by this automaton in terms of strings of 0s and 1s?;Could you be more specific?;[];1.0;0;False;{'user_input': 'What is the formal language described by this automaton in terms of strings of 0s and 1s?', 'intent': 'fsa-practical', 'argument': 'language', 'dialogue_act': 'Ta:request', 'frame': {'input': '?'}};[0.0, 0.1, 0.0, 1.0]
VisualRelevancy;5;what is the language accepted by this finite state automaton if its graphical representation is a triangle?;Could you be more specific?;[];1.0;0;False;{'user_input': 'what is the language accepted by this finite state automaton if its graphical representation is a triangle?', 'intent': 'fsa-practical', 'argument': 'language', 'dialogue_act': 'Ta:request', 'frame': {'graphicRepresentation': 'triangle'}};[0.0, 0.1, 0.0, 1.0]
VisualRelevancy;5;Sorry, I meant the language: given this finite state automaton with a triangular graphic representation, I was asking about its language in a more practical way.;Could you be more specific?;[];1.0;0;False;{'user_input': 'Sorry, I meant the language: given this finite state automaton with a triangular graphic representation, I was asking about its language in a more practical way.', 'intent': 'fsa-practical', 'argument': 'language', 'dialogue_act': 'Ta:propositionalQuestion', 'frame': {'graphicRepresentation': 'triangular'}};[0.2, 0.2, 0.2, 1.0]
VisualRelevancy;5;What is the language accepted by this automaton when it is drawn using a triangular graphical representation?;Could you be more specific?;[];1.0;0;False;{'user_input': 'What is the language accepted by this automaton when it is drawn using a triangular graphical representation?', 'intent': 'fsa-practical', 'argument': 'language', 'dialogue_act': 'Ta:request', 'frame': {'graphicRepresentation': 'triangular'}};[0.0, 0.1, 0.0, 1.0]
VisualRelevancy;5;Can you describe the transitions of this automaton in a triangular graphic representation?;The automaton has 5 transitions: q0 with value 1 goes to q1, q1 with value 1 goes to q2, q2 with value 0 goes to q3, q3 with value 0 goes to q4, q4 with value 0 goes to q0.;['simbolo-q0-q1', 'simbolo-q1-q2', 'simbolo-q2-q3', 'simbolo-q3-q4', 'simbolo-q4-q0'];0.9;0;False;{'user_input': 'Can you describe the transitions of this automaton in a triangular graphic representation?', 'intent': 'fsa-practical', 'argument': 'transition', 'dialogue_act': 'Ta:request', 'frame': {'graphicRepresentation': 'triangularGraphic'}};[0.4, 0.5, 0.4, 0.9]
VisualRelevancy;5;Can you show me the transitions of the automaton using a triangular graphic representation?;The automaton has 5 transitions: q0 with value 1 goes to q1, q1 with value 1 goes to q2, q2 with value 0 goes to q3, q3 with value 0 goes to q4, q4 with value 0 goes to q0.;['simbolo-q0-q1', 'simbolo-q1-q2', 'simbolo-q2-q3', 'simbolo-q3-q4', 'simbolo-q4-q0'];0.9;0;False;{'user_input': 'Can you show me the transitions of the automaton using a triangular graphic representation?', 'intent': 'fsa-practical', 'argument': 'transition', 'dialogue_act': 'Ta:request', 'frame': {'graphicRepresentation': 'triangular'}};[0.4, 0.5, 0.5, 0.9]
VisualRelevancy;5;can you explain, from a theoretical point of view, how the transitions of this automaton should be represented in a triangular graphical representation?;The automaton has 5 transitions: q0 with value 1 goes to q1, q1 with value 1 goes to q2, q2 with value 0 goes to q3, q3 with value 0 goes to q4, q4 with value 0 goes to q0.;['simbolo-q0-q1', 'simbolo-q1-q2', 'simbolo-q2-q3', 'simbolo-q3-q4', 'simbolo-q4-q0'];0.9;0;False;{'user_input': 'can you explain, from a theoretical point of view, how the transitions of this automaton should be represented in a triangular graphical representation?', 'intent': 'fsa-practical', 'argument': 'transition', 'dialogue_act': 'Ta:request', 'frame': {'graphicRepresentation': 'triangular'}};[0.3, 0.4, 0.4, 0.9]
VisualRelevancy;5;Before I go, could you summarize the transitions of this automaton with its triangular graphic representation?;The automaton has 5 transitions: q0 with value 1 goes to q1, q1 with value 1 goes to q2, q2 with value 0 goes to q3, q3 with value 0 goes to q4, q4 with value 0 goes to q0.;['simbolo-q0-q1', 'simbolo-q1-q2', 'simbolo-q2-q3', 'simbolo-q3-q4', 'simbolo-q4-q0'];0.95;0;False;{'user_input': 'Before I go, could you summarize the transitions of this automaton with its triangular graphic representation?', 'intent': 'fsa-practical', 'argument': 'transition', 'dialogue_act': 'Ta:request', 'frame': {'transitions': []}};[0.95, 0.95, 1.0, 0.95]
VisualRelevancy;5;Is the transition function of this finite state automaton deterministic?;The automaton has 5 transitions: q0 with value 1 goes to q1, q1 with value 1 goes to q2, q2 with value 0 goes to q3, q3 with value 0 goes to q4, q4 with value 0 goes to q0.;['simbolo-q0-q1', 'simbolo-q1-q2', 'simbolo-q2-q3', 'simbolo-q3-q4', 'simbolo-q4-q0'];0.9;0;False;{'user_input': 'Is the transition function of this finite state automaton deterministic?', 'intent': 'fsa-practical', 'argument': 'transition', 'dialogue_act': 'Ta:request', 'frame': {'transitionalStates': '?'}};[0.0, 0.4, 0.2, 0.9]
VisualRelevancy;5;can you show me the transitions of the automaton when its graphical representation is a triangle?;The automaton has 5 transitions: q0 with value 1 goes to q1, q1 with value 1 goes to q2, q2 with value 0 goes to q3, q3 with value 0 goes to q4, q4 with value 0 goes to q0.;['simbolo-q0-q1', 'simbolo-q1-q2', 'simbolo-q2-q3', 'simbolo-q3-q4', 'simbolo-q4-q0'];1.0;0;False;{'user_input': 'can you show me the transitions of the automaton when its graphical representation is a triangle?', 'intent': 'fsa-practical', 'argument': 'transition', 'dialogue_act': 'Ta:propositionalQuestion', 'frame': {'graphicRepresentation': 'triangle'}};[1.0, 0.95, 1.0, 1.0]
VisualRelevancy;5;What is the pattern recognized by this automaton?;Could you be more specific?;[];1.0;0;False;{'user_input': 'What is the pattern recognized by this automaton?', 'intent': 'fsa-practical', 'argument': 'pattern', 'dialogue_act': 'Ta:request', 'frame': {'patternType': '?'}};[0.0, 0.1, 0.0, 1.0]
VisualRelevancy;5;could you explain what the transitions of this automaton are?;The automaton has 5 transitions: q0 with value 1 goes to q1, q1 with value 1 goes to q2, q2 with value 0 goes to q3, q3 with value 0 goes to q4, q4 with value 0 goes to q0.;['simbolo-q0-q1', 'simbolo-q1-q2', 'simbolo-q2-q3', 'simbolo-q3-q4', 'simbolo-q4-q0'];1.0;0;False;{'user_input': 'could you explain what the transitions of this automaton are?', 'intent': 'fsa-practical', 'argument': 'transition', 'dialogue_act': 'Ta:request', 'frame': {}};[1.0, 1.0, 1.0, 1.0]
VisualRelevancy;5;hi, could you show me the transitions of this automaton?;The automaton has 5 transitions: q0 with value 1 goes to q1, q1 with value 1 goes to q2, q2 with value 0 goes to q3, q3 with value 0 goes to q4, q4 with value 0 goes to q0.;['simbolo-q0-q1', 'simbolo-q1-q2', 'simbolo-q2-q3', 'simbolo-q3-q4', 'simbolo-q4-q0'];1.0;0;False;{'user_input': 'hi, could you show me the transitions of this automaton?', 'intent': 'fsa-practical', 'argument': 'transition', 'dialogue_act': 'Ta:request', 'frame': {'transitions': []}};[1.0, 1.0, 1.0, 1.0]
VisualRelevancy;5;In this automaton, how many final states are there considering all the transitions?;MUTATION The automaton accepts zero or more words formed by a sequence of the type 11000. In total there are 5 states: q0, q1, q2, q3 and q4. q0 is both the initial and the final state. The transitions are: q0 with value 1 goes to q1, q1 with value 1 goes to q2, q2 with value 0 goes to q3, q3 with value 0 goes to q4, q4 with value 0 goes to q0.;[];1.0;0;True;{'user_input': 'In this automaton, how many final states are there considering all the transitions?', 'intent': 'fsa-practical', 'argument': 'state', 'dialogue_act': 'Ta:request', 'frame': {'numberOfFinalStates': '?'}};[0.2, 0.4, 0.3, 1.0]
