METRIC;ITERATION;QUESTION;ANSWER;VISUAL_ANSWER;JUDGE_VALUE;FAILS;MUTED;NLU_OUTPUT
Accuracy;1;Is it possible to go from q2 to q4 in this automaton?;there is no transition between q2 and q4.;[];0.2;1;False;{'user_input': 'Is it possible to go from q2 to q4 in this automaton?', 'intent': 'fsa-practical', 'argument': 'transition', 'dialogue_act': 'Ta:propositionalQuestion', 'frame': {'transitions': [['q2', 'q4', '?']]}}
Accuracy;1;the transition from this to that has which input value?;the transition is not defined.;[];0.0;2;False;{'user_input': 'the transition from this to that has which input value?', 'intent': 'fsa-practical', 'argument': 'transition', 'dialogue_act': 'Ta:request', 'frame': {'states': ['q4', 'q2']}, '_raw_frame': {'transitions': []}}
Accuracy;1;what is the language accepted by the automaton starting from that and involving this?;Could you be more specific?;[];0.1;3;False;{'user_input': 'what is the language accepted by the automaton starting from that and involving this?', 'intent': 'fsa-practical', 'argument': 'language', 'dialogue_act': 'Ta:request', 'frame': {'states': ['q4', 'q2']}, '_raw_frame': {'input': '?'}}
Accuracy;1;Which transition directly connects state q4 to state q2 in this automaton?;The automaton has 5 transitions: q0 with value 1 goes to q1, q1 with value 1 goes to q2, q2 with value 0 goes to q3, q3 with value 0 goes to q4, q4 with value 0 goes to q0.;['simbolo-q0-q1', 'simbolo-q1-q2', 'simbolo-q2-q3', 'simbolo-q3-q4', 'simbolo-q4-q0'];0.0;4;False;{'user_input': 'Which transition directly connects state q4 to state q2 in this automaton?', 'intent': 'fsa-practical', 'argument': 'transition', 'dialogue_act': 'Ta:request', 'frame': {'transitions': []}}
Accuracy;1;Could you explain what the transitions of this finite state automaton are?;The automaton has 5 transitions: q0 with value 1 goes to q1, q1 with value 1 goes to q2, q2 with value 0 goes to q3, q3 with value 0 goes to q4, q4 with value 0 goes to q0.;['simbolo-q0-q1', 'simbolo-q1-q2', 'simbolo-q2-q3', 'simbolo-q3-q4', 'simbolo-q4-q0'];1.0;4;False;{'user_input': 'Could you explain what the transitions of this finite state automaton are?', 'intent': 'fsa-practical', 'argument': 'transition', 'dialogue_act': 'Ta:request', 'frame': {}}
Accuracy;1;can you tell me the transitions of the automaton when its graphic representation is a triangle?;The automaton has 5 transitions: q0 with value 1 goes to q1, q1 with value 1 goes to q2, q2 with value 0 goes to q3, q3 with value 0 goes to q4, q4 with value 0 goes to q0.;['simbolo-q0-q1', 'simbolo-q1-q2', 'simbolo-q2-q3', 'simbolo-q3-q4', 'simbolo-q4-q0'];1.0;4;False;{'user_input': 'can you tell me the transitions of the automaton when its graphic representation is a triangle?', 'intent': 'fsa-practical', 'argument': 'transition', 'dialogue_act': 'Ta:request', 'frame': {'graphicRepresentation': 'triangle'}}
Accuracy;1;Can you explain what the transitions of this automaton are?;The automaton has 5 transitions: q0 with value 1 goes to q1, q1 with value 1 goes to q2, q2 with value 0 goes to q3, q3 with value 0 goes to q4, q4 with value 0 goes to q0.;['simbolo-q0-q1', 'simbolo-q1-q2', 'simbolo-q2-q3', 'simbolo-q3-q4', 'simbolo-q4-q0'];1.0;4;False;{'user_input': 'Can you explain what the transitions of this automaton are?', 'intent': 'fsa-practical', 'argument': 'transition', 'dialogue_act': 'Ta:request', 'frame': {}}
Accuracy;1;can you list all the transitions of this automaton if its language is non-regular?;The automaton has 5 transitions: q0 with value 1 goes to q1, q1 with value 1 goes to q2, q2 with value 0 goes to q3, q3 with value 0 goes to q4, q4 with value 0 goes to q0.;['simbolo-q0-q1', 'simbolo-q1-q2', 'simbolo-q2-q3', 'simbolo-q3-q4', 'simbolo-q4-q0'];0.95;4;False;{'user_input': 'can you list all the transitions of this automaton if its language is non-regular?', 'intent': 'fsa-practical', 'argument': 'transition', 'dialogue_act': 'Ta:request', 'frame': {'transitions': []}}
Accuracy;1;from which state does the transition labeled 1 start in this automaton?;The automaton has 5 states: q0, q1, q2, q3 and q4.;['simbolo-q0', 'simbolo-q1', 'simbolo-q2', 'simbolo-q3', 'simbolo-q4'];0.0;5;False;{'user_input': 'from which state does the transition labeled 1 start in this automaton?', 'intent': 'fsa-practical', 'argument': 'state', 'dialogue_act': 'Ta:request', 'frame': {'transitions': []}}
Accuracy;1;can you list all the transitions of this automaton?;The automaton has 5 transitions: q0 with value 1 goes to q1, q1 with value 1 goes to q2, q2 with value 0 goes to q3, q3 with value 0 goes to q4, q4 with value 0 goes to q0.;['simbolo-q0-q1', 'simbolo-q1-q2', 'simbolo-q2-q3', 'simbolo-q3-q4', 'simbolo-q4-q0'];1.0;5;False;{'user_input': 'can you list all the transitions of this automaton?', 'intent': 'fsa-practical', 'argument': 'transition', 'dialogue_act': 'Ta:request', 'frame': {'transitions': []}}
Accuracy;1;can you list all the transitions of this automaton, specifying from which state to which state each input symbol leads?;The automaton has 5 transitions: q0 with value 1 goes to q1, q1 with value 1 goes to q2, q2 with value 0 goes to q3, q3 with value 0 goes to q4, q4 with value 0 goes to q0.;['simbolo-q0-q1', 'simbolo-q1-q2', 'simbolo-q2-q3', 'simbolo-q3-q4', 'simbolo-q4-q0'];1.0;5;False;{'user_input': 'can you list all the transitions of this automaton, specifying from which state to which state each input symbol leads?', 'intent': 'fsa-practical', 'argument': 'transition', 'dialogue_act': 'Ta:request', 'frame': {'transitions': []}}
Accuracy;1;can you explain what a “state” is in this finite state automaton?;The state q0 exists.;['simbolo-q0'];0.0;6;False;{'user_input': 'can you explain what a “state” is in this finite state automaton?', 'intent': 'fsa-practical', 'argument': 'state', 'dialogue_act': 'Ta:request', 'frame': {'states': '?'}}
Accuracy;1;Could you tell me what the graphical representation of the states in this automaton is, for example if they are arranged in a pentagon?;The automaton has 5 states: q0, q1, q2, q3 and q4.;['simbolo-q0', 'simbolo-q1', 'simbolo-q2', 'simbolo-q3', 'simbolo-q4'];0.1;7;False;{'user_input': 'Could you tell me what the graphical representation of the states in this automaton is, for example if they are arranged in a pentagon?', 'intent': 'fsa-practical', 'argument': 'state', 'dialogue_act': 'Ta:propositionalQuestion', 'frame': {'graphicRepresentation': '?'}}
Accuracy;1;what are the states of this finite state automaton?;The state q0 exists.;['simbolo-q0'];0.2;8;False;{'user_input': 'what are the states of this finite state automaton?', 'intent': 'fsa-practical', 'argument': 'state', 'dialogue_act': 'Ta:request', 'frame': {'states': '?'}}
Accuracy;1;what are the states of this automaton?;The state q0 exists.;['simbolo-q0'];0.2;9;False;{'user_input': 'what are the states of this automaton?', 'intent': 'fsa-practical', 'argument': 'state', 'dialogue_act': 'Ta:request', 'frame': {'states': '?'}}
Accuracy;2;What is the value of the transition from q1 to q2?;The transition between q1 and q2 is with value 1.;['simbolo-q1-q2'];1.0;0;False;{'user_input': 'What is the value of the transition from q1 to q2?', 'intent': 'fsa-practical', 'argument': 'transition', 'dialogue_act': 'Ta:request', 'frame': {'transitions': [['q1', 'q2', '?']]}}
Accuracy;2;what is the transition label from this to that in this pattern?;the transition is not defined.;[];0.0;1;False;{'user_input': 'what is the transition label from this to that in this pattern?', 'intent': 'fsa-practical', 'argument': 'transition', 'dialogue_act': 'Ta:request', 'frame': {'states': ['q2', 'q1']}, '_raw_frame': {'transitions': []}}
Accuracy;2;Thank you for explaining the transition between states q2 and q1 in this automaton.;there is no transition between q2 and q1.;[];1.0;1;False;{'user_input': 'Thank you for explaining the transition between states q2 and q1 in this automaton.', 'intent': 'fsa-practical', 'argument': 'transition', 'dialogue_act': 'Ta:propositionalQuestion', 'frame': {'transitions': [['q2', 'q1', '?']]}}
Accuracy;2;for the input string `11000`, does this automaton end in an accepting state or is the output denied?;Could you be more specific?;[];0.0;2;False;{'user_input': 'for the input string `11000`, does this automaton end in an accepting state or is the output denied?', 'intent': 'fsa-practical', 'argument': 'language', 'dialogue_act': 'Ta:request', 'frame': {'input': '11000'}}
Accuracy;2;For the automaton shown, what is the language accepted on the input string 11000?;Could you be more specific?;[];0.0;3;False;{'user_input': 'For the automaton shown, what is the language accepted on the input string 11000?', 'intent': 'fsa-practical', 'argument': 'language', 'dialogue_act': 'Ta:request', 'frame': {'input': '11000'}}
Accuracy;2;the language recognized by this automaton for the input `11000` is?;Could you be more specific?;[];0.0;4;False;{'user_input': 'the language recognized by this automaton for the input `11000` is?', 'intent': 'fsa-practical', 'argument': 'language', 'dialogue_act': 'Ta:request', 'frame': {'input': '11000'}}
Accuracy;2;sorry, i meant the language, not the automaton: could you tell me what language this automaton recognizes for the input 11000?;Could you be more specific?;[];0.0;5;False;{'user_input': 'sorry, i meant the language, not the automaton: could you tell me what language this automaton recognizes for the input 11000?', 'intent': 'fsa-practical', 'argument': 'language', 'dialogue_act': 'Ta:request', 'frame': {'input': '11000'}}
Accuracy;2;What is the language recognized by the automaton for the transition that goes from an unknown state to Q4 with an unknown input symbol?;Could you be more specific?;[];0.1;6;False;{'user_input': 'What is the language recognized by the automaton for the transition that goes from an unknown state to Q4 with an unknown input symbol?', 'intent': 'fsa-practical', 'argument': 'language', 'dialogue_act': 'Ta:request', 'frame': {'transitions': [['?', 'Q4', '?']]}}
Accuracy;2;What is the language accepted by this automaton for the input string 11000?;Could you be more specific?;[];0.0;7;False;{'user_input': 'What is the language accepted by this automaton for the input string 11000?', 'intent': 'fsa-practical', 'argument': 'language', 'dialogue_act': 'Ta:request', 'frame': {'input': '11000'}}
Accuracy;2;Yes, I accept the turn: for the automaton shown, what language is recognized when the input is 11000?;Could you be more specific?;[];0.0;8;False;{'user_input': 'Yes, I accept the turn: for the automaton shown, what language is recognized when the input is 11000?', 'intent': 'fsa-practical', 'argument': 'language', 'dialogue_act': 'Ta:propositionalQuestion', 'frame': {'input': '11000'}}
Accuracy;2;What is the language accepted by this automaton starting from which state?;Could you be more specific?;[];0.0;9;False;{'user_input': 'What is the language accepted by this automaton starting from which state?', 'intent': 'fsa-practical', 'argument': 'language', 'dialogue_act': 'Ta:request', 'frame': {'initialState': '?'}}
Accuracy;2;What is the initial state of this finite state automaton?;The initial state is q0.;['simbolo-q0'];1.0;9;False;{'user_input': 'What is the initial state of this finite state automaton?', 'intent': 'fsa-practical', 'argument': 'state', 'dialogue_act': 'Ta:request', 'frame': {'initialState': '?'}}
Accuracy;2;In this automaton, how many final states does the recognized language have?;The automaton has 5 states: q0, q1, q2, q3 and q4.;['simbolo-q0', 'simbolo-q1', 'simbolo-q2', 'simbolo-q3', 'simbolo-q4'];0.0;10;False;{'user_input': 'In this automaton, how many final states does the recognized language have?', 'intent': 'fsa-practical', 'argument': 'state', 'dialogue_act': 'Ta:request', 'frame': {'numberOfFinalStates': '?'}}
Accuracy;2;How many final states does this finite state automaton have?;The automaton has 5 states: q0, q1, q2, q3 and q4.;['simbolo-q0', 'simbolo-q1', 'simbolo-q2', 'simbolo-q3', 'simbolo-q4'];0.0;11;False;{'user_input': 'How many final states does this finite state automaton have?', 'intent': 'fsa-practical', 'argument': 'state', 'dialogue_act': 'Ta:request', 'frame': {'numberOfFinalStates': '?'}}
Accuracy;2;hi, looking at this automaton, how many final states does it have?;The automaton has 5 states: q0, q1, q2, q3 and q4.;['simbolo-q0', 'simbolo-q1', 'simbolo-q2', 'simbolo-q3', 'simbolo-q4'];0.0;12;False;{'user_input': 'hi, looking at this automaton, how many final states does it have?', 'intent': 'fsa-practical', 'argument': 'state', 'dialogue_act': 'Ta:request', 'frame': {'numberOfFinalStates': '?'}}
Accuracy;3;If the automaton starts in q0 and reads the input 11000, does it end in a final state?;Could you be more specific?;[];0.0;1;False;{'user_input': 'If the automaton starts in q0 and reads the input 11000, does it end in a final state?', 'intent': 'fsa-practical', 'argument': 'language', 'dialogue_act': 'Ta:propositionalQuestion', 'frame': {'input': '11000'}}
Accuracy;3;what type of automaton is this finite state machine?;The automaton accepts zero or more words formed by a sequence of the type 11000. In total there are 5 states: q0, q1, q2, q3 and q4. q0 is both the initial and the final state. The transitions are: q0 with value 1 goes to q1, q1 with value 1 goes to q2, q2 with value 0 goes to q3, q3 with value 0 goes to q4, q4 with value 0 goes to q0.;[];0.2;2;False;{'user_input': 'what type of automaton is this finite state machine?', 'intent': 'fsa-practical', 'argument': 'automaton', 'dialogue_act': 'Ta:request', 'frame': {'type': 'automatonType'}}
Accuracy;3;what is the language accepted by this automaton?;Could you be more specific?;[];0.0;3;False;{'user_input': 'what is the language accepted by this automaton?', 'intent': 'fsa-practical', 'argument': 'language', 'dialogue_act': 'Ta:request', 'frame': {'input': '?'}}
Accuracy;3;what input string should i test on this automaton?;Could you be more specific?;[];0.1;4;False;{'user_input': 'what input string should i test on this automaton?', 'intent': 'fsa-practical', 'argument': 'language', 'dialogue_act': 'Ta:request', 'frame': {'input': '?'}}
Accuracy;3;What input strings does this automaton accept?;Could you be more specific?;[];0.0;5;False;{'user_input': 'What input strings does this automaton accept?', 'intent': 'fsa-practical', 'argument': 'language', 'dialogue_act': 'Ta:request', 'frame': {'input': '?'}}
Accuracy;3;what is the language recognized by this automaton starting from which state?;Could you be more specific?;[];0.0;6;False;{'user_input': 'what is the language recognized by this automaton starting from which state?', 'intent': 'fsa-practical', 'argument': 'language', 'dialogue_act': 'Ta:propositionalQuestion', 'frame': {'initialState': '?'}}
Accuracy;3;i would like to suggest an exercise on the language of this automaton: could you tell me what the initial state is?;The initial state is q0.;['simbolo-q0'];1.0;6;False;{'user_input': 'i would like to suggest an exercise on the language of this automaton: could you tell me what the initial state is?', 'intent': 'fsa-practical', 'argument': 'state', 'dialogue_act': 'Ta:request', 'frame': {'initialState': '?'}}
Accuracy;3;what is the language recognized by this automaton?;Could you be more specific?;[];0.0;7;False;{'user_input': 'what is the language recognized by this automaton?', 'intent': 'fsa-practical', 'argument': 'language', 'dialogue_act': 'Ta:request', 'frame': {'language': '?'}}
Accuracy;3;what is the language accepted by this automaton?;Could you be more specific?;[];0.0;8;False;{'user_input': 'what is the language accepted by this automaton?', 'intent': 'fsa-practical', 'argument': 'language', 'dialogue_act': 'Ta:request', 'frame': {'input': '?'}}
Accuracy;3;What is the language accepted by this finite state automaton for an input string?;Could you be more specific?;[];0.0;9;False;{'user_input': 'What is the language accepted by this finite state automaton for an input string?', 'intent': 'fsa-practical', 'argument': 'language', 'dialogue_act': 'Ta:request', 'frame': {'input': '?'}}
Accuracy;3;What is the language recognized by this automaton for the input string 11000?;Could you be more specific?;[];0.0;10;False;{'user_input': 'What is the language recognized by this automaton for the input string 11000?', 'intent': 'fsa-practical', 'argument': 'language', 'dialogue_act': 'Ta:request', 'frame': {'input': '11000'}}
Accuracy;3;what is the language accepted by this automaton for the input string 11000?;Could you be more specific?;[];0.0;11;False;{'user_input': 'what is the language accepted by this automaton for the input string 11000?', 'intent': 'fsa-practical', 'argument': 'language', 'dialogue_act': 'Ta:request', 'frame': {'input': '11000'}}
Accuracy;3;what is the language accepted by this finite state automaton, considering its five states and the described transitions?;Could you be more specific?;[];0.0;12;False;{'user_input': 'what is the language accepted by this finite state automaton, considering its five states and the described transitions?', 'intent': 'fsa-practical', 'argument': 'language', 'dialogue_act': 'Ta:request', 'frame': {'alphabet': ['a', 'b', 'c', 'd', 'e'], 'states': 'A', 'transitions': []}}
Accuracy;3;what is the language accepted by the automaton that ends in this?;Could you be more specific?;[];0.0;13;False;{'user_input': 'what is the language accepted by the automaton that ends in this?', 'intent': 'fsa-practical', 'argument': 'language', 'dialogue_act': 'Ta:request', 'frame': {'states': ['q1']}, '_raw_frame': {'input': '?'}}
Accuracy;3;Could you explain the language recognized by this automaton in relation to the state q1?;Could you be more specific?;[];0.1;14;False;{'user_input': 'Could you explain the language recognized by this automaton in relation to the state q1?', 'intent': 'fsa-practical', 'argument': 'language', 'dialogue_act': 'Ta:request', 'frame': {'state': 'q1'}}
Accuracy;4;What is the difference between the language of an automaton and a single path like q0→q1→q2→q3→q4→q0?;The transition between q0 and q1 is with value 1.;['simbolo-q0-q1'];0.0;1;False;{'user_input': 'What is the difference between the language of an automaton and a single path like q0→q1→q2→q3→q4→q0?', 'intent': 'fsa-practical', 'argument': 'transition', 'dialogue_act': 'Ta:request', 'frame': {'transitions': [['q0', 'q1', '?'], ['q1', 'q2', '?'], ['q2', 'q3', '?'], ['q3', 'q4', '?'], ['q4', 'q0', '?']]}}
Accuracy;4;What is the input symbol of each transition in the pattern from q0 to q1, from q1 to q2, from q2 to q3, from q3 to q4, and from q4 back to q0?;The transition between q0 and q1 is with value 1.;['simbolo-q0-q1'];0.2;2;False;{'user_input': 'What is the input symbol of each transition in the pattern from q0 to q1, from q1 to q2, from q2 to q3, from q3 to q4, and from q4 back to q0?', 'intent': 'fsa-practical', 'argument': 'transition', 'dialogue_act': 'Ta:request', 'frame': {'transitions': [['q0', 'q1', '?'], ['q1', 'q2', '?'], ['q2', 'q3', '?'], ['q3', 'q4', '?'], ['q4', 'q0', '?']]}}
Accuracy;4;what are the labels of the transitions from q0 to q1, from q1 to q2, from q2 to q3, from q3 to q4, and from q4 to q0?;The transition between q0 and q1 is with value 1.;['simbolo-q0-q1'];0.2;3;False;{'user_input': 'what are the labels of the transitions from q0 to q1, from q1 to q2, from q2 to q3, from q3 to q4, and from q4 to q0?', 'intent': 'fsa-practical', 'argument': 'transition', 'dialogue_act': 'Ta:request', 'frame': {'transitions': [['q0', 'q1', '?'], ['q1', 'q2', '?'], ['q2', 'q3', '?'], ['q3', 'q4', '?'], ['q4', 'q0', '?']]}}
Accuracy;4;What are the transition labels for the transitions q0→q1, q1→q2, q2→q3, q3→q4, and q4→q0 in this automaton?;The automaton accepts zero or more words formed by a sequence of the type 11000. In total there are 5 states: q0, q1, q2, q3 and q4. q0 is both the initial and the final state. The transitions are: q0 with value 1 goes to q1, q1 with value 1 goes to q2, q2 with value 0 goes to q3, q3 with value 0 goes to q4, q4 with value 0 goes to q0.;[];0.95;3;False;{'user_input': 'What are the transition labels for the transitions q0→q1, q1→q2, q2→q3, q3→q4, and q4→q0 in this automaton?', 'intent': None, 'argument': None, 'dialogue_act': None, 'frame': {}}
Accuracy;4;What are the labels of the transitions from q0 to q1, from q1 to q2, from q2 to q3, from q3 to q4, and from q4 back to q0 in this automaton?;The transition between q0 and q1 is with value 1.;['simbolo-q0-q1'];0.2;4;False;{'user_input': 'What are the labels of the transitions from q0 to q1, from q1 to q2, from q2 to q3, from q3 to q4, and from q4 back to q0 in this automaton?', 'intent': 'fsa-practical', 'argument': 'transition', 'dialogue_act': 'Ta:request', 'frame': {'transitions': [['q0', 'q1', '?'], ['q1', 'q2', '?'], ['q2', 'q3', '?'], ['q3', 'q4', '?'], ['q4', 'q0', '?']]}}
Accuracy;4;What is the language recognized by the automaton that has the transitions (q0,q1,?), (q1,q2,?), (q2,q3,?), (q3,q4,?), (q4,q0,?)?;Could you be more specific?;[];0.0;5;False;{'user_input': 'What is the language recognized by the automaton that has the transitions (q0,q1,?), (q1,q2,?), (q2,q3,?), (q3,q4,?), (q4,q0,?)?', 'intent': 'fsa-practical', 'argument': 'language', 'dialogue_act': 'Ta:request', 'frame': {'alphabet': ['?', 'q0', 'q1', 'q2', 'q3', 'q4', 'q0'], 'transitions': ['?', 'q0', 'q1', 'q2', 'q3', 'q4']}}
Accuracy;4;what is the language recognized by the automaton with alphabet ?, states [q0, q1, q2, q3, q4, q0], and transitions ? from q0, q1, q2, q3, and q4?;Could you be more specific?;[];0.1;6;False;{'user_input': 'what is the language recognized by the automaton with alphabet ?, states [q0, q1, q2, q3, q4, q0], and transitions ? from q0, q1, q2, q3, and q4?', 'intent': 'fsa-practical', 'argument': 'language', 'dialogue_act': 'Ta:request', 'frame': {'alphabet': '?', 'states': 'q0,q1,q2,q3,q4,q0', 'transitions': []}}
Accuracy;4;The language of this automaton, with alphabet ?, is the set of all strings over {?, q0, q1, q2, q3, q4, q0} that are accepted by following the transitions ?, q0, q1, q2, q3, q4.;Could you be more specific?;[];0.1;7;False;{'user_input': 'The language of this automaton, with alphabet ?, is the set of all strings over {?, q0, q1, q2, q3, q4, q0} that are accepted by following the transitions ?, q0, q1, q2, q3, q4.', 'intent': 'fsa-practical', 'argument': 'language', 'dialogue_act': 'Ta:request', 'frame': {'alphabet': '?', 'transitions': []}}
Accuracy;4;Hello, in this practical exercise on finite state automata, could you tell me what is the language recognized by the automaton with states q0, q1, q2, q3, q4 where q0 is both initial and final state, and whose alphabet and transitions I still need to determine from the diagram?;Could you be more specific?;[];0.1;8;False;{'user_input': 'Hello, in this practical exercise on finite state automata, could you tell me what is the language recognized by the automaton with states q0, q1, q2, q3, q4 where q0 is both initial and final state, and whose alphabet and transitions I still need to determine from the diagram?', 'intent': 'fsa-practical', 'argument': 'language', 'dialogue_act': 'Ta:request', 'frame': {'alphabet': '?', 'transitions': []}}
Accuracy;4;what is the language accepted by the automaton with alphabet [?, q0, q1, q2, q3, q4, q0] and transitions [?, q0, q1, q2, q3, q4]?;Could you be more specific?;[];0.1;9;False;{'user_input': 'what is the language accepted by the automaton with alphabet [?, q0, q1, q2, q3, q4, q0] and transitions [?, q0, q1, q2, q3, q4]?', 'intent': 'fsa-practical', 'argument': 'language', 'dialogue_act': 'Ta:request', 'frame': {'alphabet': '?', 'transitions': ['q0', 'q1', 'q2', 'q3', 'q4', 'q0']}}
Accuracy;4;what is the theoretical description of the language recognized by this automaton, in terms of the alphabet { ?, q0, q1, q2, q3, q4, q0 } and the transitions from q0 through q4?;Could you be more specific?;[];0.0;10;False;{'user_input': 'what is the theoretical description of the language recognized by this automaton, in terms of the alphabet { ?, q0, q1, q2, q3, q4, q0 } and the transitions from q0 through q4?', 'intent': 'fsa-practical', 'argument': 'language', 'dialogue_act': 'Ta:request', 'frame': {'alphabet': '{?, q0, q1, q2, q3, q4, q0}', 'transitions': []}}
Accuracy;4;What is the language recognized by this automaton, given the alphabet {?, q0, q1, q2, q3, q4, q0}, and can you describe it in practical terms?;Could you be more specific?;[];0.0;11;False;{'user_input': 'What is the language recognized by this automaton, given the alphabet {?, q0, q1, q2, q3, q4, q0}, and can you describe it in practical terms?', 'intent': 'fsa-practical', 'argument': 'language', 'dialogue_act': 'Ta:request', 'frame': {}}
Accuracy;4;What is the language recognized by this automaton?;Could you be more specific?;[];0.0;12;False;{'user_input': 'What is the language recognized by this automaton?', 'intent': 'fsa-practical', 'argument': 'language', 'dialogue_act': 'Ta:request', 'frame': {'language': '?'}}
Accuracy;4;What are the states of the automaton and what language does it recognize?;The state q0 exists.;['simbolo-q0'];0.1;13;False;{'user_input': 'What are the states of the automaton and what language does it recognize?', 'intent': 'fsa-practical', 'argument': 'state', 'dialogue_act': 'Ta:request', 'frame': {'states': '?', 'language': '?'}}
Accuracy;4;What pattern does this automaton recognize in terms of the strings it accepts?;Could you be more specific?;[];0.0;14;False;{'user_input': 'What pattern does this automaton recognize in terms of the strings it accepts?', 'intent': 'fsa-practical', 'argument': 'pattern', 'dialogue_act': 'Ta:request', 'frame': {'patternType': '?'}}
Accuracy;5;Can this automaton accept any string that does not contain the substring 11000?;Could you be more specific?;[];0.0;1;False;{'user_input': 'Can this automaton accept any string that does not contain the substring 11000?', 'intent': 'fsa-practical', 'argument': 'language', 'dialogue_act': 'Ta:request', 'frame': {'input': '!0'}}
Accuracy;5;what is the language accepted by this automaton on the input string !0?;Could you be more specific?;[];0.0;2;False;{'user_input': 'what is the language accepted by this automaton on the input string !0?', 'intent': 'fsa-practical', 'argument': 'language', 'dialogue_act': 'Ta:request', 'frame': {'input': '!0'}}
Accuracy;5;What is the language accepted by this automaton for the input string !0?;Could you be more specific?;[];0.0;3;False;{'user_input': 'What is the language accepted by this automaton for the input string !0?', 'intent': 'fsa-practical', 'argument': 'language', 'dialogue_act': 'Ta:request', 'frame': {'input': '!0'}}
Accuracy;5;What language is recognized by this automaton for the input string !0?;Could you be more specific?;[];0.0;4;False;{'user_input': 'What language is recognized by this automaton for the input string !0?', 'intent': 'fsa-practical', 'argument': 'language', 'dialogue_act': 'Ta:request', 'frame': {'input': '!0'}}
Accuracy;5;can you simulate the automaton on the input string !0 and tell me what happens?;The automaton accepts zero or more words formed by a sequence of the type 11000. In total there are 5 states: q0, q1, q2, q3 and q4. q0 is both the initial and the final state. The transitions are: q0 with value 1 goes to q1, q1 with value 1 goes to q2, q2 with value 0 goes to q3, q3 with value 0 goes to q4, q4 with value 0 goes to q0.;[];0.2;5;False;{'user_input': 'can you simulate the automaton on the input string !0 and tell me what happens?', 'intent': 'fsa-practical', 'argument': 'automaton', 'dialogue_act': 'Ta:request', 'frame': {'input': '!0'}}
Accuracy;5;what is the output of the automaton when the input string is !0?;Could you be more specific?;[];0.0;6;False;{'user_input': 'what is the output of the automaton when the input string is !0?', 'intent': 'fsa-practical', 'argument': 'alphabet', 'dialogue_act': 'Ta:request', 'frame': {'alphabet': '!'}}
Accuracy;5;What is the language accepted by this automaton, in terms of strings over the alphabet ?;Could you be more specific?;[];0.0;7;False;{'user_input': 'What is the language accepted by this automaton, in terms of strings over the alphabet ?', 'intent': 'fsa-practical', 'argument': 'language', 'dialogue_act': 'Ta:request', 'frame': {'alphabet': '?'}}
Accuracy;5;what is the alphabet of this automaton?;Could you be more specific?;[];0.0;8;False;{'user_input': 'what is the alphabet of this automaton?', 'intent': 'fsa-practical', 'argument': 'alphabet', 'dialogue_act': 'Ta:request', 'frame': {'alphabet': '?'}}
Accuracy;5;what is the language recognized by this automaton and what is its alphabet?;Could you be more specific?;[];0.0;9;False;{'user_input': 'what is the language recognized by this automaton and what is its alphabet?', 'intent': 'fsa-practical', 'argument': 'language', 'dialogue_act': 'Ta:propositionalQuestion', 'frame': {'alphabet': '?', 'language': '?'}}
Accuracy;5;What is the language recognized by this automaton, and what is its alphabet?;Could you be more specific?;[];0.0;10;False;{'user_input': 'What is the language recognized by this automaton, and what is its alphabet?', 'intent': 'fsa-practical', 'argument': 'language', 'dialogue_act': 'Ta:request', 'frame': {'alphabet': '?', 'language': '?'}}
Accuracy;5;The alphabet is {0,1}, but what is the language recognized by this automaton?;Could you be more specific?;[];0.0;11;False;{'user_input': 'The alphabet is {0,1}, but what is the language recognized by this automaton?', 'intent': 'fsa-practical', 'argument': 'alphabet', 'dialogue_act': 'Ta:propositionalQuestion', 'frame': {'alphabet': '{0,1}'}}
Accuracy;5;The alphabet of this automaton is not {0,1}.;Could you be more specific?;[];0.1;12;False;{'user_input': 'The alphabet of this automaton is not {0,1}.', 'intent': 'fsa-practical', 'argument': 'alphabet', 'dialogue_act': 'Ta:request', 'frame': {'alphabet': '?'}}
Accuracy;5;what is the alphabet of this automaton?;Could you be more specific?;[];0.0;13;False;{'user_input': 'what is the alphabet of this automaton?', 'intent': 'fsa-practical', 'argument': 'alphabet', 'dialogue_act': 'Ta:request', 'frame': {'alphabet': '?'}}
Accuracy;5;What is the alphabet of this finite state automaton?;Could you be more specific?;[];0.0;14;False;{'user_input': 'What is the alphabet of this finite state automaton?', 'intent': 'fsa-practical', 'argument': 'alphabet', 'dialogue_act': 'Ta:request', 'frame': {'alphabet': '?'}}
Accuracy;5;what is the alphabet of this automaton?;Could you be more specific?;[];0.0;15;False;{'user_input': 'what is the alphabet of this automaton?', 'intent': 'fsa-practical', 'argument': 'alphabet', 'dialogue_act': 'Ta:request', 'frame': {'alphabet': '?'}}
Relevancy;1;Is it possible to go from q2 to q4 in the automaton you are showing?;there is no transition between q2 and q4.;[];0.6;0;False;{'user_input': 'Is it possible to go from q2 to q4 in the automaton you are showing?', 'intent': 'fsa-practical', 'argument': 'transition', 'dialogue_act': 'Ta:propositionalQuestion', 'frame': {'transitions': [['q2', 'q4', '?']]}}
Relevancy;1;What is the transition from state q2 to state q4 in this automaton?;there is no transition between q2 and q4.;[];1.0;0;False;{'user_input': 'What is the transition from state q2 to state q4 in this automaton?', 'intent': 'fsa-practical', 'argument': 'transition', 'dialogue_act': 'Ta:request', 'frame': {'transitions': [['q2', 'q4', '?']]}}
Relevancy;1;The transition from state q2 to state q4 has which input symbol?;there is no transition between q2 and q4.;[];1.0;0;False;{'user_input': 'The transition from state q2 to state q4 has which input symbol?', 'intent': 'fsa-practical', 'argument': 'transition', 'dialogue_act': 'Ta:request', 'frame': {'transitions': [['q2', 'q4', '?']]}}
Relevancy;1;What is the alphabet of this finite state automaton?;Could you be more specific?;[];0.1;1;False;{'user_input': 'What is the alphabet of this finite state automaton?', 'intent': 'fsa-practical', 'argument': 'alphabet', 'dialogue_act': 'Ta:request', 'frame': {'alphabet': '?'}}
Relevancy;1;The alphabet of this automaton is what?;Could you be more specific?;[];0.1;2;False;{'user_input': 'The alphabet of this automaton is what?', 'intent': 'fsa-practical', 'argument': 'alphabet', 'dialogue_act': 'Ta:request', 'frame': {'alphabet': '?'}}
Relevancy;1;What is the alphabet of this automaton?;Could you be more specific?;[];0.1;3;False;{'user_input': 'What is the alphabet of this automaton?', 'intent': 'fsa-practical', 'argument': 'alphabet', 'dialogue_act': 'Ta:request', 'frame': {'alphabet': '?'}}
Relevancy;1;what is the alphabet of this automaton?;Could you be more specific?;[];0.1;4;False;{'user_input': 'what is the alphabet of this automaton?', 'intent': 'fsa-practical', 'argument': 'alphabet', 'dialogue_act': 'Ta:request', 'frame': {'alphabet': '?'}}
Relevancy;1;what is the alphabet of this automaton?;Could you be more specific?;[];0.1;5;False;{'user_input': 'what is the alphabet of this automaton?', 'intent': 'fsa-practical', 'argument': 'alphabet', 'dialogue_act': 'Ta:request', 'frame': {'alphabet': '?'}}
Relevancy;1;The alphabet of this automaton is `?`.;Could you be more specific?;[];0.1;6;False;{'user_input': 'The alphabet of this automaton is `?`.', 'intent': 'fsa-practical', 'argument': 'alphabet', 'dialogue_act': 'Ta:request', 'frame': {'alphabet': '?'}}
Relevancy;1;Hi, could you tell me what the alphabet of this automaton is?;Could you be more specific?;[];0.1;7;False;{'user_input': 'Hi, could you tell me what the alphabet of this automaton is?', 'intent': 'fsa-practical', 'argument': 'alphabet', 'dialogue_act': 'Ta:request', 'frame': {'alphabet': '?'}}
Relevancy;1;what is the alphabet of this automaton?;Could you be more specific?;[];0.1;8;False;{'user_input': 'what is the alphabet of this automaton?', 'intent': 'fsa-practical', 'argument': 'alphabet', 'dialogue_act': 'Ta:request', 'frame': {'alphabet': '?'}}
Relevancy;1;what is the alphabet of this automaton?;Could you be more specific?;[];0.1;9;False;{'user_input': 'what is the alphabet of this automaton?', 'intent': 'fsa-practical', 'argument': 'alphabet', 'dialogue_act': 'Ta:request', 'frame': {'alphabet': '?'}}
Relevancy;1;what is the alphabet of this automaton?;Could you be more specific?;[];0.1;10;False;{'user_input': 'what is the alphabet of this automaton?', 'intent': 'fsa-practical', 'argument': 'alphabet', 'dialogue_act': 'Ta:request', 'frame': {'alphabet': '?'}}
Relevancy;1;what is the alphabet of this automaton?;Could you be more specific?;[];0.1;11;False;{'user_input': 'what is the alphabet of this automaton?', 'intent': 'fsa-practical', 'argument': 'alphabet', 'dialogue_act': 'Ta:request', 'frame': {'alphabet': '?'}}
Relevancy;1;what is the alphabet of this finite state automaton?;Could you be more specific?;[];0.1;12;False;{'user_input': 'what is the alphabet of this finite state automaton?', 'intent': 'fsa-practical', 'argument': 'alphabet', 'dialogue_act': 'Ta:request', 'frame': {'alphabet': '?'}}
Relevancy;2;What is the value of the transition from q1 to q2 in this diagram?;The transition between q1 and q2 is with value 1.;['simbolo-q1-q2'];1.0;0;False;{'user_input': 'What is the value of the transition from q1 to q2 in this diagram?', 'intent': 'fsa-practical', 'argument': 'transition', 'dialogue_act': 'Ta:request', 'frame': {'transitions': [['q1', 'q2', '?']]}}
Relevancy;2;what is the symbol of this?;Could you be more specific?;[];0.3;1;False;{'user_input': 'what is the symbol of this?', 'intent': 'fsa-practical', 'argument': 'alphabet', 'dialogue_act': 'Ta:request', 'frame': {'transitions': [['q1', 'q2', '?']]}, '_raw_frame': {'alphabet': '?'}}
Relevancy;2;what is the symbol of this in the alphabet of this automaton?;Could you be more specific?;[];0.2;2;False;{'user_input': 'what is the symbol of this in the alphabet of this automaton?', 'intent': 'fsa-practical', 'argument': 'alphabet', 'dialogue_act': 'Ta:request', 'frame': {'transitions': [['q1', 'q2', '?']]}, '_raw_frame': {'alphabet': '?'}}
Relevancy;2;What is the missing input symbol for the transition from state q1 to state q2 in the language recognized by this automaton?;The automaton has 5 states: q0, q1, q2, q3 and q4.;['simbolo-q0', 'simbolo-q1', 'simbolo-q2', 'simbolo-q3', 'simbolo-q4'];0.2;3;False;{'user_input': 'What is the missing input symbol for the transition from state q1 to state q2 in the language recognized by this automaton?', 'intent': 'fsa-practical', 'argument': 'state', 'dialogue_act': 'Ta:request', 'frame': {'input': '?'}}
Relevancy;2;what are the transitions of this automaton for an input string of length 5?;The automaton has 5 transitions: q0 with value 1 goes to q1, q1 with value 1 goes to q2, q2 with value 0 goes to q3, q3 with value 0 goes to q4, q4 with value 0 goes to q0.;['simbolo-q0-q1', 'simbolo-q1-q2', 'simbolo-q2-q3', 'simbolo-q3-q4', 'simbolo-q4-q0'];1.0;3;False;{'user_input': 'what are the transitions of this automaton for an input string of length 5?', 'intent': 'fsa-practical', 'argument': 'transition', 'dialogue_act': 'Ta:request', 'frame': {'transitions': []}}
Relevancy;2;Hi! I’d like to study this finite state automaton: could you show me an example of an input string that it processes?;Could you be more specific?;[];0.1;4;False;{'user_input': 'Hi! I’d like to study this finite state automaton: could you show me an example of an input string that it processes?', 'intent': 'fsa-practical', 'argument': 'language', 'dialogue_act': 'Ta:request', 'frame': {'input': '?'}}
Relevancy;2;what input strings does this automaton accept?;Could you be more specific?;[];0.1;5;False;{'user_input': 'what input strings does this automaton accept?', 'intent': 'fsa-practical', 'argument': 'language', 'dialogue_act': 'Ta:request', 'frame': {'input': '?'}}
Relevancy;2;What is the language accepted by this automaton for the input string?;Could you be more specific?;[];0.2;6;False;{'user_input': 'What is the language accepted by this automaton for the input string?', 'intent': 'fsa-practical', 'argument': 'language', 'dialogue_act': 'Ta:request', 'frame': {'input': '?'}}
Relevancy;2;what is the language accepted by this automaton for an input string?;Could you be more specific?;[];0.1;7;False;{'user_input': 'what is the language accepted by this automaton for an input string?', 'intent': 'fsa-practical', 'argument': 'language', 'dialogue_act': 'Ta:request', 'frame': {'input': '?'}}
Relevancy;2;What is the language accepted by this finite state automaton for the input string “?”?;Could you be more specific?;[];0.2;8;False;{'user_input': 'What is the language accepted by this finite state automaton for the input string “?”?', 'intent': 'fsa-practical', 'argument': 'language', 'dialogue_act': 'Ta:request', 'frame': {'input': '?'}}
Relevancy;2;what is the language recognized by this automaton, given that it has 7 transitions?;Could you be more specific?;[];0.1;9;False;{'user_input': 'what is the language recognized by this automaton, given that it has 7 transitions?', 'intent': 'fsa-practical', 'argument': 'language', 'dialogue_act': 'Ta:request', 'frame': {'numberOfTransitions': '7'}}
Relevancy;2;"in this automaton, there are 7 transitions; can you confirm that the numberoftransitions is 7?";The automaton has 5 transitions: q0 with value 1 goes to q1, q1 with value 1 goes to q2, q2 with value 0 goes to q3, q3 with value 0 goes to q4, q4 with value 0 goes to q0.;['simbolo-q0-q1', 'simbolo-q1-q2', 'simbolo-q2-q3', 'simbolo-q3-q4', 'simbolo-q4-q0'];0.9;9;False;"{'user_input': 'in this automaton, there are 7 transitions; can you confirm that the numberoftransitions is 7?', 'intent': 'fsa-practical', 'argument': 'transition', 'dialogue_act': 'Ta:request', 'frame': {'numberOfTransitions': '7'}}"
Relevancy;2;in this automaton, which states are considered initial, and can there be more than one initial state like q1 and q2?;The automaton has 5 states: q0, q1, q2, q3 and q4.;['simbolo-q0', 'simbolo-q1', 'simbolo-q2', 'simbolo-q3', 'simbolo-q4'];0.2;10;False;{'user_input': 'in this automaton, which states are considered initial, and can there be more than one initial state like q1 and q2?', 'intent': 'fsa-practical', 'argument': 'state', 'dialogue_act': 'Ta:request', 'frame': {'initialStates': '?'}}
Relevancy;2;"I think the language recognized by this automaton is the set of all binary strings that contain exactly 7 transitions; am I correct about the number of transitions being 7?";Could you be more specific?;[];0.2;11;False;"{'user_input': 'I think the language recognized by this automaton is the set of all binary strings that contain exactly 7 transitions; am I correct about the number of transitions being 7?', 'intent': 'fsa-practical', 'argument': 'language', 'dialogue_act': 'Ta:propositionalQuestion', 'frame': {'numberOfTransitions': '7'}}"
Relevancy;2;How many transitions are there in the automaton, given its alphabet?;The automaton has 5 transitions: q0 with value 1 goes to q1, q1 with value 1 goes to q2, q2 with value 0 goes to q3, q3 with value 0 goes to q4, q4 with value 0 goes to q0.;['simbolo-q0-q1', 'simbolo-q1-q2', 'simbolo-q2-q3', 'simbolo-q3-q4', 'simbolo-q4-q0'];1.0;11;False;{'user_input': 'How many transitions are there in the automaton, given its alphabet?', 'intent': 'fsa-practical', 'argument': 'transition', 'dialogue_act': 'Ta:request', 'frame': {'alphabet': '?'}}
Relevancy;3;Does this automaton accept the input string 11000 starting from q0?;Could you be more specific?;[];0.1;1;False;{'user_input': 'Does this automaton accept the input string 11000 starting from q0?', 'intent': 'fsa-practical', 'argument': 'language', 'dialogue_act': 'Ta:propositionalQuestion', 'frame': {'input': '11000'}}
Relevancy;3;Starting from state Q3, what is the language accepted by this automaton?;Could you be more specific?;[];0.1;2;False;{'user_input': 'Starting from state Q3, what is the language accepted by this automaton?', 'intent': 'fsa-practical', 'argument': 'language', 'dialogue_act': 'Ta:request', 'frame': {'automatonType': ['NFA', 'Q3', 'Q3', '{?}', 'Q3', 'Q3'], 'input': ['?']}}
Relevancy;3;Is this automaton a NFA, and for the state Q3 in the picture can you tell me what input should I use?;The automaton accepts zero or more words formed by a sequence of the type 11000. In total there are 5 states: q0, q1, q2, q3 and q4. q0 is both the initial and the final state. The transitions are: q0 with value 1 goes to q1, q1 with value 1 goes to q2, q2 with value 0 goes to q3, q3 with value 0 goes to q4, q4 with value 0 goes to q0.;[];0.4;2;False;{'user_input': 'Is this automaton a NFA, and for the state Q3 in the picture can you tell me what input should I use?', 'intent': 'fsa-practical', 'argument': 'automaton', 'dialogue_act': 'Ta:request', 'frame': {'automatonType': 'Nan', 'state': 'Q3'}}
Relevancy;3;What type of automaton is represented, and for the states Q3, Q3, {?}, Q3, Q3, can you tell me if it is an NFA and also what input string should I try on this automaton?;The automaton accepts zero or more words formed by a sequence of the type 11000. In total there are 5 states: q0, q1, q2, q3 and q4. q0 is both the initial and the final state. The transitions are: q0 with value 1 goes to q1, q1 with value 1 goes to q2, q2 with value 0 goes to q3, q3 with value 0 goes to q4, q4 with value 0 goes to q0.;[];0.6;2;False;{'user_input': 'What type of automaton is represented, and for the states Q3, Q3, {?}, Q3, Q3, can you tell me if it is an NFA and also what input string should I try on this automaton?', 'intent': 'fsa-practical', 'argument': 'automaton', 'dialogue_act': 'Ta:request', 'frame': {'automatonType': 'NFA', 'input': '?'}}
Relevancy;3;what is the language accepted by the nfa with this and input ?;Could you be more specific?;[];0.1;3;False;{'user_input': 'what is the language accepted by the nfa with this and input ?', 'intent': 'fsa-practical', 'argument': 'language', 'dialogue_act': 'Ta:request', 'frame': {'states': ['q3']}, '_raw_frame': {'input': '?'}}
Relevancy;3;Can you tell me what information is given about state q3 in this automaton?;The state q3 exists.;['simbolo-q3'];0.3;4;False;{'user_input': 'Can you tell me what information is given about state q3 in this automaton?', 'intent': 'fsa-practical', 'argument': 'state', 'dialogue_act': 'Ta:request', 'frame': {'states': ['q3']}}
Relevancy;3;What is the language accepted by this automaton starting from state q3?;Could you be more specific?;[];0.1;5;False;{'user_input': 'What is the language accepted by this automaton starting from state q3?', 'intent': 'fsa-practical', 'argument': 'language', 'dialogue_act': 'Ta:request', 'frame': {'initialState': 'q3', 'finalStates': ['q3']}}
Relevancy;3;for this automaton, could you confirm that the initial state is q3 and that the only final state is also q3?;The final state is q0.;['simbolo-q0'];0.9;5;False;{'user_input': 'for this automaton, could you confirm that the initial state is q3 and that the only final state is also q3?', 'intent': 'fsa-practical', 'argument': 'state', 'dialogue_act': 'Ta:propositionalQuestion', 'frame': {'initialState': 'q3', 'finalStates': ['q3']}}
Relevancy;3;The language recognized by this automaton when the initial state is q3 and the only final state is q3 is the set of all binary strings whose length is a multiple of 5.;Could you be more specific?;[];0.1;6;False;{'user_input': 'The language recognized by this automaton when the initial state is q3 and the only final state is q3 is the set of all binary strings whose length is a multiple of 5.', 'intent': 'fsa-practical', 'argument': 'language', 'dialogue_act': 'Ta:request', 'frame': {'input': '?'}}
Relevancy;3;what is the language accepted by the automaton if the initial state is q3?;Could you be more specific?;[];0.1;7;False;{'user_input': 'what is the language accepted by the automaton if the initial state is q3?', 'intent': 'fsa-practical', 'argument': 'language', 'dialogue_act': 'Ta:request', 'frame': {'initialState': 'q3'}}
Relevancy;3;"Thanks for the explanation about the language of this automaton; starting from the initial state q3, could you help me with a practical example of the language it recognizes?";Could you be more specific?;[];0.1;8;False;"{'user_input': 'Thanks for the explanation about the language of this automaton; starting from the initial state q3, could you help me with a practical example of the language it recognizes?', 'intent': 'fsa-practical', 'argument': 'language', 'dialogue_act': 'Ta:propositionalQuestion', 'frame': {'input': '?'}}"
Relevancy;3;can you help me determine the language recognized by this finite state automaton for a generic input string?;Could you be more specific?;[];0.1;9;False;{'user_input': 'can you help me determine the language recognized by this finite state automaton for a generic input string?', 'intent': 'fsa-practical', 'argument': 'language', 'dialogue_act': 'Ta:propositionalQuestion', 'frame': {'input': '?'}}
Relevancy;3;What is the language accepted by this automaton for the input string?;Could you be more specific?;[];0.2;10;False;{'user_input': 'What is the language accepted by this automaton for the input string?', 'intent': 'fsa-practical', 'argument': 'language', 'dialogue_act': 'Ta:request', 'frame': {'input': '?'}}
Relevancy;3;What is the input that this automaton accepts?;Could you be more specific?;[];0.1;11;False;{'user_input': 'What is the input that this automaton accepts?', 'intent': 'fsa-practical', 'argument': 'language', 'dialogue_act': 'Ta:request', 'frame': {'input': '?'}}
Relevancy;3;For which input strings is the language of this finite state automaton defined?;Could you be more specific?;[];0.1;12;False;{'user_input': 'For which input strings is the language of this finite state automaton defined?', 'intent': 'fsa-practical', 'argument': 'language', 'dialogue_act': 'Ta:request', 'frame': {'input': '?'}}
Relevancy;4;Is q0 the only final state, or are there other accepting states in this automaton?;The automaton has 5 states: q0, q1, q2, q3 and q4.;['simbolo-q0', 'simbolo-q1', 'simbolo-q2', 'simbolo-q3', 'simbolo-q4'];0.2;1;False;{'user_input': 'Is q0 the only final state, or are there other accepting states in this automaton?', 'intent': 'fsa-practical', 'argument': 'state', 'dialogue_act': 'Ta:propositionalQuestion', 'frame': {'state': 'q0'}}
Relevancy;4;what information can you tell me about this?;The state q0 exists.;['simbolo-q0'];0.3;2;False;{'user_input': 'what information can you tell me about this?', 'intent': 'fsa-practical', 'argument': None, 'dialogue_act': 'Ta:request', 'frame': {'states': ['q0']}, '_raw_frame': {}}
Relevancy;4;What information can you tell me about state q0?;The automaton has 5 states: q0, q1, q2, q3 and q4.;['simbolo-q0', 'simbolo-q1', 'simbolo-q2', 'simbolo-q3', 'simbolo-q4'];0.3;3;False;{'user_input': 'What information can you tell me about state q0?', 'intent': 'fsa-practical', 'argument': 'state', 'dialogue_act': 'Ta:request', 'frame': {'state': 'q0'}}
Relevancy;4;what can you tell me about this?;The state q0 exists.;['simbolo-q0'];0.3;4;False;{'user_input': 'what can you tell me about this?', 'intent': 'fsa-practical', 'argument': None, 'dialogue_act': 'Ta:request', 'frame': {'states': ['q0']}, '_raw_frame': {}}
Relevancy;4;given the finite state automaton shown, what state will the automaton end in after processing the input string 1100011000?;The automaton has 5 states: q0, q1, q2, q3 and q4.;['simbolo-q0', 'simbolo-q1', 'simbolo-q2', 'simbolo-q3', 'simbolo-q4'];0.2;5;False;{'user_input': 'given the finite state automaton shown, what state will the automaton end in after processing the input string 1100011000?', 'intent': 'fsa-practical', 'argument': 'state', 'dialogue_act': 'Ta:request', 'frame': {'stateAfterInput': '?'}}
Relevancy;4;How many transitions are there in the automaton’s states?;The automaton has 5 transitions: q0 with value 1 goes to q1, q1 with value 1 goes to q2, q2 with value 0 goes to q3, q3 with value 0 goes to q4, q4 with value 0 goes to q0.;['simbolo-q0-q1', 'simbolo-q1-q2', 'simbolo-q2-q3', 'simbolo-q3-q4', 'simbolo-q4-q0'];1.0;5;False;{'user_input': 'How many transitions are there in the automaton’s states?', 'intent': 'fsa-practical', 'argument': 'transition', 'dialogue_act': 'Ta:request', 'frame': {'numberOfTransitions': '?'}}
Relevancy;4;to which state does the automaton go?;The automaton has 5 states: q0, q1, q2, q3 and q4.;['simbolo-q0', 'simbolo-q1', 'simbolo-q2', 'simbolo-q3', 'simbolo-q4'];0.2;6;False;{'user_input': 'to which state does the automaton go?', 'intent': 'fsa-practical', 'argument': 'state', 'dialogue_act': 'Ta:request', 'frame': {'state': '?'}}
Relevancy;4;what are the final states of this automaton?;The final state is q0.;['simbolo-q0'];1.0;6;False;{'user_input': 'what are the final states of this automaton?', 'intent': 'fsa-practical', 'argument': 'state', 'dialogue_act': 'Ta:request', 'frame': {'finalStates': '?'}}
Relevancy;4;what are the states of this automaton?;The state q0 exists.;['simbolo-q0'];0.3;7;False;{'user_input': 'what are the states of this automaton?', 'intent': 'fsa-practical', 'argument': 'state', 'dialogue_act': 'Ta:request', 'frame': {'states': '?'}}
Relevancy;4;Which state in this automaton has no transitions?;The state q0 exists.;['simbolo-q0'];0.1;8;False;{'user_input': 'Which state in this automaton has no transitions?', 'intent': 'fsa-practical', 'argument': 'state', 'dialogue_act': 'Ta:request', 'frame': {'states': '?'}}
Relevancy;4;The final state of this automaton is Q3.;The final state is q0.;['simbolo-q0'];1.0;8;False;{'user_input': 'The final state of this automaton is Q3.', 'intent': 'fsa-practical', 'argument': 'state', 'dialogue_act': 'Ta:request', 'frame': {'finalStates': 'Q3'}}
Relevancy;4;Before I say goodbye, could you briefly list the states of this automaton?;The state q0 exists.;['simbolo-q0'];0.3;9;False;{'user_input': 'Before I say goodbye, could you briefly list the states of this automaton?', 'intent': 'fsa-practical', 'argument': 'state', 'dialogue_act': 'Ta:request', 'frame': {'states': '?'}}
Relevancy;4;What are the states of this automaton?;The state q0 exists.;['simbolo-q0'];0.3;10;False;{'user_input': 'What are the states of this automaton?', 'intent': 'fsa-practical', 'argument': 'state', 'dialogue_act': 'Ta:request', 'frame': {'states': '?'}}
Relevancy;4;what are the states of this finite state automaton?;The state q0 exists.;['simbolo-q0'];0.4;10;False;{'user_input': 'what are the states of this finite state automaton?', 'intent': 'fsa-practical', 'argument': 'state', 'dialogue_act': 'Ta:request', 'frame': {'states': '?'}}
Relevancy;4;Which states does this automaton have?;The state q0 exists.;['simbolo-q0'];0.4;10;False;{'user_input': 'Which states does this automaton have?', 'intent': 'fsa-practical', 'argument': 'state', 'dialogue_act': 'Ta:request', 'frame': {'states': '?'}}
Relevancy;5;What kind of language does this finite state machine recognize, regular or something else?;Could you be more specific?;[];0.1;1;False;{'user_input': 'What kind of language does this finite state machine recognize, regular or something else?', 'intent': 'fsa-practical', 'argument': 'language', 'dialogue_act': 'Ta:propositionalQuestion', 'frame': {'input': '?'}}
Relevancy;5;What is the language accepted by this automaton for the input string “?”?;Could you be more specific?;[];0.2;2;False;{'user_input': 'What is the language accepted by this automaton for the input string “?”?', 'intent': 'fsa-practical', 'argument': 'language', 'dialogue_act': 'Ta:propositionalQuestion', 'frame': {'input': '?'}}
Relevancy;5;before we end, could you tell me what language this automaton recognizes for an input string like 11000?;Could you be more specific?;[];0.1;3;False;{'user_input': 'before we end, could you tell me what language this automaton recognizes for an input string like 11000?', 'intent': 'fsa-practical', 'argument': 'language', 'dialogue_act': 'Ta:propositionalQuestion', 'frame': {'input': '11000'}}
Relevancy;5;Thank you, could you please tell me what language this automaton recognizes for the input 11000?;Could you be more specific?;[];0.1;4;False;{'user_input': 'Thank you, could you please tell me what language this automaton recognizes for the input 11000?', 'intent': 'fsa-practical', 'argument': 'language', 'dialogue_act': 'Ta:request', 'frame': {'input': '11000'}}
Relevancy;5;What is the language accepted by this automaton for the input string 11000?;Could you be more specific?;[];0.1;5;False;{'user_input': 'What is the language accepted by this automaton for the input string 11000?', 'intent': 'fsa-practical', 'argument': 'language', 'dialogue_act': 'Ta:request', 'frame': {'input': '11000'}}
Relevancy;5;what are the transitions followed by the automaton when the input string is 11000?;The automaton has 5 transitions: q0 with value 1 goes to q1, q1 with value 1 goes to q2, q2 with value 0 goes to q3, q3 with value 0 goes to q4, q4 with value 0 goes to q0.;['simbolo-q0-q1', 'simbolo-q1-q2', 'simbolo-q2-q3', 'simbolo-q3-q4', 'simbolo-q4-q0'];1.0;5;False;{'user_input': 'what are the transitions followed by the automaton when the input string is 11000?', 'intent': 'fsa-practical', 'argument': 'transition', 'dialogue_act': 'Ta:request', 'frame': {'input': '11000'}}
Relevancy;5;what is the language recognized by this automaton when the input is 11000?;Could you be more specific?;[];0.1;6;False;{'user_input': 'what is the language recognized by this automaton when the input is 11000?', 'intent': 'fsa-practical', 'argument': 'language', 'dialogue_act': 'Ta:request', 'frame': {'input': '11000'}}
Relevancy;5;What is the language recognized by this non-deterministic automaton?;Could you be more specific?;[];0.1;7;False;{'user_input': 'What is the language recognized by this non-deterministic automaton?', 'intent': 'fsa-practical', 'argument': 'language', 'dialogue_act': 'Ta:request', 'frame': {'input': '?'}}
Relevancy;5;What is the language accepted by this automaton for the input string?;Could you be more specific?;[];0.2;8;False;{'user_input': 'What is the language accepted by this automaton for the input string?', 'intent': 'fsa-practical', 'argument': 'language', 'dialogue_act': 'Ta:request', 'frame': {'input': '?'}}
Relevancy;5;What is the language recognized by this automaton and what would be its optimal spatial representation?;Could you be more specific?;[];0.1;9;False;{'user_input': 'What is the language recognized by this automaton and what would be its optimal spatial representation?', 'intent': 'fsa-practical', 'argument': 'language', 'dialogue_act': 'Ta:request', 'frame': {'language': '?', 'optimalSpatialRepresentation': '?'}}
Relevancy;5;what is the language recognized by this automaton, and could you also suggest the optimal spatial representation for it?;The automaton accepts zero or more words formed by a sequence of the type 11000. In total there are 5 states: q0, q1, q2, q3 and q4. q0 is both the initial and the final state. The transitions are: q0 with value 1 goes to q1, q1 with value 1 goes to q2, q2 with value 0 goes to q3, q3 with value 0 goes to q4, q4 with value 0 goes to q0.;[];0.8;9;False;{'user_input': 'what is the language recognized by this automaton, and could you also suggest the optimal spatial representation for it?', 'intent': None, 'argument': None, 'dialogue_act': None, 'frame': {}}
Relevancy;5;What is the language of this automaton and what is its optimal spatial representation?;Could you be more specific?;[];0.1;10;False;{'user_input': 'What is the language of this automaton and what is its optimal spatial representation?', 'intent': 'fsa-practical', 'argument': 'language', 'dialogue_act': 'Ta:request', 'frame': {'language': '?', 'optimalRepresentation': '?'}}
Relevancy;5;What is the alphabet of this finite state automaton?;Could you be more specific?;[];0.1;11;False;{'user_input': 'What is the alphabet of this finite state automaton?', 'intent': 'fsa-practical', 'argument': 'alphabet', 'dialogue_act': 'Ta:request', 'frame': {'alphabet': '?'}}
Relevancy;5;what is the alphabet of this automaton?;Could you be more specific?;[];0.1;12;False;{'user_input': 'what is the alphabet of this automaton?', 'intent': 'fsa-practical', 'argument': 'alphabet', 'dialogue_act': 'Ta:request', 'frame': {'alphabet': '?'}}
Relevancy;5;What is the alphabet of the automaton in state q2?;Could you be more specific?;[];0.1;13;False;{'user_input': 'What is the alphabet of the automaton in state q2?', 'intent': 'fsa-practical', 'argument': 'alphabet', 'dialogue_act': 'Ta:request', 'frame': {'alphabet': '?'}}
Correctness;1;Is it possible to go from q2 to q4 in the automaton shown?;The automaton accepts zero or more words formed by a sequence of the type 11000. In total there are 5 states: q0, q1, q2, q3 and q4. q0 is both the initial and the final state. The transitions are: q0 with value 1 goes to q1, q1 with value 1 goes to q2, q2 with value 0 goes to q3, q3 with value 0 goes to q4, q4 with value 0 goes to q0.;[];0.3;1;False;{'user_input': 'Is it possible to go from q2 to q4 in the automaton shown?', 'intent': None, 'argument': None, 'dialogue_act': None, 'frame': {}}
Correctness;1;From which state does this transition start?;The initial state is q0.;['simbolo-q0'];0.0;2;False;{'user_input': 'From which state does this transition start?', 'intent': 'fsa-practical', 'argument': 'state', 'dialogue_act': 'Ta:request', 'frame': {'initialState': '?'}}
Correctness;1;what is the initial state of this automaton’s pattern?;The initial state is q0.;['simbolo-q0'];1.0;2;False;{'user_input': 'what is the initial state of this automaton’s pattern?', 'intent': 'fsa-practical', 'argument': 'state', 'dialogue_act': 'Ta:request', 'frame': {'initialState': '?'}}
Correctness;1;what is the initial state of this automaton?;The initial state is q0.;['simbolo-q0'];1.0;2;False;{'user_input': 'what is the initial state of this automaton?', 'intent': 'fsa-practical', 'argument': 'state', 'dialogue_act': 'Ta:request', 'frame': {'initialState': '?'}}
Correctness;1;what is the initial state of this automaton?;The initial state is q0.;['simbolo-q0'];1.0;2;False;{'user_input': 'what is the initial state of this automaton?', 'intent': 'fsa-practical', 'argument': 'state', 'dialogue_act': 'Ta:request', 'frame': {'initialState': '?'}}
Correctness;1;Sorry, I meant to say that q0 is the initial state of this automaton, right? What is the initial state?;The initial state is q0.;['simbolo-q0'];1.0;2;False;{'user_input': 'Sorry, I meant to say that q0 is the initial state of this automaton, right? What is the initial state?', 'intent': 'fsa-practical', 'argument': 'state', 'dialogue_act': 'Ta:request', 'frame': {'initialState': 'q0'}}
Correctness;1;what is the initial state of this automaton?;The initial state is q0.;['simbolo-q0'];1.0;2;False;{'user_input': 'what is the initial state of this automaton?', 'intent': 'fsa-practical', 'argument': 'state', 'dialogue_act': 'Ta:request', 'frame': {'initialState': '?'}}
Correctness;2;What is the value of the transition from q1 to q2 in this diagram?;The transition between q1 and q2 is with value 1.;['simbolo-q1-q2'];1.0;0;False;{'user_input': 'What is the value of the transition from q1 to q2 in this diagram?', 'intent': 'fsa-practical', 'argument': 'transition', 'dialogue_act': 'Ta:request', 'frame': {'transitions': [['q1', 'q2', '?']]}}
Correctness;2;What is the label of the transition from state q1 to state q2 in this automaton?;The transition between q1 and q2 is with value 1.;['simbolo-q1-q2'];1.0;0;False;{'user_input': 'What is the label of the transition from state q1 to state q2 in this automaton?', 'intent': 'fsa-practical', 'argument': 'transition', 'dialogue_act': 'Ta:request', 'frame': {'transitions': [['q1', 'q2', '?']]}}
Correctness;2;what is the value of this?;Could you be more specific?;[];0.1;1;False;{'user_input': 'what is the value of this?', 'intent': 'fsa-practical', 'argument': 'language', 'dialogue_act': 'Ta:request', 'frame': {'transitions': [['q1', 'q2', '?']]}, '_raw_frame': {'input': '?'}}
Correctness;2;which state of this automaton has the highest number of transitions?;The automaton has 5 states: q0, q1, q2, q3 and q4.;['simbolo-q0', 'simbolo-q1', 'simbolo-q2', 'simbolo-q3', 'simbolo-q4'];0.0;2;False;{'user_input': 'which state of this automaton has the highest number of transitions?', 'intent': 'fsa-practical', 'argument': 'state', 'dialogue_act': 'Ta:request', 'frame': {'stateWithMostTransitions': '?'}}
Correctness;2;What are the initial states of this automaton, Q1 and Q2?;The automaton has 5 states: q0, q1, q2, q3 and q4.;['simbolo-q0', 'simbolo-q1', 'simbolo-q2', 'simbolo-q3', 'simbolo-q4'];0.2;3;False;{'user_input': 'What are the initial states of this automaton, Q1 and Q2?', 'intent': 'fsa-practical', 'argument': 'state', 'dialogue_act': 'Ta:request', 'frame': {'initialStates': 'Q1'}}
Correctness;2;Which state in this automaton has the highest number of transitions?;The automaton has 5 states: q0, q1, q2, q3 and q4.;['simbolo-q0', 'simbolo-q1', 'simbolo-q2', 'simbolo-q3', 'simbolo-q4'];0.0;4;False;{'user_input': 'Which state in this automaton has the highest number of transitions?', 'intent': 'fsa-practical', 'argument': 'state', 'dialogue_act': 'Ta:request', 'frame': {'stateWithMostTransitions': '?'}}
Correctness;2;Which state of this automaton has the highest number of transitions?;The automaton has 5 states: q0, q1, q2, q3 and q4.;['simbolo-q0', 'simbolo-q1', 'simbolo-q2', 'simbolo-q3', 'simbolo-q4'];0.0;5;False;{'user_input': 'Which state of this automaton has the highest number of transitions?', 'intent': 'fsa-practical', 'argument': 'state', 'dialogue_act': 'Ta:request', 'frame': {'stateWithMostTransitions': '?'}}
Correctness;2;Which state of this automaton has the highest number of transitions?;The automaton has 5 states: q0, q1, q2, q3 and q4.;['simbolo-q0', 'simbolo-q1', 'simbolo-q2', 'simbolo-q3', 'simbolo-q4'];0.0;6;False;{'user_input': 'Which state of this automaton has the highest number of transitions?', 'intent': 'fsa-practical', 'argument': 'state', 'dialogue_act': 'Ta:request', 'frame': {'stateWithMostTransitions': '?'}}
Correctness;2;i accept the turn: which is the state with the most transitions in this automaton?;The state q0 exists.;['simbolo-q0'];0.0;7;False;{'user_input': 'i accept the turn: which is the state with the most transitions in this automaton?', 'intent': 'fsa-practical', 'argument': 'state', 'dialogue_act': 'Ta:request', 'frame': {'states': '?'}}
Correctness;2;What are the transitions of this automaton?;The automaton has 5 transitions: q0 with value 1 goes to q1, q1 with value 1 goes to q2, q2 with value 0 goes to q3, q3 with value 0 goes to q4, q4 with value 0 goes to q0.;['simbolo-q0-q1', 'simbolo-q1-q2', 'simbolo-q2-q3', 'simbolo-q3-q4', 'simbolo-q4-q0'];1.0;7;False;{'user_input': 'What are the transitions of this automaton?', 'intent': 'fsa-practical', 'argument': 'transition', 'dialogue_act': 'Ta:request', 'frame': {'transitions': []}}
Correctness;2;what is the language recognized by this finite state automaton?;Could you be more specific?;[];0.0;8;False;{'user_input': 'what is the language recognized by this finite state automaton?', 'intent': 'fsa-practical', 'argument': 'language', 'dialogue_act': 'Ta:request', 'frame': {'input': '?'}}
Correctness;2;What is the language recognized by this automaton for the input string?;Could you be more specific?;[];0.1;9;False;{'user_input': 'What is the language recognized by this automaton for the input string?', 'intent': 'fsa-practical', 'argument': 'language', 'dialogue_act': 'Ta:request', 'frame': {'input': '?'}}
Correctness;2;What is the language accepted by this automaton if the only final state is Q3?;Could you be more specific?;[];0.0;10;False;{'user_input': 'What is the language accepted by this automaton if the only final state is Q3?', 'intent': 'fsa-practical', 'argument': 'language', 'dialogue_act': 'Ta:request', 'frame': {'finalStates': 'Q3'}}
Correctness;2;What is the language accepted by this automaton when the only final state is Q3?;Could you be more specific?;[];0.0;11;False;{'user_input': 'What is the language accepted by this automaton when the only final state is Q3?', 'intent': 'fsa-practical', 'argument': 'language', 'dialogue_act': 'Ta:request', 'frame': {'input': '?'}}
Correctness;2;For this automaton, what is the language it recognizes for an input string?;Could you be more specific?;[];0.0;12;False;{'user_input': 'For this automaton, what is the language it recognizes for an input string?', 'intent': 'fsa-practical', 'argument': 'language', 'dialogue_act': 'Ta:request', 'frame': {'language': '?'}}
Correctness;3;If I start from q0 and read the input 11000, do I end in a final state?;Could you be more specific?;[];0.0;1;False;{'user_input': 'If I start from q0 and read the input 11000, do I end in a final state?', 'intent': 'fsa-practical', 'argument': 'language', 'dialogue_act': 'Ta:request', 'frame': {'input': '11000'}}
Correctness;3;What is the language recognized by this automaton for the input string 11000?;Could you be more specific?;[];0.0;2;False;{'user_input': 'What is the language recognized by this automaton for the input string 11000?', 'intent': 'fsa-practical', 'argument': 'language', 'dialogue_act': 'Ta:request', 'frame': {'input': '11000'}}
Correctness;3;Can you explain the difference between deterministic and non-deterministic finite state automata in terms of the languages they recognize?;The automaton accepts zero or more words formed by a sequence of the type 11000. In total there are 5 states: q0, q1, q2, q3 and q4. q0 is both the initial and the final state. The transitions are: q0 with value 1 goes to q1, q1 with value 1 goes to q2, q2 with value 0 goes to q3, q3 with value 0 goes to q4, q4 with value 0 goes to q0.;[];0.1;3;False;{'user_input': 'Can you explain the difference between deterministic and non-deterministic finite state automata in terms of the languages they recognize?', 'intent': 'fsa-practical', 'argument': 'automaton', 'dialogue_act': 'Ta:request', 'frame': {}}
Correctness;3;what is the language accepted by this automaton for the input string 11000?;Could you be more specific?;[];0.0;4;False;{'user_input': 'what is the language accepted by this automaton for the input string 11000?', 'intent': 'fsa-practical', 'argument': 'language', 'dialogue_act': 'Ta:request', 'frame': {'input': '11000'}}
Correctness;3;for the automaton shown, can you explain which transitions are followed when the input string is 11000?;The automaton has 5 transitions: q0 with value 1 goes to q1, q1 with value 1 goes to q2, q2 with value 0 goes to q3, q3 with value 0 goes to q4, q4 with value 0 goes to q0.;['simbolo-q0-q1', 'simbolo-q1-q2', 'simbolo-q2-q3', 'simbolo-q3-q4', 'simbolo-q4-q0'];0.5;4;False;{'user_input': 'for the automaton shown, can you explain which transitions are followed when the input string is 11000?', 'intent': 'fsa-practical', 'argument': 'transition', 'dialogue_act': 'Ta:request', 'frame': {'transitions': []}}
Correctness;3;For the automaton shown, what transition sequence is followed when the input is 11000?;The automaton has 5 transitions: q0 with value 1 goes to q1, q1 with value 1 goes to q2, q2 with value 0 goes to q3, q3 with value 0 goes to q4, q4 with value 0 goes to q0.;['simbolo-q0-q1', 'simbolo-q1-q2', 'simbolo-q2-q3', 'simbolo-q3-q4', 'simbolo-q4-q0'];1.0;4;False;{'user_input': 'For the automaton shown, what transition sequence is followed when the input is 11000?', 'intent': 'fsa-practical', 'argument': 'transition', 'dialogue_act': 'Ta:request', 'frame': {'input': '11000'}}
Correctness;3;can you check whether the input string 11000 is accepted by this automaton’s pattern?;Could you be more specific?;[];0.0;5;False;{'user_input': 'can you check whether the input string 11000 is accepted by this automaton’s pattern?', 'intent': 'fsa-practical', 'argument': 'language', 'dialogue_act': 'Ta:request', 'frame': {'input': '11000'}}
Correctness;3;Which strings form the language accepted by this automaton if the only final state is Q3?;Could you be more specific?;[];0.0;6;False;{'user_input': 'Which strings form the language accepted by this automaton if the only final state is Q3?', 'intent': 'fsa-practical', 'argument': 'language', 'dialogue_act': 'Ta:request', 'frame': {'finalStates': 'Q3'}}
Correctness;3;yes, i accept that the language recognized by this automaton has q3 as its only final state.;Could you be more specific?;[];0.2;7;False;{'user_input': 'yes, i accept that the language recognized by this automaton has q3 as its only final state.', 'intent': 'fsa-practical', 'argument': 'language', 'dialogue_act': 'Ta:request', 'frame': {'finalStates': 'q3'}}
Correctness;3;which strings does the language of this automaton accept if q3 is considered the only final state?;Could you be more specific?;[];0.0;8;False;{'user_input': 'which strings does the language of this automaton accept if q3 is considered the only final state?', 'intent': 'fsa-practical', 'argument': 'language', 'dialogue_act': 'Ta:request', 'frame': {'finalStates': 'q3'}}
Correctness;3;Hi, could you explain what the language of this automaton is if the only final state is q3?;Could you be more specific?;[];0.0;9;False;{'user_input': 'Hi, could you explain what the language of this automaton is if the only final state is q3?', 'intent': 'fsa-practical', 'argument': 'language', 'dialogue_act': 'Ta:request', 'frame': {'finalStates': 'q3'}}
Correctness;3;what is the language accepted by the automaton if the only final state is q3?;Could you be more specific?;[];0.0;10;False;{'user_input': 'what is the language accepted by the automaton if the only final state is q3?', 'intent': 'fsa-practical', 'argument': 'language', 'dialogue_act': 'Ta:request', 'frame': {'finalStates': ['q3']}}
Correctness;3;Is q3 a final state in the language recognized by this automaton?;The final state is q0.;['simbolo-q0'];1.0;10;False;{'user_input': 'Is q3 a final state in the language recognized by this automaton?', 'intent': 'fsa-practical', 'argument': 'state', 'dialogue_act': 'Ta:request', 'frame': {'finalStates': 'q3'}}
Correctness;3;What is the language recognized by this automaton if q3 is the only final state?;Could you be more specific?;[];0.0;11;False;{'user_input': 'What is the language recognized by this automaton if q3 is the only final state?', 'intent': 'fsa-practical', 'argument': 'language', 'dialogue_act': 'Ta:request', 'frame': {'finalStates': 'q3'}}
Correctness;3;What is the language recognized by this finite state automaton?;Could you be more specific?;[];0.0;12;False;{'user_input': 'What is the language recognized by this finite state automaton?', 'intent': 'fsa-practical', 'argument': 'language', 'dialogue_act': 'Ta:request', 'frame': {'input': '?'}}
Correctness;4;What is the difference between an initial state and a final state in a finite state machine?;The initial state is q0.;['simbolo-q0'];0.1;1;False;{'user_input': 'What is the difference between an initial state and a final state in a finite state machine?', 'intent': 'fsa-practical', 'argument': 'state', 'dialogue_act': 'Ta:request', 'frame': {'initialState': '?', 'finalStates': '?'}}
Correctness;4;what are the initial and final states of this finite state automaton?;The initial state is q0.;['simbolo-q0'];0.5;1;False;{'user_input': 'what are the initial and final states of this finite state automaton?', 'intent': 'fsa-practical', 'argument': 'state', 'dialogue_act': 'Ta:request', 'frame': {'initialState': '?', 'finalStates': '?'}}
Correctness;4;Which states in this automaton have no transitions?;The automaton has 5 states: q0, q1, q2, q3 and q4.;['simbolo-q0', 'simbolo-q1', 'simbolo-q2', 'simbolo-q3', 'simbolo-q4'];0.0;2;False;{'user_input': 'Which states in this automaton have no transitions?', 'intent': 'fsa-practical', 'argument': 'state', 'dialogue_act': 'Ta:request', 'frame': {'statesWithoutTransitions': '?'}}
Correctness;4;Which states of this automaton have no outgoing transitions?;The state q0 exists.;['simbolo-q0'];0.0;3;False;{'user_input': 'Which states of this automaton have no outgoing transitions?', 'intent': 'fsa-practical', 'argument': 'state', 'dialogue_act': 'Ta:request', 'frame': {'states': '?'}}
Correctness;4;"Thanks, I’ve understood the states of this automaton; could you please tell me what the states are?";The state q0 exists.;['simbolo-q0'];0.2;4;False;"{'user_input': 'Thanks, I’ve understood the states of this automaton; could you please tell me what the states are?', 'intent': 'fsa-practical', 'argument': 'state', 'dialogue_act': 'Ta:propositionalQuestion', 'frame': {'states': '?'}}"
Correctness;4;"No, the number of states in this automaton is not clear to me; could you tell me what the states are?";This automaton has 5 states;['simbolo-q0', 'simbolo-q1', 'simbolo-q2', 'simbolo-q3', 'simbolo-q4'];0.6;4;False;"{'user_input': 'No, the number of states in this automaton is not clear to me; could you tell me what the states are?', 'intent': 'fsa-practical', 'argument': 'state', 'dialogue_act': 'Ta:request', 'frame': {'numberOfStates': '?'}}"
Correctness;4;What are the states of this finite state automaton?;The state q0 exists.;['simbolo-q0'];0.2;5;False;{'user_input': 'What are the states of this finite state automaton?', 'intent': 'fsa-practical', 'argument': 'state', 'dialogue_act': 'Ta:request', 'frame': {'states': '?'}}
Correctness;4;What are the states of this automaton?;The state q0 exists.;['simbolo-q0'];0.2;6;False;{'user_input': 'What are the states of this automaton?', 'intent': 'fsa-practical', 'argument': 'state', 'dialogue_act': 'Ta:request', 'frame': {'states': '?'}}
Correctness;4;hi, could you tell me what the states of this automaton are?;The state q0 exists.;['simbolo-q0'];0.2;7;False;{'user_input': 'hi, could you tell me what the states of this automaton are?', 'intent': 'fsa-practical', 'argument': 'state', 'dialogue_act': 'Ta:request', 'frame': {'states': '?'}}
Correctness;5;Does this automaton accept all binary strings that contain the substring 11000?;Could you be more specific?;[];0.0;1;False;{'user_input': 'Does this automaton accept all binary strings that contain the substring 11000?', 'intent': 'fsa-practical', 'argument': 'language', 'dialogue_act': 'Ta:request', 'frame': {'input': '11000'}}
Correctness;5;what is the language accepted by this automaton for the input string 11000?;Could you be more specific?;[];0.0;2;False;{'user_input': 'what is the language accepted by this automaton for the input string 11000?', 'intent': 'fsa-practical', 'argument': 'language', 'dialogue_act': 'Ta:request', 'frame': {'input': '11000'}}
Correctness;5;what is the language accepted by this automaton for the input 11000?;Could you be more specific?;[];0.0;3;False;{'user_input': 'what is the language accepted by this automaton for the input 11000?', 'intent': 'fsa-practical', 'argument': 'language', 'dialogue_act': 'Ta:request', 'frame': {'input': '11000'}}
Correctness;5;What is the language accepted by this automaton for the input 11000?;Could you be more specific?;[];0.0;4;False;{'user_input': 'What is the language accepted by this automaton for the input 11000?', 'intent': 'fsa-practical', 'argument': 'language', 'dialogue_act': 'Ta:request', 'frame': {'input': '11000'}}
Correctness;5;What is the language recognized by this automaton for the input 11000?;Could you be more specific?;[];0.0;5;False;{'user_input': 'What is the language recognized by this automaton for the input 11000?', 'intent': 'fsa-practical', 'argument': 'language', 'dialogue_act': 'Ta:request', 'frame': {'input': '11000'}}
Correctness;5;what is the language recognized by this automaton for the input string?;Could you be more specific?;[];0.1;6;False;{'user_input': 'what is the language recognized by this automaton for the input string?', 'intent': 'fsa-practical', 'argument': 'language', 'dialogue_act': 'Ta:request', 'frame': {'input': '?'}}
Correctness;5;What is the language recognized by this automaton for the input 11000?;Could you be more specific?;[];0.0;7;False;{'user_input': 'What is the language recognized by this automaton for the input 11000?', 'intent': 'fsa-practical', 'argument': 'language', 'dialogue_act': 'Ta:request', 'frame': {'input': '11000'}}
Correctness;5;which language is recognized by this automaton starting from which state?;Could you be more specific?;[];0.0;8;False;{'user_input': 'which language is recognized by this automaton starting from which state?', 'intent': 'fsa-practical', 'argument': 'language', 'dialogue_act': 'Ta:request', 'frame': {'initialState': '?'}}
Correctness;5;What is the initial state of this automaton’s language?;The initial state is q0.;['simbolo-q0'];1.0;8;False;{'user_input': 'What is the initial state of this automaton’s language?', 'intent': 'fsa-practical', 'argument': 'state', 'dialogue_act': 'Ta:request', 'frame': {'initialState': '?'}}
Correctness;5;What language is recognized by this automaton?;Could you be more specific?;[];0.0;9;False;{'user_input': 'What language is recognized by this automaton?', 'intent': 'fsa-practical', 'argument': 'language', 'dialogue_act': 'Ta:request', 'frame': {'input': '?'}}
Correctness;5;Which state does the automaton end in after processing the input string?;The final state is q0.;['simbolo-q0'];1.0;9;False;{'user_input': 'Which state does the automaton end in after processing the input string?', 'intent': 'fsa-practical', 'argument': 'state', 'dialogue_act': 'Ta:request', 'frame': {'finalStates': '?'}}
Correctness;5;What is the language accepted by this automaton for the input string?;Could you be more specific?;[];0.1;10;False;{'user_input': 'What is the language accepted by this automaton for the input string?', 'intent': 'fsa-practical', 'argument': 'language', 'dialogue_act': 'Ta:propositionalQuestion', 'frame': {'input': '?'}}
Correctness;5;what input strings does this automaton accept?;Could you be more specific?;[];0.0;11;False;{'user_input': 'what input strings does this automaton accept?', 'intent': 'fsa-practical', 'argument': 'language', 'dialogue_act': 'Ta:request', 'frame': {'input': '?'}}
Correctness;5;what is the language accepted by this finite state automaton for an input string?;Could you be more specific?;[];0.1;12;False;{'user_input': 'what is the language accepted by this finite state automaton for an input string?', 'intent': 'fsa-practical', 'argument': 'language', 'dialogue_act': 'Ta:request', 'frame': {'input': '?'}}
Correctness;5;which state does the automaton reach after processing the input string?;The state q0 exists.;['simbolo-q0'];0.0;13;False;{'user_input': 'which state does the automaton reach after processing the input string?', 'intent': 'fsa-practical', 'argument': 'state', 'dialogue_act': 'Ta:request', 'frame': {'states': '?'}}
VisualRelevancy;1;Is it possible to go from q2 to q4 in this automaton?;there is no transition between q2 and q4.;[];1.0;0;False;{'user_input': 'Is it possible to go from q2 to q4 in this automaton?', 'intent': 'fsa-practical', 'argument': None, 'dialogue_act': 'Ta:request', 'frame': {'transitions': [['q2', 'q4', '?']]}}
VisualRelevancy;1;How many final states does this automaton have?;The automaton has 5 states: q0, q1, q2, q3 and q4.;['simbolo-q0', 'simbolo-q1', 'simbolo-q2', 'simbolo-q3', 'simbolo-q4'];0.9;0;False;{'user_input': 'How many final states does this automaton have?', 'intent': 'fsa-practical', 'argument': 'state', 'dialogue_act': 'Ta:request', 'frame': {'numberOfFinalStates': '?'}}
VisualRelevancy;1;Thank you, regarding the states of this automaton, how many final states does it have?;The automaton has 5 states: q0, q1, q2, q3 and q4.;['simbolo-q0', 'simbolo-q1', 'simbolo-q2', 'simbolo-q3', 'simbolo-q4'];0.3;1;False;{'user_input': 'Thank you, regarding the states of this automaton, how many final states does it have?', 'intent': 'fsa-practical', 'argument': 'state', 'dialogue_act': 'Ta:request', 'frame': {'numberOfFinalStates': '?'}}
VisualRelevancy;1;How many final states does the pattern recognized by this automaton have?;The automaton has 5 states: q0, q1, q2, q3 and q4.;['simbolo-q0', 'simbolo-q1', 'simbolo-q2', 'simbolo-q3', 'simbolo-q4'];0.9;1;False;{'user_input': 'How many final states does the pattern recognized by this automaton have?', 'intent': 'fsa-practical', 'argument': 'state', 'dialogue_act': 'Ta:request', 'frame': {'numberOfFinalStates': '?'}}
VisualRelevancy;1;Hi, looking at this automaton, could you tell me how many final states it has?;The automaton has 5 states: q0, q1, q2, q3 and q4.;['simbolo-q0', 'simbolo-q1', 'simbolo-q2', 'simbolo-q3', 'simbolo-q4'];0.2;2;False;{'user_input': 'Hi, looking at this automaton, could you tell me how many final states it has?', 'intent': 'fsa-practical', 'argument': 'state', 'dialogue_act': 'Ta:request', 'frame': {'numberOfFinalStates': '?'}}
VisualRelevancy;1;how many final states does the pattern of this automaton have?;The automaton has 5 states: q0, q1, q2, q3 and q4.;['simbolo-q0', 'simbolo-q1', 'simbolo-q2', 'simbolo-q3', 'simbolo-q4'];0.9;2;False;{'user_input': 'how many final states does the pattern of this automaton have?', 'intent': 'fsa-practical', 'argument': 'state', 'dialogue_act': 'Ta:request', 'frame': {'numberOfFinalStates': '?'}}
VisualRelevancy;1;how many final states does this automaton have?;The automaton has 5 states: q0, q1, q2, q3 and q4.;['simbolo-q0', 'simbolo-q1', 'simbolo-q2', 'simbolo-q3', 'simbolo-q4'];0.2;3;False;{'user_input': 'how many final states does this automaton have?', 'intent': 'fsa-practical', 'argument': 'state', 'dialogue_act': 'Ta:request', 'frame': {'numberOfFinalStates': '?'}}
VisualRelevancy;1;How many final states does this automaton have?;The automaton has 5 states: q0, q1, q2, q3 and q4.;['simbolo-q0', 'simbolo-q1', 'simbolo-q2', 'simbolo-q3', 'simbolo-q4'];0.9;3;False;{'user_input': 'How many final states does this automaton have?', 'intent': 'fsa-practical', 'argument': 'state', 'dialogue_act': 'Ta:request', 'frame': {'numberOfFinalStates': '?'}}
VisualRelevancy;1;Which state in this automaton has the highest number of transitions, and is it q3?;The state q0 exists.;['simbolo-q0'];0.2;4;False;{'user_input': 'Which state in this automaton has the highest number of transitions, and is it q3?', 'intent': 'fsa-practical', 'argument': 'state', 'dialogue_act': 'Ta:request', 'frame': {'states': '?'}}
VisualRelevancy;1;What is the language recognized by this automaton, in terms of the strings over {0,1} that make it return to the initial/final state q0?;Could you be more specific?;[];1.0;4;False;{'user_input': 'What is the language recognized by this automaton, in terms of the strings over {0,1} that make it return to the initial/final state q0?', 'intent': 'fsa-practical', 'argument': 'language', 'dialogue_act': 'Ta:request', 'frame': {'alphabet': '{0},{1}', 'input': 'q0'}}
VisualRelevancy;1;I think I got the number of states wrong before, can you tell me again how many states this automaton has?;This automaton has 5 states;['simbolo-q0', 'simbolo-q1', 'simbolo-q2', 'simbolo-q3', 'simbolo-q4'];1.0;4;False;{'user_input': 'I think I got the number of states wrong before, can you tell me again how many states this automaton has?', 'intent': 'fsa-practical', 'argument': 'state', 'dialogue_act': 'Ta:propositionalQuestion', 'frame': {'numberOfStates': '?'}}
VisualRelevancy;1;the automaton shown has 5 states: q0, q1, q2, q3 and q4.;The automaton has 5 states: q0, q1, q2, q3 and q4.;['simbolo-q0', 'simbolo-q1', 'simbolo-q2', 'simbolo-q3', 'simbolo-q4'];1.0;4;False;{'user_input': 'the automaton shown has 5 states: q0, q1, q2, q3 and q4.', 'intent': 'fsa-practical', 'argument': 'state', 'dialogue_act': 'Ta:request', 'frame': {'stateNames': 'q0'}}
VisualRelevancy;1;hi again! could you tell me what the states of this automaton are?;The state q0 exists.;['simbolo-q0'];0.9;4;False;{'user_input': 'hi again! could you tell me what the states of this automaton are?', 'intent': 'fsa-practical', 'argument': 'state', 'dialogue_act': 'Ta:request', 'frame': {'states': '?'}}
VisualRelevancy;1;what is the optimal spatial representation of the states in this automaton?;Could you be more specific?;[];1.0;4;False;{'user_input': 'what is the optimal spatial representation of the states in this automaton?', 'intent': 'fsa-practical', 'argument': 'pattern', 'dialogue_act': 'Ta:request', 'frame': {'optimalSpatialRepresentation': '?'}}
VisualRelevancy;2;What is the value of the transition from q1 to q2?;The transition between q1 and q2 is with value 1.;['simbolo-q1-q2'];1.0;0;False;{'user_input': 'What is the value of the transition from q1 to q2?', 'intent': 'fsa-practical', 'argument': 'transition', 'dialogue_act': 'Ta:request', 'frame': {'transitions': [['q1', 'q2', '?']]}}
VisualRelevancy;2;What is the label of the transition that goes from state q1 to state q2?;The transition between q1 and q2 is with value 1.;['simbolo-q1-q2'];1.0;0;False;{'user_input': 'What is the label of the transition that goes from state q1 to state q2?', 'intent': 'fsa-practical', 'argument': 'transition', 'dialogue_act': 'Ta:request', 'frame': {'transitions': [['q1', 'q2', '?']]}}
VisualRelevancy;2;which state does the automaton transition to?;The automaton has 5 states: q0, q1, q2, q3 and q4.;['simbolo-q0', 'simbolo-q1', 'simbolo-q2', 'simbolo-q3', 'simbolo-q4'];0.1;1;False;{'user_input': 'which state does the automaton transition to?', 'intent': 'fsa-practical', 'argument': 'state', 'dialogue_act': 'Ta:request', 'frame': {'state': '?'}}
VisualRelevancy;2;for the automaton shown, can you tell me which state the machine ends in when processing the input string that is not 11100?;The final state is q0.;['simbolo-q0'];0.9;1;False;{'user_input': 'for the automaton shown, can you tell me which state the machine ends in when processing the input string that is not 11100?', 'intent': 'fsa-practical', 'argument': 'state', 'dialogue_act': 'Ta:request', 'frame': {'finalStates': '?'}}
VisualRelevancy;2;What is the current state of this automaton?;The automaton has 5 states: q0, q1, q2, q3 and q4.;['simbolo-q0', 'simbolo-q1', 'simbolo-q2', 'simbolo-q3', 'simbolo-q4'];0.2;2;False;{'user_input': 'What is the current state of this automaton?', 'intent': 'fsa-practical', 'argument': 'state', 'dialogue_act': 'Ta:request', 'frame': {'state': '?'}}
VisualRelevancy;2;thank you! could you please tell me what the states of this finite state automaton are?;The state q0 exists.;['simbolo-q0'];0.9;2;False;{'user_input': 'thank you! could you please tell me what the states of this finite state automaton are?', 'intent': 'fsa-practical', 'argument': 'state', 'dialogue_act': 'Ta:propositionalQuestion', 'frame': {'states': '?'}}
VisualRelevancy;2;how many final states does this automaton have?;The automaton has 5 states: q0, q1, q2, q3 and q4.;['simbolo-q0', 'simbolo-q1', 'simbolo-q2', 'simbolo-q3', 'simbolo-q4'];0.2;3;False;{'user_input': 'how many final states does this automaton have?', 'intent': 'fsa-practical', 'argument': 'state', 'dialogue_act': 'Ta:request', 'frame': {'numberOfFinalStates': '?'}}
VisualRelevancy;2;which state does the automaton go to, that is stateto, when moving to q1?;The state q1 exists.;['simbolo-q1'];0.9;3;False;{'user_input': 'which state does the automaton go to, that is stateto, when moving to q1?', 'intent': 'fsa-practical', 'argument': 'state', 'dialogue_act': 'Ta:request', 'frame': {'states': ['q1']}}
VisualRelevancy;3;What is the language recognized by this automaton?;Could you be more specific?;[];1.0;0;False;{'user_input': 'What is the language recognized by this automaton?', 'intent': 'fsa-practical', 'argument': 'language', 'dialogue_act': 'Ta:request', 'frame': {'language': '?'}}
VisualRelevancy;3;what is the language accepted by this automaton?;Could you be more specific?;[];1.0;0;False;{'user_input': 'what is the language accepted by this automaton?', 'intent': 'fsa-practical', 'argument': 'language', 'dialogue_act': 'Ta:request', 'frame': {'input': '?'}}
VisualRelevancy;3;What is the input string that this finite state automaton accepts?;Could you be more specific?;[];1.0;0;False;{'user_input': 'What is the input string that this finite state automaton accepts?', 'intent': 'fsa-practical', 'argument': 'language', 'dialogue_act': 'Ta:request', 'frame': {'input': '?'}}
VisualRelevancy;3;What is the language accepted by this finite state automaton for an input string?;Could you be more specific?;[];1.0;0;False;{'user_input': 'What is the language accepted by this finite state automaton for an input string?', 'intent': 'fsa-practical', 'argument': 'language', 'dialogue_act': 'Ta:request', 'frame': {'input': '?'}}
VisualRelevancy;3;what is the language accepted by this automaton for the input string?;Could you be more specific?;[];1.0;0;False;{'user_input': 'what is the language accepted by this automaton for the input string?', 'intent': 'fsa-practical', 'argument': 'language', 'dialogue_act': 'Ta:request', 'frame': {'input': '?'}}
VisualRelevancy;3;What is the language recognized by this automaton?;Could you be more specific?;[];1.0;0;False;{'user_input': 'What is the language recognized by this automaton?', 'intent': 'fsa-practical', 'argument': 'language', 'dialogue_act': 'Ta:request', 'frame': {'language': '?'}}
VisualRelevancy;3;"In this finite state automaton, the language it recognizes is defined over 5 states; can you confirm that the number of states is 5?";There are 5 states in this automaton.;['simbolo-q0', 'simbolo-q1', 'simbolo-q2', 'simbolo-q3', 'simbolo-q4'];1.0;0;False;"{'user_input': 'In this finite state automaton, the language it recognizes is defined over 5 states; can you confirm that the number of states is 5?', 'intent': 'fsa-practical', 'argument': 'state', 'dialogue_act': 'Ta:propositionalQuestion', 'frame': {'numberOfStates': '5'}}"
VisualRelevancy;3;Does this finite state automaton have 5 states?;There are 5 states in this automaton.;['simbolo-q0', 'simbolo-q1', 'simbolo-q2', 'simbolo-q3', 'simbolo-q4'];1.0;0;False;{'user_input': 'Does this finite state automaton have 5 states?', 'intent': 'fsa-practical', 'argument': 'state', 'dialogue_act': 'Ta:request', 'frame': {'numberOfStates': '5'}}
VisualRelevancy;3;what pattern does this automaton with 5 states recognize?;Could you be more specific?;[];1.0;0;False;{'user_input': 'what pattern does this automaton with 5 states recognize?', 'intent': 'fsa-practical', 'argument': 'pattern', 'dialogue_act': 'Ta:request', 'frame': {'patternType': '?'}}
VisualRelevancy;3;hi, about the pattern shown by this automaton, could you tell me what type of pattern it represents?;Could you be more specific?;[];1.0;0;False;{'user_input': 'hi, about the pattern shown by this automaton, could you tell me what type of pattern it represents?', 'intent': 'fsa-practical', 'argument': 'pattern', 'dialogue_act': 'Ta:request', 'frame': {}}
VisualRelevancy;3;Thank you for explaining this pattern of the automaton to me.;The automaton accepts zero or more words formed by a sequence of the type 11000. In total there are 5 states: q0, q1, q2, q3 and q4. q0 is both the initial and the final state. The transitions are: q0 with value 1 goes to q1, q1 with value 1 goes to q2, q2 with value 0 goes to q3, q3 with value 0 goes to q4, q4 with value 0 goes to q0.;[];1.0;0;False;{'user_input': 'Thank you for explaining this pattern of the automaton to me.', 'intent': 'fsa-practical', 'argument': 'automaton', 'dialogue_act': 'Ta:propositionalQuestion', 'frame': {'pattern': '?'}}
VisualRelevancy;3;what are the states of this automaton?;The state q0 exists.;['simbolo-q0'];0.9;0;False;{'user_input': 'what are the states of this automaton?', 'intent': 'fsa-practical', 'argument': 'state', 'dialogue_act': 'Ta:request', 'frame': {'states': '?'}}
VisualRelevancy;3;Can you tell me which states are present in this automaton?;The state q0 exists.;['simbolo-q0'];0.8;0;False;{'user_input': 'Can you tell me which states are present in this automaton?', 'intent': 'fsa-practical', 'argument': 'state', 'dialogue_act': 'Ta:request', 'frame': {'states': '?'}}
VisualRelevancy;3;Ok, can you tell me what the states of this automaton are?;The state q0 exists.;['simbolo-q0'];0.9;0;False;{'user_input': 'Ok, can you tell me what the states of this automaton are?', 'intent': 'fsa-practical', 'argument': 'state', 'dialogue_act': 'Ta:request', 'frame': {'states': '?'}}
VisualRelevancy;3;what are the states of this automaton?;The state q0 exists.;['simbolo-q0'];0.8;0;False;{'user_input': 'what are the states of this automaton?', 'intent': 'fsa-practical', 'argument': 'state', 'dialogue_act': 'Ta:request', 'frame': {'states': '?'}}
VisualRelevancy;3;What are the states of this automaton?;The state q0 exists.;['simbolo-q0'];0.8;0;False;{'user_input': 'What are the states of this automaton?', 'intent': 'fsa-practical', 'argument': 'state', 'dialogue_act': 'Ta:request', 'frame': {'states': '?'}}
VisualRelevancy;3;Can you tell me which states are present in this automaton?;The state q0 exists.;['simbolo-q0'];0.9;0;False;{'user_input': 'Can you tell me which states are present in this automaton?', 'intent': 'fsa-practical', 'argument': 'state', 'dialogue_act': 'Ta:request', 'frame': {'states': '?'}}
VisualRelevancy;3;from which state does the transition labeled 1 start in this automaton?;The initial state is q0.;['simbolo-q0'];0.8;0;False;{'user_input': 'from which state does the transition labeled 1 start in this automaton?', 'intent': 'fsa-practical', 'argument': 'state', 'dialogue_act': 'Ta:request', 'frame': {'initialState': '?'}}
VisualRelevancy;3;What is the initial state of this automaton pattern?;The initial state is q0.;['simbolo-q0'];1.0;0;False;{'user_input': 'What is the initial state of this automaton pattern?', 'intent': 'fsa-practical', 'argument': 'state', 'dialogue_act': 'Ta:request', 'frame': {'initialState': '?'}}
VisualRelevancy;3;What is the initial state of this automaton’s pattern?;The initial state is q0.;['simbolo-q0'];1.0;0;False;{'user_input': 'What is the initial state of this automaton’s pattern?', 'intent': 'fsa-practical', 'argument': 'state', 'dialogue_act': 'Ta:request', 'frame': {'initialState': '?'}}
VisualRelevancy;4;From which state do we start when we input the string 11000?;The initial state is q0.;['simbolo-q0'];1.0;0;False;{'user_input': 'From which state do we start when we input the string 11000?', 'intent': 'fsa-practical', 'argument': 'state', 'dialogue_act': 'Ta:request', 'frame': {'initialState': 'q0'}}
VisualRelevancy;4;what are the transitions that start from this in this automaton?;The automaton has 5 transitions: q0 with value 1 goes to q1, q1 with value 1 goes to q2, q2 with value 0 goes to q3, q3 with value 0 goes to q4, q4 with value 0 goes to q0.;['simbolo-q0-q1', 'simbolo-q1-q2', 'simbolo-q2-q3', 'simbolo-q3-q4', 'simbolo-q4-q0'];1.0;0;False;{'user_input': 'what are the transitions that start from this in this automaton?', 'intent': 'fsa-practical', 'argument': 'transition', 'dialogue_act': 'Ta:request', 'frame': {'initialState': 'q0'}, '_raw_frame': {'transitions': []}}
VisualRelevancy;4;Thank you for explaining the transition from the initial state q0.;the transition is not defined.;[];1.0;0;False;{'user_input': 'Thank you for explaining the transition from the initial state q0.', 'intent': 'fsa-practical', 'argument': None, 'dialogue_act': 'Ta:propositionalQuestion', 'frame': {'transitions': [['q0', '?', '?']]}}
VisualRelevancy;4;How many final states does this automaton have?;The automaton has 5 states: q0, q1, q2, q3 and q4.;['simbolo-q0', 'simbolo-q1', 'simbolo-q2', 'simbolo-q3', 'simbolo-q4'];0.2;1;False;{'user_input': 'How many final states does this automaton have?', 'intent': 'fsa-practical', 'argument': 'state', 'dialogue_act': 'Ta:request', 'frame': {'numberOfFinalStates': '?'}}
VisualRelevancy;4;What is the initial state of this automaton if we start from state Q3?;It is not the initial state.;[];1.0;1;False;{'user_input': 'What is the initial state of this automaton if we start from state Q3?', 'intent': 'fsa-practical', 'argument': 'state', 'dialogue_act': 'Ta:request', 'frame': {'initialState': 'Q3'}}
VisualRelevancy;4;how many final states does this automaton have?;The automaton has 5 states: q0, q1, q2, q3 and q4.;['simbolo-q0', 'simbolo-q1', 'simbolo-q2', 'simbolo-q3', 'simbolo-q4'];0.2;2;False;{'user_input': 'how many final states does this automaton have?', 'intent': 'fsa-practical', 'argument': 'state', 'dialogue_act': 'Ta:request', 'frame': {'numberOfFinalStates': '?'}}
VisualRelevancy;4;Thank you, regarding the states of this automaton, how many final states does it have?;The automaton has 5 states: q0, q1, q2, q3 and q4.;['simbolo-q0', 'simbolo-q1', 'simbolo-q2', 'simbolo-q3', 'simbolo-q4'];0.2;3;False;{'user_input': 'Thank you, regarding the states of this automaton, how many final states does it have?', 'intent': 'fsa-practical', 'argument': 'state', 'dialogue_act': 'Ta:request', 'frame': {'numberOfFinalStates': '?'}}
VisualRelevancy;4;hi, looking at this automaton, how many final states does it have?;The automaton has 5 states: q0, q1, q2, q3 and q4.;['simbolo-q0', 'simbolo-q1', 'simbolo-q2', 'simbolo-q3', 'simbolo-q4'];0.3;4;False;{'user_input': 'hi, looking at this automaton, how many final states does it have?', 'intent': 'fsa-practical', 'argument': 'state', 'dialogue_act': 'Ta:request', 'frame': {'numberOfFinalStates': '?'}}
VisualRelevancy;4;can you tell me which transitions in this automaton end in this?;the transition is not defined.;[];1.0;4;False;{'user_input': 'can you tell me which transitions in this automaton end in this?', 'intent': 'fsa-practical', 'argument': 'transition', 'dialogue_act': 'Ta:request', 'frame': {'states': ['q1']}, '_raw_frame': {'transitions': []}}
VisualRelevancy;4;how many final states does this automaton have in its transitions?;The automaton has 5 states: q0, q1, q2, q3 and q4.;['simbolo-q0', 'simbolo-q1', 'simbolo-q2', 'simbolo-q3', 'simbolo-q4'];0.2;5;False;{'user_input': 'how many final states does this automaton have in its transitions?', 'intent': 'fsa-practical', 'argument': 'state', 'dialogue_act': 'Ta:request', 'frame': {'numberOfFinalStates': '?'}}
VisualRelevancy;4;Hi! Looking at the automaton on your tablet, how many final states does it have?;The automaton has 5 states: q0, q1, q2, q3 and q4.;['simbolo-q0', 'simbolo-q1', 'simbolo-q2', 'simbolo-q3', 'simbolo-q4'];0.2;6;False;{'user_input': 'Hi! Looking at the automaton on your tablet, how many final states does it have?', 'intent': 'fsa-practical', 'argument': 'state', 'dialogue_act': 'Ta:request', 'frame': {'numberOfFinalStates': '?'}}
VisualRelevancy;4;how many final states does this automaton have?;The automaton has 5 states: q0, q1, q2, q3 and q4.;['simbolo-q0', 'simbolo-q1', 'simbolo-q2', 'simbolo-q3', 'simbolo-q4'];0.2;7;False;{'user_input': 'how many final states does this automaton have?', 'intent': 'fsa-practical', 'argument': 'state', 'dialogue_act': 'Ta:request', 'frame': {'numberOfFinalStates': '?'}}
VisualRelevancy;4;What is the language accepted by this automaton, specifically regarding the number of final states?;Could you be more specific?;[];1.0;7;False;{'user_input': 'What is the language accepted by this automaton, specifically regarding the number of final states?', 'intent': 'fsa-practical', 'argument': 'language', 'dialogue_act': 'Ta:request', 'frame': {'numberOfFinalStates': '?'}}
VisualRelevancy;4;from this, which state does the automaton transition to?;The state q3 exists.;['simbolo-q3'];0.2;8;False;{'user_input': 'from this, which state does the automaton transition to?', 'intent': 'fsa-practical', 'argument': 'state', 'dialogue_act': 'Ta:request', 'frame': {'states': ['q3']}, '_raw_frame': {'transitions': []}}
VisualRelevancy;4;Could you list the states of this automaton, in particular state q3?;The state q0 exists.;['simbolo-q0'];0.8;8;False;{'user_input': 'Could you list the states of this automaton, in particular state q3?', 'intent': 'fsa-practical', 'argument': 'state', 'dialogue_act': 'Ta:request', 'frame': {'states': '?'}}
VisualRelevancy;5;Is q0 the only final state or are there other final states in this automaton?;The final state is q0.;['simbolo-q0'];1.0;0;False;{'user_input': 'Is q0 the only final state or are there other final states in this automaton?', 'intent': 'fsa-practical', 'argument': 'state', 'dialogue_act': 'Ta:request', 'frame': {'finalStates': 'q0'}}
VisualRelevancy;5;What are the final states of this automaton?;The final state is q0.;['simbolo-q0'];1.0;0;False;{'user_input': 'What are the final states of this automaton?', 'intent': 'fsa-practical', 'argument': 'state', 'dialogue_act': 'Ta:request', 'frame': {'finalStates': '?'}}
VisualRelevancy;5;what are the final states of this automaton?;The final state is q0.;['simbolo-q0'];1.0;0;False;{'user_input': 'what are the final states of this automaton?', 'intent': 'fsa-practical', 'argument': 'state', 'dialogue_act': 'Ta:request', 'frame': {'finalStates': '?'}}
VisualRelevancy;5;What is the pattern type of this finite state automaton?;Could you be more specific?;[];1.0;0;False;{'user_input': 'What is the pattern type of this finite state automaton?', 'intent': 'fsa-practical', 'argument': 'pattern', 'dialogue_act': 'Ta:request', 'frame': {'patternType': '?'}}
VisualRelevancy;5;what kind of pattern does this finite state automaton recognize?;Could you be more specific?;[];1.0;0;False;{'user_input': 'what kind of pattern does this finite state automaton recognize?', 'intent': 'fsa-practical', 'argument': 'pattern', 'dialogue_act': 'Ta:request', 'frame': {'patternType': '?'}}
VisualRelevancy;5;what is the pattern type of this finite state automaton?;Could you be more specific?;[];1.0;0;False;{'user_input': 'what is the pattern type of this finite state automaton?', 'intent': 'fsa-practical', 'argument': 'pattern', 'dialogue_act': 'Ta:request', 'frame': {'patternType': '?'}}
VisualRelevancy;5;what type of pattern does this automaton’s sequence of states follow?;Could you be more specific?;[];1.0;0;False;{'user_input': 'what type of pattern does this automaton’s sequence of states follow?', 'intent': 'fsa-practical', 'argument': 'pattern', 'dialogue_act': 'Ta:request', 'frame': {'patternType': '?'}}
VisualRelevancy;5;What is the pattern type of this automaton?;Could you be more specific?;[];1.0;0;False;{'user_input': 'What is the pattern type of this automaton?', 'intent': 'fsa-practical', 'argument': 'pattern', 'dialogue_act': 'Ta:request', 'frame': {'patternType': '?'}}
VisualRelevancy;5;what type of pattern does this automaton recognize?;Could you be more specific?;[];1.0;0;False;{'user_input': 'what type of pattern does this automaton recognize?', 'intent': 'fsa-practical', 'argument': 'pattern', 'dialogue_act': 'Ta:request', 'frame': {'patternType': '?'}}
VisualRelevancy;5;hi, could you tell me what type of pattern this finite state automaton recognizes?;Could you be more specific?;[];1.0;0;False;{'user_input': 'hi, could you tell me what type of pattern this finite state automaton recognizes?', 'intent': 'fsa-practical', 'argument': 'pattern', 'dialogue_act': 'Ta:request', 'frame': {'patternType': '?'}}
VisualRelevancy;5;what is the pattern type of this finite state automaton?;Could you be more specific?;[];1.0;0;False;{'user_input': 'what is the pattern type of this finite state automaton?', 'intent': 'fsa-practical', 'argument': 'pattern', 'dialogue_act': 'Ta:request', 'frame': {'patternType': '?'}}
VisualRelevancy;5;what type of pattern does this automaton recognize?;Could you be more specific?;[];1.0;0;False;{'user_input': 'what type of pattern does this automaton recognize?', 'intent': 'fsa-practical', 'argument': 'pattern', 'dialogue_act': 'Ta:request', 'frame': {'patternType': '?'}}
VisualRelevancy;5;For the input string `11000`, does the automaton produce the output denied?;Could you be more specific?;[];1.0;0;False;{'user_input': 'For the input string `11000`, does the automaton produce the output denied?', 'intent': 'fsa-practical', 'argument': 'language', 'dialogue_act': 'Ta:request', 'frame': {'input': '11000'}}
VisualRelevancy;5;Sorry, I meant the language recognized by this automaton on the input 11000.;Could you be more specific?;[];1.0;0;False;{'user_input': 'Sorry, I meant the language recognized by this automaton on the input 11000.', 'intent': 'fsa-practical', 'argument': 'language', 'dialogue_act': 'Ta:request', 'frame': {'input': '11000'}}
VisualRelevancy;5;For the automaton shown, what is the language accepted for the input string 11000?;Could you be more specific?;[];1.0;0;False;{'user_input': 'For the automaton shown, what is the language accepted for the input string 11000?', 'intent': 'fsa-practical', 'argument': 'language', 'dialogue_act': 'Ta:request', 'frame': {'input': '11000'}}
