METRIC;ITERATION;QUESTION;ANSWER;VISUAL_ANSWER;JUDGE_VALUE;FAILS;MUTED;NLU_OUTPUT;METRIC_SCORES
Accuracy;1;Is it possible to go from q2 directly to q4 in this automaton?;There is no transition between q2 and q4.;[];1.0;0;False;{'user_input': 'Is it possible to go from q2 directly to q4 in this automaton?', 'intent': 'fsa-practical', 'argument': None, 'dialogue_act': 'Ta:request', 'frame': {'transitions': [['q2', 'q4', '?']]}};[1.0, 1.0, 1.0, 1.0]
Accuracy;1;What is the label of the transition from state q2 to state q4?;There is no transition between q2 and q4.;[];1.0;0;False;{'user_input': 'What is the label of the transition from state q2 to state q4?', 'intent': 'fsa-practical', 'argument': 'transition', 'dialogue_act': 'Ta:request', 'frame': {'transitions': [['q2', 'q4', '?']]}};[1.0, 1.0, 1.0, 1.0]
Accuracy;1;what is the transition from this to that?;There is no transition between q4 and q2.;[];0.9;0;False;{'user_input': 'what is the transition from this to that?', 'intent': 'fsa-practical', 'argument': 'transition', 'dialogue_act': 'Ta:request', 'frame': {'states': ['q4', 'q2']}, '_raw_frame': {'transitions': []}};[0.9, 0.9, 1.0, 1.0]
Accuracy;1;Is there a transition between states q4 and q2 in this automaton?;There is no transition between q4 and q2.;[];1.0;0;False;{'user_input': 'Is there a transition between states q4 and q2 in this automaton?', 'intent': 'fsa-practical', 'argument': 'transition', 'dialogue_act': 'Ta:propositionalQuestion', 'frame': {'transitions': [['q4', 'q2', '?']]}};[1.0, 1.0, 1.0, 1.0]
Accuracy;1;What is the transition between states q4 and q2 in this automaton?;There is no transition between q4 and q2.;[];1.0;0;False;{'user_input': 'What is the transition between states q4 and q2 in this automaton?', 'intent': 'fsa-practical', 'argument': 'transition', 'dialogue_act': 'Ta:request', 'frame': {'transitions': [['q4', 'q2', '?']]}};[1.0, 1.0, 1.0, 1.0]
Accuracy;1;the transition from q4 to q2 in this automaton is defined by the sequence of inputs that takes the machine from that back to this.;There is no transition between q4 and q2.;[];0.95;0;False;{'user_input': 'the transition from q4 to q2 in this automaton is defined by the sequence of inputs that takes the machine from that back to this.', 'intent': 'fsa-practical', 'argument': 'transition', 'dialogue_act': 'Ta:request', 'frame': {'states': ['q4', 'q2'], 'transitions': [['q4', 'q2', '?']]}, '_raw_frame': {'transitions': [['q4', 'q2', '?']]}};[0.95, 1.0, 1.0, 1.0]
Accuracy;1;Does the automaton contain this specific sequence of transitions: from q0 to q1 with input 1, then from q1 to q2 with input 1, from q2 to q3 with input 0, from q3 to q4 with input 0, and finally from q4 back to q0 with input 0?;The automaton accepts zero or more words formed by a sequence of the type 11000. In total there are 5 states: q0, q1, q2, q3 and q4. q0 is both the initial and the final state. The transitions are: q0 with value 1 goes to q1, q1 with value 1 goes to q2, q2 with value 0 goes to q3, q3 with value 0 goes to q4, q4 with value 0 goes to q0.;[];0.95;0;False;{'user_input': 'Does the automaton contain this specific sequence of transitions: from q0 to q1 with input 1, then from q1 to q2 with input 1, from q2 to q3 with input 0, from q3 to q4 with input 0, and finally from q4 back to q0 with input 0?', 'intent': None, 'argument': None, 'dialogue_act': None, 'frame': {}};[0.95, 0.9, 1.0, 1.0]
Accuracy;1;which information can you give me about the states q4 and q2 in this automaton?;The automaton has 5 states: q0, q1, q2, q3 and q4.;['simbolo-q0', 'simbolo-q1', 'simbolo-q2', 'simbolo-q3', 'simbolo-q4'];0.1;1;False;{'user_input': 'which information can you give me about the states q4 and q2 in this automaton?', 'intent': 'fsa-practical', 'argument': 'state', 'dialogue_act': 'Ta:request', 'frame': {'states': ['q4', 'q2']}};[0.1, 0.2, 0.2, 0.3]
Accuracy;1;How many states does this automaton have?;This automaton has 5 states.;['simbolo-q0', 'simbolo-q1', 'simbolo-q2', 'simbolo-q3', 'simbolo-q4'];1.0;1;False;{'user_input': 'How many states does this automaton have?', 'intent': 'fsa-practical', 'argument': 'state', 'dialogue_act': 'Ta:request', 'frame': {'numberOfStates': '?'}};[1.0, 1.0, 1.0, 1.0]
Accuracy;1;"i’m done asking questions now; could you just remind me which states are q4 and q2 in this automaton before i leave?";The automaton has 5 states: q0, q1, q2, q3 and q4.;['simbolo-q0', 'simbolo-q1', 'simbolo-q2', 'simbolo-q3', 'simbolo-q4'];0.2;2;False;"{'user_input': 'i’m done asking questions now; could you just remind me which states are q4 and q2 in this automaton before i leave?', 'intent': 'fsa-practical', 'argument': 'state', 'dialogue_act': 'Ta:request', 'frame': {'states': 'q4'}}";[0.2, 0.3, 0.2, 0.2]
Accuracy;1;can you tell me more about the states q4 and q2 of this automaton?;The automaton has 5 states: q0, q1, q2, q3 and q4.;['simbolo-q0', 'simbolo-q1', 'simbolo-q2', 'simbolo-q3', 'simbolo-q4'];0.1;3;False;{'user_input': 'can you tell me more about the states q4 and q2 of this automaton?', 'intent': 'fsa-practical', 'argument': 'state', 'dialogue_act': 'Ta:propositionalQuestion', 'frame': {'states': ['q4', 'q2']}};[0.1, 0.2, 0.2, 0.9]
Accuracy;1;i meant to say that the states i was referring to are q4 and q2.;The automaton has 5 states: q0, q1, q2, q3 and q4.;['simbolo-q0', 'simbolo-q1', 'simbolo-q2', 'simbolo-q3', 'simbolo-q4'];0.2;4;False;{'user_input': 'i meant to say that the states i was referring to are q4 and q2.', 'intent': 'fsa-practical', 'argument': 'state', 'dialogue_act': 'Ta:request', 'frame': {'states': ['q4', 'q2']}};[0.2, 0.2, 0.2, 0.1]
Accuracy;1;in practical terms, what language is accepted between the states q4 and q2 in this finite state automaton?;Could you be more specific?;[];0.1;5;False;{'user_input': 'in practical terms, what language is accepted between the states q4 and q2 in this finite state automaton?', 'intent': 'fsa-practical', 'argument': 'language', 'dialogue_act': 'Ta:request', 'frame': {'input': 'q4 q2'}};[0.1, 0.2, 0.1, 1.0]
Accuracy;1;I’m saying goodbye now, but before I go, could you tell me what language this automaton recognizes for the inputs q4 and q2?;Could you be more specific?;[];0.1;6;False;{'user_input': 'I’m saying goodbye now, but before I go, could you tell me what language this automaton recognizes for the inputs q4 and q2?', 'intent': 'fsa-practical', 'argument': 'language', 'dialogue_act': 'Ta:request', 'frame': {'input': 'q4'}};[0.1, 0.2, 0.1, 1.0]
Accuracy;1;What type of automaton is this finite state machine?;The automaton accepts zero or more words formed by a sequence of the type 11000. In total there are 5 states: q0, q1, q2, q3 and q4. q0 is both the initial and the final state. The transitions are: q0 with value 1 goes to q1, q1 with value 1 goes to q2, q2 with value 0 goes to q3, q3 with value 0 goes to q4, q4 with value 0 goes to q0.;[];0.2;7;False;{'user_input': 'What type of automaton is this finite state machine?', 'intent': 'fsa-practical', 'argument': 'automaton', 'dialogue_act': 'Ta:request', 'frame': {'type': 'automatonType'}};[0.2, 0.4, 0.3, 1.0]
Accuracy;2;What is the value of the transition from q1 to q2 in the diagram?;The transition between q1 and q2 is with value 1.;['simbolo-q1-q2'];1.0;0;False;{'user_input': 'What is the value of the transition from q1 to q2 in the diagram?', 'intent': 'fsa-practical', 'argument': 'transition', 'dialogue_act': 'Ta:request', 'frame': {'transitions': [['q1', 'q2', '?']]}};[1.0, 1.0, 1.0, 1.0]
Accuracy;2;What is the symbol of the transition from state q1 to state q2 in this automaton’s alphabet?;There is no transition between q0 and q0.;[];0.0;1;False;{'user_input': 'What is the symbol of the transition from state q1 to state q2 in this automaton’s alphabet?', 'intent': 'fsa-practical', 'argument': 'transition', 'dialogue_act': 'Ta:request', 'frame': {'alphabet': '?'}};[0.0, 0.0, 0.0, 1.0]
Accuracy;2;What is the alphabet of this automaton?;Could you be more specific?;[];0.0;2;False;{'user_input': 'What is the alphabet of this automaton?', 'intent': 'fsa-practical', 'argument': 'alphabet', 'dialogue_act': 'Ta:request', 'frame': {'alphabet': '?'}};[0.0, 0.1, 0.0, 1.0]
Accuracy;2;What are the final states of this automaton and what alphabet does it use if the final states are Q1 and Q2?;The final state is q0.;['simbolo-q0'];0.0;3;False;{'user_input': 'What are the final states of this automaton and what alphabet does it use if the final states are Q1 and Q2?', 'intent': 'fsa-practical', 'argument': 'state', 'dialogue_act': 'Ta:request', 'frame': {'finalStates': 'Q1', 'alphabet': 'Q2'}};[0.0, 0.2, 0.0, 0.2]
Accuracy;2;So, if I understood correctly, for this automaton the final states are Q1 and the alphabet is Q2, right?;The final state is q0.;['simbolo-q0'];1.0;3;False;{'user_input': 'So, if I understood correctly, for this automaton the final states are Q1 and the alphabet is Q2, right?', 'intent': 'fsa-practical', 'argument': 'state', 'dialogue_act': 'Ta:request', 'frame': {'finalStates': 'Q1', 'alphabet': 'Q2'}};[1.0, 1.0, 1.0, 1.0]
Accuracy;2;from this, to which state does the automaton transition?;The state q3 exists.;['simbolo-q3'];0.0;4;False;{'user_input': 'from this, to which state does the automaton transition?', 'intent': 'fsa-practical', 'argument': 'transition', 'dialogue_act': 'Ta:request', 'frame': {'states': ['q3']}, '_raw_frame': {'transitions': []}};[0.0, 0.2, 0.0, 0.9]
Accuracy;2;from which state does this transition start?;The automaton has 5 states: q0, q1, q2, q3 and q4.;['simbolo-q0', 'simbolo-q1', 'simbolo-q2', 'simbolo-q3', 'simbolo-q4'];0.0;5;False;{'user_input': 'from which state does this transition start?', 'intent': 'fsa-practical', 'argument': 'state', 'dialogue_act': 'Ta:request', 'frame': {'state': '?'}};[0.0, 0.2, 0.0, 0.3]
Accuracy;2;sorry, i meant the final state is q0, not q4.;The final state is q0.;['simbolo-q0'];1.0;5;False;{'user_input': 'sorry, i meant the final state is q0, not q4.', 'intent': 'fsa-practical', 'argument': 'state', 'dialogue_act': 'Ta:request', 'frame': {'finalStates': 'q0'}};[1.0, 1.0, 1.0, 0.9]
Accuracy;2;what is the description of the state?;The automaton has 5 states: q0, q1, q2, q3 and q4.;['simbolo-q0', 'simbolo-q1', 'simbolo-q2', 'simbolo-q3', 'simbolo-q4'];0.4;5;False;{'user_input': 'what is the description of the state?', 'intent': 'fsa-practical', 'argument': 'state', 'dialogue_act': 'Ta:request', 'frame': {'state': '?'}};[0.4, 0.6, 0.4, 0.9]
Accuracy;2;Which state in this automaton corresponds to the state q1?;The automaton has 5 states: q0, q1, q2, q3 and q4.;['simbolo-q0', 'simbolo-q1', 'simbolo-q2', 'simbolo-q3', 'simbolo-q4'];0.1;6;False;{'user_input': 'Which state in this automaton corresponds to the state q1?', 'intent': 'fsa-practical', 'argument': 'state', 'dialogue_act': 'Ta:request', 'frame': {'state': 'q1'}};[0.1, 0.2, 0.2, 0.9]
Accuracy;2;Which states does this automaton have?;The automaton has 5 states: q0, q1, q2, q3 and q4.;['simbolo-q0', 'simbolo-q1', 'simbolo-q2', 'simbolo-q3', 'simbolo-q4'];1.0;6;False;{'user_input': 'Which states does this automaton have?', 'intent': 'fsa-practical', 'argument': 'state', 'dialogue_act': 'Ta:request', 'frame': {'states': '?'}};[1.0, 1.0, 1.0, 1.0]
Accuracy;2;what is the definition of a state in this finite state automaton?;The automaton has 5 states: q0, q1, q2, q3 and q4.;['simbolo-q0', 'simbolo-q1', 'simbolo-q2', 'simbolo-q3', 'simbolo-q4'];0.1;7;False;{'user_input': 'what is the definition of a state in this finite state automaton?', 'intent': 'fsa-practical', 'argument': 'state', 'dialogue_act': 'Ta:request', 'frame': {'state': '?'}};[0.1, 0.2, 0.2, 0.9]
Accuracy;3;What language does this automaton recognize in terms of strings of 0s and 1s?;Could you be more specific?;[];0.0;1;False;{'user_input': 'What language does this automaton recognize in terms of strings of 0s and 1s?', 'intent': 'fsa-practical', 'argument': 'language', 'dialogue_act': 'Ta:request', 'frame': {'input': '?'}};[0.0, 0.1, 0.0, 1.0]
Accuracy;3;What is the language accepted by this finite state automaton for an arbitrary input string?;Could you be more specific?;[];0.0;2;False;{'user_input': 'What is the language accepted by this finite state automaton for an arbitrary input string?', 'intent': 'fsa-practical', 'argument': 'language', 'dialogue_act': 'Ta:request', 'frame': {'input': '?'}};[0.0, 0.1, 0.0, 1.0]
Accuracy;3;what is the language accepted by this automaton for the input string?;Could you be more specific?;[];0.0;3;False;{'user_input': 'what is the language accepted by this automaton for the input string?', 'intent': 'fsa-practical', 'argument': 'language', 'dialogue_act': 'Ta:propositionalQuestion', 'frame': {'input': '?'}};[0.0, 0.1, 0.0, 1.0]
Accuracy;3;What is the language recognized by this automaton for the input string?;Could you be more specific?;[];0.1;4;False;{'user_input': 'What is the language recognized by this automaton for the input string?', 'intent': 'fsa-practical', 'argument': 'language', 'dialogue_act': 'Ta:request', 'frame': {'input': '?'}};[0.1, 0.2, 0.1, 1.0]
Accuracy;3;what input strings does this automaton accept?;Could you be more specific?;[];0.0;5;False;{'user_input': 'what input strings does this automaton accept?', 'intent': 'fsa-practical', 'argument': 'language', 'dialogue_act': 'Ta:request', 'frame': {'input': '?'}};[0.0, 0.1, 0.0, 1.0]
Accuracy;3;What is the language accepted by this automaton for the input string?;Could you be more specific?;[];0.1;6;False;{'user_input': 'What is the language accepted by this automaton for the input string?', 'intent': 'fsa-practical', 'argument': 'language', 'dialogue_act': 'Ta:request', 'frame': {'input': '?'}};[0.1, 0.2, 0.1, 1.0]
Accuracy;3;"i accept my turn; what is the language recognized by this finite state automaton for the input string?";Could you be more specific?;[];0.1;7;False;"{'user_input': 'i accept my turn; what is the language recognized by this finite state automaton for the input string?', 'intent': 'fsa-practical', 'argument': 'language', 'dialogue_act': 'Ta:request', 'frame': {'input': '?'}}";[0.1, 0.2, 0.1, 1.0]
Accuracy;3;what is the language accepted by this automaton for a given input string?;Could you be more specific?;[];0.0;8;False;{'user_input': 'what is the language accepted by this automaton for a given input string?', 'intent': 'fsa-practical', 'argument': 'language', 'dialogue_act': 'Ta:request', 'frame': {'input': '?'}};[0.0, 0.1, 0.0, 1.0]
Accuracy;3;what is the language accepted by this automaton for the input string?;Could you be more specific?;[];0.1;9;False;{'user_input': 'what is the language accepted by this automaton for the input string?', 'intent': 'fsa-practical', 'argument': 'language', 'dialogue_act': 'Ta:request', 'frame': {'input': '?'}};[0.1, 0.2, 0.1, 1.0]
Accuracy;3;What is the language accepted by this finite state automaton for an input string?;Could you be more specific?;[];0.0;10;False;{'user_input': 'What is the language accepted by this finite state automaton for an input string?', 'intent': 'fsa-practical', 'argument': 'language', 'dialogue_act': 'Ta:request', 'frame': {'input': '?'}};[0.0, 0.1, 0.0, 1.0]
Accuracy;3;What are the transitions of this automaton for an input string?;There is no transition between q0 and q0.;[];0.0;11;False;{'user_input': 'What are the transitions of this automaton for an input string?', 'intent': 'fsa-practical', 'argument': 'transition', 'dialogue_act': 'Ta:request', 'frame': {'transitions': []}};[0.0, 0.1, 0.0, 1.0]
Accuracy;3;What is the transition from state Q0 to state Q1 with input symbol 1?;the transition is not defined.;[];0.0;12;False;{'user_input': 'What is the transition from state Q0 to state Q1 with input symbol 1?', 'intent': 'fsa-practical', 'argument': 'transition', 'dialogue_act': 'Ta:request', 'frame': {'transitions': [['Q0', 'Q1', '1']]}};[0.0, 0.9, 0.0, 1.0]
Accuracy;3;What is the alphabet of this finite state automaton?;Could you be more specific?;[];0.0;13;False;{'user_input': 'What is the alphabet of this finite state automaton?', 'intent': 'fsa-practical', 'argument': 'alphabet', 'dialogue_act': 'Ta:request', 'frame': {'alphabet': '?'}};[0.0, 0.1, 0.0, 1.0]
Accuracy;3;What is the alphabet of this automaton?;Could you be more specific?;[];0.0;14;False;{'user_input': 'What is the alphabet of this automaton?', 'intent': 'fsa-practical', 'argument': 'alphabet', 'dialogue_act': 'Ta:request', 'frame': {'alphabet': '?'}};[0.0, 0.1, 0.0, 1.0]
Accuracy;3;What is the alphabet of this automaton?;Could you be more specific?;[];0.0;15;False;{'user_input': 'What is the alphabet of this automaton?', 'intent': 'fsa-practical', 'argument': 'alphabet', 'dialogue_act': 'Ta:request', 'frame': {'alphabet': '?'}};[0.0, 0.1, 0.0, 1.0]
Accuracy;4;Is q0 the only final state, or are there other accepting states in this automaton?;The automaton has 5 states: q0, q1, q2, q3 and q4.;['simbolo-q0', 'simbolo-q1', 'simbolo-q2', 'simbolo-q3', 'simbolo-q4'];0.0;1;False;{'user_input': 'Is q0 the only final state, or are there other accepting states in this automaton?', 'intent': 'fsa-practical', 'argument': 'state', 'dialogue_act': 'Ta:propositionalQuestion', 'frame': {'state': 'q0'}};[0.0, 0.2, 0.0, 0.3]
Accuracy;4;what information can you tell me about this in this automaton?;The automaton accepts zero or more words formed by a sequence of the type 11000. In total there are 5 states: q0, q1, q2, q3 and q4. q0 is both the initial and the final state. The transitions are: q0 with value 1 goes to q1, q1 with value 1 goes to q2, q2 with value 0 goes to q3, q3 with value 0 goes to q4, q4 with value 0 goes to q0.;[];0.95;1;False;{'user_input': 'what information can you tell me about this in this automaton?', 'intent': 'fsa-practical', 'argument': 'automaton', 'dialogue_act': 'Ta:request', 'frame': {'states': ['q0']}, '_raw_frame': {'input': '?'}};[0.95, 0.95, 0.9, 1.0]
Accuracy;4;Hi, could you please show me information about state q0 in this finite state automaton?;The automaton has 5 states: q0, q1, q2, q3 and q4.;['simbolo-q0', 'simbolo-q1', 'simbolo-q2', 'simbolo-q3', 'simbolo-q4'];0.2;2;False;{'user_input': 'Hi, could you please show me information about state q0 in this finite state automaton?', 'intent': 'fsa-practical', 'argument': 'state', 'dialogue_act': 'Ta:request', 'frame': {'states': 'q0'}};[0.2, 0.3, 0.2, 0.4]
Accuracy;4;this is not correct in this automaton.;The state q0 exists.;['simbolo-q0'];0.0;3;False;{'user_input': 'this is not correct in this automaton.', 'intent': 'fsa-practical', 'argument': None, 'dialogue_act': 'Ta:request', 'frame': {'states': ['q0']}, '_raw_frame': {}};[0.0, 0.1, 0.0, 0.2]
Accuracy;4;thank you for the explanation about the automaton, i understand that the only state you mentioned is q0.;The automaton has 5 states: q0, q1, q2, q3 and q4.;['simbolo-q0', 'simbolo-q1', 'simbolo-q2', 'simbolo-q3', 'simbolo-q4'];1.0;3;False;{'user_input': 'thank you for the explanation about the automaton, i understand that the only state you mentioned is q0.', 'intent': 'fsa-practical', 'argument': 'state', 'dialogue_act': 'Ta:propositionalQuestion', 'frame': {'states': ['q0']}};[1.0, 1.0, 1.0, 1.0]
Accuracy;4;is the language accepted by this deterministic automaton regular or deterministic?;Could you be more specific?;[];0.1;4;False;{'user_input': 'is the language accepted by this deterministic automaton regular or deterministic?', 'intent': 'fsa-practical', 'argument': 'language', 'dialogue_act': 'Ta:request', 'frame': {'input': '?'}};[0.1, 0.2, 0.1, 1.0]
Accuracy;4;Can you tell me which states are present in this automaton, starting from q0?;The automaton has 5 states: q0, q1, q2, q3 and q4.;['simbolo-q0', 'simbolo-q1', 'simbolo-q2', 'simbolo-q3', 'simbolo-q4'];1.0;4;False;{'user_input': 'Can you tell me which states are present in this automaton, starting from q0?', 'intent': 'fsa-practical', 'argument': 'state', 'dialogue_act': 'Ta:propositionalQuestion', 'frame': {'states': '?'}};[1.0, 1.0, 1.0, 1.0]
Accuracy;4;Please set a practical question about the finite state automaton that involves the state q0.;The automaton has 5 states: q0, q1, q2, q3 and q4.;['simbolo-q0', 'simbolo-q1', 'simbolo-q2', 'simbolo-q3', 'simbolo-q4'];0.1;5;False;{'user_input': 'Please set a practical question about the finite state automaton that involves the state q0.', 'intent': 'fsa-practical', 'argument': 'state', 'dialogue_act': 'Ta:request', 'frame': {'state': 'q0'}};[0.1, 0.2, 0.2, 0.9]
Accuracy;4;can you tell me which states are present in this automaton, starting from q0?;The automaton has 5 states: q0, q1, q2, q3 and q4.;['simbolo-q0', 'simbolo-q1', 'simbolo-q2', 'simbolo-q3', 'simbolo-q4'];1.0;5;False;{'user_input': 'can you tell me which states are present in this automaton, starting from q0?', 'intent': 'fsa-practical', 'argument': 'state', 'dialogue_act': 'Ta:request', 'frame': {'states': '?'}};[1.0, 1.0, 1.0, 1.0]
Accuracy;5;Does this automaton accept the input string 11000 starting from the initial state?;Could you be more specific?;[];0.0;1;False;{'user_input': 'Does this automaton accept the input string 11000 starting from the initial state?', 'intent': 'fsa-practical', 'argument': 'language', 'dialogue_act': 'Ta:propositionalQuestion', 'frame': {'input': '11000'}};[0.0, 0.1, 0.0, 1.0]
Accuracy;5;what language is accepted by the automaton starting from this?;Could you be more specific?;[];0.0;2;False;{'user_input': 'what language is accepted by the automaton starting from this?', 'intent': 'fsa-practical', 'argument': 'language', 'dialogue_act': 'Ta:request', 'frame': {'states': ['q1']}, '_raw_frame': {'input': '?'}};[0.0, 0.1, 0.0, 1.0]
Accuracy;5;what is the language accepted by this automaton over the alphabet {2,4}?;Could you be more specific?;[];0.0;3;False;{'user_input': 'what is the language accepted by this automaton over the alphabet {2,4}?', 'intent': 'fsa-practical', 'argument': 'language', 'dialogue_act': 'Ta:request', 'frame': {'alphabet': ['2', '4']}};[0.0, 0.1, 0.0, 1.0]
Accuracy;5;Which transitions of the automaton are labeled with symbols 2 and 4?;There is no transition between q0 and q0.;[];0.0;4;False;{'user_input': 'Which transitions of the automaton are labeled with symbols 2 and 4?', 'intent': 'fsa-practical', 'argument': 'transition', 'dialogue_act': 'Ta:request', 'frame': {'transitions': []}};[0.0, 0.1, 0.0, 1.0]
Accuracy;5;"Ok, I accept your turn; now please list all the transitions of this automaton for me.";There is no transition between q0 and q0.;[];0.0;5;False;"{'user_input': 'Ok, I accept your turn; now please list all the transitions of this automaton for me.', 'intent': 'fsa-practical', 'argument': 'transition', 'dialogue_act': 'Ta:request', 'frame': {}}";[0.0, 0.1, 0.0, 1.0]
Accuracy;5;Can you explain the transitions of this finite state automaton?;The automaton accepts zero or more words formed by a sequence of the type 11000. In total there are 5 states: q0, q1, q2, q3 and q4. q0 is both the initial and the final state. The transitions are: q0 with value 1 goes to q1, q1 with value 1 goes to q2, q2 with value 0 goes to q3, q3 with value 0 goes to q4, q4 with value 0 goes to q0.;[];0.95;5;False;{'user_input': 'Can you explain the transitions of this finite state automaton?', 'intent': 'fsa-practical', 'argument': 'automaton', 'dialogue_act': 'Ta:request', 'frame': {}};[0.95, 0.95, 0.9, 1.0]
Accuracy;5;can you tell me what the transitions of this automaton are?;There is no transition between q0 and q0.;[];0.0;6;False;{'user_input': 'can you tell me what the transitions of this automaton are?', 'intent': 'fsa-practical', 'argument': 'transition', 'dialogue_act': 'Ta:request', 'frame': {}};[0.0, 0.1, 0.0, 1.0]
Accuracy;5;Can you tell me what the transitions of this automaton are?;There is no transition between q0 and q0.;[];0.0;7;False;{'user_input': 'Can you tell me what the transitions of this automaton are?', 'intent': 'fsa-practical', 'argument': 'transition', 'dialogue_act': 'Ta:request', 'frame': {}};[0.0, 0.1, 0.0, 1.0]
Accuracy;5;can you explain the transitions of this automaton?;There is no transition between q0 and q0.;[];0.1;8;False;{'user_input': 'can you explain the transitions of this automaton?', 'intent': 'fsa-practical', 'argument': 'transition', 'dialogue_act': 'Ta:request', 'frame': {}};[0.1, 0.1, 0.1, 1.0]
Accuracy;5;can you explain the transitions of this automaton?;There is no transition between q0 and q0.;[];0.0;9;False;{'user_input': 'can you explain the transitions of this automaton?', 'intent': 'fsa-practical', 'argument': 'transition', 'dialogue_act': 'Ta:request', 'frame': {}};[0.0, 0.1, 0.0, 1.0]
Accuracy;5;What is the language accepted by this automaton?;Could you be more specific?;[];0.0;10;False;{'user_input': 'What is the language accepted by this automaton?', 'intent': 'fsa-practical', 'argument': 'language', 'dialogue_act': 'Ta:request', 'frame': {'language': '?'}};[0.0, 0.1, 0.0, 1.0]
Accuracy;5;before i go, could you tell me what is the language accepted by this automaton?;Could you be more specific?;[];0.0;11;False;{'user_input': 'before i go, could you tell me what is the language accepted by this automaton?', 'intent': 'fsa-practical', 'argument': 'language', 'dialogue_act': 'Ta:request', 'frame': {'language': '?'}};[0.0, 0.1, 0.0, 1.0]
Accuracy;5;what is the language recognized by this automaton, in terms of the strings it accepts as output?;Could you be more specific?;[];0.0;12;False;{'user_input': 'what is the language recognized by this automaton, in terms of the strings it accepts as output?', 'intent': 'fsa-practical', 'argument': 'language', 'dialogue_act': 'Ta:request', 'frame': {'input': '?'}};[0.0, 0.1, 0.0, 1.0]
Accuracy;5;i meant to ask about the language recognized by this automaton for a given input string, what would the input be?;Could you be more specific?;[];0.2;13;False;{'user_input': 'i meant to ask about the language recognized by this automaton for a given input string, what would the input be?', 'intent': 'fsa-practical', 'argument': 'language', 'dialogue_act': 'Ta:request', 'frame': {'input': '?'}};[0.2, 0.3, 0.2, 1.0]
Accuracy;5;Thank you, could you please tell me what language this automaton recognizes for an input string?;Could you be more specific?;[];0.0;14;False;{'user_input': 'Thank you, could you please tell me what language this automaton recognizes for an input string?', 'intent': 'fsa-practical', 'argument': 'language', 'dialogue_act': 'Ta:request', 'frame': {'input': '?'}};[0.0, 0.1, 0.0, 1.0]
Relevancy;1;Is it possible to go from q2 to q4 in this automaton?;There is no transition between q2 and q4.;[];0.6;0;False;{'user_input': 'Is it possible to go from q2 to q4 in this automaton?', 'intent': 'fsa-practical', 'argument': 'transition', 'dialogue_act': 'Ta:propositionalQuestion', 'frame': {'transitions': [['q2', 'q4', '?']]}};[0.2, 0.6, 0.2, 1.0]
Relevancy;1;In the pentagon-shaped graphical representation of this automaton, which transition leads from one state to the next?;There is no transition between q0 and q0.;[];0.1;1;False;{'user_input': 'In the pentagon-shaped graphical representation of this automaton, which transition leads from one state to the next?', 'intent': 'fsa-practical', 'argument': 'transition', 'dialogue_act': 'Ta:request', 'frame': {'transitions': []}};[0.0, 0.1, 0.0, 1.0]
Relevancy;1;Can you tell me what transitions are present in this pentagon-shaped automaton?;There is no transition between q0 and q0.;[];0.1;2;False;{'user_input': 'Can you tell me what transitions are present in this pentagon-shaped automaton?', 'intent': 'fsa-practical', 'argument': 'transition', 'dialogue_act': 'Ta:request', 'frame': {'transitions': []}};[0.0, 0.1, 0.0, 1.0]
Relevancy;1;can you list all the transitions of this automaton for me?;There is no transition between q0 and q0.;[];0.1;3;False;{'user_input': 'can you list all the transitions of this automaton for me?', 'intent': 'fsa-practical', 'argument': 'transition', 'dialogue_act': 'Ta:request', 'frame': {}};[0.0, 0.1, 0.0, 1.0]
Relevancy;1;can you ask me a practical question about this automaton?;The automaton accepts zero or more words formed by a sequence of the type 11000. In total there are 5 states: q0, q1, q2, q3 and q4. q0 is both the initial and the final state. The transitions are: q0 with value 1 goes to q1, q1 with value 1 goes to q2, q2 with value 0 goes to q3, q3 with value 0 goes to q4, q4 with value 0 goes to q0.;[];0.1;4;False;{'user_input': 'can you ask me a practical question about this automaton?', 'intent': 'fsa-practical', 'argument': 'automaton', 'dialogue_act': 'Ta:request', 'frame': {}};[0.2, 0.1, 0.3, 1.0]
Relevancy;1;hi, i’d like to do some practical exercises on this automaton.;The automaton accepts zero or more words formed by a sequence of the type 11000. In total there are 5 states: q0, q1, q2, q3 and q4. q0 is both the initial and the final state. The transitions are: q0 with value 1 goes to q1, q1 with value 1 goes to q2, q2 with value 0 goes to q3, q3 with value 0 goes to q4, q4 with value 0 goes to q0.;[];0.5;4;False;{'user_input': 'hi, i’d like to do some practical exercises on this automaton.', 'intent': 'fsa-practical', 'argument': 'automaton', 'dialogue_act': 'Ta:request', 'frame': {'input': 'hi,i’dLikeToDo'}};[0.4, 0.5, 0.5, 1.0]
Relevancy;1;from this, what are the possible transitions in this automaton?;The state q3 exists.;['simbolo-q3'];0.1;5;False;{'user_input': 'from this, what are the possible transitions in this automaton?', 'intent': 'fsa-practical', 'argument': 'transition', 'dialogue_act': 'Ta:request', 'frame': {'states': ['q3']}, '_raw_frame': {'transitions': []}};[0.0, 0.1, 0.0, 0.2]
Relevancy;1;there are 2 transitions in this automaton.;There is no transition between q0 and q0.;[];0.2;6;False;{'user_input': 'there are 2 transitions in this automaton.', 'intent': 'fsa-practical', 'argument': 'transition', 'dialogue_act': 'Ta:request', 'frame': {'numberOfTransitions': '2'}};[0.0, 0.2, 0.0, 1.0]
Relevancy;1;ok, i accept your explanation about the transition that starts from this.;The state q3 exists.;['simbolo-q3'];0.9;6;False;{'user_input': 'ok, i accept your explanation about the transition that starts from this.', 'intent': 'fsa-practical', 'argument': None, 'dialogue_act': 'Ta:request', 'frame': {'states': ['q3']}, '_raw_frame': {}};[0.9, 0.9, 1.0, 0.9]
Relevancy;1;which alphabet does this automaton use, specifically, are the symbols 2 and 4 valid input symbols?;Could you be more specific?;[];0.1;7;False;{'user_input': 'which alphabet does this automaton use, specifically, are the symbols 2 and 4 valid input symbols?', 'intent': 'fsa-practical', 'argument': 'alphabet', 'dialogue_act': 'Ta:request', 'frame': {'alphabet': '?'}};[0.0, 0.1, 0.0, 1.0]
Relevancy;1;What is the alphabet of this automaton?;Could you be more specific?;[];0.1;8;False;{'user_input': 'What is the alphabet of this automaton?', 'intent': 'fsa-practical', 'argument': 'alphabet', 'dialogue_act': 'Ta:request', 'frame': {'alphabet': '?'}};[0.0, 0.1, 0.0, 1.0]
Relevancy;1;what is the alphabet of this automaton?;Could you be more specific?;[];0.1;9;False;{'user_input': 'what is the alphabet of this automaton?', 'intent': 'fsa-practical', 'argument': 'alphabet', 'dialogue_act': 'Ta:request', 'frame': {'alphabet': '?'}};[0.0, 0.1, 0.0, 1.0]
Relevancy;1;What is the alphabet of this automaton?;Could you be more specific?;[];0.1;10;False;{'user_input': 'What is the alphabet of this automaton?', 'intent': 'fsa-practical', 'argument': 'alphabet', 'dialogue_act': 'Ta:request', 'frame': {'alphabet': '?'}};[0.0, 0.1, 0.0, 1.0]
Relevancy;1;What is the alphabet of this finite state automaton?;Could you be more specific?;[];0.1;11;False;{'user_input': 'What is the alphabet of this finite state automaton?', 'intent': 'fsa-practical', 'argument': 'alphabet', 'dialogue_act': 'Ta:request', 'frame': {'alphabet': '?'}};[0.0, 0.1, 0.0, 1.0]
Relevancy;1;hello! to begin working on this automaton, could you tell me what the alphabet of this finite state machine is?;Could you be more specific?;[];0.1;12;False;{'user_input': 'hello! to begin working on this automaton, could you tell me what the alphabet of this finite state machine is?', 'intent': 'fsa-practical', 'argument': 'alphabet', 'dialogue_act': 'Ta:propositionalQuestion', 'frame': {'alphabet': '?'}};[0.0, 0.1, 0.0, 1.0]
Relevancy;2;What is the value on the transition from q1 to q2?;The transition between q1 and q2 is with value 1.;['simbolo-q1-q2'];1.0;0;False;{'user_input': 'What is the value on the transition from q1 to q2?', 'intent': 'fsa-practical', 'argument': 'transition', 'dialogue_act': 'Ta:request', 'frame': {'transitions': [['q1', 'q2', '?']]}};[1.0, 1.0, 1.0, 1.0]
Relevancy;2;can you list all the deterministic transitions of this automaton?;There is no transition between q0 and q0.;[];0.1;1;False;{'user_input': 'can you list all the deterministic transitions of this automaton?', 'intent': 'fsa-practical', 'argument': 'transition', 'dialogue_act': 'Ta:request', 'frame': {}};[0.0, 0.1, 0.0, 1.0]
Relevancy;2;Can you explain the transitions of this finite state automaton?;There is no transition between q0 and q0.;[];0.1;2;False;{'user_input': 'Can you explain the transitions of this finite state automaton?', 'intent': 'fsa-practical', 'argument': 'transition', 'dialogue_act': 'Ta:propositionalQuestion', 'frame': {'transitions': []}};[0.0, 0.1, 0.0, 1.0]
Relevancy;2;what are the transitions of this finite state automaton?;There is no transition between q0 and q0.;[];0.1;3;False;{'user_input': 'what are the transitions of this finite state automaton?', 'intent': 'fsa-practical', 'argument': 'transition', 'dialogue_act': 'Ta:request', 'frame': {}};[0.0, 0.1, 0.0, 1.0]
Relevancy;2;can you explain the transitions of this automaton?;There is no transition between q0 and q0.;[];0.1;4;False;{'user_input': 'can you explain the transitions of this automaton?', 'intent': 'fsa-practical', 'argument': 'transition', 'dialogue_act': 'Ta:request', 'frame': {}};[0.0, 0.1, 0.0, 1.0]
Relevancy;2;in the pentagon-shaped graphical representation of this automaton, can you tell me what the transitions are?;There is no transition between q0 and q0.;[];0.1;5;False;{'user_input': 'in the pentagon-shaped graphical representation of this automaton, can you tell me what the transitions are?', 'intent': 'fsa-practical', 'argument': 'transition', 'dialogue_act': 'Ta:request', 'frame': {'transitions': []}};[0.0, 0.1, 0.0, 1.0]
Relevancy;2;Hi again! Could you please show me all the transitions of this automaton?;There is no transition between q0 and q0.;[];0.1;6;False;{'user_input': 'Hi again! Could you please show me all the transitions of this automaton?', 'intent': 'fsa-practical', 'argument': 'transition', 'dialogue_act': 'Ta:request', 'frame': {}};[0.0, 0.1, 0.0, 1.0]
Relevancy;2;can you list all the transitions of this automaton?;There is no transition between q0 and q0.;[];0.1;7;False;{'user_input': 'can you list all the transitions of this automaton?', 'intent': 'fsa-practical', 'argument': 'transition', 'dialogue_act': 'Ta:request', 'frame': {}};[0.0, 0.1, 0.0, 1.0]
Relevancy;2;which state in this automaton has the highest number of transitions?;The automaton has 5 states: q0, q1, q2, q3 and q4.;['simbolo-q0', 'simbolo-q1', 'simbolo-q2', 'simbolo-q3', 'simbolo-q4'];0.2;8;False;{'user_input': 'which state in this automaton has the highest number of transitions?', 'intent': 'fsa-practical', 'argument': 'state', 'dialogue_act': 'Ta:request', 'frame': {'stateWithMostTransitions': '?'}};[0.0, 0.2, 0.0, 0.3]
Relevancy;2;Which are the transitions of this automaton?;There is no transition between q0 and q0.;[];0.2;9;False;{'user_input': 'Which are the transitions of this automaton?', 'intent': 'fsa-practical', 'argument': 'transition', 'dialogue_act': 'Ta:request', 'frame': {'transitions': []}};[0.0, 0.2, 0.0, 1.0]
Relevancy;2;Can you tell me what the transitions of this automaton are?;There is no transition between q0 and q0.;[];0.2;10;False;{'user_input': 'Can you tell me what the transitions of this automaton are?', 'intent': 'fsa-practical', 'argument': 'transition', 'dialogue_act': 'Ta:request', 'frame': {}};[0.0, 0.2, 0.0, 0.9]
Relevancy;2;what is this with input symbol ?;Could you be more specific?;[];0.2;11;False;{'user_input': 'what is this with input symbol ?', 'intent': 'fsa-practical', 'argument': 'alphabet', 'dialogue_act': 'Ta:request', 'frame': {'transitions': [['q1', 'q2', '?']]}, '_raw_frame': {'alphabet': '?'}};[0.1, 0.2, 0.1, 0.9]
Relevancy;2;Can you give me a practical exercise on this finite state automaton?;The automaton accepts zero or more words formed by a sequence of the type 11000. In total there are 5 states: q0, q1, q2, q3 and q4. q0 is both the initial and the final state. The transitions are: q0 with value 1 goes to q1, q1 with value 1 goes to q2, q2 with value 0 goes to q3, q3 with value 0 goes to q4, q4 with value 0 goes to q0.;[];0.3;12;False;{'user_input': 'Can you give me a practical exercise on this finite state automaton?', 'intent': 'fsa-practical', 'argument': 'automaton', 'dialogue_act': 'Ta:request', 'frame': {'alphabet': '?', 'input': '?', 'transitions': [], 'states': '?'}};[0.4, 0.3, 0.5, 1.0]
Relevancy;3;Is q0 the only final state or are there other accepting states?;The automaton has 5 states: q0, q1, q2, q3 and q4.;['simbolo-q0', 'simbolo-q1', 'simbolo-q2', 'simbolo-q3', 'simbolo-q4'];0.2;1;False;{'user_input': 'Is q0 the only final state or are there other accepting states?', 'intent': 'fsa-practical', 'argument': 'state', 'dialogue_act': 'Ta:request', 'frame': {'state': 'q0'}};[0.0, 0.2, 0.0, 0.8]
Relevancy;3;can you tell me something about this?;The state q0 exists.;['simbolo-q0'];0.3;2;False;{'user_input': 'can you tell me something about this?', 'intent': 'fsa-practical', 'argument': None, 'dialogue_act': 'Ta:request', 'frame': {'states': ['q0']}, '_raw_frame': {}};[0.2, 0.3, 0.2, 0.9]
Relevancy;3;What are the final states of this automaton?;The final state is q0.;['simbolo-q0'];1.0;2;False;{'user_input': 'What are the final states of this automaton?', 'intent': 'fsa-practical', 'argument': 'state', 'dialogue_act': 'Ta:request', 'frame': {'finalStates': '?'}};[1.0, 1.0, 1.0, 1.0]
Relevancy;3;What is the language accepted by this automaton starting and ending in state q0?;Could you be more specific?;[];0.1;3;False;{'user_input': 'What is the language accepted by this automaton starting and ending in state q0?', 'intent': 'fsa-practical', 'argument': 'language', 'dialogue_act': 'Ta:request', 'frame': {'input': '?'}};[0.0, 0.1, 0.0, 1.0]
Relevancy;3;for which input strings does this automaton define its language?;Could you be more specific?;[];0.1;4;False;{'user_input': 'for which input strings does this automaton define its language?', 'intent': 'fsa-practical', 'argument': 'language', 'dialogue_act': 'Ta:request', 'frame': {'input': '?'}};[0.0, 0.1, 0.0, 1.0]
Relevancy;3;hello, could you help me with the language recognized by this finite state automaton for a given input?;Could you be more specific?;[];0.2;5;False;{'user_input': 'hello, could you help me with the language recognized by this finite state automaton for a given input?', 'intent': 'fsa-practical', 'argument': 'language', 'dialogue_act': 'Ta:request', 'frame': {'input': '?'}};[0.1, 0.2, 0.1, 1.0]
Relevancy;3;Can you tell me what language is recognized by this finite state automaton for an input string?;Could you be more specific?;[];0.1;6;False;{'user_input': 'Can you tell me what language is recognized by this finite state automaton for an input string?', 'intent': 'fsa-practical', 'argument': 'language', 'dialogue_act': 'Ta:request', 'frame': {'input': '?'}};[0.0, 0.1, 0.0, 1.0]
Relevancy;3;Can you tell me what language is recognized by this finite state automaton for an input like 11000?;Could you be more specific?;[];0.1;7;False;{'user_input': 'Can you tell me what language is recognized by this finite state automaton for an input like 11000?', 'intent': 'fsa-practical', 'argument': 'language', 'dialogue_act': 'Ta:request', 'frame': {'input': '11000'}};[0.0, 0.1, 0.0, 1.0]
Relevancy;3;What is the language accepted by this automaton for the input string 11000?;Could you be more specific?;[];0.1;8;False;{'user_input': 'What is the language accepted by this automaton for the input string 11000?', 'intent': 'fsa-practical', 'argument': 'language', 'dialogue_act': 'Ta:request', 'frame': {'input': '11000'}};[0.0, 0.1, 0.0, 1.0]
Relevancy;3;what is the language accepted by this automaton for the input 11000?;Could you be more specific?;[];0.1;9;False;{'user_input': 'what is the language accepted by this automaton for the input 11000?', 'intent': 'fsa-practical', 'argument': 'language', 'dialogue_act': 'Ta:request', 'frame': {'input': '11000'}};[0.0, 0.1, 0.0, 1.0]
Relevancy;3;What is the type of language (in terms of accepted pattern) recognized by this finite state automaton?;Could you be more specific?;[];0.1;10;False;{'user_input': 'What is the type of language (in terms of accepted pattern) recognized by this finite state automaton?', 'intent': 'fsa-practical', 'argument': 'language', 'dialogue_act': 'Ta:request', 'frame': {'input': '?'}};[0.0, 0.1, 0.0, 1.0]
Relevancy;3;for which input strings does this automaton define a language?;Could you be more specific?;[];0.1;11;False;{'user_input': 'for which input strings does this automaton define a language?', 'intent': 'fsa-practical', 'argument': 'language', 'dialogue_act': 'Ta:request', 'frame': {'input': '?'}};[0.0, 0.1, 0.0, 1.0]
Relevancy;3;What is the language accepted by this automaton for the input string?;Could you be more specific?;[];0.1;12;False;{'user_input': 'What is the language accepted by this automaton for the input string?', 'intent': 'fsa-practical', 'argument': 'language', 'dialogue_act': 'Ta:request', 'frame': {'input': '?'}};[0.1, 0.1, 0.1, 1.0]
Relevancy;3;hello, could you help me understand the language recognized by this automaton for a given input?;Could you be more specific?;[];0.3;13;False;{'user_input': 'hello, could you help me understand the language recognized by this automaton for a given input?', 'intent': 'fsa-practical', 'argument': 'language', 'dialogue_act': 'Ta:request', 'frame': {'input': '?'}};[0.2, 0.3, 0.2, 1.0]
Relevancy;3;What is the language accepted by this automaton for a given input string?;Could you be more specific?;[];0.2;14;False;{'user_input': 'What is the language accepted by this automaton for a given input string?', 'intent': 'fsa-practical', 'argument': 'language', 'dialogue_act': 'Ta:request', 'frame': {'input': '?'}};[0.1, 0.2, 0.1, 1.0]
Relevancy;4;What language does this automaton recognize over the alphabet {0,1}?;Could you be more specific?;[];0.1;1;False;{'user_input': 'What language does this automaton recognize over the alphabet {0,1}?', 'intent': 'fsa-practical', 'argument': 'language', 'dialogue_act': 'Ta:request', 'frame': {'alphabet': ['0', '1']}};[0.0, 0.1, 0.0, 1.0]
Relevancy;4;What is the language recognized by this automaton over the alphabet {0,1}?;Could you be more specific?;[];0.1;2;False;{'user_input': 'What is the language recognized by this automaton over the alphabet {0,1}?', 'intent': 'fsa-practical', 'argument': 'language', 'dialogue_act': 'Ta:request', 'frame': {'alphabet': ['0', '1']}};[0.0, 0.1, 0.0, 1.0]
Relevancy;4;what is the language of this automaton over the alphabet {0,1}?;Could you be more specific?;[];0.1;3;False;{'user_input': 'what is the language of this automaton over the alphabet {0,1}?', 'intent': 'fsa-practical', 'argument': 'language', 'dialogue_act': 'Ta:request', 'frame': {'alphabet': ['0', '1']}};[0.0, 0.1, 0.0, 1.0]
Relevancy;4;what is the alphabet of this finite state automaton?;Could you be more specific?;[];0.1;4;False;{'user_input': 'what is the alphabet of this finite state automaton?', 'intent': 'fsa-practical', 'argument': 'alphabet', 'dialogue_act': 'Ta:request', 'frame': {'alphabet': '?'}};[0.0, 0.1, 0.0, 1.0]
Relevancy;4;thanks, could you tell me what the alphabet of this automaton is?;Could you be more specific?;[];0.1;5;False;{'user_input': 'thanks, could you tell me what the alphabet of this automaton is?', 'intent': 'fsa-practical', 'argument': 'alphabet', 'dialogue_act': 'Ta:propositionalQuestion', 'frame': {'alphabet': '?'}};[0.0, 0.1, 0.0, 1.0]
Relevancy;4;I accept the turn: what is the alphabet of this automaton?;Could you be more specific?;[];0.1;6;False;{'user_input': 'I accept the turn: what is the alphabet of this automaton?', 'intent': 'fsa-practical', 'argument': 'alphabet', 'dialogue_act': 'Ta:request', 'frame': {'alphabet': '?'}};[0.0, 0.1, 0.0, 1.0]
Relevancy;4;what is this with input symbol 0?;Could you be more specific?;[];0.2;7;False;{'user_input': 'what is this with input symbol 0?', 'intent': 'fsa-practical', 'argument': 'language', 'dialogue_act': 'Ta:request', 'frame': {'transitions': [['q1', 'q2', '?']]}, '_raw_frame': {'input': '0'}};[0.1, 0.2, 0.1, 1.0]
Relevancy;4;what are the final states of this automaton?;The final state is q0.;['simbolo-q0'];1.0;7;False;{'user_input': 'what are the final states of this automaton?', 'intent': 'fsa-practical', 'argument': 'state', 'dialogue_act': 'Ta:request', 'frame': {'finalStates': '?'}};[1.0, 1.0, 1.0, 1.0]
Relevancy;4;what is the alphabet of this automaton?;Could you be more specific?;[];0.1;8;False;{'user_input': 'what is the alphabet of this automaton?', 'intent': 'fsa-practical', 'argument': 'alphabet', 'dialogue_act': 'Ta:request', 'frame': {'alphabet': '?'}};[0.0, 0.1, 0.0, 1.0]
Relevancy;4;The automaton’s alphabet is not defined here, can you tell me what symbols belong to its alphabet?;Could you be more specific?;[];0.1;9;False;{'user_input': 'The automaton’s alphabet is not defined here, can you tell me what symbols belong to its alphabet?', 'intent': 'fsa-practical', 'argument': 'alphabet', 'dialogue_act': 'Ta:propositionalQuestion', 'frame': {'alphabet': '?'}};[0.0, 0.1, 0.0, 1.0]
Relevancy;4;what is the alphabet of this finite state automaton?;Could you be more specific?;[];0.1;10;False;{'user_input': 'what is the alphabet of this finite state automaton?', 'intent': 'fsa-practical', 'argument': 'alphabet', 'dialogue_act': 'Ta:request', 'frame': {'alphabet': '?'}};[0.0, 0.1, 0.0, 1.0]
Relevancy;4;what is the alphabet of this automaton?;Could you be more specific?;[];0.1;11;False;{'user_input': 'what is the alphabet of this automaton?', 'intent': 'fsa-practical', 'argument': 'alphabet', 'dialogue_act': 'Ta:request', 'frame': {'alphabet': '?'}};[0.0, 0.1, 0.0, 1.0]
Relevancy;4;What is the alphabet of this automaton?;Could you be more specific?;[];0.1;12;False;{'user_input': 'What is the alphabet of this automaton?', 'intent': 'fsa-practical', 'argument': 'alphabet', 'dialogue_act': 'Ta:request', 'frame': {'alphabet': '?'}};[0.0, 0.1, 0.0, 1.0]
Relevancy;4;what is the alphabet of this automaton?;Could you be more specific?;[];0.1;13;False;{'user_input': 'what is the alphabet of this automaton?', 'intent': 'fsa-practical', 'argument': 'alphabet', 'dialogue_act': 'Ta:request', 'frame': {'alphabet': '?'}};[0.0, 0.1, 0.0, 1.0]
Relevancy;4;What is the alphabet of this automaton?;Could you be more specific?;[];0.1;14;False;{'user_input': 'What is the alphabet of this automaton?', 'intent': 'fsa-practical', 'argument': 'alphabet', 'dialogue_act': 'Ta:request', 'frame': {'alphabet': '?'}};[0.0, 0.1, 0.0, 1.0]
Relevancy;5;Is this automaton deterministic or nondeterministic?;The automaton accepts zero or more words formed by a sequence of the type 11000. In total there are 5 states: q0, q1, q2, q3 and q4. q0 is both the initial and the final state. The transitions are: q0 with value 1 goes to q1, q1 with value 1 goes to q2, q2 with value 0 goes to q3, q3 with value 0 goes to q4, q4 with value 0 goes to q0.;[];0.2;1;False;{'user_input': 'Is this automaton deterministic or nondeterministic?', 'intent': 'fsa-practical', 'argument': 'automaton', 'dialogue_act': 'Ta:propositionalQuestion', 'frame': {'input': 'automatonType'}};[0.0, 0.2, 0.0, 1.0]
Relevancy;5;What are the final states of this automaton?;The final state is q0.;['simbolo-q0'];1.0;1;False;{'user_input': 'What are the final states of this automaton?', 'intent': 'fsa-practical', 'argument': 'state', 'dialogue_act': 'Ta:request', 'frame': {'finalStates': '?'}};[1.0, 1.0, 1.0, 1.0]
Relevancy;5;"thank you for the explanation about this automaton; could you please tell me what type of automaton it is for the given input?";The automaton accepts zero or more words formed by a sequence of the type 11000. In total there are 5 states: q0, q1, q2, q3 and q4. q0 is both the initial and the final state. The transitions are: q0 with value 1 goes to q1, q1 with value 1 goes to q2, q2 with value 0 goes to q3, q3 with value 0 goes to q4, q4 with value 0 goes to q0.;[];0.4;1;False;"{'user_input': 'thank you for the explanation about this automaton; could you please tell me what type of automaton it is for the given input?', 'intent': 'fsa-practical', 'argument': 'automaton', 'dialogue_act': 'Ta:request', 'frame': {'input': 'thank you for the explanation about this automaton'}}";[0.2, 0.4, 0.3, 1.0]
Relevancy;5;what type of automaton processes the input string 11000 in this transition diagram?;The automaton accepts zero or more words formed by a sequence of the type 11000. In total there are 5 states: q0, q1, q2, q3 and q4. q0 is both the initial and the final state. The transitions are: q0 with value 1 goes to q1, q1 with value 1 goes to q2, q2 with value 0 goes to q3, q3 with value 0 goes to q4, q4 with value 0 goes to q0.;[];0.4;1;False;{'user_input': 'what type of automaton processes the input string 11000 in this transition diagram?', 'intent': 'fsa-practical', 'argument': 'automaton', 'dialogue_act': 'Ta:request', 'frame': {'input': '11000'}};[0.2, 0.4, 0.3, 1.0]
Relevancy;5;Hi, referring to this automaton, what is the type of automaton if I give it the input 11000?;The automaton accepts zero or more words formed by a sequence of the type 11000. In total there are 5 states: q0, q1, q2, q3 and q4. q0 is both the initial and the final state. The transitions are: q0 with value 1 goes to q1, q1 with value 1 goes to q2, q2 with value 0 goes to q3, q3 with value 0 goes to q4, q4 with value 0 goes to q0.;[];0.4;1;False;{'user_input': 'Hi, referring to this automaton, what is the type of automaton if I give it the input 11000?', 'intent': 'fsa-practical', 'argument': 'automaton', 'dialogue_act': 'Ta:request', 'frame': {'input': '11000'}};[0.2, 0.4, 0.3, 1.0]
Relevancy;5;Given this automaton, what type of input pattern does it accept?;Could you be more specific?;[];0.1;2;False;{'user_input': 'Given this automaton, what type of input pattern does it accept?', 'intent': 'fsa-practical', 'argument': 'pattern', 'dialogue_act': 'Ta:propositionalQuestion', 'frame': {'input': 'patternType'}};[0.0, 0.1, 0.0, 1.0]
Relevancy;5;What is the language accepted by this automaton for the input pattern type?;Could you be more specific?;[];0.1;3;False;{'user_input': 'What is the language accepted by this automaton for the input pattern type?', 'intent': 'fsa-practical', 'argument': 'language', 'dialogue_act': 'Ta:propositionalQuestion', 'frame': {'patternType': 'input'}};[0.0, 0.1, 0.0, 1.0]
Relevancy;5;what is the input alphabet of this automaton?;Could you be more specific?;[];0.1;4;False;{'user_input': 'what is the input alphabet of this automaton?', 'intent': 'fsa-practical', 'argument': 'alphabet', 'dialogue_act': 'Ta:request', 'frame': {'alphabet': '?'}};[0.0, 0.1, 0.0, 1.0]
Relevancy;5;thank you! could you please tell me what the alphabet of this automaton is?;Could you be more specific?;[];0.1;5;False;{'user_input': 'thank you! could you please tell me what the alphabet of this automaton is?', 'intent': 'fsa-practical', 'argument': 'alphabet', 'dialogue_act': 'Ta:propositionalQuestion', 'frame': {'alphabet': '?'}};[0.0, 0.1, 0.0, 1.0]
Relevancy;5;what is the alphabet of this finite state automaton?;Could you be more specific?;[];0.1;6;False;{'user_input': 'what is the alphabet of this finite state automaton?', 'intent': 'fsa-practical', 'argument': 'alphabet', 'dialogue_act': 'Ta:request', 'frame': {'alphabet': '?'}};[0.0, 0.1, 0.0, 1.0]
Relevancy;5;what is the alphabet of this automaton?;Could you be more specific?;[];0.1;7;False;{'user_input': 'what is the alphabet of this automaton?', 'intent': 'fsa-practical', 'argument': 'alphabet', 'dialogue_act': 'Ta:request', 'frame': {'alphabet': '?'}};[0.0, 0.1, 0.0, 1.0]
Relevancy;5;what is the alphabet of this automaton?;Could you be more specific?;[];0.1;8;False;{'user_input': 'what is the alphabet of this automaton?', 'intent': 'fsa-practical', 'argument': 'alphabet', 'dialogue_act': 'Ta:request', 'frame': {'alphabet': '?'}};[0.0, 0.1, 0.0, 1.0]
Relevancy;5;what is the alphabet of this automaton?;Could you be more specific?;[];0.1;9;False;{'user_input': 'what is the alphabet of this automaton?', 'intent': 'fsa-practical', 'argument': 'alphabet', 'dialogue_act': 'Ta:request', 'frame': {'alphabet': '?'}};[0.0, 0.1, 0.0, 1.0]
Relevancy;5;what is the alphabet of this automaton?;Could you be more specific?;[];0.1;10;False;{'user_input': 'what is the alphabet of this automaton?', 'intent': 'fsa-practical', 'argument': 'alphabet', 'dialogue_act': 'Ta:request', 'frame': {'alphabet': '?'}};[0.0, 0.1, 0.0, 1.0]
Relevancy;5;i meant to ask about the alphabet of this automaton, could you tell me what the alphabet is?;Could you be more specific?;[];0.1;11;False;{'user_input': 'i meant to ask about the alphabet of this automaton, could you tell me what the alphabet is?', 'intent': 'fsa-practical', 'argument': 'alphabet', 'dialogue_act': 'Ta:propositionalQuestion', 'frame': {'alphabet': '?'}};[0.1, 0.1, 0.1, 1.0]
Correctness;1;Is it possible to go from q2 to q4 in this automaton?;There is no transition between q2 and q4.;[];0.2;1;False;{'user_input': 'Is it possible to go from q2 to q4 in this automaton?', 'intent': 'fsa-practical', 'argument': 'transition', 'dialogue_act': 'Ta:propositionalQuestion', 'frame': {'transitions': [['q2', 'q4', '?']]}};[0.2, 0.6, 0.2, 1.0]
Correctness;1;what is the graphical representation of the transition structure of this automaton?;The automaton accepts zero or more words formed by a sequence of the type 11000. In total there are 5 states: q0, q1, q2, q3 and q4. q0 is both the initial and the final state. The transitions are: q0 with value 1 goes to q1, q1 with value 1 goes to q2, q2 with value 0 goes to q3, q3 with value 0 goes to q4, q4 with value 0 goes to q0.;[];0.4;1;False;{'user_input': 'what is the graphical representation of the transition structure of this automaton?', 'intent': 'fsa-practical', 'argument': None, 'dialogue_act': 'Ta:request', 'frame': {'graphicRepresentation': '?'}};[0.4, 0.6, 0.4, 1.0]
Correctness;1;What is the language accepted by the automaton if I add a transition from q2 to q4 with an unknown input symbol?;The automaton accepts zero or more words formed by a sequence of the type 11000. In total there are 5 states: q0, q1, q2, q3 and q4. q0 is both the initial and the final state. The transitions are: q0 with value 1 goes to q1, q1 with value 1 goes to q2, q2 with value 0 goes to q3, q3 with value 0 goes to q4, q4 with value 0 goes to q0.;[];0.3;2;False;{'user_input': 'What is the language accepted by the automaton if I add a transition from q2 to q4 with an unknown input symbol?', 'intent': None, 'argument': None, 'dialogue_act': None, 'frame': {}};[0.2, 0.6, 0.3, 1.0]
Correctness;1;can you tell me what the transition from q2 to q4 is, that is, which input symbol labels the transition (q2, ?, q4)?;the transition is not defined.;[];1.0;2;False;{'user_input': 'can you tell me what the transition from q2 to q4 is, that is, which input symbol labels the transition (q2, ?, q4)?', 'intent': 'fsa-practical', 'argument': 'transition', 'dialogue_act': 'Ta:request', 'frame': {'transitions': [['q2', '?', 'q4']]}};[1.0, 1.0, 1.0, 1.0]
Correctness;1;what is the value of the transition from this to that?;There is no transition between q4 and q2.;[];1.0;2;False;{'user_input': 'what is the value of the transition from this to that?', 'intent': 'fsa-practical', 'argument': 'transition', 'dialogue_act': 'Ta:request', 'frame': {'states': ['q4', 'q2']}, '_raw_frame': {'transitions': []}};[0.9, 0.9, 1.0, 1.0]
Correctness;1;what is the symbol of the transition from this to that in the language recognized by this automaton?;There is no transition between q4 and q2.;[];1.0;2;False;{'user_input': 'what is the symbol of the transition from this to that in the language recognized by this automaton?', 'intent': 'fsa-practical', 'argument': 'transition', 'dialogue_act': 'Ta:request', 'frame': {'states': ['q4', 'q2']}, '_raw_frame': {'transitions': []}};[0.9, 0.9, 1.0, 1.0]
Correctness;2;What is the value of the transition from q1 to q2?;The transition between q1 and q2 is with value 1.;['simbolo-q1-q2'];1.0;0;False;{'user_input': 'What is the value of the transition from q1 to q2?', 'intent': 'fsa-practical', 'argument': 'transition', 'dialogue_act': 'Ta:request', 'frame': {'transitions': [['q1', 'q2', '?']]}};[1.0, 1.0, 1.0, 1.0]
Correctness;2;what is the label of the transition that goes from this to that?;The transition from q1 to q2 has value 1.;['simbolo-q1-q2'];1.0;0;False;{'user_input': 'what is the label of the transition that goes from this to that?', 'intent': 'fsa-practical', 'argument': 'transition', 'dialogue_act': 'Ta:request', 'frame': {'states': ['q1', 'q2']}, '_raw_frame': {'transitions': []}};[1.0, 1.0, 1.0, 1.0]
Correctness;2;Can you list the states q1 and q2 of this automaton for me?;The automaton has 5 states: q0, q1, q2, q3 and q4.;['simbolo-q0', 'simbolo-q1', 'simbolo-q2', 'simbolo-q3', 'simbolo-q4'];0.5;0;False;{'user_input': 'Can you list the states q1 and q2 of this automaton for me?', 'intent': 'fsa-practical', 'argument': 'state', 'dialogue_act': 'Ta:request', 'frame': {'states': 'q1'}};[0.2, 0.3, 0.5, 0.4]
Correctness;2;set the current question to focus on this.;The automaton has 5 states: q0, q1, q2, q3 and q4.;['simbolo-q0', 'simbolo-q1', 'simbolo-q2', 'simbolo-q3', 'simbolo-q4'];0.4;0;False;{'user_input': 'set the current question to focus on this.', 'intent': 'fsa-practical', 'argument': 'state', 'dialogue_act': 'Ta:request', 'frame': {'states': ['q1']}, '_raw_frame': {'states': '?'}};[0.6, 0.7, 0.4, 0.9]
Correctness;2;Can you tell me information about the state q1?;The automaton has 5 states: q0, q1, q2, q3 and q4.;['simbolo-q0', 'simbolo-q1', 'simbolo-q2', 'simbolo-q3', 'simbolo-q4'];0.3;1;False;{'user_input': 'Can you tell me information about the state q1?', 'intent': 'fsa-practical', 'argument': 'state', 'dialogue_act': 'Ta:request', 'frame': {'states': 'q1'}};[0.2, 0.3, 0.3, 0.4]
Correctness;2;can you describe all the transitions that start from this?;The state q1 exists.;['simbolo-q1'];0.1;2;False;{'user_input': 'can you describe all the transitions that start from this?', 'intent': 'fsa-practical', 'argument': 'transition', 'dialogue_act': 'Ta:request', 'frame': {'states': ['q1']}, '_raw_frame': {'transitions': []}};[0.1, 0.2, 0.1, 0.3]
Correctness;2;Does this automaton contain the transition from q1 to q2 with input 1?;The transition between q1 and q2 is with value 1.;['simbolo-q1-q2'];1.0;2;False;{'user_input': 'Does this automaton contain the transition from q1 to q2 with input 1?', 'intent': 'fsa-practical', 'argument': 'transition', 'dialogue_act': 'Ta:propositionalQuestion', 'frame': {'transitions': [['q1', 'q2', '1']]}};[1.0, 1.0, 1.0, 1.0]
Correctness;2;can you give me information about this of this automaton?;The automaton accepts zero or more words formed by a sequence of the type 11000. In total there are 5 states: q0, q1, q2, q3 and q4. q0 is both the initial and the final state. The transitions are: q0 with value 1 goes to q1, q1 with value 1 goes to q2, q2 with value 0 goes to q3, q3 with value 0 goes to q4, q4 with value 0 goes to q0.;[];0.9;2;False;{'user_input': 'can you give me information about this of this automaton?', 'intent': 'fsa-practical', 'argument': 'automaton', 'dialogue_act': 'Ta:request', 'frame': {'states': ['q1']}, '_raw_frame': {}};[0.95, 0.95, 0.9, 1.0]
Correctness;2;can you show me the transitions of this automaton in its pentagon graphic representation?;There is no transition between q0 and q0.;[];0.0;3;False;{'user_input': 'can you show me the transitions of this automaton in its pentagon graphic representation?', 'intent': 'fsa-practical', 'argument': 'transition', 'dialogue_act': 'Ta:request', 'frame': {'transitions': []}};[0.0, 0.1, 0.0, 1.0]
Correctness;2;can you list all the transitions of this automaton for me?;There is no transition between q0 and q0.;[];0.0;4;False;{'user_input': 'can you list all the transitions of this automaton for me?', 'intent': 'fsa-practical', 'argument': 'transition', 'dialogue_act': 'Ta:request', 'frame': {'transitions': []}};[0.0, 0.1, 0.0, 1.0]
Correctness;2;the transitions of the automaton are: from q0 to q1 with input 1, from q1 to q2 with input 1, from q2 to q3 with input 0, from q3 to q4 with input 0, and from q4 back to q0 with input 0.;The transition between q0 and q1 is with value 1.;['simbolo-q0-q1'];0.2;5;False;{'user_input': 'the transitions of the automaton are: from q0 to q1 with input 1, from q1 to q2 with input 1, from q2 to q3 with input 0, from q3 to q4 with input 0, and from q4 back to q0 with input 0.', 'intent': 'fsa-practical', 'argument': 'transition', 'dialogue_act': 'Ta:request', 'frame': {'transitions': [['q0', 'q1', '1'], ['q1', 'q2', '1'], ['q2', 'q3', '0'], ['q3', 'q4', '0'], ['q4', 'q0', '0']]}};[0.3, 0.4, 0.2, 0.9]
Correctness;2;Can you list all the transitions of this automaton for me?;There is no transition between q0 and q0.;[];0.0;6;False;{'user_input': 'Can you list all the transitions of this automaton for me?', 'intent': 'fsa-practical', 'argument': 'transition', 'dialogue_act': 'Ta:request', 'frame': {}};[0.0, 0.1, 0.0, 1.0]
Correctness;2;what is the alphabet of this automaton?;Could you be more specific?;[];0.0;7;False;{'user_input': 'what is the alphabet of this automaton?', 'intent': 'fsa-practical', 'argument': 'alphabet', 'dialogue_act': 'Ta:request', 'frame': {'alphabet': '?'}};[0.0, 0.1, 0.0, 1.0]
Correctness;2;What is the alphabet of this automaton?;Could you be more specific?;[];0.0;8;False;{'user_input': 'What is the alphabet of this automaton?', 'intent': 'fsa-practical', 'argument': 'alphabet', 'dialogue_act': 'Ta:request', 'frame': {'alphabet': '?'}};[0.0, 0.1, 0.0, 1.0]
Correctness;2;What is the alphabet of this automaton?;Could you be more specific?;[];0.0;9;False;{'user_input': 'What is the alphabet of this automaton?', 'intent': 'fsa-practical', 'argument': 'alphabet', 'dialogue_act': 'Ta:request', 'frame': {'alphabet': '?'}};[0.0, 0.1, 0.0, 1.0]
Correctness;3;Does this automaton accept the input string 11000?;Could you be more specific?;[];0.0;1;False;{'user_input': 'Does this automaton accept the input string 11000?', 'intent': 'fsa-practical', 'argument': 'language', 'dialogue_act': 'Ta:request', 'frame': {'input': '11000'}};[0.0, 0.1, 0.0, 1.0]
Correctness;3;what is the language accepted by this automaton for the input 11000?;Could you be more specific?;[];0.0;2;False;{'user_input': 'what is the language accepted by this automaton for the input 11000?', 'intent': 'fsa-practical', 'argument': 'language', 'dialogue_act': 'Ta:request', 'frame': {'input': '11000'}};[0.0, 0.1, 0.0, 1.0]
Correctness;3;I don’t think the language recognized by this automaton on the input 11000 is correct.;Could you be more specific?;[];0.4;2;False;{'user_input': 'I don’t think the language recognized by this automaton on the input 11000 is correct.', 'intent': 'fsa-practical', 'argument': 'language', 'dialogue_act': 'Ta:request', 'frame': {'input': '11000'}};[0.4, 0.5, 0.4, 1.0]
Correctness;3;on the automaton shown, what is the language accepted when the input is 11000?;Could you be more specific?;[];0.0;3;False;{'user_input': 'on the automaton shown, what is the language accepted when the input is 11000?', 'intent': 'fsa-practical', 'argument': 'language', 'dialogue_act': 'Ta:request', 'frame': {'input': '11000'}};[0.0, 0.1, 0.0, 1.0]
Correctness;3;what is the language accepted by this automaton for the input string 11000?;Could you be more specific?;[];0.0;4;False;{'user_input': 'what is the language accepted by this automaton for the input string 11000?', 'intent': 'fsa-practical', 'argument': 'language', 'dialogue_act': 'Ta:request', 'frame': {'input': '11000'}};[0.0, 0.1, 0.0, 1.0]
Correctness;3;For the input string 11000, what is the language accepted by this automaton?;Could you be more specific?;[];0.0;5;False;{'user_input': 'For the input string 11000, what is the language accepted by this automaton?', 'intent': 'fsa-practical', 'argument': 'language', 'dialogue_act': 'Ta:request', 'frame': {'input': '11000'}};[0.0, 0.1, 0.0, 1.0]
Correctness;3;what is the language accepted by this automaton for the input 11000?;Could you be more specific?;[];0.0;6;False;{'user_input': 'what is the language accepted by this automaton for the input 11000?', 'intent': 'fsa-practical', 'argument': 'language', 'dialogue_act': 'Ta:request', 'frame': {'input': '11000'}};[0.0, 0.1, 0.0, 0.9]
Correctness;3;what is the language recognized by the automaton starting from this?;Could you be more specific?;[];0.1;7;False;{'user_input': 'what is the language recognized by the automaton starting from this?', 'intent': 'fsa-practical', 'argument': 'language', 'dialogue_act': 'Ta:request', 'frame': {'states': ['q2']}, '_raw_frame': {'input': '?'}};[0.1, 0.1, 0.1, 1.0]
Correctness;3;For the automaton shown, what is the language recognized when the input is 11000?;Could you be more specific?;[];0.0;8;False;{'user_input': 'For the automaton shown, what is the language recognized when the input is 11000?', 'intent': 'fsa-practical', 'argument': 'language', 'dialogue_act': 'Ta:request', 'frame': {'input': '11000'}};[0.0, 0.1, 0.0, 1.0]
Correctness;3;thank you! could you please tell me what language this automaton recognizes for the input 11000?;Could you be more specific?;[];0.0;9;False;{'user_input': 'thank you! could you please tell me what language this automaton recognizes for the input 11000?', 'intent': 'fsa-practical', 'argument': 'language', 'dialogue_act': 'Ta:request', 'frame': {'input': '11000'}};[0.0, 0.1, 0.0, 1.0]
Correctness;3;Is the language accepted by this automaton regular or non-regular?;Could you be more specific?;[];0.0;10;False;{'user_input': 'Is the language accepted by this automaton regular or non-regular?', 'intent': 'fsa-practical', 'argument': 'language', 'dialogue_act': 'Ta:request', 'frame': {'input': '?'}};[0.0, 0.1, 0.0, 1.0]
Correctness;3;which state of this automaton has the highest number of transitions?;The automaton has 5 states: q0, q1, q2, q3 and q4.;['simbolo-q0', 'simbolo-q1', 'simbolo-q2', 'simbolo-q3', 'simbolo-q4'];0.0;11;False;{'user_input': 'which state of this automaton has the highest number of transitions?', 'intent': 'fsa-practical', 'argument': 'state', 'dialogue_act': 'Ta:request', 'frame': {'stateWithMostTransitions': '?'}};[0.0, 0.2, 0.0, 0.3]
Correctness;3;Hi, looking at this automaton, which state has the most transitions?;The automaton has 5 states: q0, q1, q2, q3 and q4.;['simbolo-q0', 'simbolo-q1', 'simbolo-q2', 'simbolo-q3', 'simbolo-q4'];0.0;12;False;{'user_input': 'Hi, looking at this automaton, which state has the most transitions?', 'intent': 'fsa-practical', 'argument': 'state', 'dialogue_act': 'Ta:request', 'frame': {'stateWithMostTransitions': '?'}};[0.0, 0.2, 0.0, 0.8]
Correctness;3;thanks, regarding the states of this automaton, which state has the most transitions?;There is no transition between q0 and q0.;[];0.0;13;False;{'user_input': 'thanks, regarding the states of this automaton, which state has the most transitions?', 'intent': 'fsa-practical', 'argument': 'transition', 'dialogue_act': 'Ta:propositionalQuestion', 'frame': {'stateWithMostTransitions': '?'}};[0.0, 0.0, 0.0, 1.0]
Correctness;3;Is this finite state automaton deterministic given its transitions?;The automaton accepts zero or more words formed by a sequence of the type 11000. In total there are 5 states: q0, q1, q2, q3 and q4. q0 is both the initial and the final state. The transitions are: q0 with value 1 goes to q1, q1 with value 1 goes to q2, q2 with value 0 goes to q3, q3 with value 0 goes to q4, q4 with value 0 goes to q0.;[];0.2;14;False;{'user_input': 'Is this finite state automaton deterministic given its transitions?', 'intent': 'fsa-practical', 'argument': 'automaton', 'dialogue_act': 'Ta:request', 'frame': {'transitions': []}};[0.1, 0.3, 0.2, 1.0]
Correctness;4;How can I know if an automaton is deterministic just by looking at its diagram?;The automaton accepts zero or more words formed by a sequence of the type 11000. In total there are 5 states: q0, q1, q2, q3 and q4. q0 is both the initial and the final state. The transitions are: q0 with value 1 goes to q1, q1 with value 1 goes to q2, q2 with value 0 goes to q3, q3 with value 0 goes to q4, q4 with value 0 goes to q0.;[];0.1;1;False;{'user_input': 'How can I know if an automaton is deterministic just by looking at its diagram?', 'intent': 'fsa-practical', 'argument': 'automaton', 'dialogue_act': 'Ta:propositionalQuestion', 'frame': {'graphicRepresentation': 'automatonType'}};[0.1, 0.1, 0.1, 1.0]
Correctness;4;Given this automaton, if the input string is 11000, is the output accepted or denied?;Could you be more specific?;[];0.0;2;False;{'user_input': 'Given this automaton, if the input string is 11000, is the output accepted or denied?', 'intent': 'fsa-practical', 'argument': 'language', 'dialogue_act': 'Ta:request', 'frame': {'input': '11000'}};[0.0, 0.1, 0.0, 1.0]
Correctness;4;What is the alphabet of this automaton if the input string is 11000?;Could you be more specific?;[];0.0;3;False;{'user_input': 'What is the alphabet of this automaton if the input string is 11000?', 'intent': 'fsa-practical', 'argument': 'alphabet', 'dialogue_act': 'Ta:request', 'frame': {'alphabet': 'input'}};[0.0, 0.1, 0.0, 1.0]
Correctness;4;what is the alphabet of the input for this finite state automaton?;Could you be more specific?;[];0.0;4;False;{'user_input': 'what is the alphabet of the input for this finite state automaton?', 'intent': 'fsa-practical', 'argument': 'alphabet', 'dialogue_act': 'Ta:request', 'frame': {'alphabet': '?'}};[0.0, 0.1, 0.0, 1.0]
Correctness;4;What is the alphabet of this automaton?;Could you be more specific?;[];0.0;5;False;{'user_input': 'What is the alphabet of this automaton?', 'intent': 'fsa-practical', 'argument': 'alphabet', 'dialogue_act': 'Ta:request', 'frame': {'alphabet': '?'}};[0.0, 0.1, 0.0, 1.0]
Correctness;4;what is the alphabet of this automaton?;Could you be more specific?;[];0.0;6;False;{'user_input': 'what is the alphabet of this automaton?', 'intent': 'fsa-practical', 'argument': 'alphabet', 'dialogue_act': 'Ta:request', 'frame': {'alphabet': '?'}};[0.0, 0.1, 0.0, 1.0]
Correctness;4;what is the alphabet of this automaton?;Could you be more specific?;[];0.0;7;False;{'user_input': 'what is the alphabet of this automaton?', 'intent': 'fsa-practical', 'argument': 'alphabet', 'dialogue_act': 'Ta:request', 'frame': {'alphabet': '?'}};[0.0, 0.1, 0.0, 1.0]
Correctness;4;what is the alphabet of this automaton?;Could you be more specific?;[];0.0;8;False;{'user_input': 'what is the alphabet of this automaton?', 'intent': 'fsa-practical', 'argument': 'alphabet', 'dialogue_act': 'Ta:request', 'frame': {'alphabet': '?'}};[0.0, 0.1, 0.0, 1.0]
Correctness;4;before i say goodbye, could you tell me what the alphabet of this automaton is?;Could you be more specific?;[];0.0;9;False;{'user_input': 'before i say goodbye, could you tell me what the alphabet of this automaton is?', 'intent': 'fsa-practical', 'argument': 'alphabet', 'dialogue_act': 'Ta:propositionalQuestion', 'frame': {'alphabet': '?'}};[0.0, 0.1, 0.0, 1.0]
Correctness;4;i accept this turn, and i’d like to ask about the alphabet of this automaton: what is its alphabet?;Could you be more specific?;[];0.0;10;False;{'user_input': 'i accept this turn, and i’d like to ask about the alphabet of this automaton: what is its alphabet?', 'intent': 'fsa-practical', 'argument': 'alphabet', 'dialogue_act': 'Ta:request', 'frame': {'alphabet': '?'}};[0.0, 0.1, 0.0, 1.0]
Correctness;4;What is the alphabet of this automaton?;Could you be more specific?;[];0.0;11;False;{'user_input': 'What is the alphabet of this automaton?', 'intent': 'fsa-practical', 'argument': 'alphabet', 'dialogue_act': 'Ta:request', 'frame': {'alphabet': '?'}};[0.0, 0.1, 0.0, 1.0]
Correctness;4;What is the alphabet of this automaton?;Could you be more specific?;[];0.0;12;False;{'user_input': 'What is the alphabet of this automaton?', 'intent': 'fsa-practical', 'argument': 'alphabet', 'dialogue_act': 'Ta:request', 'frame': {'alphabet': '?'}};[0.0, 0.1, 0.0, 1.0]
Correctness;4;What is the alphabet of this automaton?;Could you be more specific?;[];0.0;13;False;{'user_input': 'What is the alphabet of this automaton?', 'intent': 'fsa-practical', 'argument': 'alphabet', 'dialogue_act': 'Ta:request', 'frame': {'alphabet': '?'}};[0.0, 0.1, 0.0, 1.0]
Correctness;4;what is the graphical representation of the automaton’s alphabet?;Could you be more specific?;[];0.1;14;False;{'user_input': 'what is the graphical representation of the automaton’s alphabet?', 'intent': 'fsa-practical', 'argument': 'alphabet', 'dialogue_act': 'Ta:request', 'frame': {'alphabet': '?'}};[0.1, 0.2, 0.1, 1.0]
Correctness;4;Thank you! Could you tell me what the alphabet of this automaton is?;Could you be more specific?;[];0.0;15;False;{'user_input': 'Thank you! Could you tell me what the alphabet of this automaton is?', 'intent': 'fsa-practical', 'argument': 'alphabet', 'dialogue_act': 'Ta:propositionalQuestion', 'frame': {'alphabet': '?'}};[0.0, 0.1, 0.0, 1.0]
Correctness;5;What is the difference between an initial state and a final state in a finite state machine?;The initial state is q0.;['simbolo-q0'];0.1;1;False;{'user_input': 'What is the difference between an initial state and a final state in a finite state machine?', 'intent': 'fsa-practical', 'argument': 'state', 'dialogue_act': 'Ta:request', 'frame': {'initialState': '?', 'finalStates': '?'}};[0.1, 0.2, 0.1, 0.8]
Correctness;5;for this automaton, what are the initial state and the final states?;The initial state is q0.;['simbolo-q0'];0.5;1;False;{'user_input': 'for this automaton, what are the initial state and the final states?', 'intent': 'fsa-practical', 'argument': 'state', 'dialogue_act': 'Ta:request', 'frame': {'initialState': '?', 'finalStates': '?'}};[0.5, 0.7, 0.5, 0.9]
Correctness;5;Which states in this automaton do not have any transitions?;The automaton has 5 states: q0, q1, q2, q3 and q4.;['simbolo-q0', 'simbolo-q1', 'simbolo-q2', 'simbolo-q3', 'simbolo-q4'];0.0;2;False;{'user_input': 'Which states in this automaton do not have any transitions?', 'intent': 'fsa-practical', 'argument': 'state', 'dialogue_act': 'Ta:request', 'frame': {'stateWithoutTransition': '?'}};[0.0, 0.2, 0.0, 0.9]
Correctness;5;Which state in this automaton has no outgoing transitions?;The automaton has 5 states: q0, q1, q2, q3 and q4.;['simbolo-q0', 'simbolo-q1', 'simbolo-q2', 'simbolo-q3', 'simbolo-q4'];0.0;3;False;{'user_input': 'Which state in this automaton has no outgoing transitions?', 'intent': 'fsa-practical', 'argument': 'state', 'dialogue_act': 'Ta:request', 'frame': {'stateWithNoTransitions': '?'}};[0.0, 0.2, 0.0, 0.5]
Correctness;5;Which states in this automaton have no transitions associated with them?;The automaton has 5 states: q0, q1, q2, q3 and q4.;['simbolo-q0', 'simbolo-q1', 'simbolo-q2', 'simbolo-q3', 'simbolo-q4'];0.0;4;False;{'user_input': 'Which states in this automaton have no transitions associated with them?', 'intent': 'fsa-practical', 'argument': 'state', 'dialogue_act': 'Ta:request', 'frame': {'states': '?'}};[0.0, 0.2, 0.0, 0.2]
Correctness;5;What are the states of this automaton?;The automaton has 5 states: q0, q1, q2, q3 and q4.;['simbolo-q0', 'simbolo-q1', 'simbolo-q2', 'simbolo-q3', 'simbolo-q4'];1.0;4;False;{'user_input': 'What are the states of this automaton?', 'intent': 'fsa-practical', 'argument': 'state', 'dialogue_act': 'Ta:request', 'frame': {'states': '?'}};[1.0, 1.0, 1.0, 1.0]
Correctness;5;What is the language recognized by this automaton?;Could you be more specific?;[];0.0;5;False;{'user_input': 'What is the language recognized by this automaton?', 'intent': 'fsa-practical', 'argument': 'language', 'dialogue_act': 'Ta:request', 'frame': {'input': '?'}};[0.0, 0.1, 0.0, 1.0]
Correctness;5;what is the language accepted by this automaton starting from which state?;Could you be more specific?;[];0.0;6;False;{'user_input': 'what is the language accepted by this automaton starting from which state?', 'intent': 'fsa-practical', 'argument': 'language', 'dialogue_act': 'Ta:propositionalQuestion', 'frame': {'initialState': '?'}};[0.0, 0.1, 0.0, 1.0]
Correctness;5;What is the initial state of this automaton’s transition diagram?;The initial state is q0.;['simbolo-q0'];1.0;6;False;{'user_input': 'What is the initial state of this automaton’s transition diagram?', 'intent': 'fsa-practical', 'argument': 'state', 'dialogue_act': 'Ta:request', 'frame': {'initialState': '?'}};[1.0, 1.0, 1.0, 1.0]
Correctness;5;what is the initial state of the language accepted by this automaton?;The initial state is q0.;['simbolo-q0'];1.0;6;False;{'user_input': 'what is the initial state of the language accepted by this automaton?', 'intent': 'fsa-practical', 'argument': 'state', 'dialogue_act': 'Ta:request', 'frame': {'initialState': '?'}};[1.0, 1.0, 1.0, 1.0]
Correctness;5;What is the initial state of this automaton’s language?;The initial state is q0.;['simbolo-q0'];1.0;6;False;{'user_input': 'What is the initial state of this automaton’s language?', 'intent': 'fsa-practical', 'argument': 'state', 'dialogue_act': 'Ta:request', 'frame': {'initialState': '?'}};[1.0, 1.0, 1.0, 1.0]
Correctness;5;I’d like to correct myself: in this automaton, what is the initial state that defines its language in practical terms?;The initial state is q0.;['simbolo-q0'];1.0;6;False;{'user_input': 'I’d like to correct myself: in this automaton, what is the initial state that defines its language in practical terms?', 'intent': 'fsa-practical', 'argument': 'state', 'dialogue_act': 'Ta:request', 'frame': {'initialState': '?'}};[1.0, 1.0, 1.0, 1.0]
Correctness;5;what is the initial state of the language of this automaton?;The initial state is q0.;['simbolo-q0'];1.0;6;False;{'user_input': 'what is the initial state of the language of this automaton?', 'intent': 'fsa-practical', 'argument': 'state', 'dialogue_act': 'Ta:request', 'frame': {'initialState': '?'}};[1.0, 1.0, 1.0, 1.0]
VisualRelevancy;1;Is it possible to go from q2 directly to q4 in this automaton?;There is no transition between q2 and q4.;[];1.0;0;False;{'user_input': 'Is it possible to go from q2 directly to q4 in this automaton?', 'intent': 'fsa-practical', 'argument': None, 'dialogue_act': 'Ta:propositionalQuestion', 'frame': {'transitions': [['q2', 'q4', '?']]}};[1.0, 1.0, 1.0, 1.0]
VisualRelevancy;1;"I meant to say that the transition from q2 to q4 is labeled 0; can you correct the transition q2 → q4 = ? to q2 → q4 = 0?";There is no transition between q2 and q4.;[];1.0;0;False;"{'user_input': 'I meant to say that the transition from q2 to q4 is labeled 0; can you correct the transition q2 → q4 = ? to q2 → q4 = 0?', 'intent': 'fsa-practical', 'argument': 'transition', 'dialogue_act': 'Ta:propositionalQuestion', 'frame': {'transitions': [['q2', 'q4', '0']]}}";[0.0, 0.2, 0.0, 1.0]
VisualRelevancy;1;how many transitions does this automaton with 5 states have?;There is no transition between q0 and q0.;[];1.0;0;False;{'user_input': 'how many transitions does this automaton with 5 states have?', 'intent': 'fsa-practical', 'argument': 'transition', 'dialogue_act': 'Ta:request', 'frame': {'numberOfTransitions': '?'}};[0.0, 0.1, 0.0, 1.0]
VisualRelevancy;1;How many transitions does this automaton pattern have?;There is no transition between q0 and q0.;[];1.0;0;False;{'user_input': 'How many transitions does this automaton pattern have?', 'intent': 'fsa-practical', 'argument': 'transition', 'dialogue_act': 'Ta:request', 'frame': {'numberOfTransitions': '?'}};[0.0, 0.1, 0.0, 1.0]
VisualRelevancy;1;How many transitions does this automaton have?;There is no transition between q0 and q0.;[];1.0;0;False;{'user_input': 'How many transitions does this automaton have?', 'intent': 'fsa-practical', 'argument': 'transition', 'dialogue_act': 'Ta:request', 'frame': {'numberOfTransitions': '?'}};[0.0, 0.1, 0.0, 1.0]
VisualRelevancy;1;can you check how many transitions there are in this automaton?;There is no transition between q0 and q0.;[];0.9;0;False;{'user_input': 'can you check how many transitions there are in this automaton?', 'intent': 'fsa-practical', 'argument': 'transition', 'dialogue_act': 'Ta:request', 'frame': {'numberOfTransitions': '?'}};[0.0, 0.1, 0.0, 0.9]
VisualRelevancy;1;how many transitions does this finite state automaton have?;There is no transition between q0 and q0.;[];1.0;0;False;{'user_input': 'how many transitions does this finite state automaton have?', 'intent': 'fsa-practical', 'argument': 'transition', 'dialogue_act': 'Ta:request', 'frame': {'numberOfTransitions': '?'}};[0.0, 0.1, 0.0, 1.0]
VisualRelevancy;1;which state in this automaton has the highest number of transitions, is it q3?;The automaton has 5 states: q0, q1, q2, q3 and q4.;['simbolo-q0', 'simbolo-q1', 'simbolo-q2', 'simbolo-q3', 'simbolo-q4'];0.8;0;False;{'user_input': 'which state in this automaton has the highest number of transitions, is it q3?', 'intent': 'fsa-practical', 'argument': 'state', 'dialogue_act': 'Ta:request', 'frame': {'stateWithMostTransitions': '?'}};[0.1, 0.2, 0.2, 0.8]
VisualRelevancy;1;Which state of this automaton has the highest number of transitions?;The automaton has 5 states: q0, q1, q2, q3 and q4.;['simbolo-q0', 'simbolo-q1', 'simbolo-q2', 'simbolo-q3', 'simbolo-q4'];0.6;0;False;{'user_input': 'Which state of this automaton has the highest number of transitions?', 'intent': 'fsa-practical', 'argument': 'state', 'dialogue_act': 'Ta:request', 'frame': {'states': '?'}};[0.0, 0.3, 0.0, 0.6]
VisualRelevancy;1;What are the states of this automaton?;The automaton has 5 states: q0, q1, q2, q3 and q4.;['simbolo-q0', 'simbolo-q1', 'simbolo-q2', 'simbolo-q3', 'simbolo-q4'];1.0;0;False;{'user_input': 'What are the states of this automaton?', 'intent': 'fsa-practical', 'argument': 'state', 'dialogue_act': 'Ta:request', 'frame': {'states': '?'}};[1.0, 1.0, 1.0, 1.0]
VisualRelevancy;1;what are the states of this automaton?;The automaton has 5 states: q0, q1, q2, q3 and q4.;['simbolo-q0', 'simbolo-q1', 'simbolo-q2', 'simbolo-q3', 'simbolo-q4'];1.0;0;False;{'user_input': 'what are the states of this automaton?', 'intent': 'fsa-practical', 'argument': 'state', 'dialogue_act': 'Ta:request', 'frame': {'states': '?'}};[1.0, 1.0, 1.0, 1.0]
VisualRelevancy;1;can you tell me what the current state of this finite automaton is?;The automaton has 5 states: q0, q1, q2, q3 and q4.;['simbolo-q0', 'simbolo-q1', 'simbolo-q2', 'simbolo-q3', 'simbolo-q4'];0.2;1;False;{'user_input': 'can you tell me what the current state of this finite automaton is?', 'intent': 'fsa-practical', 'argument': 'state', 'dialogue_act': 'Ta:request', 'frame': {'state': '?'}};[0.1, 0.3, 0.2, 0.2]
VisualRelevancy;1;what is the state of this automaton?;The automaton has 5 states: q0, q1, q2, q3 and q4.;['simbolo-q0', 'simbolo-q1', 'simbolo-q2', 'simbolo-q3', 'simbolo-q4'];0.9;1;False;{'user_input': 'what is the state of this automaton?', 'intent': 'fsa-practical', 'argument': 'state', 'dialogue_act': 'Ta:request', 'frame': {'state': '?'}};[0.2, 0.4, 0.3, 0.9]
VisualRelevancy;1;what pattern does this automaton recognize?;Could you be more specific?;[];1.0;1;False;{'user_input': 'what pattern does this automaton recognize?', 'intent': 'fsa-practical', 'argument': 'pattern', 'dialogue_act': 'Ta:request', 'frame': {'patternType': '?'}};[0.0, 0.1, 0.0, 1.0]
VisualRelevancy;1;What is the pattern recognized by this automaton?;Could you be more specific?;[];1.0;1;False;{'user_input': 'What is the pattern recognized by this automaton?', 'intent': 'fsa-practical', 'argument': 'pattern', 'dialogue_act': 'Ta:request', 'frame': {'patternType': '?'}};[0.0, 0.1, 0.0, 1.0]
VisualRelevancy;2;What is the value on the transition from q1 to q2?;The transition between q1 and q2 is with value 1.;['simbolo-q1-q2'];1.0;0;False;{'user_input': 'What is the value on the transition from q1 to q2?', 'intent': 'fsa-practical', 'argument': 'transition', 'dialogue_act': 'Ta:request', 'frame': {'transitions': [['q1', 'q2', '?']]}};[1.0, 1.0, 1.0, 1.0]
VisualRelevancy;2;What is the label of the transition from state q1 to state q2 in this automaton?;The transition between q1 and q2 is with value 1.;['simbolo-q1-q2'];1.0;0;False;{'user_input': 'What is the label of the transition from state q1 to state q2 in this automaton?', 'intent': 'fsa-practical', 'argument': 'transition', 'dialogue_act': 'Ta:request', 'frame': {'transitions': [['q1', 'q2', '?']]}};[1.0, 1.0, 1.0, 1.0]
VisualRelevancy;2;what is the symbol of this?;Could you be more specific?;[];1.0;0;False;{'user_input': 'what is the symbol of this?', 'intent': 'fsa-practical', 'argument': 'alphabet', 'dialogue_act': 'Ta:request', 'frame': {'transitions': [['q1', 'q2', '?']]}, '_raw_frame': {'alphabet': '?'}};[0.1, 0.2, 0.1, 1.0]
VisualRelevancy;2;hello, could you tell me what the transition label is from this to that in this automaton’s alphabet?;The transition from q1 to q2 has value 1.;['simbolo-q1-q2'];1.0;0;False;{'user_input': 'hello, could you tell me what the transition label is from this to that in this automaton’s alphabet?', 'intent': 'fsa-practical', 'argument': None, 'dialogue_act': 'Ta:request', 'frame': {'states': ['q1', 'q2']}, '_raw_frame': {}};[1.0, 0.95, 1.0, 1.0]
VisualRelevancy;2;Which transition connects state q1 to state q2 in this automaton?;There is no transition between q0 and q0.;[];1.0;0;False;{'user_input': 'Which transition connects state q1 to state q2 in this automaton?', 'intent': 'fsa-practical', 'argument': 'transition', 'dialogue_act': 'Ta:request', 'frame': {'transitions': []}};[0.0, 0.0, 0.0, 1.0]
VisualRelevancy;2;What is the alphabet of this automaton?;Could you be more specific?;[];1.0;0;False;{'user_input': 'What is the alphabet of this automaton?', 'intent': 'fsa-practical', 'argument': 'alphabet', 'dialogue_act': 'Ta:request', 'frame': {'alphabet': '?'}};[0.0, 0.1, 0.0, 1.0]
VisualRelevancy;2;how many transitions are there in this automaton?;There is no transition between q0 and q0.;[];1.0;0;False;{'user_input': 'how many transitions are there in this automaton?', 'intent': 'fsa-practical', 'argument': 'transition', 'dialogue_act': 'Ta:request', 'frame': {'numberOfTransitions': '?'}};[0.0, 0.1, 0.0, 1.0]
VisualRelevancy;2;How many transitions are there in this pattern?;There is no transition between q0 and q0.;[];1.0;0;False;{'user_input': 'How many transitions are there in this pattern?', 'intent': 'fsa-practical', 'argument': 'transition', 'dialogue_act': 'Ta:request', 'frame': {'numberOfTransitions': '?'}};[0.0, 0.1, 0.0, 1.0]
VisualRelevancy;2;can you tell me the transitions of this automaton with 5 states?;There is no transition between q0 and q0.;[];1.0;0;False;{'user_input': 'can you tell me the transitions of this automaton with 5 states?', 'intent': 'fsa-practical', 'argument': 'transition', 'dialogue_act': 'Ta:request', 'frame': {'numberOfStates': '5'}};[0.0, 0.1, 0.0, 1.0]
VisualRelevancy;2;Can you tell me how many states the automaton has, specifying that it has 5 states?;There are 5 states in this automaton.;['simbolo-q0', 'simbolo-q1', 'simbolo-q2', 'simbolo-q3', 'simbolo-q4'];1.0;0;False;{'user_input': 'Can you tell me how many states the automaton has, specifying that it has 5 states?', 'intent': 'fsa-practical', 'argument': 'state', 'dialogue_act': 'Ta:request', 'frame': {'numberOfStates': '5'}};[1.0, 1.0, 1.0, 1.0]
VisualRelevancy;2;In this automaton, are there 5 states in total?;The automaton has 5 states: q0, q1, q2, q3 and q4.;['simbolo-q0', 'simbolo-q1', 'simbolo-q2', 'simbolo-q3', 'simbolo-q4'];1.0;0;False;{'user_input': 'In this automaton, are there 5 states in total?', 'intent': 'fsa-practical', 'argument': 'state', 'dialogue_act': 'Ta:request', 'frame': {'totalStates': '5'}};[1.0, 1.0, 1.0, 1.0]
VisualRelevancy;2;how many states does this automaton have in total?;This automaton has 5 states.;['simbolo-q0', 'simbolo-q1', 'simbolo-q2', 'simbolo-q3', 'simbolo-q4'];1.0;0;False;{'user_input': 'how many states does this automaton have in total?', 'intent': 'fsa-practical', 'argument': 'state', 'dialogue_act': 'Ta:request', 'frame': {'numberOfStates': '?'}};[1.0, 1.0, 1.0, 1.0]
VisualRelevancy;2;hi, looking at this automaton, how many states does it have?;This automaton has 5 states.;['simbolo-q0', 'simbolo-q1', 'simbolo-q2', 'simbolo-q3', 'simbolo-q4'];1.0;0;False;{'user_input': 'hi, looking at this automaton, how many states does it have?', 'intent': 'fsa-practical', 'argument': 'state', 'dialogue_act': 'Ta:request', 'frame': {'numberOfStates': '?'}};[1.0, 1.0, 1.0, 1.0]
VisualRelevancy;2;i think the number of states in this automaton is not 5.;This automaton has 5 states.;['simbolo-q0', 'simbolo-q1', 'simbolo-q2', 'simbolo-q3', 'simbolo-q4'];1.0;0;False;{'user_input': 'i think the number of states in this automaton is not 5.', 'intent': 'fsa-practical', 'argument': 'state', 'dialogue_act': 'Ta:request', 'frame': {'numberOfStates': '?'}};[1.0, 1.0, 1.0, 1.0]
VisualRelevancy;2;how many states are there in this automaton?;This automaton has 5 states.;['simbolo-q0', 'simbolo-q1', 'simbolo-q2', 'simbolo-q3', 'simbolo-q4'];1.0;0;False;{'user_input': 'how many states are there in this automaton?', 'intent': 'fsa-practical', 'argument': 'state', 'dialogue_act': 'Ta:request', 'frame': {'numberOfStates': '?'}};[1.0, 1.0, 1.0, 1.0]
VisualRelevancy;3;Why is q0 both the initial state and the only final state in this automaton?;The initial state is q0.;['simbolo-q0'];0.8;0;False;{'user_input': 'Why is q0 both the initial state and the only final state in this automaton?', 'intent': 'fsa-practical', 'argument': 'state', 'dialogue_act': 'Ta:request', 'frame': {'initialState': 'q0', 'finalStates': 'q0'}};[0.1, 0.2, 0.1, 0.8]
VisualRelevancy;3;What is the initial and final state of this automaton, given that q0 is both the initialState and the only finalStates?;The initial state is q0.;['simbolo-q0'];0.9;0;False;{'user_input': 'What is the initial and final state of this automaton, given that q0 is both the initialState and the only finalStates?', 'intent': 'fsa-practical', 'argument': 'state', 'dialogue_act': 'Ta:request', 'frame': {'initialState': 'q0', 'finalStates': ['q0']}};[0.5, 0.6, 0.5, 0.9]
VisualRelevancy;3;What are the initial and final states of this finite state automaton, if q0 is both the initial state and the only final state?;The initial state is q0.;['simbolo-q0'];0.9;0;False;{'user_input': 'What are the initial and final states of this finite state automaton, if q0 is both the initial state and the only final state?', 'intent': 'fsa-practical', 'argument': 'state', 'dialogue_act': 'Ta:request', 'frame': {'initialState': 'q0', 'finalStates': ['q0']}};[0.5, 0.6, 0.5, 0.9]
VisualRelevancy;3;what is the initial state and what are the final states of this automaton, given that q0 is both the initial state and the only final state?;The initial state is q0.;['simbolo-q0'];0.9;0;False;{'user_input': 'what is the initial state and what are the final states of this automaton, given that q0 is both the initial state and the only final state?', 'intent': 'fsa-practical', 'argument': 'state', 'dialogue_act': 'Ta:request', 'frame': {'initialState': 'q0', 'finalStates': ['q0']}};[0.5, 0.5, 0.5, 0.9]
VisualRelevancy;3;What is the alphabet of this automaton, is it [“2”, “4”]?;Could you be more specific?;[];1.0;0;False;{'user_input': 'What is the alphabet of this automaton, is it [“2”, “4”]?', 'intent': 'fsa-practical', 'argument': 'alphabet', 'dialogue_act': 'Ta:request', 'frame': {'alphabet': '2'}};[0.0, 0.1, 0.0, 1.0]
VisualRelevancy;3;what are the initial and final states of this automaton if this is both the starting state and the only accepting state?;The initial state is q0.;['simbolo-q0'];1.0;0;False;{'user_input': 'what are the initial and final states of this automaton if this is both the starting state and the only accepting state?', 'intent': 'fsa-practical', 'argument': 'state', 'dialogue_act': 'Ta:request', 'frame': {'initialState': '?', 'finalStates': ['?'], 'states': ['q0']}, '_raw_frame': {'initialState': '?', 'finalStates': '?'}};[0.9, 1.0, 1.0, 1.0]
VisualRelevancy;4;Does this automaton accept the input string 11000 starting from q0?;Could you be more specific?;[];1.0;0;False;{'user_input': 'Does this automaton accept the input string 11000 starting from q0?', 'intent': 'fsa-practical', 'argument': 'language', 'dialogue_act': 'Ta:propositionalQuestion', 'frame': {'input': '11000'}};[0.0, 0.1, 0.0, 1.0]
VisualRelevancy;4;what is the language accepted by this automaton for the input string?;Could you be more specific?;[];1.0;0;False;{'user_input': 'what is the language accepted by this automaton for the input string?', 'intent': 'fsa-practical', 'argument': 'language', 'dialogue_act': 'Ta:propositionalQuestion', 'frame': {'input': '?'}};[0.1, 0.1, 0.1, 1.0]
VisualRelevancy;4;what is the language accepted by this automaton for the input string “?”;Could you be more specific?;[];1.0;0;False;{'user_input': 'what is the language accepted by this automaton for the input string “?”', 'intent': 'fsa-practical', 'argument': 'language', 'dialogue_act': 'Ta:request', 'frame': {'input': '?'}};[0.2, 0.3, 0.2, 1.0]
VisualRelevancy;4;what are the transitions of this automaton for an input string like 11000?;There is no transition between q0 and q0.;[];0.9;0;False;{'user_input': 'what are the transitions of this automaton for an input string like 11000?', 'intent': 'fsa-practical', 'argument': 'transition', 'dialogue_act': 'Ta:request', 'frame': {'transitions': []}};[0.0, 0.1, 0.0, 0.9]
VisualRelevancy;4;Does the automaton accept the input string 11000, meaning is the output accepted for that sequence of transitions?;Could you be more specific?;[];1.0;0;False;{'user_input': 'Does the automaton accept the input string 11000, meaning is the output accepted for that sequence of transitions?', 'intent': 'fsa-practical', 'argument': 'language', 'dialogue_act': 'Ta:request', 'frame': {'input': '11000'}};[0.0, 0.1, 0.0, 1.0]
VisualRelevancy;4;can you explain the transitions of this automaton following a clockwise pattern?;There is no transition between q0 and q0.;[];1.0;0;False;{'user_input': 'can you explain the transitions of this automaton following a clockwise pattern?', 'intent': 'fsa-practical', 'argument': 'transition', 'dialogue_act': 'Ta:request', 'frame': {'transitions': []}};[0.0, 0.1, 0.0, 1.0]
VisualRelevancy;4;can you tell me what type of pattern the transitions of this automaton follow, for example if they move clockwise?;Could you be more specific?;[];1.0;0;False;{'user_input': 'can you tell me what type of pattern the transitions of this automaton follow, for example if they move clockwise?', 'intent': 'fsa-practical', 'argument': 'pattern', 'dialogue_act': 'Ta:request', 'frame': {'patternType': '?'}};[0.1, 0.2, 0.1, 1.0]
VisualRelevancy;4;what are the transitions of this automaton?;There is no transition between q0 and q0.;[];1.0;0;False;{'user_input': 'what are the transitions of this automaton?', 'intent': 'fsa-practical', 'argument': 'transition', 'dialogue_act': 'Ta:request', 'frame': {}};[0.0, 0.1, 0.0, 1.0]
VisualRelevancy;4;Thanks for showing me the transitions of this automaton on the tablet.;The automaton accepts zero or more words formed by a sequence of the type 11000. In total there are 5 states: q0, q1, q2, q3 and q4. q0 is both the initial and the final state. The transitions are: q0 with value 1 goes to q1, q1 with value 1 goes to q2, q2 with value 0 goes to q3, q3 with value 0 goes to q4, q4 with value 0 goes to q0.;[];1.0;0;False;{'user_input': 'Thanks for showing me the transitions of this automaton on the tablet.', 'intent': 'fsa-practical', 'argument': 'automaton', 'dialogue_act': 'Ta:request', 'frame': {}};[0.95, 0.95, 1.0, 1.0]
VisualRelevancy;5;How can I tell if this automaton is deterministic just by looking at the diagram?;The automaton accepts zero or more words formed by a sequence of the type 11000. In total there are 5 states: q0, q1, q2, q3 and q4. q0 is both the initial and the final state. The transitions are: q0 with value 1 goes to q1, q1 with value 1 goes to q2, q2 with value 0 goes to q3, q3 with value 0 goes to q4, q4 with value 0 goes to q0.;[];1.0;0;False;{'user_input': 'How can I tell if this automaton is deterministic just by looking at the diagram?', 'intent': 'fsa-practical', 'argument': 'automaton', 'dialogue_act': 'Ta:propositionalQuestion', 'frame': {'visualisation': '?'}};[0.2, 0.3, 0.2, 1.0]
VisualRelevancy;5;What does the visualization of the automaton on the tablet represent?;The automaton accepts zero or more words formed by a sequence of the type 11000. In total there are 5 states: q0, q1, q2, q3 and q4. q0 is both the initial and the final state. The transitions are: q0 with value 1 goes to q1, q1 with value 1 goes to q2, q2 with value 0 goes to q3, q3 with value 0 goes to q4, q4 with value 0 goes to q0.;[];1.0;0;False;{'user_input': 'What does the visualization of the automaton on the tablet represent?', 'intent': 'fsa-practical', 'argument': 'automaton', 'dialogue_act': 'Ta:request', 'frame': {'graphicRepresentation': 'visualRepresentation'}};[0.95, 1.0, 1.0, 1.0]
VisualRelevancy;5;Which state is q2 in this automaton?;The automaton has 5 states: q0, q1, q2, q3 and q4.;['simbolo-q0', 'simbolo-q1', 'simbolo-q2', 'simbolo-q3', 'simbolo-q4'];0.9;0;False;{'user_input': 'Which state is q2 in this automaton?', 'intent': 'fsa-practical', 'argument': 'state', 'dialogue_act': 'Ta:request', 'frame': {'states': 'q2'}};[0.1, 0.2, 0.2, 0.9]
VisualRelevancy;5;What is the alphabet of the automaton in state q2?;Could you be more specific?;[];1.0;0;False;{'user_input': 'What is the alphabet of the automaton in state q2?', 'intent': 'fsa-practical', 'argument': 'alphabet', 'dialogue_act': 'Ta:request', 'frame': {'alphabet': '?'}};[0.0, 0.1, 0.0, 1.0]
VisualRelevancy;5;what is the role of this in this finite state automaton?;The automaton has 5 states: q0, q1, q2, q3 and q4.;['simbolo-q0', 'simbolo-q1', 'simbolo-q2', 'simbolo-q3', 'simbolo-q4'];0.9;0;False;{'user_input': 'what is the role of this in this finite state automaton?', 'intent': 'fsa-practical', 'argument': 'state', 'dialogue_act': 'Ta:request', 'frame': {'states': ['q2']}, '_raw_frame': {'state': '?'}};[0.1, 0.2, 0.2, 0.9]
VisualRelevancy;5;could you tell me whether the language recognized by this automaton is non-regular, focusing on its states?;The automaton has 5 states: q0, q1, q2, q3 and q4.;['simbolo-q0', 'simbolo-q1', 'simbolo-q2', 'simbolo-q3', 'simbolo-q4'];0.9;0;False;{'user_input': 'could you tell me whether the language recognized by this automaton is non-regular, focusing on its states?', 'intent': 'fsa-practical', 'argument': 'state', 'dialogue_act': 'Ta:request', 'frame': {'states': '?'}};[0.1, 0.2, 0.1, 0.9]
VisualRelevancy;5;how many states does this automaton have?;This automaton has 5 states.;['simbolo-q0', 'simbolo-q1', 'simbolo-q2', 'simbolo-q3', 'simbolo-q4'];1.0;0;False;{'user_input': 'how many states does this automaton have?', 'intent': 'fsa-practical', 'argument': 'state', 'dialogue_act': 'Ta:request', 'frame': {'numberOfStates': '?'}};[1.0, 1.0, 1.0, 1.0]
VisualRelevancy;5;What are the states of this automaton?;The automaton has 5 states: q0, q1, q2, q3 and q4.;['simbolo-q0', 'simbolo-q1', 'simbolo-q2', 'simbolo-q3', 'simbolo-q4'];1.0;0;False;{'user_input': 'What are the states of this automaton?', 'intent': 'fsa-practical', 'argument': 'state', 'dialogue_act': 'Ta:request', 'frame': {'states': '?'}};[1.0, 1.0, 1.0, 1.0]
VisualRelevancy;5;how many states are there in the automaton?;This automaton has 5 states.;['simbolo-q0', 'simbolo-q1', 'simbolo-q2', 'simbolo-q3', 'simbolo-q4'];1.0;0;False;{'user_input': 'how many states are there in the automaton?', 'intent': 'fsa-practical', 'argument': 'state', 'dialogue_act': 'Ta:request', 'frame': {'numberOfStates': '?'}};[1.0, 1.0, 1.0, 1.0]
VisualRelevancy;5;what is the alphabet of this automaton?;Could you be more specific?;[];1.0;0;False;{'user_input': 'what is the alphabet of this automaton?', 'intent': 'fsa-practical', 'argument': 'alphabet', 'dialogue_act': 'Ta:request', 'frame': {'alphabet': '?'}};[0.0, 0.1, 0.0, 1.0]
VisualRelevancy;5;which state in this automaton has no outgoing transitions, for example q3?;The automaton has 5 states: q0, q1, q2, q3 and q4.;['simbolo-q0', 'simbolo-q1', 'simbolo-q2', 'simbolo-q3', 'simbolo-q4'];0.3;1;False;{'user_input': 'which state in this automaton has no outgoing transitions, for example q3?', 'intent': 'fsa-practical', 'argument': 'state', 'dialogue_act': 'Ta:request', 'frame': {'states': '?'}};[0.0, 0.2, 0.0, 0.3]
VisualRelevancy;5;does this automaton have any state that appears in a repeated pattern along the transitions?;Could you be more specific?;[];1.0;1;False;{'user_input': 'does this automaton have any state that appears in a repeated pattern along the transitions?', 'intent': 'fsa-practical', 'argument': 'pattern', 'dialogue_act': 'Ta:propositionalQuestion', 'frame': {'patternState': '?'}};[0.1, 0.2, 0.1, 1.0]
VisualRelevancy;5;what are the states of this automaton?;The automaton has 5 states: q0, q1, q2, q3 and q4.;['simbolo-q0', 'simbolo-q1', 'simbolo-q2', 'simbolo-q3', 'simbolo-q4'];1.0;1;False;{'user_input': 'what are the states of this automaton?', 'intent': 'fsa-practical', 'argument': 'state', 'dialogue_act': 'Ta:request', 'frame': {'states': '?'}};[1.0, 1.0, 1.0, 1.0]
VisualRelevancy;5;what are the states of this automaton?;The automaton has 5 states: q0, q1, q2, q3 and q4.;['simbolo-q0', 'simbolo-q1', 'simbolo-q2', 'simbolo-q3', 'simbolo-q4'];1.0;1;False;{'user_input': 'what are the states of this automaton?', 'intent': 'fsa-practical', 'argument': 'state', 'dialogue_act': 'Ta:request', 'frame': {'states': '?'}};[1.0, 1.0, 1.0, 1.0]
VisualRelevancy;5;hi, could you help me with this automaton by telling me what the states are?;The automaton has 5 states: q0, q1, q2, q3 and q4.;['simbolo-q0', 'simbolo-q1', 'simbolo-q2', 'simbolo-q3', 'simbolo-q4'];1.0;1;False;{'user_input': 'hi, could you help me with this automaton by telling me what the states are?', 'intent': 'fsa-practical', 'argument': 'state', 'dialogue_act': 'Ta:request', 'frame': {'states': '?'}};[1.0, 1.0, 1.0, 1.0]
