METRIC;ITERATION;QUESTION;ANSWER;VISUAL_ANSWER;JUDGE_VALUE;FAILS;MUTED;NLU_OUTPUT;METRIC_SCORES
Accuracy;1;Is it possible to go from q2 to q4 in this automaton?;There is no transition between q2 and q4.;[];[0.9, 0.9, 0.9, 1.0];0.9;0;False;{'user_input': 'Is it possible to go from q2 to q4 in this automaton?', 'intent': 'fsa-practical', 'argument': 'transition', 'dialogue_act': 'Ta:propositionalQuestion', 'frame': {'transitions': [['q2', 'q4', '?']]}};[0.9, 0.9, 0.9, 1.0]
Accuracy;1;What is the transition between states q2 and q4 in this automaton?;There is no transition between q2 and q4.;[];[1.0, 1.0, 1.0, 1.0];1.0;0;False;{'user_input': 'What is the transition between states q2 and q4 in this automaton?', 'intent': 'fsa-practical', 'argument': 'transition', 'dialogue_act': 'Ta:request', 'frame': {'transitions': [['q2', 'q4', '?']]}};[1.0, 1.0, 1.0, 1.0]
Accuracy;1;Is this deterministic automaton’s transition from q4 on input 0 going back to q0 correctly defined?;The transition between q4 and q0 is with value 0.;['simbolo-q4-q0'];[0.2, 0.4, 0.2, 0.9];0.2;1;False;{'user_input': 'Is this deterministic automaton’s transition from q4 on input 0 going back to q0 correctly defined?', 'intent': 'fsa-practical', 'argument': 'transition', 'dialogue_act': 'Ta:propositionalQuestion', 'frame': {'transitions': [['q4', 'q0', '0']]}};[0.2, 0.4, 0.2, 0.9]
Accuracy;1;Is there a transition from state q4 to state q0 with input symbol 0?;The transition between q4 and q0 is with value 0.;['simbolo-q4-q0'];[1.0, 1.0, 1.0, 1.0];1.0;1;False;{'user_input': 'Is there a transition from state q4 to state q0 with input symbol 0?', 'intent': 'fsa-practical', 'argument': 'transition', 'dialogue_act': 'Ta:request', 'frame': {'transitions': [['q4', 'q0', '0']]}};[1.0, 1.0, 1.0, 1.0]
Accuracy;1;is there a transition from that to this with input symbol 0?;The transition from q4 to q0 has value 0.;['simbolo-q4-q0'];[1.0, 1.0, 1.0, 1.0];1.0;1;False;{'user_input': 'is there a transition from that to this with input symbol 0?', 'intent': 'fsa-practical', 'argument': 'transition', 'dialogue_act': 'Ta:propositionalQuestion', 'frame': {'states': ['q4', 'q0']}, '_raw_frame': {}};[1.0, 1.0, 1.0, 1.0]
Accuracy;1;is there a transition from q4 to q0 with input symbol 0?;The transition between q4 and q0 is with value 0.;['simbolo-q4-q0'];[1.0, 1.0, 1.0, 1.0];1.0;1;False;{'user_input': 'is there a transition from q4 to q0 with input symbol 0?', 'intent': 'fsa-practical', 'argument': 'transition', 'dialogue_act': 'Ta:propositionalQuestion', 'frame': {'transitions': [['q4', 'q0', '0']]}};[1.0, 1.0, 1.0, 1.0]
Accuracy;1;The transition from state q4 to state q0 with input symbol 0 is present in the automaton.;The transition between q4 and q0 is with value 0.;['simbolo-q4-q0'];[1.0, 1.0, 1.0, 1.0];1.0;1;False;{'user_input': 'The transition from state q4 to state q0 with input symbol 0 is present in the automaton.', 'intent': 'fsa-practical', 'argument': 'transition', 'dialogue_act': 'Ta:request', 'frame': {'transitions': [['q4', 'q0', '0']]}};[1.0, 1.0, 1.0, 1.0]
Accuracy;1;what is the transition from that to this on input symbol 0?;The transition from q4 to q0 has value 0.;['simbolo-q4-q0'];[1.0, 1.0, 1.0, 1.0];1.0;1;False;{'user_input': 'what is the transition from that to this on input symbol 0?', 'intent': 'fsa-practical', 'argument': 'transition', 'dialogue_act': 'Ta:request', 'frame': {'states': ['q4', 'q0']}, '_raw_frame': {}};[1.0, 1.0, 1.0, 1.0]
Accuracy;2;What is the value of the transition from q1 to q2?;The transition between q1 and q2 is with value 1.;['simbolo-q1-q2'];[1.0, 1.0, 1.0, 1.0];1.0;0;False;{'user_input': 'What is the value of the transition from q1 to q2?', 'intent': 'fsa-practical', 'argument': 'transition', 'dialogue_act': 'Ta:request', 'frame': {'transitions': [['q1', 'q2', '?']]}};[1.0, 1.0, 1.0, 1.0]
Accuracy;2;hello, could you tell me what this is?;The transition between q1 and q2 is with value 1.;['simbolo-q1-q2'];[0.1, 0.1, 0.1, 0.9];0.1;1;False;{'user_input': 'hello, could you tell me what this is?', 'intent': 'fsa-practical', 'argument': None, 'dialogue_act': 'Ta:request', 'frame': {'transitions': [['q1', 'q2', '?']]}, '_raw_frame': {}};[0.1, 0.1, 0.1, 0.9]
Accuracy;2;what is the label of this?;MUTATION The automaton accepts zero or more words formed by a sequence of the type 11000. In total there are 5 states: q0, q1, q2, q3 and q4. q0 is both the initial and the final state. The transitions are: q0 with value 1 goes to q1, q1 with value 1 goes to q2, q2 with value 0 goes to q3, q3 with value 0 goes to q4, q4 with value 0 goes to q0.;[];[0.9, 0.95, 0.9, 1.0];0.9;1;True;{'user_input': 'what is the label of this?', 'intent': 'fsa-practical', 'argument': 'state', 'dialogue_act': 'Ta:request', 'frame': {'transitions': [['q1', 'q2', '?']]}, '_raw_frame': {'state': '?'}};[0.9, 0.95, 0.9, 1.0]
Accuracy;2;what is the symbol on this?;Could you be more specific?;[];[0.2, 0.3, 0.2, 1.0];0.2;2;False;{'user_input': 'what is the symbol on this?', 'intent': 'fsa-practical', 'argument': 'alphabet', 'dialogue_act': 'Ta:request', 'frame': {'transitions': [['q1', 'q2', '?']]}, '_raw_frame': {'alphabet': '?'}};[0.2, 0.3, 0.2, 1.0]
Accuracy;2;What is the transition label from state q1 to state q2?;The transition between q1 and q2 is with value 1.;['simbolo-q1-q2'];[1.0, 1.0, 1.0, 1.0];1.0;2;False;{'user_input': 'What is the transition label from state q1 to state q2?', 'intent': 'fsa-practical', 'argument': 'transition', 'dialogue_act': 'Ta:request', 'frame': {'transitions': [['q1', 'q2', '?']]}};[1.0, 1.0, 1.0, 1.0]
Accuracy;2;Can you show me the graphical representation of this automaton as a triangle?;The automaton has 5 states and 5 transitions.;[];[0.1, 0.2, 0.2, 1.0];0.1;3;False;{'user_input': 'Can you show me the graphical representation of this automaton as a triangle?', 'intent': 'fsa-practical', 'argument': 'automaton', 'dialogue_act': 'Ta:request', 'frame': {'graphicRepresentation': 'triangle'}};[0.1, 0.2, 0.2, 1.0]
Accuracy;2;Can you change the graphic representation of this automaton to a triangle?;The automaton has 5 states and 5 transitions.;[];[0.1, 0.2, 0.1, 0.9];0.1;4;False;{'user_input': 'Can you change the graphic representation of this automaton to a triangle?', 'intent': 'fsa-practical', 'argument': 'automaton', 'dialogue_act': 'Ta:propositionalQuestion', 'frame': {'graphicRepresentation': 'triangle'}};[0.1, 0.2, 0.1, 0.9]
Accuracy;2;does this automaton recognize any specific pattern in the input strings?;Could you be more specific?;[];[0.1, 0.1, 0.1, 1.0];0.1;5;False;{'user_input': 'does this automaton recognize any specific pattern in the input strings?', 'intent': 'fsa-practical', 'argument': 'pattern', 'dialogue_act': 'Ta:propositionalQuestion', 'frame': {'patternType': '?'}};[0.1, 0.1, 0.1, 1.0]
Accuracy;2;What is the pattern type of this finite state automaton?;Could you be more specific?;[];[0.0, 0.2, 0.0, 1.0];0.0;6;False;{'user_input': 'What is the pattern type of this finite state automaton?', 'intent': 'fsa-practical', 'argument': 'pattern', 'dialogue_act': 'Ta:request', 'frame': {'patternType': '?'}};[0.0, 0.2, 0.0, 1.0]
Accuracy;2;What is the pattern type of the automaton’s states in this finite state machine?;Could you be more specific?;[];[0.0, 0.1, 0.0, 1.0];0.0;7;False;{'user_input': 'What is the pattern type of the automaton’s states in this finite state machine?', 'intent': 'fsa-practical', 'argument': 'pattern', 'dialogue_act': 'Ta:request', 'frame': {'patternType': '?'}};[0.0, 0.1, 0.0, 1.0]
Accuracy;2;What is the pattern type of this automaton?;Could you be more specific?;[];[0.0, 0.1, 0.0, 1.0];0.0;8;False;{'user_input': 'What is the pattern type of this automaton?', 'intent': 'fsa-practical', 'argument': 'pattern', 'dialogue_act': 'Ta:request', 'frame': {'patternType': '?'}};[0.0, 0.1, 0.0, 1.0]
Accuracy;2;what is the pattern type followed by this automaton?;Could you be more specific?;[];[0.1, 0.2, 0.1, 1.0];0.1;9;False;{'user_input': 'what is the pattern type followed by this automaton?', 'intent': 'fsa-practical', 'argument': 'pattern', 'dialogue_act': 'Ta:request', 'frame': {'patternType': '?'}};[0.1, 0.2, 0.1, 1.0]
Accuracy;2;what is this with input symbol 1?;MUTATION The automaton accepts zero or more words formed by a sequence of the type 11000. In total there are 5 states: q0, q1, q2, q3 and q4. q0 is both the initial and the final state. The transitions are: q0 with value 1 goes to q1, q1 with value 1 goes to q2, q2 with value 0 goes to q3, q3 with value 0 goes to q4, q4 with value 0 goes to q0.;[];[0.2, 0.4, 0.3, 1.0];0.2;10;True;{'user_input': 'what is this with input symbol 1?', 'intent': 'fsa-practical', 'argument': 'state', 'dialogue_act': 'Ta:request', 'frame': {'transitions': [['q0', 'q1', '?']]}, '_raw_frame': {'input': '1'}};[0.2, 0.4, 0.3, 1.0]
Accuracy;2;Hi again! For this automaton, what is the pattern type?;Could you be more specific?;[];[0.1, 0.2, 0.1, 1.0];0.1;11;False;{'user_input': 'Hi again! For this automaton, what is the pattern type?', 'intent': 'fsa-practical', 'argument': 'pattern', 'dialogue_act': 'Ta:request', 'frame': {'patternType': '?'}};[0.1, 0.2, 0.1, 1.0]
Accuracy;2;what pattern does this deterministic automaton recognize?;Could you be more specific?;[];[0.0, 0.1, 0.0, 1.0];0.0;12;False;{'user_input': 'what pattern does this deterministic automaton recognize?', 'intent': 'fsa-practical', 'argument': 'pattern', 'dialogue_act': 'Ta:request', 'frame': {'patternType': '?'}};[0.0, 0.1, 0.0, 1.0]
Accuracy;3;What strings of 0s and 1s does this automaton accept?;Could you be more specific?;[];[0.0, 0.1, 0.0, 1.0];0.0;1;False;{'user_input': 'What strings of 0s and 1s does this automaton accept?', 'intent': 'fsa-practical', 'argument': 'language', 'dialogue_act': 'Ta:request', 'frame': {'input': 'pattern'}};[0.0, 0.1, 0.0, 1.0]
Accuracy;3;thank you! for this automaton, what is the language of the strings that match the input pattern?;Could you be more specific?;[];[0.1, 0.2, 0.1, 1.0];0.1;2;False;{'user_input': 'thank you! for this automaton, what is the language of the strings that match the input pattern?', 'intent': 'fsa-practical', 'argument': 'language', 'dialogue_act': 'Ta:request', 'frame': {'alphabet': 'S', 'input': '?'}};[0.1, 0.2, 0.1, 1.0]
Accuracy;3;given the automaton shown, can you tell me what input pattern of 1s and 0s this transition sequence recognizes?;Could you be more specific?;[];[0.0, 0.1, 0.0, 1.0];0.0;3;False;{'user_input': 'given the automaton shown, can you tell me what input pattern of 1s and 0s this transition sequence recognizes?', 'intent': 'fsa-practical', 'argument': 'pattern', 'dialogue_act': 'Ta:request', 'frame': {'pattern': '?'}};[0.0, 0.1, 0.0, 1.0]
Accuracy;3;what is the language recognized by this automaton?;Could you be more specific?;[];[0.0, 0.1, 0.0, 1.0];0.0;4;False;{'user_input': 'what is the language recognized by this automaton?', 'intent': 'fsa-practical', 'argument': 'language', 'dialogue_act': 'Ta:request', 'frame': {'input': '?'}};[0.0, 0.1, 0.0, 1.0]
Accuracy;3;Can you show me whether the input 11000 is accepted by this automaton?;Could you be more specific?;[];[0.0, 0.1, 0.0, 1.0];0.0;5;False;{'user_input': 'Can you show me whether the input 11000 is accepted by this automaton?', 'intent': 'fsa-practical', 'argument': 'language', 'dialogue_act': 'Ta:propositionalQuestion', 'frame': {'input': '11000'}};[0.0, 0.1, 0.0, 1.0]
Accuracy;3;What is the language recognized by this automaton for the input 11000?;Could you be more specific?;[];[0.0, 0.1, 0.0, 1.0];0.0;6;False;{'user_input': 'What is the language recognized by this automaton for the input 11000?', 'intent': 'fsa-practical', 'argument': 'language', 'dialogue_act': 'Ta:request', 'frame': {'input': '11000'}};[0.0, 0.1, 0.0, 1.0]
Accuracy;3;what is the language recognized by the automaton if the initial state is either q1 or q2?;Could you be more specific?;[];[0.0, 0.1, 0.0, 1.0];0.0;7;False;{'user_input': 'what is the language recognized by the automaton if the initial state is either q1 or q2?', 'intent': 'fsa-practical', 'argument': 'language', 'dialogue_act': 'Ta:propositionalQuestion', 'frame': {'initialStates': 'q1'}};[0.0, 0.1, 0.0, 1.0]
Accuracy;3;How many transitions does this automaton have?;The automaton has 5 transitions: q0 with value 1 goes to q1, q1 with value 1 goes to q2, q2 with value 0 goes to q3, q3 with value 0 goes to q4, q4 with value 0 goes to q0.;['simbolo-q0-q1', 'simbolo-q1-q2', 'simbolo-q2-q3', 'simbolo-q3-q4', 'simbolo-q4-q0'];[1.0, 1.0, 1.0, 1.0];1.0;7;False;{'user_input': 'How many transitions does this automaton have?', 'intent': 'fsa-practical', 'argument': 'transition', 'dialogue_act': 'Ta:request', 'frame': {'numberOfTransitions': '?'}};[1.0, 1.0, 1.0, 1.0]
Accuracy;3;Is q1 the initial state of this automaton?;It is not the initial state.;[];[1.0, 1.0, 1.0, 1.0];1.0;7;False;{'user_input': 'Is q1 the initial state of this automaton?', 'intent': 'fsa-practical', 'argument': 'state', 'dialogue_act': 'Ta:request', 'frame': {'initialState': 'q1'}};[1.0, 1.0, 1.0, 1.0]
Accuracy;3;In natural language, what is the language recognized by the automaton if we consider q1 as the initial state?;Could you be more specific?;[];[0.0, 0.1, 0.0, 1.0];0.0;8;False;{'user_input': 'In natural language, what is the language recognized by the automaton if we consider q1 as the initial state?', 'intent': 'fsa-practical', 'argument': 'language', 'dialogue_act': 'Ta:request', 'frame': {'initialState': 'q1'}};[0.0, 0.1, 0.0, 1.0]
Accuracy;3;Hi again! In this automaton, is the initial state q1 when we describe its language in this practical example?;It is not the initial state.;[];[1.0, 1.0, 1.0, 1.0];1.0;8;False;{'user_input': 'Hi again! In this automaton, is the initial state q1 when we describe its language in this practical example?', 'intent': 'fsa-practical', 'argument': 'state', 'dialogue_act': 'Ta:propositionalQuestion', 'frame': {'initialState': 'q1'}};[1.0, 1.0, 1.0, 1.0]
Accuracy;3;What is the language accepted by the automaton if the initial state is q1?;Could you be more specific?;[];[0.0, 0.1, 0.0, 1.0];0.0;9;False;{'user_input': 'What is the language accepted by the automaton if the initial state is q1?', 'intent': 'fsa-practical', 'argument': 'language', 'dialogue_act': 'Ta:request', 'frame': {'initialState': 'q1'}};[0.0, 0.1, 0.0, 1.0]
Accuracy;3;What is the alphabet of the automaton if the initial state is q1?;Could you be more specific?;[];[0.0, 0.1, 0.0, 1.0];0.0;10;False;{'user_input': 'What is the alphabet of the automaton if the initial state is q1?', 'intent': 'fsa-practical', 'argument': 'alphabet', 'dialogue_act': 'Ta:request', 'frame': {'alphabet': '?'}};[0.0, 0.1, 0.0, 1.0]
Accuracy;3;in this automaton, are there 7 transitions?;The automaton has 5 transitions: q0 with value 1 goes to q1, q1 with value 1 goes to q2, q2 with value 0 goes to q3, q3 with value 0 goes to q4, q4 with value 0 goes to q0.;['simbolo-q0-q1', 'simbolo-q1-q2', 'simbolo-q2-q3', 'simbolo-q3-q4', 'simbolo-q4-q0'];[1.0, 1.0, 1.0, 1.0];1.0;10;False;{'user_input': 'in this automaton, are there 7 transitions?', 'intent': 'fsa-practical', 'argument': 'transition', 'dialogue_act': 'Ta:request', 'frame': {'numberOfTransitions': '7'}};[1.0, 1.0, 1.0, 1.0]
Accuracy;3;what is the alphabet of this automaton?;Could you be more specific?;[];[0.0, 0.1, 0.0, 1.0];0.0;11;False;{'user_input': 'what is the alphabet of this automaton?', 'intent': 'fsa-practical', 'argument': 'alphabet', 'dialogue_act': 'Ta:request', 'frame': {'alphabet': '?'}};[0.0, 0.1, 0.0, 1.0]
Accuracy;4;Is this automaton deterministic or non-deterministic?;The automaton has 5 states and 5 transitions.;[];[0.0, 0.2, 0.0, 1.0];0.0;1;False;{'user_input': 'Is this automaton deterministic or non-deterministic?', 'intent': 'fsa-practical', 'argument': 'automaton', 'dialogue_act': 'Ta:propositionalQuestion', 'frame': {'automatonType': '?'}};[0.0, 0.2, 0.0, 1.0]
Accuracy;4;what type of automaton is this?;The automaton has 5 states and 5 transitions.;[];[0.1, 0.2, 0.1, 1.0];0.1;2;False;{'user_input': 'what type of automaton is this?', 'intent': 'fsa-practical', 'argument': 'automaton', 'dialogue_act': 'Ta:request', 'frame': {}};[0.1, 0.2, 0.1, 1.0]
Accuracy;4;what is the alphabet of this automaton?;Could you be more specific?;[];[0.0, 0.1, 0.0, 1.0];0.0;3;False;{'user_input': 'what is the alphabet of this automaton?', 'intent': 'fsa-practical', 'argument': 'alphabet', 'dialogue_act': 'Ta:request', 'frame': {'alphabet': '?'}};[0.0, 0.1, 0.0, 1.0]
Accuracy;4;What is the alphabet of this automaton?;Could you be more specific?;[];[0.0, 0.1, 0.0, 1.0];0.0;4;False;{'user_input': 'What is the alphabet of this automaton?', 'intent': 'fsa-practical', 'argument': 'alphabet', 'dialogue_act': 'Ta:request', 'frame': {'alphabet': '?'}};[0.0, 0.1, 0.0, 1.0]
Accuracy;4;what is the alphabet of the automaton starting from this?;Could you be more specific?;[];[0.0, 0.1, 0.0, 1.0];0.0;5;False;{'user_input': 'what is the alphabet of the automaton starting from this?', 'intent': 'fsa-practical', 'argument': 'alphabet', 'dialogue_act': 'Ta:request', 'frame': {'states': ['q3']}, '_raw_frame': {'alphabet': '?'}};[0.0, 0.1, 0.0, 1.0]
Accuracy;4;What is the anti-clockwise alphabet pattern used by this automaton?;Could you be more specific?;[];[0.1, 0.2, 0.1, 1.0];0.1;6;False;{'user_input': 'What is the anti-clockwise alphabet pattern used by this automaton?', 'intent': 'fsa-practical', 'argument': 'alphabet', 'dialogue_act': 'Ta:request', 'frame': {'alphabetPattern': 'antiClockwise'}};[0.1, 0.2, 0.1, 1.0]
Accuracy;4;Hello, could you tell me which states are present in the alphabet, for example including state q3, for this finite state automaton?;Could you be more specific?;[];[0.1, 0.1, 0.1, 1.0];0.1;7;False;{'user_input': 'Hello, could you tell me which states are present in the alphabet, for example including state q3, for this finite state automaton?', 'intent': 'fsa-practical', 'argument': 'alphabet', 'dialogue_act': 'Ta:request', 'frame': {'alphabet': '?'}};[0.1, 0.1, 0.1, 1.0]
Accuracy;4;what is the alphabet of the automaton in this?;Could you be more specific?;[];[0.0, 0.1, 0.0, 1.0];0.0;8;False;{'user_input': 'what is the alphabet of the automaton in this?', 'intent': 'fsa-practical', 'argument': 'alphabet', 'dialogue_act': 'Ta:request', 'frame': {'states': ['q3']}, '_raw_frame': {'alphabet': '?'}};[0.0, 0.1, 0.0, 1.0]
Accuracy;4;What is the alphabet of this deterministic automaton?;Could you be more specific?;[];[0.0, 0.1, 0.0, 1.0];0.0;9;False;{'user_input': 'What is the alphabet of this deterministic automaton?', 'intent': 'fsa-practical', 'argument': 'alphabet', 'dialogue_act': 'Ta:request', 'frame': {'alphabet': '?'}};[0.0, 0.1, 0.0, 1.0]
Accuracy;4;what is the alphabet of this finite state automaton?;Could you be more specific?;[];[0.0, 0.1, 0.0, 1.0];0.0;10;False;{'user_input': 'what is the alphabet of this finite state automaton?', 'intent': 'fsa-practical', 'argument': 'alphabet', 'dialogue_act': 'Ta:request', 'frame': {'alphabet': '?'}};[0.0, 0.1, 0.0, 1.0]
Accuracy;4;What is the alphabet used by the transitions of this automaton?;Could you be more specific?;[];[0.0, 0.1, 0.0, 1.0];0.0;11;False;{'user_input': 'What is the alphabet used by the transitions of this automaton?', 'intent': 'fsa-practical', 'argument': 'alphabet', 'dialogue_act': 'Ta:request', 'frame': {'alphabet': '?'}};[0.0, 0.1, 0.0, 1.0]
Accuracy;4;what is the alphabet of this automaton?;Could you be more specific?;[];[0.0, 0.1, 0.0, 1.0];0.0;12;False;{'user_input': 'what is the alphabet of this automaton?', 'intent': 'fsa-practical', 'argument': 'alphabet', 'dialogue_act': 'Ta:request', 'frame': {'alphabet': '?'}};[0.0, 0.1, 0.0, 1.0]
Accuracy;4;What is the alphabet of this automaton?;Could you be more specific?;[];[0.0, 0.1, 0.0, 1.0];0.0;13;False;{'user_input': 'What is the alphabet of this automaton?', 'intent': 'fsa-practical', 'argument': 'alphabet', 'dialogue_act': 'Ta:request', 'frame': {'alphabet': '?'}};[0.0, 0.1, 0.0, 1.0]
Accuracy;4;What is the alphabet of this automaton?;Could you be more specific?;[];[0.0, 0.1, 0.0, 1.0];0.0;14;False;{'user_input': 'What is the alphabet of this automaton?', 'intent': 'fsa-practical', 'argument': 'alphabet', 'dialogue_act': 'Ta:request', 'frame': {'alphabet': '?'}};[0.0, 0.1, 0.0, 1.0]
Accuracy;4;What is the alphabet of this automaton?;Could you be more specific?;[];[0.0, 0.1, 0.0, 1.0];0.0;15;False;{'user_input': 'What is the alphabet of this automaton?', 'intent': 'fsa-practical', 'argument': 'alphabet', 'dialogue_act': 'Ta:request', 'frame': {'alphabet': '?'}};[0.0, 0.1, 0.0, 1.0]
Accuracy;5;If I start from q0 and read the input 11000, in which state do I end up?;MUTATION The automaton accepts zero or more words formed by a sequence of the type 11000. In total there are 5 states: q0, q1, q2, q3 and q4. q0 is both the initial and the final state. The transitions are: q0 with value 1 goes to q1, q1 with value 1 goes to q2, q2 with value 0 goes to q3, q3 with value 0 goes to q4, q4 with value 0 goes to q0.;[];[0.2, 0.6, 0.5, 1.0];0.2;1;True;{'user_input': 'If I start from q0 and read the input 11000, in which state do I end up?', 'intent': 'fsa-practical', 'argument': 'state', 'dialogue_act': 'Ta:request', 'frame': {'input': '11000'}};[0.2, 0.6, 0.5, 1.0]
Accuracy;5;which state in this automaton has the most transitions, is it q3?;MUTATION The automaton accepts zero or more words formed by a sequence of the type 11000. In total there are 5 states: q0, q1, q2, q3 and q4. q0 is both the initial and the final state. The transitions are: q0 with value 1 goes to q1, q1 with value 1 goes to q2, q2 with value 0 goes to q3, q3 with value 0 goes to q4, q4 with value 0 goes to q0.;[];[0.1, 0.3, 0.2, 1.0];0.1;2;True;{'user_input': 'which state in this automaton has the most transitions, is it q3?', 'intent': 'fsa-practical', 'argument': 'state', 'dialogue_act': 'Ta:propositionalQuestion', 'frame': {'states': '?'}};[0.1, 0.3, 0.2, 1.0]
Accuracy;5;what is the optimal spatial representation of this automaton’s states?;MUTATION The automaton accepts zero or more words formed by a sequence of the type 11000. In total there are 5 states: q0, q1, q2, q3 and q4. q0 is both the initial and the final state. The transitions are: q0 with value 1 goes to q1, q1 with value 1 goes to q2, q2 with value 0 goes to q3, q3 with value 0 goes to q4, q4 with value 0 goes to q0.;[];[0.1, 0.2, 0.2, 1.0];0.1;3;True;{'user_input': 'what is the optimal spatial representation of this automaton’s states?', 'intent': 'fsa-practical', 'argument': 'state', 'dialogue_act': 'Ta:request', 'frame': {'optimalSpatialRepresentation': '?'}};[0.1, 0.2, 0.2, 1.0]
Accuracy;5;what is this and what comes after it?;Could you be more specific?;[];[0.1, 0.1, 0.1, 1.0];0.1;4;False;{'user_input': 'what is this and what comes after it?', 'intent': 'fsa-practical', 'argument': 'language', 'dialogue_act': 'Ta:request', 'frame': {'transitions': [['q1', 'q2', '?']]}, '_raw_frame': {'input': '?'}};[0.1, 0.1, 0.1, 1.0]
Accuracy;5;hello, could you tell me what this is in this automaton?;The transition between q1 and q2 is with value 1.;['simbolo-q1-q2'];[0.95, 0.9, 1.0, 0.9];0.95;4;False;{'user_input': 'hello, could you tell me what this is in this automaton?', 'intent': 'fsa-practical', 'argument': None, 'dialogue_act': 'Ta:request', 'frame': {'transitions': [['q1', 'q2', '?']]}, '_raw_frame': {}};[0.95, 0.9, 1.0, 0.9]
Accuracy;5;"the language of the automaton includes all strings that contain this; in this automaton the transition from q1 to q2 occurs with input symbol 1.";The transition between q1 and q2 is with value 1.;['simbolo-q1-q2'];[1.0, 1.0, 1.0, 1.0];1.0;4;False;"{'user_input': 'the language of the automaton includes all strings that contain this; in this automaton the transition from q1 to q2 occurs with input symbol 1.', 'intent': None, 'argument': None, 'dialogue_act': None, 'frame': {'transitions': [['q1', 'q2', '?']]}, '_raw_frame': {}}";[1.0, 1.0, 1.0, 1.0]
Accuracy;5;thank you! in this automaton’s language, what is the missing input symbol for this?;Could you be more specific?;[];[0.1, 0.2, 0.1, 1.0];0.1;5;False;{'user_input': 'thank you! in this automaton’s language, what is the missing input symbol for this?', 'intent': 'fsa-practical', 'argument': 'alphabet', 'dialogue_act': 'Ta:request', 'frame': {'transitions': [['q1', 'q2', '?']]}, '_raw_frame': {'alphabet': '?'}};[0.1, 0.2, 0.1, 1.0]
Accuracy;5;Can you tell me what symbol labels the transition from state q1 to state q2 in this automaton?;The automaton has 5 states: q0, q1, q2, q3 and q4.;['simbolo-q0', 'simbolo-q1', 'simbolo-q2', 'simbolo-q3', 'simbolo-q4'];[0.0, 0.2, 0.0, 0.2];0.0;6;False;{'user_input': 'Can you tell me what symbol labels the transition from state q1 to state q2 in this automaton?', 'intent': None, 'argument': None, 'dialogue_act': None, 'frame': {}};[0.0, 0.2, 0.0, 0.2]
Accuracy;5;how many transitions are there in the automaton?;The automaton has 5 transitions: q0 with value 1 goes to q1, q1 with value 1 goes to q2, q2 with value 0 goes to q3, q3 with value 0 goes to q4, q4 with value 0 goes to q0.;['simbolo-q0-q1', 'simbolo-q1-q2', 'simbolo-q2-q3', 'simbolo-q3-q4', 'simbolo-q4-q0'];[1.0, 1.0, 1.0, 1.0];1.0;6;False;{'user_input': 'how many transitions are there in the automaton?', 'intent': 'fsa-practical', 'argument': 'transition', 'dialogue_act': 'Ta:request', 'frame': {'numberOfTransitions': '?'}};[1.0, 1.0, 1.0, 1.0]
Accuracy;5;Ok, I accept your turn.;The automaton has 5 states: q0, q1, q2, q3 and q4.;['simbolo-q0', 'simbolo-q1', 'simbolo-q2', 'simbolo-q3', 'simbolo-q4'];[0.9, 0.9, 0.5, 1.0];0.9;6;False;{'user_input': 'Ok, I accept your turn.', 'intent': 'fsa-practical', 'argument': None, 'dialogue_act': 'Ta:request', 'frame': {}};[0.9, 0.9, 0.5, 1.0]
Accuracy;5;The language recognized by this deterministic automaton is regular.;Could you be more specific?;[];[0.0, 0.1, 0.0, 1.0];0.0;7;False;{'user_input': 'The language recognized by this deterministic automaton is regular.', 'intent': 'fsa-practical', 'argument': 'language', 'dialogue_act': 'Ta:propositionalQuestion', 'frame': {'input': 'language'}};[0.0, 0.1, 0.0, 1.0]
Accuracy;5;for the automaton shown, what is the language accepted for the input string?;Could you be more specific?;[];[0.0, 0.1, 0.0, 1.0];0.0;8;False;{'user_input': 'for the automaton shown, what is the language accepted for the input string?', 'intent': 'fsa-practical', 'argument': 'language', 'dialogue_act': 'Ta:request', 'frame': {'alphabet': '0', 'input': 'input'}};[0.0, 0.1, 0.0, 1.0]
Accuracy;5;does this automaton recognize a non-regular language?;Could you be more specific?;[];[0.0, 0.1, 0.0, 1.0];0.0;9;False;{'user_input': 'does this automaton recognize a non-regular language?', 'intent': 'fsa-practical', 'argument': 'language', 'dialogue_act': 'Ta:propositionalQuestion', 'frame': {'input': '?'}};[0.0, 0.1, 0.0, 1.0]
Accuracy;5;what is an input string that this automaton accepts?;Could you be more specific?;[];[0.0, 0.1, 0.0, 1.0];0.0;10;False;{'user_input': 'what is an input string that this automaton accepts?', 'intent': 'fsa-practical', 'argument': 'language', 'dialogue_act': 'Ta:request', 'frame': {'input': '?'}};[0.0, 0.1, 0.0, 1.0]
Accuracy;5;What is the input string that this automaton processes?;Could you be more specific?;[];[0.0, 0.1, 0.0, 1.0];0.0;11;False;{'user_input': 'What is the input string that this automaton processes?', 'intent': 'fsa-practical', 'argument': 'language', 'dialogue_act': 'Ta:request', 'frame': {'input': '?'}};[0.0, 0.1, 0.0, 1.0]
Relevancy;1;Is it possible to go from q2 to q4 in this automaton?;There is no transition between q2 and q4.;[];[0.2, 0.6, 0.2, 1.0];0.6;0;False;{'user_input': 'Is it possible to go from q2 to q4 in this automaton?', 'intent': 'fsa-practical', 'argument': 'transition', 'dialogue_act': 'Ta:propositionalQuestion', 'frame': {'transitions': [['q2', 'q4', '?']]}};[0.2, 0.6, 0.2, 1.0]
Relevancy;1;What is the value of the transition from state q2 to state q4?;There is no transition between q2 and q4.;[];[1.0, 1.0, 1.0, 1.0];1.0;0;False;{'user_input': 'What is the value of the transition from state q2 to state q4?', 'intent': 'fsa-practical', 'argument': 'transition', 'dialogue_act': 'Ta:request', 'frame': {'transitions': [['q2', 'q4', '?']]}};[1.0, 1.0, 1.0, 1.0]
Relevancy;1;Which state in this automaton has the highest number of transitions, is it q3?;MUTATION The automaton accepts zero or more words formed by a sequence of the type 11000. In total there are 5 states: q0, q1, q2, q3 and q4. q0 is both the initial and the final state. The transitions are: q0 with value 1 goes to q1, q1 with value 1 goes to q2, q2 with value 0 goes to q3, q3 with value 0 goes to q4, q4 with value 0 goes to q0.;[];[0.0, 0.3, 0.0, 1.0];0.3;1;True;{'user_input': 'Which state in this automaton has the highest number of transitions, is it q3?', 'intent': 'fsa-practical', 'argument': 'state', 'dialogue_act': 'Ta:request', 'frame': {'stateWithMostTransitions': '?'}};[0.0, 0.3, 0.0, 1.0]
Relevancy;1;what is the optimal spatial representation of the states in this automaton?;Could you be more specific?;[];[0.1, 0.2, 0.1, 1.0];0.2;2;False;{'user_input': 'what is the optimal spatial representation of the states in this automaton?', 'intent': 'fsa-practical', 'argument': 'pattern', 'dialogue_act': 'Ta:request', 'frame': {'patternType': '?'}};[0.1, 0.2, 0.1, 1.0]
Relevancy;1;what type of pattern does this finite state automaton recognize?;Could you be more specific?;[];[0.0, 0.1, 0.0, 1.0];0.1;3;False;{'user_input': 'what type of pattern does this finite state automaton recognize?', 'intent': 'fsa-practical', 'argument': 'pattern', 'dialogue_act': 'Ta:request', 'frame': {'patternType': '?'}};[0.0, 0.1, 0.0, 1.0]
Relevancy;1;What is the pattern type of this finite state automaton?;Could you be more specific?;[];[0.0, 0.1, 0.0, 1.0];0.1;4;False;{'user_input': 'What is the pattern type of this finite state automaton?', 'intent': 'fsa-practical', 'argument': 'pattern', 'dialogue_act': 'Ta:request', 'frame': {'patternType': '?'}};[0.0, 0.1, 0.0, 1.0]
Relevancy;1;does this automaton recognize any specific input pattern, and if so, what is that pattern?;Could you be more specific?;[];[0.0, 0.1, 0.0, 1.0];0.1;5;False;{'user_input': 'does this automaton recognize any specific input pattern, and if so, what is that pattern?', 'intent': 'fsa-practical', 'argument': 'pattern', 'dialogue_act': 'Ta:propositionalQuestion', 'frame': {'patternType': '?'}};[0.0, 0.1, 0.0, 1.0]
Relevancy;1;what is the transition that goes from ? to q4 with input ?;The automaton has 5 transitions: q0 with value 1 goes to q1, q1 with value 1 goes to q2, q2 with value 0 goes to q3, q3 with value 0 goes to q4, q4 with value 0 goes to q0.;['simbolo-q0-q1', 'simbolo-q1-q2', 'simbolo-q2-q3', 'simbolo-q3-q4', 'simbolo-q4-q0'];[0.2, 0.3, 1.0, 1.0];0.3;6;False;{'user_input': 'what is the transition that goes from ? to q4 with input ?', 'intent': 'fsa-practical', 'argument': 'transition', 'dialogue_act': 'Ta:request', 'frame': {}};[0.2, 0.3, 1.0, 1.0]
Relevancy;1;i meant to say that the pattern type of this automaton is “clockwise”, not something else.;Could you be more specific?;[];[0.9, 0.9, 0.9, 1.0];0.9;6;False;{'user_input': 'i meant to say that the pattern type of this automaton is “clockwise”, not something else.', 'intent': 'fsa-practical', 'argument': 'pattern', 'dialogue_act': 'Ta:propositionalQuestion', 'frame': {'patternType': 'clockwise'}};[0.9, 0.9, 0.9, 1.0]
Relevancy;1;what type of pattern does this finite state automaton recognize?;Could you be more specific?;[];[0.0, 0.1, 0.0, 1.0];0.1;7;False;{'user_input': 'what type of pattern does this finite state automaton recognize?', 'intent': 'fsa-practical', 'argument': 'pattern', 'dialogue_act': 'Ta:request', 'frame': {'patternType': '?'}};[0.0, 0.1, 0.0, 1.0]
Relevancy;1;before we say goodbye, could you tell me what type of pattern this automaton recognizes?;Could you be more specific?;[];[0.1, 0.2, 0.1, 1.0];0.2;8;False;{'user_input': 'before we say goodbye, could you tell me what type of pattern this automaton recognizes?', 'intent': 'fsa-practical', 'argument': 'pattern', 'dialogue_act': 'Ta:request', 'frame': {'patternType': '?'}};[0.1, 0.2, 0.1, 1.0]
Relevancy;1;What pattern does this deterministic automaton recognize?;Could you be more specific?;[];[0.0, 0.1, 0.0, 1.0];0.1;9;False;{'user_input': 'What pattern does this deterministic automaton recognize?', 'intent': 'fsa-practical', 'argument': 'pattern', 'dialogue_act': 'Ta:request', 'frame': {'patternType': '?'}};[0.0, 0.1, 0.0, 1.0]
Relevancy;1;What is the pattern type of this automaton?;Could you be more specific?;[];[0.0, 0.2, 0.0, 1.0];0.2;10;False;{'user_input': 'What is the pattern type of this automaton?', 'intent': 'fsa-practical', 'argument': 'pattern', 'dialogue_act': 'Ta:request', 'frame': {'patternType': '?'}};[0.0, 0.2, 0.0, 1.0]
Relevancy;1;what type of language pattern does this automaton recognize?;Could you be more specific?;[];[0.0, 0.1, 0.0, 1.0];0.1;11;False;{'user_input': 'what type of language pattern does this automaton recognize?', 'intent': 'fsa-practical', 'argument': 'language', 'dialogue_act': 'Ta:request', 'frame': {'typeOfLanguage': '?'}};[0.0, 0.1, 0.0, 1.0]
Relevancy;1;What is the language accepted by this automaton with 5 states?;Could you be more specific?;[];[0.0, 0.1, 0.0, 1.0];0.1;12;False;{'user_input': 'What is the language accepted by this automaton with 5 states?', 'intent': 'fsa-practical', 'argument': 'language', 'dialogue_act': 'Ta:request', 'frame': {'numberOfStates': '5'}};[0.0, 0.1, 0.0, 1.0]
Relevancy;2;What is the value of the transition from q1 to q2?;The transition between q1 and q2 is with value 1.;['simbolo-q1-q2'];[1.0, 1.0, 1.0, 1.0];1.0;0;False;{'user_input': 'What is the value of the transition from q1 to q2?', 'intent': 'fsa-practical', 'argument': 'transition', 'dialogue_act': 'Ta:request', 'frame': {'transitions': [['q1', 'q2', '?']]}};[1.0, 1.0, 1.0, 1.0]
Relevancy;2;thank you, that helps a lot! so this is on which input symbol?;The transition between q1 and q2 is with value 1.;['simbolo-q1-q2'];[1.0, 1.0, 1.0, 1.0];1.0;0;False;{'user_input': 'thank you, that helps a lot! so this is on which input symbol?', 'intent': 'fsa-practical', 'argument': None, 'dialogue_act': 'Ta:propositionalQuestion', 'frame': {'transitions': [['q1', 'q2', '?']]}, '_raw_frame': {'input': '?'}};[1.0, 1.0, 1.0, 1.0]
Relevancy;2;what is the value of this?;Could you be more specific?;[];[0.2, 0.3, 0.2, 1.0];0.3;1;False;{'user_input': 'what is the value of this?', 'intent': 'fsa-practical', 'argument': 'language', 'dialogue_act': 'Ta:request', 'frame': {'transitions': [['q1', 'q2', '?']]}, '_raw_frame': {'input': '?'}};[0.2, 0.3, 0.2, 1.0]
Relevancy;2;What is the input symbol for the transition from state q1 to state q2 in the language recognized by this automaton?;MUTATION The automaton accepts zero or more words formed by a sequence of the type 11000. In total there are 5 states: q0, q1, q2, q3 and q4. q0 is both the initial and the final state. The transitions are: q0 with value 1 goes to q1, q1 with value 1 goes to q2, q2 with value 0 goes to q3, q3 with value 0 goes to q4, q4 with value 0 goes to q0.;[];[0.2, 0.6, 0.5, 1.0];0.6;1;True;{'user_input': 'What is the input symbol for the transition from state q1 to state q2 in the language recognized by this automaton?', 'intent': 'fsa-practical', 'argument': None, 'dialogue_act': 'Ta:request', 'frame': {'inputSymbol': '?'}};[0.2, 0.6, 0.5, 1.0]
Relevancy;2;what is the input symbol of this?;Could you be more specific?;[];[0.1, 0.2, 0.1, 0.9];0.2;2;False;{'user_input': 'what is the input symbol of this?', 'intent': 'fsa-practical', 'argument': 'alphabet', 'dialogue_act': 'Ta:request', 'frame': {'transitions': [['q1', 'q2', '?']]}, '_raw_frame': {'input': '?'}};[0.1, 0.2, 0.1, 0.9]
Relevancy;2;Hi, could you tell me what the symbol is on the transition from q1 to q2 in the automaton?;The transition between q1 and q2 is with value 1.;['simbolo-q1-q2'];[1.0, 1.0, 1.0, 1.0];1.0;2;False;{'user_input': 'Hi, could you tell me what the symbol is on the transition from q1 to q2 in the automaton?', 'intent': 'fsa-practical', 'argument': 'transition', 'dialogue_act': 'Ta:request', 'frame': {'transitions': [['q1', 'q2', '?']]}};[1.0, 1.0, 1.0, 1.0]
Relevancy;2;What is the symbol of the transition from state q1 to state q2 in the language of this automaton?;The transition between q1 and q2 is with value 1.;['simbolo-q1-q2'];[1.0, 1.0, 1.0, 1.0];1.0;2;False;{'user_input': 'What is the symbol of the transition from state q1 to state q2 in the language of this automaton?', 'intent': 'fsa-practical', 'argument': 'transition', 'dialogue_act': 'Ta:request', 'frame': {'transitions': [['q1', 'q2', '?']]}};[1.0, 1.0, 1.0, 1.0]
Relevancy;2;what is the alphabet of this automaton?;Could you be more specific?;[];[0.0, 0.1, 0.0, 1.0];0.1;3;False;{'user_input': 'what is the alphabet of this automaton?', 'intent': 'fsa-practical', 'argument': 'alphabet', 'dialogue_act': 'Ta:request', 'frame': {'alphabet': '?'}};[0.0, 0.1, 0.0, 1.0]
Relevancy;2;what is the language recognized by this automaton, and what is its alphabet?;Could you be more specific?;[];[0.0, 0.1, 0.0, 1.0];0.1;4;False;{'user_input': 'what is the language recognized by this automaton, and what is its alphabet?', 'intent': 'fsa-practical', 'argument': 'language', 'dialogue_act': 'Ta:request', 'frame': {'alphabet': '?', 'language': '?'}};[0.0, 0.1, 0.0, 1.0]
Relevancy;2;which is the language recognized by the automaton if this has no outgoing transitions?;Could you be more specific?;[];[0.1, 0.2, 0.1, 1.0];0.2;5;False;{'user_input': 'which is the language recognized by the automaton if this has no outgoing transitions?', 'intent': 'fsa-practical', 'argument': 'language', 'dialogue_act': 'Ta:request', 'frame': {'states': ['q3']}, '_raw_frame': {'input': '?'}};[0.1, 0.2, 0.1, 1.0]
Relevancy;2;What is the language accepted by this automaton, and what is its alphabet?;Could you be more specific?;[];[0.0, 0.1, 0.0, 1.0];0.1;6;False;{'user_input': 'What is the language accepted by this automaton, and what is its alphabet?', 'intent': 'fsa-practical', 'argument': 'language', 'dialogue_act': 'Ta:request', 'frame': {'alphabet': '?', 'language': '?'}};[0.0, 0.1, 0.0, 1.0]
Relevancy;2;in this automaton, which state has the highest number of transitions?;MUTATION The automaton accepts zero or more words formed by a sequence of the type 11000. In total there are 5 states: q0, q1, q2, q3 and q4. q0 is both the initial and the final state. The transitions are: q0 with value 1 goes to q1, q1 with value 1 goes to q2, q2 with value 0 goes to q3, q3 with value 0 goes to q4, q4 with value 0 goes to q0.;[];[0.0, 0.3, 0.2, 1.0];0.3;7;True;{'user_input': 'in this automaton, which state has the highest number of transitions?', 'intent': 'fsa-practical', 'argument': 'state', 'dialogue_act': 'Ta:request', 'frame': {'stateWithMostTransitions': '?'}};[0.0, 0.3, 0.2, 1.0]
Relevancy;2;What is the language and the alphabet of this automaton?;Could you be more specific?;[];[0.0, 0.1, 0.0, 1.0];0.1;8;False;{'user_input': 'What is the language and the alphabet of this automaton?', 'intent': 'fsa-practical', 'argument': 'language', 'dialogue_act': 'Ta:request', 'frame': {'alphabet': '?', 'language': '?'}};[0.0, 0.1, 0.0, 1.0]
Relevancy;2;what is the language accepted by this finite-state automaton, and in particular which state is the initial one?;Could you be more specific?;[];[0.0, 0.1, 0.0, 1.0];0.1;9;False;{'user_input': 'what is the language accepted by this finite-state automaton, and in particular which state is the initial one?', 'intent': 'fsa-practical', 'argument': 'language', 'dialogue_act': 'Ta:request', 'frame': {'initialState': '?'}};[0.0, 0.1, 0.0, 1.0]
Relevancy;2;What is the language accepted by the automaton, and which state is the initial state?;Could you be more specific?;[];[0.0, 0.1, 0.0, 1.0];0.1;10;False;{'user_input': 'What is the language accepted by the automaton, and which state is the initial state?', 'intent': 'fsa-practical', 'argument': 'language', 'dialogue_act': 'Ta:request', 'frame': {'input': '?', 'state': '?'}};[0.0, 0.1, 0.0, 1.0]
Relevancy;3;Does this automaton accept the input string 11000?;Could you be more specific?;[];[0.0, 0.1, 0.0, 1.0];0.1;1;False;{'user_input': 'Does this automaton accept the input string 11000?', 'intent': 'fsa-practical', 'argument': 'language', 'dialogue_act': 'Ta:request', 'frame': {'input': '11000'}};[0.0, 0.1, 0.0, 1.0]
Relevancy;3;what is the output of this automaton for the input 11000?;Could you be more specific?;[];[0.0, 0.1, 0.0, 1.0];0.1;2;False;{'user_input': 'what is the output of this automaton for the input 11000?', 'intent': 'fsa-practical', 'argument': 'language', 'dialogue_act': 'Ta:request', 'frame': {'input': '11000'}};[0.0, 0.1, 0.0, 1.0]
Relevancy;3;What is the language accepted by this automaton for the input string 11000?;Could you be more specific?;[];[0.0, 0.1, 0.0, 1.0];0.1;3;False;{'user_input': 'What is the language accepted by this automaton for the input string 11000?', 'intent': 'fsa-practical', 'argument': 'language', 'dialogue_act': 'Ta:request', 'frame': {'input': '11000'}};[0.0, 0.1, 0.0, 1.0]
Relevancy;3;what is the language accepted by this automaton for the input 11000?;Could you be more specific?;[];[0.0, 0.1, 0.0, 1.0];0.1;4;False;{'user_input': 'what is the language accepted by this automaton for the input 11000?', 'intent': 'fsa-practical', 'argument': 'language', 'dialogue_act': 'Ta:request', 'frame': {'input': '11000'}};[0.0, 0.1, 0.0, 1.0]
Relevancy;3;what is the language recognized by this automaton for the input 11000?;Could you be more specific?;[];[0.0, 0.1, 0.0, 1.0];0.1;5;False;{'user_input': 'what is the language recognized by this automaton for the input 11000?', 'intent': 'fsa-practical', 'argument': 'language', 'dialogue_act': 'Ta:request', 'frame': {'input': '11000'}};[0.0, 0.1, 0.0, 1.0]
Relevancy;3;The language accepted by this automaton for the input 11000 is the set of all strings that contain the substring 11000.;Could you be more specific?;[];[0.1, 0.2, 0.1, 1.0];0.2;6;False;{'user_input': 'The language accepted by this automaton for the input 11000 is the set of all strings that contain the substring 11000.', 'intent': 'fsa-practical', 'argument': 'language', 'dialogue_act': 'Ta:request', 'frame': {'alphabet': '0', 'input': '1'}};[0.1, 0.2, 0.1, 1.0]
Relevancy;3;can you explain the difference between deterministic and non‑deterministic finite state automata?;The automaton has 5 states and 5 transitions.;[];[0.0, 0.1, 0.0, 1.0];0.1;7;False;{'user_input': 'can you explain the difference between deterministic and non‑deterministic finite state automata?', 'intent': 'fsa-practical', 'argument': 'automaton', 'dialogue_act': 'Ta:request', 'frame': {}};[0.0, 0.1, 0.0, 1.0]
Relevancy;3;The automaton I see on the tablet has 2 states, right?;The number of states is incorrect.;['simbolo-q0', 'simbolo-q1', 'simbolo-q2', 'simbolo-q3', 'simbolo-q4'];[0.95, 1.0, 1.0, 1.0];1.0;7;False;{'user_input': 'The automaton I see on the tablet has 2 states, right?', 'intent': 'fsa-practical', 'argument': 'state', 'dialogue_act': 'Ta:request', 'frame': {'numberOfStates': '2'}};[0.95, 1.0, 1.0, 1.0]
Relevancy;3;thank you for helping me understand this automaton better.;The automaton has 5 states and 5 transitions.;[];[0.9, 0.9, 1.0, 1.0];0.9;7;False;{'user_input': 'thank you for helping me understand this automaton better.', 'intent': 'fsa-practical', 'argument': 'automaton', 'dialogue_act': 'Ta:request', 'frame': {'input': 'thank you'}};[0.9, 0.9, 1.0, 1.0]
Relevancy;3;Can you ask me a practical question about this automaton?;The automaton has 5 states and 5 transitions.;[];[0.1, 0.1, 0.1, 1.0];0.1;8;False;{'user_input': 'Can you ask me a practical question about this automaton?', 'intent': 'fsa-practical', 'argument': 'automaton', 'dialogue_act': 'Ta:request', 'frame': {'input': '?'}};[0.1, 0.1, 0.1, 1.0]
Relevancy;3;Hi, could you show me what input strings this automaton accepts?;Could you be more specific?;[];[0.0, 0.1, 0.0, 1.0];0.1;9;False;{'user_input': 'Hi, could you show me what input strings this automaton accepts?', 'intent': 'fsa-practical', 'argument': 'language', 'dialogue_act': 'Ta:propositionalQuestion', 'frame': {'input': '?'}};[0.0, 0.1, 0.0, 1.0]
Relevancy;3;what are the transitions of this automaton for an input string?;The automaton has 5 transitions: q0 with value 1 goes to q1, q1 with value 1 goes to q2, q2 with value 0 goes to q3, q3 with value 0 goes to q4, q4 with value 0 goes to q0.;['simbolo-q0-q1', 'simbolo-q1-q2', 'simbolo-q2-q3', 'simbolo-q3-q4', 'simbolo-q4-q0'];[1.0, 1.0, 1.0, 1.0];1.0;9;False;{'user_input': 'what are the transitions of this automaton for an input string?', 'intent': 'fsa-practical', 'argument': 'transition', 'dialogue_act': 'Ta:request', 'frame': {'transitions': []}};[1.0, 1.0, 1.0, 1.0]
Relevancy;3;What is the language accepted by this finite state automaton for an input string?;Could you be more specific?;[];[0.0, 0.1, 0.0, 1.0];0.1;10;False;{'user_input': 'What is the language accepted by this finite state automaton for an input string?', 'intent': 'fsa-practical', 'argument': 'language', 'dialogue_act': 'Ta:request', 'frame': {'input': '?'}};[0.0, 0.1, 0.0, 1.0]
Relevancy;3;Given this automaton, what is the state reached by the machine for the input string?;MUTATION The automaton accepts zero or more words formed by a sequence of the type 11000. In total there are 5 states: q0, q1, q2, q3 and q4. q0 is both the initial and the final state. The transitions are: q0 with value 1 goes to q1, q1 with value 1 goes to q2, q2 with value 0 goes to q3, q3 with value 0 goes to q4, q4 with value 0 goes to q0.;[];[0.2, 0.4, 0.3, 1.0];0.4;10;True;{'user_input': 'Given this automaton, what is the state reached by the machine for the input string?', 'intent': 'fsa-practical', 'argument': 'state', 'dialogue_act': 'Ta:request', 'frame': {'input': '?'}};[0.2, 0.4, 0.3, 1.0]
Relevancy;3;hello! for this automaton, could you please tell me what input strings it should process?;Could you be more specific?;[];[0.1, 0.2, 0.1, 1.0];0.2;11;False;{'user_input': 'hello! for this automaton, could you please tell me what input strings it should process?', 'intent': 'fsa-practical', 'argument': 'language', 'dialogue_act': 'Ta:request', 'frame': {'input': '?'}};[0.1, 0.2, 0.1, 1.0]
Relevancy;4;Is q0 the only final state in this automaton?;MUTATION The automaton accepts zero or more words formed by a sequence of the type 11000. In total there are 5 states: q0, q1, q2, q3 and q4. q0 is both the initial and the final state. The transitions are: q0 with value 1 goes to q1, q1 with value 1 goes to q2, q2 with value 0 goes to q3, q3 with value 0 goes to q4, q4 with value 0 goes to q0.;[];[0.4, 0.6, 0.5, 1.0];0.6;0;True;{'user_input': 'Is q0 the only final state in this automaton?', 'intent': 'fsa-practical', 'argument': 'state', 'dialogue_act': 'Ta:propositionalQuestion', 'frame': {'state': 'q0'}};[0.4, 0.6, 0.5, 1.0]
Relevancy;4;is q0 a state of this automaton?;MUTATION The automaton accepts zero or more words formed by a sequence of the type 11000. In total there are 5 states: q0, q1, q2, q3 and q4. q0 is both the initial and the final state. The transitions are: q0 with value 1 goes to q1, q1 with value 1 goes to q2, q2 with value 0 goes to q3, q3 with value 0 goes to q4, q4 with value 0 goes to q0.;[];[0.4, 0.5, 0.5, 1.0];0.5;0;True;{'user_input': 'is q0 a state of this automaton?', 'intent': 'fsa-practical', 'argument': 'state', 'dialogue_act': 'Ta:request', 'frame': {'state': 'q0'}};[0.4, 0.5, 0.5, 1.0]
Relevancy;4;set the current question on the automaton to this.;MUTATION The automaton accepts zero or more words formed by a sequence of the type 11000. In total there are 5 states: q0, q1, q2, q3 and q4. q0 is both the initial and the final state. The transitions are: q0 with value 1 goes to q1, q1 with value 1 goes to q2, q2 with value 0 goes to q3, q3 with value 0 goes to q4, q4 with value 0 goes to q0.;[];[0.95, 1.0, 1.0, 1.0];1.0;0;True;{'user_input': 'set the current question on the automaton to this.', 'intent': 'fsa-practical', 'argument': 'state', 'dialogue_act': 'Ta:request', 'frame': {'states': ['q0']}, '_raw_frame': {'states': '?'}};[0.95, 1.0, 1.0, 1.0]
Relevancy;4;no, the current state is not q0.;MUTATION The automaton accepts zero or more words formed by a sequence of the type 11000. In total there are 5 states: q0, q1, q2, q3 and q4. q0 is both the initial and the final state. The transitions are: q0 with value 1 goes to q1, q1 with value 1 goes to q2, q2 with value 0 goes to q3, q3 with value 0 goes to q4, q4 with value 0 goes to q0.;[];[0.1, 0.2, 0.3, 1.0];0.2;1;True;{'user_input': 'no, the current state is not q0.', 'intent': 'fsa-practical', 'argument': 'state', 'dialogue_act': 'Ta:request', 'frame': {'state': '?'}};[0.1, 0.2, 0.3, 1.0]
Relevancy;4;What are the states of this automaton?;MUTATION The automaton accepts zero or more words formed by a sequence of the type 11000. In total there are 5 states: q0, q1, q2, q3 and q4. q0 is both the initial and the final state. The transitions are: q0 with value 1 goes to q1, q1 with value 1 goes to q2, q2 with value 0 goes to q3, q3 with value 0 goes to q4, q4 with value 0 goes to q0.;[];[0.95, 0.9, 1.0, 1.0];0.9;1;True;{'user_input': 'What are the states of this automaton?', 'intent': 'fsa-practical', 'argument': 'state', 'dialogue_act': 'Ta:request', 'frame': {'states': '?'}};[0.95, 0.9, 1.0, 1.0]
Relevancy;4;Which is the state q2 in this automaton?;MUTATION The automaton accepts zero or more words formed by a sequence of the type 11000. In total there are 5 states: q0, q1, q2, q3 and q4. q0 is both the initial and the final state. The transitions are: q0 with value 1 goes to q1, q1 with value 1 goes to q2, q2 with value 0 goes to q3, q3 with value 0 goes to q4, q4 with value 0 goes to q0.;[];[0.2, 0.3, 0.3, 0.9];0.3;2;True;{'user_input': 'Which is the state q2 in this automaton?', 'intent': 'fsa-practical', 'argument': 'state', 'dialogue_act': 'Ta:request', 'frame': {'states': ['q2']}};[0.2, 0.3, 0.3, 0.9]
Relevancy;4;what are the states of this automaton?;MUTATION The automaton accepts zero or more words formed by a sequence of the type 11000. In total there are 5 states: q0, q1, q2, q3 and q4. q0 is both the initial and the final state. The transitions are: q0 with value 1 goes to q1, q1 with value 1 goes to q2, q2 with value 0 goes to q3, q3 with value 0 goes to q4, q4 with value 0 goes to q0.;[];[0.9, 0.8, 1.0, 1.0];0.8;2;True;{'user_input': 'what are the states of this automaton?', 'intent': 'fsa-practical', 'argument': 'state', 'dialogue_act': 'Ta:request', 'frame': {'states': '?'}};[0.9, 0.8, 1.0, 1.0]
Relevancy;4;what are the states of this automaton?;MUTATION The automaton accepts zero or more words formed by a sequence of the type 11000. In total there are 5 states: q0, q1, q2, q3 and q4. q0 is both the initial and the final state. The transitions are: q0 with value 1 goes to q1, q1 with value 1 goes to q2, q2 with value 0 goes to q3, q3 with value 0 goes to q4, q4 with value 0 goes to q0.;[];[0.95, 0.8, 1.0, 1.0];0.8;2;True;{'user_input': 'what are the states of this automaton?', 'intent': 'fsa-practical', 'argument': 'state', 'dialogue_act': 'Ta:request', 'frame': {'states': '?'}};[0.95, 0.8, 1.0, 1.0]
Relevancy;4;What are the states of this automaton?;MUTATION The automaton accepts zero or more words formed by a sequence of the type 11000. In total there are 5 states: q0, q1, q2, q3 and q4. q0 is both the initial and the final state. The transitions are: q0 with value 1 goes to q1, q1 with value 1 goes to q2, q2 with value 0 goes to q3, q3 with value 0 goes to q4, q4 with value 0 goes to q0.;[];[0.95, 0.9, 1.0, 1.0];0.9;2;True;{'user_input': 'What are the states of this automaton?', 'intent': 'fsa-practical', 'argument': 'state', 'dialogue_act': 'Ta:request', 'frame': {'states': '?'}};[0.95, 0.9, 1.0, 1.0]
Relevancy;5;What kind of language does this finite state machine recognize?;Could you be more specific?;[];[0.0, 0.1, 0.0, 1.0];0.1;1;False;{'user_input': 'What kind of language does this finite state machine recognize?', 'intent': 'fsa-practical', 'argument': 'language', 'dialogue_act': 'Ta:request', 'frame': {'input': '?'}};[0.0, 0.1, 0.0, 1.0]
Relevancy;5;What is the language accepted by this automaton for the input string ?;Could you be more specific?;[];[0.1, 0.2, 0.1, 1.0];0.2;2;False;{'user_input': 'What is the language accepted by this automaton for the input string ?', 'intent': 'fsa-practical', 'argument': 'language', 'dialogue_act': 'Ta:request', 'frame': {'input': '?'}};[0.1, 0.2, 0.1, 1.0]
Relevancy;5;For which input strings does this automaton accept the language?;Could you be more specific?;[];[0.0, 0.1, 0.0, 1.0];0.1;3;False;{'user_input': 'For which input strings does this automaton accept the language?', 'intent': 'fsa-practical', 'argument': 'language', 'dialogue_act': 'Ta:request', 'frame': {'input': '?'}};[0.0, 0.1, 0.0, 1.0]
Relevancy;5;What is the input of this automaton?;Could you be more specific?;[];[0.1, 0.2, 0.1, 1.0];0.2;4;False;{'user_input': 'What is the input of this automaton?', 'intent': 'fsa-practical', 'argument': 'language', 'dialogue_act': 'Ta:request', 'frame': {'input': '?'}};[0.1, 0.2, 0.1, 1.0]
Relevancy;5;before we say goodbye, could you show me an example of an input string for this automaton’s language?;Could you be more specific?;[];[0.0, 0.1, 0.0, 1.0];0.1;5;False;{'user_input': 'before we say goodbye, could you show me an example of an input string for this automaton’s language?', 'intent': 'fsa-practical', 'argument': 'language', 'dialogue_act': 'Ta:request', 'frame': {'input': '?'}};[0.0, 0.1, 0.0, 1.0]
Relevancy;5;what is the language accepted by this finite state automaton for an unspecified input string?;Could you be more specific?;[];[0.0, 0.1, 0.0, 1.0];0.1;6;False;{'user_input': 'what is the language accepted by this finite state automaton for an unspecified input string?', 'intent': 'fsa-practical', 'argument': 'language', 'dialogue_act': 'Ta:request', 'frame': {'input': '?'}};[0.0, 0.1, 0.0, 1.0]
Relevancy;5;What is the language accepted by this automaton for the input string “11000”?;Could you be more specific?;[];[0.0, 0.1, 0.0, 1.0];0.1;7;False;{'user_input': 'What is the language accepted by this automaton for the input string “11000”?', 'intent': 'fsa-practical', 'argument': 'language', 'dialogue_act': 'Ta:request', 'frame': {'input': '11000'}};[0.0, 0.1, 0.0, 1.0]
Relevancy;5;What is the optimal spatial representation of the language recognized by this automaton?;MUTATION The automaton accepts zero or more words formed by a sequence of the type 11000. In total there are 5 states: q0, q1, q2, q3 and q4. q0 is both the initial and the final state. The transitions are: q0 with value 1 goes to q1, q1 with value 1 goes to q2, q2 with value 0 goes to q3, q3 with value 0 goes to q4, q4 with value 0 goes to q0.;[];[0.9, 0.95, 1.0, 1.0];0.95;7;True;{'user_input': 'What is the optimal spatial representation of the language recognized by this automaton?', 'intent': 'fsa-practical', 'argument': None, 'dialogue_act': 'Ta:request', 'frame': {'optimal spatial representation': '?'}};[0.9, 0.95, 1.0, 1.0]
Relevancy;5;The input string “11000” is not in the language recognized by this automaton.;Could you be more specific?;[];[0.0, 0.1, 0.0, 1.0];0.1;8;False;{'user_input': 'The input string “11000” is not in the language recognized by this automaton.', 'intent': 'fsa-practical', 'argument': 'language', 'dialogue_act': 'Ta:request', 'frame': {'input': '11000'}};[0.0, 0.1, 0.0, 1.0]
Relevancy;5;I suggest we analyze the language recognized by this automaton for the input 11000.;Could you be more specific?;[];[0.1, 0.1, 0.1, 0.9];0.1;9;False;{'user_input': 'I suggest we analyze the language recognized by this automaton for the input 11000.', 'intent': 'fsa-practical', 'argument': 'language', 'dialogue_act': 'Ta:propositionalQuestion', 'frame': {'input': '11000'}};[0.1, 0.1, 0.1, 0.9]
Relevancy;5;In this automaton, which state has the most transitions?;MUTATION The automaton accepts zero or more words formed by a sequence of the type 11000. In total there are 5 states: q0, q1, q2, q3 and q4. q0 is both the initial and the final state. The transitions are: q0 with value 1 goes to q1, q1 with value 1 goes to q2, q2 with value 0 goes to q3, q3 with value 0 goes to q4, q4 with value 0 goes to q0.;[];[0.0, 0.3, 0.0, 1.0];0.3;10;True;{'user_input': 'In this automaton, which state has the most transitions?', 'intent': 'fsa-practical', 'argument': 'state', 'dialogue_act': 'Ta:request', 'frame': {'stateWithMostTransitions': '?'}};[0.0, 0.3, 0.0, 1.0]
Relevancy;5;what is the language recognized by this automaton?;Could you be more specific?;[];[0.0, 0.1, 0.0, 1.0];0.1;11;False;{'user_input': 'what is the language recognized by this automaton?', 'intent': 'fsa-practical', 'argument': 'language', 'dialogue_act': 'Ta:request', 'frame': {'input': '?'}};[0.0, 0.1, 0.0, 1.0]
Relevancy;5;what is the optimal spatial representation of the language recognized by this automaton?;Could you be more specific?;[];[0.1, 0.2, 0.1, 1.0];0.2;12;False;{'user_input': 'what is the optimal spatial representation of the language recognized by this automaton?', 'intent': 'fsa-practical', 'argument': 'language', 'dialogue_act': 'Ta:request', 'frame': {'optimalSpatialRepresentation': '?'}};[0.1, 0.2, 0.1, 1.0]
Relevancy;5;Before we say goodbye, could you show me an example of an input string for the language of this automaton?;Could you be more specific?;[];[0.0, 0.1, 0.0, 1.0];0.1;13;False;{'user_input': 'Before we say goodbye, could you show me an example of an input string for the language of this automaton?', 'intent': 'fsa-practical', 'argument': 'language', 'dialogue_act': 'Ta:request', 'frame': {'input': '?'}};[0.0, 0.1, 0.0, 1.0]
Relevancy;5;Which input strings does this automaton accept?;Could you be more specific?;[];[0.0, 0.1, 0.0, 1.0];0.1;14;False;{'user_input': 'Which input strings does this automaton accept?', 'intent': 'fsa-practical', 'argument': 'language', 'dialogue_act': 'Ta:request', 'frame': {'input': '?'}};[0.0, 0.1, 0.0, 1.0]
Correctness;1;Can the automaton ever reach state q4 if the input contains only 1s?;Could you be more specific?;[];[0.0, 0.1, 0.0, 1.0];0.0;1;False;{'user_input': 'Can the automaton ever reach state q4 if the input contains only 1s?', 'intent': 'fsa-practical', 'argument': 'pattern', 'dialogue_act': 'Ta:request', 'frame': {'patternType': 'only1s'}};[0.0, 0.1, 0.0, 1.0]
Correctness;1;Can you check whether this automaton accepts only strings of 1s?;The automaton has 5 states and 5 transitions.;[];[0.1, 0.2, 0.1, 1.0];0.1;2;False;{'user_input': 'Can you check whether this automaton accepts only strings of 1s?', 'intent': 'fsa-practical', 'argument': 'automaton', 'dialogue_act': 'Ta:propositionalQuestion', 'frame': {'input': 'string of 1s'}};[0.1, 0.2, 0.1, 1.0]
Correctness;1;thank you for explaining this pattern of only 1s in the automaton.;The automaton has 5 states and 5 transitions.;[];[0.2, 0.2, 0.2, 1.0];0.2;3;False;{'user_input': 'thank you for explaining this pattern of only 1s in the automaton.', 'intent': 'fsa-practical', 'argument': 'automaton', 'dialogue_act': 'Ta:propositionalQuestion', 'frame': {'input': 'thank you'}};[0.2, 0.2, 0.2, 1.0]
Correctness;1;What type of pattern with only 1s does this automaton recognize?;Could you be more specific?;[];[0.0, 0.1, 0.0, 1.0];0.0;4;False;{'user_input': 'What type of pattern with only 1s does this automaton recognize?', 'intent': 'fsa-practical', 'argument': 'pattern', 'dialogue_act': 'Ta:request', 'frame': {'patternType': '1'}};[0.0, 0.1, 0.0, 1.0]
Correctness;1;Which transition in the automaton corresponds to the pattern type 1?;The automaton has 5 transitions: q0 with value 1 goes to q1, q1 with value 1 goes to q2, q2 with value 0 goes to q3, q3 with value 0 goes to q4, q4 with value 0 goes to q0.;['simbolo-q0-q1', 'simbolo-q1-q2', 'simbolo-q2-q3', 'simbolo-q3-q4', 'simbolo-q4-q0'];[0.2, 0.4, 0.5, 0.9];0.5;4;False;{'user_input': 'Which transition in the automaton corresponds to the pattern type 1?', 'intent': 'fsa-practical', 'argument': 'transition', 'dialogue_act': 'Ta:request', 'frame': {'transitions': []}};[0.2, 0.4, 0.5, 0.9]
Correctness;1;can you explain what kind of transition pattern “1” represents in this automaton?;the transition is not defined.;[];[0.0, 0.1, 0.0, 1.0];0.0;5;False;{'user_input': 'can you explain what kind of transition pattern “1” represents in this automaton?', 'intent': 'fsa-practical', 'argument': 'transition', 'dialogue_act': 'Ta:request', 'frame': {'transitions': [['q', '?', '1']]}};[0.0, 0.1, 0.0, 1.0]
Correctness;1;ok, i’ll accept your turn. can you tell me the transition that goes from some state q to another state when the input symbol is 1?;The automaton has 5 transitions: q0 with value 1 goes to q1, q1 with value 1 goes to q2, q2 with value 0 goes to q3, q3 with value 0 goes to q4, q4 with value 0 goes to q0.;['simbolo-q0-q1', 'simbolo-q1-q2', 'simbolo-q2-q3', 'simbolo-q3-q4', 'simbolo-q4-q0'];[0.4, 0.5, 1.0, 0.2];1.0;5;False;{'user_input': 'ok, i’ll accept your turn. can you tell me the transition that goes from some state q to another state when the input symbol is 1?', 'intent': 'fsa-practical', 'argument': 'transition', 'dialogue_act': 'Ta:request', 'frame': {'transitions': []}};[0.4, 0.5, 1.0, 0.2]
Correctness;1;Is there a transition from state q? to another state labeled with input symbol 1?;the transition is not defined.;[];[0.0, 0.2, 0.0, 1.0];0.0;6;False;{'user_input': 'Is there a transition from state q? to another state labeled with input symbol 1?', 'intent': 'fsa-practical', 'argument': 'transition', 'dialogue_act': 'Ta:propositionalQuestion', 'frame': {'transitions': [['?', 'q', '1']]}};[0.0, 0.2, 0.0, 1.0]
Correctness;1;which state in this automaton has the highest number of transitions?;MUTATION The automaton accepts zero or more words formed by a sequence of the type 11000. In total there are 5 states: q0, q1, q2, q3 and q4. q0 is both the initial and the final state. The transitions are: q0 with value 1 goes to q1, q1 with value 1 goes to q2, q2 with value 0 goes to q3, q3 with value 0 goes to q4, q4 with value 0 goes to q0.;[];[0.0, 0.2, 0.0, 1.0];0.0;7;True;{'user_input': 'which state in this automaton has the highest number of transitions?', 'intent': 'fsa-practical', 'argument': 'state', 'dialogue_act': 'Ta:request', 'frame': {'states': '?'}};[0.0, 0.2, 0.0, 1.0]
Correctness;1;Hi again, could you tell me what the states of this automaton are?;MUTATION The automaton accepts zero or more words formed by a sequence of the type 11000. In total there are 5 states: q0, q1, q2, q3 and q4. q0 is both the initial and the final state. The transitions are: q0 with value 1 goes to q1, q1 with value 1 goes to q2, q2 with value 0 goes to q3, q3 with value 0 goes to q4, q4 with value 0 goes to q0.;[];[0.9, 0.8, 1.0, 1.0];1.0;7;True;{'user_input': 'Hi again, could you tell me what the states of this automaton are?', 'intent': 'fsa-practical', 'argument': 'state', 'dialogue_act': 'Ta:request', 'frame': {'states': '?'}};[0.9, 0.8, 1.0, 1.0]
Correctness;1;What is the alphabet of this automaton?;Could you be more specific?;[];[0.0, 0.1, 0.0, 1.0];0.0;8;False;{'user_input': 'What is the alphabet of this automaton?', 'intent': 'fsa-practical', 'argument': 'alphabet', 'dialogue_act': 'Ta:request', 'frame': {'alphabet': '?'}};[0.0, 0.1, 0.0, 1.0]
Correctness;1;what is the alphabet of this automaton?;Could you be more specific?;[];[0.0, 0.1, 0.0, 1.0];0.0;9;False;{'user_input': 'what is the alphabet of this automaton?', 'intent': 'fsa-practical', 'argument': 'alphabet', 'dialogue_act': 'Ta:request', 'frame': {'alphabet': '?'}};[0.0, 0.1, 0.0, 1.0]
Correctness;1;before saying goodbye, could you tell me what the alphabet of this finite state automaton is?;Could you be more specific?;[];[0.0, 0.1, 0.0, 1.0];0.0;10;False;{'user_input': 'before saying goodbye, could you tell me what the alphabet of this finite state automaton is?', 'intent': 'fsa-practical', 'argument': 'alphabet', 'dialogue_act': 'Ta:request', 'frame': {'alphabet': '?'}};[0.0, 0.1, 0.0, 1.0]
Correctness;1;No, the alphabet of this automaton is not {0,1}, right?;Could you be more specific?;[];[0.2, 0.3, 0.2, 1.0];0.2;11;False;{'user_input': 'No, the alphabet of this automaton is not {0,1}, right?', 'intent': 'fsa-practical', 'argument': 'alphabet', 'dialogue_act': 'Ta:request', 'frame': {'alphabet': '0'}};[0.2, 0.3, 0.2, 1.0]
Correctness;1;What is the alphabet of this automaton?;Could you be more specific?;[];[0.0, 0.1, 0.0, 1.0];0.0;12;False;{'user_input': 'What is the alphabet of this automaton?', 'intent': 'fsa-practical', 'argument': 'alphabet', 'dialogue_act': 'Ta:request', 'frame': {'alphabet': '?'}};[0.0, 0.1, 0.0, 1.0]
Correctness;2;What is the transition label from q3 to q4 in the diagram?;The transition between q3 and q4 is with value 0.;['simbolo-q3-q4'];[1.0, 1.0, 1.0, 1.0];1.0;0;False;{'user_input': 'What is the transition label from q3 to q4 in the diagram?', 'intent': 'fsa-practical', 'argument': 'transition', 'dialogue_act': 'Ta:request', 'frame': {'transitions': [['q3', 'q4', '?']]}};[1.0, 1.0, 1.0, 1.0]
Correctness;2;what is the symbol of this in this automaton?;MUTATION The automaton accepts zero or more words formed by a sequence of the type 11000. In total there are 5 states: q0, q1, q2, q3 and q4. q0 is both the initial and the final state. The transitions are: q0 with value 1 goes to q1, q1 with value 1 goes to q2, q2 with value 0 goes to q3, q3 with value 0 goes to q4, q4 with value 0 goes to q0.;[];[0.2, 0.4, 0.3, 1.0];0.3;1;True;{'user_input': 'what is the symbol of this in this automaton?', 'intent': 'fsa-practical', 'argument': 'state', 'dialogue_act': 'Ta:request', 'frame': {'transitions': [['q3', 'q4', '?']]}, '_raw_frame': {'symbol': '?'}};[0.2, 0.4, 0.3, 1.0]
Correctness;2;thank you, could you please tell me the missing transition between this and that in this automaton?;The transition from q3 to q4 has value 0.;['simbolo-q3-q4'];[0.0, 0.2, 0.0, 0.2];0.0;2;False;{'user_input': 'thank you, could you please tell me the missing transition between this and that in this automaton?', 'intent': 'fsa-practical', 'argument': 'transition', 'dialogue_act': 'Ta:request', 'frame': {'states': ['q4', 'q3']}, '_raw_frame': {'transitions': []}};[0.0, 0.2, 0.0, 0.2]
Correctness;2;Can you explain the transition between states q4 and q3 in this automaton?;There is no transition between q4 and q3.;[];[1.0, 1.0, 1.0, 1.0];1.0;2;False;{'user_input': 'Can you explain the transition between states q4 and q3 in this automaton?', 'intent': 'fsa-practical', 'argument': 'transition', 'dialogue_act': 'Ta:request', 'frame': {'transitions': [['q4', 'q3', '?']]}};[1.0, 1.0, 1.0, 1.0]
Correctness;2;Can you list the states q4 and q3 of this automaton for me?;MUTATION The automaton accepts zero or more words formed by a sequence of the type 11000. In total there are 5 states: q0, q1, q2, q3 and q4. q0 is both the initial and the final state. The transitions are: q0 with value 1 goes to q1, q1 with value 1 goes to q2, q2 with value 0 goes to q3, q3 with value 0 goes to q4, q4 with value 0 goes to q0.;[];[0.4, 0.5, 0.5, 1.0];0.5;2;True;{'user_input': 'Can you list the states q4 and q3 of this automaton for me?', 'intent': 'fsa-practical', 'argument': 'state', 'dialogue_act': 'Ta:request', 'frame': {'states': ['q4', 'q3']}};[0.4, 0.5, 0.5, 1.0]
Correctness;2;hi, could you explain the transition that goes from that to this in this automaton?;The transition from q3 to q4 has value 0.;['simbolo-q3-q4'];[0.9, 0.9, 1.0, 1.0];1.0;2;False;{'user_input': 'hi, could you explain the transition that goes from that to this in this automaton?', 'intent': 'fsa-practical', 'argument': None, 'dialogue_act': 'Ta:request', 'frame': {'states': ['q4', 'q3']}, '_raw_frame': {}};[0.9, 0.9, 1.0, 1.0]
Correctness;2;which transitions connect that and this in this automaton?;The transition from q3 to q4 has value 0.;['simbolo-q3-q4'];[0.2, 0.3, 0.2, 0.9];0.2;3;False;{'user_input': 'which transitions connect that and this in this automaton?', 'intent': 'fsa-practical', 'argument': 'transition', 'dialogue_act': 'Ta:request', 'frame': {'states': ['q4', 'q3']}, '_raw_frame': {'transitions': []}};[0.2, 0.3, 0.2, 0.9]
Correctness;2;what is the alphabet of the automaton considering only the states q4 and q3?;Could you be more specific?;[];[0.0, 0.1, 0.0, 1.0];0.0;4;False;{'user_input': 'what is the alphabet of the automaton considering only the states q4 and q3?', 'intent': 'fsa-practical', 'argument': 'alphabet', 'dialogue_act': 'Ta:request', 'frame': {'alphabet': 'Q4'}};[0.0, 0.1, 0.0, 1.0]
Correctness;2;What is the alphabet of the automaton in state q2?;Could you be more specific?;[];[0.0, 0.1, 0.0, 1.0];0.0;5;False;{'user_input': 'What is the alphabet of the automaton in state q2?', 'intent': 'fsa-practical', 'argument': 'alphabet', 'dialogue_act': 'Ta:request', 'frame': {'alphabet': '?'}};[0.0, 0.1, 0.0, 1.0]
Correctness;2;what is the alphabet of this automaton?;Could you be more specific?;[];[0.0, 0.1, 0.0, 1.0];0.0;6;False;{'user_input': 'what is the alphabet of this automaton?', 'intent': 'fsa-practical', 'argument': 'alphabet', 'dialogue_act': 'Ta:request', 'frame': {'alphabet': '?'}};[0.0, 0.1, 0.0, 1.0]
Correctness;2;sorry, i meant to say: the alphabet of this finite state automaton is what?;Could you be more specific?;[];[0.0, 0.1, 0.0, 1.0];0.0;7;False;{'user_input': 'sorry, i meant to say: the alphabet of this finite state automaton is what?', 'intent': 'fsa-practical', 'argument': 'alphabet', 'dialogue_act': 'Ta:request', 'frame': {'alphabet': '?'}};[0.0, 0.1, 0.0, 1.0]
Correctness;2;what is the alphabet of this automaton?;Could you be more specific?;[];[0.0, 0.1, 0.0, 1.0];0.0;8;False;{'user_input': 'what is the alphabet of this automaton?', 'intent': 'fsa-practical', 'argument': 'alphabet', 'dialogue_act': 'Ta:request', 'frame': {'alphabet': '?'}};[0.0, 0.1, 0.0, 1.0]
Correctness;2;what is the language recognized by this automaton, in particular what is its alphabet?;Could you be more specific?;[];[0.0, 0.1, 0.0, 1.0];0.0;9;False;{'user_input': 'what is the language recognized by this automaton, in particular what is its alphabet?', 'intent': 'fsa-practical', 'argument': 'language', 'dialogue_act': 'Ta:request', 'frame': {'alphabet': '?'}};[0.0, 0.1, 0.0, 1.0]
Correctness;2;what is the alphabet of this automaton?;Could you be more specific?;[];[0.0, 0.1, 0.0, 1.0];0.0;10;False;{'user_input': 'what is the alphabet of this automaton?', 'intent': 'fsa-practical', 'argument': 'alphabet', 'dialogue_act': 'Ta:request', 'frame': {'alphabet': '?'}};[0.0, 0.1, 0.0, 1.0]
Correctness;2;what are the transitions of this automaton?;The automaton has 5 transitions: q0 with value 1 goes to q1, q1 with value 1 goes to q2, q2 with value 0 goes to q3, q3 with value 0 goes to q4, q4 with value 0 goes to q0.;['simbolo-q0-q1', 'simbolo-q1-q2', 'simbolo-q2-q3', 'simbolo-q3-q4', 'simbolo-q4-q0'];[1.0, 1.0, 1.0, 1.0];1.0;10;False;{'user_input': 'what are the transitions of this automaton?', 'intent': 'fsa-practical', 'argument': 'transition', 'dialogue_act': 'Ta:request', 'frame': {'transitions': []}};[1.0, 1.0, 1.0, 1.0]
Correctness;3;Is this automaton deterministic or nondeterministic?;The automaton has 5 states and 5 transitions.;[];[0.0, 0.2, 0.0, 1.0];0.0;1;False;{'user_input': 'Is this automaton deterministic or nondeterministic?', 'intent': 'fsa-practical', 'argument': 'automaton', 'dialogue_act': 'Ta:request', 'frame': {'input': 'automatonType'}};[0.0, 0.2, 0.0, 1.0]
Correctness;3;what type of automaton is this?;The automaton has 5 states and 5 transitions.;[];[0.0, 0.1, 0.0, 1.0];0.0;2;False;{'user_input': 'what type of automaton is this?', 'intent': 'fsa-practical', 'argument': 'automaton', 'dialogue_act': 'Ta:request', 'frame': {'type': '?'}};[0.0, 0.1, 0.0, 1.0]
Correctness;3;which state does the automaton transition to?;MUTATION The automaton accepts zero or more words formed by a sequence of the type 11000. In total there are 5 states: q0, q1, q2, q3 and q4. q0 is both the initial and the final state. The transitions are: q0 with value 1 goes to q1, q1 with value 1 goes to q2, q2 with value 0 goes to q3, q3 with value 0 goes to q4, q4 with value 0 goes to q0.;[];[0.3, 0.4, 0.4, 1.0];0.4;2;True;{'user_input': 'which state does the automaton transition to?', 'intent': 'fsa-practical', 'argument': 'state', 'dialogue_act': 'Ta:request', 'frame': {'transitions': []}};[0.3, 0.4, 0.4, 1.0]
Correctness;3;The automaton shown on the tablet is deterministic or nondeterministic?;The automaton has 5 states and 5 transitions.;[];[0.0, 0.2, 0.0, 1.0];0.0;3;False;{'user_input': 'The automaton shown on the tablet is deterministic or nondeterministic?', 'intent': 'fsa-practical', 'argument': 'automaton', 'dialogue_act': 'Ta:propositionalQuestion', 'frame': {'input': 'automatonType'}};[0.0, 0.2, 0.0, 1.0]
Correctness;3;what type of automaton is this?;The automaton has 5 states and 5 transitions.;[];[0.0, 0.2, 0.0, 1.0];0.0;4;False;{'user_input': 'what type of automaton is this?', 'intent': 'fsa-practical', 'argument': 'automaton', 'dialogue_act': 'Ta:request', 'frame': {}};[0.0, 0.2, 0.0, 1.0]
Correctness;3;Hi, I’d like to study this automaton on the tablet and do some practical exercises with finite state machines.;The automaton has 5 states and 5 transitions.;[];[0.4, 0.3, 0.4, 1.0];0.4;4;False;{'user_input': 'Hi, I’d like to study this automaton on the tablet and do some practical exercises with finite state machines.', 'intent': 'fsa-practical', 'argument': 'automaton', 'dialogue_act': 'Ta:request', 'frame': {}};[0.4, 0.3, 0.4, 1.0]
Correctness;3;What is the optimal spatial representation of this automaton?;Could you be more specific?;[];[0.1, 0.2, 0.1, 1.0];0.1;5;False;{'user_input': 'What is the optimal spatial representation of this automaton?', 'intent': 'fsa-practical', 'argument': 'pattern', 'dialogue_act': 'Ta:request', 'frame': {'optimalSpatialRepresentation': '?'}};[0.1, 0.2, 0.1, 1.0]
Correctness;3;can you show me the automaton?;The automaton has 5 states and 5 transitions.;[];[0.2, 0.3, 0.2, 1.0];0.2;6;False;{'user_input': 'can you show me the automaton?', 'intent': 'fsa-practical', 'argument': 'automaton', 'dialogue_act': 'Ta:request', 'frame': {}};[0.2, 0.3, 0.2, 1.0]
Correctness;3;what is the alphabet of this automaton?;Could you be more specific?;[];[0.0, 0.1, 0.0, 1.0];0.0;7;False;{'user_input': 'what is the alphabet of this automaton?', 'intent': 'fsa-practical', 'argument': 'alphabet', 'dialogue_act': 'Ta:request', 'frame': {'alphabet': '?'}};[0.0, 0.1, 0.0, 1.0]
Correctness;3;what is the alphabet of this automaton?;Could you be more specific?;[];[0.0, 0.1, 0.0, 1.0];0.0;8;False;{'user_input': 'what is the alphabet of this automaton?', 'intent': 'fsa-practical', 'argument': 'alphabet', 'dialogue_act': 'Ta:request', 'frame': {'alphabet': '?'}};[0.0, 0.1, 0.0, 1.0]
Correctness;3;what is the output of this automaton when the input string is 11000?;Could you be more specific?;[];[0.0, 0.1, 0.0, 1.0];0.0;9;False;{'user_input': 'what is the output of this automaton when the input string is 11000?', 'intent': 'fsa-practical', 'argument': 'language', 'dialogue_act': 'Ta:request', 'frame': {'input': '11000'}};[0.0, 0.1, 0.0, 1.0]
Correctness;3;For the automaton shown, can you process the input string 11000 and tell me what the result is?;Could you be more specific?;[];[0.0, 0.1, 0.0, 1.0];0.0;10;False;{'user_input': 'For the automaton shown, can you process the input string 11000 and tell me what the result is?', 'intent': 'fsa-practical', 'argument': 'language', 'dialogue_act': 'Ta:request', 'frame': {'input': '11000'}};[0.0, 0.1, 0.0, 1.0]
Correctness;3;Is the language recognized by this finite state automaton regular or non-regular?;Could you be more specific?;[];[0.0, 0.1, 0.0, 1.0];0.0;11;False;{'user_input': 'Is the language recognized by this finite state automaton regular or non-regular?', 'intent': 'fsa-practical', 'argument': 'language', 'dialogue_act': 'Ta:request', 'frame': {'input': '?'}};[0.0, 0.1, 0.0, 1.0]
Correctness;3;could you tell me what is the language accepted by this automaton if it has 2 final states?;Could you be more specific?;[];[0.1, 0.2, 0.1, 1.0];0.1;12;False;{'user_input': 'could you tell me what is the language accepted by this automaton if it has 2 final states?', 'intent': 'fsa-practical', 'argument': 'language', 'dialogue_act': 'Ta:request', 'frame': {'numberOfFinalStates': '2'}};[0.1, 0.2, 0.1, 1.0]
Correctness;3;What is the language accepted by this automaton for the input string?;Could you be more specific?;[];[0.0, 0.1, 0.0, 1.0];0.0;13;False;{'user_input': 'What is the language accepted by this automaton for the input string?', 'intent': 'fsa-practical', 'argument': 'language', 'dialogue_act': 'Ta:propositionalQuestion', 'frame': {'input': '?'}};[0.0, 0.1, 0.0, 1.0]
Correctness;4;What language does this automaton accept in terms of patterns of 0s and 1s?;Could you be more specific?;[];[0.0, 0.1, 0.0, 1.0];0.0;1;False;{'user_input': 'What language does this automaton accept in terms of patterns of 0s and 1s?', 'intent': 'fsa-practical', 'argument': 'language', 'dialogue_act': 'Ta:request', 'frame': {'input': 'pattern'}};[0.0, 0.1, 0.0, 1.0]
Correctness;4;what input pattern does this automaton accept?;Could you be more specific?;[];[0.0, 0.1, 0.0, 1.0];0.0;2;False;{'user_input': 'what input pattern does this automaton accept?', 'intent': 'fsa-practical', 'argument': 'language', 'dialogue_act': 'Ta:request', 'frame': {'input': 'pattern'}};[0.0, 0.1, 0.0, 1.0]
Correctness;4;the language recognized by this automaton for the input pattern is all binary strings that contain the substring 11000.;Could you be more specific?;[];[0.0, 0.1, 0.0, 1.0];0.0;3;False;{'user_input': 'the language recognized by this automaton for the input pattern is all binary strings that contain the substring 11000.', 'intent': 'fsa-practical', 'argument': 'language', 'dialogue_act': 'Ta:request', 'frame': {'input': '11000'}};[0.0, 0.1, 0.0, 1.0]
Correctness;4;Actually, the language recognized by this automaton with input 11000 is … wait, I think I made a mistake: can you instead check what language this automaton accepts for the input 11000?;Could you be more specific?;[];[0.1, 0.2, 0.1, 1.0];0.1;4;False;{'user_input': 'Actually, the language recognized by this automaton with input 11000 is … wait, I think I made a mistake: can you instead check what language this automaton accepts for the input 11000?', 'intent': 'fsa-practical', 'argument': 'language', 'dialogue_act': 'Ta:request', 'frame': {'input': '11000'}};[0.1, 0.2, 0.1, 1.0]
Correctness;4;What pattern does this automaton recognize for the input string 11000?;Could you be more specific?;[];[0.0, 0.1, 0.0, 1.0];0.0;5;False;{'user_input': 'What pattern does this automaton recognize for the input string 11000?', 'intent': 'fsa-practical', 'argument': 'pattern', 'dialogue_act': 'Ta:request', 'frame': {'patternType': '?'}};[0.0, 0.1, 0.0, 1.0]
Correctness;4;What is the transition that starts from state Q1 in this automaton?;the transition is not defined.;[];[0.0, 0.2, 0.0, 1.0];0.0;6;False;{'user_input': 'What is the transition that starts from state Q1 in this automaton?', 'intent': 'fsa-practical', 'argument': 'transition', 'dialogue_act': 'Ta:request', 'frame': {'transitions': [['Q1', '?', '?']]}};[0.0, 0.2, 0.0, 1.0]
Correctness;4;which transitions are connected to this in this automaton?;The state q1 exists.;['simbolo-q1'];[0.0, 0.1, 0.0, 0.2];0.0;7;False;{'user_input': 'which transitions are connected to this in this automaton?', 'intent': 'fsa-practical', 'argument': 'transition', 'dialogue_act': 'Ta:request', 'frame': {'states': ['q1']}, '_raw_frame': {'transitions': []}};[0.0, 0.1, 0.0, 0.2]
Correctness;4;Can you tell me about the state q1 in this automaton?;MUTATION The automaton accepts zero or more words formed by a sequence of the type 11000. In total there are 5 states: q0, q1, q2, q3 and q4. q0 is both the initial and the final state. The transitions are: q0 with value 1 goes to q1, q1 with value 1 goes to q2, q2 with value 0 goes to q3, q3 with value 0 goes to q4, q4 with value 0 goes to q0.;[];[0.4, 0.5, 0.5, 1.0];0.5;7;True;{'user_input': 'Can you tell me about the state q1 in this automaton?', 'intent': 'fsa-practical', 'argument': 'state', 'dialogue_act': 'Ta:request', 'frame': {'states': 'q1'}};[0.4, 0.5, 0.5, 1.0]
Correctness;4;Set the transition that starts from state q1.;the transition is not defined.;[];[0.0, 0.2, 0.0, 1.0];0.0;8;False;{'user_input': 'Set the transition that starts from state q1.', 'intent': 'fsa-practical', 'argument': 'transition', 'dialogue_act': 'Ta:request', 'frame': {'transitions': [['q1', '?', '?']]}};[0.0, 0.2, 0.0, 1.0]
Correctness;4;how many states does this automaton have?;This automaton has 5 states.;['simbolo-q0', 'simbolo-q1', 'simbolo-q2', 'simbolo-q3', 'simbolo-q4'];[1.0, 1.0, 1.0, 1.0];1.0;8;False;{'user_input': 'how many states does this automaton have?', 'intent': 'fsa-practical', 'argument': 'state', 'dialogue_act': 'Ta:request', 'frame': {'numberOfStates': '?'}};[1.0, 1.0, 1.0, 1.0]
Correctness;4;what is the transition that starts from this?;The state q1 exists.;['simbolo-q1'];[0.0, 0.1, 0.0, 0.2];0.0;9;False;{'user_input': 'what is the transition that starts from this?', 'intent': 'fsa-practical', 'argument': 'transition', 'dialogue_act': 'Ta:request', 'frame': {'states': ['q1']}, '_raw_frame': {'transitions': []}};[0.0, 0.1, 0.0, 0.2]
Correctness;4;Can you show me the graphic representation of the transitions of this automaton?;The automaton has 5 transitions: q0 with value 1 goes to q1, q1 with value 1 goes to q2, q2 with value 0 goes to q3, q3 with value 0 goes to q4, q4 with value 0 goes to q0.;['simbolo-q0-q1', 'simbolo-q1-q2', 'simbolo-q2-q3', 'simbolo-q3-q4', 'simbolo-q4-q0'];[0.95, 0.9, 1.0, 0.95];1.0;9;False;{'user_input': 'Can you show me the graphic representation of the transitions of this automaton?', 'intent': 'fsa-practical', 'argument': 'transition', 'dialogue_act': 'Ta:request', 'frame': {'graphicRepresentation': '?'}};[0.95, 0.9, 1.0, 0.95]
Correctness;4;The transition that starts from state q1 is q1 with input 1 goes to q2.;The transition between q1 and q2 is with value 1.;['simbolo-q1-q2'];[1.0, 1.0, 1.0, 1.0];1.0;9;False;{'user_input': 'The transition that starts from state q1 is q1 with input 1 goes to q2.', 'intent': 'fsa-practical', 'argument': 'transition', 'dialogue_act': 'Ta:request', 'frame': {'transitions': [['q1', 'q2', '1']]}};[1.0, 1.0, 1.0, 1.0]
Correctness;4;which transitions start from this in this automaton?;The state q1 exists.;['simbolo-q1'];[0.0, 0.1, 0.0, 0.0];0.0;10;False;{'user_input': 'which transitions start from this in this automaton?', 'intent': 'fsa-practical', 'argument': 'transition', 'dialogue_act': 'Ta:request', 'frame': {'states': ['q1']}, '_raw_frame': {'transitions': []}};[0.0, 0.1, 0.0, 0.0]
Correctness;4;In this automaton with 5 states, can you show me the transitions between the states?;The automaton has 5 transitions: q0 with value 1 goes to q1, q1 with value 1 goes to q2, q2 with value 0 goes to q3, q3 with value 0 goes to q4, q4 with value 0 goes to q0.;['simbolo-q0-q1', 'simbolo-q1-q2', 'simbolo-q2-q3', 'simbolo-q3-q4', 'simbolo-q4-q0'];[1.0, 1.0, 1.0, 1.0];1.0;10;False;{'user_input': 'In this automaton with 5 states, can you show me the transitions between the states?', 'intent': 'fsa-practical', 'argument': 'transition', 'dialogue_act': 'Ta:request', 'frame': {'numberOfStates': '5', 'transitions': []}};[1.0, 1.0, 1.0, 1.0]
Correctness;5;From state q1, is there any transition that goes directly back to q0?;There is no transition between q1 and q0.;[];[1.0, 1.0, 1.0, 1.0];1.0;0;False;{'user_input': 'From state q1, is there any transition that goes directly back to q0?', 'intent': 'fsa-practical', 'argument': 'transition', 'dialogue_act': 'Ta:propositionalQuestion', 'frame': {'transitions': [['q1', 'q0', '?']]}};[1.0, 1.0, 1.0, 1.0]
Correctness;5;What is the output of this automaton for the input string 11000?;Could you be more specific?;[];[0.0, 0.1, 0.0, 1.0];0.0;1;False;{'user_input': 'What is the output of this automaton for the input string 11000?', 'intent': 'fsa-practical', 'argument': 'language', 'dialogue_act': 'Ta:request', 'frame': {'input': '11000'}};[0.0, 0.1, 0.0, 1.0]
Correctness;5;what is the language recognized by this automaton for the input 11000?;Could you be more specific?;[];[0.0, 0.1, 0.0, 1.0];0.0;2;False;{'user_input': 'what is the language recognized by this automaton for the input 11000?', 'intent': 'fsa-practical', 'argument': 'language', 'dialogue_act': 'Ta:request', 'frame': {'input': '11000'}};[0.0, 0.1, 0.0, 1.0]
Correctness;5;Which language is recognized by this automaton for the input string 11000?;Could you be more specific?;[];[0.0, 0.1, 0.0, 1.0];0.0;3;False;{'user_input': 'Which language is recognized by this automaton for the input string 11000?', 'intent': 'fsa-practical', 'argument': 'language', 'dialogue_act': 'Ta:request', 'frame': {'input': '11000'}};[0.0, 0.1, 0.0, 1.0]
Correctness;5;on this automaton, what state do we end up in after processing the input 11000?;MUTATION The automaton accepts zero or more words formed by a sequence of the type 11000. In total there are 5 states: q0, q1, q2, q3 and q4. q0 is both the initial and the final state. The transitions are: q0 with value 1 goes to q1, q1 with value 1 goes to q2, q2 with value 0 goes to q3, q3 with value 0 goes to q4, q4 with value 0 goes to q0.;[];[0.2, 0.6, 0.3, 1.0];0.3;4;True;{'user_input': 'on this automaton, what state do we end up in after processing the input 11000?', 'intent': 'fsa-practical', 'argument': 'state', 'dialogue_act': 'Ta:request', 'frame': {'states': '?'}};[0.2, 0.6, 0.3, 1.0]
Correctness;5;What is the language recognized by this automaton if the string 11000 is denied as output?;Could you be more specific?;[];[0.0, 0.1, 0.0, 1.0];0.0;5;False;{'user_input': 'What is the language recognized by this automaton if the string 11000 is denied as output?', 'intent': 'fsa-practical', 'argument': 'language', 'dialogue_act': 'Ta:request', 'frame': {'input': '11000'}};[0.0, 0.1, 0.0, 1.0]
Correctness;5;What is the language accepted by this automaton for the input 11000?;Could you be more specific?;[];[0.0, 0.1, 0.0, 1.0];0.0;6;False;{'user_input': 'What is the language accepted by this automaton for the input 11000?', 'intent': 'fsa-practical', 'argument': 'language', 'dialogue_act': 'Ta:request', 'frame': {'input': '11000'}};[0.0, 0.1, 0.0, 1.0]
Correctness;5;the string 11000 is not in the language of this automaton.;Could you be more specific?;[];[0.0, 0.1, 0.0, 1.0];0.0;7;False;{'user_input': 'the string 11000 is not in the language of this automaton.', 'intent': 'fsa-practical', 'argument': 'language', 'dialogue_act': 'Ta:request', 'frame': {'input': '11000'}};[0.0, 0.1, 0.0, 1.0]
Correctness;5;what language is recognized by this automaton for the input string 11000?;Could you be more specific?;[];[0.0, 0.1, 0.0, 1.0];0.0;8;False;{'user_input': 'what language is recognized by this automaton for the input string 11000?', 'intent': 'fsa-practical', 'argument': 'language', 'dialogue_act': 'Ta:request', 'frame': {'input': '11000'}};[0.0, 0.1, 0.0, 1.0]
Correctness;5;what language is recognized by this automaton for the input string 11000?;Could you be more specific?;[];[0.0, 0.1, 0.0, 1.0];0.0;9;False;{'user_input': 'what language is recognized by this automaton for the input string 11000?', 'intent': 'fsa-practical', 'argument': 'language', 'dialogue_act': 'Ta:request', 'frame': {'input': '11000'}};[0.0, 0.1, 0.0, 1.0]
Correctness;5;For which input strings does this automaton’s language produce the output “accepted”?;Could you be more specific?;[];[0.0, 0.1, 0.0, 1.0];0.0;10;False;{'user_input': 'For which input strings does this automaton’s language produce the output “accepted”?', 'intent': 'fsa-practical', 'argument': 'language', 'dialogue_act': 'Ta:propositionalQuestion', 'frame': {'input': '?'}};[0.0, 0.1, 0.0, 1.0]
Correctness;5;what is the language accepted by this automaton for an arbitrary input string?;Could you be more specific?;[];[0.0, 0.1, 0.0, 1.0];0.0;11;False;{'user_input': 'what is the language accepted by this automaton for an arbitrary input string?', 'intent': 'fsa-practical', 'argument': 'language', 'dialogue_act': 'Ta:propositionalQuestion', 'frame': {'input': '?'}};[0.0, 0.1, 0.0, 1.0]
Correctness;5;What is the language accepted by this automaton for the input string “?”?;Could you be more specific?;[];[0.1, 0.2, 0.1, 1.0];0.1;12;False;{'user_input': 'What is the language accepted by this automaton for the input string “?”?', 'intent': 'fsa-practical', 'argument': 'language', 'dialogue_act': 'Ta:request', 'frame': {'input': '?'}};[0.1, 0.2, 0.1, 1.0]
Correctness;5;What is the language accepted by this automaton, and which are its final states?;Could you be more specific?;[];[0.0, 0.1, 0.0, 1.0];0.0;13;False;{'user_input': 'What is the language accepted by this automaton, and which are its final states?', 'intent': 'fsa-practical', 'argument': 'language', 'dialogue_act': 'Ta:request', 'frame': {'language': '?', 'finalStates': '?'}};[0.0, 0.1, 0.0, 1.0]
Correctness;5;What is the language accepted by this automaton?;Could you be more specific?;[];[0.0, 0.1, 0.0, 1.0];0.0;14;False;{'user_input': 'What is the language accepted by this automaton?', 'intent': 'fsa-practical', 'argument': 'language', 'dialogue_act': 'Ta:request', 'frame': {'input': '?'}};[0.0, 0.1, 0.0, 1.0]
VisualRelevancy;1;Is it possible to go directly from q2 to q4 in this automaton?;The automaton has 5 states: q0, q1, q2, q3 and q4.;['simbolo-q0', 'simbolo-q1', 'simbolo-q2', 'simbolo-q3', 'simbolo-q4'];[0.0, 0.2, 0.0, 0.8];0.8;0;False;{'user_input': 'Is it possible to go directly from q2 to q4 in this automaton?', 'intent': 'fsa-practical', 'argument': None, 'dialogue_act': 'Ta:request', 'frame': {}};[0.0, 0.2, 0.0, 0.8]
VisualRelevancy;1;hello again, i’m back to work on the practical finite state automaton you’re showing.;The automaton has 5 states: q0, q1, q2, q3 and q4.;['simbolo-q0', 'simbolo-q1', 'simbolo-q2', 'simbolo-q3', 'simbolo-q4'];[0.9, 0.9, 0.6, 1.0];1.0;0;False;{'user_input': 'hello again, i’m back to work on the practical finite state automaton you’re showing.', 'intent': 'fsa-practical', 'argument': None, 'dialogue_act': 'Ta:request', 'frame': {}};[0.9, 0.9, 0.6, 1.0]
VisualRelevancy;1;can you help me with a practical exercise on this automaton?;The automaton has 5 states and 5 transitions.;[];[0.2, 0.2, 0.2, 1.0];1.0;0;False;{'user_input': 'can you help me with a practical exercise on this automaton?', 'intent': 'fsa-practical', 'argument': 'automaton', 'dialogue_act': 'Ta:request', 'frame': {}};[0.2, 0.2, 0.2, 1.0]
VisualRelevancy;1;to which final state does the automaton go after processing the input 11000?;The final state is q0.;['simbolo-q0'];[1.0, 1.0, 1.0, 1.0];1.0;0;False;{'user_input': 'to which final state does the automaton go after processing the input 11000?', 'intent': 'fsa-practical', 'argument': 'state', 'dialogue_act': 'Ta:request', 'frame': {'finalStates': '?'}};[1.0, 1.0, 1.0, 1.0]
VisualRelevancy;1;actually, the automaton has 5 states and q0 is both the initial and the final state.;The initial state is q0.;['simbolo-q0'];[0.9, 0.9, 0.5, 1.0];1.0;0;False;{'user_input': 'actually, the automaton has 5 states and q0 is both the initial and the final state.', 'intent': 'fsa-practical', 'argument': 'state', 'dialogue_act': 'Ta:request', 'frame': {'numberOfStates': '5', 'initialState': 'q0', 'finalStates': ['q0']}};[0.9, 0.9, 0.5, 1.0]
VisualRelevancy;1;can you tell me something about this automaton?;The automaton has 5 states and 5 transitions.;[];[0.9, 0.9, 0.3, 1.0];1.0;0;False;{'user_input': 'can you tell me something about this automaton?', 'intent': 'fsa-practical', 'argument': 'automaton', 'dialogue_act': 'Ta:request', 'frame': {}};[0.9, 0.9, 0.3, 1.0]
VisualRelevancy;2;What is the value of the transition from q1 to q2 in the diagram?;The transition between q1 and q2 is with value 1.;['simbolo-q1-q2'];[1.0, 1.0, 1.0, 1.0];1.0;0;False;{'user_input': 'What is the value of the transition from q1 to q2 in the diagram?', 'intent': 'fsa-practical', 'argument': 'transition', 'dialogue_act': 'Ta:request', 'frame': {'transitions': [['q1', 'q2', '?']]}};[1.0, 1.0, 1.0, 1.0]
VisualRelevancy;2;"The transition from q1 to q2 is not labeled correctly; what is the correct symbol on that transition?";The transition between q1 and q2 is with value 1.;['simbolo-q1-q2'];[0.0, 0.9, 0.0, 0.9];0.9;0;False;"{'user_input': 'The transition from q1 to q2 is not labeled correctly; what is the correct symbol on that transition?', 'intent': 'fsa-practical', 'argument': 'transition', 'dialogue_act': 'Ta:request', 'frame': {'transitions': [['q1', 'q2', '?']]}}";[0.0, 0.9, 0.0, 0.9]
VisualRelevancy;2;what is the input symbol of this in the language of this automaton?;Could you be more specific?;[];[0.0, 0.1, 0.0, 1.0];1.0;0;False;{'user_input': 'what is the input symbol of this in the language of this automaton?', 'intent': 'fsa-practical', 'argument': 'alphabet', 'dialogue_act': 'Ta:request', 'frame': {'transitions': [['q1', 'q2', '?']]}, '_raw_frame': {'alphabet': '?'}};[0.0, 0.1, 0.0, 1.0]
VisualRelevancy;2;What is the symbol of the transition from state q1 to state q2 in this automaton?;The transition between q1 and q2 is with value 1.;['simbolo-q1-q2'];[1.0, 1.0, 1.0, 1.0];1.0;0;False;{'user_input': 'What is the symbol of the transition from state q1 to state q2 in this automaton?', 'intent': 'fsa-practical', 'argument': 'transition', 'dialogue_act': 'Ta:request', 'frame': {'transitions': [['q1', 'q2', '?']]}};[1.0, 1.0, 1.0, 1.0]
VisualRelevancy;2;Is the transition from q1 to q2 labeled with 1 in this automaton?;The transition between q1 and q2 is with value 1.;['simbolo-q1-q2'];[1.0, 1.0, 1.0, 1.0];1.0;0;False;{'user_input': 'Is the transition from q1 to q2 labeled with 1 in this automaton?', 'intent': 'fsa-practical', 'argument': 'transition', 'dialogue_act': 'Ta:propositionalQuestion', 'frame': {'transitions': [['q1', 'q2', '1']]}};[1.0, 1.0, 1.0, 1.0]
VisualRelevancy;2;"No, the transition from q1 to q2 is not labeled correctly; what is the symbol on the transition from q1 to q2?";The transition between q1 and q2 is with value 1.;['simbolo-q1-q2'];[0.0, 0.9, 0.0, 0.9];0.9;0;False;"{'user_input': 'No, the transition from q1 to q2 is not labeled correctly; what is the symbol on the transition from q1 to q2?', 'intent': 'fsa-practical', 'argument': 'transition', 'dialogue_act': 'Ta:request', 'frame': {'transitions': [['q1', 'q2', '?']]}}";[0.0, 0.9, 0.0, 0.9]
VisualRelevancy;2;I meant to say that the transition from q1 to q2 is labeled with which symbol?;The transition between q1 and q2 is with value 1.;['simbolo-q1-q2'];[1.0, 1.0, 1.0, 1.0];1.0;0;False;{'user_input': 'I meant to say that the transition from q1 to q2 is labeled with which symbol?', 'intent': 'fsa-practical', 'argument': 'transition', 'dialogue_act': 'Ta:request', 'frame': {'transitions': [['q1', 'q2', '?']]}};[1.0, 1.0, 1.0, 1.0]
VisualRelevancy;2;Can you describe the transition function of this automaton if it recognizes a non-regular language?;The automaton has 5 transitions: q0 with value 1 goes to q1, q1 with value 1 goes to q2, q2 with value 0 goes to q3, q3 with value 0 goes to q4, q4 with value 0 goes to q0.;['simbolo-q0-q1', 'simbolo-q1-q2', 'simbolo-q2-q3', 'simbolo-q3-q4', 'simbolo-q4-q0'];[0.2, 0.4, 0.2, 1.0];1.0;0;False;{'user_input': 'Can you describe the transition function of this automaton if it recognizes a non-regular language?', 'intent': 'fsa-practical', 'argument': 'transition', 'dialogue_act': 'Ta:request', 'frame': {}};[0.2, 0.4, 0.2, 1.0]
VisualRelevancy;2;what is the label on this in this automaton?;Could you be more specific?;[];[0.1, 0.2, 0.1, 1.0];1.0;0;False;{'user_input': 'what is the label on this in this automaton?', 'intent': 'fsa-practical', 'argument': 'language', 'dialogue_act': 'Ta:request', 'frame': {'transitions': [['q1', 'q2', '?']]}, '_raw_frame': {'input': '?'}};[0.1, 0.2, 0.1, 1.0]
VisualRelevancy;2;What is the input symbol on the transition from state q1 to state q2 in the language of this automaton?;MUTATION The automaton accepts zero or more words formed by a sequence of the type 11000. In total there are 5 states: q0, q1, q2, q3 and q4. q0 is both the initial and the final state. The transitions are: q0 with value 1 goes to q1, q1 with value 1 goes to q2, q2 with value 0 goes to q3, q3 with value 0 goes to q4, q4 with value 0 goes to q0.;[];[0.2, 0.5, 0.3, 1.0];1.0;0;True;{'user_input': 'What is the input symbol on the transition from state q1 to state q2 in the language of this automaton?', 'intent': 'fsa-practical', 'argument': None, 'dialogue_act': 'Ta:request', 'frame': {'inputSymbol': '?'}};[0.2, 0.5, 0.3, 1.0]
VisualRelevancy;2;what is the symbol of this in this automaton?;Could you be more specific?;[];[0.1, 0.2, 0.1, 1.0];1.0;0;False;{'user_input': 'what is the symbol of this in this automaton?', 'intent': 'fsa-practical', 'argument': 'alphabet', 'dialogue_act': 'Ta:request', 'frame': {'transitions': [['q1', 'q2', '?']]}, '_raw_frame': {'alphabet': '?'}};[0.1, 0.2, 0.1, 1.0]
VisualRelevancy;3;What strings of 0s and 1s are accepted by this automaton?;Could you be more specific?;[];[0.0, 0.1, 0.0, 1.0];1.0;0;False;{'user_input': 'What strings of 0s and 1s are accepted by this automaton?', 'intent': 'fsa-practical', 'argument': 'language', 'dialogue_act': 'Ta:request', 'frame': {'input': 'acceptedStrings'}};[0.0, 0.1, 0.0, 1.0]
VisualRelevancy;3;In this automaton, what is the language accepted if there are 7 transitions in total?;Could you be more specific?;[];[0.0, 0.1, 0.0, 1.0];1.0;0;False;{'user_input': 'In this automaton, what is the language accepted if there are 7 transitions in total?', 'intent': 'fsa-practical', 'argument': 'language', 'dialogue_act': 'Ta:request', 'frame': {'numberOfTransitions': '7'}};[0.0, 0.1, 0.0, 1.0]
VisualRelevancy;3;The language of this automaton has 7 transitions.;The automaton has 5 transitions: q0 with value 1 goes to q1, q1 with value 1 goes to q2, q2 with value 0 goes to q3, q3 with value 0 goes to q4, q4 with value 0 goes to q0.;['simbolo-q0-q1', 'simbolo-q1-q2', 'simbolo-q2-q3', 'simbolo-q3-q4', 'simbolo-q4-q0'];[1.0, 1.0, 1.0, 1.0];1.0;0;False;{'user_input': 'The language of this automaton has 7 transitions.', 'intent': 'fsa-practical', 'argument': 'transition', 'dialogue_act': 'Ta:request', 'frame': {'numberOfTransitions': '7'}};[1.0, 1.0, 1.0, 1.0]
VisualRelevancy;3;what is the optimal spatial representation of the transitions in this automaton?;The automaton has 5 transitions: q0 with value 1 goes to q1, q1 with value 1 goes to q2, q2 with value 0 goes to q3, q3 with value 0 goes to q4, q4 with value 0 goes to q0.;['simbolo-q0-q1', 'simbolo-q1-q2', 'simbolo-q2-q3', 'simbolo-q3-q4', 'simbolo-q4-q0'];[0.2, 0.3, 0.3, 0.3];0.3;1;False;{'user_input': 'what is the optimal spatial representation of the transitions in this automaton?', 'intent': 'fsa-practical', 'argument': 'transition', 'dialogue_act': 'Ta:request', 'frame': {'transitionalSpatialRepresentation': '?'}};[0.2, 0.3, 0.3, 0.3]
VisualRelevancy;3;can you show me the transition sequence for the input string not 11100 in this automaton?;The automaton has 5 transitions: q0 with value 1 goes to q1, q1 with value 1 goes to q2, q2 with value 0 goes to q3, q3 with value 0 goes to q4, q4 with value 0 goes to q0.;['simbolo-q0-q1', 'simbolo-q1-q2', 'simbolo-q2-q3', 'simbolo-q3-q4', 'simbolo-q4-q0'];[0.2, 0.3, 0.3, 0.3];0.3;2;False;{'user_input': 'can you show me the transition sequence for the input string not 11100 in this automaton?', 'intent': 'fsa-practical', 'argument': 'transition', 'dialogue_act': 'Ta:request', 'frame': {'transitions': []}};[0.2, 0.3, 0.3, 0.3]
VisualRelevancy;3;before i go, could you list all the transitions of this automaton for me?;The automaton has 5 transitions: q0 with value 1 goes to q1, q1 with value 1 goes to q2, q2 with value 0 goes to q3, q3 with value 0 goes to q4, q4 with value 0 goes to q0.;['simbolo-q0-q1', 'simbolo-q1-q2', 'simbolo-q2-q3', 'simbolo-q3-q4', 'simbolo-q4-q0'];[1.0, 1.0, 1.0, 1.0];1.0;2;False;{'user_input': 'before i go, could you list all the transitions of this automaton for me?', 'intent': 'fsa-practical', 'argument': 'transition', 'dialogue_act': 'Ta:request', 'frame': {}};[1.0, 1.0, 1.0, 1.0]
VisualRelevancy;3;Can you list all the transitions of this automaton for me?;The automaton has 5 transitions: q0 with value 1 goes to q1, q1 with value 1 goes to q2, q2 with value 0 goes to q3, q3 with value 0 goes to q4, q4 with value 0 goes to q0.;['simbolo-q0-q1', 'simbolo-q1-q2', 'simbolo-q2-q3', 'simbolo-q3-q4', 'simbolo-q4-q0'];[1.0, 1.0, 1.0, 1.0];1.0;2;False;{'user_input': 'Can you list all the transitions of this automaton for me?', 'intent': 'fsa-practical', 'argument': 'transition', 'dialogue_act': 'Ta:request', 'frame': {'transitions': []}};[1.0, 1.0, 1.0, 1.0]
VisualRelevancy;3;Can you check whether the transitions of this automaton are correctly defined as q0 --1--> q1, q1 --1--> q2, q2 --0--> q3, q3 --0--> q4, and q4 --0--> q0?;The transition between q0 and q1 is with value 1.;['simbolo-q0-q1'];[0.2, 0.4, 0.2, 0.9];0.9;2;False;{'user_input': 'Can you check whether the transitions of this automaton are correctly defined as q0 --1--> q1, q1 --1--> q2, q2 --0--> q3, q3 --0--> q4, and q4 --0--> q0?', 'intent': 'fsa-practical', 'argument': 'transition', 'dialogue_act': 'Ta:request', 'frame': {'transitions': [['q0', 'q1', '-1'], ['q1', 'q2', '-1'], ['q2', 'q3', '0'], ['q3', 'q4', '0'], ['q4', 'q0', '0']]}};[0.2, 0.4, 0.2, 0.9]
VisualRelevancy;3;Can you describe the transition pattern of this automaton, specifically whether the states are connected in an anti-clockwise direction?;The automaton has 5 transitions: q0 with value 1 goes to q1, q1 with value 1 goes to q2, q2 with value 0 goes to q3, q3 with value 0 goes to q4, q4 with value 0 goes to q0.;['simbolo-q0-q1', 'simbolo-q1-q2', 'simbolo-q2-q3', 'simbolo-q3-q4', 'simbolo-q4-q0'];[0.4, 0.5, 0.5, 0.9];0.9;2;False;{'user_input': 'Can you describe the transition pattern of this automaton, specifically whether the states are connected in an anti-clockwise direction?', 'intent': 'fsa-practical', 'argument': 'transition', 'dialogue_act': 'Ta:request', 'frame': {'transitions': []}};[0.4, 0.5, 0.5, 0.9]
VisualRelevancy;3;Can you show me the transition sequence for an input that is not 11100?;The automaton has 5 transitions: q0 with value 1 goes to q1, q1 with value 1 goes to q2, q2 with value 0 goes to q3, q3 with value 0 goes to q4, q4 with value 0 goes to q0.;['simbolo-q0-q1', 'simbolo-q1-q2', 'simbolo-q2-q3', 'simbolo-q3-q4', 'simbolo-q4-q0'];[0.1, 0.2, 0.2, 0.2];0.2;3;False;{'user_input': 'Can you show me the transition sequence for an input that is not 11100?', 'intent': 'fsa-practical', 'argument': 'transition', 'dialogue_act': 'Ta:request', 'frame': {'input': 'not 11100'}};[0.1, 0.2, 0.2, 0.2]
VisualRelevancy;3;Can you list all the deterministic transitions of this automaton?;The automaton has 5 transitions: q0 with value 1 goes to q1, q1 with value 1 goes to q2, q2 with value 0 goes to q3, q3 with value 0 goes to q4, q4 with value 0 goes to q0.;['simbolo-q0-q1', 'simbolo-q1-q2', 'simbolo-q2-q3', 'simbolo-q3-q4', 'simbolo-q4-q0'];[1.0, 1.0, 1.0, 1.0];1.0;3;False;{'user_input': 'Can you list all the deterministic transitions of this automaton?', 'intent': 'fsa-practical', 'argument': 'transition', 'dialogue_act': 'Ta:request', 'frame': {'transitions': []}};[1.0, 1.0, 1.0, 1.0]
VisualRelevancy;3;For this automaton, can you tell me which input strings are accepted that are not equal to 11100?;Could you be more specific?;[];[0.0, 0.1, 0.0, 1.0];1.0;3;False;{'user_input': 'For this automaton, can you tell me which input strings are accepted that are not equal to 11100?', 'intent': 'fsa-practical', 'argument': 'language', 'dialogue_act': 'Ta:propositionalQuestion', 'frame': {'input': '!11100'}};[0.0, 0.1, 0.0, 1.0]
VisualRelevancy;3;from which state does this transition start?;The initial state is q0.;['simbolo-q0'];[0.0, 0.2, 0.0, 0.2];0.2;4;False;{'user_input': 'from which state does this transition start?', 'intent': 'fsa-practical', 'argument': 'state', 'dialogue_act': 'Ta:request', 'frame': {'initialState': '?'}};[0.0, 0.2, 0.0, 0.2]
VisualRelevancy;3;Hi, could you tell me what the initial state of this automaton is?;The initial state is q0.;['simbolo-q0'];[1.0, 1.0, 1.0, 1.0];1.0;4;False;{'user_input': 'Hi, could you tell me what the initial state of this automaton is?', 'intent': 'fsa-practical', 'argument': 'state', 'dialogue_act': 'Ta:request', 'frame': {'initialState': '?'}};[1.0, 1.0, 1.0, 1.0]
VisualRelevancy;3;What is the initial state of this automaton?;The initial state is q0.;['simbolo-q0'];[1.0, 1.0, 1.0, 1.0];1.0;4;False;{'user_input': 'What is the initial state of this automaton?', 'intent': 'fsa-practical', 'argument': 'state', 'dialogue_act': 'Ta:request', 'frame': {'initialState': '?'}};[1.0, 1.0, 1.0, 1.0]
VisualRelevancy;4;How can I know if this automaton is deterministic or nondeterministic just by looking at the picture?;The automaton has 5 states and 5 transitions.;[];[0.1, 0.1, 0.1, 1.0];1.0;0;False;{'user_input': 'How can I know if this automaton is deterministic or nondeterministic just by looking at the picture?', 'intent': 'fsa-practical', 'argument': 'automaton', 'dialogue_act': 'Ta:propositionalQuestion', 'frame': {'graphicRepresentation': '?'}};[0.1, 0.1, 0.1, 1.0]
VisualRelevancy;4;yes, i accept the turn: could you show me the graphical representation of the automaton on the tablet?;The automaton has 5 states: q0, q1, q2, q3 and q4.;['simbolo-q0', 'simbolo-q1', 'simbolo-q2', 'simbolo-q3', 'simbolo-q4'];[0.3, 0.4, 0.3, 0.2];0.2;1;False;{'user_input': 'yes, i accept the turn: could you show me the graphical representation of the automaton on the tablet?', 'intent': 'fsa-practical', 'argument': None, 'dialogue_act': 'Ta:request', 'frame': {}};[0.3, 0.4, 0.3, 0.2]
VisualRelevancy;4;Can you tell me which states are present in this automaton?;MUTATION The automaton accepts zero or more words formed by a sequence of the type 11000. In total there are 5 states: q0, q1, q2, q3 and q4. q0 is both the initial and the final state. The transitions are: q0 with value 1 goes to q1, q1 with value 1 goes to q2, q2 with value 0 goes to q3, q3 with value 0 goes to q4, q4 with value 0 goes to q0.;[];[0.95, 0.9, 1.0, 1.0];1.0;1;True;{'user_input': 'Can you tell me which states are present in this automaton?', 'intent': 'fsa-practical', 'argument': 'state', 'dialogue_act': 'Ta:request', 'frame': {'states': '?'}};[0.95, 0.9, 1.0, 1.0]
VisualRelevancy;4;Can you explain, from a theoretical point of view, what a finite state automaton is and how it works in general?;The automaton has 5 states and 5 transitions.;[];[0.1, 0.1, 0.1, 1.0];1.0;1;False;{'user_input': 'Can you explain, from a theoretical point of view, what a finite state automaton is and how it works in general?', 'intent': 'fsa-practical', 'argument': 'automaton', 'dialogue_act': 'Ta:request', 'frame': {}};[0.1, 0.1, 0.1, 1.0]
VisualRelevancy;4;what are the transitions starting from this in this automaton?;The state q1 exists.;['simbolo-q1'];[0.0, 0.1, 0.0, 0.2];0.2;2;False;{'user_input': 'what are the transitions starting from this in this automaton?', 'intent': 'fsa-practical', 'argument': 'transition', 'dialogue_act': 'Ta:request', 'frame': {'states': ['q1']}, '_raw_frame': {'transitions': []}};[0.0, 0.1, 0.0, 0.2]
VisualRelevancy;4;What are the transitions that involve state q1 in this automaton?;the transition is not defined.;[];[0.0, 0.2, 0.0, 1.0];1.0;2;False;{'user_input': 'What are the transitions that involve state q1 in this automaton?', 'intent': 'fsa-practical', 'argument': 'transition', 'dialogue_act': 'Ta:request', 'frame': {'transitions': [['q1', '?', '?']]}};[0.0, 0.2, 0.0, 1.0]
VisualRelevancy;4;Hi, could you show me the transition that starts from state q1 in this automaton?;the transition is not defined.;[];[0.0, 0.2, 0.0, 1.0];1.0;2;False;{'user_input': 'Hi, could you show me the transition that starts from state q1 in this automaton?', 'intent': 'fsa-practical', 'argument': 'transition', 'dialogue_act': 'Ta:request', 'frame': {'transitions': [['q1', '?', '?']]}};[0.0, 0.2, 0.0, 1.0]
VisualRelevancy;4;Which transitions leave from state q1 in this automaton?;The automaton has 5 transitions: q0 with value 1 goes to q1, q1 with value 1 goes to q2, q2 with value 0 goes to q3, q3 with value 0 goes to q4, q4 with value 0 goes to q0.;['simbolo-q0-q1', 'simbolo-q1-q2', 'simbolo-q2-q3', 'simbolo-q3-q4', 'simbolo-q4-q0'];[0.4, 0.5, 0.5, 0.2];0.2;3;False;{'user_input': 'Which transitions leave from state q1 in this automaton?', 'intent': 'fsa-practical', 'argument': 'transition', 'dialogue_act': 'Ta:request', 'frame': {'transitions': []}};[0.4, 0.5, 0.5, 0.2]
VisualRelevancy;4;For the input string `11000`, does this automaton follow the transition sequence correctly and end in the accepting state, so that the output is accepted?;Could you be more specific?;[];[0.0, 0.1, 0.0, 1.0];1.0;3;False;{'user_input': 'For the input string `11000`, does this automaton follow the transition sequence correctly and end in the accepting state, so that the output is accepted?', 'intent': 'fsa-practical', 'argument': 'language', 'dialogue_act': 'Ta:propositionalQuestion', 'frame': {'input': '11000', 'automaton': '11000', 'finalState': 'not specified', 'transitions': []}};[0.0, 0.1, 0.0, 1.0]
VisualRelevancy;4;thank you for explaining the transition structure of this automaton.;The automaton has 5 states and 5 transitions.;[];[0.9, 0.9, 1.0, 1.0];1.0;3;False;{'user_input': 'thank you for explaining the transition structure of this automaton.', 'intent': 'fsa-practical', 'argument': 'automaton', 'dialogue_act': 'Ta:propositionalQuestion', 'frame': {}};[0.9, 0.9, 1.0, 1.0]
VisualRelevancy;4;Can you list all the transitions of this automaton for me?;The automaton has 5 transitions: q0 with value 1 goes to q1, q1 with value 1 goes to q2, q2 with value 0 goes to q3, q3 with value 0 goes to q4, q4 with value 0 goes to q0.;['simbolo-q0-q1', 'simbolo-q1-q2', 'simbolo-q2-q3', 'simbolo-q3-q4', 'simbolo-q4-q0'];[1.0, 1.0, 1.0, 1.0];1.0;3;False;{'user_input': 'Can you list all the transitions of this automaton for me?', 'intent': 'fsa-practical', 'argument': 'transition', 'dialogue_act': 'Ta:request', 'frame': {}};[1.0, 1.0, 1.0, 1.0]
VisualRelevancy;4;Can you list all the transitions of this automaton, specifying from which state to which state they go and with which input symbol?;The automaton has 5 transitions: q0 with value 1 goes to q1, q1 with value 1 goes to q2, q2 with value 0 goes to q3, q3 with value 0 goes to q4, q4 with value 0 goes to q0.;['simbolo-q0-q1', 'simbolo-q1-q2', 'simbolo-q2-q3', 'simbolo-q3-q4', 'simbolo-q4-q0'];[1.0, 1.0, 1.0, 1.0];1.0;3;False;{'user_input': 'Can you list all the transitions of this automaton, specifying from which state to which state they go and with which input symbol?', 'intent': 'fsa-practical', 'argument': 'transition', 'dialogue_act': 'Ta:request', 'frame': {'transitions': []}};[1.0, 1.0, 1.0, 1.0]
VisualRelevancy;4;Can you list all the transitions of this automaton for me?;The automaton has 5 transitions: q0 with value 1 goes to q1, q1 with value 1 goes to q2, q2 with value 0 goes to q3, q3 with value 0 goes to q4, q4 with value 0 goes to q0.;['simbolo-q0-q1', 'simbolo-q1-q2', 'simbolo-q2-q3', 'simbolo-q3-q4', 'simbolo-q4-q0'];[1.0, 1.0, 1.0, 1.0];1.0;3;False;{'user_input': 'Can you list all the transitions of this automaton for me?', 'intent': 'fsa-practical', 'argument': 'transition', 'dialogue_act': 'Ta:request', 'frame': {}};[1.0, 1.0, 1.0, 1.0]
VisualRelevancy;5;If I start from q0 and read the input 11000, do I end in a final state or a non-final state?;MUTATION The automaton accepts zero or more words formed by a sequence of the type 11000. In total there are 5 states: q0, q1, q2, q3 and q4. q0 is both the initial and the final state. The transitions are: q0 with value 1 goes to q1, q1 with value 1 goes to q2, q2 with value 0 goes to q3, q3 with value 0 goes to q4, q4 with value 0 goes to q0.;[];[0.2, 0.6, 0.3, 0.9];0.9;0;True;{'user_input': 'If I start from q0 and read the input 11000, do I end in a final state or a non-final state?', 'intent': 'fsa-practical', 'argument': 'state', 'dialogue_act': 'Ta:propositionalQuestion', 'frame': {'input': '11000'}};[0.2, 0.6, 0.3, 0.9]
VisualRelevancy;5;given the input string 11000, which state does the automaton end in?;MUTATION The automaton accepts zero or more words formed by a sequence of the type 11000. In total there are 5 states: q0, q1, q2, q3 and q4. q0 is both the initial and the final state. The transitions are: q0 with value 1 goes to q1, q1 with value 1 goes to q2, q2 with value 0 goes to q3, q3 with value 0 goes to q4, q4 with value 0 goes to q0.;[];[0.2, 0.6, 0.3, 1.0];1.0;0;True;{'user_input': 'given the input string 11000, which state does the automaton end in?', 'intent': 'fsa-practical', 'argument': 'state', 'dialogue_act': 'Ta:request', 'frame': {'input': '11000'}};[0.2, 0.6, 0.3, 1.0]
VisualRelevancy;5;What is the alphabet of this automaton?;Could you be more specific?;[];[0.0, 0.1, 0.0, 1.0];1.0;0;False;{'user_input': 'What is the alphabet of this automaton?', 'intent': 'fsa-practical', 'argument': 'alphabet', 'dialogue_act': 'Ta:request', 'frame': {'alphabet': '?'}};[0.0, 0.1, 0.0, 1.0]
VisualRelevancy;5;which state in this automaton is labeled q1?;MUTATION The automaton accepts zero or more words formed by a sequence of the type 11000. In total there are 5 states: q0, q1, q2, q3 and q4. q0 is both the initial and the final state. The transitions are: q0 with value 1 goes to q1, q1 with value 1 goes to q2, q2 with value 0 goes to q3, q3 with value 0 goes to q4, q4 with value 0 goes to q0.;[];[0.2, 0.3, 0.3, 1.0];1.0;0;True;{'user_input': 'which state in this automaton is labeled q1?', 'intent': 'fsa-practical', 'argument': 'state', 'dialogue_act': 'Ta:request', 'frame': {'states': 'q1'}};[0.2, 0.3, 0.3, 1.0]
VisualRelevancy;5;given the input string 11000, what state does the automaton end in?;MUTATION The automaton accepts zero or more words formed by a sequence of the type 11000. In total there are 5 states: q0, q1, q2, q3 and q4. q0 is both the initial and the final state. The transitions are: q0 with value 1 goes to q1, q1 with value 1 goes to q2, q2 with value 0 goes to q3, q3 with value 0 goes to q4, q4 with value 0 goes to q0.;[];[0.2, 0.5, 0.3, 1.0];1.0;0;True;{'user_input': 'given the input string 11000, what state does the automaton end in?', 'intent': 'fsa-practical', 'argument': 'state', 'dialogue_act': 'Ta:request', 'frame': {'input': '11000'}};[0.2, 0.5, 0.3, 1.0]
VisualRelevancy;5;What transitions does the automaton follow when it processes the input string 11000?;The automaton has 5 transitions: q0 with value 1 goes to q1, q1 with value 1 goes to q2, q2 with value 0 goes to q3, q3 with value 0 goes to q4, q4 with value 0 goes to q0.;['simbolo-q0-q1', 'simbolo-q1-q2', 'simbolo-q2-q3', 'simbolo-q3-q4', 'simbolo-q4-q0'];[1.0, 1.0, 1.0, 1.0];1.0;0;False;{'user_input': 'What transitions does the automaton follow when it processes the input string 11000?', 'intent': 'fsa-practical', 'argument': 'transition', 'dialogue_act': 'Ta:request', 'frame': {'input': '11000'}};[1.0, 1.0, 1.0, 1.0]
BaseLine;64;Which state in this picture has the largest number of transitions?;MUTATION The automaton accepts zero or more words formed by a sequence of the type 11000. In total there are 5 states: q0, q1, q2, q3 and q4. q0 is both the initial and the final state. The transitions are: q0 with value 1 goes to q1, q1 with value 1 goes to q2, q2 with value 0 goes to q3, q3 with value 0 goes to q4, q4 with value 0 goes to q0.;[];[0.0, 0.2, 0.0, 1.0];-1;-1;True;{'user_input': 'Which state in this picture has the largest number of transitions?', 'intent': 'fsa-practical', 'argument': 'state', 'dialogue_act': 'Ta:request', 'frame': {'states': '?'}};[0.0, 0.2, 0.0, 1.0]
BaseLine;65;Is there any state here that has no outgoing transition at all?;MUTATION The automaton accepts zero or more words formed by a sequence of the type 11000. In total there are 5 states: q0, q1, q2, q3 and q4. q0 is both the initial and the final state. The transitions are: q0 with value 1 goes to q1, q1 with value 1 goes to q2, q2 with value 0 goes to q3, q3 with value 0 goes to q4, q4 with value 0 goes to q0.;[];[0.0, 0.3, 0.0, 1.0];-1;-1;True;{'user_input': 'Is there any state here that has no outgoing transition at all?', 'intent': 'fsa-practical', 'argument': 'state', 'dialogue_act': 'Ta:request', 'frame': {'states': '?'}};[0.0, 0.3, 0.0, 1.0]
BaseLine;-9;Is q0 the only accepting state in this automaton?;MUTATION The automaton accepts zero or more words formed by a sequence of the type 11000. In total there are 5 states: q0, q1, q2, q3 and q4. q0 is both the initial and the final state. The transitions are: q0 with value 1 goes to q1, q1 with value 1 goes to q2, q2 with value 0 goes to q3, q3 with value 0 goes to q4, q4 with value 0 goes to q0.;[];[0.2, 0.4, 0.3, 1.0];-1;-1;True;{'user_input': 'Is q0 the only accepting state in this automaton?', 'intent': 'fsa-practical', 'argument': 'state', 'dialogue_act': 'Ta:propositionalQuestion', 'frame': {'automatonState': 'q0'}};[0.2, 0.4, 0.3, 1.0]
BaseLine;-8;Show me every transition that leaves q2.;The automaton has 5 transitions: q0 with value 1 goes to q1, q1 with value 1 goes to q2, q2 with value 0 goes to q3, q3 with value 0 goes to q4, q4 with value 0 goes to q0.;['simbolo-q0-q1', 'simbolo-q1-q2', 'simbolo-q2-q3', 'simbolo-q3-q4', 'simbolo-q4-q0'];[0.2, 0.3, 0.5, 0.2];-1;-1;False;{'user_input': 'Show me every transition that leaves q2.', 'intent': 'fsa-practical', 'argument': 'transition', 'dialogue_act': 'Ta:request', 'frame': {'transitions': []}};[0.2, 0.3, 0.5, 0.2]
BaseLine;-7;Tell me what the automaton does with the input string 11000.;The automaton has 5 states and 5 transitions.;[];[0.1, 0.2, 0.1, 1.0];-1;-1;False;{'user_input': 'Tell me what the automaton does with the input string 11000.', 'intent': 'fsa-practical', 'argument': 'automaton', 'dialogue_act': 'Ta:request', 'frame': {'input': '11000'}};[0.1, 0.2, 0.1, 1.0]
BaseLine;-6;From q3, what input value takes me back toward q0?;There is no transition between q3 and q0.;[];[0.2, 0.6, 0.2, 1.0];-1;-1;False;{'user_input': 'From q3, what input value takes me back toward q0?', 'intent': 'fsa-practical', 'argument': 'transition', 'dialogue_act': 'Ta:request', 'frame': {'transitions': [['q3', 'q0', '?']]}};[0.2, 0.6, 0.2, 1.0]
BaseLine;-5;What is the label on the arrow from q1 to q2?;The transition between q1 and q2 is with value 1.;['simbolo-q1-q2'];[1.0, 1.0, 1.0, 1.0];-1;-1;False;{'user_input': 'What is the label on the arrow from q1 to q2?', 'intent': 'fsa-practical', 'argument': 'transition', 'dialogue_act': 'Ta:request', 'frame': {'transitions': [['q1', 'q2', '?']]}};[1.0, 1.0, 1.0, 1.0]
BaseLine;-4;Can this machine ever visit q4 twice during one run?;The automaton has 5 states: q0, q1, q2, q3 and q4.;['simbolo-q0', 'simbolo-q1', 'simbolo-q2', 'simbolo-q3', 'simbolo-q4'];[0.1, 0.2, 0.1, 0.9];-1;-1;False;{'user_input': 'Can this machine ever visit q4 twice during one run?', 'intent': 'fsa-practical', 'argument': None, 'dialogue_act': 'Ta:request', 'frame': {}};[0.1, 0.2, 0.1, 0.9]
BaseLine;-3;Explain which language this automaton is supposed to recognize.;Could you be more specific?;[];[0.0, 0.1, 0.0, 1.0];-1;-1;False;{'user_input': 'Explain which language this automaton is supposed to recognize.', 'intent': 'fsa-practical', 'argument': 'language', 'dialogue_act': 'Ta:request', 'frame': {'input': '?'}};[0.0, 0.1, 0.0, 1.0]
BaseLine;-2;Is it allowed to stay in q0 without reading any symbol?;MUTATION The automaton accepts zero or more words formed by a sequence of the type 11000. In total there are 5 states: q0, q1, q2, q3 and q4. q0 is both the initial and the final state. The transitions are: q0 with value 1 goes to q1, q1 with value 1 goes to q2, q2 with value 0 goes to q3, q3 with value 0 goes to q4, q4 with value 0 goes to q0.;[];[0.2, 0.3, 0.3, 1.0];-1;-1;True;{'user_input': 'Is it allowed to stay in q0 without reading any symbol?', 'intent': 'fsa-practical', 'argument': 'state', 'dialogue_act': 'Ta:propositionalQuestion', 'frame': {'state': 'q0'}};[0.2, 0.3, 0.3, 1.0]
BaseLine;-1;How many zeros must the automaton read after reaching q2?;The automaton has 5 transitions: q0 with value 1 goes to q1, q1 with value 1 goes to q2, q2 with value 0 goes to q3, q3 with value 0 goes to q4, q4 with value 0 goes to q0.;['simbolo-q0-q1', 'simbolo-q1-q2', 'simbolo-q2-q3', 'simbolo-q3-q4', 'simbolo-q4-q0'];[0.0, 0.4, 0.2, 1.0];-1;-1;False;{'user_input': 'How many zeros must the automaton read after reaching q2?', 'intent': 'fsa-practical', 'argument': 'transition', 'dialogue_act': 'Ta:request', 'frame': {'numberOfZeros': '?'}};[0.0, 0.4, 0.2, 1.0]
BaseLine;0;Tell me the full alphabet used by this finite state machine.;Could you be more specific?;[];[0.0, 0.1, 0.0, 1.0];-1;-1;False;{'user_input': 'Tell me the full alphabet used by this finite state machine.', 'intent': 'fsa-practical', 'argument': 'alphabet', 'dialogue_act': 'Ta:request', 'frame': {'alphabet': '?'}};[0.0, 0.1, 0.0, 1.0]
BaseLine;1;Is there any state here that has no outgoing transitions at all?;MUTATION The automaton accepts zero or more words formed by a sequence of the type 11000. In total there are 5 states: q0, q1, q2, q3 and q4. q0 is both the initial and the final state. The transitions are: q0 with value 1 goes to q1, q1 with value 1 goes to q2, q2 with value 0 goes to q3, q3 with value 0 goes to q4, q4 with value 0 goes to q0.;[];[0.0, 0.4, 0.0, 1.0];-1;-1;True;{'user_input': 'Is there any state here that has no outgoing transitions at all?', 'intent': 'fsa-practical', 'argument': 'state', 'dialogue_act': 'Ta:request', 'frame': {'states': '?'}};[0.0, 0.4, 0.0, 1.0]
BaseLine;2;What is the initial state of the automaton shown on the tablet?;The initial state is q0.;['simbolo-q0'];[1.0, 1.0, 1.0, 1.0];-1;-1;False;{'user_input': 'What is the initial state of the automaton shown on the tablet?', 'intent': 'fsa-practical', 'argument': 'state', 'dialogue_act': 'Ta:request', 'frame': {'initialState': '?'}};[1.0, 1.0, 1.0, 1.0]
BaseLine;3;Does this automaton accept the empty string?;Could you be more specific?;[];[0.0, 0.1, 0.0, 1.0];-1;-1;False;{'user_input': 'Does this automaton accept the empty string?', 'intent': 'fsa-practical', 'argument': 'language', 'dialogue_act': 'Ta:request', 'frame': {'languageType': '?'}};[0.0, 0.1, 0.0, 1.0]
BaseLine;4;Describe the pattern of inputs that makes the run end in q0.;Could you be more specific?;[];[0.0, 0.1, 0.0, 1.0];-1;-1;False;{'user_input': 'Describe the pattern of inputs that makes the run end in q0.', 'intent': 'fsa-practical', 'argument': 'pattern', 'dialogue_act': 'Ta:request', 'frame': {'patternType': '?'}};[0.0, 0.1, 0.0, 1.0]
BaseLine;5;Is this automaton deterministic or nondeterministic?;The automaton has 5 states and 5 transitions.;[];[0.0, 0.2, 0.0, 1.0];-1;-1;False;{'user_input': 'Is this automaton deterministic or nondeterministic?', 'intent': 'fsa-practical', 'argument': 'automaton', 'dialogue_act': 'Ta:propositionalQuestion', 'frame': {'automatonType': '?'}};[0.0, 0.2, 0.0, 1.0]
BaseLine;6;Does this machine ever leave q0 for good?;MUTATION The automaton accepts zero or more words formed by a sequence of the type 11000. In total there are 5 states: q0, q1, q2, q3 and q4. q0 is both the initial and the final state. The transitions are: q0 with value 1 goes to q1, q1 with value 1 goes to q2, q2 with value 0 goes to q3, q3 with value 0 goes to q4, q4 with value 0 goes to q0.;[];[0.1, 0.3, 0.2, 1.0];-1;-1;True;{'user_input': 'Does this machine ever leave q0 for good?', 'intent': 'fsa-practical', 'argument': 'state', 'dialogue_act': 'Ta:propositionalQuestion', 'frame': {'stateFinal': 'q0'}};[0.1, 0.3, 0.2, 1.0]
BaseLine;7;Show me the jump from q2 that lands back on q0.;There is no transition between q2 and q0.;[];[1.0, 1.0, 1.0, 0.9];-1;-1;False;{'user_input': 'Show me the jump from q2 that lands back on q0.', 'intent': 'fsa-practical', 'argument': 'transition', 'dialogue_act': 'Ta:request', 'frame': {'transitions': [['q2', 'q0', '?']]}};[1.0, 1.0, 1.0, 0.9]
BaseLine;8;Tell me what symbol sits on the arrow between q1 and q2.;MUTATION The automaton accepts zero or more words formed by a sequence of the type 11000. In total there are 5 states: q0, q1, q2, q3 and q4. q0 is both the initial and the final state. The transitions are: q0 with value 1 goes to q1, q1 with value 1 goes to q2, q2 with value 0 goes to q3, q3 with value 0 goes to q4, q4 with value 0 goes to q0.;[];[0.0, 0.4, 0.2, 1.0];-1;-1;True;{'user_input': 'Tell me what symbol sits on the arrow between q1 and q2.', 'intent': 'fsa-practical', 'argument': None, 'dialogue_act': 'Ta:request', 'frame': {'symbolType': '?'}};[0.0, 0.4, 0.2, 1.0]
BaseLine;9;Is there any way at all to travel straight from q2 to q4?;MUTATION The automaton accepts zero or more words formed by a sequence of the type 11000. In total there are 5 states: q0, q1, q2, q3 and q4. q0 is both the initial and the final state. The transitions are: q0 with value 1 goes to q1, q1 with value 1 goes to q2, q2 with value 0 goes to q3, q3 with value 0 goes to q4, q4 with value 0 goes to q0.;[];[0.1, 0.2, 0.2, 1.0];-1;-1;True;{'user_input': 'Is there any way at all to travel straight from q2 to q4?', 'intent': 'fsa-practical', 'argument': None, 'dialogue_act': 'Ta:propositionalQuestion', 'frame': {'pathExistence': '?'}};[0.1, 0.2, 0.2, 1.0]
BaseLine;10;Tell me if q4 can ever be the first state.;It is not the initial state.;[];[0.9, 0.9, 0.9, 1.0];-1;-1;False;{'user_input': 'Tell me if q4 can ever be the first state.', 'intent': 'fsa-practical', 'argument': 'state', 'dialogue_act': 'Ta:propositionalQuestion', 'frame': {'initialState': 'q4'}};[0.9, 0.9, 0.9, 1.0]
BaseLine;11;Point out every state that counts as final in this picture.;MUTATION The automaton accepts zero or more words formed by a sequence of the type 11000. In total there are 5 states: q0, q1, q2, q3 and q4. q0 is both the initial and the final state. The transitions are: q0 with value 1 goes to q1, q1 with value 1 goes to q2, q2 with value 0 goes to q3, q3 with value 0 goes to q4, q4 with value 0 goes to q0.;[];[1.0, 0.95, 1.0, 1.0];-1;-1;True;{'user_input': 'Point out every state that counts as final in this picture.', 'intent': 'fsa-practical', 'argument': 'state', 'dialogue_act': 'Ta:request', 'frame': {'states': '?'}};[1.0, 0.95, 1.0, 1.0]
BaseLine;12;Give me the total count of arrows drawn in this automaton.;The automaton has 5 transitions: q0 with value 1 goes to q1, q1 with value 1 goes to q2, q2 with value 0 goes to q3, q3 with value 0 goes to q4, q4 with value 0 goes to q0.;['simbolo-q0-q1', 'simbolo-q1-q2', 'simbolo-q2-q3', 'simbolo-q3-q4', 'simbolo-q4-q0'];[1.0, 1.0, 1.0, 1.0];-1;-1;False;{'user_input': 'Give me the total count of arrows drawn in this automaton.', 'intent': 'fsa-practical', 'argument': 'transition', 'dialogue_act': 'Ta:request', 'frame': {'numberOfTransitions': '?'}};[1.0, 1.0, 1.0, 1.0]
BaseLine;13;Tell me which symbols make up the alphabet for this machine.;Could you be more specific?;[];[0.0, 0.1, 0.0, 1.0];-1;-1;False;{'user_input': 'Tell me which symbols make up the alphabet for this machine.', 'intent': 'fsa-practical', 'argument': 'alphabet', 'dialogue_act': 'Ta:request', 'frame': {'alphabet': '?'}};[0.0, 0.1, 0.0, 1.0]
BaseLine;14;Explain whether this automaton is deterministic or not.;The automaton has 5 states and 5 transitions.;[];[0.0, 0.1, 0.0, 1.0];-1;-1;False;{'user_input': 'Explain whether this automaton is deterministic or not.', 'intent': 'fsa-practical', 'argument': 'automaton', 'dialogue_act': 'Ta:propositionalQuestion', 'frame': {'automatonType': 'deterministic'}};[0.0, 0.1, 0.0, 1.0]
BaseLine;15;Tell me what output I get after running 11000 on this automaton.;Could you be more specific?;[];[0.0, 0.1, 0.0, 1.0];-1;-1;False;{'user_input': 'Tell me what output I get after running 11000 on this automaton.', 'intent': 'fsa-practical', 'argument': 'language', 'dialogue_act': 'Ta:request', 'frame': {'output': '?'}};[0.0, 0.1, 0.0, 1.0]
BaseLine;16;Show me the state with the largest number of arrows touching it.;MUTATION The automaton accepts zero or more words formed by a sequence of the type 11000. In total there are 5 states: q0, q1, q2, q3 and q4. q0 is both the initial and the final state. The transitions are: q0 with value 1 goes to q1, q1 with value 1 goes to q2, q2 with value 0 goes to q3, q3 with value 0 goes to q4, q4 with value 0 goes to q0.;[];[0.0, 0.2, 0.0, 1.0];-1;-1;True;{'user_input': 'Show me the state with the largest number of arrows touching it.', 'intent': 'fsa-practical', 'argument': 'state', 'dialogue_act': 'Ta:request', 'frame': {'states': '?'}};[0.0, 0.2, 0.0, 1.0]
BaseLine;17;Tell me how many different states the machine uses here.;This automaton has 5 states.;['simbolo-q0', 'simbolo-q1', 'simbolo-q2', 'simbolo-q3', 'simbolo-q4'];[1.0, 1.0, 1.0, 1.0];-1;-1;False;{'user_input': 'Tell me how many different states the machine uses here.', 'intent': 'fsa-practical', 'argument': 'state', 'dialogue_act': 'Ta:request', 'frame': {'numberOfStates': '?'}};[1.0, 1.0, 1.0, 1.0]
BaseLine;18;Show me every transition that starts from q3.;the transition is not defined.;[];[0.0, 0.2, 0.0, 1.0];-1;-1;False;{'user_input': 'Show me every transition that starts from q3.', 'intent': 'fsa-practical', 'argument': 'transition', 'dialogue_act': 'Ta:request', 'frame': {'transitions': [['q3', '?', '?']]}};[0.0, 0.2, 0.0, 1.0]
BaseLine;19;Tell me what kind of language this automaton is supposed to recognize.;Could you be more specific?;[];[0.0, 0.1, 0.0, 1.0];-1;-1;False;{'user_input': 'Tell me what kind of language this automaton is supposed to recognize.', 'intent': 'fsa-practical', 'argument': 'language', 'dialogue_act': 'Ta:request', 'frame': {'input': '?'}};[0.0, 0.1, 0.0, 1.0]
BaseLine;20;Describe the pattern that the states form in the diagram.;Could you be more specific?;[];[0.0, 0.1, 0.0, 1.0];-1;-1;False;{'user_input': 'Describe the pattern that the states form in the diagram.', 'intent': 'fsa-practical', 'argument': 'pattern', 'dialogue_act': 'Ta:request', 'frame': {'patternType': '?'}};[0.0, 0.1, 0.0, 1.0]
BaseLine;21;Can q2 reach q4 in this automaton?;There is no transition between q2 and q4.;[];[0.2, 0.5, 0.2, 1.0];-1;-1;False;{'user_input': 'Can q2 reach q4 in this automaton?', 'intent': 'fsa-practical', 'argument': 'transition', 'dialogue_act': 'Ta:request', 'frame': {'transitions': [['q2', 'q4', '?']]}};[0.2, 0.5, 0.2, 1.0]
BaseLine;22;What label is on the arrow from q1 to q2?;The transition between q1 and q2 is with value 1.;['simbolo-q1-q2'];[1.0, 1.0, 1.0, 1.0];-1;-1;False;{'user_input': 'What label is on the arrow from q1 to q2?', 'intent': 'fsa-practical', 'argument': 'transition', 'dialogue_act': 'Ta:request', 'frame': {'transitions': [['q1', 'q2', '?']]}};[1.0, 1.0, 1.0, 1.0]
BaseLine;23;Tell me the state that comes right after q3 on a 0.;MUTATION The automaton accepts zero or more words formed by a sequence of the type 11000. In total there are 5 states: q0, q1, q2, q3 and q4. q0 is both the initial and the final state. The transitions are: q0 with value 1 goes to q1, q1 with value 1 goes to q2, q2 with value 0 goes to q3, q3 with value 0 goes to q4, q4 with value 0 goes to q0.;[];[0.2, 0.3, 0.3, 1.0];-1;-1;True;{'user_input': 'Tell me the state that comes right after q3 on a 0.', 'intent': 'fsa-practical', 'argument': 'state', 'dialogue_act': 'Ta:request', 'frame': {'states': 'q3'}};[0.2, 0.3, 0.3, 1.0]
BaseLine;24;From q0, which state do I arrive at if the input symbol is 1?;MUTATION The automaton accepts zero or more words formed by a sequence of the type 11000. In total there are 5 states: q0, q1, q2, q3 and q4. q0 is both the initial and the final state. The transitions are: q0 with value 1 goes to q1, q1 with value 1 goes to q2, q2 with value 0 goes to q3, q3 with value 0 goes to q4, q4 with value 0 goes to q0.;[];[0.2, 0.4, 0.5, 1.0];-1;-1;True;{'user_input': 'From q0, which state do I arrive at if the input symbol is 1?', 'intent': 'fsa-practical', 'argument': 'state', 'dialogue_act': 'Ta:request', 'frame': {'state': '?'}};[0.2, 0.4, 0.5, 1.0]
BaseLine;25;Name the initial state shown in this diagram.;The initial state is q0.;['simbolo-q0'];[1.0, 1.0, 1.0, 1.0];-1;-1;False;{'user_input': 'Name the initial state shown in this diagram.', 'intent': 'fsa-practical', 'argument': 'state', 'dialogue_act': 'Ta:request', 'frame': {'initialState': '?'}};[1.0, 1.0, 1.0, 1.0]
BaseLine;26;Is q0 the only accepting state in this machine?;MUTATION The automaton accepts zero or more words formed by a sequence of the type 11000. In total there are 5 states: q0, q1, q2, q3 and q4. q0 is both the initial and the final state. The transitions are: q0 with value 1 goes to q1, q1 with value 1 goes to q2, q2 with value 0 goes to q3, q3 with value 0 goes to q4, q4 with value 0 goes to q0.;[];[0.4, 0.6, 0.5, 1.0];-1;-1;True;{'user_input': 'Is q0 the only accepting state in this machine?', 'intent': 'fsa-practical', 'argument': 'state', 'dialogue_act': 'Ta:propositionalQuestion', 'frame': {'state': 'q0'}};[0.4, 0.6, 0.5, 1.0]
BaseLine;27;How many states are drawn in this finite automaton?;This automaton has 5 states.;['simbolo-q0', 'simbolo-q1', 'simbolo-q2', 'simbolo-q3', 'simbolo-q4'];[1.0, 1.0, 1.0, 1.0];-1;-1;False;{'user_input': 'How many states are drawn in this finite automaton?', 'intent': 'fsa-practical', 'argument': 'state', 'dialogue_act': 'Ta:request', 'frame': {'numberOfStates': '?'}};[1.0, 1.0, 1.0, 1.0]
BaseLine;28;How many transitions are there in the picture of this automaton?;The automaton has 5 transitions: q0 with value 1 goes to q1, q1 with value 1 goes to q2, q2 with value 0 goes to q3, q3 with value 0 goes to q4, q4 with value 0 goes to q0.;['simbolo-q0-q1', 'simbolo-q1-q2', 'simbolo-q2-q3', 'simbolo-q3-q4', 'simbolo-q4-q0'];[1.0, 1.0, 1.0, 1.0];-1;-1;False;{'user_input': 'How many transitions are there in the picture of this automaton?', 'intent': 'fsa-practical', 'argument': 'transition', 'dialogue_act': 'Ta:request', 'frame': {'numberOfTransitions': '?'}};[1.0, 1.0, 1.0, 1.0]
BaseLine;29;What input string sends the machine from q0 back to q0 using exactly five moves?;Could you be more specific?;[];[0.0, 0.1, 0.0, 1.0];-1;-1;False;{'user_input': 'What input string sends the machine from q0 back to q0 using exactly five moves?', 'intent': 'fsa-practical', 'argument': 'language', 'dialogue_act': 'Ta:request', 'frame': {'input': '?'}};[0.0, 0.1, 0.0, 1.0]
BaseLine;30;Does this automaton accept the string 11000?;Could you be more specific?;[];[0.0, 0.1, 0.0, 1.0];-1;-1;False;{'user_input': 'Does this automaton accept the string 11000?', 'intent': 'fsa-practical', 'argument': 'language', 'dialogue_act': 'Ta:request', 'frame': {'input': '11000'}};[0.0, 0.1, 0.0, 1.0]
BaseLine;31;Describe the language that this automaton recognizes in simple words.;Could you be more specific?;[];[0.0, 0.1, 0.0, 1.0];-1;-1;False;{'user_input': 'Describe the language that this automaton recognizes in simple words.', 'intent': 'fsa-practical', 'argument': 'language', 'dialogue_act': 'Ta:request', 'frame': {'language': '?'}};[0.0, 0.1, 0.0, 1.0]
BaseLine;32;Is this automaton deterministic or not?;The automaton has 5 states and 5 transitions.;[];[0.0, 0.2, 0.0, 1.0];-1;-1;False;{'user_input': 'Is this automaton deterministic or not?', 'intent': 'fsa-practical', 'argument': 'automaton', 'dialogue_act': 'Ta:request', 'frame': {'automatonType': '?'}};[0.0, 0.2, 0.0, 1.0]
BaseLine;33;Which state has no outgoing transitions on the symbol 1?;MUTATION The automaton accepts zero or more words formed by a sequence of the type 11000. In total there are 5 states: q0, q1, q2, q3 and q4. q0 is both the initial and the final state. The transitions are: q0 with value 1 goes to q1, q1 with value 1 goes to q2, q2 with value 0 goes to q3, q3 with value 0 goes to q4, q4 with value 0 goes to q0.;[];[0.0, 0.3, 0.0, 1.0];-1;-1;True;{'user_input': 'Which state has no outgoing transitions on the symbol 1?', 'intent': 'fsa-practical', 'argument': 'state', 'dialogue_act': 'Ta:request', 'frame': {'state': '?'}};[0.0, 0.3, 0.0, 1.0]
BaseLine;34;List all the states that are final in this automaton.;The final state is q0.;['simbolo-q0'];[1.0, 1.0, 1.0, 1.0];-1;-1;False;{'user_input': 'List all the states that are final in this automaton.', 'intent': 'fsa-practical', 'argument': 'state', 'dialogue_act': 'Ta:request', 'frame': {'finalStates': '?'}};[1.0, 1.0, 1.0, 1.0]
BaseLine;35;What is the smallest binary string, if any, that this automaton rejects?;Could you be more specific?;[];[0.0, 0.1, 0.0, 1.0];-1;-1;False;{'user_input': 'What is the smallest binary string, if any, that this automaton rejects?', 'intent': 'fsa-practical', 'argument': 'language', 'dialogue_act': 'Ta:request', 'frame': {'input': '?'}};[0.0, 0.1, 0.0, 1.0]
BaseLine;36;Can you tell me what happens if the machine starts in q2 after reading 1?;the transition is not defined.;[];[1.0, 1.0, 1.0, 1.0];-1;-1;False;{'user_input': 'Can you tell me what happens if the machine starts in q2 after reading 1?', 'intent': 'fsa-practical', 'argument': 'transition', 'dialogue_act': 'Ta:request', 'frame': {'transitions': [['q2', '?', '1']]}};[1.0, 1.0, 1.0, 1.0]
BaseLine;37;From q3, where does the next 0 take the automaton?;the transition is not defined.;[];[0.0, 0.2, 0.0, 1.0];-1;-1;False;{'user_input': 'From q3, where does the next 0 take the automaton?', 'intent': 'fsa-practical', 'argument': 'transition', 'dialogue_act': 'Ta:request', 'frame': {'transitions': [['q3', '?', '0']]}};[0.0, 0.2, 0.0, 1.0]
BaseLine;38;What is the label on the arrow that goes from q1 to q2?;The transition between q1 and q2 is with value 1.;['simbolo-q1-q2'];[1.0, 1.0, 1.0, 1.0];-1;-1;False;{'user_input': 'What is the label on the arrow that goes from q1 to q2?', 'intent': 'fsa-practical', 'argument': 'transition', 'dialogue_act': 'Ta:request', 'frame': {'transitions': [['q1', 'q2', '?']]}};[1.0, 1.0, 1.0, 1.0]
BaseLine;39;Is there any way for the machine to move directly from q2 to q4?;There is no transition between q2 and q4.;[];[1.0, 1.0, 1.0, 1.0];-1;-1;False;{'user_input': 'Is there any way for the machine to move directly from q2 to q4?', 'intent': 'fsa-practical', 'argument': 'transition', 'dialogue_act': 'Ta:propositionalQuestion', 'frame': {'transitions': [['q2', 'q4', '?']]}};[1.0, 1.0, 1.0, 1.0]
BaseLine;40;Show me the full list of states that this automaton uses.;MUTATION The automaton accepts zero or more words formed by a sequence of the type 11000. In total there are 5 states: q0, q1, q2, q3 and q4. q0 is both the initial and the final state. The transitions are: q0 with value 1 goes to q1, q1 with value 1 goes to q2, q2 with value 0 goes to q3, q3 with value 0 goes to q4, q4 with value 0 goes to q0.;[];[1.0, 0.95, 1.0, 1.0];-1;-1;True;{'user_input': 'Show me the full list of states that this automaton uses.', 'intent': 'fsa-practical', 'argument': 'state', 'dialogue_act': 'Ta:request', 'frame': {'states': '?'}};[1.0, 0.95, 1.0, 1.0]
BaseLine;41;Which state is marked as both the beginning and the end of a run?;The initial state is q0.;['simbolo-q0'];[1.0, 1.0, 1.0, 1.0];-1;-1;False;{'user_input': 'Which state is marked as both the beginning and the end of a run?', 'intent': 'fsa-practical', 'argument': 'state', 'dialogue_act': 'Ta:request', 'frame': {'initialState': '?', 'finalStates': '?'}};[1.0, 1.0, 1.0, 1.0]
BaseLine;42;How many different arrows appear in the picture of this automaton?;MUTATION The automaton accepts zero or more words formed by a sequence of the type 11000. In total there are 5 states: q0, q1, q2, q3 and q4. q0 is both the initial and the final state. The transitions are: q0 with value 1 goes to q1, q1 with value 1 goes to q2, q2 with value 0 goes to q3, q3 with value 0 goes to q4, q4 with value 0 goes to q0.;[];[0.0, 0.4, 0.0, 1.0];-1;-1;True;{'user_input': 'How many different arrows appear in the picture of this automaton?', 'intent': 'fsa-practical', 'argument': None, 'dialogue_act': 'Ta:request', 'frame': {'numberOfArrows': '?'}};[0.0, 0.4, 0.0, 1.0]
BaseLine;43;Does this automaton accept only regular languages?;Could you be more specific?;[];[0.1, 0.1, 0.1, 1.0];-1;-1;False;{'user_input': 'Does this automaton accept only regular languages?', 'intent': 'fsa-practical', 'argument': 'language', 'dialogue_act': 'Ta:request', 'frame': {'automatonType': 'deterministic'}};[0.1, 0.1, 0.1, 1.0]
BaseLine;44;Tell me whether this machine is deterministic or not.;The automaton has 5 states and 5 transitions.;[];[0.0, 0.2, 0.0, 1.0];-1;-1;False;{'user_input': 'Tell me whether this machine is deterministic or not.', 'intent': 'fsa-practical', 'argument': 'automaton', 'dialogue_act': 'Ta:propositionalQuestion', 'frame': {'input': 'automatonType'}};[0.0, 0.2, 0.0, 1.0]
BaseLine;45;What is the output of the automaton after reading the input 11000?;MUTATION The automaton accepts zero or more words formed by a sequence of the type 11000. In total there are 5 states: q0, q1, q2, q3 and q4. q0 is both the initial and the final state. The transitions are: q0 with value 1 goes to q1, q1 with value 1 goes to q2, q2 with value 0 goes to q3, q3 with value 0 goes to q4, q4 with value 0 goes to q0.;[];[0.2, 0.4, 0.3, 1.0];-1;-1;True;{'user_input': 'What is the output of the automaton after reading the input 11000?', 'intent': 'fsa-practical', 'argument': 'state', 'dialogue_act': 'Ta:request', 'frame': {'input': '11000'}};[0.2, 0.4, 0.3, 1.0]
BaseLine;46;Please give the alphabet symbols that this automaton can read.;Could you be more specific?;[];[0.0, 0.1, 0.0, 1.0];-1;-1;False;{'user_input': 'Please give the alphabet symbols that this automaton can read.', 'intent': 'fsa-practical', 'argument': 'alphabet', 'dialogue_act': 'Ta:request', 'frame': {'alphabet': '?'}};[0.0, 0.1, 0.0, 1.0]
BaseLine;47;Name the final states that I should mark when I redraw this machine.;The final state is q0.;['simbolo-q0'];[1.0, 1.0, 1.0, 1.0];-1;-1;False;{'user_input': 'Name the final states that I should mark when I redraw this machine.', 'intent': 'fsa-practical', 'argument': 'state', 'dialogue_act': 'Ta:request', 'frame': {'finalStates': '?'}};[1.0, 1.0, 1.0, 1.0]
BaseLine;48;How many final states does this specific automaton include?;MUTATION The automaton accepts zero or more words formed by a sequence of the type 11000. In total there are 5 states: q0, q1, q2, q3 and q4. q0 is both the initial and the final state. The transitions are: q0 with value 1 goes to q1, q1 with value 1 goes to q2, q2 with value 0 goes to q3, q3 with value 0 goes to q4, q4 with value 0 goes to q0.;[];[0.2, 0.4, 0.3, 1.0];-1;-1;True;{'user_input': 'How many final states does this specific automaton include?', 'intent': 'fsa-practical', 'argument': 'state', 'dialogue_act': 'Ta:request', 'frame': {'numberOfFinalStates': '?'}};[0.2, 0.4, 0.3, 1.0]
BaseLine;49;Explain which pattern of 1s and 0s this automaton is designed to recognise.;Could you be more specific?;[];[0.0, 0.1, 0.0, 1.0];-1;-1;False;{'user_input': 'Explain which pattern of 1s and 0s this automaton is designed to recognise.', 'intent': 'fsa-practical', 'argument': 'pattern', 'dialogue_act': 'Ta:request', 'frame': {'patternType': 'patternType'}};[0.0, 0.1, 0.0, 1.0]
BaseLine;50;From q0, after reading 11000, which state does the automaton end up in?;MUTATION The automaton accepts zero or more words formed by a sequence of the type 11000. In total there are 5 states: q0, q1, q2, q3 and q4. q0 is both the initial and the final state. The transitions are: q0 with value 1 goes to q1, q1 with value 1 goes to q2, q2 with value 0 goes to q3, q3 with value 0 goes to q4, q4 with value 0 goes to q0.;[];[0.2, 0.5, 0.3, 1.0];-1;-1;True;{'user_input': 'From q0, after reading 11000, which state does the automaton end up in?', 'intent': 'fsa-practical', 'argument': 'state', 'dialogue_act': 'Ta:request', 'frame': {'input': '11000'}};[0.2, 0.5, 0.3, 1.0]
BaseLine;51;Is q0 the only state that accepts the input?;MUTATION The automaton accepts zero or more words formed by a sequence of the type 11000. In total there are 5 states: q0, q1, q2, q3 and q4. q0 is both the initial and the final state. The transitions are: q0 with value 1 goes to q1, q1 with value 1 goes to q2, q2 with value 0 goes to q3, q3 with value 0 goes to q4, q4 with value 0 goes to q0.;[];[0.2, 0.4, 0.3, 0.9];-1;-1;True;{'user_input': 'Is q0 the only state that accepts the input?', 'intent': 'fsa-practical', 'argument': 'state', 'dialogue_act': 'Ta:request', 'frame': {'input': 'q0'}};[0.2, 0.4, 0.3, 0.9]
BaseLine;-9;Does this automaton ever leave state q0 for input 0?;There is no transition between q0 and q0.;[];[0.1, 0.2, 0.1, 1.0];-1;-1;False;{'user_input': 'Does this automaton ever leave state q0 for input 0?', 'intent': 'fsa-practical', 'argument': 'transition', 'dialogue_act': 'Ta:propositionalQuestion', 'frame': {'transitions': [['q0', 'q0', 'input:0']]}};[0.1, 0.2, 0.1, 1.0]
BaseLine;-8;Tell me the label on the arrow that starts at q1 and ends at q2.;The transition between q1 and q2 is with value 1.;['simbolo-q1-q2'];[1.0, 1.0, 1.0, 1.0];-1;-1;False;{'user_input': 'Tell me the label on the arrow that starts at q1 and ends at q2.', 'intent': 'fsa-practical', 'argument': 'transition', 'dialogue_act': 'Ta:request', 'frame': {'transitions': [['q1', 'q2', '?']]}};[1.0, 1.0, 1.0, 1.0]
BaseLine;-7;From q2, can I reach q4 by following only one transition?;There is no transition between q2 and q4.;[];[1.0, 1.0, 1.0, 1.0];-1;-1;False;{'user_input': 'From q2, can I reach q4 by following only one transition?', 'intent': 'fsa-practical', 'argument': 'transition', 'dialogue_act': 'Ta:request', 'frame': {'transitions': [['q2', 'q4', '?']]}};[1.0, 1.0, 1.0, 1.0]
BaseLine;-6;Which state do we begin in when the machine starts running?;The initial state is q0.;['simbolo-q0'];[1.0, 1.0, 1.0, 1.0];-1;-1;False;{'user_input': 'Which state do we begin in when the machine starts running?', 'intent': 'fsa-practical', 'argument': 'state', 'dialogue_act': 'Ta:request', 'frame': {'initialState': '?'}};[1.0, 1.0, 1.0, 1.0]
BaseLine;-5;Point out every state that counts as a final state here.;The final state is q0.;['simbolo-q0'];[1.0, 1.0, 1.0, 1.0];-1;-1;False;{'user_input': 'Point out every state that counts as a final state here.', 'intent': 'fsa-practical', 'argument': 'state', 'dialogue_act': 'Ta:request', 'frame': {'finalStates': '?'}};[1.0, 1.0, 1.0, 1.0]
BaseLine;-4;How many different states appear in this diagram in total?;This automaton has 5 states.;['simbolo-q0', 'simbolo-q1', 'simbolo-q2', 'simbolo-q3', 'simbolo-q4'];[1.0, 1.0, 1.0, 1.0];-1;-1;False;{'user_input': 'How many different states appear in this diagram in total?', 'intent': 'fsa-practical', 'argument': 'state', 'dialogue_act': 'Ta:request', 'frame': {'numberOfStates': '?'}};[1.0, 1.0, 1.0, 1.0]
BaseLine;-3;Say how many transitions the whole automaton contains.;The automaton has 5 transitions: q0 with value 1 goes to q1, q1 with value 1 goes to q2, q2 with value 0 goes to q3, q3 with value 0 goes to q4, q4 with value 0 goes to q0.;['simbolo-q0-q1', 'simbolo-q1-q2', 'simbolo-q2-q3', 'simbolo-q3-q4', 'simbolo-q4-q0'];[1.0, 1.0, 1.0, 1.0];-1;-1;False;{'user_input': 'Say how many transitions the whole automaton contains.', 'intent': 'fsa-practical', 'argument': 'transition', 'dialogue_act': 'Ta:request', 'frame': {'numberOfTransitions': '?'}};[1.0, 1.0, 1.0, 1.0]
BaseLine;-2;Is the alphabet for this machine just 0 and 1 or something else?;Could you be more specific?;[];[0.1, 0.1, 0.1, 1.0];-1;-1;False;{'user_input': 'Is the alphabet for this machine just 0 and 1 or something else?', 'intent': 'fsa-practical', 'argument': 'alphabet', 'dialogue_act': 'Ta:propositionalQuestion', 'frame': {'alphabet': '0'}};[0.1, 0.1, 0.1, 1.0]
BaseLine;-1;Describe the type of language that this automaton accepts.;Could you be more specific?;[];[0.0, 0.1, 0.0, 1.0];-1;-1;False;{'user_input': 'Describe the type of language that this automaton accepts.', 'intent': 'fsa-practical', 'argument': 'language', 'dialogue_act': 'Ta:request', 'frame': {'input': '?'}};[0.0, 0.1, 0.0, 1.0]
BaseLine;0;Tell me whether this automaton is deterministic or not.;The automaton has 5 states and 5 transitions.;[];[0.0, 0.2, 0.0, 1.0];-1;-1;False;{'user_input': 'Tell me whether this automaton is deterministic or not.', 'intent': 'fsa-practical', 'argument': 'automaton', 'dialogue_act': 'Ta:request', 'frame': {'input': '?'}};[0.0, 0.2, 0.0, 1.0]
BaseLine;1;What is the output for the input string 11000 starting from q0?;Could you be more specific?;[];[0.0, 0.1, 0.0, 1.0];-1;-1;False;{'user_input': 'What is the output for the input string 11000 starting from q0?', 'intent': 'fsa-practical', 'argument': 'alphabet', 'dialogue_act': 'Ta:request', 'frame': {'alphabetSize': '4'}};[0.0, 0.1, 0.0, 1.0]
BaseLine;2;Show me the complete list of transitions that leave state q3.;The automaton has 5 transitions: q0 with value 1 goes to q1, q1 with value 1 goes to q2, q2 with value 0 goes to q3, q3 with value 0 goes to q4, q4 with value 0 goes to q0.;['simbolo-q0-q1', 'simbolo-q1-q2', 'simbolo-q2-q3', 'simbolo-q3-q4', 'simbolo-q4-q0'];[0.2, 0.3, 0.5, 0.5];-1;-1;False;{'user_input': 'Show me the complete list of transitions that leave state q3.', 'intent': 'fsa-practical', 'argument': 'transition', 'dialogue_act': 'Ta:request', 'frame': {'transitions': []}};[0.2, 0.3, 0.5, 0.5]
