METRIC;ITERATION;QUESTION;ANSWER;VISUAL_ANSWER;JUDGE_VALUE;FAILS;MUTED;NLU_OUTPUT
Accuracy;1;Is it possible to go from q2 to q4 in the automaton?;The automaton accepts zero or more words formed by a sequence of the type 11000. In total there are 5 states: q0, q1, q2, q3 and q4. q0 is both the initial and the final state. The transitions are: q0 with value 1 goes to q1, q1 with value 1 goes to q2, q2 with value 0 goes to q3, q3 with value 0 goes to q4, q4 with value 0 goes to q0.;[];0.2;1;False;{'user_input': 'Is it possible to go from q2 to q4 in the automaton?', 'intent': None, 'argument': None, 'dialogue_act': None, 'frame': {}}
Accuracy;1;The state with the most transitions in this automaton is q3.;The automaton has 5 states: q0, q1, q2, q3 and q4.;['simbolo-q0', 'simbolo-q1', 'simbolo-q2', 'simbolo-q3', 'simbolo-q4'];0.0;2;False;{'user_input': 'The state with the most transitions in this automaton is q3.', 'intent': 'fsa-practical', 'argument': 'state', 'dialogue_act': 'Ta:request', 'frame': {'state': 'q3'}}
Accuracy;1;How many transitions are there in the automaton’s states?;The automaton has 5 transitions: q0 with value 1 goes to q1, q1 with value 1 goes to q2, q2 with value 0 goes to q3, q3 with value 0 goes to q4, q4 with value 0 goes to q0.;['simbolo-q0-q1', 'simbolo-q1-q2', 'simbolo-q2-q3', 'simbolo-q3-q4', 'simbolo-q4-q0'];1.0;2;False;{'user_input': 'How many transitions are there in the automaton’s states?', 'intent': 'fsa-practical', 'argument': 'transition', 'dialogue_act': 'Ta:request', 'frame': {'numberOfTransitions': '?'}}
Accuracy;1;Can you explain the role of state q3 in this finite state automaton?;The state q3 exists.;['simbolo-q3'];0.1;3;False;{'user_input': 'Can you explain the role of state q3 in this finite state automaton?', 'intent': 'fsa-practical', 'argument': 'state', 'dialogue_act': 'Ta:request', 'frame': {'states': ['q3']}}
Accuracy;1;what is the output of this automaton for the given input string?;Could you be more specific?;[];0.1;4;False;{'user_input': 'what is the output of this automaton for the given input string?', 'intent': 'fsa-practical', 'argument': 'language', 'dialogue_act': 'Ta:request', 'frame': {'output': '?'}}
Accuracy;1;Which state does the automaton reach when it follows the clockwise pattern?;The state q0 exists.;['simbolo-q0'];0.1;5;False;{'user_input': 'Which state does the automaton reach when it follows the clockwise pattern?', 'intent': 'fsa-practical', 'argument': 'state', 'dialogue_act': 'Ta:request', 'frame': {'states': '?'}}
Accuracy;1;what is the initial state of this automaton?;The initial state is q0.;['simbolo-q0'];1.0;5;False;{'user_input': 'what is the initial state of this automaton?', 'intent': 'fsa-practical', 'argument': 'state', 'dialogue_act': 'Ta:request', 'frame': {'initialState': '?'}}
Accuracy;2;What is the value of the transition from q1 to q2?;the transition is not defined.;[];0.0;1;False;{'user_input': 'What is the value of the transition from q1 to q2?', 'intent': 'fsa-practical', 'argument': 'transition', 'dialogue_act': 'Ta:request', 'frame': {'transitions': [['q1', 'q2', '?']]}}
Accuracy;2;Hi, could you tell me what the symbol is on the transition from q1 to q2?;the transition is not defined.;[];0.0;2;False;{'user_input': 'Hi, could you tell me what the symbol is on the transition from q1 to q2?', 'intent': 'fsa-practical', 'argument': 'transition', 'dialogue_act': 'Ta:request', 'frame': {'transitions': [['q1', 'q2', '?']]}}
Accuracy;2;what type of automaton is this finite state machine?;The automaton accepts zero or more words formed by a sequence of the type 11000. In total there are 5 states: q0, q1, q2, q3 and q4. q0 is both the initial and the final state. The transitions are: q0 with value 1 goes to q1, q1 with value 1 goes to q2, q2 with value 0 goes to q3, q3 with value 0 goes to q4, q4 with value 0 goes to q0.;[];0.2;3;False;{'user_input': 'what type of automaton is this finite state machine?', 'intent': 'fsa-practical', 'argument': 'automaton', 'dialogue_act': 'Ta:request', 'frame': {'type': 'automatonType'}}
Accuracy;2;What is the label of the transition that goes from state q1 to state q2?;the transition is not defined.;[];0.0;4;False;{'user_input': 'What is the label of the transition that goes from state q1 to state q2?', 'intent': 'fsa-practical', 'argument': 'transition', 'dialogue_act': 'Ta:request', 'frame': {'transitions': [['q1', 'q2', '?']]}}
Accuracy;2;What is the label of the transition from state q1 to state q2 in this automaton?;the transition is not defined.;[];0.0;5;False;{'user_input': 'What is the label of the transition from state q1 to state q2 in this automaton?', 'intent': 'fsa-practical', 'argument': 'transition', 'dialogue_act': 'Ta:request', 'frame': {'transitions': [['q1', 'q2', '?']]}}
Accuracy;2;what is the label of this?;Could you be more specific?;[];0.1;6;False;{'user_input': 'what is the label of this?', 'intent': 'fsa-practical', 'argument': 'language', 'dialogue_act': 'Ta:request', 'frame': {'transitions': [['q1', 'q2', '?']]}, '_raw_frame': {'input': '?'}}
Accuracy;2;which transitions leave from this in this automaton?;There is no transition between q2 and q0.;[];0.0;7;False;{'user_input': 'which transitions leave from this in this automaton?', 'intent': 'fsa-practical', 'argument': 'transition', 'dialogue_act': 'Ta:request', 'frame': {'states': ['q2']}, '_raw_frame': {'transitions': []}}
Accuracy;2;Can you explain the anti-clockwise transition pattern of this automaton?;The automaton has 5 transitions: q0 with value 1 goes to q1, q1 with value 1 goes to q2, q2 with value 0 goes to q3, q3 with value 0 goes to q4, q4 with value 0 goes to q0.;['simbolo-q0-q1', 'simbolo-q1-q2', 'simbolo-q2-q3', 'simbolo-q3-q4', 'simbolo-q4-q0'];0.4;7;False;{'user_input': 'Can you explain the anti-clockwise transition pattern of this automaton?', 'intent': 'fsa-practical', 'argument': 'transition', 'dialogue_act': 'Ta:request', 'frame': {'transitions': []}}
Accuracy;2;hi again, could you show me the transition that starts from this in this automaton?;There is no transition between q2 and q0.;[];0.2;8;False;{'user_input': 'hi again, could you show me the transition that starts from this in this automaton?', 'intent': 'fsa-practical', 'argument': 'transition', 'dialogue_act': 'Ta:propositionalQuestion', 'frame': {'states': ['q2']}, '_raw_frame': {'transitions': []}}
Accuracy;2;can you tell me practical information about this in this automaton?;The automaton accepts zero or more words formed by a sequence of the type 11000. In total there are 5 states: q0, q1, q2, q3 and q4. q0 is both the initial and the final state. The transitions are: q0 with value 1 goes to q1, q1 with value 1 goes to q2, q2 with value 0 goes to q3, q3 with value 0 goes to q4, q4 with value 0 goes to q0.;[];0.9;8;False;{'user_input': 'can you tell me practical information about this in this automaton?', 'intent': 'fsa-practical', 'argument': 'automaton', 'dialogue_act': 'Ta:request', 'frame': {'states': ['q2']}, '_raw_frame': {'automatonType': '?'}}
Accuracy;2;Can you explain the anti-clockwise transition pattern of this automaton?;The automaton has 5 transitions: q0 with value 1 goes to q1, q1 with value 1 goes to q2, q2 with value 0 goes to q3, q3 with value 0 goes to q4, q4 with value 0 goes to q0.;['simbolo-q0-q1', 'simbolo-q1-q2', 'simbolo-q2-q3', 'simbolo-q3-q4', 'simbolo-q4-q0'];0.4;8;False;{'user_input': 'Can you explain the anti-clockwise transition pattern of this automaton?', 'intent': 'fsa-practical', 'argument': 'transition', 'dialogue_act': 'Ta:request', 'frame': {'transitions': []}}
Accuracy;2;Which transitions leave from state q2 in this automaton?;the transition is not defined.;[];0.0;9;False;{'user_input': 'Which transitions leave from state q2 in this automaton?', 'intent': 'fsa-practical', 'argument': 'transition', 'dialogue_act': 'Ta:request', 'frame': {'transitions': [['q2', '?', '?']]}}
Accuracy;2;What is the complete transition leaving from state q2 in this automaton?;the transition is not defined.;[];0.0;10;False;{'user_input': 'What is the complete transition leaving from state q2 in this automaton?', 'intent': 'fsa-practical', 'argument': 'transition', 'dialogue_act': 'Ta:request', 'frame': {'transitions': [['q2', '?', '?']]}}
Accuracy;2;The transition from q2 goes to which state with which input symbol?;The automaton has 5 transitions: q0 with value 1 goes to q1, q1 with value 1 goes to q2, q2 with value 0 goes to q3, q3 with value 0 goes to q4, q4 with value 0 goes to q0.;['simbolo-q0-q1', 'simbolo-q1-q2', 'simbolo-q2-q3', 'simbolo-q3-q4', 'simbolo-q4-q0'];0.2;11;False;{'user_input': 'The transition from q2 goes to which state with which input symbol?', 'intent': 'fsa-practical', 'argument': 'transition', 'dialogue_act': 'Ta:request', 'frame': {'transitions': []}}
Accuracy;2;what type of automaton is this finite state machine?;The automaton accepts zero or more words formed by a sequence of the type 11000. In total there are 5 states: q0, q1, q2, q3 and q4. q0 is both the initial and the final state. The transitions are: q0 with value 1 goes to q1, q1 with value 1 goes to q2, q2 with value 0 goes to q3, q3 with value 0 goes to q4, q4 with value 0 goes to q0.;[];0.2;12;False;{'user_input': 'what type of automaton is this finite state machine?', 'intent': 'fsa-practical', 'argument': 'automaton', 'dialogue_act': 'Ta:request', 'frame': {}}
Accuracy;3;If the automaton starts in q0 and reads the input 11000, does it end in a final state?;Could you be more specific?;[];0.0;1;False;{'user_input': 'If the automaton starts in q0 and reads the input 11000, does it end in a final state?', 'intent': 'fsa-practical', 'argument': 'language', 'dialogue_act': 'Ta:request', 'frame': {'input': '11000'}}
Accuracy;3;Hello, in this automaton what language is accepted for the input 11000?;Could you be more specific?;[];0.0;2;False;{'user_input': 'Hello, in this automaton what language is accepted for the input 11000?', 'intent': 'fsa-practical', 'argument': 'language', 'dialogue_act': 'Ta:request', 'frame': {'input': '11000'}}
Accuracy;3;What is the language recognized by this automaton when it is drawn with a triangle as its graphic representation?;Could you be more specific?;[];0.0;3;False;{'user_input': 'What is the language recognized by this automaton when it is drawn with a triangle as its graphic representation?', 'intent': 'fsa-practical', 'argument': 'language', 'dialogue_act': 'Ta:request', 'frame': {'graphicRepresentation': 'triangle'}}
Accuracy;3;what is the alphabet of this automaton when its graphical representation is a triangle?;Could you be more specific?;[];0.0;4;False;{'user_input': 'what is the alphabet of this automaton when its graphical representation is a triangle?', 'intent': 'fsa-practical', 'argument': 'alphabet', 'dialogue_act': 'Ta:request', 'frame': {'alphabet': '?'}}
Accuracy;3;What is the alphabet of this deterministic automaton?;Could you be more specific?;[];0.0;5;False;{'user_input': 'What is the alphabet of this deterministic automaton?', 'intent': 'fsa-practical', 'argument': 'alphabet', 'dialogue_act': 'Ta:request', 'frame': {'alphabet': '?'}}
Accuracy;3;Given the automaton shown, what happens if the input is 11000?;The automaton has 5 transitions: q0 with value 1 goes to q1, q1 with value 1 goes to q2, q2 with value 0 goes to q3, q3 with value 0 goes to q4, q4 with value 0 goes to q0.;['simbolo-q0-q1', 'simbolo-q1-q2', 'simbolo-q2-q3', 'simbolo-q3-q4', 'simbolo-q4-q0'];0.4;5;False;{'user_input': 'Given the automaton shown, what happens if the input is 11000?', 'intent': 'fsa-practical', 'argument': 'transition', 'dialogue_act': 'Ta:request', 'frame': {'input': '11000'}}
Accuracy;3;What is the alphabet of this finite state automaton?;Could you be more specific?;[];0.0;6;False;{'user_input': 'What is the alphabet of this finite state automaton?', 'intent': 'fsa-practical', 'argument': 'alphabet', 'dialogue_act': 'Ta:request', 'frame': {'alphabet': '?'}}
Accuracy;3;Sorry, I meant to ask about the alphabet of this automaton: what is its alphabet?;Could you be more specific?;[];0.0;7;False;{'user_input': 'Sorry, I meant to ask about the alphabet of this automaton: what is its alphabet?', 'intent': 'fsa-practical', 'argument': 'alphabet', 'dialogue_act': 'Ta:request', 'frame': {'alphabet': '?'}}
Accuracy;3;What is the alphabet of this automaton?;Could you be more specific?;[];0.0;8;False;{'user_input': 'What is the alphabet of this automaton?', 'intent': 'fsa-practical', 'argument': 'alphabet', 'dialogue_act': 'Ta:request', 'frame': {'alphabet': '?'}}
Accuracy;3;what is the alphabet of this deterministic automaton?;Could you be more specific?;[];0.0;9;False;{'user_input': 'what is the alphabet of this deterministic automaton?', 'intent': 'fsa-practical', 'argument': 'alphabet', 'dialogue_act': 'Ta:request', 'frame': {'alphabet': '?'}}
Accuracy;3;The alphabet of this automaton is {0, 1}.;Could you be more specific?;[];0.0;10;False;{'user_input': 'The alphabet of this automaton is {0, 1}.', 'intent': 'fsa-practical', 'argument': 'alphabet', 'dialogue_act': 'Ta:request', 'frame': {'alphabet': '0'}}
Accuracy;3;What is the language recognized by this automaton over the alphabet {0}?;Could you be more specific?;[];0.0;11;False;{'user_input': 'What is the language recognized by this automaton over the alphabet {0}?', 'intent': 'fsa-practical', 'argument': 'language', 'dialogue_act': 'Ta:request', 'frame': {'alphabet': ['0']}}
Accuracy;3;What is the alphabet of this automaton if it only includes the symbol 0?;Could you be more specific?;[];0.0;12;False;{'user_input': 'What is the alphabet of this automaton if it only includes the symbol 0?', 'intent': 'fsa-practical', 'argument': 'alphabet', 'dialogue_act': 'Ta:request', 'frame': {'alphabet': '0'}}
Accuracy;3;what is the alphabet of this automaton with 5 states?;Could you be more specific?;[];0.0;13;False;{'user_input': 'what is the alphabet of this automaton with 5 states?', 'intent': 'fsa-practical', 'argument': 'alphabet', 'dialogue_act': 'Ta:request', 'frame': {'alphabet': '?'}}
Accuracy;3;what is the alphabet of this automaton that moves in an anti-clockwise pattern?;Could you be more specific?;[];0.0;14;False;{'user_input': 'what is the alphabet of this automaton that moves in an anti-clockwise pattern?', 'intent': 'fsa-practical', 'argument': 'alphabet', 'dialogue_act': 'Ta:request', 'frame': {'alphabet': '?'}}
Accuracy;4;How many transitions are there in total in this automaton?;The automaton has 5 transitions: q0 with value 1 goes to q1, q1 with value 1 goes to q2, q2 with value 0 goes to q3, q3 with value 0 goes to q4, q4 with value 0 goes to q0.;['simbolo-q0-q1', 'simbolo-q1-q2', 'simbolo-q2-q3', 'simbolo-q3-q4', 'simbolo-q4-q0'];1.0;0;False;{'user_input': 'How many transitions are there in total in this automaton?', 'intent': 'fsa-practical', 'argument': 'transition', 'dialogue_act': 'Ta:request', 'frame': {'numberOfTransitions': '?'}}
Accuracy;4;hi, could you tell me how many transitions there are in this automaton?;The automaton has 5 transitions: q0 with value 1 goes to q1, q1 with value 1 goes to q2, q2 with value 0 goes to q3, q3 with value 0 goes to q4, q4 with value 0 goes to q0.;['simbolo-q0-q1', 'simbolo-q1-q2', 'simbolo-q2-q3', 'simbolo-q3-q4', 'simbolo-q4-q0'];1.0;0;False;{'user_input': 'hi, could you tell me how many transitions there are in this automaton?', 'intent': 'fsa-practical', 'argument': 'transition', 'dialogue_act': 'Ta:request', 'frame': {'numberOfTransitions': '?'}}
Accuracy;4;how many transitions does this finite state automaton have?;The automaton has 5 transitions: q0 with value 1 goes to q1, q1 with value 1 goes to q2, q2 with value 0 goes to q3, q3 with value 0 goes to q4, q4 with value 0 goes to q0.;['simbolo-q0-q1', 'simbolo-q1-q2', 'simbolo-q2-q3', 'simbolo-q3-q4', 'simbolo-q4-q0'];1.0;0;False;{'user_input': 'how many transitions does this finite state automaton have?', 'intent': 'fsa-practical', 'argument': 'transition', 'dialogue_act': 'Ta:request', 'frame': {'numberOfTransitions': '?'}}
Accuracy;4;What is the alphabet of this automaton?;Could you be more specific?;[];0.0;1;False;{'user_input': 'What is the alphabet of this automaton?', 'intent': 'fsa-practical', 'argument': 'alphabet', 'dialogue_act': 'Ta:request', 'frame': {'alphabet': '?'}}
Accuracy;4;What is the alphabet of this automaton?;Could you be more specific?;[];0.0;2;False;{'user_input': 'What is the alphabet of this automaton?', 'intent': 'fsa-practical', 'argument': 'alphabet', 'dialogue_act': 'Ta:request', 'frame': {'alphabet': '?'}}
Accuracy;4;Hi! For this automaton, what is its alphabet?;Could you be more specific?;[];0.0;3;False;{'user_input': 'Hi! For this automaton, what is its alphabet?', 'intent': 'fsa-practical', 'argument': 'alphabet', 'dialogue_act': 'Ta:request', 'frame': {'alphabet': '?'}}
Accuracy;4;what is the alphabet of this automaton?;Could you be more specific?;[];0.0;4;False;{'user_input': 'what is the alphabet of this automaton?', 'intent': 'fsa-practical', 'argument': 'alphabet', 'dialogue_act': 'Ta:request', 'frame': {'alphabet': '?'}}
Accuracy;4;What is the alphabet of this automaton?;Could you be more specific?;[];0.0;5;False;{'user_input': 'What is the alphabet of this automaton?', 'intent': 'fsa-practical', 'argument': 'alphabet', 'dialogue_act': 'Ta:request', 'frame': {'alphabet': '?'}}
Accuracy;4;"the alphabet of this automaton is not clear to me from the picture; what is the alphabet?";Could you be more specific?;[];0.0;6;False;"{'user_input': 'the alphabet of this automaton is not clear to me from the picture; what is the alphabet?', 'intent': 'fsa-practical', 'argument': 'alphabet', 'dialogue_act': 'Ta:propositionalQuestion', 'frame': {'alphabet': '?'}}"
Accuracy;4;what is the alphabet symbol for this equal to 0?;Could you be more specific?;[];0.0;7;False;{'user_input': 'what is the alphabet symbol for this equal to 0?', 'intent': 'fsa-practical', 'argument': 'alphabet', 'dialogue_act': 'Ta:request', 'frame': {'transitions': [['q1', 'q2', '?']]}, '_raw_frame': {'alphabet': '?'}}
Accuracy;4;what is the symbol of this in the alphabet?;Could you be more specific?;[];0.1;8;False;{'user_input': 'what is the symbol of this in the alphabet?', 'intent': 'fsa-practical', 'argument': 'alphabet', 'dialogue_act': 'Ta:request', 'frame': {'transitions': [['q1', 'q2', '?']]}, '_raw_frame': {'alphabet': '?'}}
Accuracy;4;what is the alphabet symbol of this?;Could you be more specific?;[];0.0;9;False;{'user_input': 'what is the alphabet symbol of this?', 'intent': 'fsa-practical', 'argument': 'alphabet', 'dialogue_act': 'Ta:propositionalQuestion', 'frame': {'transitions': [['q1', 'q2', '?']]}, '_raw_frame': {'alphabet': '?'}}
Accuracy;4;What is the symbol of the transition from state q1 to state q2?;the transition is not defined.;[];0.0;10;False;{'user_input': 'What is the symbol of the transition from state q1 to state q2?', 'intent': 'fsa-practical', 'argument': 'transition', 'dialogue_act': 'Ta:request', 'frame': {'transitions': [['q1', 'q2', '?']]}}
Accuracy;4;What is the transition from Q1 to Q2 with input symbol 0?;the transition is not defined.;[];1.0;10;False;{'user_input': 'What is the transition from Q1 to Q2 with input symbol 0?', 'intent': 'fsa-practical', 'argument': 'transition', 'dialogue_act': 'Ta:request', 'frame': {'transitions': [['Q1', 'Q2', '0']]}}
Accuracy;4;thank you, could you please tell me what is the label of this in this automaton?;MUTATION The transition between q1 and q2 is with value 1.;['simbolo-q1-q2'];0.2;11;True;{'user_input': 'thank you, could you please tell me what is the label of this in this automaton?', 'intent': 'fsa-practical', 'argument': 'state', 'dialogue_act': 'Ta:request', 'frame': {'transitions': [['q1', 'q2', '?']]}, '_raw_frame': {'stateLabel': '?'}}
Accuracy;5;What kind of language does this automaton recognize, in theoretical terms?;Could you be more specific?;[];0.0;1;False;{'user_input': 'What kind of language does this automaton recognize, in theoretical terms?', 'intent': 'fsa-practical', 'argument': 'language', 'dialogue_act': 'Ta:request', 'frame': {'input': '?'}}
Accuracy;5;What is the language accepted by this finite state automaton for an input string?;Could you be more specific?;[];0.0;2;False;{'user_input': 'What is the language accepted by this finite state automaton for an input string?', 'intent': 'fsa-practical', 'argument': 'language', 'dialogue_act': 'Ta:request', 'frame': {'input': '?'}}
Accuracy;5;Could you tell me what language is recognized by this automaton if it has 7 transitions?;Could you be more specific?;[];0.1;3;False;{'user_input': 'Could you tell me what language is recognized by this automaton if it has 7 transitions?', 'intent': 'fsa-practical', 'argument': 'language', 'dialogue_act': 'Ta:request', 'frame': {'numberOfTransitions': '7'}}
Accuracy;5;What is the language recognized by the automaton with 5 states shown on the tablet?;Could you be more specific?;[];0.0;4;False;{'user_input': 'What is the language recognized by the automaton with 5 states shown on the tablet?', 'intent': 'fsa-practical', 'argument': 'language', 'dialogue_act': 'Ta:request', 'frame': {'alphabet': '?', 'states': '?', 'transitions': [], 'initialState': '?', 'finalStates': '?'}}
Accuracy;5;is the language recognized by this finite state automaton?;Could you be more specific?;[];0.1;5;False;{'user_input': 'is the language recognized by this finite state automaton?', 'intent': 'fsa-practical', 'argument': 'language', 'dialogue_act': 'Ta:request', 'frame': {'input': '?'}}
Accuracy;5;What are the alphabet, the set of states, the transitions, the initial state, and the final states of this automaton?;Could you be more specific?;[];0.0;6;False;{'user_input': 'What are the alphabet, the set of states, the transitions, the initial state, and the final states of this automaton?', 'intent': 'fsa-practical', 'argument': 'alphabet', 'dialogue_act': 'Ta:request', 'frame': {'alphabet': '?', 'states': '?', 'transitions': [], 'initialState': '?', 'finalStates': '?'}}
Accuracy;5;What is the alphabet of this automaton?;Could you be more specific?;[];0.0;7;False;{'user_input': 'What is the alphabet of this automaton?', 'intent': 'fsa-practical', 'argument': 'alphabet', 'dialogue_act': 'Ta:request', 'frame': {'alphabet': '?'}}
Accuracy;5;What is the alphabet of this finite state automaton?;Could you be more specific?;[];0.0;8;False;{'user_input': 'What is the alphabet of this finite state automaton?', 'intent': 'fsa-practical', 'argument': 'alphabet', 'dialogue_act': 'Ta:request', 'frame': {'alphabet': '?'}}
Accuracy;5;Hi, could you tell me what the alphabet of this automaton is?;Could you be more specific?;[];0.0;9;False;{'user_input': 'Hi, could you tell me what the alphabet of this automaton is?', 'intent': 'fsa-practical', 'argument': 'alphabet', 'dialogue_act': 'Ta:request', 'frame': {'alphabet': '?'}}
Accuracy;5;What is the alphabet of this automaton?;Could you be more specific?;[];0.0;10;False;{'user_input': 'What is the alphabet of this automaton?', 'intent': 'fsa-practical', 'argument': 'alphabet', 'dialogue_act': 'Ta:request', 'frame': {'alphabet': '?'}}
Accuracy;5;What is the alphabet of this automaton and how should it be optimally represented in space?;Could you be more specific?;[];0.0;11;False;{'user_input': 'What is the alphabet of this automaton and how should it be optimally represented in space?', 'intent': 'fsa-practical', 'argument': 'alphabet', 'dialogue_act': 'Ta:request', 'frame': {'alphabet': '?', 'optimalRepresentation': ''}}
Accuracy;5;what is the typology of this automaton?;The automaton accepts zero or more words formed by a sequence of the type 11000. In total there are 5 states: q0, q1, q2, q3 and q4. q0 is both the initial and the final state. The transitions are: q0 with value 1 goes to q1, q1 with value 1 goes to q2, q2 with value 0 goes to q3, q3 with value 0 goes to q4, q4 with value 0 goes to q0.;[];0.1;12;False;{'user_input': 'what is the typology of this automaton?', 'intent': 'fsa-practical', 'argument': 'automaton', 'dialogue_act': 'Ta:request', 'frame': {'typology': '?'}}
Accuracy;5;what is the alphabet of this automaton?;Could you be more specific?;[];0.0;13;False;{'user_input': 'what is the alphabet of this automaton?', 'intent': 'fsa-practical', 'argument': 'alphabet', 'dialogue_act': 'Ta:request', 'frame': {'alphabet': '?'}}
Accuracy;5;what is the alphabet of this automaton?;Could you be more specific?;[];0.0;14;False;{'user_input': 'what is the alphabet of this automaton?', 'intent': 'fsa-practical', 'argument': 'alphabet', 'dialogue_act': 'Ta:request', 'frame': {'alphabet': '?'}}
Accuracy;5;what is the alphabet of this automaton?;Could you be more specific?;[];0.0;15;False;{'user_input': 'what is the alphabet of this automaton?', 'intent': 'fsa-practical', 'argument': 'alphabet', 'dialogue_act': 'Ta:request', 'frame': {'alphabet': '?'}}
Relevancy;1;Is there any transition that goes directly from q2 to q4?;the transition is not defined.;[];1.0;0;False;{'user_input': 'Is there any transition that goes directly from q2 to q4?', 'intent': 'fsa-practical', 'argument': 'transition', 'dialogue_act': 'Ta:request', 'frame': {'transitions': [['q2', 'q4', '?']]}}
Relevancy;1;What is the transition from state q2 to state q4 in this automaton?;the transition is not defined.;[];1.0;0;False;{'user_input': 'What is the transition from state q2 to state q4 in this automaton?', 'intent': 'fsa-practical', 'argument': 'transition', 'dialogue_act': 'Ta:request', 'frame': {'transitions': [['q2', 'q4', '?']]}}
Relevancy;1;no, the transition from q2 to q4 is not defined: what is the label of the transition from q2 to q4?;the transition is not defined.;[];1.0;0;False;{'user_input': 'no, the transition from q2 to q4 is not defined: what is the label of the transition from q2 to q4?', 'intent': 'fsa-practical', 'argument': 'transition', 'dialogue_act': 'Ta:request', 'frame': {'transitions': [['q2', 'q4', '?']]}}
Relevancy;1;add a transition so that the automaton has only 2 states.;The automaton has 5 transitions: q0 with value 1 goes to q1, q1 with value 1 goes to q2, q2 with value 0 goes to q3, q3 with value 0 goes to q4, q4 with value 0 goes to q0.;['simbolo-q0-q1', 'simbolo-q1-q2', 'simbolo-q2-q3', 'simbolo-q3-q4', 'simbolo-q4-q0'];0.2;1;False;{'user_input': 'add a transition so that the automaton has only 2 states.', 'intent': 'fsa-practical', 'argument': 'transition', 'dialogue_act': 'Ta:request', 'frame': {'numberOfStates': '2'}}
Relevancy;1;can you tell me if this automaton could be represented with only 2 states?;The automaton accepts zero or more words formed by a sequence of the type 11000. In total there are 5 states: q0, q1, q2, q3 and q4. q0 is both the initial and the final state. The transitions are: q0 with value 1 goes to q1, q1 with value 1 goes to q2, q2 with value 0 goes to q3, q3 with value 0 goes to q4, q4 with value 0 goes to q0.;[];0.3;2;False;{'user_input': 'can you tell me if this automaton could be represented with only 2 states?', 'intent': 'fsa-practical', 'argument': 'automaton', 'dialogue_act': 'Ta:propositionalQuestion', 'frame': {'graphicRepresentation': '?'}}
Relevancy;1;What are the transitions of this automaton over the alphabet [“1”, “0”]?;The automaton has 5 transitions: q0 with value 1 goes to q1, q1 with value 1 goes to q2, q2 with value 0 goes to q3, q3 with value 0 goes to q4, q4 with value 0 goes to q0.;['simbolo-q0-q1', 'simbolo-q1-q2', 'simbolo-q2-q3', 'simbolo-q3-q4', 'simbolo-q4-q0'];1.0;2;False;{'user_input': 'What are the transitions of this automaton over the alphabet [“1”, “0”]?', 'intent': 'fsa-practical', 'argument': 'transition', 'dialogue_act': 'Ta:request', 'frame': {'alphabet': '1'}}
Relevancy;1;"no, the number of states is not 2; you made a mistake about that transition.";The automaton has 5 transitions: q0 with value 1 goes to q1, q1 with value 1 goes to q2, q2 with value 0 goes to q3, q3 with value 0 goes to q4, q4 with value 0 goes to q0.;['simbolo-q0-q1', 'simbolo-q1-q2', 'simbolo-q2-q3', 'simbolo-q3-q4', 'simbolo-q4-q0'];0.4;2;False;"{'user_input': 'no, the number of states is not 2; you made a mistake about that transition.', 'intent': 'fsa-practical', 'argument': 'transition', 'dialogue_act': 'Ta:request', 'frame': {'numberOfStates': '?'}}"
Relevancy;1;can you explain, from a theoretical point of view, what a transition is in a finite state automaton that has 2 states?;the transition is not defined.;[];0.1;3;False;{'user_input': 'can you explain, from a theoretical point of view, what a transition is in a finite state automaton that has 2 states?', 'intent': 'fsa-practical', 'argument': 'transition', 'dialogue_act': 'Ta:request', 'frame': {'transitions': [['state', 'state', '?']]}}
Relevancy;1;Is the automaton shown on the tablet deterministic in terms of its transitions?;The automaton accepts zero or more words formed by a sequence of the type 11000. In total there are 5 states: q0, q1, q2, q3 and q4. q0 is both the initial and the final state. The transitions are: q0 with value 1 goes to q1, q1 with value 1 goes to q2, q2 with value 0 goes to q3, q3 with value 0 goes to q4, q4 with value 0 goes to q0.;[];0.2;4;False;{'user_input': 'Is the automaton shown on the tablet deterministic in terms of its transitions?', 'intent': 'fsa-practical', 'argument': 'automaton', 'dialogue_act': 'Ta:request', 'frame': {'transitional': '?'}}
Relevancy;1;what are the transitions of this automaton?;The automaton has 5 transitions: q0 with value 1 goes to q1, q1 with value 1 goes to q2, q2 with value 0 goes to q3, q3 with value 0 goes to q4, q4 with value 0 goes to q0.;['simbolo-q0-q1', 'simbolo-q1-q2', 'simbolo-q2-q3', 'simbolo-q3-q4', 'simbolo-q4-q0'];1.0;4;False;{'user_input': 'what are the transitions of this automaton?', 'intent': 'fsa-practical', 'argument': 'transition', 'dialogue_act': 'Ta:request', 'frame': {'transitions': []}}
Relevancy;1;What is the optimal spatial representation of the transitions in this automaton?;The automaton has 5 transitions: q0 with value 1 goes to q1, q1 with value 1 goes to q2, q2 with value 0 goes to q3, q3 with value 0 goes to q4, q4 with value 0 goes to q0.;['simbolo-q0-q1', 'simbolo-q1-q2', 'simbolo-q2-q3', 'simbolo-q3-q4', 'simbolo-q4-q0'];0.3;5;False;{'user_input': 'What is the optimal spatial representation of the transitions in this automaton?', 'intent': 'fsa-practical', 'argument': 'transition', 'dialogue_act': 'Ta:request', 'frame': {'transitionalSpatialRepresentation': '?'}}
Relevancy;1;what is the language recognized by this automaton given its transitions from q0 to q1 on 1, from q1 to q2 on 1, from q2 to q3 on 0, from q3 to q4 on 0, and from q4 to q0 on 0?;Could you be more specific?;[];0.1;6;False;{'user_input': 'what is the language recognized by this automaton given its transitions from q0 to q1 on 1, from q1 to q2 on 1, from q2 to q3 on 0, from q3 to q4 on 0, and from q4 to q0 on 0?', 'intent': 'fsa-practical', 'argument': 'language', 'dialogue_act': 'Ta:request', 'frame': {'alphabet': '0', 'input': '1', 'transitions': [], 'states': 'q0,q1,q2,q3,q4'}}
Relevancy;1;What is the formal definition of the language recognized by this finite state automaton with alphabet {0}, input 1, and states q0,q1,q2,q3,q4?;Could you be more specific?;[];0.1;7;False;{'user_input': 'What is the formal definition of the language recognized by this finite state automaton with alphabet {0}, input 1, and states q0,q1,q2,q3,q4?', 'intent': 'fsa-practical', 'argument': 'language', 'dialogue_act': 'Ta:request', 'frame': {'alphabet': ['0'], 'input': '1', 'states': ['q0', 'q1', 'q2', 'q3', 'q4']}}
Relevancy;1;what is the language recognized by this finite automaton?;Could you be more specific?;[];0.1;8;False;{'user_input': 'what is the language recognized by this finite automaton?', 'intent': 'fsa-practical', 'argument': 'language', 'dialogue_act': 'Ta:request', 'frame': {'input': '?'}}
Relevancy;1;hello! for this automaton, could you help me understand what language it recognizes for a given input?;Could you be more specific?;[];0.1;9;False;{'user_input': 'hello! for this automaton, could you help me understand what language it recognizes for a given input?', 'intent': 'fsa-practical', 'argument': 'language', 'dialogue_act': 'Ta:request', 'frame': {'input': '?'}}
Relevancy;2;What is the value on the transition from q1 to q2 in this automaton?;the transition is not defined.;[];0.2;1;False;{'user_input': 'What is the value on the transition from q1 to q2 in this automaton?', 'intent': 'fsa-practical', 'argument': 'transition', 'dialogue_act': 'Ta:request', 'frame': {'transitions': [['q1', 'q2', '?']]}}
Relevancy;2;What is the label of the transition from q1 to q2?;the transition is not defined.;[];0.2;2;False;{'user_input': 'What is the label of the transition from q1 to q2?', 'intent': 'fsa-practical', 'argument': 'transition', 'dialogue_act': 'Ta:request', 'frame': {'transitions': [['q1', 'q2', '?']]}}
Relevancy;2;What is the label of the transition that goes from state q1 to state q2 in this automaton?;the transition is not defined.;[];0.9;2;False;{'user_input': 'What is the label of the transition that goes from state q1 to state q2 in this automaton?', 'intent': 'fsa-practical', 'argument': 'transition', 'dialogue_act': 'Ta:request', 'frame': {'transitions': [['q1', 'q2', '?']]}}
Relevancy;2;Before I go, could you tell me what is the label of the transition from q1 to q2?;the transition is not defined.;[];0.2;3;False;{'user_input': 'Before I go, could you tell me what is the label of the transition from q1 to q2?', 'intent': 'fsa-practical', 'argument': 'transition', 'dialogue_act': 'Ta:request', 'frame': {'transitions': [['q1', 'q2', '?']]}}
Relevancy;2;what is the graphic representation of the transition structure of this automaton?;The automaton accepts zero or more words formed by a sequence of the type 11000. In total there are 5 states: q0, q1, q2, q3 and q4. q0 is both the initial and the final state. The transitions are: q0 with value 1 goes to q1, q1 with value 1 goes to q2, q2 with value 0 goes to q3, q3 with value 0 goes to q4, q4 with value 0 goes to q0.;[];0.95;3;False;{'user_input': 'what is the graphic representation of the transition structure of this automaton?', 'intent': 'fsa-practical', 'argument': None, 'dialogue_act': 'Ta:request', 'frame': {'graphicRepresentation': '?'}}
Relevancy;2;To which state does the transition go?;The automaton has 5 transitions: q0 with value 1 goes to q1, q1 with value 1 goes to q2, q2 with value 0 goes to q3, q3 with value 0 goes to q4, q4 with value 0 goes to q0.;['simbolo-q0-q1', 'simbolo-q1-q2', 'simbolo-q2-q3', 'simbolo-q3-q4', 'simbolo-q4-q0'];0.3;4;False;{'user_input': 'To which state does the transition go?', 'intent': 'fsa-practical', 'argument': 'transition', 'dialogue_act': 'Ta:request', 'frame': {'transitions': []}}
Relevancy;2;what is the label of the transition that goes from this to that?;The transition from q1 to q2 has value 1.;['simbolo-q1-q2'];1.0;4;False;{'user_input': 'what is the label of the transition that goes from this to that?', 'intent': 'fsa-practical', 'argument': 'transition', 'dialogue_act': 'Ta:request', 'frame': {'states': ['q2', 'q1']}, '_raw_frame': {'transitions': []}}
Relevancy;2;what is the input symbol for this?;Could you be more specific?;[];0.1;5;False;{'user_input': 'what is the input symbol for this?', 'intent': 'fsa-practical', 'argument': 'alphabet', 'dialogue_act': 'Ta:request', 'frame': {'transitions': [['q1', 'q2', '?']]}, '_raw_frame': {'input': '?'}}
Relevancy;2;What is the symbol (alphabet value) of the transition from state q1 to state q2?;The automaton has 5 transitions: q0 with value 1 goes to q1, q1 with value 1 goes to q2, q2 with value 0 goes to q3, q3 with value 0 goes to q4, q4 with value 0 goes to q0.;['simbolo-q0-q1', 'simbolo-q1-q2', 'simbolo-q2-q3', 'simbolo-q3-q4', 'simbolo-q4-q0'];0.4;5;False;{'user_input': 'What is the symbol (alphabet value) of the transition from state q1 to state q2?', 'intent': 'fsa-practical', 'argument': 'transition', 'dialogue_act': 'Ta:request', 'frame': {'alphabet': '?'}}
Relevancy;2;What is the alphabet of the automaton in state q2?;Could you be more specific?;[];0.1;6;False;{'user_input': 'What is the alphabet of the automaton in state q2?', 'intent': 'fsa-practical', 'argument': 'alphabet', 'dialogue_act': 'Ta:request', 'frame': {'alphabet': '?'}}
Relevancy;2;What is the alphabet of this regular language?;Could you be more specific?;[];0.1;7;False;{'user_input': 'What is the alphabet of this regular language?', 'intent': 'fsa-practical', 'argument': 'alphabet', 'dialogue_act': 'Ta:request', 'frame': {'alphabet': '?'}}
Relevancy;2;"No, the alphabet of this automaton isn’t right; can you tell me what the alphabet is?";Could you be more specific?;[];0.1;8;False;"{'user_input': 'No, the alphabet of this automaton isn’t right; can you tell me what the alphabet is?', 'intent': 'fsa-practical', 'argument': 'alphabet', 'dialogue_act': 'Ta:propositionalQuestion', 'frame': {'alphabet': '?'}}"
Relevancy;2;what is the alphabet of this finite state automaton?;Could you be more specific?;[];0.1;9;False;{'user_input': 'what is the alphabet of this finite state automaton?', 'intent': 'fsa-practical', 'argument': 'alphabet', 'dialogue_act': 'Ta:request', 'frame': {'alphabet': '?'}}
Relevancy;2;what is the alphabet of this automaton?;Could you be more specific?;[];0.1;10;False;{'user_input': 'what is the alphabet of this automaton?', 'intent': 'fsa-practical', 'argument': 'alphabet', 'dialogue_act': 'Ta:request', 'frame': {'alphabet': '?'}}
Relevancy;2;What is the alphabet of this automaton?;Could you be more specific?;[];0.1;11;False;{'user_input': 'What is the alphabet of this automaton?', 'intent': 'fsa-practical', 'argument': 'alphabet', 'dialogue_act': 'Ta:request', 'frame': {'alphabet': '?'}}
Relevancy;3;How many transitions in total are shown in this finite state machine?;The automaton has 5 transitions: q0 with value 1 goes to q1, q1 with value 1 goes to q2, q2 with value 0 goes to q3, q3 with value 0 goes to q4, q4 with value 0 goes to q0.;['simbolo-q0-q1', 'simbolo-q1-q2', 'simbolo-q2-q3', 'simbolo-q3-q4', 'simbolo-q4-q0'];1.0;0;False;{'user_input': 'How many transitions in total are shown in this finite state machine?', 'intent': 'fsa-practical', 'argument': 'transition', 'dialogue_act': 'Ta:request', 'frame': {'numberOfTransitions': '?'}}
Relevancy;3;how many transitions are there in this automaton?;The automaton has 5 transitions: q0 with value 1 goes to q1, q1 with value 1 goes to q2, q2 with value 0 goes to q3, q3 with value 0 goes to q4, q4 with value 0 goes to q0.;['simbolo-q0-q1', 'simbolo-q1-q2', 'simbolo-q2-q3', 'simbolo-q3-q4', 'simbolo-q4-q0'];1.0;0;False;{'user_input': 'how many transitions are there in this automaton?', 'intent': 'fsa-practical', 'argument': 'transition', 'dialogue_act': 'Ta:request', 'frame': {'numberOfTransitions': '?'}}
Relevancy;3;Thanks, could you tell me how many transitions this automaton has?;The automaton has 5 transitions: q0 with value 1 goes to q1, q1 with value 1 goes to q2, q2 with value 0 goes to q3, q3 with value 0 goes to q4, q4 with value 0 goes to q0.;['simbolo-q0-q1', 'simbolo-q1-q2', 'simbolo-q2-q3', 'simbolo-q3-q4', 'simbolo-q4-q0'];1.0;0;False;{'user_input': 'Thanks, could you tell me how many transitions this automaton has?', 'intent': 'fsa-practical', 'argument': 'transition', 'dialogue_act': 'Ta:request', 'frame': {'numberOfTransitions': '?'}}
Relevancy;3;before i leave, could you tell me how many transitions there are in this automaton?;The automaton has 5 transitions: q0 with value 1 goes to q1, q1 with value 1 goes to q2, q2 with value 0 goes to q3, q3 with value 0 goes to q4, q4 with value 0 goes to q0.;['simbolo-q0-q1', 'simbolo-q1-q2', 'simbolo-q2-q3', 'simbolo-q3-q4', 'simbolo-q4-q0'];1.0;0;False;{'user_input': 'before i leave, could you tell me how many transitions there are in this automaton?', 'intent': 'fsa-practical', 'argument': 'transition', 'dialogue_act': 'Ta:request', 'frame': {'numberOfTransitions': '?'}}
Relevancy;3;how many transitions does this finite state automaton have?;The automaton has 5 transitions: q0 with value 1 goes to q1, q1 with value 1 goes to q2, q2 with value 0 goes to q3, q3 with value 0 goes to q4, q4 with value 0 goes to q0.;['simbolo-q0-q1', 'simbolo-q1-q2', 'simbolo-q2-q3', 'simbolo-q3-q4', 'simbolo-q4-q0'];1.0;0;False;{'user_input': 'how many transitions does this finite state automaton have?', 'intent': 'fsa-practical', 'argument': 'transition', 'dialogue_act': 'Ta:request', 'frame': {'numberOfTransitions': '?'}}
Relevancy;3;How many transitions are there in the automaton?;The automaton has 5 transitions: q0 with value 1 goes to q1, q1 with value 1 goes to q2, q2 with value 0 goes to q3, q3 with value 0 goes to q4, q4 with value 0 goes to q0.;['simbolo-q0-q1', 'simbolo-q1-q2', 'simbolo-q2-q3', 'simbolo-q3-q4', 'simbolo-q4-q0'];1.0;0;False;{'user_input': 'How many transitions are there in the automaton?', 'intent': 'fsa-practical', 'argument': 'transition', 'dialogue_act': 'Ta:request', 'frame': {'numberOfTransitions': '?'}}
Relevancy;3;How many transitions does this automaton have?;The automaton has 5 transitions: q0 with value 1 goes to q1, q1 with value 1 goes to q2, q2 with value 0 goes to q3, q3 with value 0 goes to q4, q4 with value 0 goes to q0.;['simbolo-q0-q1', 'simbolo-q1-q2', 'simbolo-q2-q3', 'simbolo-q3-q4', 'simbolo-q4-q0'];1.0;0;False;{'user_input': 'How many transitions does this automaton have?', 'intent': 'fsa-practical', 'argument': 'transition', 'dialogue_act': 'Ta:request', 'frame': {'numberOfTransitions': '?'}}
Relevancy;3;how many transitions does this finite state automaton have?;The automaton has 5 transitions: q0 with value 1 goes to q1, q1 with value 1 goes to q2, q2 with value 0 goes to q3, q3 with value 0 goes to q4, q4 with value 0 goes to q0.;['simbolo-q0-q1', 'simbolo-q1-q2', 'simbolo-q2-q3', 'simbolo-q3-q4', 'simbolo-q4-q0'];1.0;0;False;{'user_input': 'how many transitions does this finite state automaton have?', 'intent': 'fsa-practical', 'argument': 'transition', 'dialogue_act': 'Ta:request', 'frame': {'numberOfTransitions': '?'}}
Relevancy;3;Thank you! Could you tell me how many transitions this automaton has?;The automaton has 5 transitions: q0 with value 1 goes to q1, q1 with value 1 goes to q2, q2 with value 0 goes to q3, q3 with value 0 goes to q4, q4 with value 0 goes to q0.;['simbolo-q0-q1', 'simbolo-q1-q2', 'simbolo-q2-q3', 'simbolo-q3-q4', 'simbolo-q4-q0'];1.0;0;False;{'user_input': 'Thank you! Could you tell me how many transitions this automaton has?', 'intent': 'fsa-practical', 'argument': 'transition', 'dialogue_act': 'Ta:request', 'frame': {'numberOfTransitions': '?'}}
Relevancy;3;which state in this automaton has the highest number of transitions?;The automaton has 5 states: q0, q1, q2, q3 and q4.;['simbolo-q0', 'simbolo-q1', 'simbolo-q2', 'simbolo-q3', 'simbolo-q4'];0.2;1;False;{'user_input': 'which state in this automaton has the highest number of transitions?', 'intent': 'fsa-practical', 'argument': 'state', 'dialogue_act': 'Ta:request', 'frame': {'stateWithMostTransitions': '?'}}
Relevancy;3;What are the initial states of the automaton, q1 and q2?;The automaton has 5 states: q0, q1, q2, q3 and q4.;['simbolo-q0', 'simbolo-q1', 'simbolo-q2', 'simbolo-q3', 'simbolo-q4'];0.3;2;False;{'user_input': 'What are the initial states of the automaton, q1 and q2?', 'intent': 'fsa-practical', 'argument': 'state', 'dialogue_act': 'Ta:request', 'frame': {'initialStates': 'q1'}}
Relevancy;3;Which state of this automaton has the highest number of transitions?;The automaton has 5 states: q0, q1, q2, q3 and q4.;['simbolo-q0', 'simbolo-q1', 'simbolo-q2', 'simbolo-q3', 'simbolo-q4'];0.2;3;False;{'user_input': 'Which state of this automaton has the highest number of transitions?', 'intent': 'fsa-practical', 'argument': 'state', 'dialogue_act': 'Ta:request', 'frame': {'stateWithMostTransitions': '?'}}
Relevancy;3;Let me correct myself: considering this automaton, which state has the highest number of transitions?;The automaton has 5 states: q0, q1, q2, q3 and q4.;['simbolo-q0', 'simbolo-q1', 'simbolo-q2', 'simbolo-q3', 'simbolo-q4'];0.2;4;False;{'user_input': 'Let me correct myself: considering this automaton, which state has the highest number of transitions?', 'intent': 'fsa-practical', 'argument': 'state', 'dialogue_act': 'Ta:request', 'frame': {'stateWithMostTransitions': '?'}}
Relevancy;3;for the input string `11000`, what is the resulting state of the automaton and is the output accepted?;The automaton has 5 states: q0, q1, q2, q3 and q4.;['simbolo-q0', 'simbolo-q1', 'simbolo-q2', 'simbolo-q3', 'simbolo-q4'];0.2;5;False;{'user_input': 'for the input string `11000`, what is the resulting state of the automaton and is the output accepted?', 'intent': 'fsa-practical', 'argument': 'state', 'dialogue_act': 'Ta:request', 'frame': {'input': '11000'}}
Relevancy;3;What is the state represented by the triangle in the graphical representation of this automaton?;The automaton has 5 states: q0, q1, q2, q3 and q4.;['simbolo-q0', 'simbolo-q1', 'simbolo-q2', 'simbolo-q3', 'simbolo-q4'];0.2;6;False;{'user_input': 'What is the state represented by the triangle in the graphical representation of this automaton?', 'intent': 'fsa-practical', 'argument': 'state', 'dialogue_act': 'Ta:request', 'frame': {'state': '?'}}
Relevancy;4;What is the difference between the initial state and a final state in a finite state automaton?;The initial state is q0.;['simbolo-q0'];0.2;1;False;{'user_input': 'What is the difference between the initial state and a final state in a finite state automaton?', 'intent': 'fsa-practical', 'argument': 'state', 'dialogue_act': 'Ta:request', 'frame': {'initialState': '?', 'finalStates': '?'}}
Relevancy;4;what are the initial state and the final states of this automaton?;The initial state is q0.;['simbolo-q0'];0.7;1;False;{'user_input': 'what are the initial state and the final states of this automaton?', 'intent': 'fsa-practical', 'argument': 'state', 'dialogue_act': 'Ta:request', 'frame': {'initialState': '?', 'finalStates': '?'}}
Relevancy;4;What is the alphabet of this automaton, and which states are the initial and final ones?;Could you be more specific?;[];0.1;2;False;{'user_input': 'What is the alphabet of this automaton, and which states are the initial and final ones?', 'intent': 'fsa-practical', 'argument': 'alphabet', 'dialogue_act': 'Ta:request', 'frame': {'alphabet': '?', 'initialState': '?', 'finalStates': '?'}}
Relevancy;4;what is the language accepted by this automaton, and what are its alphabet, initial state, and final states?;Could you be more specific?;[];0.1;3;False;{'user_input': 'what is the language accepted by this automaton, and what are its alphabet, initial state, and final states?', 'intent': 'fsa-practical', 'argument': 'language', 'dialogue_act': 'Ta:request', 'frame': {'alphabet': '?', 'initialState': 'q0', 'finalStates': '?'}}
Relevancy;4;The alphabet is “?” and the initial state is q0, but what is the language recognized by this automaton and which are its final states?;Could you be more specific?;[];0.1;4;False;{'user_input': 'The alphabet is “?” and the initial state is q0, but what is the language recognized by this automaton and which are its final states?', 'intent': 'fsa-practical', 'argument': 'alphabet', 'dialogue_act': 'Ta:request', 'frame': {'alphabet': '?', 'initialState': 'q0'}}
Relevancy;4;what is the alphabet of the automaton if the initial state is q0?;Could you be more specific?;[];0.1;5;False;{'user_input': 'what is the alphabet of the automaton if the initial state is q0?', 'intent': 'fsa-practical', 'argument': 'alphabet', 'dialogue_act': 'Ta:request', 'frame': {'alphabet': '?'}}
Relevancy;4;What is the alphabet of this automaton?;Could you be more specific?;[];0.1;6;False;{'user_input': 'What is the alphabet of this automaton?', 'intent': 'fsa-practical', 'argument': 'alphabet', 'dialogue_act': 'Ta:request', 'frame': {'alphabet': '?'}}
Relevancy;4;what is the language accepted by this automaton and what is its alphabet?;Could you be more specific?;[];0.1;7;False;{'user_input': 'what is the language accepted by this automaton and what is its alphabet?', 'intent': 'fsa-practical', 'argument': 'language', 'dialogue_act': 'Ta:request', 'frame': {'alphabet': '?', 'language': '?'}}
Relevancy;4;What is the language recognized by this finite state automaton and what is its alphabet?;Could you be more specific?;[];0.1;8;False;{'user_input': 'What is the language recognized by this finite state automaton and what is its alphabet?', 'intent': 'fsa-practical', 'argument': 'language', 'dialogue_act': 'Ta:request', 'frame': {'alphabet': '?', 'language': '?'}}
Relevancy;4;What is the language recognized by this automaton, and what is its alphabet?;Could you be more specific?;[];0.1;9;False;{'user_input': 'What is the language recognized by this automaton, and what is its alphabet?', 'intent': 'fsa-practical', 'argument': 'language', 'dialogue_act': 'Ta:request', 'frame': {'alphabet': '?', 'language': '?'}}
Relevancy;4;What is the language recognized by this automaton and what is its alphabet?;Could you be more specific?;[];0.1;10;False;{'user_input': 'What is the language recognized by this automaton and what is its alphabet?', 'intent': 'fsa-practical', 'argument': 'language', 'dialogue_act': 'Ta:propositionalQuestion', 'frame': {'alphabet': '?', 'language': '?'}}
Relevancy;4;what is the language accepted by this automaton from this to which state?;Could you be more specific?;[];0.2;11;False;{'user_input': 'what is the language accepted by this automaton from this to which state?', 'intent': 'fsa-practical', 'argument': 'language', 'dialogue_act': 'Ta:propositionalQuestion', 'frame': {'finalStates': ['?'], 'states': ['q0']}, '_raw_frame': {'input': '?', 'finalStates': '?'}}
Relevancy;4;what is the language accepted by the automaton for this with input symbol 0?;Could you be more specific?;[];0.1;12;False;{'user_input': 'what is the language accepted by the automaton for this with input symbol 0?', 'intent': 'fsa-practical', 'argument': 'language', 'dialogue_act': 'Ta:request', 'frame': {'transitions': [['q1', 'q2', '?']]}, '_raw_frame': {'input': '0'}}
Relevancy;4;in this automaton, what is the language recognized if it has only 2 states?;Could you be more specific?;[];0.2;13;False;{'user_input': 'in this automaton, what is the language recognized if it has only 2 states?', 'intent': 'fsa-practical', 'argument': 'language', 'dialogue_act': 'Ta:request', 'frame': {'numberOfStates': '2'}}
Relevancy;4;which language is recognized by this automaton given this with an unknown input symbol?;Could you be more specific?;[];0.2;14;False;{'user_input': 'which language is recognized by this automaton given this with an unknown input symbol?', 'intent': 'fsa-practical', 'argument': 'language', 'dialogue_act': 'Ta:propositionalQuestion', 'frame': {'transitions': [['q1', 'q2', '?']]}, '_raw_frame': {'input': '?'}}
Relevancy;5;Does this automaton accept the input string 11000 starting from q0?;Could you be more specific?;[];0.1;1;False;{'user_input': 'Does this automaton accept the input string 11000 starting from q0?', 'intent': 'fsa-practical', 'argument': 'language', 'dialogue_act': 'Ta:propositionalQuestion', 'frame': {'input': '11000'}}
Relevancy;5;What is the language accepted by this automaton for the input 11000?;Could you be more specific?;[];0.1;2;False;{'user_input': 'What is the language accepted by this automaton for the input 11000?', 'intent': 'fsa-practical', 'argument': 'language', 'dialogue_act': 'Ta:request', 'frame': {'input': '11000'}}
Relevancy;5;What is the language accepted by this automaton for the input string 11000?;Could you be more specific?;[];0.1;3;False;{'user_input': 'What is the language accepted by this automaton for the input string 11000?', 'intent': 'fsa-practical', 'argument': 'language', 'dialogue_act': 'Ta:request', 'frame': {'input': '11000'}}
Relevancy;5;what is the language accepted by this automaton for the input 11000?;Could you be more specific?;[];0.1;4;False;{'user_input': 'what is the language accepted by this automaton for the input 11000?', 'intent': 'fsa-practical', 'argument': 'language', 'dialogue_act': 'Ta:request', 'frame': {'input': '11000'}}
Relevancy;5;what is the language recognized by this automaton, i.e., for which input strings does it output “accepted”?;Could you be more specific?;[];0.1;5;False;{'user_input': 'what is the language recognized by this automaton, i.e., for which input strings does it output “accepted”?', 'intent': 'fsa-practical', 'argument': 'language', 'dialogue_act': 'Ta:request', 'frame': {'language': '?'}}
Relevancy;5;which transitions does this automaton have?;The automaton has 5 transitions: q0 with value 1 goes to q1, q1 with value 1 goes to q2, q2 with value 0 goes to q3, q3 with value 0 goes to q4, q4 with value 0 goes to q0.;['simbolo-q0-q1', 'simbolo-q1-q2', 'simbolo-q2-q3', 'simbolo-q3-q4', 'simbolo-q4-q0'];1.0;5;False;{'user_input': 'which transitions does this automaton have?', 'intent': 'fsa-practical', 'argument': 'transition', 'dialogue_act': 'Ta:request', 'frame': {}}
Relevancy;5;what is the language recognized by this finite state automaton?;Could you be more specific?;[];0.1;6;False;{'user_input': 'what is the language recognized by this finite state automaton?', 'intent': 'fsa-practical', 'argument': 'language', 'dialogue_act': 'Ta:request', 'frame': {'input': '?'}}
Relevancy;5;Hi, could you help me understand the language recognized by this automaton for some input strings?;Could you be more specific?;[];0.3;7;False;{'user_input': 'Hi, could you help me understand the language recognized by this automaton for some input strings?', 'intent': 'fsa-practical', 'argument': 'language', 'dialogue_act': 'Ta:request', 'frame': {'input': '?'}}
Relevancy;5;Can you tell me what language is recognized by this finite state automaton for an input string like “?”?;Could you be more specific?;[];0.3;8;False;{'user_input': 'Can you tell me what language is recognized by this finite state automaton for an input string like “?”?', 'intent': 'fsa-practical', 'argument': 'language', 'dialogue_act': 'Ta:request', 'frame': {'input': '?'}}
Relevancy;5;what input string should i give to this automaton to traverse the transition from q0 through q1, q2, q3, q4 and return to q0?;Could you be more specific?;[];0.1;9;False;{'user_input': 'what input string should i give to this automaton to traverse the transition from q0 through q1, q2, q3, q4 and return to q0?', 'intent': 'fsa-practical', 'argument': 'language', 'dialogue_act': 'Ta:request', 'frame': {'transitions': [['q0', 'q1', '?'], ['q1', 'q2', '?'], ['q2', 'q3', '?'], ['q3', 'q4', '?'], ['q4', 'q0', '?']]}}
Relevancy;5;what is the language accepted by this automaton in the triangular graphical representation?;Could you be more specific?;[];0.1;10;False;{'user_input': 'what is the language accepted by this automaton in the triangular graphical representation?', 'intent': 'fsa-practical', 'argument': 'language', 'dialogue_act': 'Ta:request', 'frame': {'graphicRepresentation': 'triangular'}}
Relevancy;5;Does this automaton accept the language of all binary strings that contain the pattern 11000?;Could you be more specific?;[];0.1;11;False;{'user_input': 'Does this automaton accept the language of all binary strings that contain the pattern 11000?', 'intent': 'fsa-practical', 'argument': 'language', 'dialogue_act': 'Ta:request', 'frame': {'pattern': '11000'}}
Relevancy;5;What language does this automaton accept for the input pattern 11000?;Could you be more specific?;[];0.1;12;False;{'user_input': 'What language does this automaton accept for the input pattern 11000?', 'intent': 'fsa-practical', 'argument': 'language', 'dialogue_act': 'Ta:request', 'frame': {'input': '11000'}}
Relevancy;5;Does this automaton accept the input string, meaning is the output accepted?;Could you be more specific?;[];0.2;13;False;{'user_input': 'Does this automaton accept the input string, meaning is the output accepted?', 'intent': 'fsa-practical', 'argument': 'language', 'dialogue_act': 'Ta:propositionalQuestion', 'frame': {'input': '?'}}
Relevancy;5;What is the language accepted by this automaton, specifically which strings lead from any state to a final state?;Could you be more specific?;[];0.1;14;False;{'user_input': 'What is the language accepted by this automaton, specifically which strings lead from any state to a final state?', 'intent': 'fsa-practical', 'argument': 'language', 'dialogue_act': 'Ta:request', 'frame': {'input': '?'}}
Correctness;1;Is it possible to go from q2 directly to q4 in this automaton?;the transition is not defined.;[];1.0;0;False;{'user_input': 'Is it possible to go from q2 directly to q4 in this automaton?', 'intent': 'fsa-practical', 'argument': 'transition', 'dialogue_act': 'Ta:propositionalQuestion', 'frame': {'transitions': [['q2', 'q4', '?']]}}
Correctness;1;before we say goodbye, could you tell me what is the missing symbol on the transition from q2 to q4?;the transition is not defined.;[];0.2;1;False;{'user_input': 'before we say goodbye, could you tell me what is the missing symbol on the transition from q2 to q4?', 'intent': 'fsa-practical', 'argument': 'transition', 'dialogue_act': 'Ta:request', 'frame': {'transitions': [['q2', 'q4', '?']]}}
Correctness;1;what is the transition label for the edge that goes from this to that?;There is no transition between q4 and q2.;[];1.0;1;False;{'user_input': 'what is the transition label for the edge that goes from this to that?', 'intent': 'fsa-practical', 'argument': 'transition', 'dialogue_act': 'Ta:request', 'frame': {'states': ['q4', 'q2']}, '_raw_frame': {'transitions': []}}
Correctness;1;what is the transition label from this to that?;There is no transition between q4 and q2.;[];1.0;1;False;{'user_input': 'what is the transition label from this to that?', 'intent': 'fsa-practical', 'argument': 'transition', 'dialogue_act': 'Ta:request', 'frame': {'states': ['q4', 'q2']}, '_raw_frame': {'transitions': []}}
Correctness;1;what is the label of the transition that goes from this to that?;There is no transition between q4 and q2.;[];0.9;1;False;{'user_input': 'what is the label of the transition that goes from this to that?', 'intent': 'fsa-practical', 'argument': 'transition', 'dialogue_act': 'Ta:request', 'frame': {'states': ['q4', 'q2']}, '_raw_frame': {'transitions': []}}
Correctness;1;For the input string `11000`, what is the transition sequence of the automaton and is the output accepted or denied?;The automaton has 5 transitions: q0 with value 1 goes to q1, q1 with value 1 goes to q2, q2 with value 0 goes to q3, q3 with value 0 goes to q4, q4 with value 0 goes to q0.;['simbolo-q0-q1', 'simbolo-q1-q2', 'simbolo-q2-q3', 'simbolo-q3-q4', 'simbolo-q4-q0'];0.6;1;False;{'user_input': 'For the input string `11000`, what is the transition sequence of the automaton and is the output accepted or denied?', 'intent': 'fsa-practical', 'argument': 'transition', 'dialogue_act': 'Ta:request', 'frame': {'transitions': []}}
Correctness;1;Which state in this automaton has the highest number of transitions?;The automaton has 5 states: q0, q1, q2, q3 and q4.;['simbolo-q0', 'simbolo-q1', 'simbolo-q2', 'simbolo-q3', 'simbolo-q4'];0.0;2;False;{'user_input': 'Which state in this automaton has the highest number of transitions?', 'intent': 'fsa-practical', 'argument': 'state', 'dialogue_act': 'Ta:request', 'frame': {'stateWithMostTransitions': '?'}}
Correctness;1;to which state does the automaton go? i think it goes to q1.;The state q0 exists.;['simbolo-q0'];0.1;3;False;{'user_input': 'to which state does the automaton go? i think it goes to q1.', 'intent': 'fsa-practical', 'argument': 'state', 'dialogue_act': 'Ta:request', 'frame': {'states': 'q1'}}
Correctness;1;Which state in this automaton has the highest number of transitions?;The automaton has 5 states: q0, q1, q2, q3 and q4.;['simbolo-q0', 'simbolo-q1', 'simbolo-q2', 'simbolo-q3', 'simbolo-q4'];0.0;4;False;{'user_input': 'Which state in this automaton has the highest number of transitions?', 'intent': 'fsa-practical', 'argument': 'state', 'dialogue_act': 'Ta:request', 'frame': {'stateWithMostTransitions': '?'}}
Correctness;1;what information can you give me about this in this automaton?;The state q2 exists.;['simbolo-q2'];0.2;5;False;{'user_input': 'what information can you give me about this in this automaton?', 'intent': 'fsa-practical', 'argument': 'state', 'dialogue_act': 'Ta:request', 'frame': {'states': ['q2']}, '_raw_frame': {'state': '?'}}
Correctness;1;which state in this automaton has the most transitions?;The state q0 exists.;['simbolo-q0'];0.0;6;False;{'user_input': 'which state in this automaton has the most transitions?', 'intent': 'fsa-practical', 'argument': 'state', 'dialogue_act': 'Ta:request', 'frame': {'states': '?'}}
Correctness;1;Can you tell me what the states of this automaton are?;The state q0 exists.;['simbolo-q0'];0.2;7;False;{'user_input': 'Can you tell me what the states of this automaton are?', 'intent': 'fsa-practical', 'argument': 'state', 'dialogue_act': 'Ta:request', 'frame': {'states': '?'}}
Correctness;1;What are the states of this automaton?;The state q0 exists.;['simbolo-q0'];0.2;8;False;{'user_input': 'What are the states of this automaton?', 'intent': 'fsa-practical', 'argument': 'state', 'dialogue_act': 'Ta:request', 'frame': {'states': '?'}}
Correctness;1;"Thank you, now I understand the states of this automaton; could you tell me what the states are?";The state q0 exists.;['simbolo-q0'];0.2;9;False;"{'user_input': 'Thank you, now I understand the states of this automaton; could you tell me what the states are?', 'intent': 'fsa-practical', 'argument': 'state', 'dialogue_act': 'Ta:propositionalQuestion', 'frame': {'states': '?'}}"
Correctness;1;can you tell me what the states of this automaton are?;The state q0 exists.;['simbolo-q0'];0.2;10;False;{'user_input': 'can you tell me what the states of this automaton are?', 'intent': 'fsa-practical', 'argument': 'state', 'dialogue_act': 'Ta:request', 'frame': {'states': '?'}}
Correctness;2;What is the value on the transition from q1 to q2 in the diagram?;the transition is not defined.;[];0.0;1;False;{'user_input': 'What is the value on the transition from q1 to q2 in the diagram?', 'intent': 'fsa-practical', 'argument': 'transition', 'dialogue_act': 'Ta:request', 'frame': {'transitions': [['q1', 'q2', '?']]}}
Correctness;2;what is the label of this?;MUTATION The transition between q1 and q2 is with value 1.;['simbolo-q1-q2'];1.0;1;True;{'user_input': 'what is the label of this?', 'intent': 'fsa-practical', 'argument': 'state', 'dialogue_act': 'Ta:request', 'frame': {'transitions': [['q1', 'q2', '?']]}, '_raw_frame': {'state': '?'}}
Correctness;2;what is the label of this in this automaton?;MUTATION The transition between q1 and q2 is with value 1.;['simbolo-q1-q2'];1.0;1;True;{'user_input': 'what is the label of this in this automaton?', 'intent': 'fsa-practical', 'argument': 'state', 'dialogue_act': 'Ta:request', 'frame': {'transitions': [['q1', 'q2', '?']]}, '_raw_frame': {'state': '?'}}
Correctness;2;which state in this automaton has the most transitions?;The automaton has 5 states: q0, q1, q2, q3 and q4.;['simbolo-q0', 'simbolo-q1', 'simbolo-q2', 'simbolo-q3', 'simbolo-q4'];0.0;2;False;{'user_input': 'which state in this automaton has the most transitions?', 'intent': 'fsa-practical', 'argument': 'state', 'dialogue_act': 'Ta:request', 'frame': {'stateWithMostTransitions': '?'}}
Correctness;2;Which state of this automaton has the highest number of transitions?;The automaton has 5 states: q0, q1, q2, q3 and q4.;['simbolo-q0', 'simbolo-q1', 'simbolo-q2', 'simbolo-q3', 'simbolo-q4'];0.0;3;False;{'user_input': 'Which state of this automaton has the highest number of transitions?', 'intent': 'fsa-practical', 'argument': 'state', 'dialogue_act': 'Ta:request', 'frame': {'stateWithMostTransitions': '?'}}
Correctness;2;Which state in this automaton has the highest number of transitions?;The automaton has 5 states: q0, q1, q2, q3 and q4.;['simbolo-q0', 'simbolo-q1', 'simbolo-q2', 'simbolo-q3', 'simbolo-q4'];0.0;4;False;{'user_input': 'Which state in this automaton has the highest number of transitions?', 'intent': 'fsa-practical', 'argument': 'state', 'dialogue_act': 'Ta:request', 'frame': {'stateWithMostTransitions': '?'}}
Correctness;2;which state in this automaton has the highest number of transitions, is it q3?;The state q0 exists.;['simbolo-q0'];0.0;5;False;{'user_input': 'which state in this automaton has the highest number of transitions, is it q3?', 'intent': 'fsa-practical', 'argument': 'state', 'dialogue_act': 'Ta:propositionalQuestion', 'frame': {'states': '?'}}
Correctness;2;what is the language accepted by this finite state automaton, in terms of the set of binary strings it recognizes?;Could you be more specific?;[];0.0;6;False;{'user_input': 'what is the language accepted by this finite state automaton, in terms of the set of binary strings it recognizes?', 'intent': 'fsa-practical', 'argument': 'language', 'dialogue_act': 'Ta:request', 'frame': {'input': '?'}}
Correctness;2;what is the language accepted by this finite state automaton for an input string?;Could you be more specific?;[];0.0;7;False;{'user_input': 'what is the language accepted by this finite state automaton for an input string?', 'intent': 'fsa-practical', 'argument': 'language', 'dialogue_act': 'Ta:request', 'frame': {'input': '?'}}
Correctness;2;In this automaton, which state has no outgoing transitions, for example is it q3?;MUTATION The transition between q0 and q1 is with value 1.;['simbolo-q0-q1'];0.0;8;True;{'user_input': 'In this automaton, which state has no outgoing transitions, for example is it q3?', 'intent': 'fsa-practical', 'argument': 'state', 'dialogue_act': 'Ta:request', 'frame': {'transitions': [['q0', 'q1', '?'], ['q1', 'q2', '?'], ['q2', 'q3', '?']]}}
Correctness;2;thank you, for the current automaton i still don’t know the labels of the transitions from q0 to q1, from q1 to q2 and from q2 to q3.;the transition is not defined.;[];0.1;9;False;{'user_input': 'thank you, for the current automaton i still don’t know the labels of the transitions from q0 to q1, from q1 to q2 and from q2 to q3.', 'intent': 'fsa-practical', 'argument': 'transition', 'dialogue_act': 'Ta:request', 'frame': {'transitions': [['q0', 'q1', '?'], ['q1', 'q2', '?'], ['q2', 'q3', '?']]}}
Correctness;2;What is the language recognized by the automaton that has transitions (q0, q1, ?), (q1, q2, ?), and (q2, q3, ?)?;Could you be more specific?;[];0.1;10;False;{'user_input': 'What is the language recognized by the automaton that has transitions (q0, q1, ?), (q1, q2, ?), and (q2, q3, ?)?', 'intent': 'fsa-practical', 'argument': 'language', 'dialogue_act': 'Ta:request', 'frame': {'transitions': [['q0', 'q1', '?'], ['q1', 'q2', '?'], ['q2', 'q3', '?']]}}
Correctness;2;"thanks, now i understand the states; could you please tell me the missing input symbols for the transitions from q0 to q1, from q1 to q2, and from q2 to q3 in this automaton?";Could you be more specific?;[];0.0;11;False;"{'user_input': 'thanks, now i understand the states; could you please tell me the missing input symbols for the transitions from q0 to q1, from q1 to q2, and from q2 to q3 in this automaton?', 'intent': 'fsa-practical', 'argument': 'pattern', 'dialogue_act': 'Ta:request', 'frame': {'transitions': [['q0', 'q1', '?'], ['q1', 'q2', '?'], ['q2', 'q3', '?']]}}"
Correctness;2;I would like to correct the pattern of transitions: could you tell me the input symbols for the transitions q0→q1, q1→q2, and q2→q3 in this finite state automaton?;the transition is not defined.;[];0.0;12;False;{'user_input': 'I would like to correct the pattern of transitions: could you tell me the input symbols for the transitions q0→q1, q1→q2, and q2→q3 in this finite state automaton?', 'intent': 'fsa-practical', 'argument': 'transition', 'dialogue_act': 'Ta:request', 'frame': {'transitions': [['q0', 'q1', '?'], ['q1', 'q2', '?'], ['q2', 'q3', '?']]}}
Correctness;2;What are the labels of the transitions from q0 to q1, from q1 to q2, and from q2 to q3?;the transition is not defined.;[];0.0;13;False;{'user_input': 'What are the labels of the transitions from q0 to q1, from q1 to q2, and from q2 to q3?', 'intent': 'fsa-practical', 'argument': 'transition', 'dialogue_act': 'Ta:request', 'frame': {'transitions': [['q0', 'q1', '?'], ['q1', 'q2', '?'], ['q2', 'q3', '?']]}}
Correctness;3;What strings of 0s and 1s does this automaton accept, in general?;Could you be more specific?;[];0.0;1;False;{'user_input': 'What strings of 0s and 1s does this automaton accept, in general?', 'intent': 'fsa-practical', 'argument': 'language', 'dialogue_act': 'Ta:request', 'frame': {'input': '?'}}
Correctness;3;what is the language accepted by the automaton if its final states are q1 and q2?;Could you be more specific?;[];0.0;2;False;{'user_input': 'what is the language accepted by the automaton if its final states are q1 and q2?', 'intent': 'fsa-practical', 'argument': 'language', 'dialogue_act': 'Ta:request', 'frame': {'finalStates': 'q1'}}
Correctness;3;Which states in this automaton have no transitions?;The state q0 exists.;['simbolo-q0'];0.0;3;False;{'user_input': 'Which states in this automaton have no transitions?', 'intent': 'fsa-practical', 'argument': 'state', 'dialogue_act': 'Ta:request', 'frame': {'states': '?'}}
Correctness;3;what is the language recognized by this automaton in the figure?;Could you be more specific?;[];0.0;4;False;{'user_input': 'what is the language recognized by this automaton in the figure?', 'intent': 'fsa-practical', 'argument': 'language', 'dialogue_act': 'Ta:request', 'frame': {'alphabet': 'S', 'input': '?'}}
Correctness;3;What is the language recognized by this automaton starting from state q2?;Could you be more specific?;[];0.0;5;False;{'user_input': 'What is the language recognized by this automaton starting from state q2?', 'intent': 'fsa-practical', 'argument': 'language', 'dialogue_act': 'Ta:request', 'frame': {'input': '?'}}
Correctness;3;given this automaton, what is the language it accepts for the input string?;Could you be more specific?;[];0.0;6;False;{'user_input': 'given this automaton, what is the language it accepts for the input string?', 'intent': 'fsa-practical', 'argument': 'language', 'dialogue_act': 'Ta:request', 'frame': {'alphabet': '?', 'input': '?'}}
Correctness;3;Before we say goodbye, could you briefly explain in natural language what is the language recognized by this automaton for a generic input string?;Could you be more specific?;[];0.0;7;False;{'user_input': 'Before we say goodbye, could you briefly explain in natural language what is the language recognized by this automaton for a generic input string?', 'intent': 'fsa-practical', 'argument': 'language', 'dialogue_act': 'Ta:request', 'frame': {'input': '?'}}
Correctness;3;What is the language accepted by this automaton for a given input string?;Could you be more specific?;[];0.0;8;False;{'user_input': 'What is the language accepted by this automaton for a given input string?', 'intent': 'fsa-practical', 'argument': 'language', 'dialogue_act': 'Ta:request', 'frame': {'input': '?'}}
Correctness;3;what is the language accepted by this finite state automaton for an input string?;Could you be more specific?;[];0.0;9;False;{'user_input': 'what is the language accepted by this finite state automaton for an input string?', 'intent': 'fsa-practical', 'argument': 'language', 'dialogue_act': 'Ta:request', 'frame': {'input': '?'}}
Correctness;3;i meant to say: based on this automaton, what is the language it recognizes for the input string?;The automaton accepts zero or more words formed by a sequence of the type 11000. In total there are 5 states: q0, q1, q2, q3 and q4. q0 is both the initial and the final state. The transitions are: q0 with value 1 goes to q1, q1 with value 1 goes to q2, q2 with value 0 goes to q3, q3 with value 0 goes to q4, q4 with value 0 goes to q0.;[];1.0;9;False;{'user_input': 'i meant to say: based on this automaton, what is the language it recognizes for the input string?', 'intent': None, 'argument': None, 'dialogue_act': None, 'frame': {}}
Correctness;3;What is the language recognized by this automaton for an arbitrary input string?;Could you be more specific?;[];0.0;10;False;{'user_input': 'What is the language recognized by this automaton for an arbitrary input string?', 'intent': 'fsa-practical', 'argument': 'language', 'dialogue_act': 'Ta:request', 'frame': {'input': '?'}}
Correctness;3;What is the language accepted by this automaton for a given input string?;Could you be more specific?;[];0.0;11;False;{'user_input': 'What is the language accepted by this automaton for a given input string?', 'intent': 'fsa-practical', 'argument': 'language', 'dialogue_act': 'Ta:request', 'frame': {'input': '?'}}
Correctness;3;In which language is described the set of strings accepted by this pentagon-shaped finite state automaton?;Could you be more specific?;[];0.0;12;False;{'user_input': 'In which language is described the set of strings accepted by this pentagon-shaped finite state automaton?', 'intent': 'fsa-practical', 'argument': 'language', 'dialogue_act': 'Ta:request', 'frame': {'input': '?'}}
Correctness;3;For which input strings does this automaton define its language?;Could you be more specific?;[];0.0;13;False;{'user_input': 'For which input strings does this automaton define its language?', 'intent': 'fsa-practical', 'argument': 'language', 'dialogue_act': 'Ta:request', 'frame': {'input': '?'}}
Correctness;3;given this automaton, what is the resulting state after processing the input string 11000?;The state q0 exists.;['simbolo-q0'];0.1;14;False;{'user_input': 'given this automaton, what is the resulting state after processing the input string 11000?', 'intent': 'fsa-practical', 'argument': 'state', 'dialogue_act': 'Ta:request', 'frame': {'states': '?'}}
Correctness;4;Is this automaton deterministic or non-deterministic?;The automaton accepts zero or more words formed by a sequence of the type 11000. In total there are 5 states: q0, q1, q2, q3 and q4. q0 is both the initial and the final state. The transitions are: q0 with value 1 goes to q1, q1 with value 1 goes to q2, q2 with value 0 goes to q3, q3 with value 0 goes to q4, q4 with value 0 goes to q0.;[];0.2;1;False;{'user_input': 'Is this automaton deterministic or non-deterministic?', 'intent': 'fsa-practical', 'argument': 'automaton', 'dialogue_act': 'Ta:propositionalQuestion', 'frame': {'automatonType': '?'}}
Correctness;4;which state is reached as the destination when following a transition to q1 in this automaton?;The state q1 exists.;['simbolo-q1'];0.0;2;False;{'user_input': 'which state is reached as the destination when following a transition to q1 in this automaton?', 'intent': 'fsa-practical', 'argument': 'state', 'dialogue_act': 'Ta:request', 'frame': {'states': ['q1']}}
Correctness;4;which pattern does the automaton recognize starting from this?;Could you be more specific?;[];0.1;3;False;{'user_input': 'which pattern does the automaton recognize starting from this?', 'intent': 'fsa-practical', 'argument': 'pattern', 'dialogue_act': 'Ta:request', 'frame': {'states': ['q1']}, '_raw_frame': {'patternType': '?'}}
Correctness;4;What are the transitions that involve state q1 in this automaton?;the transition is not defined.;[];0.0;4;False;{'user_input': 'What are the transitions that involve state q1 in this automaton?', 'intent': 'fsa-practical', 'argument': 'transition', 'dialogue_act': 'Ta:request', 'frame': {'transitions': [['?', 'q1', '?']]}}
Correctness;4;what is the transition from q1 to the next state in this automaton?;The automaton has 5 transitions: q0 with value 1 goes to q1, q1 with value 1 goes to q2, q2 with value 0 goes to q3, q3 with value 0 goes to q4, q4 with value 0 goes to q0.;['simbolo-q0-q1', 'simbolo-q1-q2', 'simbolo-q2-q3', 'simbolo-q3-q4', 'simbolo-q4-q0'];0.5;4;False;{'user_input': 'what is the transition from q1 to the next state in this automaton?', 'intent': 'fsa-practical', 'argument': 'transition', 'dialogue_act': 'Ta:request', 'frame': {'transitions': []}}
Correctness;4;what are the transitions that start from this in this automaton?;The transition from q0 to q1 has value 1.;['simbolo-q0-q1'];0.2;5;False;{'user_input': 'what are the transitions that start from this in this automaton?', 'intent': 'fsa-practical', 'argument': 'transition', 'dialogue_act': 'Ta:request', 'frame': {'states': ['q1']}, '_raw_frame': {'transitions': []}}
Correctness;4;no, the transition from q1 is not correct: from q1 there should be a transition on symbol 1, but in the automaton i see a transition with a different symbol.;The automaton has 5 transitions: q0 with value 1 goes to q1, q1 with value 1 goes to q2, q2 with value 0 goes to q3, q3 with value 0 goes to q4, q4 with value 0 goes to q0.;['simbolo-q0-q1', 'simbolo-q1-q2', 'simbolo-q2-q3', 'simbolo-q3-q4', 'simbolo-q4-q0'];0.2;6;False;{'user_input': 'no, the transition from q1 is not correct: from q1 there should be a transition on symbol 1, but in the automaton i see a transition with a different symbol.', 'intent': 'fsa-practical', 'argument': 'transition', 'dialogue_act': 'Ta:request', 'frame': {'transitions': []}}
Correctness;4;What are the transitions from state q1 in this automaton?;the transition is not defined.;[];0.0;7;False;{'user_input': 'What are the transitions from state q1 in this automaton?', 'intent': 'fsa-practical', 'argument': 'transition', 'dialogue_act': 'Ta:request', 'frame': {'transitions': [['q1', '?', '?']]}}
Correctness;4;For the input string `11000`, what is the transition sequence of the automaton and is the output denied?;Could you be more specific?;[];0.0;8;False;{'user_input': 'For the input string `11000`, what is the transition sequence of the automaton and is the output denied?', 'intent': 'fsa-practical', 'argument': 'alphabet', 'dialogue_act': 'Ta:request', 'frame': {'alphabetSize': '2'}}
Correctness;4;the alphabet of this automaton is made of 2 symbols, 0 and 1.;Could you be more specific?;[];0.1;9;False;{'user_input': 'the alphabet of this automaton is made of 2 symbols, 0 and 1.', 'intent': 'fsa-practical', 'argument': 'alphabet', 'dialogue_act': 'Ta:request', 'frame': {'alphabet': '0'}}
Correctness;4;Hi again! For this automaton with alphabet size 2, could you remind me what symbols are in its alphabet?;Could you be more specific?;[];0.0;10;False;{'user_input': 'Hi again! For this automaton with alphabet size 2, could you remind me what symbols are in its alphabet?', 'intent': 'fsa-practical', 'argument': 'alphabet', 'dialogue_act': 'Ta:propositionalQuestion', 'frame': {'alphabet': '2'}}
Correctness;4;What is the alphabet of this automaton if it is composed of 2 symbols?;Could you be more specific?;[];0.0;11;False;{'user_input': 'What is the alphabet of this automaton if it is composed of 2 symbols?', 'intent': 'fsa-practical', 'argument': 'alphabet', 'dialogue_act': 'Ta:request', 'frame': {'alphabet': '?'}}
Correctness;4;What is the alphabet of this automaton?;Could you be more specific?;[];0.0;12;False;{'user_input': 'What is the alphabet of this automaton?', 'intent': 'fsa-practical', 'argument': 'alphabet', 'dialogue_act': 'Ta:request', 'frame': {'alphabet': '?'}}
Correctness;4;What is the language accepted by this automaton and what is its alphabet?;Could you be more specific?;[];0.0;13;False;{'user_input': 'What is the language accepted by this automaton and what is its alphabet?', 'intent': 'fsa-practical', 'argument': 'language', 'dialogue_act': 'Ta:request', 'frame': {'alphabet': '?', 'language': '?'}}
Correctness;4;what is the alphabet and the language recognized by this automaton?;Could you be more specific?;[];0.0;14;False;{'user_input': 'what is the alphabet and the language recognized by this automaton?', 'intent': 'fsa-practical', 'argument': 'alphabet', 'dialogue_act': 'Ta:request', 'frame': {'alphabet': '?', 'language': '?'}}
Correctness;5;If I start in q0 and read the input 11000, what will be the final state and is the input accepted?;The final state is q0.;['simbolo-q0'];1.0;0;False;{'user_input': 'If I start in q0 and read the input 11000, what will be the final state and is the input accepted?', 'intent': 'fsa-practical', 'argument': 'state', 'dialogue_act': 'Ta:request', 'frame': {'finalStates': 'q0', 'input': '11000'}}
Correctness;5;For the automaton shown, does the input string 11000 get accepted, and which final state q0 do we end up in after processing 11000?;Could you be more specific?;[];0.0;1;False;{'user_input': 'For the automaton shown, does the input string 11000 get accepted, and which final state q0 do we end up in after processing 11000?', 'intent': 'fsa-practical', 'argument': 'language', 'dialogue_act': 'Ta:propositionalQuestion', 'frame': {'input': '11000'}}
Correctness;5;For the automaton shown, what is the output when the input is 11000?;Could you be more specific?;[];0.0;2;False;{'user_input': 'For the automaton shown, what is the output when the input is 11000?', 'intent': 'fsa-practical', 'argument': 'language', 'dialogue_act': 'Ta:request', 'frame': {'input': '11000'}}
Correctness;5;i meant to say: considering the language recognized by this automaton, what happens if we give it the input 11000?;Could you be more specific?;[];0.0;3;False;{'user_input': 'i meant to say: considering the language recognized by this automaton, what happens if we give it the input 11000?', 'intent': 'fsa-practical', 'argument': 'language', 'dialogue_act': 'Ta:request', 'frame': {'input': '11000'}}
Correctness;5;What is the language accepted by this automaton from state to “?”?;Could you be more specific?;[];0.1;4;False;{'user_input': 'What is the language accepted by this automaton from state to “?”?', 'intent': 'fsa-practical', 'argument': 'language', 'dialogue_act': 'Ta:request', 'frame': {'input': '?'}}
Correctness;5;what is the language accepted by this automaton for the input 11000?;Could you be more specific?;[];0.0;5;False;{'user_input': 'what is the language accepted by this automaton for the input 11000?', 'intent': 'fsa-practical', 'argument': 'language', 'dialogue_act': 'Ta:request', 'frame': {'input': '11000'}}
Correctness;5;What is the language recognized by this automaton for the input string 11000?;Could you be more specific?;[];0.0;6;False;{'user_input': 'What is the language recognized by this automaton for the input string 11000?', 'intent': 'fsa-practical', 'argument': 'language', 'dialogue_act': 'Ta:request', 'frame': {'input': '11000'}}
Correctness;5;What is the language accepted by this automaton for the input 11000?;Could you be more specific?;[];0.0;7;False;{'user_input': 'What is the language accepted by this automaton for the input 11000?', 'intent': 'fsa-practical', 'argument': 'language', 'dialogue_act': 'Ta:request', 'frame': {'input': '11000'}}
Correctness;5;i think i made a mistake: for the automaton shown, what is the language it accepts on the input string 11000?;Could you be more specific?;[];0.1;8;False;{'user_input': 'i think i made a mistake: for the automaton shown, what is the language it accepts on the input string 11000?', 'intent': 'fsa-practical', 'argument': 'language', 'dialogue_act': 'Ta:request', 'frame': {'input': '11000'}}
Correctness;5;What is the alphabet of the automaton if the input string is 11000?;Could you be more specific?;[];0.0;9;False;{'user_input': 'What is the alphabet of the automaton if the input string is 11000?', 'intent': 'fsa-practical', 'argument': 'alphabet', 'dialogue_act': 'Ta:request', 'frame': {'alphabet': 'input'}}
Correctness;5;Which states does the automaton visit when processing the input 11000?;The state q0 exists.;['simbolo-q0'];0.0;10;False;{'user_input': 'Which states does the automaton visit when processing the input 11000?', 'intent': 'fsa-practical', 'argument': 'state', 'dialogue_act': 'Ta:request', 'frame': {'states': '?'}}
Correctness;5;Can you tell me which state is at each vertex if the automaton is drawn as a pentagon?;The automaton has 5 states: q0, q1, q2, q3 and q4.;['simbolo-q0', 'simbolo-q1', 'simbolo-q2', 'simbolo-q3', 'simbolo-q4'];0.3;11;False;{'user_input': 'Can you tell me which state is at each vertex if the automaton is drawn as a pentagon?', 'intent': 'fsa-practical', 'argument': 'state', 'dialogue_act': 'Ta:request', 'frame': {'graphicRepresentation': 'pentagon'}}
Correctness;5;What are the states of this finite state automaton?;The state q0 exists.;['simbolo-q0'];0.2;12;False;{'user_input': 'What are the states of this finite state automaton?', 'intent': 'fsa-practical', 'argument': 'state', 'dialogue_act': 'Ta:request', 'frame': {'states': '?'}}
Correctness;5;Can you tell me what the transitions of this automaton are?;The automaton has 5 transitions: q0 with value 1 goes to q1, q1 with value 1 goes to q2, q2 with value 0 goes to q3, q3 with value 0 goes to q4, q4 with value 0 goes to q0.;['simbolo-q0-q1', 'simbolo-q1-q2', 'simbolo-q2-q3', 'simbolo-q3-q4', 'simbolo-q4-q0'];1.0;12;False;{'user_input': 'Can you tell me what the transitions of this automaton are?', 'intent': 'fsa-practical', 'argument': 'transition', 'dialogue_act': 'Ta:request', 'frame': {}}
Correctness;5;Goodbye, but before I go, could you tell me what the states of this automaton are?;The state q0 exists.;['simbolo-q0'];0.2;13;False;{'user_input': 'Goodbye, but before I go, could you tell me what the states of this automaton are?', 'intent': 'fsa-practical', 'argument': 'state', 'dialogue_act': 'Ta:request', 'frame': {'states': '?'}}
VisualRelevancy;1;Is it possible to go from q2 directly to q4 in this automaton?;The automaton accepts zero or more words formed by a sequence of the type 11000. In total there are 5 states: q0, q1, q2, q3 and q4. q0 is both the initial and the final state. The transitions are: q0 with value 1 goes to q1, q1 with value 1 goes to q2, q2 with value 0 goes to q3, q3 with value 0 goes to q4, q4 with value 0 goes to q0.;[];1.0;0;False;{'user_input': 'Is it possible to go from q2 directly to q4 in this automaton?', 'intent': None, 'argument': None, 'dialogue_act': None, 'frame': {}}
VisualRelevancy;1;The transition from state q2 to state q3 with input symbol 0 is not clear to me.;the transition is not defined.;[];1.0;0;False;{'user_input': 'The transition from state q2 to state q3 with input symbol 0 is not clear to me.', 'intent': 'fsa-practical', 'argument': 'transition', 'dialogue_act': 'Ta:request', 'frame': {'transitions': [['q2', 'q3', '0']]}}
VisualRelevancy;1;can you tell me this with input symbol 0?;Could you be more specific?;[];1.0;0;False;{'user_input': 'can you tell me this with input symbol 0?', 'intent': 'fsa-practical', 'argument': 'language', 'dialogue_act': 'Ta:request', 'frame': {'transitions': [['q2', 'q3', '?']]}, '_raw_frame': {'input': '0'}}
VisualRelevancy;1;What is the language accepted by this automaton, specifically considering the transition from q2 to q3 with an unknown input symbol?;Could you be more specific?;[];1.0;0;False;{'user_input': 'What is the language accepted by this automaton, specifically considering the transition from q2 to q3 with an unknown input symbol?', 'intent': 'fsa-practical', 'argument': 'language', 'dialogue_act': 'Ta:request', 'frame': {'alphabet': '?', 'transitions': []}}
VisualRelevancy;1;i suggest we focus on the language of this finite state automaton in a practical way: what is the language recognized by this automaton, given that the alphabet is still unknown and the transitions are not specified yet?;Could you be more specific?;[];1.0;0;False;{'user_input': 'i suggest we focus on the language of this finite state automaton in a practical way: what is the language recognized by this automaton, given that the alphabet is still unknown and the transitions are not specified yet?', 'intent': 'fsa-practical', 'argument': 'language', 'dialogue_act': 'Ta:propositionalQuestion', 'frame': {'alphabet': '?', 'transitions': []}}
VisualRelevancy;1;what is the language recognized by this finite state automaton, considering its alphabet and transitions?;Could you be more specific?;[];1.0;0;False;{'user_input': 'what is the language recognized by this finite state automaton, considering its alphabet and transitions?', 'intent': 'fsa-practical', 'argument': 'language', 'dialogue_act': 'Ta:request', 'frame': {'alphabet': '?', 'transitions': []}}
VisualRelevancy;1;What is the alphabet of this automaton?;Could you be more specific?;[];1.0;0;False;{'user_input': 'What is the alphabet of this automaton?', 'intent': 'fsa-practical', 'argument': 'alphabet', 'dialogue_act': 'Ta:request', 'frame': {'alphabet': '?'}}
VisualRelevancy;1;what is the alphabet of this automaton?;Could you be more specific?;[];1.0;0;False;{'user_input': 'what is the alphabet of this automaton?', 'intent': 'fsa-practical', 'argument': 'alphabet', 'dialogue_act': 'Ta:request', 'frame': {'alphabet': '?'}}
VisualRelevancy;1;What is the alphabet of this automaton?;Could you be more specific?;[];1.0;0;False;{'user_input': 'What is the alphabet of this automaton?', 'intent': 'fsa-practical', 'argument': 'alphabet', 'dialogue_act': 'Ta:request', 'frame': {'alphabet': '?'}}
VisualRelevancy;1;sorry, i meant to ask: what is the alphabet of this finite state automaton?;Could you be more specific?;[];1.0;0;False;{'user_input': 'sorry, i meant to ask: what is the alphabet of this finite state automaton?', 'intent': 'fsa-practical', 'argument': 'alphabet', 'dialogue_act': 'Ta:request', 'frame': {'alphabet': '?'}}
VisualRelevancy;1;what is the alphabet of this automaton?;Could you be more specific?;[];1.0;0;False;{'user_input': 'what is the alphabet of this automaton?', 'intent': 'fsa-practical', 'argument': 'alphabet', 'dialogue_act': 'Ta:request', 'frame': {'alphabet': '?'}}
VisualRelevancy;1;"thank you for explaining the automaton; could you please tell me what its alphabet is?";Could you be more specific?;[];1.0;0;False;"{'user_input': 'thank you for explaining the automaton; could you please tell me what its alphabet is?', 'intent': 'fsa-practical', 'argument': 'alphabet', 'dialogue_act': 'Ta:propositionalQuestion', 'frame': {'alphabet': '?'}}"
VisualRelevancy;1;what are the transitions of this automaton?;The automaton has 5 transitions: q0 with value 1 goes to q1, q1 with value 1 goes to q2, q2 with value 0 goes to q3, q3 with value 0 goes to q4, q4 with value 0 goes to q0.;['simbolo-q0-q1', 'simbolo-q1-q2', 'simbolo-q2-q3', 'simbolo-q3-q4', 'simbolo-q4-q0'];1.0;0;False;{'user_input': 'what are the transitions of this automaton?', 'intent': 'fsa-practical', 'argument': 'transition', 'dialogue_act': 'Ta:request', 'frame': {'transitions': []}}
VisualRelevancy;1;what is the alphabet of this automaton?;Could you be more specific?;[];1.0;0;False;{'user_input': 'what is the alphabet of this automaton?', 'intent': 'fsa-practical', 'argument': 'alphabet', 'dialogue_act': 'Ta:request', 'frame': {'alphabet': '?'}}
VisualRelevancy;1;In this automaton, are there exactly 2 transitions?;The automaton has 5 transitions: q0 with value 1 goes to q1, q1 with value 1 goes to q2, q2 with value 0 goes to q3, q3 with value 0 goes to q4, q4 with value 0 goes to q0.;['simbolo-q0-q1', 'simbolo-q1-q2', 'simbolo-q2-q3', 'simbolo-q3-q4', 'simbolo-q4-q0'];1.0;0;False;{'user_input': 'In this automaton, are there exactly 2 transitions?', 'intent': 'fsa-practical', 'argument': 'transition', 'dialogue_act': 'Ta:request', 'frame': {'numberOfTransitions': '2'}}
VisualRelevancy;2;What is the value of the transition from q1 to q2 in the picture?;the transition is not defined.;[];1.0;0;False;{'user_input': 'What is the value of the transition from q1 to q2 in the picture?', 'intent': 'fsa-practical', 'argument': 'transition', 'dialogue_act': 'Ta:request', 'frame': {'transitions': [['q1', 'q2', '?']]}}
VisualRelevancy;2;is the transition function of this deterministic automaton correctly defined for all states and input symbols?;The automaton has 5 transitions: q0 with value 1 goes to q1, q1 with value 1 goes to q2, q2 with value 0 goes to q3, q3 with value 0 goes to q4, q4 with value 0 goes to q0.;['simbolo-q0-q1', 'simbolo-q1-q2', 'simbolo-q2-q3', 'simbolo-q3-q4', 'simbolo-q4-q0'];0.4;0;False;{'user_input': 'is the transition function of this deterministic automaton correctly defined for all states and input symbols?', 'intent': 'fsa-practical', 'argument': 'transition', 'dialogue_act': 'Ta:request', 'frame': {'transitions': []}}
VisualRelevancy;2;hi again! could you please show me the transitions of this automaton?;The automaton accepts zero or more words formed by a sequence of the type 11000. In total there are 5 states: q0, q1, q2, q3 and q4. q0 is both the initial and the final state. The transitions are: q0 with value 1 goes to q1, q1 with value 1 goes to q2, q2 with value 0 goes to q3, q3 with value 0 goes to q4, q4 with value 0 goes to q0.;[];1.0;0;False;{'user_input': 'hi again! could you please show me the transitions of this automaton?', 'intent': 'fsa-practical', 'argument': 'automaton', 'dialogue_act': 'Ta:request', 'frame': {}}
VisualRelevancy;2;how many final states does this automaton have?;The automaton has 5 states: q0, q1, q2, q3 and q4.;['simbolo-q0', 'simbolo-q1', 'simbolo-q2', 'simbolo-q3', 'simbolo-q4'];0.2;1;False;{'user_input': 'how many final states does this automaton have?', 'intent': 'fsa-practical', 'argument': 'state', 'dialogue_act': 'Ta:request', 'frame': {'numberOfFinalStates': '?'}}
VisualRelevancy;2;to which state does the automaton go?;The state q0 exists.;['simbolo-q0'];0.8;1;False;{'user_input': 'to which state does the automaton go?', 'intent': 'fsa-practical', 'argument': 'state', 'dialogue_act': 'Ta:request', 'frame': {'states': '?'}}
VisualRelevancy;2;how many final states does this automaton have?;The automaton has 5 states: q0, q1, q2, q3 and q4.;['simbolo-q0', 'simbolo-q1', 'simbolo-q2', 'simbolo-q3', 'simbolo-q4'];0.2;2;False;{'user_input': 'how many final states does this automaton have?', 'intent': 'fsa-practical', 'argument': 'state', 'dialogue_act': 'Ta:request', 'frame': {'numberOfFinalStates': '?'}}
VisualRelevancy;2;How many final states does this automaton have?;The automaton has 5 states: q0, q1, q2, q3 and q4.;['simbolo-q0', 'simbolo-q1', 'simbolo-q2', 'simbolo-q3', 'simbolo-q4'];0.2;3;False;{'user_input': 'How many final states does this automaton have?', 'intent': 'fsa-practical', 'argument': 'state', 'dialogue_act': 'Ta:request', 'frame': {'numberOfFinalStates': '?'}}
VisualRelevancy;2;how many final states does this automaton have?;The automaton has 5 states: q0, q1, q2, q3 and q4.;['simbolo-q0', 'simbolo-q1', 'simbolo-q2', 'simbolo-q3', 'simbolo-q4'];0.2;4;False;{'user_input': 'how many final states does this automaton have?', 'intent': 'fsa-practical', 'argument': 'state', 'dialogue_act': 'Ta:request', 'frame': {'numberOfFinalStates': '?'}}
VisualRelevancy;2;can you describe the graphical representation of the states in this finite state automaton?;The automaton has 5 states: q0, q1, q2, q3 and q4.;['simbolo-q0', 'simbolo-q1', 'simbolo-q2', 'simbolo-q3', 'simbolo-q4'];0.9;4;False;{'user_input': 'can you describe the graphical representation of the states in this finite state automaton?', 'intent': 'fsa-practical', 'argument': 'state', 'dialogue_act': 'Ta:propositionalQuestion', 'frame': {'graphicRepresentation': '?'}}
VisualRelevancy;2;Sorry, I meant: how many final states does this automaton have?;The automaton has 5 states: q0, q1, q2, q3 and q4.;['simbolo-q0', 'simbolo-q1', 'simbolo-q2', 'simbolo-q3', 'simbolo-q4'];0.2;5;False;{'user_input': 'Sorry, I meant: how many final states does this automaton have?', 'intent': 'fsa-practical', 'argument': 'state', 'dialogue_act': 'Ta:request', 'frame': {'numberOfFinalStates': '?'}}
VisualRelevancy;2;What is the output state of this automaton for the input string 11000?;The automaton has 5 states: q0, q1, q2, q3 and q4.;['simbolo-q0', 'simbolo-q1', 'simbolo-q2', 'simbolo-q3', 'simbolo-q4'];0.2;6;False;{'user_input': 'What is the output state of this automaton for the input string 11000?', 'intent': 'fsa-practical', 'argument': 'state', 'dialogue_act': 'Ta:request', 'frame': {'outputStates': '?'}}
VisualRelevancy;2;Which states are produced as output by this automaton?;The automaton has 5 states: q0, q1, q2, q3 and q4.;['simbolo-q0', 'simbolo-q1', 'simbolo-q2', 'simbolo-q3', 'simbolo-q4'];0.9;6;False;{'user_input': 'Which states are produced as output by this automaton?', 'intent': 'fsa-practical', 'argument': 'state', 'dialogue_act': 'Ta:request', 'frame': {'outputStates': '?'}}
VisualRelevancy;2;What are the possible output states of this finite state automaton?;The automaton has 5 states: q0, q1, q2, q3 and q4.;['simbolo-q0', 'simbolo-q1', 'simbolo-q2', 'simbolo-q3', 'simbolo-q4'];0.9;6;False;{'user_input': 'What are the possible output states of this finite state automaton?', 'intent': 'fsa-practical', 'argument': 'state', 'dialogue_act': 'Ta:request', 'frame': {'outputStates': '?'}}
VisualRelevancy;2;what are the possible output states of this finite state automaton?;The automaton has 5 states: q0, q1, q2, q3 and q4.;['simbolo-q0', 'simbolo-q1', 'simbolo-q2', 'simbolo-q3', 'simbolo-q4'];0.9;6;False;{'user_input': 'what are the possible output states of this finite state automaton?', 'intent': 'fsa-practical', 'argument': 'state', 'dialogue_act': 'Ta:request', 'frame': {'outputStates': '?'}}
VisualRelevancy;2;Which states does this automaton have?;The state q0 exists.;['simbolo-q0'];0.8;6;False;{'user_input': 'Which states does this automaton have?', 'intent': 'fsa-practical', 'argument': 'state', 'dialogue_act': 'Ta:request', 'frame': {'states': '?'}}
VisualRelevancy;3;How many transitions does this automaton have in total?;The automaton has 5 transitions: q0 with value 1 goes to q1, q1 with value 1 goes to q2, q2 with value 0 goes to q3, q3 with value 0 goes to q4, q4 with value 0 goes to q0.;['simbolo-q0-q1', 'simbolo-q1-q2', 'simbolo-q2-q3', 'simbolo-q3-q4', 'simbolo-q4-q0'];1.0;0;False;{'user_input': 'How many transitions does this automaton have in total?', 'intent': 'fsa-practical', 'argument': 'transition', 'dialogue_act': 'Ta:request', 'frame': {'numberOfTransitions': '?'}}
VisualRelevancy;3;How many transitions does this finite state automaton have?;The automaton has 5 transitions: q0 with value 1 goes to q1, q1 with value 1 goes to q2, q2 with value 0 goes to q3, q3 with value 0 goes to q4, q4 with value 0 goes to q0.;['simbolo-q0-q1', 'simbolo-q1-q2', 'simbolo-q2-q3', 'simbolo-q3-q4', 'simbolo-q4-q0'];1.0;0;False;{'user_input': 'How many transitions does this finite state automaton have?', 'intent': 'fsa-practical', 'argument': 'transition', 'dialogue_act': 'Ta:request', 'frame': {'numberOfTransitions': '?'}}
VisualRelevancy;3;i think i miscalculated: how many transitions does this automaton actually have?;The automaton has 5 transitions: q0 with value 1 goes to q1, q1 with value 1 goes to q2, q2 with value 0 goes to q3, q3 with value 0 goes to q4, q4 with value 0 goes to q0.;['simbolo-q0-q1', 'simbolo-q1-q2', 'simbolo-q2-q3', 'simbolo-q3-q4', 'simbolo-q4-q0'];1.0;0;False;{'user_input': 'i think i miscalculated: how many transitions does this automaton actually have?', 'intent': 'fsa-practical', 'argument': 'transition', 'dialogue_act': 'Ta:request', 'frame': {}}
VisualRelevancy;3;can you tell me what the transitions of this automaton are?;The automaton has 5 transitions: q0 with value 1 goes to q1, q1 with value 1 goes to q2, q2 with value 0 goes to q3, q3 with value 0 goes to q4, q4 with value 0 goes to q0.;['simbolo-q0-q1', 'simbolo-q1-q2', 'simbolo-q2-q3', 'simbolo-q3-q4', 'simbolo-q4-q0'];1.0;0;False;{'user_input': 'can you tell me what the transitions of this automaton are?', 'intent': 'fsa-practical', 'argument': 'transition', 'dialogue_act': 'Ta:request', 'frame': {}}
VisualRelevancy;3;Can you tell me what the transitions of this automaton are?;The automaton has 5 transitions: q0 with value 1 goes to q1, q1 with value 1 goes to q2, q2 with value 0 goes to q3, q3 with value 0 goes to q4, q4 with value 0 goes to q0.;['simbolo-q0-q1', 'simbolo-q1-q2', 'simbolo-q2-q3', 'simbolo-q3-q4', 'simbolo-q4-q0'];1.0;0;False;{'user_input': 'Can you tell me what the transitions of this automaton are?', 'intent': 'fsa-practical', 'argument': 'transition', 'dialogue_act': 'Ta:request', 'frame': {}}
VisualRelevancy;3;thank you for explaining that transition in the automaton to me.;The automaton accepts zero or more words formed by a sequence of the type 11000. In total there are 5 states: q0, q1, q2, q3 and q4. q0 is both the initial and the final state. The transitions are: q0 with value 1 goes to q1, q1 with value 1 goes to q2, q2 with value 0 goes to q3, q3 with value 0 goes to q4, q4 with value 0 goes to q0.;[];1.0;0;False;{'user_input': 'thank you for explaining that transition in the automaton to me.', 'intent': 'fsa-practical', 'argument': 'automaton', 'dialogue_act': 'Ta:request', 'frame': {'transitions': []}}
VisualRelevancy;3;can you list all the states of this automaton for me?;The state q0 exists.;['simbolo-q0'];0.9;0;False;{'user_input': 'can you list all the states of this automaton for me?', 'intent': 'fsa-practical', 'argument': 'state', 'dialogue_act': 'Ta:request', 'frame': {'states': '?'}}
VisualRelevancy;3;"Thanks, that explanation really helped me understand the states of the automaton; could you now tell me what the states are?";The state q0 exists.;['simbolo-q0'];0.9;0;False;"{'user_input': 'Thanks, that explanation really helped me understand the states of the automaton; could you now tell me what the states are?', 'intent': 'fsa-practical', 'argument': 'state', 'dialogue_act': 'Ta:propositionalQuestion', 'frame': {'states': '?'}}"
VisualRelevancy;3;Sorry, I meant to ask about the states: how many states does this automaton have and which are they?;This automaton has 5 states;['simbolo-q0', 'simbolo-q1', 'simbolo-q2', 'simbolo-q3', 'simbolo-q4'];1.0;0;False;{'user_input': 'Sorry, I meant to ask about the states: how many states does this automaton have and which are they?', 'intent': 'fsa-practical', 'argument': 'state', 'dialogue_act': 'Ta:request', 'frame': {'numberOfStates': '?', 'states': '?'}}
VisualRelevancy;3;what are the states of this automaton?;The state q0 exists.;['simbolo-q0'];0.8;0;False;{'user_input': 'what are the states of this automaton?', 'intent': 'fsa-practical', 'argument': 'state', 'dialogue_act': 'Ta:request', 'frame': {'states': '?'}}
VisualRelevancy;3;thanks, i understood the states of this automaton are q0, q1, q2, q3 and q4, right?;The state q0 exists.;['simbolo-q0'];0.9;0;False;{'user_input': 'thanks, i understood the states of this automaton are q0, q1, q2, q3 and q4, right?', 'intent': 'fsa-practical', 'argument': 'state', 'dialogue_act': 'Ta:request', 'frame': {'states': 'q0'}}
VisualRelevancy;3;Hello, could you please tell me what the states of this finite state automaton are?;The state q0 exists.;['simbolo-q0'];0.9;0;False;{'user_input': 'Hello, could you please tell me what the states of this finite state automaton are?', 'intent': 'fsa-practical', 'argument': 'state', 'dialogue_act': 'Ta:request', 'frame': {'states': '?'}}
VisualRelevancy;3;What are the states of this finite state automaton?;The state q0 exists.;['simbolo-q0'];0.8;0;False;{'user_input': 'What are the states of this finite state automaton?', 'intent': 'fsa-practical', 'argument': 'state', 'dialogue_act': 'Ta:request', 'frame': {'states': '?'}}
VisualRelevancy;3;Can you tell me which states are present in this finite state automaton?;The state q0 exists.;['simbolo-q0'];0.9;0;False;{'user_input': 'Can you tell me which states are present in this finite state automaton?', 'intent': 'fsa-practical', 'argument': 'state', 'dialogue_act': 'Ta:request', 'frame': {'states': '?'}}
VisualRelevancy;3;what are the states of this automaton?;The state q0 exists.;['simbolo-q0'];0.8;0;False;{'user_input': 'what are the states of this automaton?', 'intent': 'fsa-practical', 'argument': 'state', 'dialogue_act': 'Ta:request', 'frame': {'states': '?'}}
VisualRelevancy;4;If I input the string 11000 starting from q0, does the automaton end in an accepting state?;Could you be more specific?;[];1.0;0;False;{'user_input': 'If I input the string 11000 starting from q0, does the automaton end in an accepting state?', 'intent': 'fsa-practical', 'argument': 'language', 'dialogue_act': 'Ta:propositionalQuestion', 'frame': {'input': '11000'}}
VisualRelevancy;4;What is the language accepted by this automaton for the input 11000?;Could you be more specific?;[];1.0;0;False;{'user_input': 'What is the language accepted by this automaton for the input 11000?', 'intent': 'fsa-practical', 'argument': 'language', 'dialogue_act': 'Ta:request', 'frame': {'input': '11000'}}
VisualRelevancy;4;what is the alphabet of this automaton if i want to process the input 11000?;Could you be more specific?;[];1.0;0;False;{'user_input': 'what is the alphabet of this automaton if i want to process the input 11000?', 'intent': 'fsa-practical', 'argument': 'alphabet', 'dialogue_act': 'Ta:request', 'frame': {'alphabet': '11'}}
VisualRelevancy;4;what is the alphabet symbol used in this, namely the transition [“q0”, “q1”, “1”]?;Could you be more specific?;[];1.0;0;False;{'user_input': 'what is the alphabet symbol used in this, namely the transition [“q0”, “q1”, “1”]?', 'intent': 'fsa-practical', 'argument': 'alphabet', 'dialogue_act': 'Ta:request', 'frame': {'transitions': [['q0', 'q1', '?']]}, '_raw_frame': {'alphabet': '1'}}
VisualRelevancy;4;What is the alphabet symbol on the transition from state q0 to state q1?;Could you be more specific?;[];1.0;0;False;{'user_input': 'What is the alphabet symbol on the transition from state q0 to state q1?', 'intent': 'fsa-practical', 'argument': 'alphabet', 'dialogue_act': 'Ta:request', 'frame': {'alphabet': '?'}}
VisualRelevancy;4;What is the alphabet of this automaton?;Could you be more specific?;[];1.0;0;False;{'user_input': 'What is the alphabet of this automaton?', 'intent': 'fsa-practical', 'argument': 'alphabet', 'dialogue_act': 'Ta:request', 'frame': {'alphabet': '?'}}
VisualRelevancy;4;what is the alphabet of this automaton?;Could you be more specific?;[];1.0;0;False;{'user_input': 'what is the alphabet of this automaton?', 'intent': 'fsa-practical', 'argument': 'alphabet', 'dialogue_act': 'Ta:request', 'frame': {'alphabet': '?'}}
VisualRelevancy;4;what are the final states of this automaton?;The final state is q0.;['simbolo-q0'];1.0;0;False;{'user_input': 'what are the final states of this automaton?', 'intent': 'fsa-practical', 'argument': 'state', 'dialogue_act': 'Ta:request', 'frame': {'finalStates': '?'}}
VisualRelevancy;4;what are the final states of this automaton?;The final state is q0.;['simbolo-q0'];1.0;0;False;{'user_input': 'what are the final states of this automaton?', 'intent': 'fsa-practical', 'argument': 'state', 'dialogue_act': 'Ta:request', 'frame': {'finalStates': '?'}}
VisualRelevancy;4;In this automaton, which are the final states?;The final state is q0.;['simbolo-q0'];1.0;0;False;{'user_input': 'In this automaton, which are the final states?', 'intent': 'fsa-practical', 'argument': 'state', 'dialogue_act': 'Ta:request', 'frame': {'finalStates': '?'}}
VisualRelevancy;4;which states in this automaton have no transitions?;The state q0 exists.;['simbolo-q0'];0.2;1;False;{'user_input': 'which states in this automaton have no transitions?', 'intent': 'fsa-practical', 'argument': 'state', 'dialogue_act': 'Ta:request', 'frame': {'states': '?'}}
VisualRelevancy;4;Hi, could you help me with this automaton by telling me what its states are?;The state q0 exists.;['simbolo-q0'];0.9;1;False;{'user_input': 'Hi, could you help me with this automaton by telling me what its states are?', 'intent': 'fsa-practical', 'argument': 'state', 'dialogue_act': 'Ta:request', 'frame': {'states': '?'}}
VisualRelevancy;4;Can you tell me what the transitions of this automaton are?;The automaton has 5 transitions: q0 with value 1 goes to q1, q1 with value 1 goes to q2, q2 with value 0 goes to q3, q3 with value 0 goes to q4, q4 with value 0 goes to q0.;['simbolo-q0-q1', 'simbolo-q1-q2', 'simbolo-q2-q3', 'simbolo-q3-q4', 'simbolo-q4-q0'];1.0;1;False;{'user_input': 'Can you tell me what the transitions of this automaton are?', 'intent': 'fsa-practical', 'argument': 'transition', 'dialogue_act': 'Ta:request', 'frame': {'transitions': []}}
VisualRelevancy;4;Which state does the automaton reach at the end of this sequence of transitions?;The final state is q0.;['simbolo-q0'];1.0;1;False;{'user_input': 'Which state does the automaton reach at the end of this sequence of transitions?', 'intent': 'fsa-practical', 'argument': 'state', 'dialogue_act': 'Ta:request', 'frame': {'finalStates': '?'}}
VisualRelevancy;4;what are the states of this finite state automaton?;The state q0 exists.;['simbolo-q0'];0.9;1;False;{'user_input': 'what are the states of this finite state automaton?', 'intent': 'fsa-practical', 'argument': 'state', 'dialogue_act': 'Ta:request', 'frame': {'states': '?'}}
VisualRelevancy;5;What type of language (regular, context-free, etc.) can this kind of finite state automaton recognize?;Could you be more specific?;[];1.0;0;False;{'user_input': 'What type of language (regular, context-free, etc.) can this kind of finite state automaton recognize?', 'intent': 'fsa-practical', 'argument': 'language', 'dialogue_act': 'Ta:request', 'frame': {'alphabet': '?', 'input': '?'}}
VisualRelevancy;5;what is the alphabet of this automaton and what happens if we give it an input string?;Could you be more specific?;[];1.0;0;False;{'user_input': 'what is the alphabet of this automaton and what happens if we give it an input string?', 'intent': 'fsa-practical', 'argument': 'alphabet', 'dialogue_act': 'Ta:request', 'frame': {'alphabet': '?', 'input': ''}}
VisualRelevancy;5;what is the alphabet of this automaton?;Could you be more specific?;[];1.0;0;False;{'user_input': 'what is the alphabet of this automaton?', 'intent': 'fsa-practical', 'argument': 'alphabet', 'dialogue_act': 'Ta:request', 'frame': {'alphabet': '?'}}
VisualRelevancy;5;What is the alphabet of this automaton?;Could you be more specific?;[];1.0;0;False;{'user_input': 'What is the alphabet of this automaton?', 'intent': 'fsa-practical', 'argument': 'alphabet', 'dialogue_act': 'Ta:request', 'frame': {'alphabet': '?'}}
VisualRelevancy;5;What is the alphabet of this automaton?;Could you be more specific?;[];1.0;0;False;{'user_input': 'What is the alphabet of this automaton?', 'intent': 'fsa-practical', 'argument': 'alphabet', 'dialogue_act': 'Ta:request', 'frame': {'alphabet': '?'}}
VisualRelevancy;5;What is the alphabet of this automaton?;Could you be more specific?;[];1.0;0;False;{'user_input': 'What is the alphabet of this automaton?', 'intent': 'fsa-practical', 'argument': 'alphabet', 'dialogue_act': 'Ta:request', 'frame': {'alphabet': '?'}}
VisualRelevancy;5;What is the language recognized by this automaton and what is its alphabet?;Could you be more specific?;[];1.0;0;False;{'user_input': 'What is the language recognized by this automaton and what is its alphabet?', 'intent': 'fsa-practical', 'argument': 'language', 'dialogue_act': 'Ta:request', 'frame': {'alphabet': '?', 'language': '?'}}
VisualRelevancy;5;In this automaton, does the language contain strings that require exactly 7 transitions to be processed?;Could you be more specific?;[];1.0;0;False;{'user_input': 'In this automaton, does the language contain strings that require exactly 7 transitions to be processed?', 'intent': 'fsa-practical', 'argument': 'language', 'dialogue_act': 'Ta:request', 'frame': {'input': '?'}}
VisualRelevancy;5;What is the language accepted by the automaton if the initial state is Q3?;Could you be more specific?;[];1.0;0;False;{'user_input': 'What is the language accepted by the automaton if the initial state is Q3?', 'intent': 'fsa-practical', 'argument': 'language', 'dialogue_act': 'Ta:request', 'frame': {'initialState': 'Q3'}}
VisualRelevancy;5;in which language is the automaton’s language defined if the initial state is q3?;Could you be more specific?;[];1.0;0;False;{'user_input': 'in which language is the automaton’s language defined if the initial state is q3?', 'intent': 'fsa-practical', 'argument': 'language', 'dialogue_act': 'Ta:request', 'frame': {'initialState': 'q3'}}
VisualRelevancy;5;What is the language accepted by this automaton if the initial state is q3?;Could you be more specific?;[];1.0;0;False;{'user_input': 'What is the language accepted by this automaton if the initial state is q3?', 'intent': 'fsa-practical', 'argument': 'language', 'dialogue_act': 'Ta:request', 'frame': {'initialState': 'q3'}}
VisualRelevancy;5;What is the language recognized by this automaton if state q3 has no outgoing transitions?;Could you be more specific?;[];1.0;0;False;{'user_input': 'What is the language recognized by this automaton if state q3 has no outgoing transitions?', 'intent': 'fsa-practical', 'argument': 'language', 'dialogue_act': 'Ta:request', 'frame': {'input': '?'}}
VisualRelevancy;5;What is the language recognized by this automaton for the input string?;Could you be more specific?;[];1.0;0;False;{'user_input': 'What is the language recognized by this automaton for the input string?', 'intent': 'fsa-practical', 'argument': 'language', 'dialogue_act': 'Ta:request', 'frame': {'input': '?'}}
VisualRelevancy;5;Which states in this automaton have no transitions?;The state q0 exists.;['simbolo-q0'];0.2;1;False;{'user_input': 'Which states in this automaton have no transitions?', 'intent': 'fsa-practical', 'argument': 'state', 'dialogue_act': 'Ta:request', 'frame': {'states': '?'}}
VisualRelevancy;5;can you tell me what the destination this is in this automaton?;The state q1 exists.;['simbolo-q1'];0.8;1;False;{'user_input': 'can you tell me what the destination this is in this automaton?', 'intent': 'fsa-practical', 'argument': 'state', 'dialogue_act': 'Ta:request', 'frame': {'states': ['q1']}, '_raw_frame': {'states': '?'}}
