METRIC;ITERATION;QUESTION;ANSWER;VISUAL_ANSWER;JUDGE_VALUE;FAILS;MUTED;NLU_OUTPUT
Accuracy;1;Is it possible to go from q2 to q4 in this automaton?;there is no transition between q2 and q4.;[];0.2;1;False;{'user_input': 'Is it possible to go from q2 to q4 in this automaton?', 'intent': 'fsa-practical', 'argument': 'transition', 'dialogue_act': 'Ta:request', 'frame': {'transitions': [['q2', 'q4', '?']]}}
Accuracy;1;What is the transition label from state q2 to state q4 in this automaton?;there is no transition between q2 and q4.;[];1.0;1;False;{'user_input': 'What is the transition label from state q2 to state q4 in this automaton?', 'intent': 'fsa-practical', 'argument': 'transition', 'dialogue_act': 'Ta:request', 'frame': {'transitions': [['q2', 'q4', '?']]}}
Accuracy;1;In this automaton there are 7 transitions in total.;MUTATION The automaton has 5 transitions: q0 with value 1 goes to q1, q1 with value 1 goes to q2, q2 with value 0 goes to q3, q3 with value 0 goes to q4, q4 with value 0 goes to q0.;['simbolo-q0-q1', 'simbolo-q1-q2', 'simbolo-q2-q3', 'simbolo-q3-q4', 'simbolo-q4-q0'];1.0;1;True;{'user_input': 'In this automaton there are 7 transitions in total.', 'intent': 'fsa-practical', 'argument': 'transition', 'dialogue_act': 'Ta:request', 'frame': {'numberOfTransitions': '7'}}
Accuracy;1;what is the label of the transition that goes from this to that?;There is no transition between q2 and q4.;[];1.0;1;False;{'user_input': 'what is the label of the transition that goes from this to that?', 'intent': 'fsa-practical', 'argument': 'transition', 'dialogue_act': 'Ta:request', 'frame': {'states': ['q2', 'q4']}, '_raw_frame': {'transitions': []}}
Accuracy;1;What is the label of the transition that goes from state q2 to state q4?;there is no transition between q2 and q4.;[];1.0;1;False;{'user_input': 'What is the label of the transition that goes from state q2 to state q4?', 'intent': 'fsa-practical', 'argument': 'transition', 'dialogue_act': 'Ta:request', 'frame': {'transitions': [['q2', 'q4', '?']]}}
Accuracy;1;which is the transition that starts from the state without outgoing transitions, namely q3?;the transition is not defined.;[];0.0;2;False;{'user_input': 'which is the transition that starts from the state without outgoing transitions, namely q3?', 'intent': 'fsa-practical', 'argument': 'transition', 'dialogue_act': 'Ta:request', 'frame': {'transitions': [['q3', '?', '?']]}}
Accuracy;1;"no, i made a mistake: from q3 with input 0 you should go to q4, not to q2; can you correct the transition from q3 accordingly?";The automaton accepts zero or more words formed by a sequence of the type 11000. In total there are 5 states: q0, q1, q2, q3 and q4. q0 is both the initial and the final state. The transitions are: q0 with value 1 goes to q1, q1 with value 1 goes to q2, q2 with value 0 goes to q3, q3 with value 0 goes to q4, q4 with value 0 goes to q0.;[];0.95;2;False;"{'user_input': 'no, i made a mistake: from q3 with input 0 you should go to q4, not to q2; can you correct the transition from q3 accordingly?', 'intent': None, 'argument': None, 'dialogue_act': None, 'frame': {}}"
Accuracy;1;Can you list all the transitions of this deterministic automaton?;MUTATION The automaton has 5 transitions: q0 with value 1 goes to q1, q1 with value 1 goes to q2, q2 with value 0 goes to q3, q3 with value 0 goes to q4, q4 with value 0 goes to q0.;['simbolo-q0-q1', 'simbolo-q1-q2', 'simbolo-q2-q3', 'simbolo-q3-q4', 'simbolo-q4-q0'];1.0;2;True;{'user_input': 'Can you list all the transitions of this deterministic automaton?', 'intent': 'fsa-practical', 'argument': 'transition', 'dialogue_act': 'Ta:request', 'frame': {'transitions': []}}
Accuracy;1;Hi, about the automaton’s transitions: what is the transition that starts from state q3?;the transition is not defined.;[];0.0;3;False;{'user_input': 'Hi, about the automaton’s transitions: what is the transition that starts from state q3?', 'intent': 'fsa-practical', 'argument': 'transition', 'dialogue_act': 'Ta:request', 'frame': {'transitions': [['q3', '?', '?']]}}
Accuracy;1;What is the optimal spatial representation of the transitions in this finite state automaton?;MUTATION The automaton has 5 transitions: q0 with value 1 goes to q1, q1 with value 1 goes to q2, q2 with value 0 goes to q3, q3 with value 0 goes to q4, q4 with value 0 goes to q0.;['simbolo-q0-q1', 'simbolo-q1-q2', 'simbolo-q2-q3', 'simbolo-q3-q4', 'simbolo-q4-q0'];0.3;4;True;{'user_input': 'What is the optimal spatial representation of the transitions in this finite state automaton?', 'intent': 'fsa-practical', 'argument': 'transition', 'dialogue_act': 'Ta:request', 'frame': {'transitions': []}}
Accuracy;1;what is the transition that starts from this?;There is no transition between q3 and q0.;[];0.0;5;False;{'user_input': 'what is the transition that starts from this?', 'intent': 'fsa-practical', 'argument': 'transition', 'dialogue_act': 'Ta:request', 'frame': {'states': ['q3']}, '_raw_frame': {'transitions': []}}
Accuracy;1;ciao, potresti mostrarmi le transizioni che coinvolgono lo stato q3 in questo automa?;the transition is not defined.;[];0.0;6;False;{'user_input': 'ciao, potresti mostrarmi le transizioni che coinvolgono lo stato q3 in questo automa?', 'intent': 'fsa-practical', 'argument': 'transition', 'dialogue_act': 'Ta:request', 'frame': {'transitions': [['q3', '?', '?']]}}
Accuracy;1;For the input string 11000, does this automaton produce the output accepted?;Could you be more specific?;[];0.0;7;False;{'user_input': 'For the input string 11000, does this automaton produce the output accepted?', 'intent': 'fsa-practical', 'argument': 'language', 'dialogue_act': 'Ta:propositionalQuestion', 'frame': {'input': '11000'}}
Accuracy;1;Given the automaton shown on the tablet, what happens if we give it the input string 11000?;Could you be more specific?;[];0.0;8;False;{'user_input': 'Given the automaton shown on the tablet, what happens if we give it the input string 11000?', 'intent': 'fsa-practical', 'argument': 'language', 'dialogue_act': 'Ta:request', 'frame': {'input': '11000'}}
Accuracy;1;I’m leaving now, but before I go, can you tell me what language is accepted by this automaton for the input 11000?;Could you be more specific?;[];0.0;9;False;{'user_input': 'I’m leaving now, but before I go, can you tell me what language is accepted by this automaton for the input 11000?', 'intent': 'fsa-practical', 'argument': 'language', 'dialogue_act': 'Ta:request', 'frame': {'input': '11000'}}
Accuracy;2;What is the value of the transition from q1 to q2?;The transition between q1 and q2 is with value 1.;['simbolo-q1-q2'];1.0;0;False;{'user_input': 'What is the value of the transition from q1 to q2?', 'intent': 'fsa-practical', 'argument': 'transition', 'dialogue_act': 'Ta:request', 'frame': {'transitions': [['q1', 'q2', '?']]}}
Accuracy;2;what is the label of this?;The automaton has 5 states: q0, q1, q2, q3 and q4.;['simbolo-q0', 'simbolo-q1', 'simbolo-q2', 'simbolo-q3', 'simbolo-q4'];0.2;1;False;{'user_input': 'what is the label of this?', 'intent': 'fsa-practical', 'argument': 'state', 'dialogue_act': 'Ta:request', 'frame': {'states': ['?'], 'transitions': [['q1', 'q2', '?']]}, '_raw_frame': {'states': '?'}}
Accuracy;2;Does there exist a state in this automaton that is both initial and final?;The state q0 exists.;['simbolo-q0'];1.0;1;False;{'user_input': 'Does there exist a state in this automaton that is both initial and final?', 'intent': 'fsa-practical', 'argument': 'state', 'dialogue_act': 'Ta:propositionalQuestion', 'frame': {'states': '?'}}
Accuracy;2;is this automaton non-deterministic or deterministic?;The automaton accepts zero or more words formed by a sequence of the type 11000. In total there are 5 states: q0, q1, q2, q3 and q4. q0 is both the initial and the final state. The transitions are: q0 with value 1 goes to q1, q1 with value 1 goes to q2, q2 with value 0 goes to q3, q3 with value 0 goes to q4, q4 with value 0 goes to q0.;[];0.1;2;False;{'user_input': 'is this automaton non-deterministic or deterministic?', 'intent': 'fsa-practical', 'argument': 'automaton', 'dialogue_act': 'Ta:request', 'frame': {'automatonType': '?'}}
Accuracy;2;What is the automaton type of this finite state automaton?;The automaton accepts zero or more words formed by a sequence of the type 11000. In total there are 5 states: q0, q1, q2, q3 and q4. q0 is both the initial and the final state. The transitions are: q0 with value 1 goes to q1, q1 with value 1 goes to q2, q2 with value 0 goes to q3, q3 with value 0 goes to q4, q4 with value 0 goes to q0.;[];0.2;3;False;{'user_input': 'What is the automaton type of this finite state automaton?', 'intent': 'fsa-practical', 'argument': 'automaton', 'dialogue_act': 'Ta:request', 'frame': {'automatonType': '?'}}
Accuracy;2;So, for this automaton, would you say its automatonType is deterministic or not?;The automaton accepts zero or more words formed by a sequence of the type 11000. In total there are 5 states: q0, q1, q2, q3 and q4. q0 is both the initial and the final state. The transitions are: q0 with value 1 goes to q1, q1 with value 1 goes to q2, q2 with value 0 goes to q3, q3 with value 0 goes to q4, q4 with value 0 goes to q0.;[];0.0;4;False;{'user_input': 'So, for this automaton, would you say its automatonType is deterministic or not?', 'intent': 'fsa-practical', 'argument': 'automaton', 'dialogue_act': 'Ta:request', 'frame': {'automatonType': 'deterministic'}}
Accuracy;2;Could you explain the theoretical definition of this deterministic automaton?;The automaton accepts zero or more words formed by a sequence of the type 11000. In total there are 5 states: q0, q1, q2, q3 and q4. q0 is both the initial and the final state. The transitions are: q0 with value 1 goes to q1, q1 with value 1 goes to q2, q2 with value 0 goes to q3, q3 with value 0 goes to q4, q4 with value 0 goes to q0.;[];0.7;4;False;{'user_input': 'Could you explain the theoretical definition of this deterministic automaton?', 'intent': 'fsa-practical', 'argument': 'automaton', 'dialogue_act': 'Ta:request', 'frame': {}}
Accuracy;2;is this automaton deterministic?;The automaton accepts zero or more words formed by a sequence of the type 11000. In total there are 5 states: q0, q1, q2, q3 and q4. q0 is both the initial and the final state. The transitions are: q0 with value 1 goes to q1, q1 with value 1 goes to q2, q2 with value 0 goes to q3, q3 with value 0 goes to q4, q4 with value 0 goes to q0.;[];0.1;5;False;{'user_input': 'is this automaton deterministic?', 'intent': 'fsa-practical', 'argument': 'automaton', 'dialogue_act': 'Ta:request', 'frame': {'automatonType': '?'}}
Accuracy;2;The automaton shown is a deterministic finite state automaton.;The automaton accepts zero or more words formed by a sequence of the type 11000. In total there are 5 states: q0, q1, q2, q3 and q4. q0 is both the initial and the final state. The transitions are: q0 with value 1 goes to q1, q1 with value 1 goes to q2, q2 with value 0 goes to q3, q3 with value 0 goes to q4, q4 with value 0 goes to q0.;[];0.4;5;False;{'user_input': 'The automaton shown is a deterministic finite state automaton.', 'intent': 'fsa-practical', 'argument': 'automaton', 'dialogue_act': 'Ta:request', 'frame': {'automatonType': 'deterministic'}}
Accuracy;2;is the automaton shown on the tablet deterministic?;The automaton accepts zero or more words formed by a sequence of the type 11000. In total there are 5 states: q0, q1, q2, q3 and q4. q0 is both the initial and the final state. The transitions are: q0 with value 1 goes to q1, q1 with value 1 goes to q2, q2 with value 0 goes to q3, q3 with value 0 goes to q4, q4 with value 0 goes to q0.;[];0.0;6;False;{'user_input': 'is the automaton shown on the tablet deterministic?', 'intent': 'fsa-practical', 'argument': 'automaton', 'dialogue_act': 'Ta:propositionalQuestion', 'frame': {'automatonType': 'deterministic'}}
Accuracy;2;is this automaton deterministic?;The automaton accepts zero or more words formed by a sequence of the type 11000. In total there are 5 states: q0, q1, q2, q3 and q4. q0 is both the initial and the final state. The transitions are: q0 with value 1 goes to q1, q1 with value 1 goes to q2, q2 with value 0 goes to q3, q3 with value 0 goes to q4, q4 with value 0 goes to q0.;[];0.1;7;False;{'user_input': 'is this automaton deterministic?', 'intent': 'fsa-practical', 'argument': 'automaton', 'dialogue_act': 'Ta:propositionalQuestion', 'frame': {'automatonType': 'deterministic'}}
Accuracy;2;is this deterministic automaton’s transition from q4 on input 0 going back to q0?;The transition between q4 and q0 is with value 0.;['simbolo-q4-q0'];1.0;7;False;{'user_input': 'is this deterministic automaton’s transition from q4 on input 0 going back to q0?', 'intent': 'fsa-practical', 'argument': 'transition', 'dialogue_act': 'Ta:propositionalQuestion', 'frame': {'transitions': [['q4', 'q0', '0']]}}
Accuracy;2;For the automaton shown, what happens if we give it the input string 11000?;MUTATION The automaton has 5 transitions: q0 with value 1 goes to q1, q1 with value 1 goes to q2, q2 with value 0 goes to q3, q3 with value 0 goes to q4, q4 with value 0 goes to q0.;['simbolo-q0-q1', 'simbolo-q1-q2', 'simbolo-q2-q3', 'simbolo-q3-q4', 'simbolo-q4-q0'];0.2;8;True;{'user_input': 'For the automaton shown, what happens if we give it the input string 11000?', 'intent': 'fsa-practical', 'argument': 'transition', 'dialogue_act': 'Ta:request', 'frame': {'input': '11000'}}
Accuracy;2;is this automaton deterministic?;The automaton accepts zero or more words formed by a sequence of the type 11000. In total there are 5 states: q0, q1, q2, q3 and q4. q0 is both the initial and the final state. The transitions are: q0 with value 1 goes to q1, q1 with value 1 goes to q2, q2 with value 0 goes to q3, q3 with value 0 goes to q4, q4 with value 0 goes to q0.;[];0.2;9;False;{'user_input': 'is this automaton deterministic?', 'intent': 'fsa-practical', 'argument': 'automaton', 'dialogue_act': 'Ta:propositionalQuestion', 'frame': {'automatonType': 'deterministic'}}
Accuracy;2;What is the initial state of this automaton?;The initial state is q0.;['simbolo-q0'];1.0;9;False;{'user_input': 'What is the initial state of this automaton?', 'intent': 'fsa-practical', 'argument': 'state', 'dialogue_act': 'Ta:request', 'frame': {'initialState': '?'}}
Accuracy;3;What is the shortest input that makes the automaton go back to q0 after leaving it?;MUTATION The automaton has 5 transitions: q0 with value 1 goes to q1, q1 with value 1 goes to q2, q2 with value 0 goes to q3, q3 with value 0 goes to q4, q4 with value 0 goes to q0.;['simbolo-q0-q1', 'simbolo-q1-q2', 'simbolo-q2-q3', 'simbolo-q3-q4', 'simbolo-q4-q0'];0.0;1;True;{'user_input': 'What is the shortest input that makes the automaton go back to q0 after leaving it?', 'intent': 'fsa-practical', 'argument': 'transition', 'dialogue_act': 'Ta:request', 'frame': {'input': '?'}}
Accuracy;3;what input string should i give to this automaton to follow the transition from one state to the next?;Could you be more specific?;[];0.0;2;False;{'user_input': 'what input string should i give to this automaton to follow the transition from one state to the next?', 'intent': 'fsa-practical', 'argument': 'language', 'dialogue_act': 'Ta:request', 'frame': {'input': '?'}}
Accuracy;3;can you check whether the string i give you is accepted by the language of this automaton as input?;Could you be more specific?;[];0.1;3;False;{'user_input': 'can you check whether the string i give you is accepted by the language of this automaton as input?', 'intent': 'fsa-practical', 'argument': 'language', 'dialogue_act': 'Ta:propositionalQuestion', 'frame': {'input': '?'}}
Accuracy;3;what is the language recognized by this finite automaton?;Could you be more specific?;[];0.0;4;False;{'user_input': 'what is the language recognized by this finite automaton?', 'intent': 'fsa-practical', 'argument': 'language', 'dialogue_act': 'Ta:request', 'frame': {'input': '?'}}
Accuracy;3;Hi, could you please tell me what language is accepted by this finite state automaton for a given input string?;Could you be more specific?;[];0.1;5;False;{'user_input': 'Hi, could you please tell me what language is accepted by this finite state automaton for a given input string?', 'intent': 'fsa-practical', 'argument': 'language', 'dialogue_act': 'Ta:request', 'frame': {'input': '?'}}
Accuracy;3;Which language is recognized by this automaton for the input string?;Could you be more specific?;[];0.1;6;False;{'user_input': 'Which language is recognized by this automaton for the input string?', 'intent': 'fsa-practical', 'argument': 'language', 'dialogue_act': 'Ta:request', 'frame': {'input': '?'}}
Accuracy;3;I’d like to correct myself: can you instead tell me what language this automaton accepts for the input string?;The automaton accepts zero or more words formed by a sequence of the type 11000. In total there are 5 states: q0, q1, q2, q3 and q4. q0 is both the initial and the final state. The transitions are: q0 with value 1 goes to q1, q1 with value 1 goes to q2, q2 with value 0 goes to q3, q3 with value 0 goes to q4, q4 with value 0 goes to q0.;[];0.95;6;False;{'user_input': 'I’d like to correct myself: can you instead tell me what language this automaton accepts for the input string?', 'intent': 'fsa-practical', 'argument': None, 'dialogue_act': 'Ta:request', 'frame': {}}
Accuracy;3;what is the input of this automaton?;Could you be more specific?;[];0.1;7;False;{'user_input': 'what is the input of this automaton?', 'intent': 'fsa-practical', 'argument': 'language', 'dialogue_act': 'Ta:request', 'frame': {'input': '?'}}
Accuracy;3;What is the language accepted by this automaton for an input string?;Could you be more specific?;[];0.0;8;False;{'user_input': 'What is the language accepted by this automaton for an input string?', 'intent': 'fsa-practical', 'argument': 'language', 'dialogue_act': 'Ta:request', 'frame': {'input': '?'}}
Accuracy;3;What is the language accepted by this automaton?;Could you be more specific?;[];0.0;9;False;{'user_input': 'What is the language accepted by this automaton?', 'intent': 'fsa-practical', 'argument': 'language', 'dialogue_act': 'Ta:propositionalQuestion', 'frame': {'input': '?'}}
Accuracy;3;for the automaton shown, what is the language it recognizes for an arbitrary input string?;Could you be more specific?;[];0.0;10;False;{'user_input': 'for the automaton shown, what is the language it recognizes for an arbitrary input string?', 'intent': 'fsa-practical', 'argument': 'language', 'dialogue_act': 'Ta:request', 'frame': {'alphabet': ['a', 'b', 'c'], 'input': ''}}
Accuracy;3;Thanks, goodbye! Before I go, could you please tell me what is the language recognized by this automaton, assuming the alphabet is {a, b, c}?;Could you be more specific?;[];0.0;11;False;{'user_input': 'Thanks, goodbye! Before I go, could you please tell me what is the language recognized by this automaton, assuming the alphabet is {a, b, c}?', 'intent': 'fsa-practical', 'argument': 'language', 'dialogue_act': 'Ta:request', 'frame': {'alphabet': 'a'}}
Accuracy;3;"Thank you for explaining the language of this automaton to me; so the alphabet is just {a}, right?";Could you be more specific?;[];0.2;12;False;"{'user_input': 'Thank you for explaining the language of this automaton to me; so the alphabet is just {a}, right?', 'intent': 'fsa-practical', 'argument': 'alphabet', 'dialogue_act': 'Ta:request', 'frame': {'alphabet': 'a'}}"
Accuracy;3;which transition is associated with the symbol ‘a’ in this automaton?;the transition is not defined.;[];1.0;12;False;{'user_input': 'which transition is associated with the symbol ‘a’ in this automaton?', 'intent': 'fsa-practical', 'argument': 'transition', 'dialogue_act': 'Ta:request', 'frame': {'transitions': [['a', '?', '?']]}}
Accuracy;3;Hi again! In this automaton, what is the language over the alphabet a?;Could you be more specific?;[];0.1;13;False;{'user_input': 'Hi again! In this automaton, what is the language over the alphabet a?', 'intent': 'fsa-practical', 'argument': 'language', 'dialogue_act': 'Ta:request', 'frame': {'alphabet': 'a'}}
Accuracy;4;Does this automaton accept the empty string ε?;Could you be more specific?;[];0.0;1;False;{'user_input': 'Does this automaton accept the empty string ε?', 'intent': 'fsa-practical', 'argument': 'language', 'dialogue_act': 'Ta:request', 'frame': {'automaton': '?'}}
Accuracy;4;What is the language accepted by this automaton?;Could you be more specific?;[];0.0;2;False;{'user_input': 'What is the language accepted by this automaton?', 'intent': 'fsa-practical', 'argument': 'language', 'dialogue_act': 'Ta:request', 'frame': {'input': '?'}}
Accuracy;4;hello! in this finite state automaton exercise, could you explain what language it recognizes for a given input string?;Could you be more specific?;[];0.1;3;False;{'user_input': 'hello! in this finite state automaton exercise, could you explain what language it recognizes for a given input string?', 'intent': 'fsa-practical', 'argument': 'language', 'dialogue_act': 'Ta:request', 'frame': {'input': '?'}}
Accuracy;4;Given the automaton shown on the tablet, for which input strings does the automaton end in state q0?;The initial state is q0.;['simbolo-q0'];0.0;4;False;{'user_input': 'Given the automaton shown on the tablet, for which input strings does the automaton end in state q0?', 'intent': 'fsa-practical', 'argument': 'state', 'dialogue_act': 'Ta:request', 'frame': {'alphabet': 'input', 'initialState': 'q0', 'finalStates': 'q0'}}
Accuracy;4;For this automaton, what is the state, given the input alphabet and that q0 is both the initial and the final state?;The initial state is q0.;['simbolo-q0'];1.0;4;False;{'user_input': 'For this automaton, what is the state, given the input alphabet and that q0 is both the initial and the final state?', 'intent': 'fsa-practical', 'argument': 'state', 'dialogue_act': 'Ta:request', 'frame': {'alphabet': '?', 'initialState': 'q0', 'finalStates': ['q0']}}
Accuracy;4;I meant to say that the alphabet is the input symbols, the initial state is q0, and the only final state is also q0.;Could you be more specific?;[];0.2;5;False;{'user_input': 'I meant to say that the alphabet is the input symbols, the initial state is q0, and the only final state is also q0.', 'intent': 'fsa-practical', 'argument': 'alphabet', 'dialogue_act': 'Ta:request', 'frame': {'alphabet': '?', 'initialState': 'q0', 'finalStates': ['q0']}}
Accuracy;4;in this finite state automaton, given the alphabet of input symbols and that q0 is both the initial and the final state, what is the theoretical definition of this?;The automaton accepts zero or more words formed by a sequence of the type 11000. In total there are 5 states: q0, q1, q2, q3 and q4. q0 is both the initial and the final state. The transitions are: q0 with value 1 goes to q1, q1 with value 1 goes to q2, q2 with value 0 goes to q3, q3 with value 0 goes to q4, q4 with value 0 goes to q0.;[];0.4;5;False;{'user_input': 'in this finite state automaton, given the alphabet of input symbols and that q0 is both the initial and the final state, what is the theoretical definition of this?', 'intent': 'fsa-practical', 'argument': 'automaton', 'dialogue_act': 'Ta:request', 'frame': {'initialState': 'q0', 'finalStates': ['q0'], 'states': ['q0']}, '_raw_frame': {'alphabet': '?', 'initialState': 'q0', 'finalStates': ['q0']}}
Accuracy;4;What is the alphabet of the input for this automaton, given that it starts and ends in state q0?;Could you be more specific?;[];0.0;6;False;{'user_input': 'What is the alphabet of the input for this automaton, given that it starts and ends in state q0?', 'intent': 'fsa-practical', 'argument': 'alphabet', 'dialogue_act': 'Ta:request', 'frame': {'alphabet': '?'}}
Accuracy;4;hello, could you tell me what the alphabet of this automaton is?;Could you be more specific?;[];0.0;7;False;{'user_input': 'hello, could you tell me what the alphabet of this automaton is?', 'intent': 'fsa-practical', 'argument': 'alphabet', 'dialogue_act': 'Ta:request', 'frame': {'alphabet': '?'}}
Accuracy;4;What is the alphabet of this automaton’s transitions?;Could you be more specific?;[];0.0;8;False;{'user_input': 'What is the alphabet of this automaton’s transitions?', 'intent': 'fsa-practical', 'argument': 'alphabet', 'dialogue_act': 'Ta:request', 'frame': {'alphabet': '?'}}
Accuracy;4;"i accept the turn; what is the alphabet of this automaton?";Could you be more specific?;[];0.0;9;False;"{'user_input': 'i accept the turn; what is the alphabet of this automaton?', 'intent': 'fsa-practical', 'argument': 'alphabet', 'dialogue_act': 'Ta:propositionalQuestion', 'frame': {'alphabet': '?'}}"
Accuracy;4;what is the alphabet of this automaton?;Could you be more specific?;[];0.0;10;False;{'user_input': 'what is the alphabet of this automaton?', 'intent': 'fsa-practical', 'argument': 'alphabet', 'dialogue_act': 'Ta:request', 'frame': {'alphabet': '?'}}
Accuracy;4;what is the alphabet of this automaton?;Could you be more specific?;[];0.0;11;False;{'user_input': 'what is the alphabet of this automaton?', 'intent': 'fsa-practical', 'argument': 'alphabet', 'dialogue_act': 'Ta:request', 'frame': {'alphabet': '?'}}
Accuracy;4;What is the alphabet of this automaton?;Could you be more specific?;[];0.0;12;False;{'user_input': 'What is the alphabet of this automaton?', 'intent': 'fsa-practical', 'argument': 'alphabet', 'dialogue_act': 'Ta:request', 'frame': {'alphabet': '?'}}
Accuracy;4;thank you! could you please tell me what the alphabet of this automaton is?;Could you be more specific?;[];0.0;13;False;{'user_input': 'thank you! could you please tell me what the alphabet of this automaton is?', 'intent': 'fsa-practical', 'argument': 'alphabet', 'dialogue_act': 'Ta:propositionalQuestion', 'frame': {'alphabet': '?'}}
Accuracy;5;How can I know from the diagram whether the automaton is deterministic or non-deterministic?;The automaton accepts zero or more words formed by a sequence of the type 11000. In total there are 5 states: q0, q1, q2, q3 and q4. q0 is both the initial and the final state. The transitions are: q0 with value 1 goes to q1, q1 with value 1 goes to q2, q2 with value 0 goes to q3, q3 with value 0 goes to q4, q4 with value 0 goes to q0.;[];0.1;1;False;{'user_input': 'How can I know from the diagram whether the automaton is deterministic or non-deterministic?', 'intent': 'fsa-practical', 'argument': 'automaton', 'dialogue_act': 'Ta:request', 'frame': {'graphicRepresentation': '?'}}
Accuracy;5;which state in this automaton has no outgoing transitions?;The state q0 exists.;['simbolo-q0'];0.0;2;False;{'user_input': 'which state in this automaton has no outgoing transitions?', 'intent': 'fsa-practical', 'argument': 'state', 'dialogue_act': 'Ta:request', 'frame': {'states': '?'}}
Accuracy;5;what are the states of this automaton?;The state q0 exists.;['simbolo-q0'];0.2;3;False;{'user_input': 'what are the states of this automaton?', 'intent': 'fsa-practical', 'argument': 'state', 'dialogue_act': 'Ta:request', 'frame': {'states': '?'}}
Accuracy;5;before saying goodbye, could you briefly summarize the states of this automaton for me?;The state q0 exists.;['simbolo-q0'];0.1;4;False;{'user_input': 'before saying goodbye, could you briefly summarize the states of this automaton for me?', 'intent': 'fsa-practical', 'argument': 'state', 'dialogue_act': 'Ta:request', 'frame': {'states': '?'}}
Accuracy;5;What are the transitions of this automaton?;MUTATION The automaton has 5 transitions: q0 with value 1 goes to q1, q1 with value 1 goes to q2, q2 with value 0 goes to q3, q3 with value 0 goes to q4, q4 with value 0 goes to q0.;['simbolo-q0-q1', 'simbolo-q1-q2', 'simbolo-q2-q3', 'simbolo-q3-q4', 'simbolo-q4-q0'];1.0;4;True;{'user_input': 'What are the transitions of this automaton?', 'intent': 'fsa-practical', 'argument': 'transition', 'dialogue_act': 'Ta:request', 'frame': {'transitions': []}}
Accuracy;5;What is the alphabet of this finite state automaton?;Could you be more specific?;[];0.0;5;False;{'user_input': 'What is the alphabet of this finite state automaton?', 'intent': 'fsa-practical', 'argument': 'alphabet', 'dialogue_act': 'Ta:request', 'frame': {'alphabet': '?'}}
Accuracy;5;What is the alphabet of this non-regular language recognized by the automaton shown?;Could you be more specific?;[];0.0;6;False;{'user_input': 'What is the alphabet of this non-regular language recognized by the automaton shown?', 'intent': 'fsa-practical', 'argument': 'alphabet', 'dialogue_act': 'Ta:request', 'frame': {'alphabet': '?'}}
Accuracy;5;what is the alphabet of the automaton if the only final state is q3?;Could you be more specific?;[];0.0;7;False;{'user_input': 'what is the alphabet of the automaton if the only final state is q3?', 'intent': 'fsa-practical', 'argument': 'alphabet', 'dialogue_act': 'Ta:request', 'frame': {'alphabet': '?'}}
Accuracy;5;What is the alphabet of this automaton?;Could you be more specific?;[];0.0;8;False;{'user_input': 'What is the alphabet of this automaton?', 'intent': 'fsa-practical', 'argument': 'alphabet', 'dialogue_act': 'Ta:request', 'frame': {'alphabet': '?'}}
Accuracy;5;thank you! could you please tell me what the alphabet of this automaton is?;Could you be more specific?;[];0.0;9;False;{'user_input': 'thank you! could you please tell me what the alphabet of this automaton is?', 'intent': 'fsa-practical', 'argument': 'alphabet', 'dialogue_act': 'Ta:request', 'frame': {'alphabet': '?'}}
Accuracy;5;What is the alphabet of this automaton?;Could you be more specific?;[];0.0;10;False;{'user_input': 'What is the alphabet of this automaton?', 'intent': 'fsa-practical', 'argument': 'alphabet', 'dialogue_act': 'Ta:request', 'frame': {'alphabet': '?'}}
Accuracy;5;What is the alphabet of this automaton?;Could you be more specific?;[];0.0;11;False;{'user_input': 'What is the alphabet of this automaton?', 'intent': 'fsa-practical', 'argument': 'alphabet', 'dialogue_act': 'Ta:request', 'frame': {'alphabet': '?'}}
Accuracy;5;What is the alphabet of this automaton?;Could you be more specific?;[];0.0;12;False;{'user_input': 'What is the alphabet of this automaton?', 'intent': 'fsa-practical', 'argument': 'alphabet', 'dialogue_act': 'Ta:request', 'frame': {'alphabet': '?'}}
Accuracy;5;what is the alphabet of this automaton?;Could you be more specific?;[];0.0;13;False;{'user_input': 'what is the alphabet of this automaton?', 'intent': 'fsa-practical', 'argument': 'alphabet', 'dialogue_act': 'Ta:request', 'frame': {'alphabet': '?'}}
Accuracy;5;The alphabet of this automaton is what?;Could you be more specific?;[];0.0;14;False;{'user_input': 'The alphabet of this automaton is what?', 'intent': 'fsa-practical', 'argument': 'alphabet', 'dialogue_act': 'Ta:request', 'frame': {'alphabet': '?'}}
Relevancy;1;Is there any transition going from q2 directly to q4?;there is no transition between q2 and q4.;[];1.0;0;False;{'user_input': 'Is there any transition going from q2 directly to q4?', 'intent': 'fsa-practical', 'argument': 'transition', 'dialogue_act': 'Ta:request', 'frame': {'transitions': [['q2', 'q4', '?']]}}
Relevancy;1;hi, could you please tell me what the transition from this to that is?;There is no transition between q2 and q4.;[];0.95;0;False;{'user_input': 'hi, could you please tell me what the transition from this to that is?', 'intent': 'fsa-practical', 'argument': 'transition', 'dialogue_act': 'Ta:request', 'frame': {'states': ['q2', 'q4']}, '_raw_frame': {'transitions': []}}
Relevancy;1;The transition goes from state q2 to state q4.;there is no transition between q2 and q4.;[];1.0;0;False;{'user_input': 'The transition goes from state q2 to state q4.', 'intent': 'fsa-practical', 'argument': 'transition', 'dialogue_act': 'Ta:request', 'frame': {'transitions': [['q2', 'q4', '?']]}}
Relevancy;1;what is the alphabet of the automaton considering only the states q2 and q4?;Could you be more specific?;[];0.1;1;False;{'user_input': 'what is the alphabet of the automaton considering only the states q2 and q4?', 'intent': 'fsa-practical', 'argument': 'alphabet', 'dialogue_act': 'Ta:request', 'frame': {'alphabet': 'q2'}}
Relevancy;1;no, the symbol “q2” is not part of the alphabet of this automaton.;Could you be more specific?;[];0.2;2;False;{'user_input': 'no, the symbol “q2” is not part of the alphabet of this automaton.', 'intent': 'fsa-practical', 'argument': 'alphabet', 'dialogue_act': 'Ta:request', 'frame': {'alphabet': 'q2'}}
Relevancy;1;what is the alphabet of the automaton in this?;Could you be more specific?;[];0.1;3;False;{'user_input': 'what is the alphabet of the automaton in this?', 'intent': 'fsa-practical', 'argument': 'alphabet', 'dialogue_act': 'Ta:request', 'frame': {'states': ['q2']}, '_raw_frame': {'alphabet': '?'}}
Relevancy;1;Which symbols form the alphabet of the automaton, considering that state q2 is one of its states?;Could you be more specific?;[];0.1;4;False;{'user_input': 'Which symbols form the alphabet of the automaton, considering that state q2 is one of its states?', 'intent': 'fsa-practical', 'argument': 'alphabet', 'dialogue_act': 'Ta:request', 'frame': {'alphabet': '?'}}
Relevancy;1;What is the alphabet of this automaton?;Could you be more specific?;[];0.1;5;False;{'user_input': 'What is the alphabet of this automaton?', 'intent': 'fsa-practical', 'argument': 'alphabet', 'dialogue_act': 'Ta:request', 'frame': {'alphabet': '?'}}
Relevancy;1;What is the alphabet of this automaton?;Could you be more specific?;[];0.1;6;False;{'user_input': 'What is the alphabet of this automaton?', 'intent': 'fsa-practical', 'argument': 'alphabet', 'dialogue_act': 'Ta:request', 'frame': {'alphabet': '?'}}
Relevancy;1;hi, could you tell me what the alphabet of this automaton is?;Could you be more specific?;[];0.1;7;False;{'user_input': 'hi, could you tell me what the alphabet of this automaton is?', 'intent': 'fsa-practical', 'argument': 'alphabet', 'dialogue_act': 'Ta:request', 'frame': {'alphabet': '?'}}
Relevancy;1;What is the alphabet of this automaton?;Could you be more specific?;[];0.1;8;False;{'user_input': 'What is the alphabet of this automaton?', 'intent': 'fsa-practical', 'argument': 'alphabet', 'dialogue_act': 'Ta:request', 'frame': {'alphabet': '?'}}
Relevancy;1;is the alphabet of this non-deterministic finite state automaton {0,1}?;Could you be more specific?;[];0.1;9;False;{'user_input': 'is the alphabet of this non-deterministic finite state automaton {0,1}?', 'intent': 'fsa-practical', 'argument': 'alphabet', 'dialogue_act': 'Ta:request', 'frame': {'alphabet': '0'}}
Relevancy;1;hi! in this automaton, is the alphabet just “0”?;Could you be more specific?;[];0.2;10;False;{'user_input': 'hi! in this automaton, is the alphabet just “0”?', 'intent': 'fsa-practical', 'argument': 'alphabet', 'dialogue_act': 'Ta:propositionalQuestion', 'frame': {'alphabet': '0'}}
Relevancy;1;What is the state reached by the automaton when it reads the symbol 0?;The state q0 exists.;['simbolo-q0'];0.2;11;False;{'user_input': 'What is the state reached by the automaton when it reads the symbol 0?', 'intent': 'fsa-practical', 'argument': 'state', 'dialogue_act': 'Ta:request', 'frame': {'states': '?'}}
Relevancy;1;What is the pattern over the alphabet {0} that this automaton recognizes?;Could you be more specific?;[];0.1;12;False;{'user_input': 'What is the pattern over the alphabet {0} that this automaton recognizes?', 'intent': 'fsa-practical', 'argument': 'pattern', 'dialogue_act': 'Ta:request', 'frame': {'pattern': 'alphabet'}}
Relevancy;2;What is the initial state of this automaton?;The initial state is q0.;['simbolo-q0'];1.0;0;False;{'user_input': 'What is the initial state of this automaton?', 'intent': 'fsa-practical', 'argument': 'state', 'dialogue_act': 'Ta:request', 'frame': {'initialState': '?'}}
Relevancy;2;What is the initial state of this automaton?;The initial state is q0.;['simbolo-q0'];1.0;0;False;{'user_input': 'What is the initial state of this automaton?', 'intent': 'fsa-practical', 'argument': 'state', 'dialogue_act': 'Ta:request', 'frame': {'initialState': '?'}}
Relevancy;2;what is the optimal spatial representation of the states in this finite state automaton?;The automaton has 5 states: q0, q1, q2, q3 and q4.;['simbolo-q0', 'simbolo-q1', 'simbolo-q2', 'simbolo-q3', 'simbolo-q4'];0.2;1;False;{'user_input': 'what is the optimal spatial representation of the states in this finite state automaton?', 'intent': 'fsa-practical', 'argument': 'state', 'dialogue_act': 'Ta:request', 'frame': {'optimalSpatialRepresentation': '?'}}
Relevancy;2;What is the optimal spatial representation of the states in this finite state automaton?;The automaton has 5 states: q0, q1, q2, q3 and q4.;['simbolo-q0', 'simbolo-q1', 'simbolo-q2', 'simbolo-q3', 'simbolo-q4'];0.2;2;False;{'user_input': 'What is the optimal spatial representation of the states in this finite state automaton?', 'intent': 'fsa-practical', 'argument': 'state', 'dialogue_act': 'Ta:request', 'frame': {'optimalSpatialRepresentation': '?'}}
Relevancy;2;hi! looking at this automaton, what would be the optimal spatial representation of this?;The automaton accepts zero or more words formed by a sequence of the type 11000. In total there are 5 states: q0, q1, q2, q3 and q4. q0 is both the initial and the final state. The transitions are: q0 with value 1 goes to q1, q1 with value 1 goes to q2, q2 with value 0 goes to q3, q3 with value 0 goes to q4, q4 with value 0 goes to q0.;[];0.2;3;False;{'user_input': 'hi! looking at this automaton, what would be the optimal spatial representation of this?', 'intent': 'fsa-practical', 'argument': 'automaton', 'dialogue_act': 'Ta:request', 'frame': {'states': ['q0']}, '_raw_frame': {}}
Relevancy;2;Hi, I’d like to study this automaton: I see only one state explicitly mentioned, q0, which is both the initial and final state.;The number of states is incorrect.;['simbolo-q0', 'simbolo-q1', 'simbolo-q2', 'simbolo-q3', 'simbolo-q4'];0.95;3;False;{'user_input': 'Hi, I’d like to study this automaton: I see only one state explicitly mentioned, q0, which is both the initial and final state.', 'intent': 'fsa-practical', 'argument': 'state', 'dialogue_act': 'Ta:propositionalQuestion', 'frame': {'numberOfStates': '1'}}
Relevancy;2;which transitions leave from this in this automaton?;There is no transition between q0 and q0.;[];0.1;4;False;{'user_input': 'which transitions leave from this in this automaton?', 'intent': 'fsa-practical', 'argument': 'transition', 'dialogue_act': 'Ta:request', 'frame': {'states': ['q0']}, '_raw_frame': {'transitions': []}}
Relevancy;2;Which transitions leave from state q0?;MUTATION The automaton has 5 transitions: q0 with value 1 goes to q1, q1 with value 1 goes to q2, q2 with value 0 goes to q3, q3 with value 0 goes to q4, q4 with value 0 goes to q0.;['simbolo-q0-q1', 'simbolo-q1-q2', 'simbolo-q2-q3', 'simbolo-q3-q4', 'simbolo-q4-q0'];0.4;4;True;{'user_input': 'Which transitions leave from state q0?', 'intent': 'fsa-practical', 'argument': 'transition', 'dialogue_act': 'Ta:request', 'frame': {'transitions': []}}
Relevancy;2;what is the optimal spatial representation of the transitions in this finite state automaton?;MUTATION The automaton has 5 transitions: q0 with value 1 goes to q1, q1 with value 1 goes to q2, q2 with value 0 goes to q3, q3 with value 0 goes to q4, q4 with value 0 goes to q0.;['simbolo-q0-q1', 'simbolo-q1-q2', 'simbolo-q2-q3', 'simbolo-q3-q4', 'simbolo-q4-q0'];0.4;4;True;{'user_input': 'what is the optimal spatial representation of the transitions in this finite state automaton?', 'intent': 'fsa-practical', 'argument': 'transition', 'dialogue_act': 'Ta:request', 'frame': {'transitions': []}}
Relevancy;2;what is the language accepted by the automaton starting from this?;Could you be more specific?;[];0.1;5;False;{'user_input': 'what is the language accepted by the automaton starting from this?', 'intent': 'fsa-practical', 'argument': 'language', 'dialogue_act': 'Ta:request', 'frame': {'states': ['q0']}, '_raw_frame': {'input': '?'}}
Relevancy;2;the language recognized by this automaton starting and ending in this is defined over the states {q0};Could you be more specific?;[];0.1;6;False;{'user_input': 'the language recognized by this automaton starting and ending in this is defined over the states {q0}', 'intent': 'fsa-practical', 'argument': 'language', 'dialogue_act': 'Ta:request', 'frame': {'initialState': 'states', 'states': ['q0']}, '_raw_frame': {'alphabet': 'input', 'initialState': 'states'}}
Relevancy;2;thanks! in this practical example about the language of the automaton, is the initial state among the states just q0?;The initial state is q0.;['simbolo-q0'];1.0;6;False;{'user_input': 'thanks! in this practical example about the language of the automaton, is the initial state among the states just q0?', 'intent': 'fsa-practical', 'argument': 'state', 'dialogue_act': 'Ta:propositionalQuestion', 'frame': {'initialState': 'q0'}}
Relevancy;2;Which states of this automaton have no outgoing transitions?;The state q0 exists.;['simbolo-q0'];0.2;7;False;{'user_input': 'Which states of this automaton have no outgoing transitions?', 'intent': 'fsa-practical', 'argument': 'state', 'dialogue_act': 'Ta:request', 'frame': {'states': '?'}}
Relevancy;2;What is the language accepted by the automaton starting from the initial state q0, considering only the state q0 as the set of states?;Could you be more specific?;[];0.1;8;False;{'user_input': 'What is the language accepted by the automaton starting from the initial state q0, considering only the state q0 as the set of states?', 'intent': 'fsa-practical', 'argument': 'language', 'dialogue_act': 'Ta:request', 'frame': {'alphabet': '?', 'initialState': 'q0', 'states': ['q0']}}
Relevancy;2;what is the language accepted by this automaton if it has an unknown number of states?;Could you be more specific?;[];0.2;9;False;{'user_input': 'what is the language accepted by this automaton if it has an unknown number of states?', 'intent': 'fsa-practical', 'argument': 'language', 'dialogue_act': 'Ta:request', 'frame': {'numberOfStates': '?'}}
Relevancy;3;If the input is 11000, will the automaton end in an accepting state?;Could you be more specific?;[];0.1;1;False;{'user_input': 'If the input is 11000, will the automaton end in an accepting state?', 'intent': 'fsa-practical', 'argument': 'language', 'dialogue_act': 'Ta:request', 'frame': {'input': '11000'}}
Relevancy;3;what is the language accepted by this automaton?;Could you be more specific?;[];0.1;2;False;{'user_input': 'what is the language accepted by this automaton?', 'intent': 'fsa-practical', 'argument': 'language', 'dialogue_act': 'Ta:request', 'frame': {'input': '?'}}
Relevancy;3;What input strings over the alphabet does this automaton accept?;Could you be more specific?;[];0.1;3;False;{'user_input': 'What input strings over the alphabet does this automaton accept?', 'intent': 'fsa-practical', 'argument': 'language', 'dialogue_act': 'Ta:request', 'frame': {'alphabet': '?'}}
Relevancy;3;What is the language recognized by this automaton, in particular what is its alphabet?;Could you be more specific?;[];0.1;4;False;{'user_input': 'What is the language recognized by this automaton, in particular what is its alphabet?', 'intent': 'fsa-practical', 'argument': 'language', 'dialogue_act': 'Ta:request', 'frame': {'alphabet': '?'}}
Relevancy;3;in this automaton, what is the language accepted if it has only 2 states?;Could you be more specific?;[];0.2;5;False;{'user_input': 'in this automaton, what is the language accepted if it has only 2 states?', 'intent': 'fsa-practical', 'argument': 'language', 'dialogue_act': 'Ta:request', 'frame': {'numberOfStates': '2'}}
Relevancy;3;What is the alphabet of this automaton?;Could you be more specific?;[];0.1;6;False;{'user_input': 'What is the alphabet of this automaton?', 'intent': 'fsa-practical', 'argument': 'alphabet', 'dialogue_act': 'Ta:request', 'frame': {'alphabet': '?'}}
Relevancy;3;what is the alphabet of this automaton?;Could you be more specific?;[];0.1;7;False;{'user_input': 'what is the alphabet of this automaton?', 'intent': 'fsa-practical', 'argument': 'alphabet', 'dialogue_act': 'Ta:request', 'frame': {'alphabet': '?'}}
Relevancy;3;Sorry, I meant to ask about the alphabet of this automaton: what is its alphabet?;Could you be more specific?;[];0.1;8;False;{'user_input': 'Sorry, I meant to ask about the alphabet of this automaton: what is its alphabet?', 'intent': 'fsa-practical', 'argument': 'alphabet', 'dialogue_act': 'Ta:request', 'frame': {'alphabet': '?'}}
Relevancy;3;The alphabet of this automaton is what?;Could you be more specific?;[];0.1;9;False;{'user_input': 'The alphabet of this automaton is what?', 'intent': 'fsa-practical', 'argument': 'alphabet', 'dialogue_act': 'Ta:request', 'frame': {'alphabet': '?'}}
Relevancy;3;what is the alphabet of this automaton?;Could you be more specific?;[];0.1;10;False;{'user_input': 'what is the alphabet of this automaton?', 'intent': 'fsa-practical', 'argument': 'alphabet', 'dialogue_act': 'Ta:request', 'frame': {'alphabet': '?'}}
Relevancy;3;What is the alphabet of this automaton?;Could you be more specific?;[];0.1;11;False;{'user_input': 'What is the alphabet of this automaton?', 'intent': 'fsa-practical', 'argument': 'alphabet', 'dialogue_act': 'Ta:request', 'frame': {'alphabet': '?'}}
Relevancy;3;"I meant to ask about the alphabet of this automaton; could you tell me what the alphabet is?";Could you be more specific?;[];0.1;12;False;"{'user_input': 'I meant to ask about the alphabet of this automaton; could you tell me what the alphabet is?', 'intent': 'fsa-practical', 'argument': 'alphabet', 'dialogue_act': 'Ta:propositionalQuestion', 'frame': {'alphabet': '?'}}"
Relevancy;3;What is the alphabet of this finite state automaton?;Could you be more specific?;[];0.1;13;False;{'user_input': 'What is the alphabet of this finite state automaton?', 'intent': 'fsa-practical', 'argument': 'alphabet', 'dialogue_act': 'Ta:request', 'frame': {'alphabet': '?'}}
Relevancy;3;what is the language accepted by this automaton and what is its alphabet?;Could you be more specific?;[];0.1;14;False;{'user_input': 'what is the language accepted by this automaton and what is its alphabet?', 'intent': 'fsa-practical', 'argument': 'language', 'dialogue_act': 'Ta:request', 'frame': {'alphabet': '?', 'language': '?'}}
Relevancy;3;what is the language recognized by this automaton and what is its alphabet?;Could you be more specific?;[];0.1;15;False;{'user_input': 'what is the language recognized by this automaton and what is its alphabet?', 'intent': 'fsa-practical', 'argument': 'language', 'dialogue_act': 'Ta:request', 'frame': {'alphabet': '?', 'language': '?'}}
Relevancy;4;Is this automaton deterministic or non-deterministic?;The automaton accepts zero or more words formed by a sequence of the type 11000. In total there are 5 states: q0, q1, q2, q3 and q4. q0 is both the initial and the final state. The transitions are: q0 with value 1 goes to q1, q1 with value 1 goes to q2, q2 with value 0 goes to q3, q3 with value 0 goes to q4, q4 with value 0 goes to q0.;[];0.2;1;False;{'user_input': 'Is this automaton deterministic or non-deterministic?', 'intent': 'fsa-practical', 'argument': 'automaton', 'dialogue_act': 'Ta:request', 'frame': {'input': 'automatonType'}}
Relevancy;4;what is the alphabet of this automaton, is it [“2”, “4”]?;Could you be more specific?;[];0.1;2;False;{'user_input': 'what is the alphabet of this automaton, is it [“2”, “4”]?', 'intent': 'fsa-practical', 'argument': 'alphabet', 'dialogue_act': 'Ta:request', 'frame': {'alphabet': '2'}}
Relevancy;4;what is the alphabet of this automaton if it only contains the symbol 2?;Could you be more specific?;[];0.1;3;False;{'user_input': 'what is the alphabet of this automaton if it only contains the symbol 2?', 'intent': 'fsa-practical', 'argument': 'alphabet', 'dialogue_act': 'Ta:request', 'frame': {'alphabet': '2'}}
Relevancy;4;What is the alphabet of this automaton with two symbols?;Could you be more specific?;[];0.1;4;False;{'user_input': 'What is the alphabet of this automaton with two symbols?', 'intent': 'fsa-practical', 'argument': 'alphabet', 'dialogue_act': 'Ta:request', 'frame': {'alphabet': '?'}}
Relevancy;4;what is the alphabet of this automaton?;Could you be more specific?;[];0.1;5;False;{'user_input': 'what is the alphabet of this automaton?', 'intent': 'fsa-practical', 'argument': 'alphabet', 'dialogue_act': 'Ta:request', 'frame': {'alphabet': '?'}}
Relevancy;4;Which state in this automaton has the most transitions, is it q3?;The automaton has 5 states: q0, q1, q2, q3 and q4.;['simbolo-q0', 'simbolo-q1', 'simbolo-q2', 'simbolo-q3', 'simbolo-q4'];0.2;6;False;{'user_input': 'Which state in this automaton has the most transitions, is it q3?', 'intent': 'fsa-practical', 'argument': 'state', 'dialogue_act': 'Ta:request', 'frame': {'stateWithMostTransitions': 'q3'}}
Relevancy;4;what is the alphabet of this automaton?;Could you be more specific?;[];0.1;7;False;{'user_input': 'what is the alphabet of this automaton?', 'intent': 'fsa-practical', 'argument': 'alphabet', 'dialogue_act': 'Ta:request', 'frame': {'alphabet': '?'}}
Relevancy;4;What is the optimal spatial representation of the alphabet used in this automaton?;Could you be more specific?;[];0.3;8;False;{'user_input': 'What is the optimal spatial representation of the alphabet used in this automaton?', 'intent': 'fsa-practical', 'argument': 'alphabet', 'dialogue_act': 'Ta:request', 'frame': {'alphabet': '?'}}
Relevancy;4;i meant to ask about the alphabet of this automaton, could you tell me what the alphabet is?;Could you be more specific?;[];0.1;9;False;{'user_input': 'i meant to ask about the alphabet of this automaton, could you tell me what the alphabet is?', 'intent': 'fsa-practical', 'argument': 'alphabet', 'dialogue_act': 'Ta:propositionalQuestion', 'frame': {'alphabet': '?'}}
Relevancy;4;What is the alphabet of this automaton?;Could you be more specific?;[];0.1;10;False;{'user_input': 'What is the alphabet of this automaton?', 'intent': 'fsa-practical', 'argument': 'alphabet', 'dialogue_act': 'Ta:request', 'frame': {'alphabet': '?'}}
Relevancy;4;what is the alphabet of this automaton?;Could you be more specific?;[];0.1;11;False;{'user_input': 'what is the alphabet of this automaton?', 'intent': 'fsa-practical', 'argument': 'alphabet', 'dialogue_act': 'Ta:request', 'frame': {'alphabet': '?'}}
Relevancy;4;what is the symbol used in this equal to 0?;The transition between q1 and q2 is with value 1.;['simbolo-q1-q2'];0.0;12;False;{'user_input': 'what is the symbol used in this equal to 0?', 'intent': 'fsa-practical', 'argument': None, 'dialogue_act': 'Ta:request', 'frame': {'transitions': [['q1', 'q2', '?']]}, '_raw_frame': {'symbol': '?'}}
Relevancy;4;What is the label of the transition from state q1 to state q2 in this automaton?;The transition between q1 and q2 is with value 1.;['simbolo-q1-q2'];1.0;12;False;{'user_input': 'What is the label of the transition from state q1 to state q2 in this automaton?', 'intent': 'fsa-practical', 'argument': 'transition', 'dialogue_act': 'Ta:request', 'frame': {'transitions': [['q1', 'q2', '?']]}}
Relevancy;4;is the language recognized by this automaton non-regular?;Could you be more specific?;[];0.1;13;False;{'user_input': 'is the language recognized by this automaton non-regular?', 'intent': 'fsa-practical', 'argument': 'language', 'dialogue_act': 'Ta:request', 'frame': {'input': '?'}}
Relevancy;4;what is the label of this in this automaton?;The automaton has 5 states: q0, q1, q2, q3 and q4.;['simbolo-q0', 'simbolo-q1', 'simbolo-q2', 'simbolo-q3', 'simbolo-q4'];0.2;14;False;{'user_input': 'what is the label of this in this automaton?', 'intent': 'fsa-practical', 'argument': 'state', 'dialogue_act': 'Ta:request', 'frame': {'states': ['?'], 'transitions': [['q1', 'q2', '?']]}, '_raw_frame': {'states': '?'}}
Relevancy;5;What kind of language (regular or not) can be recognized by a finite state automaton like the one shown?;Could you be more specific?;[];0.1;1;False;{'user_input': 'What kind of language (regular or not) can be recognized by a finite state automaton like the one shown?', 'intent': 'fsa-practical', 'argument': 'language', 'dialogue_act': 'Ta:request', 'frame': {'input': '?'}}
Relevancy;5;What is the language accepted by this automaton for an input of ?;Could you be more specific?;[];0.2;2;False;{'user_input': 'What is the language accepted by this automaton for an input of ?', 'intent': 'fsa-practical', 'argument': 'language', 'dialogue_act': 'Ta:request', 'frame': {'input': '?'}}
Relevancy;5;What is the language accepted by this automaton for the input 11000?;Could you be more specific?;[];0.1;3;False;{'user_input': 'What is the language accepted by this automaton for the input 11000?', 'intent': 'fsa-practical', 'argument': 'language', 'dialogue_act': 'Ta:request', 'frame': {'input': '11000'}}
Relevancy;5;For the automaton shown, can you process the input string 11000 and show me what happens?;MUTATION The automaton has 5 transitions: q0 with value 1 goes to q1, q1 with value 1 goes to q2, q2 with value 0 goes to q3, q3 with value 0 goes to q4, q4 with value 0 goes to q0.;['simbolo-q0-q1', 'simbolo-q1-q2', 'simbolo-q2-q3', 'simbolo-q3-q4', 'simbolo-q4-q0'];0.4;3;True;{'user_input': 'For the automaton shown, can you process the input string 11000 and show me what happens?', 'intent': 'fsa-practical', 'argument': 'transition', 'dialogue_act': 'Ta:request', 'frame': {'input': '11000'}}
Relevancy;5;what language does this automaton recognize for the input string 11000?;Could you be more specific?;[];0.1;4;False;{'user_input': 'what language does this automaton recognize for the input string 11000?', 'intent': 'fsa-practical', 'argument': 'language', 'dialogue_act': 'Ta:request', 'frame': {'input': '11000'}}
Relevancy;5;What is the language accepted by this automaton for the input 11000?;Could you be more specific?;[];0.1;5;False;{'user_input': 'What is the language accepted by this automaton for the input 11000?', 'intent': 'fsa-practical', 'argument': 'language', 'dialogue_act': 'Ta:request', 'frame': {'input': '11000'}}
Relevancy;5;For the automaton shown, what is the transition sequence when the input is 11000?;MUTATION The automaton has 5 transitions: q0 with value 1 goes to q1, q1 with value 1 goes to q2, q2 with value 0 goes to q3, q3 with value 0 goes to q4, q4 with value 0 goes to q0.;['simbolo-q0-q1', 'simbolo-q1-q2', 'simbolo-q2-q3', 'simbolo-q3-q4', 'simbolo-q4-q0'];0.4;5;True;{'user_input': 'For the automaton shown, what is the transition sequence when the input is 11000?', 'intent': 'fsa-practical', 'argument': 'transition', 'dialogue_act': 'Ta:request', 'frame': {'input': '11000'}}
Relevancy;5;does the automaton accept the input string 11000?;Could you be more specific?;[];0.1;6;False;{'user_input': 'does the automaton accept the input string 11000?', 'intent': 'fsa-practical', 'argument': 'language', 'dialogue_act': 'Ta:request', 'frame': {'input': '11000'}}
Relevancy;5;the language recognized by this automaton for the input `11000` is accepted.;Could you be more specific?;[];0.1;7;False;{'user_input': 'the language recognized by this automaton for the input `11000` is accepted.', 'intent': 'fsa-practical', 'argument': 'language', 'dialogue_act': 'Ta:propositionalQuestion', 'frame': {'input': '11000'}}
Relevancy;5;Given the automaton shown, what happens if we give it the input 11000?;Could you be more specific?;[];0.1;8;False;{'user_input': 'Given the automaton shown, what happens if we give it the input 11000?', 'intent': 'fsa-practical', 'argument': 'language', 'dialogue_act': 'Ta:request', 'frame': {'input': '11000'}}
Relevancy;5;what is the accepted language of this automaton?;Could you be more specific?;[];0.1;9;False;{'user_input': 'what is the accepted language of this automaton?', 'intent': 'fsa-practical', 'argument': 'language', 'dialogue_act': 'Ta:request', 'frame': {'input': '?'}}
Relevancy;5;what is the language recognized by this automaton for the input string?;Could you be more specific?;[];0.2;10;False;{'user_input': 'what is the language recognized by this automaton for the input string?', 'intent': 'fsa-practical', 'argument': 'language', 'dialogue_act': 'Ta:propositionalQuestion', 'frame': {'input': '?'}}
Relevancy;5;This automaton does not accept any language for any possible input, right?;The automaton accepts zero or more words formed by a sequence of the type 11000. In total there are 5 states: q0, q1, q2, q3 and q4. q0 is both the initial and the final state. The transitions are: q0 with value 1 goes to q1, q1 with value 1 goes to q2, q2 with value 0 goes to q3, q3 with value 0 goes to q4, q4 with value 0 goes to q0.;[];1.0;10;False;{'user_input': 'This automaton does not accept any language for any possible input, right?', 'intent': 'fsa-practical', 'argument': 'automaton', 'dialogue_act': 'Ta:propositionalQuestion', 'frame': {'input': '?'}}
Relevancy;5;what input strings does this automaton accept?;Could you be more specific?;[];0.1;11;False;{'user_input': 'what input strings does this automaton accept?', 'intent': 'fsa-practical', 'argument': 'language', 'dialogue_act': 'Ta:request', 'frame': {'input': '?'}}
Relevancy;5;for which input strings does this automaton accept, given its language?;Could you be more specific?;[];0.1;12;False;{'user_input': 'for which input strings does this automaton accept, given its language?', 'intent': 'fsa-practical', 'argument': 'language', 'dialogue_act': 'Ta:propositionalQuestion', 'frame': {'input': '?'}}
Correctness;1;Is it possible to reach state q4 starting from q2 with any input string?;there is no transition between q2 and q4.;[];0.2;1;False;{'user_input': 'Is it possible to reach state q4 starting from q2 with any input string?', 'intent': 'fsa-practical', 'argument': 'transition', 'dialogue_act': 'Ta:request', 'frame': {'transitions': [['q2', 'q4', '?']]}}
Correctness;1;What is the label of the transition that goes from state q2 to state q4?;there is no transition between q2 and q4.;[];1.0;1;False;{'user_input': 'What is the label of the transition that goes from state q2 to state q4?', 'intent': 'fsa-practical', 'argument': 'transition', 'dialogue_act': 'Ta:request', 'frame': {'transitions': [['q2', 'q4', '?']]}}
Correctness;1;set a question about the transition from this to that: what input symbol labels the transition q2 → q4?;There is no transition between q2 and q4.;[];1.0;1;False;{'user_input': 'set a question about the transition from this to that: what input symbol labels the transition q2 → q4?', 'intent': 'fsa-practical', 'argument': 'transition', 'dialogue_act': 'Ta:request', 'frame': {'states': ['q2', 'q4'], 'transitions': [['q2', 'q4', '?']]}, '_raw_frame': {'transitions': [['q2', 'q4', '?']]}}
Correctness;1;what is the label of the transition that goes from this to that?;There is no transition between q2 and q4.;[];1.0;1;False;{'user_input': 'what is the label of the transition that goes from this to that?', 'intent': 'fsa-practical', 'argument': 'transition', 'dialogue_act': 'Ta:request', 'frame': {'states': ['q2', 'q4']}, '_raw_frame': {'transitions': []}}
Correctness;1;the transition from this to that is missing: what input symbol should label the transition from q2 to q4?;There is no transition between q2 and q4.;[];0.0;2;False;{'user_input': 'the transition from this to that is missing: what input symbol should label the transition from q2 to q4?', 'intent': 'fsa-practical', 'argument': 'transition', 'dialogue_act': 'Ta:request', 'frame': {'states': ['q2', 'q4'], 'transitions': [['q2', 'q4', '?']]}, '_raw_frame': {'transitions': [['q2', 'q4', '?']]}}
Correctness;1;can you tell me the transitions of an automaton that has only 2 states?;MUTATION The automaton has 5 transitions: q0 with value 1 goes to q1, q1 with value 1 goes to q2, q2 with value 0 goes to q3, q3 with value 0 goes to q4, q4 with value 0 goes to q0.;['simbolo-q0-q1', 'simbolo-q1-q2', 'simbolo-q2-q3', 'simbolo-q3-q4', 'simbolo-q4-q0'];0.0;3;True;{'user_input': 'can you tell me the transitions of an automaton that has only 2 states?', 'intent': 'fsa-practical', 'argument': 'transition', 'dialogue_act': 'Ta:request', 'frame': {'numberOfStates': '2'}}
Correctness;1;"Thanks for explaining that transition example; in my automaton there are only 2 states, right?";The number of states is incorrect.;['simbolo-q0', 'simbolo-q1', 'simbolo-q2', 'simbolo-q3', 'simbolo-q4'];1.0;3;False;"{'user_input': 'Thanks for explaining that transition example; in my automaton there are only 2 states, right?', 'intent': 'fsa-practical', 'argument': 'state', 'dialogue_act': 'Ta:propositionalQuestion', 'frame': {'numberOfStates': '2'}}"
Correctness;1;How many states does this automaton have if it only includes 2 states?;The number of states is incorrect.;['simbolo-q0', 'simbolo-q1', 'simbolo-q2', 'simbolo-q3', 'simbolo-q4'];0.2;4;False;{'user_input': 'How many states does this automaton have if it only includes 2 states?', 'intent': 'fsa-practical', 'argument': 'state', 'dialogue_act': 'Ta:request', 'frame': {'numberOfStates': '2'}}
Correctness;1;Ok, so you’re telling me there are 2 transitions in this automaton, right?;MUTATION The automaton has 5 transitions: q0 with value 1 goes to q1, q1 with value 1 goes to q2, q2 with value 0 goes to q3, q3 with value 0 goes to q4, q4 with value 0 goes to q0.;['simbolo-q0-q1', 'simbolo-q1-q2', 'simbolo-q2-q3', 'simbolo-q3-q4', 'simbolo-q4-q0'];1.0;4;True;{'user_input': 'Ok, so you’re telling me there are 2 transitions in this automaton, right?', 'intent': 'fsa-practical', 'argument': 'transition', 'dialogue_act': 'Ta:request', 'frame': {'numberOfTransitions': '2'}}
Correctness;1;What is the alphabet of this automaton if it only has 2 states?;Could you be more specific?;[];0.1;5;False;{'user_input': 'What is the alphabet of this automaton if it only has 2 states?', 'intent': 'fsa-practical', 'argument': 'alphabet', 'dialogue_act': 'Ta:request', 'frame': {'alphabet': '?'}}
Correctness;1;Can you tell me the transitions of an automaton that has only 2 states?;MUTATION The automaton has 5 transitions: q0 with value 1 goes to q1, q1 with value 1 goes to q2, q2 with value 0 goes to q3, q3 with value 0 goes to q4, q4 with value 0 goes to q0.;['simbolo-q0-q1', 'simbolo-q1-q2', 'simbolo-q2-q3', 'simbolo-q3-q4', 'simbolo-q4-q0'];0.0;6;True;{'user_input': 'Can you tell me the transitions of an automaton that has only 2 states?', 'intent': 'fsa-practical', 'argument': 'transition', 'dialogue_act': 'Ta:request', 'frame': {'numberOfStates': '2'}}
Correctness;1;Can you give me a practical example of a finite state automaton that has exactly 2 states?;The automaton accepts zero or more words formed by a sequence of the type 11000. In total there are 5 states: q0, q1, q2, q3 and q4. q0 is both the initial and the final state. The transitions are: q0 with value 1 goes to q1, q1 with value 1 goes to q2, q2 with value 0 goes to q3, q3 with value 0 goes to q4, q4 with value 0 goes to q0.;[];0.0;7;False;{'user_input': 'Can you give me a practical example of a finite state automaton that has exactly 2 states?', 'intent': 'fsa-practical', 'argument': 'automaton', 'dialogue_act': 'Ta:request', 'frame': {}}
Correctness;1;this automaton is wrong.;The automaton accepts zero or more words formed by a sequence of the type 11000. In total there are 5 states: q0, q1, q2, q3 and q4. q0 is both the initial and the final state. The transitions are: q0 with value 1 goes to q1, q1 with value 1 goes to q2, q2 with value 0 goes to q3, q3 with value 0 goes to q4, q4 with value 0 goes to q0.;[];0.2;8;False;{'user_input': 'this automaton is wrong.', 'intent': 'fsa-practical', 'argument': 'automaton', 'dialogue_act': 'Ta:propositionalQuestion', 'frame': {'automatonType': '?'}}
Correctness;1;what is the optimal spatial representation of this automaton?;Could you be more specific?;[];0.2;9;False;{'user_input': 'what is the optimal spatial representation of this automaton?', 'intent': 'fsa-practical', 'argument': 'pattern', 'dialogue_act': 'Ta:request', 'frame': {'optimalSpatialRepresentation': '?'}}
Correctness;1;can you explain, from a theoretical point of view, what a finite state automaton is and how this automaton with states q0–q4 and the given transitions can be formally described?;The automaton accepts zero or more words formed by a sequence of the type 11000. In total there are 5 states: q0, q1, q2, q3 and q4. q0 is both the initial and the final state. The transitions are: q0 with value 1 goes to q1, q1 with value 1 goes to q2, q2 with value 0 goes to q3, q3 with value 0 goes to q4, q4 with value 0 goes to q0.;[];0.4;9;False;{'user_input': 'can you explain, from a theoretical point of view, what a finite state automaton is and how this automaton with states q0–q4 and the given transitions can be formally described?', 'intent': 'fsa-practical', 'argument': 'automaton', 'dialogue_act': 'Ta:request', 'frame': {}}
Correctness;2;What is the exact transition label from state q1 to state q2 in this automaton?;The transition between q1 and q2 is with value 1.;['simbolo-q1-q2'];1.0;0;False;{'user_input': 'What is the exact transition label from state q1 to state q2 in this automaton?', 'intent': 'fsa-practical', 'argument': 'transition', 'dialogue_act': 'Ta:request', 'frame': {'transitions': [['q1', 'q2', '?']]}}
Correctness;2;What is the symbol on the transition from state q1 to state q2?;The transition between q1 and q2 is with value 1.;['simbolo-q1-q2'];1.0;0;False;{'user_input': 'What is the symbol on the transition from state q1 to state q2?', 'intent': 'fsa-practical', 'argument': 'transition', 'dialogue_act': 'Ta:request', 'frame': {'transitions': [['q1', 'q2', '?']]}}
Correctness;2;What is the label of the transition from q1 to q2?;The transition between q1 and q2 is with value 1.;['simbolo-q1-q2'];1.0;0;False;{'user_input': 'What is the label of the transition from q1 to q2?', 'intent': 'fsa-practical', 'argument': 'transition', 'dialogue_act': 'Ta:request', 'frame': {'transitions': [['q1', 'q2', '?']]}}
Correctness;2;What is the best spatial arrangement of the transitions in this automaton?;Could you be more specific?;[];0.2;1;False;{'user_input': 'What is the best spatial arrangement of the transitions in this automaton?', 'intent': 'fsa-practical', 'argument': 'pattern', 'dialogue_act': 'Ta:request', 'frame': {'patternType': '?'}}
Correctness;2;What type of pattern does this finite state automaton recognize?;Could you be more specific?;[];0.0;2;False;{'user_input': 'What type of pattern does this finite state automaton recognize?', 'intent': 'fsa-practical', 'argument': 'pattern', 'dialogue_act': 'Ta:request', 'frame': {'patternType': '?'}}
Correctness;2;"I meant to say that the automaton follows a clockwise pattern in its transitions; is that correct for this finite state machine?";Could you be more specific?;[];0.2;3;False;"{'user_input': 'I meant to say that the automaton follows a clockwise pattern in its transitions; is that correct for this finite state machine?', 'intent': 'fsa-practical', 'argument': 'pattern', 'dialogue_act': 'Ta:request', 'frame': {'patternType': 'clockwise'}}"
Correctness;2;What is the pattern type of this automaton?;Could you be more specific?;[];0.0;4;False;{'user_input': 'What is the pattern type of this automaton?', 'intent': 'fsa-practical', 'argument': 'pattern', 'dialogue_act': 'Ta:request', 'frame': {'patternType': '?'}}
Correctness;2;What type of pattern does this automaton follow?;Could you be more specific?;[];0.1;5;False;{'user_input': 'What type of pattern does this automaton follow?', 'intent': 'fsa-practical', 'argument': 'pattern', 'dialogue_act': 'Ta:request', 'frame': {'patternType': '?'}}
Correctness;2;which alphabet does this automaton use for its pattern, is it [“2”, “4”]?;Could you be more specific?;[];0.1;6;False;{'user_input': 'which alphabet does this automaton use for its pattern, is it [“2”, “4”]?', 'intent': 'fsa-practical', 'argument': 'alphabet', 'dialogue_act': 'Ta:propositionalQuestion', 'frame': {'alphabet': '2'}}
Correctness;2;hello again! in this automaton, what is the pattern type followed by the sequence of states and transitions shown?;Could you be more specific?;[];0.1;7;False;{'user_input': 'hello again! in this automaton, what is the pattern type followed by the sequence of states and transitions shown?', 'intent': 'fsa-practical', 'argument': 'pattern', 'dialogue_act': 'Ta:request', 'frame': {'patternType': 'patternType', 'states': '?', 'transitions': []}}
Correctness;2;what is the pattern type of this automaton?;Could you be more specific?;[];0.1;8;False;{'user_input': 'what is the pattern type of this automaton?', 'intent': 'fsa-practical', 'argument': 'pattern', 'dialogue_act': 'Ta:request', 'frame': {'patternType': '?'}}
Correctness;2;"I meant to say that this automaton follows a clockwise pattern; what is the pattern type?";Could you be more specific?;[];0.1;9;False;"{'user_input': 'I meant to say that this automaton follows a clockwise pattern; what is the pattern type?', 'intent': 'fsa-practical', 'argument': 'pattern', 'dialogue_act': 'Ta:propositionalQuestion', 'frame': {'patternType': 'clockwise'}}"
Correctness;3;Is this automaton deterministic or nondeterministic based on the diagram shown?;The automaton accepts zero or more words formed by a sequence of the type 11000. In total there are 5 states: q0, q1, q2, q3 and q4. q0 is both the initial and the final state. The transitions are: q0 with value 1 goes to q1, q1 with value 1 goes to q2, q2 with value 0 goes to q3, q3 with value 0 goes to q4, q4 with value 0 goes to q0.;[];0.2;1;False;{'user_input': 'Is this automaton deterministic or nondeterministic based on the diagram shown?', 'intent': 'fsa-practical', 'argument': 'automaton', 'dialogue_act': 'Ta:propositionalQuestion', 'frame': {'input': 'automatonType'}}
Correctness;3;Thanks, regarding this automaton, what type of automaton is it?;The automaton accepts zero or more words formed by a sequence of the type 11000. In total there are 5 states: q0, q1, q2, q3 and q4. q0 is both the initial and the final state. The transitions are: q0 with value 1 goes to q1, q1 with value 1 goes to q2, q2 with value 0 goes to q3, q3 with value 0 goes to q4, q4 with value 0 goes to q0.;[];0.2;2;False;{'user_input': 'Thanks, regarding this automaton, what type of automaton is it?', 'intent': 'fsa-practical', 'argument': 'automaton', 'dialogue_act': 'Ta:request', 'frame': {'type': '?'}}
Correctness;3;What is the language recognized by this automaton?;Could you be more specific?;[];0.0;3;False;{'user_input': 'What is the language recognized by this automaton?', 'intent': 'fsa-practical', 'argument': 'language', 'dialogue_act': 'Ta:request', 'frame': {'language': '?'}}
Correctness;3;What is the language accepted by this finite state automaton?;Could you be more specific?;[];0.0;4;False;{'user_input': 'What is the language accepted by this finite state automaton?', 'intent': 'fsa-practical', 'argument': 'language', 'dialogue_act': 'Ta:request', 'frame': {'input': '?'}}
Correctness;3;What is the language accepted by this automaton for an input string?;Could you be more specific?;[];0.0;5;False;{'user_input': 'What is the language accepted by this automaton for an input string?', 'intent': 'fsa-practical', 'argument': 'language', 'dialogue_act': 'Ta:request', 'frame': {'input': '?'}}
Correctness;3;Hello, could you tell me what language is recognized by this finite state automaton for a given input string?;Could you be more specific?;[];0.1;6;False;{'user_input': 'Hello, could you tell me what language is recognized by this finite state automaton for a given input string?', 'intent': 'fsa-practical', 'argument': 'language', 'dialogue_act': 'Ta:request', 'frame': {'input': '?'}}
Correctness;3;what input strings does this automaton accept?;Could you be more specific?;[];0.0;7;False;{'user_input': 'what input strings does this automaton accept?', 'intent': 'fsa-practical', 'argument': 'language', 'dialogue_act': 'Ta:request', 'frame': {'input': '?'}}
Correctness;3;what is the language accepted by the automaton starting from this?;Could you be more specific?;[];0.1;8;False;{'user_input': 'what is the language accepted by the automaton starting from this?', 'intent': 'fsa-practical', 'argument': 'language', 'dialogue_act': 'Ta:request', 'frame': {'states': ['q2']}, '_raw_frame': {'input': '?'}}
Correctness;3;What is the language accepted by the automaton starting from state q2?;Could you be more specific?;[];0.0;9;False;{'user_input': 'What is the language accepted by the automaton starting from state q2?', 'intent': 'fsa-practical', 'argument': 'language', 'dialogue_act': 'Ta:request', 'frame': {'alphabet': 's', 'initialState': 'q2', 'acceptingStates': 'q2'}}
Correctness;3;What is the language recognized by the automaton over the alphabet {s}, assuming that q2 is both the initial and the only accepting state?;Could you be more specific?;[];0.0;10;False;{'user_input': 'What is the language recognized by the automaton over the alphabet {s}, assuming that q2 is both the initial and the only accepting state?', 'intent': 'fsa-practical', 'argument': 'language', 'dialogue_act': 'Ta:request', 'frame': {'alphabet': '{s}', 'initialState': 'q2', 'acceptingStates': ['q2']}}
Correctness;3;thanks, that really helped me understand the language of this automaton: over the alphabet {s}, if we start from q2 and also consider q2 as the only accepting state.;Could you be more specific?;[];0.2;11;False;{'user_input': 'thanks, that really helped me understand the language of this automaton: over the alphabet {s}, if we start from q2 and also consider q2 as the only accepting state.', 'intent': 'fsa-practical', 'argument': 'alphabet', 'dialogue_act': 'Ta:request', 'frame': {'alphabet': 's'}}
Correctness;3;in this automaton with alphabet {s}, if q2 is both the initial and the only accepting state, what can you tell me about this?;The automaton accepts zero or more words formed by a sequence of the type 11000. In total there are 5 states: q0, q1, q2, q3 and q4. q0 is both the initial and the final state. The transitions are: q0 with value 1 goes to q1, q1 with value 1 goes to q2, q2 with value 0 goes to q3, q3 with value 0 goes to q4, q4 with value 0 goes to q0.;[];0.2;12;False;{'user_input': 'in this automaton with alphabet {s}, if q2 is both the initial and the only accepting state, what can you tell me about this?', 'intent': 'fsa-practical', 'argument': 'automaton', 'dialogue_act': 'Ta:request', 'frame': {'initialState': ['q2'], 'finalStates': ['q2'], 'states': ['q2']}, '_raw_frame': {'alphabet': ['s'], 'initialState': ['q2'], 'finalStates': ['q2']}}
Correctness;3;which language is accepted by the automaton over the alphabet {s} with this and accepting that?;Could you be more specific?;[];0.1;13;False;{'user_input': 'which language is accepted by the automaton over the alphabet {s} with this and accepting that?', 'intent': 'fsa-practical', 'argument': 'language', 'dialogue_act': 'Ta:request', 'frame': {'states': ['q2']}, '_raw_frame': {}}
Correctness;3;Which state in this automaton has the highest number of transitions associated with it?;The state q0 exists.;['simbolo-q0'];0.0;14;False;{'user_input': 'Which state in this automaton has the highest number of transitions associated with it?', 'intent': 'fsa-practical', 'argument': 'state', 'dialogue_act': 'Ta:request', 'frame': {'states': '?'}}
Correctness;3;what are the states of this automaton?;The state q0 exists.;['simbolo-q0'];0.2;15;False;{'user_input': 'what are the states of this automaton?', 'intent': 'fsa-practical', 'argument': 'state', 'dialogue_act': 'Ta:request', 'frame': {'states': '?'}}
Correctness;4;What set of binary strings does this automaton accept, in terms of a formal language description?;Could you be more specific?;[];0.0;1;False;{'user_input': 'What set of binary strings does this automaton accept, in terms of a formal language description?', 'intent': 'fsa-practical', 'argument': 'language', 'dialogue_act': 'Ta:request', 'frame': {'input': '?'}}
Correctness;4;What is the input pattern that this automaton accepts?;Could you be more specific?;[];0.0;2;False;{'user_input': 'What is the input pattern that this automaton accepts?', 'intent': 'fsa-practical', 'argument': 'language', 'dialogue_act': 'Ta:request', 'frame': {'input': '?'}}
Correctness;4;i meant to ask about the language recognized by this automaton for a given input string, could you help me figure it out?;Could you be more specific?;[];0.1;3;False;{'user_input': 'i meant to ask about the language recognized by this automaton for a given input string, could you help me figure it out?', 'intent': 'fsa-practical', 'argument': 'language', 'dialogue_act': 'Ta:request', 'frame': {'input': '?', 'automaton': '?'}}
Correctness;4;What is the language accepted by this finite state automaton for an input string?;Could you be more specific?;[];0.0;4;False;{'user_input': 'What is the language accepted by this finite state automaton for an input string?', 'intent': 'fsa-practical', 'argument': 'language', 'dialogue_act': 'Ta:request', 'frame': {'input': '?'}}
Correctness;4;Can you tell me what language is recognized by this automaton for a given input string?;Could you be more specific?;[];0.1;5;False;{'user_input': 'Can you tell me what language is recognized by this automaton for a given input string?', 'intent': 'fsa-practical', 'argument': 'language', 'dialogue_act': 'Ta:request', 'frame': {'input': '?'}}
Correctness;4;What is the language accepted by this automaton for the input string “?”?;Could you be more specific?;[];0.2;6;False;{'user_input': 'What is the language accepted by this automaton for the input string “?”?', 'intent': 'fsa-practical', 'argument': 'language', 'dialogue_act': 'Ta:request', 'frame': {'input': '?'}}
Correctness;4;what is the language accepted by this automaton for a given input string?;Could you be more specific?;[];0.1;7;False;{'user_input': 'what is the language accepted by this automaton for a given input string?', 'intent': 'fsa-practical', 'argument': 'language', 'dialogue_act': 'Ta:request', 'frame': {'input': '?'}}
Correctness;4;"This automaton does not accept any language for any input; what is the language recognized by this automaton?";Could you be more specific?;[];0.0;8;False;"{'user_input': 'This automaton does not accept any language for any input; what is the language recognized by this automaton?', 'intent': 'fsa-practical', 'argument': 'language', 'dialogue_act': 'Ta:request', 'frame': {'input': '?'}}"
Correctness;4;What input strings does this automaton accept?;Could you be more specific?;[];0.0;9;False;{'user_input': 'What input strings does this automaton accept?', 'intent': 'fsa-practical', 'argument': 'language', 'dialogue_act': 'Ta:request', 'frame': {'input': '?'}}
Correctness;4;before we say goodbye, could you tell me what language this automaton recognizes for a given input?;Could you be more specific?;[];0.0;10;False;{'user_input': 'before we say goodbye, could you tell me what language this automaton recognizes for a given input?', 'intent': 'fsa-practical', 'argument': 'language', 'dialogue_act': 'Ta:request', 'frame': {'input': '?'}}
Correctness;4;what is the language accepted by this automaton for the input string “11000”?;Could you be more specific?;[];0.0;11;False;{'user_input': 'what is the language accepted by this automaton for the input string “11000”?', 'intent': 'fsa-practical', 'argument': 'language', 'dialogue_act': 'Ta:request', 'frame': {'input': '11000'}}
Correctness;4;In this automaton, which state has no outgoing transitions, for example q3?;The state q0 exists.;['simbolo-q0'];0.0;12;False;{'user_input': 'In this automaton, which state has no outgoing transitions, for example q3?', 'intent': 'fsa-practical', 'argument': 'state', 'dialogue_act': 'Ta:request', 'frame': {'states': '?'}}
Correctness;4;What are the transitions of this automaton and which states does it have?;There is no transition between q0 and q0.;[];0.0;13;False;{'user_input': 'What are the transitions of this automaton and which states does it have?', 'intent': 'fsa-practical', 'argument': 'transition', 'dialogue_act': 'Ta:request', 'frame': {'transitions': [], 'states': '?'}}
Correctness;4;What is the transition from Q1 to Q2 with input symbol 0?;the transition is not defined.;[];1.0;13;False;{'user_input': 'What is the transition from Q1 to Q2 with input symbol 0?', 'intent': 'fsa-practical', 'argument': 'transition', 'dialogue_act': 'Ta:request', 'frame': {'transitions': [['Q1', 'Q2', '?', '0']]}}
Correctness;4;can you show me the transitions of the automaton using a triangle as the graphic representation?;MUTATION The automaton has 5 transitions: q0 with value 1 goes to q1, q1 with value 1 goes to q2, q2 with value 0 goes to q3, q3 with value 0 goes to q4, q4 with value 0 goes to q0.;['simbolo-q0-q1', 'simbolo-q1-q2', 'simbolo-q2-q3', 'simbolo-q3-q4', 'simbolo-q4-q0'];0.4;13;True;{'user_input': 'can you show me the transitions of the automaton using a triangle as the graphic representation?', 'intent': 'fsa-practical', 'argument': 'transition', 'dialogue_act': 'Ta:request', 'frame': {'graphicRepresentation': 'triangle'}}
Correctness;5;How many transitions leave from state q0 according to the picture?;the transition is not defined.;[];0.0;1;False;{'user_input': 'How many transitions leave from state q0 according to the picture?', 'intent': 'fsa-practical', 'argument': 'transition', 'dialogue_act': 'Ta:request', 'frame': {'transitions': [['q0', '?', '?']]}}
Correctness;5;The transition from q0 goes to which state and with which input symbol?;the transition is not defined.;[];0.0;2;False;{'user_input': 'The transition from q0 goes to which state and with which input symbol?', 'intent': 'fsa-practical', 'argument': 'transition', 'dialogue_act': 'Ta:request', 'frame': {'transitions': [['q0', '?', '?']]}}
Correctness;5;The transition from q0 goes to which state with which input symbol?;MUTATION The automaton has 5 transitions: q0 with value 1 goes to q1, q1 with value 1 goes to q2, q2 with value 0 goes to q3, q3 with value 0 goes to q4, q4 with value 0 goes to q0.;['simbolo-q0-q1', 'simbolo-q1-q2', 'simbolo-q2-q3', 'simbolo-q3-q4', 'simbolo-q4-q0'];0.5;2;True;{'user_input': 'The transition from q0 goes to which state with which input symbol?', 'intent': 'fsa-practical', 'argument': 'transition', 'dialogue_act': 'Ta:request', 'frame': {'transitions': []}}
Correctness;5;What is the transition that starts from state q0?;the transition is not defined.;[];0.0;3;False;{'user_input': 'What is the transition that starts from state q0?', 'intent': 'fsa-practical', 'argument': 'transition', 'dialogue_act': 'Ta:request', 'frame': {'transitions': [['q0', '?', '?']]}}
Correctness;5;could you list all the transitions of this non-deterministic automaton for me?;MUTATION The automaton has 5 transitions: q0 with value 1 goes to q1, q1 with value 1 goes to q2, q2 with value 0 goes to q3, q3 with value 0 goes to q4, q4 with value 0 goes to q0.;['simbolo-q0-q1', 'simbolo-q1-q2', 'simbolo-q2-q3', 'simbolo-q3-q4', 'simbolo-q4-q0'];1.0;3;True;{'user_input': 'could you list all the transitions of this non-deterministic automaton for me?', 'intent': 'fsa-practical', 'argument': 'transition', 'dialogue_act': 'Ta:request', 'frame': {'transitions': []}}
Correctness;5;"i meant to say that from q0, with input 1, the transition goes to q1, but i don’t remember the rest of the transition; can you show me that transition starting from q0?";The transition between q0 and q1 is with value 1.;['simbolo-q0-q1'];0.3;4;False;"{'user_input': 'i meant to say that from q0, with input 1, the transition goes to q1, but i don’t remember the rest of the transition; can you show me that transition starting from q0?', 'intent': 'fsa-practical', 'argument': 'transition', 'dialogue_act': 'Ta:request', 'frame': {'transitions': [['q0', 'q1', '1']]}}"
Correctness;5;what is the transition that starts from q0 in this automaton?;the transition is not defined.;[];0.0;5;False;{'user_input': 'what is the transition that starts from q0 in this automaton?', 'intent': 'fsa-practical', 'argument': 'transition', 'dialogue_act': 'Ta:request', 'frame': {'transitions': [['q0', '?', '?']]}}
Correctness;5;can you list all the transitions of this finite automaton?;MUTATION The automaton has 5 transitions: q0 with value 1 goes to q1, q1 with value 1 goes to q2, q2 with value 0 goes to q3, q3 with value 0 goes to q4, q4 with value 0 goes to q0.;['simbolo-q0-q1', 'simbolo-q1-q2', 'simbolo-q2-q3', 'simbolo-q3-q4', 'simbolo-q4-q0'];1.0;5;True;{'user_input': 'can you list all the transitions of this finite automaton?', 'intent': 'fsa-practical', 'argument': 'transition', 'dialogue_act': 'Ta:request', 'frame': {'transitions': []}}
Correctness;5;the transition from q0 goes to which state and with which input symbol?;MUTATION The automaton has 5 transitions: q0 with value 1 goes to q1, q1 with value 1 goes to q2, q2 with value 0 goes to q3, q3 with value 0 goes to q4, q4 with value 0 goes to q0.;['simbolo-q0-q1', 'simbolo-q1-q2', 'simbolo-q2-q3', 'simbolo-q3-q4', 'simbolo-q4-q0'];0.5;5;True;{'user_input': 'the transition from q0 goes to which state and with which input symbol?', 'intent': 'fsa-practical', 'argument': 'transition', 'dialogue_act': 'Ta:request', 'frame': {'transitions': []}}
Correctness;5;i want to know the transition that starts from this.;There is no transition between q0 and q0.;[];0.2;6;False;{'user_input': 'i want to know the transition that starts from this.', 'intent': 'fsa-practical', 'argument': 'transition', 'dialogue_act': 'Ta:request', 'frame': {'states': ['q0']}, '_raw_frame': {'transitions': []}}
Correctness;5;"I accept that there is a transition starting from q0, but I don’t know its input symbol or destination state; could you tell me what the complete transition from q0 is?";the transition is not defined.;[];0.0;7;False;"{'user_input': 'I accept that there is a transition starting from q0, but I don’t know its input symbol or destination state; could you tell me what the complete transition from q0 is?', 'intent': 'fsa-practical', 'argument': 'transition', 'dialogue_act': 'Ta:request', 'frame': {'transitions': [['q0', '?', '?']]}}"
Correctness;5;what is the transition that starts from this?;There is no transition between q0 and q0.;[];0.2;8;False;{'user_input': 'what is the transition that starts from this?', 'intent': 'fsa-practical', 'argument': 'transition', 'dialogue_act': 'Ta:request', 'frame': {'states': ['q0']}, '_raw_frame': {'transitions': []}}
Correctness;5;what is the alphabet used for the transitions from this in this automaton?;Could you be more specific?;[];0.0;9;False;{'user_input': 'what is the alphabet used for the transitions from this in this automaton?', 'intent': 'fsa-practical', 'argument': 'alphabet', 'dialogue_act': 'Ta:request', 'frame': {'states': ['q0']}, '_raw_frame': {'alphabet': '?'}}
Correctness;5;what is the alphabet of the automaton with this?;Could you be more specific?;[];0.0;10;False;{'user_input': 'what is the alphabet of the automaton with this?', 'intent': 'fsa-practical', 'argument': 'alphabet', 'dialogue_act': 'Ta:request', 'frame': {'states': ['q0']}, '_raw_frame': {'alphabet': '?'}}
Correctness;5;what is the alphabet of the automaton starting from this?;Could you be more specific?;[];0.0;11;False;{'user_input': 'what is the alphabet of the automaton starting from this?', 'intent': 'fsa-practical', 'argument': 'alphabet', 'dialogue_act': 'Ta:request', 'frame': {'states': ['q3']}, '_raw_frame': {'alphabet': '?'}}
VisualRelevancy;1;Is it possible to go from q2 to q4 in this automaton?;there is no transition between q2 and q4.;[];1.0;0;False;{'user_input': 'Is it possible to go from q2 to q4 in this automaton?', 'intent': 'fsa-practical', 'argument': 'transition', 'dialogue_act': 'Ta:propositionalQuestion', 'frame': {'transitions': [['q2', 'q4', '?']]}}
VisualRelevancy;1;which state has the highest number of transitions, is it q3?;The automaton has 5 states: q0, q1, q2, q3 and q4.;['simbolo-q0', 'simbolo-q1', 'simbolo-q2', 'simbolo-q3', 'simbolo-q4'];0.9;0;False;{'user_input': 'which state has the highest number of transitions, is it q3?', 'intent': 'fsa-practical', 'argument': 'state', 'dialogue_act': 'Ta:request', 'frame': {'stateWithMostTransitions': '?'}}
VisualRelevancy;1;before we say goodbye, could you tell me which state in this automaton has the most transitions?;The automaton has 5 states: q0, q1, q2, q3 and q4.;['simbolo-q0', 'simbolo-q1', 'simbolo-q2', 'simbolo-q3', 'simbolo-q4'];0.9;0;False;{'user_input': 'before we say goodbye, could you tell me which state in this automaton has the most transitions?', 'intent': 'fsa-practical', 'argument': 'state', 'dialogue_act': 'Ta:request', 'frame': {'stateWithMostTransitions': '?'}}
VisualRelevancy;1;Which state of this automaton has the highest number of transitions?;The automaton has 5 states: q0, q1, q2, q3 and q4.;['simbolo-q0', 'simbolo-q1', 'simbolo-q2', 'simbolo-q3', 'simbolo-q4'];0.9;0;False;{'user_input': 'Which state of this automaton has the highest number of transitions?', 'intent': 'fsa-practical', 'argument': 'state', 'dialogue_act': 'Ta:request', 'frame': {'stateWithMostTransitions': '?'}}
VisualRelevancy;1;which state of this automaton has the highest number of transitions?;The state q0 exists.;['simbolo-q0'];0.2;1;False;{'user_input': 'which state of this automaton has the highest number of transitions?', 'intent': 'fsa-practical', 'argument': 'state', 'dialogue_act': 'Ta:request', 'frame': {'states': '?'}}
VisualRelevancy;1;can you tell me what the states of this automaton are?;The state q0 exists.;['simbolo-q0'];0.9;1;False;{'user_input': 'can you tell me what the states of this automaton are?', 'intent': 'fsa-practical', 'argument': 'state', 'dialogue_act': 'Ta:request', 'frame': {'states': '?'}}
VisualRelevancy;1;"thank you for explaining the states of this automaton; could you please tell me what the states are?";The state q0 exists.;['simbolo-q0'];0.9;1;False;"{'user_input': 'thank you for explaining the states of this automaton; could you please tell me what the states are?', 'intent': 'fsa-practical', 'argument': 'state', 'dialogue_act': 'Ta:propositionalQuestion', 'frame': {'states': '?'}}"
VisualRelevancy;1;before we say goodbye, could you tell me what the states of this automaton are?;The state q0 exists.;['simbolo-q0'];0.8;1;False;{'user_input': 'before we say goodbye, could you tell me what the states of this automaton are?', 'intent': 'fsa-practical', 'argument': 'state', 'dialogue_act': 'Ta:request', 'frame': {'states': '?'}}
VisualRelevancy;1;can you tell me what the states of this automaton are?;The state q0 exists.;['simbolo-q0'];0.9;1;False;{'user_input': 'can you tell me what the states of this automaton are?', 'intent': 'fsa-practical', 'argument': 'state', 'dialogue_act': 'Ta:request', 'frame': {'states': '?'}}
VisualRelevancy;1;hi, can you help me understand the states of this automaton?;The state q0 exists.;['simbolo-q0'];0.8;1;False;{'user_input': 'hi, can you help me understand the states of this automaton?', 'intent': 'fsa-practical', 'argument': 'state', 'dialogue_act': 'Ta:request', 'frame': {'states': '?'}}
VisualRelevancy;2;What is the value of the transition from q1 to q2?;The transition between q1 and q2 is with value 1.;['simbolo-q1-q2'];1.0;0;False;{'user_input': 'What is the value of the transition from q1 to q2?', 'intent': 'fsa-practical', 'argument': 'transition', 'dialogue_act': 'Ta:request', 'frame': {'transitions': [['q1', 'q2', '?']]}}
VisualRelevancy;2;could you tell me the transitions of an automaton that has only 2 states?;MUTATION The automaton has 5 transitions: q0 with value 1 goes to q1, q1 with value 1 goes to q2, q2 with value 0 goes to q3, q3 with value 0 goes to q4, q4 with value 0 goes to q0.;['simbolo-q0-q1', 'simbolo-q1-q2', 'simbolo-q2-q3', 'simbolo-q3-q4', 'simbolo-q4-q0'];0.2;1;True;{'user_input': 'could you tell me the transitions of an automaton that has only 2 states?', 'intent': 'fsa-practical', 'argument': 'transition', 'dialogue_act': 'Ta:request', 'frame': {'numberOfStates': '2'}}
VisualRelevancy;2;can you explain, from a theoretical point of view, what a transition is in this automaton if it had only 2 states?;MUTATION The automaton has 5 transitions: q0 with value 1 goes to q1, q1 with value 1 goes to q2, q2 with value 0 goes to q3, q3 with value 0 goes to q4, q4 with value 0 goes to q0.;['simbolo-q0-q1', 'simbolo-q1-q2', 'simbolo-q2-q3', 'simbolo-q3-q4', 'simbolo-q4-q0'];0.9;1;True;{'user_input': 'can you explain, from a theoretical point of view, what a transition is in this automaton if it had only 2 states?', 'intent': 'fsa-practical', 'argument': 'transition', 'dialogue_act': 'Ta:request', 'frame': {'transitions': []}}
VisualRelevancy;2;could you tell me what the alphabet of this automaton is, considering it has only 2 states?;Could you be more specific?;[];1.0;1;False;{'user_input': 'could you tell me what the alphabet of this automaton is, considering it has only 2 states?', 'intent': 'fsa-practical', 'argument': 'alphabet', 'dialogue_act': 'Ta:request', 'frame': {'alphabet': '?'}}
VisualRelevancy;2;in this finite state automaton, how many states are involved in a single transition?;This automaton has 5 states;['simbolo-q0', 'simbolo-q1', 'simbolo-q2', 'simbolo-q3', 'simbolo-q4'];0.2;2;False;{'user_input': 'in this finite state automaton, how many states are involved in a single transition?', 'intent': 'fsa-practical', 'argument': 'state', 'dialogue_act': 'Ta:request', 'frame': {'numberOfStates': '?'}}
VisualRelevancy;2;How many states does this finite state automaton have?;This automaton has 5 states;['simbolo-q0', 'simbolo-q1', 'simbolo-q2', 'simbolo-q3', 'simbolo-q4'];1.0;2;False;{'user_input': 'How many states does this finite state automaton have?', 'intent': 'fsa-practical', 'argument': 'state', 'dialogue_act': 'Ta:request', 'frame': {'numberOfStates': '?'}}
VisualRelevancy;2;what is the alphabet of this automaton?;Could you be more specific?;[];1.0;2;False;{'user_input': 'what is the alphabet of this automaton?', 'intent': 'fsa-practical', 'argument': 'alphabet', 'dialogue_act': 'Ta:request', 'frame': {'alphabet': '?'}}
VisualRelevancy;2;How many states does this finite state automaton have?;This automaton has 5 states;['simbolo-q0', 'simbolo-q1', 'simbolo-q2', 'simbolo-q3', 'simbolo-q4'];1.0;2;False;{'user_input': 'How many states does this finite state automaton have?', 'intent': 'fsa-practical', 'argument': 'state', 'dialogue_act': 'Ta:request', 'frame': {'numberOfStates': '?'}}
VisualRelevancy;2;which state in this automaton has no transitions?;The automaton has 5 states: q0, q1, q2, q3 and q4.;['simbolo-q0', 'simbolo-q1', 'simbolo-q2', 'simbolo-q3', 'simbolo-q4'];0.9;2;False;{'user_input': 'which state in this automaton has no transitions?', 'intent': 'fsa-practical', 'argument': 'state', 'dialogue_act': 'Ta:request', 'frame': {'state': '?'}}
VisualRelevancy;2;Which state does the automaton transition to in this diagram?;The automaton has 5 states: q0, q1, q2, q3 and q4.;['simbolo-q0', 'simbolo-q1', 'simbolo-q2', 'simbolo-q3', 'simbolo-q4'];0.3;3;False;{'user_input': 'Which state does the automaton transition to in this diagram?', 'intent': 'fsa-practical', 'argument': 'state', 'dialogue_act': 'Ta:request', 'frame': {'state': '?'}}
VisualRelevancy;3;What language does this automaton accept in terms of binary strings?;Could you be more specific?;[];1.0;0;False;{'user_input': 'What language does this automaton accept in terms of binary strings?', 'intent': 'fsa-practical', 'argument': 'language', 'dialogue_act': 'Ta:request', 'frame': {'input': '?'}}
VisualRelevancy;3;the language accepted by this automaton is the set of all binary strings that contain exactly seven transitions.;Could you be more specific?;[];1.0;0;False;{'user_input': 'the language accepted by this automaton is the set of all binary strings that contain exactly seven transitions.', 'intent': 'fsa-practical', 'argument': 'language', 'dialogue_act': 'Ta:request', 'frame': {'numberOfTransitions': '7'}}
VisualRelevancy;3;ok, so the language accepted by this automaton has exactly 7 transitions, right?;MUTATION The automaton has 5 transitions: q0 with value 1 goes to q1, q1 with value 1 goes to q2, q2 with value 0 goes to q3, q3 with value 0 goes to q4, q4 with value 0 goes to q0.;['simbolo-q0-q1', 'simbolo-q1-q2', 'simbolo-q2-q3', 'simbolo-q3-q4', 'simbolo-q4-q0'];1.0;0;True;{'user_input': 'ok, so the language accepted by this automaton has exactly 7 transitions, right?', 'intent': 'fsa-practical', 'argument': 'transition', 'dialogue_act': 'Ta:request', 'frame': {'numberOfTransitions': '7'}}
VisualRelevancy;3;What is the alphabet of this automaton, is it [“2”, “4”]?;Could you be more specific?;[];1.0;0;False;{'user_input': 'What is the alphabet of this automaton, is it [“2”, “4”]?', 'intent': 'fsa-practical', 'argument': 'alphabet', 'dialogue_act': 'Ta:propositionalQuestion', 'frame': {'alphabet': '2'}}
VisualRelevancy;3;What is the alphabet of this automaton if it only uses the symbol 2?;Could you be more specific?;[];1.0;0;False;{'user_input': 'What is the alphabet of this automaton if it only uses the symbol 2?', 'intent': 'fsa-practical', 'argument': 'alphabet', 'dialogue_act': 'Ta:request', 'frame': {'alphabet': '2'}}
VisualRelevancy;3;what are the states of this automaton over the alphabet {0,1}?;The state q0 exists.;['simbolo-q0'];0.4;0;False;{'user_input': 'what are the states of this automaton over the alphabet {0,1}?', 'intent': 'fsa-practical', 'argument': 'state', 'dialogue_act': 'Ta:request', 'frame': {'alphabet': '0', 'states': '1'}}
VisualRelevancy;3;hi again! can you remind me what is the alphabet of this automaton and how many states it has?;Could you be more specific?;[];1.0;0;False;{'user_input': 'hi again! can you remind me what is the alphabet of this automaton and how many states it has?', 'intent': 'fsa-practical', 'argument': 'alphabet', 'dialogue_act': 'Ta:request', 'frame': {'alphabet': '?', 'number_of_states': '?'}}
VisualRelevancy;3;thank you for explaining the states: the alphabet only has symbol 0 and there is 1 state involved in this part.;Could you be more specific?;[];1.0;0;False;{'user_input': 'thank you for explaining the states: the alphabet only has symbol 0 and there is 1 state involved in this part.', 'intent': 'fsa-practical', 'argument': 'alphabet', 'dialogue_act': 'Ta:request', 'frame': {'alphabet': '0'}}
VisualRelevancy;3;in this automaton, what is the state reached from state 1 when reading the alphabet symbol 0?;The automaton has 5 states: q0, q1, q2, q3 and q4.;['simbolo-q0', 'simbolo-q1', 'simbolo-q2', 'simbolo-q3', 'simbolo-q4'];0.2;1;False;{'user_input': 'in this automaton, what is the state reached from state 1 when reading the alphabet symbol 0?', 'intent': 'fsa-practical', 'argument': 'state', 'dialogue_act': 'Ta:request', 'frame': {'alphabet': ['0']}}
VisualRelevancy;3;What is the initial state of this automaton?;The initial state is q0.;['simbolo-q0'];1.0;1;False;{'user_input': 'What is the initial state of this automaton?', 'intent': 'fsa-practical', 'argument': 'state', 'dialogue_act': 'Ta:request', 'frame': {'initialState': '?'}}
VisualRelevancy;3;In this automaton, which states are reachable by reading only the symbol 0 from the alphabet?;The automaton has 5 states: q0, q1, q2, q3 and q4.;['simbolo-q0', 'simbolo-q1', 'simbolo-q2', 'simbolo-q3', 'simbolo-q4'];0.2;2;False;{'user_input': 'In this automaton, which states are reachable by reading only the symbol 0 from the alphabet?', 'intent': 'fsa-practical', 'argument': 'state', 'dialogue_act': 'Ta:request', 'frame': {'alphabet': ['0'], 'input': '0'}}
VisualRelevancy;3;for the theoretical finite state automaton shown, what state does the automaton reach when it processes the input string 0 over the alphabet {0}?;The automaton has 5 states: q0, q1, q2, q3 and q4.;['simbolo-q0', 'simbolo-q1', 'simbolo-q2', 'simbolo-q3', 'simbolo-q4'];0.1;3;False;{'user_input': 'for the theoretical finite state automaton shown, what state does the automaton reach when it processes the input string 0 over the alphabet {0}?', 'intent': 'fsa-practical', 'argument': 'state', 'dialogue_act': 'Ta:request', 'frame': {'input': '0'}}
VisualRelevancy;3;For the input string `11000`, what is the state reached by the automaton and is the output accepted or denied?;The automaton has 5 states: q0, q1, q2, q3 and q4.;['simbolo-q0', 'simbolo-q1', 'simbolo-q2', 'simbolo-q3', 'simbolo-q4'];0.2;4;False;{'user_input': 'For the input string `11000`, what is the state reached by the automaton and is the output accepted or denied?', 'intent': 'fsa-practical', 'argument': 'state', 'dialogue_act': 'Ta:request', 'frame': {'input': '11000'}}
VisualRelevancy;3;given the automaton shown on the tablet, what is the output if the input is 0?;Could you be more specific?;[];1.0;4;False;{'user_input': 'given the automaton shown on the tablet, what is the output if the input is 0?', 'intent': 'fsa-practical', 'argument': 'language', 'dialogue_act': 'Ta:request', 'frame': {'input': '0'}}
VisualRelevancy;3;From which state does the automaton move when it reads the input symbol 0?;The initial state is q0.;['simbolo-q0'];0.2;5;False;{'user_input': 'From which state does the automaton move when it reads the input symbol 0?', 'intent': 'fsa-practical', 'argument': 'state', 'dialogue_act': 'Ta:request', 'frame': {'initialState': '?'}}
VisualRelevancy;4;Is this automaton deterministic or nondeterministic?;The automaton accepts zero or more words formed by a sequence of the type 11000. In total there are 5 states: q0, q1, q2, q3 and q4. q0 is both the initial and the final state. The transitions are: q0 with value 1 goes to q1, q1 with value 1 goes to q2, q2 with value 0 goes to q3, q3 with value 0 goes to q4, q4 with value 0 goes to q0.;[];1.0;0;False;{'user_input': 'Is this automaton deterministic or nondeterministic?', 'intent': 'fsa-practical', 'argument': 'automaton', 'dialogue_act': 'Ta:request', 'frame': {'input': 'automatonType'}}
VisualRelevancy;4;Is q3 the initial state of this automaton?;It is not the initial state.;[];1.0;0;False;{'user_input': 'Is q3 the initial state of this automaton?', 'intent': 'fsa-practical', 'argument': 'state', 'dialogue_act': 'Ta:request', 'frame': {'initialState': 'q3'}}
VisualRelevancy;4;what is the initial state of the automaton if we start from q3?;It is not the initial state.;[];1.0;0;False;{'user_input': 'what is the initial state of the automaton if we start from q3?', 'intent': 'fsa-practical', 'argument': 'state', 'dialogue_act': 'Ta:request', 'frame': {'initialState': 'q3'}}
VisualRelevancy;4;which state does the automaton reach when it follows an anti-clockwise pattern?;The automaton has 5 states: q0, q1, q2, q3 and q4.;['simbolo-q0', 'simbolo-q1', 'simbolo-q2', 'simbolo-q3', 'simbolo-q4'];0.8;0;False;{'user_input': 'which state does the automaton reach when it follows an anti-clockwise pattern?', 'intent': 'fsa-practical', 'argument': 'state', 'dialogue_act': 'Ta:request', 'frame': {'state': '?'}}
VisualRelevancy;4;What are the transitions starting from state Q1 in this automaton?;the transition is not defined.;[];1.0;0;False;{'user_input': 'What are the transitions starting from state Q1 in this automaton?', 'intent': 'fsa-practical', 'argument': 'transition', 'dialogue_act': 'Ta:request', 'frame': {'transitions': [['Q1', '?', '?']]}}
VisualRelevancy;4;What is the difference between a deterministic and a non-deterministic finite state automaton in terms of how they process an input string?;The automaton accepts zero or more words formed by a sequence of the type 11000. In total there are 5 states: q0, q1, q2, q3 and q4. q0 is both the initial and the final state. The transitions are: q0 with value 1 goes to q1, q1 with value 1 goes to q2, q2 with value 0 goes to q3, q3 with value 0 goes to q4, q4 with value 0 goes to q0.;[];1.0;0;False;{'user_input': 'What is the difference between a deterministic and a non-deterministic finite state automaton in terms of how they process an input string?', 'intent': 'fsa-practical', 'argument': 'automaton', 'dialogue_act': 'Ta:request', 'frame': {'input': '?'}}
VisualRelevancy;4;Is q0 the initial and final state of this automaton?;The initial state is q0.;['simbolo-q0'];0.9;0;False;{'user_input': 'Is q0 the initial and final state of this automaton?', 'intent': 'fsa-practical', 'argument': 'state', 'dialogue_act': 'Ta:propositionalQuestion', 'frame': {'initialState': 'q0', 'finalStates': ['q0']}}
VisualRelevancy;4;what is the optimal spatial representation of the states in this finite state automaton?;The automaton has 5 states: q0, q1, q2, q3 and q4.;['simbolo-q0', 'simbolo-q1', 'simbolo-q2', 'simbolo-q3', 'simbolo-q4'];0.9;0;False;{'user_input': 'what is the optimal spatial representation of the states in this finite state automaton?', 'intent': 'fsa-practical', 'argument': 'state', 'dialogue_act': 'Ta:request', 'frame': {'optimalSpatialRepresentation': '?'}}
VisualRelevancy;4;Can you tell me which state this non-regular language corresponds to in the automaton?;Could you be more specific?;[];1.0;0;False;{'user_input': 'Can you tell me which state this non-regular language corresponds to in the automaton?', 'intent': 'fsa-practical', 'argument': 'language', 'dialogue_act': 'Ta:request', 'frame': {'state': '?'}}
VisualRelevancy;5;What is the output of the automaton if the input 11000 is given starting from q0?;The automaton has 5 states: q0, q1, q2, q3 and q4.;['simbolo-q0', 'simbolo-q1', 'simbolo-q2', 'simbolo-q3', 'simbolo-q4'];0.9;0;False;{'user_input': 'What is the output of the automaton if the input 11000 is given starting from q0?', 'intent': 'fsa-practical', 'argument': 'state', 'dialogue_act': 'Ta:request', 'frame': {'input': '11000'}}
VisualRelevancy;5;How many transitions are there in this automaton?;MUTATION The automaton has 5 transitions: q0 with value 1 goes to q1, q1 with value 1 goes to q2, q2 with value 0 goes to q3, q3 with value 0 goes to q4, q4 with value 0 goes to q0.;['simbolo-q0-q1', 'simbolo-q1-q2', 'simbolo-q2-q3', 'simbolo-q3-q4', 'simbolo-q4-q0'];1.0;0;True;{'user_input': 'How many transitions are there in this automaton?', 'intent': 'fsa-practical', 'argument': 'transition', 'dialogue_act': 'Ta:request', 'frame': {'numberOfTransitions': '?'}}
VisualRelevancy;5;for the input string 11000, which state does the automaton end up in?;The automaton has 5 states: q0, q1, q2, q3 and q4.;['simbolo-q0', 'simbolo-q1', 'simbolo-q2', 'simbolo-q3', 'simbolo-q4'];0.3;1;False;{'user_input': 'for the input string 11000, which state does the automaton end up in?', 'intent': 'fsa-practical', 'argument': 'state', 'dialogue_act': 'Ta:request', 'frame': {'input': '11000'}}
VisualRelevancy;5;Which transition sequence does the automaton follow when the input is 11000?;MUTATION The automaton has 5 transitions: q0 with value 1 goes to q1, q1 with value 1 goes to q2, q2 with value 0 goes to q3, q3 with value 0 goes to q4, q4 with value 0 goes to q0.;['simbolo-q0-q1', 'simbolo-q1-q2', 'simbolo-q2-q3', 'simbolo-q3-q4', 'simbolo-q4-q0'];1.0;1;True;{'user_input': 'Which transition sequence does the automaton follow when the input is 11000?', 'intent': 'fsa-practical', 'argument': 'transition', 'dialogue_act': 'Ta:request', 'frame': {'input': '11000'}}
VisualRelevancy;5;For the automaton shown, can you run the input 11000 on it and tell me what happens to the automaton’s alphabet?;Could you be more specific?;[];1.0;1;False;{'user_input': 'For the automaton shown, can you run the input 11000 on it and tell me what happens to the automaton’s alphabet?', 'intent': 'fsa-practical', 'argument': 'language', 'dialogue_act': 'Ta:request', 'frame': {'alphabet': '0'}}
VisualRelevancy;5;On which state does the automaton end after processing the input 11000?;The automaton has 5 states: q0, q1, q2, q3 and q4.;['simbolo-q0', 'simbolo-q1', 'simbolo-q2', 'simbolo-q3', 'simbolo-q4'];0.9;1;False;{'user_input': 'On which state does the automaton end after processing the input 11000?', 'intent': 'fsa-practical', 'argument': 'state', 'dialogue_act': 'Ta:request', 'frame': {'state': '?'}}
VisualRelevancy;5;what is the alphabet of this finite state automaton, is it [“1”, “0”]?;Could you be more specific?;[];1.0;1;False;{'user_input': 'what is the alphabet of this finite state automaton, is it [“1”, “0”]?', 'intent': 'fsa-practical', 'argument': 'alphabet', 'dialogue_act': 'Ta:propositionalQuestion', 'frame': {'alphabet': '1'}}
VisualRelevancy;5;for the input string 11000, what is the resulting state of the automaton?;The automaton has 5 states: q0, q1, q2, q3 and q4.;['simbolo-q0', 'simbolo-q1', 'simbolo-q2', 'simbolo-q3', 'simbolo-q4'];0.3;2;False;{'user_input': 'for the input string 11000, what is the resulting state of the automaton?', 'intent': 'fsa-practical', 'argument': 'state', 'dialogue_act': 'Ta:request', 'frame': {'input': '11000'}}
VisualRelevancy;5;"sorry, i meant the input string 11000; starting from the initial state, which state does the automaton end up in after processing 11000?";The initial state is q0.;['simbolo-q0'];0.2;3;False;"{'user_input': 'sorry, i meant the input string 11000; starting from the initial state, which state does the automaton end up in after processing 11000?', 'intent': 'fsa-practical', 'argument': 'state', 'dialogue_act': 'Ta:request', 'frame': {'initialState': 'q0', 'finalStates': ['q0']}}"
VisualRelevancy;5;What is the language accepted by the automaton that has initial state q0 and final state q0?;Could you be more specific?;[];1.0;3;False;{'user_input': 'What is the language accepted by the automaton that has initial state q0 and final state q0?', 'intent': 'fsa-practical', 'argument': 'language', 'dialogue_act': 'Ta:request', 'frame': {'initialState': 'q0', 'finalStates': ['q0']}}
VisualRelevancy;5;In this automaton, which state is both the initial state and the only final state?;The initial state is q0.;['simbolo-q0'];1.0;3;False;{'user_input': 'In this automaton, which state is both the initial state and the only final state?', 'intent': 'fsa-practical', 'argument': 'state', 'dialogue_act': 'Ta:request', 'frame': {'initialState': '?', 'finalStates': '?'}}
VisualRelevancy;5;In this automaton, which is the initial state and which are the final states?;The initial state is q0.;['simbolo-q0'];0.9;3;False;{'user_input': 'In this automaton, which is the initial state and which are the final states?', 'intent': 'fsa-practical', 'argument': 'state', 'dialogue_act': 'Ta:request', 'frame': {'initialState': '?', 'finalStates': '?'}}
VisualRelevancy;5;In this automaton, q0 is both the initial state and the only final state.;The initial state is q0.;['simbolo-q0'];0.9;3;False;{'user_input': 'In this automaton, q0 is both the initial state and the only final state.', 'intent': 'fsa-practical', 'argument': 'state', 'dialogue_act': 'Ta:request', 'frame': {'initialState': 'q0', 'finalStates': ['q0']}}
VisualRelevancy;5;what is the initial and final state of this finite state automaton?;The initial state is q0.;['simbolo-q0'];0.9;3;False;{'user_input': 'what is the initial and final state of this finite state automaton?', 'intent': 'fsa-practical', 'argument': 'state', 'dialogue_act': 'Ta:request', 'frame': {'initialState': '?', 'finalStates': '?'}}
BaseLine;64;What word does this automaton accept that shows the 11000 pattern?;Could you be more specific?;[];-1;-1;False;{'user_input': 'What word does this automaton accept that shows the 11000 pattern?', 'intent': 'fsa-practical', 'argument': 'pattern', 'dialogue_act': 'Ta:request', 'frame': {'patternType': '11000'}};[0.0, 0.1, 0.0, 1.0]
BaseLine;65;How many accepting states exist in this machine altogether?;This automaton has 5 states;['simbolo-q0', 'simbolo-q1', 'simbolo-q2', 'simbolo-q3', 'simbolo-q4'];-1;-1;False;{'user_input': 'How many accepting states exist in this machine altogether?', 'intent': 'fsa-practical', 'argument': 'state', 'dialogue_act': 'Ta:request', 'frame': {'numberOfStates': '?'}};[0.0, 0.2, 0.0, 0.2]
BaseLine;-9;Is q0 the only accepting state in this automaton?;The automaton has 5 states: q0, q1, q2, q3 and q4.;['simbolo-q0', 'simbolo-q1', 'simbolo-q2', 'simbolo-q3', 'simbolo-q4'];-1;-1;False;{'user_input': 'Is q0 the only accepting state in this automaton?', 'intent': 'fsa-practical', 'argument': 'state', 'dialogue_act': 'Ta:request', 'frame': {'state': 'q0'}};[0.0, 0.2, 0.2, 0.3]
BaseLine;-8;From q2, can I ever reach q4 using just the transitions in the picture?;there is no transition between q2 and q4.;[];-1;-1;False;{'user_input': 'From q2, can I ever reach q4 using just the transitions in the picture?', 'intent': 'fsa-practical', 'argument': 'transition', 'dialogue_act': 'Ta:propositionalQuestion', 'frame': {'transitions': [['q2', 'q4', '?']]}};[0.2, 0.4, 0.2, 0.9]
BaseLine;-7;Tell me the symbol on the transition that goes from q1 to q2.;The transition between q1 and q2 is with value 1.;['simbolo-q1-q2'];-1;-1;False;{'user_input': 'Tell me the symbol on the transition that goes from q1 to q2.', 'intent': 'fsa-practical', 'argument': 'transition', 'dialogue_act': 'Ta:request', 'frame': {'transitions': [['q1', 'q2', '?']]}};[1.0, 1.0, 1.0, 1.0]
BaseLine;-6;What is the full alphabet of this automaton?;Could you be more specific?;[];-1;-1;False;{'user_input': 'What is the full alphabet of this automaton?', 'intent': 'fsa-practical', 'argument': 'alphabet', 'dialogue_act': 'Ta:request', 'frame': {'alphabet': '?'}};[0.0, 0.1, 0.0, 1.0]
BaseLine;-5;How many different transitions leave state q0?;MUTATION The automaton has 5 transitions: q0 with value 1 goes to q1, q1 with value 1 goes to q2, q2 with value 0 goes to q3, q3 with value 0 goes to q4, q4 with value 0 goes to q0.;['simbolo-q0-q1', 'simbolo-q1-q2', 'simbolo-q2-q3', 'simbolo-q3-q4', 'simbolo-q4-q0'];-1;-1;True;{'user_input': 'How many different transitions leave state q0?', 'intent': 'fsa-practical', 'argument': 'transition', 'dialogue_act': 'Ta:request', 'frame': {'transitions': []}};[0.0, 0.3, 0.2, 0.9]
BaseLine;-4;Show me what output this automaton gives on input 11000.;Could you be more specific?;[];-1;-1;False;{'user_input': 'Show me what output this automaton gives on input 11000.', 'intent': 'fsa-practical', 'argument': 'language', 'dialogue_act': 'Ta:request', 'frame': {'input': '11000'}};[0.0, 0.1, 0.0, 1.0]
BaseLine;-3;What is the name for the kind of language this automaton accepts?;Could you be more specific?;[];-1;-1;False;{'user_input': 'What is the name for the kind of language this automaton accepts?', 'intent': 'fsa-practical', 'argument': 'language', 'dialogue_act': 'Ta:request', 'frame': {'languageType': '?'}};[0.0, 0.1, 0.0, 1.0]
BaseLine;-2;Which state in this diagram has the most transitions connected to it?;The state q0 exists.;['simbolo-q0'];-1;-1;False;{'user_input': 'Which state in this diagram has the most transitions connected to it?', 'intent': 'fsa-practical', 'argument': 'state', 'dialogue_act': 'Ta:request', 'frame': {'states': '?'}};[0.0, 0.2, 0.0, 0.2]
BaseLine;-1;Is there any state here that has no outgoing transitions at all?;The state q0 exists.;['simbolo-q0'];-1;-1;False;{'user_input': 'Is there any state here that has no outgoing transitions at all?', 'intent': 'fsa-practical', 'argument': 'state', 'dialogue_act': 'Ta:request', 'frame': {'states': '?'}};[0.0, 0.2, 0.0, 0.2]
BaseLine;0;Tell me whether this automaton is deterministic or not.;The automaton accepts zero or more words formed by a sequence of the type 11000. In total there are 5 states: q0, q1, q2, q3 and q4. q0 is both the initial and the final state. The transitions are: q0 with value 1 goes to q1, q1 with value 1 goes to q2, q2 with value 0 goes to q3, q3 with value 0 goes to q4, q4 with value 0 goes to q0.;[];-1;-1;False;{'user_input': 'Tell me whether this automaton is deterministic or not.', 'intent': 'fsa-practical', 'argument': 'automaton', 'dialogue_act': 'Ta:request', 'frame': {'input': '?'}};[0.1, 0.2, 0.2, 1.0]
BaseLine;1;From q4, what state do I end up in after reading one more 0?;The automaton has 5 states: q0, q1, q2, q3 and q4.;['simbolo-q0', 'simbolo-q1', 'simbolo-q2', 'simbolo-q3', 'simbolo-q4'];-1;-1;False;{'user_input': 'From q4, what state do I end up in after reading one more 0?', 'intent': 'fsa-practical', 'argument': 'state', 'dialogue_act': 'Ta:request', 'frame': {'transitions': [['q4', '?', '0']]}};[0.0, 0.2, 0.0, 0.3]
BaseLine;2;Give me the total number of states drawn in this automaton.;This automaton has 5 states;['simbolo-q0', 'simbolo-q1', 'simbolo-q2', 'simbolo-q3', 'simbolo-q4'];-1;-1;False;{'user_input': 'Give me the total number of states drawn in this automaton.', 'intent': 'fsa-practical', 'argument': 'state', 'dialogue_act': 'Ta:request', 'frame': {'numberOfStates': '?'}};[1.0, 1.0, 1.0, 1.0]
BaseLine;3;Describe the graphical shape used to draw the whole automaton.;The automaton accepts zero or more words formed by a sequence of the type 11000. In total there are 5 states: q0, q1, q2, q3 and q4. q0 is both the initial and the final state. The transitions are: q0 with value 1 goes to q1, q1 with value 1 goes to q2, q2 with value 0 goes to q3, q3 with value 0 goes to q4, q4 with value 0 goes to q0.;[];-1;-1;False;{'user_input': 'Describe the graphical shape used to draw the whole automaton.', 'intent': 'fsa-practical', 'argument': None, 'dialogue_act': 'Ta:request', 'frame': {'graphicShape': '?'}};[0.2, 0.3, 0.3, 1.0]
BaseLine;4;What input pattern does this automaton seem to be designed to recognize?;Could you be more specific?;[];-1;-1;False;{'user_input': 'What input pattern does this automaton seem to be designed to recognize?', 'intent': 'fsa-practical', 'argument': 'pattern', 'dialogue_act': 'Ta:request', 'frame': {'input': '?'}};[0.0, 0.1, 0.0, 1.0]
BaseLine;5;Tell me which state is used as the starting point in this machine.;The automaton has 5 states: q0, q1, q2, q3 and q4.;['simbolo-q0', 'simbolo-q1', 'simbolo-q2', 'simbolo-q3', 'simbolo-q4'];-1;-1;False;{'user_input': 'Tell me which state is used as the starting point in this machine.', 'intent': 'fsa-practical', 'argument': 'state', 'dialogue_act': 'Ta:request', 'frame': {'state': '?'}};[0.0, 0.2, 0.0, 0.2]
BaseLine;6;Does this automaton ever stop in q2 after reading some input?;The automaton accepts zero or more words formed by a sequence of the type 11000. In total there are 5 states: q0, q1, q2, q3 and q4. q0 is both the initial and the final state. The transitions are: q0 with value 1 goes to q1, q1 with value 1 goes to q2, q2 with value 0 goes to q3, q3 with value 0 goes to q4, q4 with value 0 goes to q0.;[];-1;-1;False;{'user_input': 'Does this automaton ever stop in q2 after reading some input?', 'intent': 'fsa-practical', 'argument': 'automaton', 'dialogue_act': 'Ta:propositionalQuestion', 'frame': {'automatonType': 'deterministic', 'input': 'input'}};[0.0, 0.3, 0.0, 1.0]
BaseLine;7;From q1, tell me what label is on the arrow that leaves it;the transition is not defined.;[];-1;-1;False;{'user_input': 'From q1, tell me what label is on the arrow that leaves it', 'intent': 'fsa-practical', 'argument': 'transition', 'dialogue_act': 'Ta:request', 'frame': {'transitions': [['q1', '?', '?']]}};[0.0, 0.2, 0.0, 0.9]
BaseLine;8;Show me the path that gets me back to q0 using the smallest number of steps;The automaton accepts zero or more words formed by a sequence of the type 11000. In total there are 5 states: q0, q1, q2, q3 and q4. q0 is both the initial and the final state. The transitions are: q0 with value 1 goes to q1, q1 with value 1 goes to q2, q2 with value 0 goes to q3, q3 with value 0 goes to q4, q4 with value 0 goes to q0.;[];-1;-1;False;{'user_input': 'Show me the path that gets me back to q0 using the smallest number of steps', 'intent': 'fsa-practical', 'argument': None, 'dialogue_act': 'Ta:request', 'frame': {'path': '?'}};[0.2, 0.3, 0.3, 0.9]
BaseLine;9;Is q0 the only accepting state here?;The automaton has 5 states: q0, q1, q2, q3 and q4.;['simbolo-q0', 'simbolo-q1', 'simbolo-q2', 'simbolo-q3', 'simbolo-q4'];-1;-1;False;{'user_input': 'Is q0 the only accepting state here?', 'intent': 'fsa-practical', 'argument': 'state', 'dialogue_act': 'Ta:propositionalQuestion', 'frame': {'state': 'q0'}};[0.0, 0.2, 0.0, 0.8]
BaseLine;10;Tell me if any transition skips directly from q2 to q4;there is no transition between q2 and q4.;[];-1;-1;False;{'user_input': 'Tell me if any transition skips directly from q2 to q4', 'intent': 'fsa-practical', 'argument': 'transition', 'dialogue_act': 'Ta:propositionalQuestion', 'frame': {'transitions': [['q2', 'q4', '?']]}};[1.0, 1.0, 1.0, 1.0]
BaseLine;11;What exact sequence of symbols takes the machine from q0 to q4?;there is no transition between q0 and q4.;[];-1;-1;False;{'user_input': 'What exact sequence of symbols takes the machine from q0 to q4?', 'intent': 'fsa-practical', 'argument': 'transition', 'dialogue_act': 'Ta:request', 'frame': {'transitions': [['q0', 'q4', '?']]}};[0.0, 0.2, 0.0, 1.0]
BaseLine;12;Explain what final state means in this picture;The final state is q0.;['simbolo-q0'];-1;-1;False;{'user_input': 'Explain what final state means in this picture', 'intent': 'fsa-practical', 'argument': 'state', 'dialogue_act': 'Ta:request', 'frame': {'finalStates': '?'}};[0.2, 0.3, 0.2, 0.9]
BaseLine;13;Tell me which states are never used as starting points of arrows;The state q0 exists.;['simbolo-q0'];-1;-1;False;{'user_input': 'Tell me which states are never used as starting points of arrows', 'intent': 'fsa-practical', 'argument': 'state', 'dialogue_act': 'Ta:request', 'frame': {'states': '?'}};[0.0, 0.2, 0.0, 0.2]
BaseLine;14;What is the alphabet of this automaton supposed to be?;Could you be more specific?;[];-1;-1;False;{'user_input': 'What is the alphabet of this automaton supposed to be?', 'intent': 'fsa-practical', 'argument': 'alphabet', 'dialogue_act': 'Ta:request', 'frame': {'alphabet': '?'}};[0.0, 0.1, 0.0, 1.0]
BaseLine;15;Is this automaton deterministic or something else?;The automaton accepts zero or more words formed by a sequence of the type 11000. In total there are 5 states: q0, q1, q2, q3 and q4. q0 is both the initial and the final state. The transitions are: q0 with value 1 goes to q1, q1 with value 1 goes to q2, q2 with value 0 goes to q3, q3 with value 0 goes to q4, q4 with value 0 goes to q0.;[];-1;-1;False;{'user_input': 'Is this automaton deterministic or something else?', 'intent': 'fsa-practical', 'argument': 'automaton', 'dialogue_act': 'Ta:propositionalQuestion', 'frame': {'automatonType': '?'}};[0.1, 0.3, 0.2, 1.0]
BaseLine;16;Give me one binary string that this automaton would accept;Could you be more specific?;[];-1;-1;False;{'user_input': 'Give me one binary string that this automaton would accept', 'intent': 'fsa-practical', 'argument': 'language', 'dialogue_act': 'Ta:request', 'frame': {'input': '?'}};[0.0, 0.0, 0.0, 1.0]
BaseLine;17;Tell me how many different transitions there are in total;MUTATION The automaton has 5 transitions: q0 with value 1 goes to q1, q1 with value 1 goes to q2, q2 with value 0 goes to q3, q3 with value 0 goes to q4, q4 with value 0 goes to q0.;['simbolo-q0-q1', 'simbolo-q1-q2', 'simbolo-q2-q3', 'simbolo-q3-q4', 'simbolo-q4-q0'];-1;-1;True;{'user_input': 'Tell me how many different transitions there are in total', 'intent': 'fsa-practical', 'argument': 'transition', 'dialogue_act': 'Ta:request', 'frame': {'numberOfTransitions': '?'}};[1.0, 1.0, 1.0, 1.0]
BaseLine;18;Show me every state that has exactly one outgoing transition;MUTATION The automaton has 5 transitions: q0 with value 1 goes to q1, q1 with value 1 goes to q2, q2 with value 0 goes to q3, q3 with value 0 goes to q4, q4 with value 0 goes to q0.;['simbolo-q0-q1', 'simbolo-q1-q2', 'simbolo-q2-q3', 'simbolo-q3-q4', 'simbolo-q4-q0'];-1;-1;True;{'user_input': 'Show me every state that has exactly one outgoing transition', 'intent': 'fsa-practical', 'argument': 'transition', 'dialogue_act': 'Ta:request', 'frame': {}};[0.0, 0.4, 0.0, 0.4]
BaseLine;19;What kind of language does this machine recognize in theory?;Could you be more specific?;[];-1;-1;False;{'user_input': 'What kind of language does this machine recognize in theory?', 'intent': 'fsa-practical', 'argument': 'language', 'dialogue_act': 'Ta:request', 'frame': {'input': '?'}};[0.0, 0.1, 0.0, 1.0]
BaseLine;20;Tell me the transition that returns the machine to its initial state;MUTATION The automaton has 5 transitions: q0 with value 1 goes to q1, q1 with value 1 goes to q2, q2 with value 0 goes to q3, q3 with value 0 goes to q4, q4 with value 0 goes to q0.;['simbolo-q0-q1', 'simbolo-q1-q2', 'simbolo-q2-q3', 'simbolo-q3-q4', 'simbolo-q4-q0'];-1;-1;True;{'user_input': 'Tell me the transition that returns the machine to its initial state', 'intent': 'fsa-practical', 'argument': 'transition', 'dialogue_act': 'Ta:request', 'frame': {'transitions': []}};[0.2, 0.3, 0.5, 0.9]
BaseLine;21;Can you list every transition that starts from q2?;the transition is not defined.;[];-1;-1;False;{'user_input': 'Can you list every transition that starts from q2?', 'intent': 'fsa-practical', 'argument': 'transition', 'dialogue_act': 'Ta:request', 'frame': {'transitions': [['q2', '?', '?']]}};[0.0, 0.2, 0.0, 1.0]
BaseLine;22;From q3, where does the automaton go on the next symbol?;the transition is not defined.;[];-1;-1;False;{'user_input': 'From q3, where does the automaton go on the next symbol?', 'intent': 'fsa-practical', 'argument': 'transition', 'dialogue_act': 'Ta:request', 'frame': {'transitions': [['q3', '?', '?']]}};[0.0, 0.9, 0.0, 1.0]
BaseLine;23;Tell me which states count as final in this machine.;The final state is q0.;['simbolo-q0'];-1;-1;False;{'user_input': 'Tell me which states count as final in this machine.', 'intent': 'fsa-practical', 'argument': 'state', 'dialogue_act': 'Ta:request', 'frame': {'finalStates': '?'}};[1.0, 1.0, 1.0, 1.0]
BaseLine;24;What is the label on the arrow from q1 to q2?;The transition between q1 and q2 is with value 1.;['simbolo-q1-q2'];-1;-1;False;{'user_input': 'What is the label on the arrow from q1 to q2?', 'intent': 'fsa-practical', 'argument': 'transition', 'dialogue_act': 'Ta:request', 'frame': {'transitions': [['q1', 'q2', '?']]}};[1.0, 1.0, 1.0, 1.0]
BaseLine;25;Is there any way to reach q4 without passing through q3?;there is no transition between q4 and q3.;[];-1;-1;False;{'user_input': 'Is there any way to reach q4 without passing through q3?', 'intent': 'fsa-practical', 'argument': 'transition', 'dialogue_act': 'Ta:propositionalQuestion', 'frame': {'transitions': [['q4', 'q3', '?'], ['q4', '?', '?']]}};[0.1, 0.2, 0.1, 0.9]
BaseLine;26;Show me an input that makes the automaton finish in q0.;Could you be more specific?;[];-1;-1;False;{'user_input': 'Show me an input that makes the automaton finish in q0.', 'intent': 'fsa-practical', 'argument': 'pattern', 'dialogue_act': 'Ta:request', 'frame': {'input': '?'}};[0.0, 0.1, 0.0, 1.0]
BaseLine;27;Tell me how many states are in this automaton.;This automaton has 5 states;['simbolo-q0', 'simbolo-q1', 'simbolo-q2', 'simbolo-q3', 'simbolo-q4'];-1;-1;False;{'user_input': 'Tell me how many states are in this automaton.', 'intent': 'fsa-practical', 'argument': 'state', 'dialogue_act': 'Ta:request', 'frame': {'numberOfStates': '?'}};[1.0, 1.0, 1.0, 1.0]
BaseLine;28;Explain what kind of language this automaton can recognize.;Could you be more specific?;[];-1;-1;False;{'user_input': 'Explain what kind of language this automaton can recognize.', 'intent': 'fsa-practical', 'argument': 'language', 'dialogue_act': 'Ta:request', 'frame': {'input': '?'}};[0.0, 0.1, 0.0, 1.0]
BaseLine;29;What symbol alphabet does this finite state machine use?;Could you be more specific?;[];-1;-1;False;{'user_input': 'What symbol alphabet does this finite state machine use?', 'intent': 'fsa-practical', 'argument': 'alphabet', 'dialogue_act': 'Ta:request', 'frame': {'alphabet': '?'}};[0.0, 0.1, 0.0, 1.0]
BaseLine;30;Is this automaton deterministic or not?;The automaton accepts zero or more words formed by a sequence of the type 11000. In total there are 5 states: q0, q1, q2, q3 and q4. q0 is both the initial and the final state. The transitions are: q0 with value 1 goes to q1, q1 with value 1 goes to q2, q2 with value 0 goes to q3, q3 with value 0 goes to q4, q4 with value 0 goes to q0.;[];-1;-1;False;{'user_input': 'Is this automaton deterministic or not?', 'intent': 'fsa-practical', 'argument': 'automaton', 'dialogue_act': 'Ta:propositionalQuestion', 'frame': {'automatonType': '?'}};[0.0, 0.3, 0.0, 1.0]
BaseLine;31;Which state is the starting point of this automaton?;The initial state is q0.;['simbolo-q0'];-1;-1;False;{'user_input': 'Which state is the starting point of this automaton?', 'intent': 'fsa-practical', 'argument': 'state', 'dialogue_act': 'Ta:request', 'frame': {'initialState': '?'}};[1.0, 1.0, 1.0, 1.0]
BaseLine;32;How many final states does this machine contain?;The automaton has 5 states: q0, q1, q2, q3 and q4.;['simbolo-q0', 'simbolo-q1', 'simbolo-q2', 'simbolo-q3', 'simbolo-q4'];-1;-1;False;{'user_input': 'How many final states does this machine contain?', 'intent': 'fsa-practical', 'argument': 'state', 'dialogue_act': 'Ta:request', 'frame': {'numberOfFinalStates': '?'}};[0.0, 0.2, 0.0, 0.1]
BaseLine;33;Tell me the total number of transitions in the diagram.;MUTATION The automaton has 5 transitions: q0 with value 1 goes to q1, q1 with value 1 goes to q2, q2 with value 0 goes to q3, q3 with value 0 goes to q4, q4 with value 0 goes to q0.;['simbolo-q0-q1', 'simbolo-q1-q2', 'simbolo-q2-q3', 'simbolo-q3-q4', 'simbolo-q4-q0'];-1;-1;True;{'user_input': 'Tell me the total number of transitions in the diagram.', 'intent': 'fsa-practical', 'argument': 'transition', 'dialogue_act': 'Ta:request', 'frame': {'numberOfTransitions': '?'}};[1.0, 1.0, 1.0, 1.0]
BaseLine;34;What output does the automaton give for the input 11000?;Could you be more specific?;[];-1;-1;False;{'user_input': 'What output does the automaton give for the input 11000?', 'intent': 'fsa-practical', 'argument': 'pattern', 'dialogue_act': 'Ta:request', 'frame': {'input': '11000'}};[0.0, 0.1, 0.0, 1.0]
BaseLine;35;Describe the pattern that the states follow when the input is 11000.;Could you be more specific?;[];-1;-1;False;{'user_input': 'Describe the pattern that the states follow when the input is 11000.', 'intent': 'fsa-practical', 'argument': 'pattern', 'dialogue_act': 'Ta:request', 'frame': {'patternType': '?'}};[0.0, 0.1, 0.0, 1.0]
BaseLine;36;Can q2 reach q4 in this automaton?;there is no transition between q2 and q4.;[];-1;-1;False;{'user_input': 'Can q2 reach q4 in this automaton?', 'intent': 'fsa-practical', 'argument': 'transition', 'dialogue_act': 'Ta:request', 'frame': {'transitions': [['q2', 'q4', '?']]}};[0.2, 0.5, 0.2, 1.0]
BaseLine;-9;Can you tell me what happens if I start in q2 and try to reach q4 somehow?;there is no transition between q2 and q4.;[];-1;-1;False;{'user_input': 'Can you tell me what happens if I start in q2 and try to reach q4 somehow?', 'intent': 'fsa-practical', 'argument': 'transition', 'dialogue_act': 'Ta:request', 'frame': {'transitions': [['q2', 'q4', '?']]}};[0.4, 0.6, 0.4, 1.0]
BaseLine;-8;From q1, what is the label on the arrow that leaves it in this picture?;The automaton accepts zero or more words formed by a sequence of the type 11000. In total there are 5 states: q0, q1, q2, q3 and q4. q0 is both the initial and the final state. The transitions are: q0 with value 1 goes to q1, q1 with value 1 goes to q2, q2 with value 0 goes to q3, q3 with value 0 goes to q4, q4 with value 0 goes to q0.;[];-1;-1;False;{'user_input': 'From q1, what is the label on the arrow that leaves it in this picture?', 'intent': None, 'argument': None, 'dialogue_act': None, 'frame': {}};[0.2, 0.4, 0.5, 1.0]
BaseLine;-7;Which state in this automaton counts as both the beginning and the ending point?;The automaton has 5 states: q0, q1, q2, q3 and q4.;['simbolo-q0', 'simbolo-q1', 'simbolo-q2', 'simbolo-q3', 'simbolo-q4'];-1;-1;False;{'user_input': 'Which state in this automaton counts as both the beginning and the ending point?', 'intent': 'fsa-practical', 'argument': 'state', 'dialogue_act': 'Ta:request', 'frame': {'state': '?'}};[0.0, 0.2, 0.0, 0.9]
BaseLine;-6;What strings of 0s and 1s does this machine actually accept as its language?;Could you be more specific?;[];-1;-1;False;{'user_input': 'What strings of 0s and 1s does this machine actually accept as its language?', 'intent': 'fsa-practical', 'argument': 'language', 'dialogue_act': 'Ta:request', 'frame': {'input': '?'}};[0.0, 0.1, 0.0, 1.0]
BaseLine;-5;I would like to know the total number of arrows between states in this diagram.;MUTATION The automaton has 5 transitions: q0 with value 1 goes to q1, q1 with value 1 goes to q2, q2 with value 0 goes to q3, q3 with value 0 goes to q4, q4 with value 0 goes to q0.;['simbolo-q0-q1', 'simbolo-q1-q2', 'simbolo-q2-q3', 'simbolo-q3-q4', 'simbolo-q4-q0'];-1;-1;True;{'user_input': 'I would like to know the total number of arrows between states in this diagram.', 'intent': 'fsa-practical', 'argument': 'transition', 'dialogue_act': 'Ta:request', 'frame': {'numberOfTransitions': '?'}};[1.0, 1.0, 1.0, 1.0]
BaseLine;-4;Tell me which state comes right after q0 when the input symbol is 1.;The automaton has 5 states: q0, q1, q2, q3 and q4.;['simbolo-q0', 'simbolo-q1', 'simbolo-q2', 'simbolo-q3', 'simbolo-q4'];-1;-1;False;{'user_input': 'Tell me which state comes right after q0 when the input symbol is 1.', 'intent': 'fsa-practical', 'argument': 'state', 'dialogue_act': 'Ta:request', 'frame': {'transitions': [['q0', '?', '1']]}};[0.0, 0.2, 0.0, 0.1]
BaseLine;-3;Is there any state here that never has an arrow going out of it?;The automaton has 5 states: q0, q1, q2, q3 and q4.;['simbolo-q0', 'simbolo-q1', 'simbolo-q2', 'simbolo-q3', 'simbolo-q4'];-1;-1;False;{'user_input': 'Is there any state here that never has an arrow going out of it?', 'intent': 'fsa-practical', 'argument': 'state', 'dialogue_act': 'Ta:request', 'frame': {'stateExistence': '?'}};[0.1, 0.2, 0.2, 0.8]
BaseLine;-2;Please say how many different states appear in this automaton.;This automaton has 5 states;['simbolo-q0', 'simbolo-q1', 'simbolo-q2', 'simbolo-q3', 'simbolo-q4'];-1;-1;False;{'user_input': 'Please say how many different states appear in this automaton.', 'intent': 'fsa-practical', 'argument': 'state', 'dialogue_act': 'Ta:request', 'frame': {'numberOfStates': '?'}};[1.0, 1.0, 1.0, 1.0]
BaseLine;-9;Can q3 ever be a final state in this machine?;The final state is q0.;['simbolo-q0'];-1;-1;False;{'user_input': 'Can q3 ever be a final state in this machine?', 'intent': 'fsa-practical', 'argument': 'state', 'dialogue_act': 'Ta:request', 'frame': {'finalStates': '?'}};[0.2, 0.5, 0.2, 0.3]
BaseLine;-8;Tell me the transition label that takes you out of q2.;the transition is not defined.;[];-1;-1;False;{'user_input': 'Tell me the transition label that takes you out of q2.', 'intent': 'fsa-practical', 'argument': 'transition', 'dialogue_act': 'Ta:request', 'frame': {'transitions': [['q2', '?', '?']]}};[0.0, 0.2, 0.0, 1.0]
BaseLine;-7;From q1, which state do I reach if the input is 1?;the transition is not defined.;[];-1;-1;False;{'user_input': 'From q1, which state do I reach if the input is 1?', 'intent': 'fsa-practical', 'argument': 'transition', 'dialogue_act': 'Ta:request', 'frame': {'transitions': [['q1', '?', '1']]}};[0.0, 0.2, 0.0, 1.0]
BaseLine;-6;Is there any way to move directly from q0 to q2 in this automaton?;there is no transition between q0 and q2.;[];-1;-1;False;{'user_input': 'Is there any way to move directly from q0 to q2 in this automaton?', 'intent': 'fsa-practical', 'argument': 'transition', 'dialogue_act': 'Ta:propositionalQuestion', 'frame': {'transitions': [['q0', 'q2', '?']]}};[1.0, 1.0, 1.0, 1.0]
BaseLine;-5;Show me the full list of transitions in the picture.;MUTATION The automaton has 5 transitions: q0 with value 1 goes to q1, q1 with value 1 goes to q2, q2 with value 0 goes to q3, q3 with value 0 goes to q4, q4 with value 0 goes to q0.;['simbolo-q0-q1', 'simbolo-q1-q2', 'simbolo-q2-q3', 'simbolo-q3-q4', 'simbolo-q4-q0'];-1;-1;True;{'user_input': 'Show me the full list of transitions in the picture.', 'intent': 'fsa-practical', 'argument': 'transition', 'dialogue_act': 'Ta:request', 'frame': {}};[1.0, 1.0, 1.0, 1.0]
BaseLine;-4;What kind of language does this automaton accept?;Could you be more specific?;[];-1;-1;False;{'user_input': 'What kind of language does this automaton accept?', 'intent': 'fsa-practical', 'argument': 'language', 'dialogue_act': 'Ta:request', 'frame': {'input': '?'}};[0.0, 0.1, 0.0, 1.0]
BaseLine;-3;What is the single initial state shown here?;The initial state is q0.;['simbolo-q0'];-1;-1;False;{'user_input': 'What is the single initial state shown here?', 'intent': 'fsa-practical', 'argument': 'state', 'dialogue_act': 'Ta:request', 'frame': {'initialState': '?'}};[1.0, 1.0, 1.0, 1.0]
BaseLine;-2;Does this automaton accept the empty string only, or more strings too?;The automaton accepts zero or more words formed by a sequence of the type 11000. In total there are 5 states: q0, q1, q2, q3 and q4. q0 is both the initial and the final state. The transitions are: q0 with value 1 goes to q1, q1 with value 1 goes to q2, q2 with value 0 goes to q3, q3 with value 0 goes to q4, q4 with value 0 goes to q0.;[];-1;-1;False;{'user_input': 'Does this automaton accept the empty string only, or more strings too?', 'intent': 'fsa-practical', 'argument': 'automaton', 'dialogue_act': 'Ta:propositionalQuestion', 'frame': {'input': 'à'}};[0.95, 1.0, 1.0, 1.0]
BaseLine;-1;Tell me how many different states appear in this diagram.;This automaton has 5 states;['simbolo-q0', 'simbolo-q1', 'simbolo-q2', 'simbolo-q3', 'simbolo-q4'];-1;-1;False;{'user_input': 'Tell me how many different states appear in this diagram.', 'intent': 'fsa-practical', 'argument': 'state', 'dialogue_act': 'Ta:request', 'frame': {'numberOfStates': '?'}};[1.0, 1.0, 1.0, 1.0]
BaseLine;0;Is the alphabet for this automaton just {0,1}?;Could you be more specific?;[];-1;-1;False;{'user_input': 'Is the alphabet for this automaton just {0,1}?', 'intent': 'fsa-practical', 'argument': 'alphabet', 'dialogue_act': 'Ta:request', 'frame': {'alphabet': '{0,1}'}};[0.0, 0.1, 0.0, 1.0]
BaseLine;1;Which state do I start in before reading any input?;The initial state is q0.;['simbolo-q0'];-1;-1;False;{'user_input': 'Which state do I start in before reading any input?', 'intent': 'fsa-practical', 'argument': 'state', 'dialogue_act': 'Ta:request', 'frame': {'initialState': '?'}};[1.0, 1.0, 1.0, 1.0]
BaseLine;2;Does the diagram represent a deterministic or a nondeterministic automaton?;The automaton accepts zero or more words formed by a sequence of the type 11000. In total there are 5 states: q0, q1, q2, q3 and q4. q0 is both the initial and the final state. The transitions are: q0 with value 1 goes to q1, q1 with value 1 goes to q2, q2 with value 0 goes to q3, q3 with value 0 goes to q4, q4 with value 0 goes to q0.;[];-1;-1;False;{'user_input': 'Does the diagram represent a deterministic or a nondeterministic automaton?', 'intent': 'fsa-practical', 'argument': 'automaton', 'dialogue_act': 'Ta:propositionalQuestion', 'frame': {'input': 'automatonType'}};[0.1, 0.4, 0.2, 1.0]
BaseLine;3;After reading 11000 from q0, which state do I end up in according to the picture?;The state q0 exists.;['simbolo-q0'];-1;-1;False;{'user_input': 'After reading 11000 from q0, which state do I end up in according to the picture?', 'intent': 'fsa-practical', 'argument': 'state', 'dialogue_act': 'Ta:request', 'frame': {'states': 'q0'}};[0.0, 0.1, 0.0, 0.2]
BaseLine;4;Is there any state in this automaton that has no outgoing transitions?;The state q0 exists.;['simbolo-q0'];-1;-1;False;{'user_input': 'Is there any state in this automaton that has no outgoing transitions?', 'intent': 'fsa-practical', 'argument': 'state', 'dialogue_act': 'Ta:request', 'frame': {'states': '?'}};[0.0, 0.2, 0.0, 0.2]
BaseLine;5;What word pattern is this automaton designed to recognize from the diagram?;Could you be more specific?;[];-1;-1;False;{'user_input': 'What word pattern is this automaton designed to recognize from the diagram?', 'intent': 'fsa-practical', 'argument': 'pattern', 'dialogue_act': 'Ta:request', 'frame': {'patternType': '?'}};[0.0, 0.1, 0.0, 1.0]
BaseLine;6;Can q2 go straight to q4 on any input?;there is no transition between q2 and q4.;[];-1;-1;False;{'user_input': 'Can q2 go straight to q4 on any input?', 'intent': 'fsa-practical', 'argument': 'transition', 'dialogue_act': 'Ta:request', 'frame': {'transitions': [['q2', 'q4', '?']]}};[1.0, 1.0, 1.0, 1.0]
BaseLine;7;Tell me the symbol on the arrow from q1 to q2.;The transition between q1 and q2 is with value 1.;['simbolo-q1-q2'];-1;-1;False;{'user_input': 'Tell me the symbol on the arrow from q1 to q2.', 'intent': 'fsa-practical', 'argument': 'transition', 'dialogue_act': 'Ta:request', 'frame': {'transitions': [['q1', 'q2', '?']]}};[1.0, 1.0, 1.0, 1.0]
BaseLine;8;Which states count as final in this picture?;The final state is q0.;['simbolo-q0'];-1;-1;False;{'user_input': 'Which states count as final in this picture?', 'intent': 'fsa-practical', 'argument': 'state', 'dialogue_act': 'Ta:request', 'frame': {'finalStates': '?'}};[1.0, 1.0, 1.0, 1.0]
BaseLine;9;From q3, what is the only move I can make?;the transition is not defined.;[];-1;-1;False;{'user_input': 'From q3, what is the only move I can make?', 'intent': 'fsa-practical', 'argument': 'transition', 'dialogue_act': 'Ta:request', 'frame': {'transitions': [['q3', '?', '?']]}};[0.0, 0.2, 0.0, 0.9]
