METRIC;ITERATION;QUESTION;ANSWER;VISUAL_ANSWER;JUDGE_VALUE;FAILS;MUTED;NLU_OUTPUT;METRIC_SCORES
Accuracy;1;Is it possible to go from q2 to q4 in this automaton?;There is no transition between q2 and q4.;[];0.9;0;False;{'user_input': 'Is it possible to go from q2 to q4 in this automaton?', 'intent': 'fsa-practical', 'argument': 'transition', 'dialogue_act': 'Ta:request', 'frame': {'transitions': [['q2', 'q4', '?']]}};[0.9, 0.9, 0.9, 1.0]
Accuracy;1;Can you describe the transition pattern of this automaton, specifically whether the transitions follow an anti-clockwise direction?;The automaton has 5 transitions: q0 with value 1 goes to q1, q1 with value 1 goes to q2, q2 with value 0 goes to q3, q3 with value 0 goes to q4, q4 with value 0 goes to q0.;['simbolo-q0-q1', 'simbolo-q1-q2', 'simbolo-q2-q3', 'simbolo-q3-q4', 'simbolo-q4-q0'];0.4;0;False;{'user_input': 'Can you describe the transition pattern of this automaton, specifically whether the transitions follow an anti-clockwise direction?', 'intent': 'fsa-practical', 'argument': 'transition', 'dialogue_act': 'Ta:request', 'frame': {'transitions': []}};[0.4, 0.5, 0.5, 1.0]
Accuracy;1;can you list all the transitions of this finite state automaton?;The automaton has 5 transitions: q0 with value 1 goes to q1, q1 with value 1 goes to q2, q2 with value 0 goes to q3, q3 with value 0 goes to q4, q4 with value 0 goes to q0.;['simbolo-q0-q1', 'simbolo-q1-q2', 'simbolo-q2-q3', 'simbolo-q3-q4', 'simbolo-q4-q0'];1.0;0;False;{'user_input': 'can you list all the transitions of this finite state automaton?', 'intent': 'fsa-practical', 'argument': 'transition', 'dialogue_act': 'Ta:request', 'frame': {'transitions': []}};[1.0, 1.0, 1.0, 1.0]
Accuracy;1;which states are final in this automaton?;The final state is q0.;['simbolo-q0'];1.0;0;False;{'user_input': 'which states are final in this automaton?', 'intent': 'fsa-practical', 'argument': 'state', 'dialogue_act': 'Ta:request', 'frame': {'finalStates': '?'}};[1.0, 1.0, 1.0, 1.0]
Accuracy;1;can you show me the pattern of the transitions of this automaton?;Could you be more specific?;[];0.1;1;False;{'user_input': 'can you show me the pattern of the transitions of this automaton?', 'intent': 'fsa-practical', 'argument': 'pattern', 'dialogue_act': 'Ta:request', 'frame': {'patternOfTransitions': '?'}};[0.1, 0.1, 0.1, 1.0]
Accuracy;1;what is the alphabet of this automaton?;Could you be more specific?;[];0.0;2;False;{'user_input': 'what is the alphabet of this automaton?', 'intent': 'fsa-practical', 'argument': 'alphabet', 'dialogue_act': 'Ta:request', 'frame': {'alphabet': '?'}};[0.0, 0.1, 0.0, 1.0]
Accuracy;1;Thank you, could you please tell me what the alphabet of this automaton is?;Could you be more specific?;[];0.0;3;False;{'user_input': 'Thank you, could you please tell me what the alphabet of this automaton is?', 'intent': 'fsa-practical', 'argument': 'alphabet', 'dialogue_act': 'Ta:propositionalQuestion', 'frame': {'alphabet': '?'}};[0.0, 0.1, 0.0, 1.0]
Accuracy;1;The alphabet of this automaton is {0, 1}.;Could you be more specific?;[];0.0;4;False;{'user_input': 'The alphabet of this automaton is {0, 1}.', 'intent': 'fsa-practical', 'argument': 'alphabet', 'dialogue_act': 'Ta:request', 'frame': {'alphabet': '0'}};[0.0, 0.1, 0.0, 1.0]
Accuracy;1;The alphabet of this automaton is {0}.;Could you be more specific?;[];0.0;5;False;{'user_input': 'The alphabet of this automaton is {0}.', 'intent': 'fsa-practical', 'argument': 'alphabet', 'dialogue_act': 'Ta:request', 'frame': {'alphabet': '0'}};[0.0, 0.1, 0.0, 1.0]
Accuracy;1;which states are reachable in this automaton if the only input symbol allowed is 0?;the transition is not defined.;[];0.9;5;False;{'user_input': 'which states are reachable in this automaton if the only input symbol allowed is 0?', 'intent': 'fsa-practical', 'argument': 'transition', 'dialogue_act': 'Ta:request', 'frame': {'transitions': [['state', 'input', 'nextState']]}};[0.9, 1.0, 1.0, 1.0]
Accuracy;1;what is the alphabet of this automaton if i know that it includes the symbol 0?;Could you be more specific?;[];0.0;6;False;{'user_input': 'what is the alphabet of this automaton if i know that it includes the symbol 0?', 'intent': 'fsa-practical', 'argument': 'alphabet', 'dialogue_act': 'Ta:request', 'frame': {'alphabet': '?'}};[0.0, 0.1, 0.0, 1.0]
Accuracy;1;Before we finish, could you tell me what the alphabet of this automaton is?;Could you be more specific?;[];0.0;7;False;{'user_input': 'Before we finish, could you tell me what the alphabet of this automaton is?', 'intent': 'fsa-practical', 'argument': 'alphabet', 'dialogue_act': 'Ta:propositionalQuestion', 'frame': {'alphabet': '?'}};[0.0, 0.1, 0.0, 1.0]
Accuracy;1;Hi! Looking at this automaton, what is its alphabet?;Could you be more specific?;[];0.0;8;False;{'user_input': 'Hi! Looking at this automaton, what is its alphabet?', 'intent': 'fsa-practical', 'argument': 'alphabet', 'dialogue_act': 'Ta:propositionalQuestion', 'frame': {'alphabet': '?'}};[0.0, 0.1, 0.0, 1.0]
Accuracy;1;What is the alphabet of this automaton?;Could you be more specific?;[];0.0;9;False;{'user_input': 'What is the alphabet of this automaton?', 'intent': 'fsa-practical', 'argument': 'alphabet', 'dialogue_act': 'Ta:request', 'frame': {'alphabet': '?'}};[0.0, 0.1, 0.0, 1.0]
Accuracy;1;What is the language recognized by this automaton, in particular what is its alphabet?;Could you be more specific?;[];0.0;10;False;{'user_input': 'What is the language recognized by this automaton, in particular what is its alphabet?', 'intent': 'fsa-practical', 'argument': 'language', 'dialogue_act': 'Ta:request', 'frame': {'alphabet': '?'}};[0.0, 0.1, 0.0, 1.0]
Accuracy;2;What is the value of the transition from q1 to q2?;The transition between q1 and q2 is with value 1.;['simbolo-q1-q2'];1.0;0;False;{'user_input': 'What is the value of the transition from q1 to q2?', 'intent': 'fsa-practical', 'argument': 'transition', 'dialogue_act': 'Ta:request', 'frame': {'transitions': [['q1', 'q2', '?']]}};[1.0, 1.0, 1.0, 1.0]
Accuracy;2;what is the label of the transition that goes from this to that?;The transition from q1 to q2 has value 1.;['simbolo-q1-q2'];0.0;1;False;{'user_input': 'what is the label of the transition that goes from this to that?', 'intent': 'fsa-practical', 'argument': 'transition', 'dialogue_act': 'Ta:request', 'frame': {'states': ['q1', 'q2']}, '_raw_frame': {'transitions': []}};[0.0, 0.1, 0.0, 0.1]
Accuracy;2;can you tell me which automaton states correspond to q1 and q2?;The automaton has 5 states: q0, q1, q2, q3 and q4.;['simbolo-q0', 'simbolo-q1', 'simbolo-q2', 'simbolo-q3', 'simbolo-q4'];0.1;2;False;{'user_input': 'can you tell me which automaton states correspond to q1 and q2?', 'intent': 'fsa-practical', 'argument': 'state', 'dialogue_act': 'Ta:request', 'frame': {'states': ['q1', 'q2']}};[0.1, 0.2, 0.2, 0.9]
Accuracy;2;What is the transition between states q1 and q2?;The transition between q1 and q2 is with value 1.;['simbolo-q1-q2'];1.0;2;False;{'user_input': 'What is the transition between states q1 and q2?', 'intent': 'fsa-practical', 'argument': 'transition', 'dialogue_act': 'Ta:request', 'frame': {'transitions': [['q1', 'q2', '?']]}};[1.0, 1.0, 1.0, 1.0]
Accuracy;2;Thank you for explaining the transition between states q1 and q2 in this automaton.;The transition between q1 and q2 is with value 1.;['simbolo-q1-q2'];1.0;2;False;{'user_input': 'Thank you for explaining the transition between states q1 and q2 in this automaton.', 'intent': 'fsa-practical', 'argument': 'transition', 'dialogue_act': 'Ta:propositionalQuestion', 'frame': {'transitions': [['q1', 'q2', '?']]}};[1.0, 1.0, 1.0, 1.0]
Accuracy;2;Can you show me the pattern that involves the states q1 and q2 in this automaton?;MUTATION In total there are 5 states: q0, q1, q2, q3 and q4. q0 is both the initial and the final state.;[];0.1;3;True;{'user_input': 'Can you show me the pattern that involves the states q1 and q2 in this automaton?', 'intent': None, 'argument': None, 'dialogue_act': None, 'frame': {}};[0.1, 0.2, 0.2, 1.0]
Accuracy;2;thank you for explaining the transition between states q1 and q2 in this automaton.;The transition between q1 and q2 is with value 1.;['simbolo-q1-q2'];1.0;3;False;{'user_input': 'thank you for explaining the transition between states q1 and q2 in this automaton.', 'intent': 'fsa-practical', 'argument': 'transition', 'dialogue_act': 'Ta:request', 'frame': {'transitions': [['q1', 'q2', '?']]}};[1.0, 1.0, 1.0, 1.0]
Accuracy;3;What input strings does this automaton accept if it starts and ends in q0?;Could you be more specific?;[];0.0;1;False;{'user_input': 'What input strings does this automaton accept if it starts and ends in q0?', 'intent': 'fsa-practical', 'argument': 'language', 'dialogue_act': 'Ta:request', 'frame': {'input': '?'}};[0.0, 0.1, 0.0, 1.0]
Accuracy;3;From the initial state q0, what is the resulting state of the automaton for the input string 11000?;The initial state is q0.;['simbolo-q0'];0.1;2;False;{'user_input': 'From the initial state q0, what is the resulting state of the automaton for the input string 11000?', 'intent': 'fsa-practical', 'argument': 'state', 'dialogue_act': 'Ta:request', 'frame': {'initialState': 'q0', 'input': '11000'}};[0.1, 0.2, 0.2, 0.3]
Accuracy;3;What is the language accepted by this automaton for the input string?;Could you be more specific?;[];0.1;3;False;{'user_input': 'What is the language accepted by this automaton for the input string?', 'intent': 'fsa-practical', 'argument': 'language', 'dialogue_act': 'Ta:propositionalQuestion', 'frame': {'input': '?'}};[0.1, 0.2, 0.1, 1.0]
Accuracy;3;for which input strings does this automaton define its language?;Could you be more specific?;[];0.0;4;False;{'user_input': 'for which input strings does this automaton define its language?', 'intent': 'fsa-practical', 'argument': 'language', 'dialogue_act': 'Ta:request', 'frame': {'input': '?'}};[0.0, 0.1, 0.0, 1.0]
Accuracy;3;Can you tell me what happens when the automaton processes the input string?;MUTATION In total there are 5 states: q0, q1, q2, q3 and q4. q0 is both the initial and the final state.;[];0.2;5;True;{'user_input': 'Can you tell me what happens when the automaton processes the input string?', 'intent': 'fsa-practical', 'argument': None, 'dialogue_act': 'Ta:request', 'frame': {}};[0.2, 0.3, 0.2, 1.0]
Accuracy;3;what is the language accepted by this automaton for a generic input string?;Could you be more specific?;[];0.0;6;False;{'user_input': 'what is the language accepted by this automaton for a generic input string?', 'intent': 'fsa-practical', 'argument': 'language', 'dialogue_act': 'Ta:request', 'frame': {'input': '?'}};[0.0, 0.1, 0.0, 1.0]
Accuracy;3;Given this automaton, what is the resulting state after processing the input string?;The automaton has 5 states: q0, q1, q2, q3 and q4.;['simbolo-q0', 'simbolo-q1', 'simbolo-q2', 'simbolo-q3', 'simbolo-q4'];0.1;7;False;{'user_input': 'Given this automaton, what is the resulting state after processing the input string?', 'intent': 'fsa-practical', 'argument': 'state', 'dialogue_act': 'Ta:request', 'frame': {'states': '?'}};[0.1, 0.3, 0.2, 0.2]
Accuracy;3;what language is accepted by this automaton starting from this?;Could you be more specific?;[];0.0;8;False;{'user_input': 'what language is accepted by this automaton starting from this?', 'intent': 'fsa-practical', 'argument': 'language', 'dialogue_act': 'Ta:request', 'frame': {'states': ['q3']}, '_raw_frame': {'input': '?'}};[0.0, 0.1, 0.0, 1.0]
Accuracy;3;What is the language accepted by the automaton starting from state q3?;Could you be more specific?;[];0.0;9;False;{'user_input': 'What is the language accepted by the automaton starting from state q3?', 'intent': 'fsa-practical', 'argument': 'language', 'dialogue_act': 'Ta:request', 'frame': {'initialState': 'q3', 'finalStates': ['q3']}};[0.0, 0.1, 0.0, 1.0]
Accuracy;3;what is the language accepted by the automaton if both the initial state and the only final state are q3?;Could you be more specific?;[];0.0;10;False;{'user_input': 'what is the language accepted by the automaton if both the initial state and the only final state are q3?', 'intent': 'fsa-practical', 'argument': 'language', 'dialogue_act': 'Ta:request', 'frame': {'initialState': 'q3', 'finalStates': ['q3']}};[0.0, 0.1, 0.0, 1.0]
Accuracy;3;in which language are the 2 transitions of this automaton defined?;Could you be more specific?;[];0.1;11;False;{'user_input': 'in which language are the 2 transitions of this automaton defined?', 'intent': 'fsa-practical', 'argument': 'language', 'dialogue_act': 'Ta:request', 'frame': {'transitions': []}};[0.1, 0.2, 0.1, 1.0]
Accuracy;3;In natural language, what is the sequence of transitions, in order, that the automaton performs starting from state Q1?;The automaton has 5 transitions: q0 with value 1 goes to q1, q1 with value 1 goes to q2, q2 with value 0 goes to q3, q3 with value 0 goes to q4, q4 with value 0 goes to q0.;['simbolo-q0-q1', 'simbolo-q1-q2', 'simbolo-q2-q3', 'simbolo-q3-q4', 'simbolo-q4-q0'];0.2;12;False;{'user_input': 'In natural language, what is the sequence of transitions, in order, that the automaton performs starting from state Q1?', 'intent': 'fsa-practical', 'argument': 'transition', 'dialogue_act': 'Ta:request', 'frame': {'transitions': []}};[0.2, 0.3, 0.3, 0.3]
Accuracy;3;How many states are there in the language recognized by this automaton?;This automaton has 5 states.;['simbolo-q0', 'simbolo-q1', 'simbolo-q2', 'simbolo-q3', 'simbolo-q4'];1.0;12;False;{'user_input': 'How many states are there in the language recognized by this automaton?', 'intent': 'fsa-practical', 'argument': 'state', 'dialogue_act': 'Ta:request', 'frame': {'numberOfStates': '?'}};[1.0, 1.0, 1.0, 1.0]
Accuracy;3;What is the optimal spatial representation of the language recognized by this automaton?;Could you be more specific?;[];0.1;13;False;{'user_input': 'What is the optimal spatial representation of the language recognized by this automaton?', 'intent': 'fsa-practical', 'argument': 'pattern', 'dialogue_act': 'Ta:request', 'frame': {'optimalSpatialRepresentation': '?'}};[0.1, 0.2, 0.1, 1.0]
Accuracy;3;What is the language accepted by the automaton if the initial state is q3 and the only final state is q3?;Could you be more specific?;[];0.0;14;False;{'user_input': 'What is the language accepted by the automaton if the initial state is q3 and the only final state is q3?', 'intent': 'fsa-practical', 'argument': 'language', 'dialogue_act': 'Ta:request', 'frame': {'initialState': 'q3', 'finalStates': ['q3']}};[0.0, 0.1, 0.0, 1.0]
Accuracy;4;How can I know if this automaton is deterministic just by looking at the diagram?;MUTATION In total there are 5 states: q0, q1, q2, q3 and q4. q0 is both the initial and the final state.;[];0.1;1;True;{'user_input': 'How can I know if this automaton is deterministic just by looking at the diagram?', 'intent': 'fsa-practical', 'argument': 'automaton', 'dialogue_act': 'Ta:propositionalQuestion', 'frame': {'graphicRepresentation': '?'}};[0.1, 0.2, 0.1, 1.0]
Accuracy;4;can you show me the graphical representation of the transitions of this automaton?;The automaton has 5 transitions: q0 with value 1 goes to q1, q1 with value 1 goes to q2, q2 with value 0 goes to q3, q3 with value 0 goes to q4, q4 with value 0 goes to q0.;['simbolo-q0-q1', 'simbolo-q1-q2', 'simbolo-q2-q3', 'simbolo-q3-q4', 'simbolo-q4-q0'];0.95;1;False;{'user_input': 'can you show me the graphical representation of the transitions of this automaton?', 'intent': 'fsa-practical', 'argument': 'transition', 'dialogue_act': 'Ta:request', 'frame': {'graphicRepresentation': '?'}};[0.95, 0.95, 1.0, 0.95]
Accuracy;4;Is Q3 a final state of this automaton?;The final state is q0.;['simbolo-q0'];1.0;1;False;{'user_input': 'Is Q3 a final state of this automaton?', 'intent': 'fsa-practical', 'argument': 'state', 'dialogue_act': 'Ta:request', 'frame': {'finalStates': 'Q3'}};[1.0, 1.0, 1.0, 0.9]
Accuracy;4;what is the language accepted by the automaton shown in the graphical representation?;Could you be more specific?;[];0.0;2;False;{'user_input': 'what is the language accepted by the automaton shown in the graphical representation?', 'intent': 'fsa-practical', 'argument': 'language', 'dialogue_act': 'Ta:request', 'frame': {'input': '?'}};[0.0, 0.1, 0.0, 1.0]
Accuracy;4;What is the language recognized by this automaton for all input strings that are not 11100?;Could you be more specific?;[];0.0;3;False;{'user_input': 'What is the language recognized by this automaton for all input strings that are not 11100?', 'intent': 'fsa-practical', 'argument': 'language', 'dialogue_act': 'Ta:request', 'frame': {'input': '11100'}};[0.0, 0.1, 0.0, 1.0]
Accuracy;4;what is the language recognized by this automaton for the input symbol?;Could you be more specific?;[];0.0;4;False;{'user_input': 'what is the language recognized by this automaton for the input symbol?', 'intent': 'fsa-practical', 'argument': 'language', 'dialogue_act': 'Ta:request', 'frame': {'input': '?'}};[0.0, 0.1, 0.0, 1.0]
Accuracy;4;what is the language accepted by this automaton and what is its alphabet?;Could you be more specific?;[];0.0;5;False;{'user_input': 'what is the language accepted by this automaton and what is its alphabet?', 'intent': 'fsa-practical', 'argument': 'language', 'dialogue_act': 'Ta:request', 'frame': {'alphabet': '?', 'language': '?'}};[0.0, 0.1, 0.0, 1.0]
Accuracy;4;What is the language recognized by this finite state automaton, and what is its alphabet?;Could you be more specific?;[];0.0;6;False;{'user_input': 'What is the language recognized by this finite state automaton, and what is its alphabet?', 'intent': 'fsa-practical', 'argument': 'language', 'dialogue_act': 'Ta:request', 'frame': {'alphabet': '?', 'language': '?'}};[0.0, 0.1, 0.0, 1.0]
Accuracy;4;What is the language recognized by the automaton that has the transition from Q0 to Q1 with input 1?;Could you be more specific?;[];0.0;7;False;{'user_input': 'What is the language recognized by the automaton that has the transition from Q0 to Q1 with input 1?', 'intent': 'fsa-practical', 'argument': 'language', 'dialogue_act': 'Ta:request', 'frame': {'input': '1'}};[0.0, 0.1, 0.0, 1.0]
Accuracy;4;What is the language accepted by this automaton for the input string 1?;Could you be more specific?;[];0.0;8;False;{'user_input': 'What is the language accepted by this automaton for the input string 1?', 'intent': 'fsa-practical', 'argument': 'language', 'dialogue_act': 'Ta:request', 'frame': {'input': '1'}};[0.0, 0.1, 0.0, 1.0]
Accuracy;4;thank you, could you please tell me what language is accepted by this automaton for the input 1?;The automaton has 5 states: q0, q1, q2, q3 and q4.;['simbolo-q0', 'simbolo-q1', 'simbolo-q2', 'simbolo-q3', 'simbolo-q4'];0.1;9;False;{'user_input': 'thank you, could you please tell me what language is accepted by this automaton for the input 1?', 'intent': 'fsa-practical', 'argument': 'state', 'dialogue_act': 'Ta:propositionalQuestion', 'frame': {'input': '1'}};[0.1, 0.2, 0.2, 0.8]
Accuracy;4;what is the language accepted by the automaton when starting from this?;Could you be more specific?;[];0.0;10;False;{'user_input': 'what is the language accepted by the automaton when starting from this?', 'intent': 'fsa-practical', 'argument': 'language', 'dialogue_act': 'Ta:propositionalQuestion', 'frame': {'states': ['q2']}, '_raw_frame': {'input': '?'}};[0.0, 0.1, 0.0, 1.0]
Accuracy;4;What is the language accepted by the automaton starting from state q2?;Could you be more specific?;[];0.0;11;False;{'user_input': 'What is the language accepted by the automaton starting from state q2?', 'intent': 'fsa-practical', 'argument': 'language', 'dialogue_act': 'Ta:request', 'frame': {'initialState': 'q2'}};[0.0, 0.1, 0.0, 1.0]
Accuracy;4;Hi, could you please explain the language recognized by this automaton when the initial state is q2?;Could you be more specific?;[];0.1;12;False;{'user_input': 'Hi, could you please explain the language recognized by this automaton when the initial state is q2?', 'intent': 'fsa-practical', 'argument': 'language', 'dialogue_act': 'Ta:request', 'frame': {'initialState': 'q2'}};[0.1, 0.2, 0.1, 1.0]
Accuracy;4;What is the language recognized by this automaton if the string 11000 is denied as output?;Could you be more specific?;[];0.0;13;False;{'user_input': 'What is the language recognized by this automaton if the string 11000 is denied as output?', 'intent': 'fsa-practical', 'argument': 'language', 'dialogue_act': 'Ta:request', 'frame': {'input': '11000'}};[0.0, 0.1, 0.0, 1.0]
Accuracy;5;What is the difference between the language of this automaton and the set of all possible binary strings?;MUTATION In total there are 5 states: q0, q1, q2, q3 and q4. q0 is both the initial and the final state.;[];0.0;1;True;{'user_input': 'What is the difference between the language of this automaton and the set of all possible binary strings?', 'intent': 'fsa-practical', 'argument': 'automaton', 'dialogue_act': 'Ta:request', 'frame': {'input': '?'}};[0.0, 0.1, 0.0, 1.0]
Accuracy;5;does this automaton recognize any specific pattern in the input string?;Could you be more specific?;[];0.1;2;False;{'user_input': 'does this automaton recognize any specific pattern in the input string?', 'intent': 'fsa-practical', 'argument': 'pattern', 'dialogue_act': 'Ta:propositionalQuestion', 'frame': {'patternType': '?'}};[0.1, 0.1, 0.1, 1.0]
Accuracy;5;What input strings does this automaton accept?;Could you be more specific?;[];0.0;3;False;{'user_input': 'What input strings does this automaton accept?', 'intent': 'fsa-practical', 'argument': 'language', 'dialogue_act': 'Ta:request', 'frame': {'input': '?'}};[0.0, 0.1, 0.0, 1.0]
Accuracy;5;hello, can you help me with this automaton by telling me what language it accepts for some input string?;Could you be more specific?;[];0.2;4;False;{'user_input': 'hello, can you help me with this automaton by telling me what language it accepts for some input string?', 'intent': 'fsa-practical', 'argument': 'language', 'dialogue_act': 'Ta:request', 'frame': {'input': 'hello'}};[0.2, 0.3, 0.2, 1.0]
Accuracy;5;What is the regular language recognized by this finite state automaton?;Could you be more specific?;[];0.0;5;False;{'user_input': 'What is the regular language recognized by this finite state automaton?', 'intent': 'fsa-practical', 'argument': 'language', 'dialogue_act': 'Ta:request', 'frame': {'input': '?'}};[0.0, 0.1, 0.0, 1.0]
Accuracy;5;What is the language recognized by this automaton for the input “11000”?;Could you be more specific?;[];0.0;6;False;{'user_input': 'What is the language recognized by this automaton for the input “11000”?', 'intent': 'fsa-practical', 'argument': 'language', 'dialogue_act': 'Ta:request', 'frame': {'input': '11000'}};[0.0, 0.1, 0.0, 1.0]
Accuracy;5;which state in this automaton has the highest number of transitions?;The automaton has 5 states: q0, q1, q2, q3 and q4.;['simbolo-q0', 'simbolo-q1', 'simbolo-q2', 'simbolo-q3', 'simbolo-q4'];0.0;7;False;{'user_input': 'which state in this automaton has the highest number of transitions?', 'intent': 'fsa-practical', 'argument': 'state', 'dialogue_act': 'Ta:request', 'frame': {'stateWithMostTransitions': '?'}};[0.0, 0.2, 0.0, 0.3]
Accuracy;5;before i say goodbye, could you tell me which state in this automaton has the most transitions?;The automaton has 5 states: q0, q1, q2, q3 and q4.;['simbolo-q0', 'simbolo-q1', 'simbolo-q2', 'simbolo-q3', 'simbolo-q4'];0.0;8;False;{'user_input': 'before i say goodbye, could you tell me which state in this automaton has the most transitions?', 'intent': 'fsa-practical', 'argument': 'state', 'dialogue_act': 'Ta:request', 'frame': {'states': '?'}};[0.0, 0.3, 0.0, 0.9]
Accuracy;5;what are the states of this finite state automaton?;The automaton has 5 states: q0, q1, q2, q3 and q4.;['simbolo-q0', 'simbolo-q1', 'simbolo-q2', 'simbolo-q3', 'simbolo-q4'];1.0;8;False;{'user_input': 'what are the states of this finite state automaton?', 'intent': 'fsa-practical', 'argument': 'state', 'dialogue_act': 'Ta:request', 'frame': {'states': '?'}};[1.0, 1.0, 1.0, 1.0]
Accuracy;5;what are the transitions of this automaton?;The automaton has 5 transitions: q0 with value 1 goes to q1, q1 with value 1 goes to q2, q2 with value 0 goes to q3, q3 with value 0 goes to q4, q4 with value 0 goes to q0.;['simbolo-q0-q1', 'simbolo-q1-q2', 'simbolo-q2-q3', 'simbolo-q3-q4', 'simbolo-q4-q0'];1.0;8;False;{'user_input': 'what are the transitions of this automaton?', 'intent': 'fsa-practical', 'argument': 'transition', 'dialogue_act': 'Ta:request', 'frame': {}};[1.0, 1.0, 1.0, 1.0]
Accuracy;5;what are the states of this automaton?;The automaton has 5 states: q0, q1, q2, q3 and q4.;['simbolo-q0', 'simbolo-q1', 'simbolo-q2', 'simbolo-q3', 'simbolo-q4'];1.0;8;False;{'user_input': 'what are the states of this automaton?', 'intent': 'fsa-practical', 'argument': 'state', 'dialogue_act': 'Ta:request', 'frame': {'states': '?'}};[1.0, 1.0, 1.0, 1.0]
Accuracy;5;to which state does the automaton go on the last transition of the sequence 1, 1, 0, 0, 0?;The automaton has 5 states: q0, q1, q2, q3 and q4.;['simbolo-q0', 'simbolo-q1', 'simbolo-q2', 'simbolo-q3', 'simbolo-q4'];0.0;9;False;{'user_input': 'to which state does the automaton go on the last transition of the sequence 1, 1, 0, 0, 0?', 'intent': 'fsa-practical', 'argument': 'state', 'dialogue_act': 'Ta:request', 'frame': {'transitions': [['final', '?', '?'], ['?', '?', '?'], ['?', '?', '?'], ['?', '?', '?'], ['?', '?', '?']]}};[0.0, 0.2, 0.0, 0.3]
Accuracy;5;What are all the transitions of the automaton, starting from the final state?;The automaton has 5 transitions: q0 with value 1 goes to q1, q1 with value 1 goes to q2, q2 with value 0 goes to q3, q3 with value 0 goes to q4, q4 with value 0 goes to q0.;['simbolo-q0-q1', 'simbolo-q1-q2', 'simbolo-q2-q3', 'simbolo-q3-q4', 'simbolo-q4-q0'];0.95;9;False;{'user_input': 'What are all the transitions of the automaton, starting from the final state?', 'intent': 'fsa-practical', 'argument': 'transition', 'dialogue_act': 'Ta:request', 'frame': {'transitions': []}};[0.95, 1.0, 1.0, 1.0]
Accuracy;5;Can you list all the transitions of the automaton, starting from the final state and completing all five transitions one by one?;The automaton has 5 transitions: q0 with value 1 goes to q1, q1 with value 1 goes to q2, q2 with value 0 goes to q3, q3 with value 0 goes to q4, q4 with value 0 goes to q0.;['simbolo-q0-q1', 'simbolo-q1-q2', 'simbolo-q2-q3', 'simbolo-q3-q4', 'simbolo-q4-q0'];0.9;9;False;{'user_input': 'Can you list all the transitions of the automaton, starting from the final state and completing all five transitions one by one?', 'intent': 'fsa-practical', 'argument': 'transition', 'dialogue_act': 'Ta:request', 'frame': {'transitions': []}};[0.9, 0.9, 1.0, 1.0]
Accuracy;5;What are the transitions of the pattern, starting from the final state and completing all the missing ones?;The automaton has 5 transitions: q0 with value 1 goes to q1, q1 with value 1 goes to q2, q2 with value 0 goes to q3, q3 with value 0 goes to q4, q4 with value 0 goes to q0.;['simbolo-q0-q1', 'simbolo-q1-q2', 'simbolo-q2-q3', 'simbolo-q3-q4', 'simbolo-q4-q0'];1.0;9;False;{'user_input': 'What are the transitions of the pattern, starting from the final state and completing all the missing ones?', 'intent': 'fsa-practical', 'argument': 'transition', 'dialogue_act': 'Ta:request', 'frame': {'transitions': []}};[1.0, 1.0, 1.0, 1.0]
Relevancy;1;Is it possible to go directly from state q2 to state q4 in this automaton?;There is no transition between q2 and q4.;[];1.0;0;False;{'user_input': 'Is it possible to go directly from state q2 to state q4 in this automaton?', 'intent': 'fsa-practical', 'argument': 'transition', 'dialogue_act': 'Ta:request', 'frame': {'transitions': [['q2', 'q4', '?']]}};[1.0, 1.0, 1.0, 1.0]
Relevancy;1;what are the final states of this automaton’s transitions?;The final state is q0.;['simbolo-q0'];1.0;0;False;{'user_input': 'what are the final states of this automaton’s transitions?', 'intent': 'fsa-practical', 'argument': 'state', 'dialogue_act': 'Ta:request', 'frame': {'finalStates': '?'}};[1.0, 1.0, 1.0, 1.0]
Relevancy;1;what is the alphabet of this finite state automaton, is it [“1”, “0”]?;Could you be more specific?;[];0.1;1;False;{'user_input': 'what is the alphabet of this finite state automaton, is it [“1”, “0”]?', 'intent': 'fsa-practical', 'argument': 'alphabet', 'dialogue_act': 'Ta:request', 'frame': {'alphabet': '1'}};[0.1, 0.1, 0.1, 1.0]
Relevancy;1;what is the alphabet of this deterministic automaton?;Could you be more specific?;[];0.1;2;False;{'user_input': 'what is the alphabet of this deterministic automaton?', 'intent': 'fsa-practical', 'argument': 'alphabet', 'dialogue_act': 'Ta:request', 'frame': {'alphabet': '?'}};[0.0, 0.1, 0.0, 1.0]
Relevancy;1;What is the alphabet of this finite state automaton?;Could you be more specific?;[];0.1;3;False;{'user_input': 'What is the alphabet of this finite state automaton?', 'intent': 'fsa-practical', 'argument': 'alphabet', 'dialogue_act': 'Ta:request', 'frame': {'alphabet': '?'}};[0.0, 0.1, 0.0, 1.0]
Relevancy;1;Hello, could you tell me what the alphabet of this finite state automaton is?;Could you be more specific?;[];0.1;4;False;{'user_input': 'Hello, could you tell me what the alphabet of this finite state automaton is?', 'intent': 'fsa-practical', 'argument': 'alphabet', 'dialogue_act': 'Ta:request', 'frame': {'alphabet': '?'}};[0.0, 0.1, 0.0, 1.0]
Relevancy;1;What is the alphabet of this automaton?;Could you be more specific?;[];0.1;5;False;{'user_input': 'What is the alphabet of this automaton?', 'intent': 'fsa-practical', 'argument': 'alphabet', 'dialogue_act': 'Ta:request', 'frame': {'alphabet': '?'}};[0.0, 0.1, 0.0, 1.0]
Relevancy;1;what is the alphabet of this automaton?;Could you be more specific?;[];0.1;6;False;{'user_input': 'what is the alphabet of this automaton?', 'intent': 'fsa-practical', 'argument': 'alphabet', 'dialogue_act': 'Ta:request', 'frame': {'alphabet': '?'}};[0.0, 0.1, 0.0, 1.0]
Relevancy;1;What is the language accepted by this automaton, in terms of the alphabet?;Could you be more specific?;[];0.1;7;False;{'user_input': 'What is the language accepted by this automaton, in terms of the alphabet?', 'intent': 'fsa-practical', 'argument': 'language', 'dialogue_act': 'Ta:request', 'frame': {'alphabet': '?'}};[0.0, 0.1, 0.0, 1.0]
Relevancy;1;what is the language accepted by this finite state automaton?;Could you be more specific?;[];0.1;8;False;{'user_input': 'what is the language accepted by this finite state automaton?', 'intent': 'fsa-practical', 'argument': 'language', 'dialogue_act': 'Ta:request', 'frame': {'input': '?'}};[0.0, 0.1, 0.0, 1.0]
Relevancy;1;Which state does the automaton end up in if I give it the input 11000?;The automaton has 5 states: q0, q1, q2, q3 and q4.;['simbolo-q0', 'simbolo-q1', 'simbolo-q2', 'simbolo-q3', 'simbolo-q4'];0.2;9;False;{'user_input': 'Which state does the automaton end up in if I give it the input 11000?', 'intent': 'fsa-practical', 'argument': 'state', 'dialogue_act': 'Ta:request', 'frame': {'input': '11000'}};[0.0, 0.2, 0.0, 0.3]
Relevancy;1;What is the language accepted by this automaton for an input of “?”?;Could you be more specific?;[];0.2;10;False;{'user_input': 'What is the language accepted by this automaton for an input of “?”?', 'intent': 'fsa-practical', 'argument': 'language', 'dialogue_act': 'Ta:request', 'frame': {'input': '?'}};[0.1, 0.2, 0.1, 1.0]
Relevancy;1;What is the input of this automaton?;Could you be more specific?;[];0.2;11;False;{'user_input': 'What is the input of this automaton?', 'intent': 'fsa-practical', 'argument': 'language', 'dialogue_act': 'Ta:request', 'frame': {'input': '?'}};[0.1, 0.2, 0.1, 1.0]
Relevancy;1;For which input strings is the language of this automaton defined?;Could you be more specific?;[];0.1;12;False;{'user_input': 'For which input strings is the language of this automaton defined?', 'intent': 'fsa-practical', 'argument': 'language', 'dialogue_act': 'Ta:request', 'frame': {'input': '?'}};[0.0, 0.1, 0.0, 1.0]
Relevancy;1;is the language recognized by this deterministic automaton regular or can you describe its language?;Could you be more specific?;[];0.1;13;False;{'user_input': 'is the language recognized by this deterministic automaton regular or can you describe its language?', 'intent': 'fsa-practical', 'argument': 'language', 'dialogue_act': 'Ta:request', 'frame': {'input': '?'}};[0.0, 0.1, 0.0, 1.0]
Relevancy;2;What is the value on the transition from q1 to q2 in the diagram?;The transition between q1 and q2 is with value 1.;['simbolo-q1-q2'];1.0;0;False;{'user_input': 'What is the value on the transition from q1 to q2 in the diagram?', 'intent': 'fsa-practical', 'argument': 'transition', 'dialogue_act': 'Ta:request', 'frame': {'transitions': [['q1', 'q2', '?']]}};[1.0, 1.0, 1.0, 1.0]
Relevancy;2;what is the value of this?;Could you be more specific?;[];0.2;1;False;{'user_input': 'what is the value of this?', 'intent': 'fsa-practical', 'argument': 'language', 'dialogue_act': 'Ta:request', 'frame': {'transitions': [['q1', 'q2', '?']]}, '_raw_frame': {'input': '?'}};[0.1, 0.2, 0.1, 1.0]
Relevancy;2;What is the transition from state q1 to state q2 in this automaton?;The transition between q1 and q2 is with value 1.;['simbolo-q1-q2'];1.0;1;False;{'user_input': 'What is the transition from state q1 to state q2 in this automaton?', 'intent': 'fsa-practical', 'argument': 'transition', 'dialogue_act': 'Ta:request', 'frame': {'transitions': [['q1', 'q2', '?']]}};[1.0, 1.0, 1.0, 1.0]
Relevancy;2;which language is recognized by this automaton, considering as input all binary strings that are not 11100?;Could you be more specific?;[];0.1;2;False;{'user_input': 'which language is recognized by this automaton, considering as input all binary strings that are not 11100?', 'intent': 'fsa-practical', 'argument': 'language', 'dialogue_act': 'Ta:request', 'frame': {'input': 'not 11100'}};[0.0, 0.1, 0.0, 1.0]
Relevancy;2;what is the language accepted by this automaton for all strings that are not 11100?;Could you be more specific?;[];0.1;3;False;{'user_input': 'what is the language accepted by this automaton for all strings that are not 11100?', 'intent': 'fsa-practical', 'argument': 'language', 'dialogue_act': 'Ta:request', 'frame': {'input': '11100'}};[0.0, 0.1, 0.0, 1.0]
Relevancy;2;For this automaton, what is the language of strings that are not accepted as input?;Could you be more specific?;[];0.1;4;False;{'user_input': 'For this automaton, what is the language of strings that are not accepted as input?', 'intent': 'fsa-practical', 'argument': 'language', 'dialogue_act': 'Ta:request', 'frame': {'languageOfNotAccepting': '?'}};[0.0, 0.1, 0.0, 1.0]
Relevancy;2;hi, could you explain in which language the automaton does not accept strings?;MUTATION In total there are 5 states: q0, q1, q2, q3 and q4. q0 is both the initial and the final state.;[];0.2;5;True;{'user_input': 'hi, could you explain in which language the automaton does not accept strings?', 'intent': 'fsa-practical', 'argument': 'automaton', 'dialogue_act': 'Ta:request', 'frame': {'language': '?'}};[0.1, 0.2, 0.1, 1.0]
Relevancy;2;what is the language of strings that this automaton does not accept?;Could you be more specific?;[];0.1;6;False;{'user_input': 'what is the language of strings that this automaton does not accept?', 'intent': 'fsa-practical', 'argument': 'language', 'dialogue_act': 'Ta:request', 'frame': {'language': '?'}};[0.0, 0.1, 0.0, 1.0]
Relevancy;2;what is the language recognized by this finite state automaton?;Could you be more specific?;[];0.1;7;False;{'user_input': 'what is the language recognized by this finite state automaton?', 'intent': 'fsa-practical', 'argument': 'language', 'dialogue_act': 'Ta:request', 'frame': {'input': '?'}};[0.0, 0.1, 0.0, 1.0]
Relevancy;2;hello! for this finite state automaton, in which language is the input string defined?;Could you be more specific?;[];0.2;8;False;{'user_input': 'hello! for this finite state automaton, in which language is the input string defined?', 'intent': 'fsa-practical', 'argument': 'language', 'dialogue_act': 'Ta:request', 'frame': {'input': '?'}};[0.1, 0.2, 0.1, 1.0]
Relevancy;2;what input strings does this automaton accept?;Could you be more specific?;[];0.1;9;False;{'user_input': 'what input strings does this automaton accept?', 'intent': 'fsa-practical', 'argument': 'language', 'dialogue_act': 'Ta:request', 'frame': {'input': '?'}};[0.0, 0.1, 0.0, 1.0]
Relevancy;2;For this automaton, what is the input that leads from the initial state back to itself?;Could you be more specific?;[];0.1;10;False;{'user_input': 'For this automaton, what is the input that leads from the initial state back to itself?', 'intent': 'fsa-practical', 'argument': 'pattern', 'dialogue_act': 'Ta:request', 'frame': {'input': '?'}};[0.0, 0.1, 0.0, 1.0]
Relevancy;2;what is the input pattern that this automaton accepts?;Could you be more specific?;[];0.1;11;False;{'user_input': 'what is the input pattern that this automaton accepts?', 'intent': 'fsa-practical', 'argument': 'language', 'dialogue_act': 'Ta:request', 'frame': {'input': '?'}};[0.0, 0.1, 0.0, 1.0]
Relevancy;2;For which input strings does this automaton accept the language?;Could you be more specific?;[];0.1;12;False;{'user_input': 'For which input strings does this automaton accept the language?', 'intent': 'fsa-practical', 'argument': 'language', 'dialogue_act': 'Ta:propositionalQuestion', 'frame': {'input': '?'}};[0.0, 0.1, 0.0, 1.0]
Relevancy;2;what is the language accepted by this automaton if it has 2 final states?;Could you be more specific?;[];0.1;13;False;{'user_input': 'what is the language accepted by this automaton if it has 2 final states?', 'intent': 'fsa-practical', 'argument': 'language', 'dialogue_act': 'Ta:request', 'frame': {'numberOfFinalStates': '2'}};[0.1, 0.1, 0.1, 1.0]
Relevancy;3;How many transitions in total are shown in this finite state machine?;The automaton has 5 transitions: q0 with value 1 goes to q1, q1 with value 1 goes to q2, q2 with value 0 goes to q3, q3 with value 0 goes to q4, q4 with value 0 goes to q0.;['simbolo-q0-q1', 'simbolo-q1-q2', 'simbolo-q2-q3', 'simbolo-q3-q4', 'simbolo-q4-q0'];1.0;0;False;{'user_input': 'How many transitions in total are shown in this finite state machine?', 'intent': 'fsa-practical', 'argument': 'transition', 'dialogue_act': 'Ta:request', 'frame': {'numberOfTransitions': '?'}};[1.0, 1.0, 1.0, 1.0]
Relevancy;3;How many transitions are there in the automaton shown?;The automaton has 5 transitions: q0 with value 1 goes to q1, q1 with value 1 goes to q2, q2 with value 0 goes to q3, q3 with value 0 goes to q4, q4 with value 0 goes to q0.;['simbolo-q0-q1', 'simbolo-q1-q2', 'simbolo-q2-q3', 'simbolo-q3-q4', 'simbolo-q4-q0'];1.0;0;False;{'user_input': 'How many transitions are there in the automaton shown?', 'intent': 'fsa-practical', 'argument': 'transition', 'dialogue_act': 'Ta:request', 'frame': {'numberOfTransitions': '?'}};[1.0, 1.0, 1.0, 1.0]
Relevancy;3;how many transitions are there in this automaton?;The automaton has 5 transitions: q0 with value 1 goes to q1, q1 with value 1 goes to q2, q2 with value 0 goes to q3, q3 with value 0 goes to q4, q4 with value 0 goes to q0.;['simbolo-q0-q1', 'simbolo-q1-q2', 'simbolo-q2-q3', 'simbolo-q3-q4', 'simbolo-q4-q0'];1.0;0;False;{'user_input': 'how many transitions are there in this automaton?', 'intent': 'fsa-practical', 'argument': 'transition', 'dialogue_act': 'Ta:request', 'frame': {'numberOfTransitions': '?'}};[1.0, 1.0, 1.0, 1.0]
Relevancy;3;i think i miscounted: how many transitions does this automaton actually have?;The automaton has 5 transitions: q0 with value 1 goes to q1, q1 with value 1 goes to q2, q2 with value 0 goes to q3, q3 with value 0 goes to q4, q4 with value 0 goes to q0.;['simbolo-q0-q1', 'simbolo-q1-q2', 'simbolo-q2-q3', 'simbolo-q3-q4', 'simbolo-q4-q0'];1.0;0;False;{'user_input': 'i think i miscounted: how many transitions does this automaton actually have?', 'intent': 'fsa-practical', 'argument': 'transition', 'dialogue_act': 'Ta:request', 'frame': {}};[1.0, 1.0, 1.0, 1.0]
Relevancy;3;what are the final states of this automaton?;The final state is q0.;['simbolo-q0'];1.0;0;False;{'user_input': 'what are the final states of this automaton?', 'intent': 'fsa-practical', 'argument': 'state', 'dialogue_act': 'Ta:request', 'frame': {'finalStates': '?'}};[1.0, 1.0, 1.0, 1.0]
Relevancy;3;Hi again! For this automaton, could you remind me which state or states are final?;The final state is q0.;['simbolo-q0'];1.0;0;False;{'user_input': 'Hi again! For this automaton, could you remind me which state or states are final?', 'intent': 'fsa-practical', 'argument': 'state', 'dialogue_act': 'Ta:request', 'frame': {'finalStates': '?'}};[1.0, 1.0, 1.0, 1.0]
Relevancy;3;what is the alphabet of this automaton, is it [“2”, “4”]?;Could you be more specific?;[];0.1;1;False;{'user_input': 'what is the alphabet of this automaton, is it [“2”, “4”]?', 'intent': 'fsa-practical', 'argument': 'alphabet', 'dialogue_act': 'Ta:propositionalQuestion', 'frame': {'alphabet': '2'}};[0.0, 0.1, 0.0, 1.0]
Relevancy;3;what is the alphabet of this automaton, is it {0, 1} or just the symbol 2?;Could you be more specific?;[];0.1;2;False;{'user_input': 'what is the alphabet of this automaton, is it {0, 1} or just the symbol 2?', 'intent': 'fsa-practical', 'argument': 'alphabet', 'dialogue_act': 'Ta:request', 'frame': {'alphabet': '{0, 1}'}};[0.0, 0.1, 0.0, 1.0]
Relevancy;3;how many transitions are there in this automaton?;The automaton has 5 transitions: q0 with value 1 goes to q1, q1 with value 1 goes to q2, q2 with value 0 goes to q3, q3 with value 0 goes to q4, q4 with value 0 goes to q0.;['simbolo-q0-q1', 'simbolo-q1-q2', 'simbolo-q2-q3', 'simbolo-q3-q4', 'simbolo-q4-q0'];1.0;2;False;{'user_input': 'how many transitions are there in this automaton?', 'intent': 'fsa-practical', 'argument': 'transition', 'dialogue_act': 'Ta:request', 'frame': {'numberOfTransitions': '?'}};[1.0, 1.0, 1.0, 1.0]
Relevancy;3;what is the language recognized by this automaton over the alphabet {0,1}?;Could you be more specific?;[];0.1;3;False;{'user_input': 'what is the language recognized by this automaton over the alphabet {0,1}?', 'intent': 'fsa-practical', 'argument': 'language', 'dialogue_act': 'Ta:request', 'frame': {'alphabet': '0'}};[0.0, 0.1, 0.0, 1.0]
Relevancy;3;What is the language accepted by this automaton, and to which state does it eventually go after processing valid strings?;Could you be more specific?;[];0.1;4;False;{'user_input': 'What is the language accepted by this automaton, and to which state does it eventually go after processing valid strings?', 'intent': 'fsa-practical', 'argument': 'language', 'dialogue_act': 'Ta:request', 'frame': {'input': '?'}};[0.0, 0.1, 0.0, 1.0]
Relevancy;3;what is the language accepted by this automaton for an input string like 11000?;Could you be more specific?;[];0.1;5;False;{'user_input': 'what is the language accepted by this automaton for an input string like 11000?', 'intent': 'fsa-practical', 'argument': 'language', 'dialogue_act': 'Ta:request', 'frame': {'input': '11000'}};[0.0, 0.1, 0.0, 1.0]
Relevancy;3;for the automaton shown, what is the transition sequence followed when the input is 11000?;The automaton has 5 transitions: q0 with value 1 goes to q1, q1 with value 1 goes to q2, q2 with value 0 goes to q3, q3 with value 0 goes to q4, q4 with value 0 goes to q0.;['simbolo-q0-q1', 'simbolo-q1-q2', 'simbolo-q2-q3', 'simbolo-q3-q4', 'simbolo-q4-q0'];0.6;5;False;{'user_input': 'for the automaton shown, what is the transition sequence followed when the input is 11000?', 'intent': 'fsa-practical', 'argument': 'transition', 'dialogue_act': 'Ta:request', 'frame': {'input': '11000'}};[0.4, 0.6, 0.5, 1.0]
Relevancy;3;What is the language accepted by this automaton for the input 11000?;Could you be more specific?;[];0.1;6;False;{'user_input': 'What is the language accepted by this automaton for the input 11000?', 'intent': 'fsa-practical', 'argument': 'language', 'dialogue_act': 'Ta:request', 'frame': {'input': '11000'}};[0.0, 0.1, 0.0, 1.0]
Relevancy;3;What is the language accepted by this automaton for the input 11000?;Could you be more specific?;[];0.1;7;False;{'user_input': 'What is the language accepted by this automaton for the input 11000?', 'intent': 'fsa-practical', 'argument': 'language', 'dialogue_act': 'Ta:request', 'frame': {'input': '11000'}};[0.0, 0.1, 0.0, 1.0]
Relevancy;4;If the automaton starts in q0 and reads the input 11000, does it end in an accepting state?;Could you be more specific?;[];0.1;1;False;{'user_input': 'If the automaton starts in q0 and reads the input 11000, does it end in an accepting state?', 'intent': 'fsa-practical', 'argument': 'language', 'dialogue_act': 'Ta:propositionalQuestion', 'frame': {'input': '11000'}};[0.0, 0.1, 0.0, 1.0]
Relevancy;4;what is the resulting transition sequence from q1 to q2 and then to which state?;The transition between q1 and q2 is with value 1.;['simbolo-q1-q2'];0.6;1;False;{'user_input': 'what is the resulting transition sequence from q1 to q2 and then to which state?', 'intent': 'fsa-practical', 'argument': 'transition', 'dialogue_act': 'Ta:request', 'frame': {'transitions': [['q1', 'q2', '?']]}};[0.5, 0.6, 0.5, 0.9]
Relevancy;4;what is the language accepted by this automaton for the input 11000?;Could you be more specific?;[];0.1;2;False;{'user_input': 'what is the language accepted by this automaton for the input 11000?', 'intent': 'fsa-practical', 'argument': 'language', 'dialogue_act': 'Ta:request', 'frame': {'input': '11000'}};[0.0, 0.1, 0.0, 1.0]
Relevancy;4;What is the language accepted by this automaton starting from which state?;Could you be more specific?;[];0.1;3;False;{'user_input': 'What is the language accepted by this automaton starting from which state?', 'intent': 'fsa-practical', 'argument': 'language', 'dialogue_act': 'Ta:request', 'frame': {'input': '?'}};[0.0, 0.1, 0.0, 1.0]
Relevancy;4;What is the language accepted by this automaton for the input string “?”?;Could you be more specific?;[];0.3;4;False;{'user_input': 'What is the language accepted by this automaton for the input string “?”?', 'intent': 'fsa-practical', 'argument': 'language', 'dialogue_act': 'Ta:request', 'frame': {'input': '?'}};[0.2, 0.3, 0.2, 1.0]
Relevancy;4;The language accepted by this automaton for the input is ?;Could you be more specific?;[];0.1;5;False;{'user_input': 'The language accepted by this automaton for the input is ?', 'intent': 'fsa-practical', 'argument': 'language', 'dialogue_act': 'Ta:propositionalQuestion', 'frame': {'input': '?'}};[0.0, 0.1, 0.0, 1.0]
Relevancy;4;what is the language accepted by this automaton for the input string “?”?;Could you be more specific?;[];0.3;6;False;{'user_input': 'what is the language accepted by this automaton for the input string “?”?', 'intent': 'fsa-practical', 'argument': 'language', 'dialogue_act': 'Ta:request', 'frame': {'input': '?'}};[0.2, 0.3, 0.2, 1.0]
Relevancy;4;what is the input that makes this automaton go from the initial state back to the final state?;Could you be more specific?;[];0.1;7;False;{'user_input': 'what is the input that makes this automaton go from the initial state back to the final state?', 'intent': 'fsa-practical', 'argument': 'language', 'dialogue_act': 'Ta:request', 'frame': {'input': '?'}};[0.0, 0.1, 0.0, 1.0]
Relevancy;4;What is the language accepted by this automaton for the input string?;Could you be more specific?;[];0.2;8;False;{'user_input': 'What is the language accepted by this automaton for the input string?', 'intent': 'fsa-practical', 'argument': 'language', 'dialogue_act': 'Ta:request', 'frame': {'input': '?'}};[0.1, 0.2, 0.1, 1.0]
Relevancy;4;for which input strings does this automaton accept the language?;Could you be more specific?;[];0.1;9;False;{'user_input': 'for which input strings does this automaton accept the language?', 'intent': 'fsa-practical', 'argument': 'language', 'dialogue_act': 'Ta:request', 'frame': {'input': '?'}};[0.0, 0.1, 0.0, 1.0]
Relevancy;4;what is the language accepted by this automaton for the input string?;Could you be more specific?;[];0.1;10;False;{'user_input': 'what is the language accepted by this automaton for the input string?', 'intent': 'fsa-practical', 'argument': 'language', 'dialogue_act': 'Ta:request', 'frame': {'input': '?'}};[0.0, 0.1, 0.0, 1.0]
Relevancy;4;what is the language accepted by this automaton for the input string?;Could you be more specific?;[];0.2;11;False;{'user_input': 'what is the language accepted by this automaton for the input string?', 'intent': 'fsa-practical', 'argument': 'language', 'dialogue_act': 'Ta:request', 'frame': {'input': '?'}};[0.1, 0.2, 0.1, 1.0]
Relevancy;4;What is the language accepted by this automaton for the input `?`?;Could you be more specific?;[];0.2;12;False;{'user_input': 'What is the language accepted by this automaton for the input `?`?', 'intent': 'fsa-practical', 'argument': 'language', 'dialogue_act': 'Ta:propositionalQuestion', 'frame': {'input': '?'}};[0.1, 0.2, 0.1, 1.0]
Relevancy;4;can you tell me what language is accepted by this automaton for the input string “?”?;Could you be more specific?;[];0.2;13;False;{'user_input': 'can you tell me what language is accepted by this automaton for the input string “?”?', 'intent': 'fsa-practical', 'argument': 'language', 'dialogue_act': 'Ta:request', 'frame': {'input': '?'}};[0.1, 0.2, 0.1, 1.0]
Relevancy;4;What input strings does this automaton accept?;Could you be more specific?;[];0.1;14;False;{'user_input': 'What input strings does this automaton accept?', 'intent': 'fsa-practical', 'argument': 'language', 'dialogue_act': 'Ta:request', 'frame': {'input': '?'}};[0.0, 0.1, 0.0, 1.0]
Relevancy;5;What is the difference between the language of an automaton and the set of paths in its state diagram?;The automaton has 5 transitions: q0 with value 1 goes to q1, q1 with value 1 goes to q2, q2 with value 0 goes to q3, q3 with value 0 goes to q4, q4 with value 0 goes to q0.;['simbolo-q0-q1', 'simbolo-q1-q2', 'simbolo-q2-q3', 'simbolo-q3-q4', 'simbolo-q4-q0'];0.1;1;False;{'user_input': 'What is the difference between the language of an automaton and the set of paths in its state diagram?', 'intent': 'fsa-practical', 'argument': 'transition', 'dialogue_act': 'Ta:request', 'frame': {'transitions': []}};[0.0, 0.1, 0.0, 0.9]
Relevancy;5;Can you list all the transitions of this finite state automaton?;The automaton has 5 transitions: q0 with value 1 goes to q1, q1 with value 1 goes to q2, q2 with value 0 goes to q3, q3 with value 0 goes to q4, q4 with value 0 goes to q0.;['simbolo-q0-q1', 'simbolo-q1-q2', 'simbolo-q2-q3', 'simbolo-q3-q4', 'simbolo-q4-q0'];1.0;1;False;{'user_input': 'Can you list all the transitions of this finite state automaton?', 'intent': 'fsa-practical', 'argument': 'transition', 'dialogue_act': 'Ta:request', 'frame': {}};[1.0, 1.0, 1.0, 1.0]
Relevancy;5;What is the language recognized by this automaton, considering its specific transitions and states?;Could you be more specific?;[];0.1;2;False;{'user_input': 'What is the language recognized by this automaton, considering its specific transitions and states?', 'intent': 'fsa-practical', 'argument': 'language', 'dialogue_act': 'Ta:request', 'frame': {'language': '?'}};[0.0, 0.1, 0.0, 1.0]
Relevancy;5;Hello! Can you help me understand what language this finite state automaton recognizes?;MUTATION In total there are 5 states: q0, q1, q2, q3 and q4. q0 is both the initial and the final state.;[];0.2;3;True;{'user_input': 'Hello! Can you help me understand what language this finite state automaton recognizes?', 'intent': 'fsa-practical', 'argument': 'automaton', 'dialogue_act': 'Ta:request', 'frame': {}};[0.1, 0.2, 0.2, 0.9]
Relevancy;5;what pattern of input strings does this automaton recognize?;Could you be more specific?;[];0.1;4;False;{'user_input': 'what pattern of input strings does this automaton recognize?', 'intent': 'fsa-practical', 'argument': 'pattern', 'dialogue_act': 'Ta:request', 'frame': {'patternType': '?'}};[0.0, 0.1, 0.0, 1.0]
Relevancy;5;what type of pattern does this automaton recognize?;Could you be more specific?;[];0.1;5;False;{'user_input': 'what type of pattern does this automaton recognize?', 'intent': 'fsa-practical', 'argument': 'pattern', 'dialogue_act': 'Ta:request', 'frame': {'patternType': '?'}};[0.0, 0.1, 0.0, 1.0]
Relevancy;5;The final states of the automaton are Q1 and Q2.;The final state is q0.;['simbolo-q0'];1.0;5;False;{'user_input': 'The final states of the automaton are Q1 and Q2.', 'intent': 'fsa-practical', 'argument': 'state', 'dialogue_act': 'Ta:request', 'frame': {'finalStates': 'Q1'}};[0.0, 1.0, 0.0, 0.2]
Relevancy;5;what is the pattern type of this finite state automaton?;Could you be more specific?;[];0.1;6;False;{'user_input': 'what is the pattern type of this finite state automaton?', 'intent': 'fsa-practical', 'argument': 'pattern', 'dialogue_act': 'Ta:request', 'frame': {'patternType': '?'}};[0.0, 0.1, 0.0, 1.0]
Relevancy;5;Hi, I’d like to ask a practical question about the pattern of this automaton.;MUTATION In total there are 5 states: q0, q1, q2, q3 and q4. q0 is both the initial and the final state.;[];0.4;6;True;{'user_input': 'Hi, I’d like to ask a practical question about the pattern of this automaton.', 'intent': 'fsa-practical', 'argument': 'automaton', 'dialogue_act': 'Ta:request', 'frame': {'pattern': '?'}};[0.4, 0.4, 0.4, 0.9]
Relevancy;5;what is the pattern type of this automaton?;Could you be more specific?;[];0.2;7;False;{'user_input': 'what is the pattern type of this automaton?', 'intent': 'fsa-practical', 'argument': 'pattern', 'dialogue_act': 'Ta:request', 'frame': {'patternType': '?'}};[0.1, 0.2, 0.1, 1.0]
Relevancy;5;Does this automaton accept any input strings that contain the pattern 11000?;Could you be more specific?;[];0.1;8;False;{'user_input': 'Does this automaton accept any input strings that contain the pattern 11000?', 'intent': 'fsa-practical', 'argument': 'language', 'dialogue_act': 'Ta:request', 'frame': {'pattern': '11000'}};[0.0, 0.1, 0.0, 1.0]
Relevancy;5;What is the language accepted by this automaton for the input pattern 11000?;Could you be more specific?;[];0.1;9;False;{'user_input': 'What is the language accepted by this automaton for the input pattern 11000?', 'intent': 'fsa-practical', 'argument': 'language', 'dialogue_act': 'Ta:request', 'frame': {'input': '11000'}};[0.0, 0.1, 0.0, 1.0]
Relevancy;5;what is the language accepted by this automaton for the input 11000?;Could you be more specific?;[];0.1;10;False;{'user_input': 'what is the language accepted by this automaton for the input 11000?', 'intent': 'fsa-practical', 'argument': 'language', 'dialogue_act': 'Ta:request', 'frame': {'input': '11000'}};[0.0, 0.1, 0.0, 1.0]
Relevancy;5;"11000 is the input string i want to test on this finite state automaton; can you tell me what language it belongs to according to this automaton?";Could you be more specific?;[];0.1;11;False;"{'user_input': '11000 is the input string i want to test on this finite state automaton; can you tell me what language it belongs to according to this automaton?', 'intent': 'fsa-practical', 'argument': 'language', 'dialogue_act': 'Ta:request', 'frame': {'input': '11000'}}";[0.0, 0.1, 0.0, 1.0]
Relevancy;5;What is the optimal spatial representation of the language recognized by this automaton?;Could you be more specific?;[];0.2;12;False;{'user_input': 'What is the optimal spatial representation of the language recognized by this automaton?', 'intent': 'fsa-practical', 'argument': 'language', 'dialogue_act': 'Ta:request', 'frame': {'optimalSpatialRepresentation': '?'}};[0.1, 0.2, 0.1, 1.0]
Correctness;1;Can I go directly from q2 to q4 in this automaton?;There is no transition between q2 and q4.;[];1.0;0;False;{'user_input': 'Can I go directly from q2 to q4 in this automaton?', 'intent': 'fsa-practical', 'argument': 'transition', 'dialogue_act': 'Ta:propositionalQuestion', 'frame': {'transitions': [['q2', 'q4', '?']]}};[1.0, 1.0, 1.0, 1.0]
Correctness;1;ciao, potresti dirmi quale simbolo etichetta la transizione che va dallo stato q2 allo stato q4?;There is no transition between q2 and q4.;[];1.0;0;False;{'user_input': 'ciao, potresti dirmi quale simbolo etichetta la transizione che va dallo stato q2 allo stato q4?', 'intent': 'fsa-practical', 'argument': 'transition', 'dialogue_act': 'Ta:request', 'frame': {'transitions': [['q2', 'q4', '?']]}};[1.0, 1.0, 1.0, 1.0]
Correctness;1;what is the symbol of the transition from this to that?;There is no transition between q2 and q4.;[];1.0;0;False;{'user_input': 'what is the symbol of the transition from this to that?', 'intent': 'fsa-practical', 'argument': 'transition', 'dialogue_act': 'Ta:request', 'frame': {'states': ['q2', 'q4']}, '_raw_frame': {'transitions': []}};[1.0, 1.0, 1.0, 1.0]
Correctness;1;Set the question about the transition between states q2 and q4.;There is no transition between q2 and q4.;[];1.0;0;False;{'user_input': 'Set the question about the transition between states q2 and q4.', 'intent': 'fsa-practical', 'argument': 'transition', 'dialogue_act': 'Ta:request', 'frame': {'transitions': [['q2', 'q4', '?']]}};[1.0, 1.0, 1.0, 1.0]
Correctness;1;what is the symbol of the transition from this to that in this automaton?;There is no transition between q2 and q4.;[];1.0;0;False;{'user_input': 'what is the symbol of the transition from this to that in this automaton?', 'intent': 'fsa-practical', 'argument': 'transition', 'dialogue_act': 'Ta:request', 'frame': {'states': ['q2', 'q4']}, '_raw_frame': {'transitions': []}};[1.0, 1.0, 1.0, 1.0]
Correctness;1;which pattern does this automaton recognize when it visits states q2 and q4?;Could you be more specific?;[];0.0;1;False;{'user_input': 'which pattern does this automaton recognize when it visits states q2 and q4?', 'intent': 'fsa-practical', 'argument': 'pattern', 'dialogue_act': 'Ta:request', 'frame': {'patternType': '?'}};[0.0, 0.1, 0.0, 1.0]
Correctness;1;can you tell me what pattern type this automaton follows, for example whether it is clockwise?;Could you be more specific?;[];0.2;2;False;{'user_input': 'can you tell me what pattern type this automaton follows, for example whether it is clockwise?', 'intent': 'fsa-practical', 'argument': 'pattern', 'dialogue_act': 'Ta:request', 'frame': {'patternType': '?'}};[0.2, 0.3, 0.2, 1.0]
Correctness;1;What type of pattern does this automaton recognize?;Could you be more specific?;[];0.0;3;False;{'user_input': 'What type of pattern does this automaton recognize?', 'intent': 'fsa-practical', 'argument': 'pattern', 'dialogue_act': 'Ta:request', 'frame': {'patternType': '?'}};[0.0, 0.1, 0.0, 1.0]
Correctness;1;Can you check what pattern type this automaton follows?;Could you be more specific?;[];0.1;4;False;{'user_input': 'Can you check what pattern type this automaton follows?', 'intent': 'fsa-practical', 'argument': 'pattern', 'dialogue_act': 'Ta:request', 'frame': {'patternType': '?'}};[0.1, 0.2, 0.1, 1.0]
Correctness;1;can you tell me whether the language recognized by this automaton is non-regular?;Could you be more specific?;[];0.0;5;False;{'user_input': 'can you tell me whether the language recognized by this automaton is non-regular?', 'intent': 'fsa-practical', 'argument': 'language', 'dialogue_act': 'Ta:propositionalQuestion', 'frame': {'languageType': 'non-regular'}};[0.0, 0.1, 0.0, 1.0]
Correctness;1;which state does this non-regular language automaton return to after completing the sequence of transitions shown?;The automaton has 5 states: q0, q1, q2, q3 and q4.;['simbolo-q0', 'simbolo-q1', 'simbolo-q2', 'simbolo-q3', 'simbolo-q4'];0.2;6;False;{'user_input': 'which state does this non-regular language automaton return to after completing the sequence of transitions shown?', 'intent': 'fsa-practical', 'argument': 'state', 'dialogue_act': 'Ta:request', 'frame': {'state': '?'}};[0.1, 0.2, 0.2, 0.9]
Correctness;1;Is the language recognized by this automaton non-regular?;Could you be more specific?;[];0.1;7;False;{'user_input': 'Is the language recognized by this automaton non-regular?', 'intent': 'fsa-practical', 'argument': 'language', 'dialogue_act': 'Ta:request', 'frame': {'input': '?'}};[0.1, 0.1, 0.1, 1.0]
Correctness;1;in terms of the language recognized by this automaton, which state is the one without outgoing transitions, specifically q3?;The automaton has 5 states: q0, q1, q2, q3 and q4.;['simbolo-q0', 'simbolo-q1', 'simbolo-q2', 'simbolo-q3', 'simbolo-q4'];0.2;8;False;{'user_input': 'in terms of the language recognized by this automaton, which state is the one without outgoing transitions, specifically q3?', 'intent': 'fsa-practical', 'argument': 'state', 'dialogue_act': 'Ta:request', 'frame': {'stateWithoutTransitions': 'q3'}};[0.1, 0.2, 0.2, 0.9]
Correctness;1;thanks, that helped me understand that this automaton recognizes a non-regular language.;MUTATION In total there are 5 states: q0, q1, q2, q3 and q4. q0 is both the initial and the final state.;[];0.2;9;True;{'user_input': 'thanks, that helped me understand that this automaton recognizes a non-regular language.', 'intent': 'fsa-practical', 'argument': 'automaton', 'dialogue_act': 'Ta:request', 'frame': {'language': 'non-regular'}};[0.2, 0.2, 0.2, 1.0]
Correctness;1;Is the language recognized by this automaton non-regular?;Could you be more specific?;[];0.0;10;False;{'user_input': 'Is the language recognized by this automaton non-regular?', 'intent': 'fsa-practical', 'argument': 'language', 'dialogue_act': 'Ta:propositionalQuestion', 'frame': {'input': '?'}};[0.0, 0.1, 0.0, 1.0]
Correctness;2;What is the value on the transition from q1 to q2?;The transition between q1 and q2 is with value 1.;['simbolo-q1-q2'];1.0;0;False;{'user_input': 'What is the value on the transition from q1 to q2?', 'intent': 'fsa-practical', 'argument': 'transition', 'dialogue_act': 'Ta:request', 'frame': {'transitions': [['q1', 'q2', '?']]}};[1.0, 1.0, 1.0, 1.0]
Correctness;2;what is the symbol of this?;Could you be more specific?;[];0.2;1;False;{'user_input': 'what is the symbol of this?', 'intent': 'fsa-practical', 'argument': 'alphabet', 'dialogue_act': 'Ta:request', 'frame': {'transitions': [['q1', 'q2', '?']]}, '_raw_frame': {'alphabet': '?'}};[0.2, 0.3, 0.2, 1.0]
Correctness;2;what is the symbol of this?;Could you be more specific?;[];0.2;2;False;{'user_input': 'what is the symbol of this?', 'intent': 'fsa-practical', 'argument': 'alphabet', 'dialogue_act': 'Ta:request', 'frame': {'transitions': [['q1', 'q2', '?']]}, '_raw_frame': {'alphabet': '?'}};[0.2, 0.4, 0.2, 1.0]
Correctness;2;what is the symbol of this in this automaton’s alphabet?;Could you be more specific?;[];0.1;3;False;{'user_input': 'what is the symbol of this in this automaton’s alphabet?', 'intent': 'fsa-practical', 'argument': 'alphabet', 'dialogue_act': 'Ta:request', 'frame': {'transitions': [['q1', 'q2', '?']]}, '_raw_frame': {'alphabet': '?'}};[0.1, 0.2, 0.1, 1.0]
Correctness;2;What is the symbol of the transition from state q1 to state q2?;The transition between q1 and q2 is with value 1.;['simbolo-q1-q2'];1.0;3;False;{'user_input': 'What is the symbol of the transition from state q1 to state q2?', 'intent': 'fsa-practical', 'argument': 'transition', 'dialogue_act': 'Ta:request', 'frame': {'transitions': [['q1', 'q2', '?']]}};[1.0, 1.0, 1.0, 1.0]
Correctness;2;What is the symbol on the transition from state q1 to state q2?;The transition between q1 and q2 is with value 1.;['simbolo-q1-q2'];1.0;3;False;{'user_input': 'What is the symbol on the transition from state q1 to state q2?', 'intent': 'fsa-practical', 'argument': 'transition', 'dialogue_act': 'Ta:request', 'frame': {'transitions': [['q1', 'q2', '?']]}};[1.0, 1.0, 1.0, 1.0]
Correctness;2;What is the symbol of the transition from state q1 to state q2 in the alphabet of this automaton?;MUTATION In total there are 5 states: q0, q1, q2, q3 and q4. q0 is both the initial and the final state.;[];0.0;4;True;{'user_input': 'What is the symbol of the transition from state q1 to state q2 in the alphabet of this automaton?', 'intent': None, 'argument': None, 'dialogue_act': None, 'frame': {}};[0.0, 0.2, 0.0, 1.0]
Correctness;2;thank you!;MUTATION In total there are 5 states: q0, q1, q2, q3 and q4. q0 is both the initial and the final state.;[];0.6;4;True;{'user_input': 'thank you!', 'intent': 'fsa-practical', 'argument': None, 'dialogue_act': 'Ta:request', 'frame': {}};[0.95, 0.9, 0.6, 1.0]
Correctness;2;the input string is not `11100`.;Could you be more specific?;[];0.1;5;False;{'user_input': 'the input string is not `11100`.', 'intent': 'fsa-practical', 'argument': 'alphabet', 'dialogue_act': 'Ta:request', 'frame': {'alphabet': '0'}};[0.1, 0.1, 0.1, 1.0]
Correctness;2;I want to talk about the automaton in general without asking or giving any specific information.;MUTATION In total there are 5 states: q0, q1, q2, q3 and q4. q0 is both the initial and the final state.;[];0.5;5;True;{'user_input': 'I want to talk about the automaton in general without asking or giving any specific information.', 'intent': 'fsa-practical', 'argument': 'automaton', 'dialogue_act': 'Ta:request', 'frame': {'automatonType': '?'}};[0.9, 0.8, 0.5, 1.0]
Correctness;2;What is the alphabet of this automaton?;Could you be more specific?;[];0.0;6;False;{'user_input': 'What is the alphabet of this automaton?', 'intent': 'fsa-practical', 'argument': 'alphabet', 'dialogue_act': 'Ta:request', 'frame': {'alphabet': '?'}};[0.0, 0.1, 0.0, 1.0]
Correctness;2;hello! could you tell me what the alphabet of this finite state automaton is?;Could you be more specific?;[];0.0;7;False;{'user_input': 'hello! could you tell me what the alphabet of this finite state automaton is?', 'intent': 'fsa-practical', 'argument': 'alphabet', 'dialogue_act': 'Ta:request', 'frame': {'alphabet': '?'}};[0.0, 0.1, 0.0, 1.0]
Correctness;2;what is the alphabet of this automaton?;Could you be more specific?;[];0.0;8;False;{'user_input': 'what is the alphabet of this automaton?', 'intent': 'fsa-practical', 'argument': 'alphabet', 'dialogue_act': 'Ta:request', 'frame': {'alphabet': '?'}};[0.0, 0.1, 0.0, 1.0]
Correctness;2;What is the alphabet of this automaton?;Could you be more specific?;[];0.0;9;False;{'user_input': 'What is the alphabet of this automaton?', 'intent': 'fsa-practical', 'argument': 'alphabet', 'dialogue_act': 'Ta:request', 'frame': {'alphabet': '?'}};[0.0, 0.1, 0.0, 1.0]
Correctness;2;What is the alphabet of this automaton?;Could you be more specific?;[];0.0;10;False;{'user_input': 'What is the alphabet of this automaton?', 'intent': 'fsa-practical', 'argument': 'alphabet', 'dialogue_act': 'Ta:request', 'frame': {'alphabet': '?'}};[0.0, 0.1, 0.0, 1.0]
Correctness;3;Is q0 the only final state in this automaton?;The final state is q0.;['simbolo-q0'];1.0;0;False;{'user_input': 'Is q0 the only final state in this automaton?', 'intent': 'fsa-practical', 'argument': 'state', 'dialogue_act': 'Ta:request', 'frame': {'finalStates': 'q0'}};[1.0, 1.0, 1.0, 1.0]
Correctness;3;which are the final states of this automaton, given that q0 is the only final state?;The final state is q0.;['simbolo-q0'];1.0;0;False;{'user_input': 'which are the final states of this automaton, given that q0 is the only final state?', 'intent': 'fsa-practical', 'argument': 'state', 'dialogue_act': 'Ta:request', 'frame': {'finalStates': 'q0'}};[1.0, 1.0, 1.0, 1.0]
Correctness;3;What are the transitions that start from the final state q0 in this automaton?;the transition is not defined.;[];0.0;1;False;{'user_input': 'What are the transitions that start from the final state q0 in this automaton?', 'intent': 'fsa-practical', 'argument': 'transition', 'dialogue_act': 'Ta:request', 'frame': {'transitions': [['q0', '?', '?']]}};[0.0, 0.2, 0.0, 1.0]
Correctness;3;What is the alphabet of this finite state automaton?;Could you be more specific?;[];0.0;2;False;{'user_input': 'What is the alphabet of this finite state automaton?', 'intent': 'fsa-practical', 'argument': 'alphabet', 'dialogue_act': 'Ta:request', 'frame': {'alphabet': '?'}};[0.0, 0.1, 0.0, 1.0]
Correctness;3;What is the language recognized by this automaton, in terms of all binary strings it accepts?;Could you be more specific?;[];0.0;3;False;{'user_input': 'What is the language recognized by this automaton, in terms of all binary strings it accepts?', 'intent': 'fsa-practical', 'argument': 'language', 'dialogue_act': 'Ta:request', 'frame': {'input': '?'}};[0.0, 0.1, 0.0, 1.0]
Correctness;3;What is the language recognized by this automaton?;Could you be more specific?;[];0.0;4;False;{'user_input': 'What is the language recognized by this automaton?', 'intent': 'fsa-practical', 'argument': 'language', 'dialogue_act': 'Ta:request', 'frame': {'language': '?'}};[0.0, 0.1, 0.0, 1.0]
Correctness;3;What is the language recognized by this automaton?;Could you be more specific?;[];0.0;5;False;{'user_input': 'What is the language recognized by this automaton?', 'intent': 'fsa-practical', 'argument': 'language', 'dialogue_act': 'Ta:request', 'frame': {'language': '?'}};[0.0, 0.1, 0.0, 1.0]
Correctness;3;what is the language recognized by this automaton?;Could you be more specific?;[];0.0;6;False;{'user_input': 'what is the language recognized by this automaton?', 'intent': 'fsa-practical', 'argument': 'language', 'dialogue_act': 'Ta:request', 'frame': {'language': '?'}};[0.0, 0.1, 0.0, 1.0]
Correctness;3;what is the language recognized by this automaton?;Could you be more specific?;[];0.0;7;False;{'user_input': 'what is the language recognized by this automaton?', 'intent': 'fsa-practical', 'argument': 'language', 'dialogue_act': 'Ta:request', 'frame': {'input': '?'}};[0.0, 0.1, 0.0, 1.0]
Correctness;3;what is the input of this automaton?;Could you be more specific?;[];0.1;8;False;{'user_input': 'what is the input of this automaton?', 'intent': 'fsa-practical', 'argument': 'language', 'dialogue_act': 'Ta:request', 'frame': {'input': '?'}};[0.1, 0.2, 0.1, 1.0]
Correctness;3;what is the language accepted by this finite state automaton for a generic input string?;Could you be more specific?;[];0.0;9;False;{'user_input': 'what is the language accepted by this finite state automaton for a generic input string?', 'intent': 'fsa-practical', 'argument': 'language', 'dialogue_act': 'Ta:request', 'frame': {'input': '?'}};[0.0, 0.1, 0.0, 1.0]
Correctness;3;hi again! for this automaton, what is the language it recognizes given the input “?”?;Could you be more specific?;[];0.9;9;False;{'user_input': 'hi again! for this automaton, what is the language it recognizes given the input “?”?', 'intent': 'fsa-practical', 'argument': 'language', 'dialogue_act': 'Ta:request', 'frame': {'input': '?'}};[0.9, 0.9, 0.9, 1.0]
Correctness;3;what is the language accepted by this automaton for the input string?;Could you be more specific?;[];0.0;10;False;{'user_input': 'what is the language accepted by this automaton for the input string?', 'intent': 'fsa-practical', 'argument': 'language', 'dialogue_act': 'Ta:request', 'frame': {'input': '?'}};[0.0, 0.1, 0.0, 1.0]
Correctness;3;what is the language accepted by this automaton for the input string?;Could you be more specific?;[];0.1;11;False;{'user_input': 'what is the language accepted by this automaton for the input string?', 'intent': 'fsa-practical', 'argument': 'language', 'dialogue_act': 'Ta:request', 'frame': {'input': '?'}};[0.1, 0.2, 0.1, 1.0]
Correctness;3;Which input strings does this automaton accept?;Could you be more specific?;[];0.0;12;False;{'user_input': 'Which input strings does this automaton accept?', 'intent': 'fsa-practical', 'argument': 'language', 'dialogue_act': 'Ta:request', 'frame': {'input': '?'}};[0.0, 0.1, 0.0, 1.0]
Correctness;4;What strings of 0s and 1s does this automaton accept?;Could you be more specific?;[];0.0;1;False;{'user_input': 'What strings of 0s and 1s does this automaton accept?', 'intent': 'fsa-practical', 'argument': 'language', 'dialogue_act': 'Ta:request', 'frame': {'input': '?'}};[0.0, 0.1, 0.0, 1.0]
Correctness;4;what is the input of this automaton?;Could you be more specific?;[];0.0;2;False;{'user_input': 'what is the input of this automaton?', 'intent': 'fsa-practical', 'argument': 'language', 'dialogue_act': 'Ta:request', 'frame': {'input': '?'}};[0.0, 0.1, 0.0, 1.0]
Correctness;4;Hi again! For this finite state automaton, what is the language it recognizes for a given input?;Could you be more specific?;[];0.1;3;False;{'user_input': 'Hi again! For this finite state automaton, what is the language it recognizes for a given input?', 'intent': 'fsa-practical', 'argument': 'language', 'dialogue_act': 'Ta:propositionalQuestion', 'frame': {'input': '?', 'output': '?'}};[0.1, 0.2, 0.1, 1.0]
Correctness;4;what is the language accepted by this automaton, that starts at q0, goes through q1 and q2 on input 1, then through q3 and q4 on input 0, and finally returns to q0?;Could you be more specific?;[];0.0;4;False;{'user_input': 'what is the language accepted by this automaton, that starts at q0, goes through q1 and q2 on input 1, then through q3 and q4 on input 0, and finally returns to q0?', 'intent': 'fsa-practical', 'argument': 'language', 'dialogue_act': 'Ta:request', 'frame': {'input': '1'}};[0.0, 0.1, 0.0, 1.0]
Correctness;4;what is the language accepted by this automaton for the input string 1?;Could you be more specific?;[];0.0;5;False;{'user_input': 'what is the language accepted by this automaton for the input string 1?', 'intent': 'fsa-practical', 'argument': 'language', 'dialogue_act': 'Ta:request', 'frame': {'input': '1'}};[0.0, 0.1, 0.0, 1.0]
Correctness;4;No, the language recognized by this automaton for the input `1` is not correct.;Could you be more specific?;[];0.2;6;False;{'user_input': 'No, the language recognized by this automaton for the input `1` is not correct.', 'intent': 'fsa-practical', 'argument': 'language', 'dialogue_act': 'Ta:propositionalQuestion', 'frame': {'input': '1'}};[0.2, 0.3, 0.2, 1.0]
Correctness;4;Thank you, could you please tell me what language this automaton recognizes for the input 1?;Could you be more specific?;[];0.1;7;False;{'user_input': 'Thank you, could you please tell me what language this automaton recognizes for the input 1?', 'intent': 'fsa-practical', 'argument': 'language', 'dialogue_act': 'Ta:request', 'frame': {'input': '1'}};[0.1, 0.2, 0.1, 1.0]
Correctness;4;what is the alphabet of this automaton if the first input symbol is 1?;Could you be more specific?;[];0.0;8;False;{'user_input': 'what is the alphabet of this automaton if the first input symbol is 1?', 'intent': 'fsa-practical', 'argument': 'alphabet', 'dialogue_act': 'Ta:request', 'frame': {'alphabet': '?'}};[0.0, 0.1, 0.0, 1.0]
Correctness;4;What is the alphabet of this automaton?;Could you be more specific?;[];0.0;9;False;{'user_input': 'What is the alphabet of this automaton?', 'intent': 'fsa-practical', 'argument': 'alphabet', 'dialogue_act': 'Ta:request', 'frame': {'alphabet': '?'}};[0.0, 0.1, 0.0, 1.0]
Correctness;4;what is the alphabet of this automaton?;Could you be more specific?;[];0.0;10;False;{'user_input': 'what is the alphabet of this automaton?', 'intent': 'fsa-practical', 'argument': 'alphabet', 'dialogue_act': 'Ta:request', 'frame': {'alphabet': '?'}};[0.0, 0.1, 0.0, 1.0]
Correctness;4;Hi, could you tell me what the alphabet of this automaton is?;Could you be more specific?;[];0.0;11;False;{'user_input': 'Hi, could you tell me what the alphabet of this automaton is?', 'intent': 'fsa-practical', 'argument': 'alphabet', 'dialogue_act': 'Ta:propositionalQuestion', 'frame': {'alphabet': '?'}};[0.0, 0.1, 0.0, 1.0]
Correctness;4;What is the alphabet of this automaton?;Could you be more specific?;[];0.0;12;False;{'user_input': 'What is the alphabet of this automaton?', 'intent': 'fsa-practical', 'argument': 'alphabet', 'dialogue_act': 'Ta:request', 'frame': {'alphabet': '?'}};[0.0, 0.1, 0.0, 1.0]
Correctness;4;The alphabet of this automaton is what?;Could you be more specific?;[];0.0;13;False;{'user_input': 'The alphabet of this automaton is what?', 'intent': 'fsa-practical', 'argument': 'alphabet', 'dialogue_act': 'Ta:request', 'frame': {'alphabet': '?'}};[0.0, 0.1, 0.0, 1.0]
Correctness;4;what is the alphabet of this automaton?;Could you be more specific?;[];0.0;14;False;{'user_input': 'what is the alphabet of this automaton?', 'intent': 'fsa-practical', 'argument': 'alphabet', 'dialogue_act': 'Ta:request', 'frame': {'alphabet': '?'}};[0.0, 0.1, 0.0, 1.0]
Correctness;4;what is the alphabet of this automaton?;Could you be more specific?;[];0.0;15;False;{'user_input': 'what is the alphabet of this automaton?', 'intent': 'fsa-practical', 'argument': 'alphabet', 'dialogue_act': 'Ta:request', 'frame': {'alphabet': '?'}};[0.0, 0.1, 0.0, 1.0]
Correctness;5;Does this automaton represent a deterministic or a non-deterministic finite state machine?;MUTATION In total there are 5 states: q0, q1, q2, q3 and q4. q0 is both the initial and the final state.;[];0.0;1;True;{'user_input': 'Does this automaton represent a deterministic or a non-deterministic finite state machine?', 'intent': 'fsa-practical', 'argument': 'automaton', 'dialogue_act': 'Ta:request', 'frame': {'input': 'automatonType'}};[0.0, 0.2, 0.0, 1.0]
Correctness;5;What type of automaton is this transition graph associated with?;MUTATION In total there are 5 states: q0, q1, q2, q3 and q4. q0 is both the initial and the final state.;[];0.0;2;True;{'user_input': 'What type of automaton is this transition graph associated with?', 'intent': 'fsa-practical', 'argument': 'automaton', 'dialogue_act': 'Ta:request', 'frame': {'graphicType': 'transitional'}};[0.0, 0.2, 0.0, 1.0]
Correctness;5;can you explain, from a theoretical point of view, what this automaton represents and describe its transitional graphic representation?;MUTATION In total there are 5 states: q0, q1, q2, q3 and q4. q0 is both the initial and the final state.;[];0.2;3;True;{'user_input': 'can you explain, from a theoretical point of view, what this automaton represents and describe its transitional graphic representation?', 'intent': 'fsa-practical', 'argument': 'automaton', 'dialogue_act': 'Ta:request', 'frame': {}};[0.2, 0.3, 0.2, 1.0]
Correctness;5;what is the destination state of this transition in the automaton?;The automaton has 5 states: q0, q1, q2, q3 and q4.;['simbolo-q0', 'simbolo-q1', 'simbolo-q2', 'simbolo-q3', 'simbolo-q4'];0.2;4;False;{'user_input': 'what is the destination state of this transition in the automaton?', 'intent': 'fsa-practical', 'argument': 'state', 'dialogue_act': 'Ta:request', 'frame': {'state': '?'}};[0.1, 0.2, 0.2, 0.3]
Correctness;5;what is the language accepted by this automaton in terms of the transitional graphic representation shown?;Could you be more specific?;[];0.0;5;False;{'user_input': 'what is the language accepted by this automaton in terms of the transitional graphic representation shown?', 'intent': 'fsa-practical', 'argument': 'language', 'dialogue_act': 'Ta:request', 'frame': {'graphicRepresentation': '?'}};[0.0, 0.1, 0.0, 1.0]
Correctness;5;What is the language accepted by this automaton and can you show it in a graphical representation?;Could you be more specific?;[];0.0;6;False;{'user_input': 'What is the language accepted by this automaton and can you show it in a graphical representation?', 'intent': 'fsa-practical', 'argument': 'language', 'dialogue_act': 'Ta:request', 'frame': {'graphicRepresentation': '?'}};[0.0, 0.1, 0.0, 1.0]
Correctness;5;for which input strings is the language of this automaton accepted?;Could you be more specific?;[];0.0;7;False;{'user_input': 'for which input strings is the language of this automaton accepted?', 'intent': 'fsa-practical', 'argument': 'language', 'dialogue_act': 'Ta:request', 'frame': {'input': '?'}};[0.0, 0.1, 0.0, 1.0]
Correctness;5;what is the language accepted by the automaton if the initial state is q3?;Could you be more specific?;[];0.0;8;False;{'user_input': 'what is the language accepted by the automaton if the initial state is q3?', 'intent': 'fsa-practical', 'argument': 'language', 'dialogue_act': 'Ta:request', 'frame': {'initialState': 'q3'}};[0.0, 0.1, 0.0, 1.0]
Correctness;5;What is the language accepted by the automaton if the initial state is q3?;Could you be more specific?;[];0.0;9;False;{'user_input': 'What is the language accepted by the automaton if the initial state is q3?', 'intent': 'fsa-practical', 'argument': 'language', 'dialogue_act': 'Ta:request', 'frame': {'initialState': 'q3'}};[0.0, 0.1, 0.0, 1.0]
Correctness;5;What is the language accepted by this automaton if the initial state is q3?;Could you be more specific?;[];0.0;10;False;{'user_input': 'What is the language accepted by this automaton if the initial state is q3?', 'intent': 'fsa-practical', 'argument': 'language', 'dialogue_act': 'Ta:request', 'frame': {'initialState': 'q3'}};[0.0, 0.1, 0.0, 1.0]
Correctness;5;What is the alphabet of the automaton if the initial state is q3?;Could you be more specific?;[];0.0;11;False;{'user_input': 'What is the alphabet of the automaton if the initial state is q3?', 'intent': 'fsa-practical', 'argument': 'alphabet', 'dialogue_act': 'Ta:request', 'frame': {'alphabet': '?'}};[0.0, 0.1, 0.0, 1.0]
Correctness;5;Thank you! Could you please tell me what the alphabet of this automaton is?;Could you be more specific?;[];0.0;12;False;{'user_input': 'Thank you! Could you please tell me what the alphabet of this automaton is?', 'intent': 'fsa-practical', 'argument': 'alphabet', 'dialogue_act': 'Ta:propositionalQuestion', 'frame': {'alphabet': '?'}};[0.0, 0.1, 0.0, 1.0]
Correctness;5;hello, looking at this automaton, can you tell me what its alphabet is?;Could you be more specific?;[];0.0;13;False;{'user_input': 'hello, looking at this automaton, can you tell me what its alphabet is?', 'intent': 'fsa-practical', 'argument': 'alphabet', 'dialogue_act': 'Ta:propositionalQuestion', 'frame': {'alphabet': '?'}};[0.0, 0.1, 0.0, 1.0]
Correctness;5;What is the alphabet of this automaton?;Could you be more specific?;[];0.0;14;False;{'user_input': 'What is the alphabet of this automaton?', 'intent': 'fsa-practical', 'argument': 'alphabet', 'dialogue_act': 'Ta:request', 'frame': {'alphabet': '?'}};[0.0, 0.1, 0.0, 1.0]
Correctness;5;What is the alphabet of this automaton?;Could you be more specific?;[];0.0;15;False;{'user_input': 'What is the alphabet of this automaton?', 'intent': 'fsa-practical', 'argument': 'alphabet', 'dialogue_act': 'Ta:request', 'frame': {'alphabet': '?'}};[0.0, 0.1, 0.0, 1.0]
VisualRelevancy;1;Is it possible to go from q2 to q4 in this automaton?;There is no transition between q2 and q4.;[];1.0;0;False;{'user_input': 'Is it possible to go from q2 to q4 in this automaton?', 'intent': 'fsa-practical', 'argument': 'transition', 'dialogue_act': 'Ta:request', 'frame': {'transitions': [['q2', 'q4', '?']]}};[0.9, 0.9, 0.9, 1.0]
VisualRelevancy;1;what is the symbol of the transition from this to that?;There is no transition between q2 and q4.;[];1.0;0;False;{'user_input': 'what is the symbol of the transition from this to that?', 'intent': 'fsa-practical', 'argument': 'transition', 'dialogue_act': 'Ta:request', 'frame': {'states': ['q2', 'q4']}, '_raw_frame': {'transitions': []}};[1.0, 1.0, 1.0, 1.0]
VisualRelevancy;1;sorry, i meant the transition between states q2 and q4, not the one i mentioned before.;There is no transition between q2 and q4.;[];1.0;0;False;{'user_input': 'sorry, i meant the transition between states q2 and q4, not the one i mentioned before.', 'intent': 'fsa-practical', 'argument': 'transition', 'dialogue_act': 'Ta:request', 'frame': {'transitions': [['q2', 'q4', '?']]}};[1.0, 1.0, 1.0, 1.0]
VisualRelevancy;1;scusami, mi sono sbagliato: la transizione corretta è da q2 a q4 con etichetta sconosciuta, quindi [q2, q4, ?].;There is no transition between q2 and q4.;[];1.0;0;False;{'user_input': 'scusami, mi sono sbagliato: la transizione corretta è da q2 a q4 con etichetta sconosciuta, quindi [q2, q4, ?].', 'intent': 'fsa-practical', 'argument': 'transition', 'dialogue_act': 'Ta:request', 'frame': {'transitions': [['q2', 'q4', '?']]}};[1.0, 1.0, 1.0, 1.0]
VisualRelevancy;1;what are the possible initial states of this automaton, for example could it start from q1 or q2?;The automaton has 5 states: q0, q1, q2, q3 and q4.;['simbolo-q0', 'simbolo-q1', 'simbolo-q2', 'simbolo-q3', 'simbolo-q4'];0.9;0;False;{'user_input': 'what are the possible initial states of this automaton, for example could it start from q1 or q2?', 'intent': 'fsa-practical', 'argument': 'state', 'dialogue_act': 'Ta:request', 'frame': {'initialStates': '?'}};[0.1, 0.2, 0.1, 0.9]
VisualRelevancy;1;what is the alphabet of this automaton?;Could you be more specific?;[];1.0;0;False;{'user_input': 'what is the alphabet of this automaton?', 'intent': 'fsa-practical', 'argument': 'alphabet', 'dialogue_act': 'Ta:request', 'frame': {'alphabet': '?'}};[0.0, 0.1, 0.0, 1.0]
VisualRelevancy;1;What is the alphabet of this finite state automaton?;Could you be more specific?;[];1.0;0;False;{'user_input': 'What is the alphabet of this finite state automaton?', 'intent': 'fsa-practical', 'argument': 'alphabet', 'dialogue_act': 'Ta:request', 'frame': {'alphabet': '?'}};[0.0, 0.1, 0.0, 1.0]
VisualRelevancy;1;what is this and what comes after it?;Could you be more specific?;[];1.0;0;False;{'user_input': 'what is this and what comes after it?', 'intent': 'fsa-practical', 'argument': 'language', 'dialogue_act': 'Ta:request', 'frame': {'transitions': [['q1', 'q2', '?']]}, '_raw_frame': {'input': '?'}};[0.1, 0.2, 0.1, 1.0]
VisualRelevancy;1;from which state does a transition start when the automaton reads the next symbol?;The automaton has 5 transitions: q0 with value 1 goes to q1, q1 with value 1 goes to q2, q2 with value 0 goes to q3, q3 with value 0 goes to q4, q4 with value 0 goes to q0.;['simbolo-q0-q1', 'simbolo-q1-q2', 'simbolo-q2-q3', 'simbolo-q3-q4', 'simbolo-q4-q0'];0.2;1;False;{'user_input': 'from which state does a transition start when the automaton reads the next symbol?', 'intent': 'fsa-practical', 'argument': 'transition', 'dialogue_act': 'Ta:request', 'frame': {'transitions': []}};[0.0, 0.2, 0.2, 0.2]
VisualRelevancy;1;the transitions of the automaton are not correct.;The automaton has 5 transitions: q0 with value 1 goes to q1, q1 with value 1 goes to q2, q2 with value 0 goes to q3, q3 with value 0 goes to q4, q4 with value 0 goes to q0.;['simbolo-q0-q1', 'simbolo-q1-q2', 'simbolo-q2-q3', 'simbolo-q3-q4', 'simbolo-q4-q0'];1.0;1;False;{'user_input': 'the transitions of the automaton are not correct.', 'intent': 'fsa-practical', 'argument': 'transition', 'dialogue_act': 'Ta:request', 'frame': {'transitions': []}};[0.0, 0.2, 0.0, 1.0]
VisualRelevancy;1;can you list all the transitions of this automaton?;The automaton has 5 transitions: q0 with value 1 goes to q1, q1 with value 1 goes to q2, q2 with value 0 goes to q3, q3 with value 0 goes to q4, q4 with value 0 goes to q0.;['simbolo-q0-q1', 'simbolo-q1-q2', 'simbolo-q2-q3', 'simbolo-q3-q4', 'simbolo-q4-q0'];1.0;1;False;{'user_input': 'can you list all the transitions of this automaton?', 'intent': 'fsa-practical', 'argument': 'transition', 'dialogue_act': 'Ta:request', 'frame': {}};[1.0, 1.0, 1.0, 1.0]
VisualRelevancy;1;What are the transitions of this finite state automaton?;The automaton has 5 transitions: q0 with value 1 goes to q1, q1 with value 1 goes to q2, q2 with value 0 goes to q3, q3 with value 0 goes to q4, q4 with value 0 goes to q0.;['simbolo-q0-q1', 'simbolo-q1-q2', 'simbolo-q2-q3', 'simbolo-q3-q4', 'simbolo-q4-q0'];1.0;1;False;{'user_input': 'What are the transitions of this finite state automaton?', 'intent': 'fsa-practical', 'argument': 'transition', 'dialogue_act': 'Ta:request', 'frame': {'transitions': []}};[1.0, 1.0, 1.0, 1.0]
VisualRelevancy;1;Can you check whether the transitions of this automaton are correct?;MUTATION In total there are 5 states: q0, q1, q2, q3 and q4. q0 is both the initial and the final state.;[];1.0;1;True;{'user_input': 'Can you check whether the transitions of this automaton are correct?', 'intent': 'fsa-practical', 'argument': 'automaton', 'dialogue_act': 'Ta:request', 'frame': {}};[0.2, 0.3, 0.2, 1.0]
VisualRelevancy;1;Which state in this automaton has no outgoing transitions, for example q3?;The automaton has 5 states: q0, q1, q2, q3 and q4.;['simbolo-q0', 'simbolo-q1', 'simbolo-q2', 'simbolo-q3', 'simbolo-q4'];0.3;2;False;{'user_input': 'Which state in this automaton has no outgoing transitions, for example q3?', 'intent': 'fsa-practical', 'argument': 'state', 'dialogue_act': 'Ta:request', 'frame': {'states': '?'}};[0.0, 0.2, 0.0, 0.3]
VisualRelevancy;2;What is the value of the transition from q1 to q2 in the diagram?;The transition between q1 and q2 is with value 1.;['simbolo-q1-q2'];1.0;0;False;{'user_input': 'What is the value of the transition from q1 to q2 in the diagram?', 'intent': 'fsa-practical', 'argument': 'transition', 'dialogue_act': 'Ta:request', 'frame': {'transitions': [['q1', 'q2', '?']]}};[1.0, 1.0, 1.0, 1.0]
VisualRelevancy;2;What is the missing input symbol on the transition from state q1 to state q2?;Could you be more specific?;[];1.0;0;False;{'user_input': 'What is the missing input symbol on the transition from state q1 to state q2?', 'intent': 'fsa-practical', 'argument': 'pattern', 'dialogue_act': 'Ta:request', 'frame': {'input': '?'}};[0.0, 0.1, 0.0, 1.0]
VisualRelevancy;2;Before I leave, could you show me an example of an input string that this automaton accepts?;Could you be more specific?;[];1.0;0;False;{'user_input': 'Before I leave, could you show me an example of an input string that this automaton accepts?', 'intent': 'fsa-practical', 'argument': 'language', 'dialogue_act': 'Ta:request', 'frame': {'input': '?'}};[0.0, 0.1, 0.0, 1.0]
VisualRelevancy;2;What is the language accepted by this automaton for the input string?;Could you be more specific?;[];1.0;0;False;{'user_input': 'What is the language accepted by this automaton for the input string?', 'intent': 'fsa-practical', 'argument': 'language', 'dialogue_act': 'Ta:request', 'frame': {'input': '?'}};[0.1, 0.2, 0.1, 1.0]
VisualRelevancy;2;what is the language accepted by this automaton for the input string “11000”?;Could you be more specific?;[];1.0;0;False;{'user_input': 'what is the language accepted by this automaton for the input string “11000”?', 'intent': 'fsa-practical', 'argument': 'language', 'dialogue_act': 'Ta:request', 'frame': {'input': '11000'}};[0.0, 0.1, 0.0, 1.0]
VisualRelevancy;2;for the automaton shown, can you check the pattern recognized by this machine on the input 11000?;Could you be more specific?;[];1.0;0;False;{'user_input': 'for the automaton shown, can you check the pattern recognized by this machine on the input 11000?', 'intent': 'fsa-practical', 'argument': 'pattern', 'dialogue_act': 'Ta:request', 'frame': {'patternType': '?'}};[0.0, 0.1, 0.0, 1.0]
VisualRelevancy;2;what are the final states of this automaton?;The final state is q0.;['simbolo-q0'];1.0;0;False;{'user_input': 'what are the final states of this automaton?', 'intent': 'fsa-practical', 'argument': 'state', 'dialogue_act': 'Ta:request', 'frame': {'finalStates': '?'}};[1.0, 1.0, 1.0, 1.0]
VisualRelevancy;2;What are the final states of this automaton?;The final state is q0.;['simbolo-q0'];1.0;0;False;{'user_input': 'What are the final states of this automaton?', 'intent': 'fsa-practical', 'argument': 'state', 'dialogue_act': 'Ta:request', 'frame': {'finalStates': '?'}};[1.0, 1.0, 1.0, 1.0]
VisualRelevancy;2;what is the alphabet of this automaton?;Could you be more specific?;[];1.0;0;False;{'user_input': 'what is the alphabet of this automaton?', 'intent': 'fsa-practical', 'argument': 'alphabet', 'dialogue_act': 'Ta:request', 'frame': {'alphabet': '?'}};[0.0, 0.1, 0.0, 1.0]
VisualRelevancy;2;Thank you, could you please tell me what the alphabet of this automaton is?;Could you be more specific?;[];1.0;0;False;{'user_input': 'Thank you, could you please tell me what the alphabet of this automaton is?', 'intent': 'fsa-practical', 'argument': 'alphabet', 'dialogue_act': 'Ta:propositionalQuestion', 'frame': {'alphabet': '?'}};[0.0, 0.1, 0.0, 1.0]
VisualRelevancy;2;what is the alphabet of this automaton?;Could you be more specific?;[];1.0;0;False;{'user_input': 'what is the alphabet of this automaton?', 'intent': 'fsa-practical', 'argument': 'alphabet', 'dialogue_act': 'Ta:request', 'frame': {'alphabet': '?'}};[0.0, 0.1, 0.0, 1.0]
VisualRelevancy;2;what is the alphabet of this automaton?;Could you be more specific?;[];1.0;0;False;{'user_input': 'what is the alphabet of this automaton?', 'intent': 'fsa-practical', 'argument': 'alphabet', 'dialogue_act': 'Ta:request', 'frame': {'alphabet': '?'}};[0.0, 0.1, 0.0, 1.0]
VisualRelevancy;2;what is the alphabet of this automaton?;Could you be more specific?;[];1.0;0;False;{'user_input': 'what is the alphabet of this automaton?', 'intent': 'fsa-practical', 'argument': 'alphabet', 'dialogue_act': 'Ta:request', 'frame': {'alphabet': '?'}};[0.0, 0.1, 0.0, 1.0]
VisualRelevancy;2;what is the alphabet of this automaton?;Could you be more specific?;[];1.0;0;False;{'user_input': 'what is the alphabet of this automaton?', 'intent': 'fsa-practical', 'argument': 'alphabet', 'dialogue_act': 'Ta:request', 'frame': {'alphabet': '?'}};[0.0, 0.1, 0.0, 1.0]
VisualRelevancy;2;what is the alphabet of this automaton?;Could you be more specific?;[];1.0;0;False;{'user_input': 'what is the alphabet of this automaton?', 'intent': 'fsa-practical', 'argument': 'alphabet', 'dialogue_act': 'Ta:request', 'frame': {'alphabet': '?'}};[0.0, 0.1, 0.0, 1.0]
VisualRelevancy;3;What is the initial state of this automaton?;The initial state is q0.;['simbolo-q0'];1.0;0;False;{'user_input': 'What is the initial state of this automaton?', 'intent': 'fsa-practical', 'argument': 'state', 'dialogue_act': 'Ta:request', 'frame': {'initialState': '?'}};[1.0, 1.0, 1.0, 1.0]
VisualRelevancy;3;What is the initial state of this automaton?;The initial state is q0.;['simbolo-q0'];1.0;0;False;{'user_input': 'What is the initial state of this automaton?', 'intent': 'fsa-practical', 'argument': 'state', 'dialogue_act': 'Ta:request', 'frame': {'initialState': '?'}};[1.0, 1.0, 1.0, 1.0]
VisualRelevancy;3;Is the current state of this non-deterministic automaton q0, q1, q2, q3, or q4?;The automaton has 5 states: q0, q1, q2, q3 and q4.;['simbolo-q0', 'simbolo-q1', 'simbolo-q2', 'simbolo-q3', 'simbolo-q4'];0.1;1;False;{'user_input': 'Is the current state of this non-deterministic automaton q0, q1, q2, q3, or q4?', 'intent': 'fsa-practical', 'argument': 'state', 'dialogue_act': 'Ta:request', 'frame': {'states': 'q0'}};[0.0, 0.2, 0.2, 0.1]
VisualRelevancy;3;Can you tell me what information is given about state q0 in this automaton?;The automaton has 5 states: q0, q1, q2, q3 and q4.;['simbolo-q0', 'simbolo-q1', 'simbolo-q2', 'simbolo-q3', 'simbolo-q4'];0.6;1;False;{'user_input': 'Can you tell me what information is given about state q0 in this automaton?', 'intent': 'fsa-practical', 'argument': 'state', 'dialogue_act': 'Ta:request', 'frame': {'states': ['q0']}};[0.2, 0.3, 0.2, 0.6]
VisualRelevancy;3;Can you tell me what information is given about the state q0 in this automaton?;The automaton has 5 states: q0, q1, q2, q3 and q4.;['simbolo-q0', 'simbolo-q1', 'simbolo-q2', 'simbolo-q3', 'simbolo-q4'];0.4;1;False;{'user_input': 'Can you tell me what information is given about the state q0 in this automaton?', 'intent': 'fsa-practical', 'argument': 'state', 'dialogue_act': 'Ta:propositionalQuestion', 'frame': {'state': 'q0'}};[0.1, 0.2, 0.2, 0.4]
VisualRelevancy;3;ok, i’ll talk about this in this automaton.;MUTATION In total there are 5 states: q0, q1, q2, q3 and q4. q0 is both the initial and the final state.;[];1.0;1;True;{'user_input': 'ok, i’ll talk about this in this automaton.', 'intent': 'fsa-practical', 'argument': 'automaton', 'dialogue_act': 'Ta:request', 'frame': {'states': ['q0']}, '_raw_frame': {}};[0.9, 0.9, 0.9, 1.0]
VisualRelevancy;3;Which state in this automaton has the most transitions, is it q3?;The automaton has 5 states: q0, q1, q2, q3 and q4.;['simbolo-q0', 'simbolo-q1', 'simbolo-q2', 'simbolo-q3', 'simbolo-q4'];0.9;1;False;{'user_input': 'Which state in this automaton has the most transitions, is it q3?', 'intent': 'fsa-practical', 'argument': 'state', 'dialogue_act': 'Ta:propositionalQuestion', 'frame': {'stateWithMostTransitions': 'q3'}};[0.1, 0.2, 0.2, 0.9]
VisualRelevancy;3;this is both the initial and the final state of this automaton.;The initial state is q0.;['simbolo-q0'];0.9;1;False;{'user_input': 'this is both the initial and the final state of this automaton.', 'intent': 'fsa-practical', 'argument': 'state', 'dialogue_act': 'Ta:request', 'frame': {'initialState': '?', 'finalStates': ['?'], 'states': ['q0']}, '_raw_frame': {'initialState': '?', 'finalStates': '?'}};[0.5, 0.8, 0.5, 0.9]
VisualRelevancy;4;What language does this automaton accept in general, not just for the string 11000?;Could you be more specific?;[];1.0;0;False;{'user_input': 'What language does this automaton accept in general, not just for the string 11000?', 'intent': 'fsa-practical', 'argument': 'language', 'dialogue_act': 'Ta:request', 'frame': {'input': '?'}};[0.0, 0.1, 0.0, 1.0]
VisualRelevancy;4;what is the input that this automaton accepts?;Could you be more specific?;[];1.0;0;False;{'user_input': 'what is the input that this automaton accepts?', 'intent': 'fsa-practical', 'argument': 'language', 'dialogue_act': 'Ta:request', 'frame': {'input': '?'}};[0.0, 0.1, 0.0, 1.0]
VisualRelevancy;4;for which input strings does this automaton define its language?;Could you be more specific?;[];1.0;0;False;{'user_input': 'for which input strings does this automaton define its language?', 'intent': 'fsa-practical', 'argument': 'language', 'dialogue_act': 'Ta:request', 'frame': {'input': '?'}};[0.0, 0.1, 0.0, 1.0]
VisualRelevancy;4;What is the language accepted by this automaton for the input string?;Could you be more specific?;[];1.0;0;False;{'user_input': 'What is the language accepted by this automaton for the input string?', 'intent': 'fsa-practical', 'argument': 'language', 'dialogue_act': 'Ta:request', 'frame': {'input': '?'}};[0.1, 0.2, 0.1, 1.0]
VisualRelevancy;4;for the string 11000, what is the language accepted by this automaton?;Could you be more specific?;[];1.0;0;False;{'user_input': 'for the string 11000, what is the language accepted by this automaton?', 'intent': 'fsa-practical', 'argument': 'language', 'dialogue_act': 'Ta:request', 'frame': {'alphabet': '0', 'input': '1'}};[0.0, 0.1, 0.0, 1.0]
VisualRelevancy;4;hello, could you help me understand the language accepted by this finite state automaton over the alphabet {0,1} for the input string 1?;Could you be more specific?;[];1.0;0;False;{'user_input': 'hello, could you help me understand the language accepted by this finite state automaton over the alphabet {0,1} for the input string 1?', 'intent': 'fsa-practical', 'argument': 'language', 'dialogue_act': 'Ta:request', 'frame': {'alphabet': ['0', '1'], 'input': '1'}};[0.1, 0.1, 0.1, 1.0]
VisualRelevancy;4;what is the language recognized by this automaton over the alphabet {0,1} when the input is 1?;Could you be more specific?;[];1.0;0;False;{'user_input': 'what is the language recognized by this automaton over the alphabet {0,1} when the input is 1?', 'intent': 'fsa-practical', 'argument': 'language', 'dialogue_act': 'Ta:request', 'frame': {'alphabet': '{0},{1}', 'input': '1'}};[0.1, 0.1, 0.1, 1.0]
VisualRelevancy;4;Given the automaton with alphabet {0,1}, what transition is taken when the input symbol is 1?;The automaton has 5 transitions: q0 with value 1 goes to q1, q1 with value 1 goes to q2, q2 with value 0 goes to q3, q3 with value 0 goes to q4, q4 with value 0 goes to q0.;['simbolo-q0-q1', 'simbolo-q1-q2', 'simbolo-q2-q3', 'simbolo-q3-q4', 'simbolo-q4-q0'];0.2;1;False;{'user_input': 'Given the automaton with alphabet {0,1}, what transition is taken when the input symbol is 1?', 'intent': 'fsa-practical', 'argument': 'transition', 'dialogue_act': 'Ta:request', 'frame': {'alphabet': ['1']}};[0.4, 0.5, 0.5, 0.2]
VisualRelevancy;4;can you show me the transition that uses the symbol 1?;The automaton has 5 transitions: q0 with value 1 goes to q1, q1 with value 1 goes to q2, q2 with value 0 goes to q3, q3 with value 0 goes to q4, q4 with value 0 goes to q0.;['simbolo-q0-q1', 'simbolo-q1-q2', 'simbolo-q2-q3', 'simbolo-q3-q4', 'simbolo-q4-q0'];0.2;2;False;{'user_input': 'can you show me the transition that uses the symbol 1?', 'intent': 'fsa-practical', 'argument': 'transition', 'dialogue_act': 'Ta:request', 'frame': {'transitions': []}};[0.4, 0.5, 0.5, 0.2]
VisualRelevancy;4;Sorry, I meant to say that the transition from q2 should be labeled with input 0 instead of 1.;the transition is not defined.;[];0.9;2;False;{'user_input': 'Sorry, I meant to say that the transition from q2 should be labeled with input 0 instead of 1.', 'intent': 'fsa-practical', 'argument': 'transition', 'dialogue_act': 'Ta:request', 'frame': {'transitions': [['q2', '?', '0']]}};[0.1, 0.1, 0.1, 0.9]
VisualRelevancy;4;Can you list all the transitions of this automaton?;The automaton has 5 transitions: q0 with value 1 goes to q1, q1 with value 1 goes to q2, q2 with value 0 goes to q3, q3 with value 0 goes to q4, q4 with value 0 goes to q0.;['simbolo-q0-q1', 'simbolo-q1-q2', 'simbolo-q2-q3', 'simbolo-q3-q4', 'simbolo-q4-q0'];1.0;2;False;{'user_input': 'Can you list all the transitions of this automaton?', 'intent': 'fsa-practical', 'argument': 'transition', 'dialogue_act': 'Ta:request', 'frame': {}};[1.0, 1.0, 1.0, 1.0]
VisualRelevancy;4;can you list all the transitions of this automaton?;The automaton has 5 transitions: q0 with value 1 goes to q1, q1 with value 1 goes to q2, q2 with value 0 goes to q3, q3 with value 0 goes to q4, q4 with value 0 goes to q0.;['simbolo-q0-q1', 'simbolo-q1-q2', 'simbolo-q2-q3', 'simbolo-q3-q4', 'simbolo-q4-q0'];1.0;2;False;{'user_input': 'can you list all the transitions of this automaton?', 'intent': 'fsa-practical', 'argument': 'transition', 'dialogue_act': 'Ta:request', 'frame': {'transitions': []}};[1.0, 1.0, 1.0, 1.0]
VisualRelevancy;4;set the question about the transitions of this automaton.;The automaton has 5 transitions: q0 with value 1 goes to q1, q1 with value 1 goes to q2, q2 with value 0 goes to q3, q3 with value 0 goes to q4, q4 with value 0 goes to q0.;['simbolo-q0-q1', 'simbolo-q1-q2', 'simbolo-q2-q3', 'simbolo-q3-q4', 'simbolo-q4-q0'];1.0;2;False;{'user_input': 'set the question about the transitions of this automaton.', 'intent': 'fsa-practical', 'argument': 'transition', 'dialogue_act': 'Ta:request', 'frame': {'transitions': []}};[1.0, 0.95, 1.0, 1.0]
VisualRelevancy;4;can you list all the transitions of this automaton?;The automaton has 5 transitions: q0 with value 1 goes to q1, q1 with value 1 goes to q2, q2 with value 0 goes to q3, q3 with value 0 goes to q4, q4 with value 0 goes to q0.;['simbolo-q0-q1', 'simbolo-q1-q2', 'simbolo-q2-q3', 'simbolo-q3-q4', 'simbolo-q4-q0'];1.0;2;False;{'user_input': 'can you list all the transitions of this automaton?', 'intent': 'fsa-practical', 'argument': 'transition', 'dialogue_act': 'Ta:request', 'frame': {'transitions': []}};[1.0, 1.0, 1.0, 1.0]
VisualRelevancy;5;How many transitions in total are there in this automaton?;The automaton has 5 transitions: q0 with value 1 goes to q1, q1 with value 1 goes to q2, q2 with value 0 goes to q3, q3 with value 0 goes to q4, q4 with value 0 goes to q0.;['simbolo-q0-q1', 'simbolo-q1-q2', 'simbolo-q2-q3', 'simbolo-q3-q4', 'simbolo-q4-q0'];1.0;0;False;{'user_input': 'How many transitions in total are there in this automaton?', 'intent': 'fsa-practical', 'argument': 'transition', 'dialogue_act': 'Ta:request', 'frame': {'numberOfTransitions': '?'}};[1.0, 1.0, 1.0, 1.0]
VisualRelevancy;5;how many transitions does this automaton have?;The automaton has 5 transitions: q0 with value 1 goes to q1, q1 with value 1 goes to q2, q2 with value 0 goes to q3, q3 with value 0 goes to q4, q4 with value 0 goes to q0.;['simbolo-q0-q1', 'simbolo-q1-q2', 'simbolo-q2-q3', 'simbolo-q3-q4', 'simbolo-q4-q0'];1.0;0;False;{'user_input': 'how many transitions does this automaton have?', 'intent': 'fsa-practical', 'argument': 'transition', 'dialogue_act': 'Ta:request', 'frame': {'numberOfTransitions': '?'}};[1.0, 1.0, 1.0, 1.0]
VisualRelevancy;5;What is the language accepted by this automaton, and how many transitions does it have?;Could you be more specific?;[];1.0;0;False;{'user_input': 'What is the language accepted by this automaton, and how many transitions does it have?', 'intent': 'fsa-practical', 'argument': 'language', 'dialogue_act': 'Ta:request', 'frame': {'alphabet': 'input', 'numberOfTransitions': 'transitions'}};[0.0, 0.1, 0.0, 1.0]
VisualRelevancy;5;can you explain the language recognized by this finite state automaton, given the input strings and the number of transitions?;Could you be more specific?;[];1.0;0;False;{'user_input': 'can you explain the language recognized by this finite state automaton, given the input strings and the number of transitions?', 'intent': 'fsa-practical', 'argument': 'language', 'dialogue_act': 'Ta:request', 'frame': {'input': '?', 'transitions': []}};[0.0, 0.1, 0.0, 1.0]
VisualRelevancy;5;What is the language accepted by this finite state automaton for a generic input string?;Could you be more specific?;[];1.0;0;False;{'user_input': 'What is the language accepted by this finite state automaton for a generic input string?', 'intent': 'fsa-practical', 'argument': 'language', 'dialogue_act': 'Ta:request', 'frame': {'input': '?'}};[0.0, 0.1, 0.0, 1.0]
VisualRelevancy;5;what is the language accepted by this finite state automaton for an input string?;Could you be more specific?;[];1.0;0;False;{'user_input': 'what is the language accepted by this finite state automaton for an input string?', 'intent': 'fsa-practical', 'argument': 'language', 'dialogue_act': 'Ta:request', 'frame': {'input': '?'}};[0.0, 0.1, 0.0, 1.0]
VisualRelevancy;5;what is the input accepted by this automaton?;Could you be more specific?;[];1.0;0;False;{'user_input': 'what is the input accepted by this automaton?', 'intent': 'fsa-practical', 'argument': 'language', 'dialogue_act': 'Ta:request', 'frame': {'input': '?'}};[0.0, 0.1, 0.0, 1.0]
VisualRelevancy;5;What is the language recognized by this automaton for the input string?;Could you be more specific?;[];1.0;0;False;{'user_input': 'What is the language recognized by this automaton for the input string?', 'intent': 'fsa-practical', 'argument': 'language', 'dialogue_act': 'Ta:request', 'frame': {'input': '?'}};[0.1, 0.2, 0.1, 1.0]
VisualRelevancy;5;what is the language accepted by this finite state automaton for an arbitrary input string?;Could you be more specific?;[];1.0;0;False;{'user_input': 'what is the language accepted by this finite state automaton for an arbitrary input string?', 'intent': 'fsa-practical', 'argument': 'language', 'dialogue_act': 'Ta:request', 'frame': {'input': '?'}};[0.0, 0.1, 0.0, 1.0]
VisualRelevancy;5;What input strings are accepted by this automaton?;Could you be more specific?;[];1.0;0;False;{'user_input': 'What input strings are accepted by this automaton?', 'intent': 'fsa-practical', 'argument': 'language', 'dialogue_act': 'Ta:request', 'frame': {'input': '?'}};[0.0, 0.1, 0.0, 1.0]
VisualRelevancy;5;What are the transitions of this finite state automaton?;The automaton has 5 transitions: q0 with value 1 goes to q1, q1 with value 1 goes to q2, q2 with value 0 goes to q3, q3 with value 0 goes to q4, q4 with value 0 goes to q0.;['simbolo-q0-q1', 'simbolo-q1-q2', 'simbolo-q2-q3', 'simbolo-q3-q4', 'simbolo-q4-q0'];1.0;0;False;{'user_input': 'What are the transitions of this finite state automaton?', 'intent': 'fsa-practical', 'argument': 'transition', 'dialogue_act': 'Ta:request', 'frame': {'transitions': []}};[1.0, 1.0, 1.0, 1.0]
VisualRelevancy;5;can you list all the transitions of this automaton?;The automaton has 5 transitions: q0 with value 1 goes to q1, q1 with value 1 goes to q2, q2 with value 0 goes to q3, q3 with value 0 goes to q4, q4 with value 0 goes to q0.;['simbolo-q0-q1', 'simbolo-q1-q2', 'simbolo-q2-q3', 'simbolo-q3-q4', 'simbolo-q4-q0'];1.0;0;False;{'user_input': 'can you list all the transitions of this automaton?', 'intent': 'fsa-practical', 'argument': 'transition', 'dialogue_act': 'Ta:request', 'frame': {'transitions': []}};[1.0, 1.0, 1.0, 1.0]
VisualRelevancy;5;From which state does a transition start in this automaton?;The initial state is q0.;['simbolo-q0'];0.8;0;False;{'user_input': 'From which state does a transition start in this automaton?', 'intent': 'fsa-practical', 'argument': 'state', 'dialogue_act': 'Ta:request', 'frame': {'initialState': '?'}};[0.2, 0.4, 0.2, 0.8]
VisualRelevancy;5;How many states does this automaton have?;This automaton has 5 states.;['simbolo-q0', 'simbolo-q1', 'simbolo-q2', 'simbolo-q3', 'simbolo-q4'];1.0;0;False;{'user_input': 'How many states does this automaton have?', 'intent': 'fsa-practical', 'argument': 'state', 'dialogue_act': 'Ta:request', 'frame': {'numberOfStates': '?'}};[1.0, 1.0, 1.0, 1.0]
VisualRelevancy;5;what are the transitions starting from this in this automaton?;The state q1 exists.;['simbolo-q1'];0.2;1;False;{'user_input': 'what are the transitions starting from this in this automaton?', 'intent': 'fsa-practical', 'argument': 'transition', 'dialogue_act': 'Ta:request', 'frame': {'states': ['q1']}, '_raw_frame': {'transitions': []}};[0.0, 0.1, 0.0, 0.2]
BaseLine;21;Can I jump straight from q2 to q4 in this diagram?;There is no transition between q2 and q4.;[];-1;-1;False;{'user_input': 'Can I jump straight from q2 to q4 in this diagram?', 'intent': 'fsa-practical', 'argument': 'transition', 'dialogue_act': 'Ta:request', 'frame': {'transitions': [['q2', 'q4', '?']]}};[1.0, 1.0, 1.0, 1.0]
BaseLine;22;What label sits on the arrow that leaves q1 and reaches q2?;The transition between q1 and q2 is with value 1.;['simbolo-q1-q2'];-1;-1;False;{'user_input': 'What label sits on the arrow that leaves q1 and reaches q2?', 'intent': 'fsa-practical', 'argument': 'transition', 'dialogue_act': 'Ta:request', 'frame': {'transitions': [['q1', 'q2', '?']]}};[1.0, 1.0, 1.0, 1.0]
BaseLine;23;From which state does the arrow that returns to q0 start?;The initial state is q0.;['simbolo-q0'];-1;-1;False;{'user_input': 'From which state does the arrow that returns to q0 start?', 'intent': 'fsa-practical', 'argument': 'state', 'dialogue_act': 'Ta:request', 'frame': {'initialState': 'q0'}};[0.0, 0.2, 0.0, 0.1]
BaseLine;24;Tell me which states count as final in this automaton.;The automaton has 5 states: q0, q1, q2, q3 and q4.;['simbolo-q0', 'simbolo-q1', 'simbolo-q2', 'simbolo-q3', 'simbolo-q4'];-1;-1;False;{'user_input': 'Tell me which states count as final in this automaton.', 'intent': 'fsa-practical', 'argument': 'state', 'dialogue_act': 'Ta:request', 'frame': {'states': '?'}};[0.0, 0.2, 0.0, 0.2]
BaseLine;25;Name the state where the machine begins its work.;The initial state is q0.;['simbolo-q0'];-1;-1;False;{'user_input': 'Name the state where the machine begins its work.', 'intent': 'fsa-practical', 'argument': 'state', 'dialogue_act': 'Ta:request', 'frame': {'initialState': '?'}};[1.0, 1.0, 1.0, 1.0]
BaseLine;26;How many different arrows can I see between any two states in this picture?;The automaton has 5 transitions: q0 with value 1 goes to q1, q1 with value 1 goes to q2, q2 with value 0 goes to q3, q3 with value 0 goes to q4, q4 with value 0 goes to q0.;['simbolo-q0-q1', 'simbolo-q1-q2', 'simbolo-q2-q3', 'simbolo-q3-q4', 'simbolo-q4-q0'];-1;-1;False;{'user_input': 'How many different arrows can I see between any two states in this picture?', 'intent': 'fsa-practical', 'argument': 'transition', 'dialogue_act': 'Ta:request', 'frame': {'numberOfTransitions': '?'}};[0.2, 0.9, 0.2, 1.0]
BaseLine;27;What symbols make up the alphabet for the machine you show?;Could you be more specific?;[];-1;-1;False;{'user_input': 'What symbols make up the alphabet for the machine you show?', 'intent': 'fsa-practical', 'argument': 'alphabet', 'dialogue_act': 'Ta:request', 'frame': {'alphabet': '?'}};[0.0, 0.1, 0.0, 1.0]
BaseLine;28;Does this automaton accept every possible binary string?;MUTATION In total there are 5 states: q0, q1, q2, q3 and q4. q0 is both the initial and the final state.;[];-1;-1;True;{'user_input': 'Does this automaton accept every possible binary string?', 'intent': 'fsa-practical', 'argument': 'automaton', 'dialogue_act': 'Ta:propositionalQuestion', 'frame': {'input': 'every possible binary string'}};[0.1, 0.3, 0.2, 1.0]
BaseLine;29;Is this machine deterministic according to the definition we use in class?;MUTATION In total there are 5 states: q0, q1, q2, q3 and q4. q0 is both the initial and the final state.;[];-1;-1;True;{'user_input': 'Is this machine deterministic according to the definition we use in class?', 'intent': 'fsa-practical', 'argument': 'automaton', 'dialogue_act': 'Ta:request', 'frame': {'automatonType': 'deterministic'}};[0.1, 0.2, 0.1, 1.0]
BaseLine;30;Describe the language that this automaton is supposed to recognize.;Could you be more specific?;[];-1;-1;False;{'user_input': 'Describe the language that this automaton is supposed to recognize.', 'intent': 'fsa-practical', 'argument': 'language', 'dialogue_act': 'Ta:request', 'frame': {'language': '?'}};[0.0, 0.1, 0.0, 1.0]
BaseLine;31;Which state has the largest number of arrows touching it?;The automaton has 5 states: q0, q1, q2, q3 and q4.;['simbolo-q0', 'simbolo-q1', 'simbolo-q2', 'simbolo-q3', 'simbolo-q4'];-1;-1;False;{'user_input': 'Which state has the largest number of arrows touching it?', 'intent': 'fsa-practical', 'argument': 'state', 'dialogue_act': 'Ta:request', 'frame': {'states': '?'}};[0.0, 0.2, 0.0, 0.9]
BaseLine;32;Point out any state here that has no outgoing arrows at all.;The automaton has 5 states: q0, q1, q2, q3 and q4.;['simbolo-q0', 'simbolo-q1', 'simbolo-q2', 'simbolo-q3', 'simbolo-q4'];-1;-1;False;{'user_input': 'Point out any state here that has no outgoing arrows at all.', 'intent': 'fsa-practical', 'argument': 'state', 'dialogue_act': 'Ta:request', 'frame': {'states': '?'}};[0.0, 0.1, 0.0, 0.2]
BaseLine;33;If the input is 11000, what does the machine output in the end?;The automaton has 5 states: q0, q1, q2, q3 and q4.;['simbolo-q0', 'simbolo-q1', 'simbolo-q2', 'simbolo-q3', 'simbolo-q4'];-1;-1;False;{'user_input': 'If the input is 11000, what does the machine output in the end?', 'intent': 'fsa-practical', 'argument': 'state', 'dialogue_act': 'Ta:request', 'frame': {'input': '11000'}};[0.1, 0.3, 0.2, 0.9]
BaseLine;34;What kind of pattern through the states do the transitions seem to form visually?;Could you be more specific?;[];-1;-1;False;{'user_input': 'What kind of pattern through the states do the transitions seem to form visually?', 'intent': 'fsa-practical', 'argument': 'pattern', 'dialogue_act': 'Ta:request', 'frame': {'patternType': 'visual'}};[0.1, 0.2, 0.1, 1.0]
BaseLine;35;How many separate arrows, counting all of them in the picture, does this automaton have?;The automaton has 5 states and 5 transitions.;[];-1;-1;False;{'user_input': 'How many separate arrows, counting all of them in the picture, does this automaton have?', 'intent': 'fsa-practical', 'argument': 'automaton', 'dialogue_act': 'Ta:request', 'frame': {'numberOfTransitions': '?'}};[1.0, 1.0, 1.0, 1.0]
BaseLine;36;From q2, can I end up in q4 at all?;There is no transition between q2 and q4.;[];-1;-1;False;{'user_input': 'From q2, can I end up in q4 at all?', 'intent': 'fsa-practical', 'argument': 'transition', 'dialogue_act': 'Ta:propositionalQuestion', 'frame': {'transitions': [['q2', 'q4', '?']]}};[0.2, 0.4, 0.2, 1.0]
BaseLine;37;What label sits on the arrow that goes from q1 to q2?;The transition between q1 and q2 is with value 1.;['simbolo-q1-q2'];-1;-1;False;{'user_input': 'What label sits on the arrow that goes from q1 to q2?', 'intent': 'fsa-practical', 'argument': 'transition', 'dialogue_act': 'Ta:request', 'frame': {'transitions': [['q1', 'q2', '?']]}};[1.0, 1.0, 1.0, 1.0]
BaseLine;38;Tell me which states count as final in this machine.;The final state is q0.;['simbolo-q0'];-1;-1;False;{'user_input': 'Tell me which states count as final in this machine.', 'intent': 'fsa-practical', 'argument': 'state', 'dialogue_act': 'Ta:request', 'frame': {'finalStates': '?'}};[1.0, 1.0, 1.0, 1.0]
BaseLine;39;Show me the exact path the automaton follows on input 11000.;MUTATION In total there are 5 states: q0, q1, q2, q3 and q4. q0 is both the initial and the final state.;[];-1;-1;True;{'user_input': 'Show me the exact path the automaton follows on input 11000.', 'intent': 'fsa-practical', 'argument': None, 'dialogue_act': 'Ta:request', 'frame': {'path': '?'}};[0.1, 0.3, 0.2, 1.0]
BaseLine;40;Is this automaton deterministic or something else?;MUTATION In total there are 5 states: q0, q1, q2, q3 and q4. q0 is both the initial and the final state.;[];-1;-1;True;{'user_input': 'Is this automaton deterministic or something else?', 'intent': 'fsa-practical', 'argument': 'automaton', 'dialogue_act': 'Ta:request', 'frame': {'input': '?'}};[0.0, 0.2, 0.0, 1.0]
BaseLine;41;What word does this automaton accept that starts with 11?;Could you be more specific?;[];-1;-1;False;{'user_input': 'What word does this automaton accept that starts with 11?', 'intent': 'fsa-practical', 'argument': 'language', 'dialogue_act': 'Ta:request', 'frame': {'input': '11'}};[0.0, 0.1, 0.0, 1.0]
BaseLine;42;Which state do we begin in when we run the machine?;The initial state is q0.;['simbolo-q0'];-1;-1;False;{'user_input': 'Which state do we begin in when we run the machine?', 'intent': 'fsa-practical', 'argument': 'state', 'dialogue_act': 'Ta:request', 'frame': {'initialState': '?'}};[1.0, 1.0, 1.0, 1.0]
BaseLine;43;How many different transitions leave state q0 in this picture?;The automaton has 5 transitions: q0 with value 1 goes to q1, q1 with value 1 goes to q2, q2 with value 0 goes to q3, q3 with value 0 goes to q4, q4 with value 0 goes to q0.;['simbolo-q0-q1', 'simbolo-q1-q2', 'simbolo-q2-q3', 'simbolo-q3-q4', 'simbolo-q4-q0'];-1;-1;False;{'user_input': 'How many different transitions leave state q0 in this picture?', 'intent': 'fsa-practical', 'argument': 'transition', 'dialogue_act': 'Ta:request', 'frame': {'numberOfTransitions': '?'}};[0.0, 0.2, 0.0, 0.9]
BaseLine;44;Name every state that appears in the diagram.;The automaton has 5 states: q0, q1, q2, q3 and q4.;['simbolo-q0', 'simbolo-q1', 'simbolo-q2', 'simbolo-q3', 'simbolo-q4'];-1;-1;False;{'user_input': 'Name every state that appears in the diagram.', 'intent': 'fsa-practical', 'argument': 'state', 'dialogue_act': 'Ta:request', 'frame': {'states': '?'}};[1.0, 1.0, 1.0, 1.0]
BaseLine;45;What is the total number of arrows between states in this automaton?;The automaton has 5 transitions: q0 with value 1 goes to q1, q1 with value 1 goes to q2, q2 with value 0 goes to q3, q3 with value 0 goes to q4, q4 with value 0 goes to q0.;['simbolo-q0-q1', 'simbolo-q1-q2', 'simbolo-q2-q3', 'simbolo-q3-q4', 'simbolo-q4-q0'];-1;-1;False;{'user_input': 'What is the total number of arrows between states in this automaton?', 'intent': 'fsa-practical', 'argument': 'transition', 'dialogue_act': 'Ta:request', 'frame': {'numberOfTransitions': '?'}};[1.0, 1.0, 1.0, 1.0]
BaseLine;46;Does the machine accept any string that ends in three zeros?;Could you be more specific?;[];-1;-1;False;{'user_input': 'Does the machine accept any string that ends in three zeros?', 'intent': 'fsa-practical', 'argument': 'language', 'dialogue_act': 'Ta:propositionalQuestion', 'frame': {'input': '?'}};[0.1, 0.2, 0.1, 1.0]
BaseLine;47;What kind of language does this automaton recognize in theory?;Could you be more specific?;[];-1;-1;False;{'user_input': 'What kind of language does this automaton recognize in theory?', 'intent': 'fsa-practical', 'argument': 'language', 'dialogue_act': 'Ta:request', 'frame': {'input': 'theory'}};[0.0, 0.1, 0.0, 1.0]
BaseLine;48;Explain what the transition labeled 0 after q2 does.;the transition is not defined.;[];-1;-1;False;{'user_input': 'Explain what the transition labeled 0 after q2 does.', 'intent': 'fsa-practical', 'argument': 'transition', 'dialogue_act': 'Ta:request', 'frame': {'transitions': [['q2', '?', '0']]}};[0.0, 0.2, 0.0, 1.0]
BaseLine;49;Give me one input that this automaton will reject.;Could you be more specific?;[];-1;-1;False;{'user_input': 'Give me one input that this automaton will reject.', 'intent': 'fsa-practical', 'argument': 'language', 'dialogue_act': 'Ta:request', 'frame': {'input': '?'}};[0.0, 0.1, 0.0, 1.0]
BaseLine;50;Is q0 the only state where the machine can stop and accept?;The automaton has 5 states: q0, q1, q2, q3 and q4.;['simbolo-q0', 'simbolo-q1', 'simbolo-q2', 'simbolo-q3', 'simbolo-q4'];-1;-1;False;{'user_input': 'Is q0 the only state where the machine can stop and accept?', 'intent': 'fsa-practical', 'argument': 'state', 'dialogue_act': 'Ta:request', 'frame': {'state': 'q0'}};[0.1, 0.2, 0.2, 0.3]
BaseLine;51;Can you tell me what happens if I start in q2 and keep going until I reach q0 again?;There is no transition between q2 and q0.;[];-1;-1;False;{'user_input': 'Can you tell me what happens if I start in q2 and keep going until I reach q0 again?', 'intent': 'fsa-practical', 'argument': None, 'dialogue_act': 'Ta:request', 'frame': {'transitions': [['q2', 'q0', '?']]}};[0.2, 0.4, 0.2, 1.0]
BaseLine;52;From q1, which state do I reach when I follow the transition labeled 1?;the transition is not defined.;[];-1;-1;False;{'user_input': 'From q1, which state do I reach when I follow the transition labeled 1?', 'intent': 'fsa-practical', 'argument': 'transition', 'dialogue_act': 'Ta:request', 'frame': {'transitions': [['q1', '?', '1']]}};[0.0, 0.9, 0.0, 1.0]
BaseLine;53;Is there any way to move directly from q2 to q4 in this automaton?;There is no transition between q2 and q4.;[];-1;-1;False;{'user_input': 'Is there any way to move directly from q2 to q4 in this automaton?', 'intent': 'fsa-practical', 'argument': 'transition', 'dialogue_act': 'Ta:propositionalQuestion', 'frame': {'transitions': [['q2', 'q4', '?']]}};[1.0, 1.0, 1.0, 1.0]
BaseLine;54;Show me all the transitions that begin at state q3.;the transition is not defined.;[];-1;-1;False;{'user_input': 'Show me all the transitions that begin at state q3.', 'intent': 'fsa-practical', 'argument': 'transition', 'dialogue_act': 'Ta:request', 'frame': {'transitions': [['q3', '?', '?']]}};[0.0, 0.2, 0.0, 0.9]
BaseLine;55;I want to know the total number of states drawn in this machine.;This automaton has 5 states.;['simbolo-q0', 'simbolo-q1', 'simbolo-q2', 'simbolo-q3', 'simbolo-q4'];-1;-1;False;{'user_input': 'I want to know the total number of states drawn in this machine.', 'intent': 'fsa-practical', 'argument': 'state', 'dialogue_act': 'Ta:request', 'frame': {'numberOfStates': '?'}};[1.0, 1.0, 1.0, 1.0]
BaseLine;56;Tell me which states are final in this automaton.;The final state is q0.;['simbolo-q0'];-1;-1;False;{'user_input': 'Tell me which states are final in this automaton.', 'intent': 'fsa-practical', 'argument': 'state', 'dialogue_act': 'Ta:request', 'frame': {'finalStates': '?'}};[1.0, 1.0, 1.0, 1.0]
BaseLine;57;Which state is the starting point of the automaton in the picture?;The initial state is q0.;['simbolo-q0'];-1;-1;False;{'user_input': 'Which state is the starting point of the automaton in the picture?', 'intent': 'fsa-practical', 'argument': 'state', 'dialogue_act': 'Ta:request', 'frame': {'initialState': '?'}};[1.0, 1.0, 1.0, 1.0]
BaseLine;58;What kind of language does this automaton accept according to theory?;Could you be more specific?;[];-1;-1;False;{'user_input': 'What kind of language does this automaton accept according to theory?', 'intent': 'fsa-practical', 'argument': 'language', 'dialogue_act': 'Ta:request', 'frame': {'input': '?'}};[0.0, 0.1, 0.0, 1.0]
BaseLine;59;Explain what the alphabet of this automaton is supposed to be.;Could you be more specific?;[];-1;-1;False;{'user_input': 'Explain what the alphabet of this automaton is supposed to be.', 'intent': 'fsa-practical', 'argument': 'alphabet', 'dialogue_act': 'Ta:request', 'frame': {'alphabet': '?'}};[0.0, 0.1, 0.0, 1.0]
BaseLine;60;Tell me whether this automaton is deterministic or not.;MUTATION In total there are 5 states: q0, q1, q2, q3 and q4. q0 is both the initial and the final state.;[];-1;-1;True;{'user_input': 'Tell me whether this automaton is deterministic or not.', 'intent': 'fsa-practical', 'argument': 'automaton', 'dialogue_act': 'Ta:propositionalQuestion', 'frame': {'input': 'automatonType'}};[0.0, 0.2, 0.0, 1.0]
BaseLine;61;Please give me one example of an input string that this automaton would accept.;Could you be more specific?;[];-1;-1;False;{'user_input': 'Please give me one example of an input string that this automaton would accept.', 'intent': 'fsa-practical', 'argument': 'language', 'dialogue_act': 'Ta:request', 'frame': {'input': '?'}};[0.0, 0.1, 0.0, 1.0]
BaseLine;62;What output should the automaton give after reading the input 11000 from q0?;The automaton has 5 states: q0, q1, q2, q3 and q4.;['simbolo-q0', 'simbolo-q1', 'simbolo-q2', 'simbolo-q3', 'simbolo-q4'];-1;-1;False;{'user_input': 'What output should the automaton give after reading the input 11000 from q0?', 'intent': 'fsa-practical', 'argument': 'state', 'dialogue_act': 'Ta:request', 'frame': {'input': '11000'}};[0.1, 0.3, 0.2, 0.9]
BaseLine;63;Show me the transition that takes the automaton back to q0.;The automaton has 5 transitions: q0 with value 1 goes to q1, q1 with value 1 goes to q2, q2 with value 0 goes to q3, q3 with value 0 goes to q4, q4 with value 0 goes to q0.;['simbolo-q0-q1', 'simbolo-q1-q2', 'simbolo-q2-q3', 'simbolo-q3-q4', 'simbolo-q4-q0'];-1;-1;False;{'user_input': 'Show me the transition that takes the automaton back to q0.', 'intent': 'fsa-practical', 'argument': 'transition', 'dialogue_act': 'Ta:request', 'frame': {'transitions': []}};[0.4, 0.5, 0.5, 0.2]
BaseLine;64;Which state in this diagram has the most transitions connected to it?;The automaton has 5 states: q0, q1, q2, q3 and q4.;['simbolo-q0', 'simbolo-q1', 'simbolo-q2', 'simbolo-q3', 'simbolo-q4'];-1;-1;False;{'user_input': 'Which state in this diagram has the most transitions connected to it?', 'intent': 'fsa-practical', 'argument': 'state', 'dialogue_act': 'Ta:request', 'frame': {'input': '?'}};[0.0, 0.2, 0.0, 0.3]
BaseLine;65;Tell me how many transitions in total are shown in this finite state machine.;The automaton has 5 transitions: q0 with value 1 goes to q1, q1 with value 1 goes to q2, q2 with value 0 goes to q3, q3 with value 0 goes to q4, q4 with value 0 goes to q0.;['simbolo-q0-q1', 'simbolo-q1-q2', 'simbolo-q2-q3', 'simbolo-q3-q4', 'simbolo-q4-q0'];-1;-1;False;{'user_input': 'Tell me how many transitions in total are shown in this finite state machine.', 'intent': 'fsa-practical', 'argument': 'transition', 'dialogue_act': 'Ta:request', 'frame': {'numberOfTransitions': '?'}};[1.0, 1.0, 1.0, 1.0]
BaseLine;-9;Can I jump directly from q2 to q4 in this automaton?;There is no transition between q2 and q4.;[];-1;-1;False;{'user_input': 'Can I jump directly from q2 to q4 in this automaton?', 'intent': 'fsa-practical', 'argument': 'transition', 'dialogue_act': 'Ta:request', 'frame': {'transitions': [['q2', 'q4', '?']]}};[1.0, 1.0, 1.0, 1.0]
BaseLine;-8;What label is on the arrow that goes from q1 to q2?;The transition between q1 and q2 is with value 1.;['simbolo-q1-q2'];-1;-1;False;{'user_input': 'What label is on the arrow that goes from q1 to q2?', 'intent': 'fsa-practical', 'argument': 'transition', 'dialogue_act': 'Ta:request', 'frame': {'transitions': [['q1', 'q2', '?']]}};[1.0, 1.0, 1.0, 1.0]
BaseLine;-7;Tell me which state is both the starting point and an accepting state.;The automaton has 5 states: q0, q1, q2, q3 and q4.;['simbolo-q0', 'simbolo-q1', 'simbolo-q2', 'simbolo-q3', 'simbolo-q4'];-1;-1;False;{'user_input': 'Tell me which state is both the starting point and an accepting state.', 'intent': 'fsa-practical', 'argument': 'state', 'dialogue_act': 'Ta:request', 'frame': {'states': '?'}};[0.0, 0.3, 0.2, 0.2]
BaseLine;-6;Show me the full list of states that appear in this picture.;The automaton has 5 states: q0, q1, q2, q3 and q4.;['simbolo-q0', 'simbolo-q1', 'simbolo-q2', 'simbolo-q3', 'simbolo-q4'];-1;-1;False;{'user_input': 'Show me the full list of states that appear in this picture.', 'intent': 'fsa-practical', 'argument': 'state', 'dialogue_act': 'Ta:request', 'frame': {'states': '?'}};[1.0, 1.0, 1.0, 1.0]
BaseLine;-5;How many arrows in total leave from all the states here?;The automaton has 5 transitions: q0 with value 1 goes to q1, q1 with value 1 goes to q2, q2 with value 0 goes to q3, q3 with value 0 goes to q4, q4 with value 0 goes to q0.;['simbolo-q0-q1', 'simbolo-q1-q2', 'simbolo-q2-q3', 'simbolo-q3-q4', 'simbolo-q4-q0'];-1;-1;False;{'user_input': 'How many arrows in total leave from all the states here?', 'intent': 'fsa-practical', 'argument': 'transition', 'dialogue_act': 'Ta:request', 'frame': {'numberOfTransitions': '?'}};[1.0, 1.0, 1.0, 1.0]
BaseLine;-4;What word made of 1s and 0s sends the machine back to q0 after visiting every other state once?;Could you be more specific?;[];-1;-1;False;{'user_input': 'What word made of 1s and 0s sends the machine back to q0 after visiting every other state once?', 'intent': 'fsa-practical', 'argument': 'pattern', 'dialogue_act': 'Ta:request', 'frame': {'patternType': '01...0'}};[0.0, 0.1, 0.0, 1.0]
BaseLine;-3;Is this machine meant to accept a regular language or something else?;Could you be more specific?;[];-1;-1;False;{'user_input': 'Is this machine meant to accept a regular language or something else?', 'intent': 'fsa-practical', 'argument': 'language', 'dialogue_act': 'Ta:request', 'frame': {'input': '?'}};[0.1, 0.1, 0.1, 1.0]
BaseLine;-2;Does this automaton count as deterministic based on the drawing?;MUTATION In total there are 5 states: q0, q1, q2, q3 and q4. q0 is both the initial and the final state.;[];-1;-1;True;{'user_input': 'Does this automaton count as deterministic based on the drawing?', 'intent': 'fsa-practical', 'argument': 'automaton', 'dialogue_act': 'Ta:request', 'frame': {'graphicRepresentation': '?'}};[0.0, 0.2, 0.0, 1.0]
BaseLine;-1;Which states in this diagram are final, according to the notation used?;The final state is q0.;['simbolo-q0'];-1;-1;False;{'user_input': 'Which states in this diagram are final, according to the notation used?', 'intent': 'fsa-practical', 'argument': 'state', 'dialogue_act': 'Ta:request', 'frame': {'states': '?', 'finalStates': '?'}};[1.0, 1.0, 1.0, 1.0]
BaseLine;0;From q3, what single input symbol takes me to the next state?;the transition is not defined.;[];-1;-1;False;{'user_input': 'From q3, what single input symbol takes me to the next state?', 'intent': 'fsa-practical', 'argument': 'transition', 'dialogue_act': 'Ta:request', 'frame': {'transitions': [['q3', '?', '?']]}};[0.0, 0.2, 0.0, 1.0]
BaseLine;1;What is the smallest number of transitions needed to return to q0 after leaving it?;The automaton has 5 transitions: q0 with value 1 goes to q1, q1 with value 1 goes to q2, q2 with value 0 goes to q3, q3 with value 0 goes to q4, q4 with value 0 goes to q0.;['simbolo-q0-q1', 'simbolo-q1-q2', 'simbolo-q2-q3', 'simbolo-q3-q4', 'simbolo-q4-q0'];-1;-1;False;{'user_input': 'What is the smallest number of transitions needed to return to q0 after leaving it?', 'intent': 'fsa-practical', 'argument': 'transition', 'dialogue_act': 'Ta:request', 'frame': {'numberOfTransitions': '?'}};[0.0, 0.4, 0.0, 1.0]
BaseLine;2;Give me the alphabet that this machine seems to use.;Could you be more specific?;[];-1;-1;False;{'user_input': 'Give me the alphabet that this machine seems to use.', 'intent': 'fsa-practical', 'argument': 'alphabet', 'dialogue_act': 'Ta:request', 'frame': {'alphabet': '?'}};[0.0, 0.1, 0.0, 1.0]
BaseLine;3;What output do we consider when the run ends in q1?;the transition is not defined.;[];-1;-1;False;{'user_input': 'What output do we consider when the run ends in q1?', 'intent': 'fsa-practical', 'argument': 'transition', 'dialogue_act': 'Ta:request', 'frame': {'transitions': [['q1', '?', '?']]}};[0.2, 0.9, 0.3, 1.0]
BaseLine;4;Tell me how many final states this automaton has.;The automaton has 5 states: q0, q1, q2, q3 and q4.;['simbolo-q0', 'simbolo-q1', 'simbolo-q2', 'simbolo-q3', 'simbolo-q4'];-1;-1;False;{'user_input': 'Tell me how many final states this automaton has.', 'intent': 'fsa-practical', 'argument': 'state', 'dialogue_act': 'Ta:request', 'frame': {'numberOfFinalStates': '?'}};[0.0, 0.2, 0.0, 0.2]
BaseLine;5;What kind of pattern do the transitions form when I follow 11000 starting at q0?;Could you be more specific?;[];-1;-1;False;{'user_input': 'What kind of pattern do the transitions form when I follow 11000 starting at q0?', 'intent': 'fsa-practical', 'argument': 'pattern', 'dialogue_act': 'Ta:request', 'frame': {'patternType': 'transitions'}};[0.0, 0.1, 0.0, 1.0]
BaseLine;6;Can you tell me what happens from q1 if I read another 1?;There is no transition between q1 and q1.;[];-1;-1;False;{'user_input': 'Can you tell me what happens from q1 if I read another 1?', 'intent': 'fsa-practical', 'argument': 'transition', 'dialogue_act': 'Ta:request', 'frame': {'transitions': [['q1', 'q1', '?', '1']]}};[0.9, 1.0, 1.0, 1.0]
BaseLine;7;From q3, where do I end up after one more 0?;There is no transition between q3 and q3.;[];-1;-1;False;{'user_input': 'From q3, where do I end up after one more 0?', 'intent': 'fsa-practical', 'argument': 'transition', 'dialogue_act': 'Ta:propositionalQuestion', 'frame': {'transitions': [['q3', 'q3', 'input:0']]}};[0.0, 0.2, 0.0, 0.9]
BaseLine;8;Is there any way at all to jump directly from q2 to q4?;There is no transition between q2 and q4.;[];-1;-1;False;{'user_input': 'Is there any way at all to jump directly from q2 to q4?', 'intent': 'fsa-practical', 'argument': 'transition', 'dialogue_act': 'Ta:propositionalQuestion', 'frame': {'transitions': [['q2', 'q4', '?']]}};[1.0, 1.0, 1.0, 1.0]
BaseLine;9;What is the label on the transition that leaves q0 toward q1?;The transition between q0 and q1 is with value 1.;['simbolo-q0-q1'];-1;-1;False;{'user_input': 'What is the label on the transition that leaves q0 toward q1?', 'intent': 'fsa-practical', 'argument': 'transition', 'dialogue_act': 'Ta:request', 'frame': {'transitions': [['q0', 'q1', '?']]}};[1.0, 1.0, 1.0, 1.0]
BaseLine;10;Show me which of these states counts as both starting and accepting;The automaton has 5 states: q0, q1, q2, q3 and q4.;['simbolo-q0', 'simbolo-q1', 'simbolo-q2', 'simbolo-q3', 'simbolo-q4'];-1;-1;False;{'user_input': 'Show me which of these states counts as both starting and accepting', 'intent': 'fsa-practical', 'argument': 'state', 'dialogue_act': 'Ta:request', 'frame': {'states': '?'}};[0.0, 0.2, 0.0, 0.2]
BaseLine;11;Which state comes right after q2 when the input symbol is 0?;The automaton has 5 states: q0, q1, q2, q3 and q4.;['simbolo-q0', 'simbolo-q1', 'simbolo-q2', 'simbolo-q3', 'simbolo-q4'];-1;-1;False;{'user_input': 'Which state comes right after q2 when the input symbol is 0?', 'intent': 'fsa-practical', 'argument': 'state', 'dialogue_act': 'Ta:request', 'frame': {'stateAfter': 'q2', 'input': '0'}};[0.0, 0.2, 0.0, 0.3]
BaseLine;12;Tell me how many total transitions this little machine actually uses;The automaton has 5 transitions: q0 with value 1 goes to q1, q1 with value 1 goes to q2, q2 with value 0 goes to q3, q3 with value 0 goes to q4, q4 with value 0 goes to q0.;['simbolo-q0-q1', 'simbolo-q1-q2', 'simbolo-q2-q3', 'simbolo-q3-q4', 'simbolo-q4-q0'];-1;-1;False;{'user_input': 'Tell me how many total transitions this little machine actually uses', 'intent': 'fsa-practical', 'argument': 'transition', 'dialogue_act': 'Ta:request', 'frame': {'numberOfTransitions': '?'}};[1.0, 1.0, 1.0, 1.0]
BaseLine;13;Point out every state that is not final in this automaton;The automaton has 5 states: q0, q1, q2, q3 and q4.;['simbolo-q0', 'simbolo-q1', 'simbolo-q2', 'simbolo-q3', 'simbolo-q4'];-1;-1;False;{'user_input': 'Point out every state that is not final in this automaton', 'intent': 'fsa-practical', 'argument': 'state', 'dialogue_act': 'Ta:request', 'frame': {'nonFinalStates': '?'}};[0.0, 0.2, 0.0, 0.2]
BaseLine;14;What kind of language does this automaton recognize in theory?;Could you be more specific?;[];-1;-1;False;{'user_input': 'What kind of language does this automaton recognize in theory?', 'intent': 'fsa-practical', 'argument': 'language', 'dialogue_act': 'Ta:request', 'frame': {'input': 'theory'}};[0.0, 0.1, 0.0, 1.0]
BaseLine;15;I want to know if this automaton is deterministic or not;MUTATION In total there are 5 states: q0, q1, q2, q3 and q4. q0 is both the initial and the final state.;[];-1;-1;True;{'user_input': 'I want to know if this automaton is deterministic or not', 'intent': 'fsa-practical', 'argument': 'automaton', 'dialogue_act': 'Ta:propositionalQuestion', 'frame': {'input': 'automatonType'}};[0.1, 0.2, 0.2, 1.0]
BaseLine;16;Describe the shortest input that returns the machine to q0;Could you be more specific?;[];-1;-1;False;{'user_input': 'Describe the shortest input that returns the machine to q0', 'intent': 'fsa-practical', 'argument': 'pattern', 'dialogue_act': 'Ta:request', 'frame': {'shortestInput': '?'}};[0.0, 0.1, 0.0, 1.0]
BaseLine;17;List the symbols that form the alphabet for this automaton;Could you be more specific?;[];-1;-1;False;{'user_input': 'List the symbols that form the alphabet for this automaton', 'intent': 'fsa-practical', 'argument': 'alphabet', 'dialogue_act': 'Ta:request', 'frame': {'alphabet': '?'}};[0.0, 0.1, 0.0, 1.0]
BaseLine;18;Give me one example of a word that this automaton would reject;Could you be more specific?;[];-1;-1;False;{'user_input': 'Give me one example of a word that this automaton would reject', 'intent': 'fsa-practical', 'argument': 'language', 'dialogue_act': 'Ta:request', 'frame': {'input': '?'}};[0.0, 0.1, 0.0, 1.0]
BaseLine;19;Explain which state is the only final state visible in the picture;The automaton has 5 states: q0, q1, q2, q3 and q4.;['simbolo-q0', 'simbolo-q1', 'simbolo-q2', 'simbolo-q3', 'simbolo-q4'];-1;-1;False;{'user_input': 'Explain which state is the only final state visible in the picture', 'intent': 'fsa-practical', 'argument': 'state', 'dialogue_act': 'Ta:request', 'frame': {'states': '?'}};[0.0, 0.2, 0.0, 0.3]
BaseLine;20;Identify the state that you enter after reading three consecutive 0s from q2;The automaton has 5 states: q0, q1, q2, q3 and q4.;['simbolo-q0', 'simbolo-q1', 'simbolo-q2', 'simbolo-q3', 'simbolo-q4'];-1;-1;False;{'user_input': 'Identify the state that you enter after reading three consecutive 0s from q2', 'intent': 'fsa-practical', 'argument': 'state', 'dialogue_act': 'Ta:request', 'frame': {'states': ['q2', '?']}};[0.0, 0.2, 0.0, 0.3]
