METRIC;ITERATION;QUESTION;ANSWER;VISUAL_ANSWER;JUDGE_VALUE;FAILS;MUTED;NLU_OUTPUT
Accuracy;1;Is it possible to go from q2 to q4 in the automaton shown?;The automaton accepts zero or more words formed by a sequence of the type 11000. In total there are 5 states: q0, q1, q2, q3 and q4. q0 is both the initial and the final state. The transitions are: q0 with value 1 goes to q1, q1 with value 1 goes to q2, q2 with value 0 goes to q3, q3 with value 0 goes to q4, q4 with value 0 goes to q0.;[];0.2;1;False;{'user_input': 'Is it possible to go from q2 to q4 in the automaton shown?', 'intent': 'fsa-practical', 'argument': None, 'dialogue_act': 'Ta:propositionalQuestion', 'frame': {}}
Accuracy;1;can you give me a practical exercise on this finite state automaton?;The automaton accepts zero or more words formed by a sequence of the type 11000. In total there are 5 states: q0, q1, q2, q3 and q4. q0 is both the initial and the final state. The transitions are: q0 with value 1 goes to q1, q1 with value 1 goes to q2, q2 with value 0 goes to q3, q3 with value 0 goes to q4, q4 with value 0 goes to q0.;[];0.4;1;False;{'user_input': 'can you give me a practical exercise on this finite state automaton?', 'intent': 'fsa-practical', 'argument': 'automaton', 'dialogue_act': 'Ta:request', 'frame': {'transitions': [], 'initialState': '?', 'finalStates': '?'}}
Accuracy;1;what is the purpose of the final state in this finite state automaton?;The final state is q0.;['simbolo-q0'];0.1;2;False;{'user_input': 'what is the purpose of the final state in this finite state automaton?', 'intent': 'fsa-practical', 'argument': 'state', 'dialogue_act': 'Ta:request', 'frame': {'finalStates': '?'}}
Accuracy;1;Which state does the automaton reach when it follows a clockwise pattern?;The state q0 exists.;['simbolo-q0'];0.2;3;False;{'user_input': 'Which state does the automaton reach when it follows a clockwise pattern?', 'intent': 'fsa-practical', 'argument': 'state', 'dialogue_act': 'Ta:request', 'frame': {'states': '?'}}
Accuracy;1;What type of automaton is this finite state machine?;The automaton accepts zero or more words formed by a sequence of the type 11000. In total there are 5 states: q0, q1, q2, q3 and q4. q0 is both the initial and the final state. The transitions are: q0 with value 1 goes to q1, q1 with value 1 goes to q2, q2 with value 0 goes to q3, q3 with value 0 goes to q4, q4 with value 0 goes to q0.;[];0.2;4;False;{'user_input': 'What type of automaton is this finite state machine?', 'intent': 'fsa-practical', 'argument': 'automaton', 'dialogue_act': 'Ta:request', 'frame': {'type': 'automatonType'}}
Accuracy;1;Hi again! For this automaton, what are its final states?;The final state is q0.;['simbolo-q0'];1.0;4;False;{'user_input': 'Hi again! For this automaton, what are its final states?', 'intent': 'fsa-practical', 'argument': 'state', 'dialogue_act': 'Ta:request', 'frame': {'finalStates': '?'}}
Accuracy;1;what are the final states of this automaton?;The final state is q0.;['simbolo-q0'];1.0;4;False;{'user_input': 'what are the final states of this automaton?', 'intent': 'fsa-practical', 'argument': 'state', 'dialogue_act': 'Ta:request', 'frame': {'finalStates': '?'}}
Accuracy;1;"Thank you for explaining the states; could you tell me what the final states of this automaton are?";The final state is q0.;['simbolo-q0'];1.0;4;False;"{'user_input': 'Thank you for explaining the states; could you tell me what the final states of this automaton are?', 'intent': 'fsa-practical', 'argument': 'state', 'dialogue_act': 'Ta:propositionalQuestion', 'frame': {'finalStates': '?'}}"
Accuracy;2;What is the value on the transition from q1 to q2?;The transition between q1 and q2 is with value 1.;['simbolo-q1-q2'];1.0;0;False;{'user_input': 'What is the value on the transition from q1 to q2?', 'intent': 'fsa-practical', 'argument': 'transition', 'dialogue_act': 'Ta:request', 'frame': {'transitions': [['q1', 'q2', '?']]}}
Accuracy;2;what is the label of this?;The automaton has 5 states: q0, q1, q2, q3 and q4.;['simbolo-q0', 'simbolo-q1', 'simbolo-q2', 'simbolo-q3', 'simbolo-q4'];0.1;1;False;{'user_input': 'what is the label of this?', 'intent': 'fsa-practical', 'argument': 'state', 'dialogue_act': 'Ta:request', 'frame': {'states': ['?'], 'transitions': [['q1', 'q2', '?']]}, '_raw_frame': {'states': '?'}}
Accuracy;2;Which state in the automaton has no outgoing transitions? I think it is q3.;The automaton has 5 states: q0, q1, q2, q3 and q4.;['simbolo-q0', 'simbolo-q1', 'simbolo-q2', 'simbolo-q3', 'simbolo-q4'];0.0;2;False;{'user_input': 'Which state in the automaton has no outgoing transitions? I think it is q3.', 'intent': 'fsa-practical', 'argument': 'state', 'dialogue_act': 'Ta:request', 'frame': {'stateWithNoTransitions': 'q3'}}
Accuracy;2;"thank you for helping me understand the automaton’s states; i see that q3 is the state without outgoing transitions.";The automaton has 5 states: q0, q1, q2, q3 and q4.;['simbolo-q0', 'simbolo-q1', 'simbolo-q2', 'simbolo-q3', 'simbolo-q4'];0.2;3;False;"{'user_input': 'thank you for helping me understand the automaton’s states; i see that q3 is the state without outgoing transitions.', 'intent': 'fsa-practical', 'argument': 'state', 'dialogue_act': 'Ta:propositionalQuestion', 'frame': {'state': 'q3'}}"
Accuracy;2;hi, could you tell me which state has no outgoing transitions, for example is it q3?;The automaton has 5 states: q0, q1, q2, q3 and q4.;['simbolo-q0', 'simbolo-q1', 'simbolo-q2', 'simbolo-q3', 'simbolo-q4'];0.1;4;False;{'user_input': 'hi, could you tell me which state has no outgoing transitions, for example is it q3?', 'intent': 'fsa-practical', 'argument': 'state', 'dialogue_act': 'Ta:request', 'frame': {'stateWithNoTransitions': '?'}}
Accuracy;2;Which state in this automaton has no outgoing transitions?;The automaton has 5 states: q0, q1, q2, q3 and q4.;['simbolo-q0', 'simbolo-q1', 'simbolo-q2', 'simbolo-q3', 'simbolo-q4'];0.0;5;False;{'user_input': 'Which state in this automaton has no outgoing transitions?', 'intent': 'fsa-practical', 'argument': 'state', 'dialogue_act': 'Ta:request', 'frame': {'state': '?'}}
Accuracy;2;What are the states of this automaton?;The state q0 exists.;['simbolo-q0'];0.2;6;False;{'user_input': 'What are the states of this automaton?', 'intent': 'fsa-practical', 'argument': 'state', 'dialogue_act': 'Ta:request', 'frame': {'states': '?'}}
Accuracy;2;What is the state q2 in this finite state automaton?;The state q0 exists.;['simbolo-q0'];0.0;7;False;{'user_input': 'What is the state q2 in this finite state automaton?', 'intent': 'fsa-practical', 'argument': 'state', 'dialogue_act': 'Ta:request', 'frame': {'states': 'q2'}}
Accuracy;2;Can you show me information about state q2 in this automaton?;The automaton has 5 states: q0, q1, q2, q3 and q4.;['simbolo-q0', 'simbolo-q1', 'simbolo-q2', 'simbolo-q3', 'simbolo-q4'];0.2;8;False;{'user_input': 'Can you show me information about state q2 in this automaton?', 'intent': 'fsa-practical', 'argument': 'state', 'dialogue_act': 'Ta:request', 'frame': {'state': 'q2'}}
Accuracy;2;Which states does this automaton have if its alphabet is [“1”, “0”]?;The automaton has 5 states: q0, q1, q2, q3 and q4.;['simbolo-q0', 'simbolo-q1', 'simbolo-q2', 'simbolo-q3', 'simbolo-q4'];1.0;8;False;{'user_input': 'Which states does this automaton have if its alphabet is [“1”, “0”]?', 'intent': 'fsa-practical', 'argument': 'state', 'dialogue_act': 'Ta:request', 'frame': {'alphabet': '1'}}
Accuracy;2;Thank you for explaining the state q2 of this finite state automaton to me.;The state q0 exists.;['simbolo-q0'];0.0;9;False;{'user_input': 'Thank you for explaining the state q2 of this finite state automaton to me.', 'intent': 'fsa-practical', 'argument': 'state', 'dialogue_act': 'Ta:propositionalQuestion', 'frame': {'states': 'q2'}}
Accuracy;2;what is the role of this in this automaton?;The state q2 exists.;['simbolo-q2'];0.0;10;False;{'user_input': 'what is the role of this in this automaton?', 'intent': 'fsa-practical', 'argument': 'state', 'dialogue_act': 'Ta:request', 'frame': {'states': ['q2']}, '_raw_frame': {'state': '?'}}
Accuracy;2;What is the optimal spatial representation of the states in this finite state automaton?;Could you be more specific?;[];0.1;11;False;{'user_input': 'What is the optimal spatial representation of the states in this finite state automaton?', 'intent': 'fsa-practical', 'argument': 'pattern', 'dialogue_act': 'Ta:request', 'frame': {'optimalSpatialRepresentation': '?'}}
Accuracy;2;Which states does the automaton include, and in particular what can you tell me about state q2?;The automaton accepts zero or more words formed by a sequence of the type 11000. In total there are 5 states: q0, q1, q2, q3 and q4. q0 is both the initial and the final state. The transitions are: q0 with value 1 goes to q1, q1 with value 1 goes to q2, q2 with value 0 goes to q3, q3 with value 0 goes to q4, q4 with value 0 goes to q0.;[];0.9;11;False;{'user_input': 'Which states does the automaton include, and in particular what can you tell me about state q2?', 'intent': None, 'argument': None, 'dialogue_act': None, 'frame': {}}
Accuracy;2;does this automaton ever return to this after passing through the other states, or does that pattern of states not exist?;Could you be more specific?;[];0.1;12;False;{'user_input': 'does this automaton ever return to this after passing through the other states, or does that pattern of states not exist?', 'intent': 'fsa-practical', 'argument': 'pattern', 'dialogue_act': 'Ta:propositionalQuestion', 'frame': {'states': ['q0']}, '_raw_frame': {'patternType': '?'}}
Accuracy;3;Does this automaton accept the input string 11000?;Could you be more specific?;[];0.0;1;False;{'user_input': 'Does this automaton accept the input string 11000?', 'intent': 'fsa-practical', 'argument': 'language', 'dialogue_act': 'Ta:propositionalQuestion', 'frame': {'input': '11000'}}
Accuracy;3;What is the language accepted by this automaton for the input 11000?;Could you be more specific?;[];0.0;2;False;{'user_input': 'What is the language accepted by this automaton for the input 11000?', 'intent': 'fsa-practical', 'argument': 'language', 'dialogue_act': 'Ta:request', 'frame': {'input': '11000'}}
Accuracy;3;what is the language accepted by this automaton for the input 11000?;Could you be more specific?;[];0.0;3;False;{'user_input': 'what is the language accepted by this automaton for the input 11000?', 'intent': 'fsa-practical', 'argument': 'language', 'dialogue_act': 'Ta:request', 'frame': {'input': '11000'}}
Accuracy;3;What is the language accepted by this automaton for the input 11000?;Could you be more specific?;[];0.0;4;False;{'user_input': 'What is the language accepted by this automaton for the input 11000?', 'intent': 'fsa-practical', 'argument': 'language', 'dialogue_act': 'Ta:request', 'frame': {'input': '11000'}}
Accuracy;3;What is the language accepted by this automaton, in particular considering its final states?;Could you be more specific?;[];0.0;5;False;{'user_input': 'What is the language accepted by this automaton, in particular considering its final states?', 'intent': 'fsa-practical', 'argument': 'language', 'dialogue_act': 'Ta:request', 'frame': {'finalStates': '?'}}
Accuracy;3;What is the language accepted by this automaton, in particular which strings lead to the final states?;Could you be more specific?;[];0.0;6;False;{'user_input': 'What is the language accepted by this automaton, in particular which strings lead to the final states?', 'intent': 'fsa-practical', 'argument': 'language', 'dialogue_act': 'Ta:request', 'frame': {}}
Accuracy;3;"Yes, I accept the turn; could you explain the language recognized by this automaton in practical terms?";The automaton accepts zero or more words formed by a sequence of the type 11000. In total there are 5 states: q0, q1, q2, q3 and q4. q0 is both the initial and the final state. The transitions are: q0 with value 1 goes to q1, q1 with value 1 goes to q2, q2 with value 0 goes to q3, q3 with value 0 goes to q4, q4 with value 0 goes to q0.;[];0.9;6;False;"{'user_input': 'Yes, I accept the turn; could you explain the language recognized by this automaton in practical terms?', 'intent': 'fsa-practical', 'argument': None, 'dialogue_act': 'Ta:request', 'frame': {}}"
Accuracy;3;Which input pattern does this automaton recognize?;Could you be more specific?;[];0.0;7;False;{'user_input': 'Which input pattern does this automaton recognize?', 'intent': 'fsa-practical', 'argument': 'language', 'dialogue_act': 'Ta:request', 'frame': {'input': '?'}}
Accuracy;3;What is the language accepted by this automaton over the alphabet [“1”, “0”]?;Could you be more specific?;[];0.0;8;False;{'user_input': 'What is the language accepted by this automaton over the alphabet [“1”, “0”]?', 'intent': 'fsa-practical', 'argument': 'language', 'dialogue_act': 'Ta:request', 'frame': {'alphabet': '1'}}
Accuracy;3;What is the language recognized by this automaton if its graphical representation is a triangle?;Could you be more specific?;[];0.1;9;False;{'user_input': 'What is the language recognized by this automaton if its graphical representation is a triangle?', 'intent': 'fsa-practical', 'argument': 'language', 'dialogue_act': 'Ta:request', 'frame': {'graphicRepresentation': 'triangle'}}
Accuracy;3;before i leave, can you tell me what is the language recognized by this automaton if the alphabet is only {1}?;Could you be more specific?;[];0.0;10;False;{'user_input': 'before i leave, can you tell me what is the language recognized by this automaton if the alphabet is only {1}?', 'intent': 'fsa-practical', 'argument': 'language', 'dialogue_act': 'Ta:request', 'frame': {'alphabet': '1'}}
Accuracy;3;What is the language of the automaton if the alphabet only contains the symbol 1?;Could you be more specific?;[];0.0;11;False;{'user_input': 'What is the language of the automaton if the alphabet only contains the symbol 1?', 'intent': 'fsa-practical', 'argument': 'language', 'dialogue_act': 'Ta:request', 'frame': {'alphabet': ['1']}}
Accuracy;3;What is the language recognized by the automaton starting from state q2?;Could you be more specific?;[];0.0;12;False;{'user_input': 'What is the language recognized by the automaton starting from state q2?', 'intent': 'fsa-practical', 'argument': 'language', 'dialogue_act': 'Ta:request', 'frame': {'initialState': 'q2'}}
Accuracy;3;from this, what is the language accepted by this automaton?;Could you be more specific?;[];0.0;13;False;{'user_input': 'from this, what is the language accepted by this automaton?', 'intent': 'fsa-practical', 'argument': 'language', 'dialogue_act': 'Ta:request', 'frame': {'states': ['q3']}, '_raw_frame': {'language': '?'}}
Accuracy;3;hi, could you explain the language recognized by this automaton, focusing on the behavior starting from this?;Could you be more specific?;[];0.1;14;False;{'user_input': 'hi, could you explain the language recognized by this automaton, focusing on the behavior starting from this?', 'intent': 'fsa-practical', 'argument': 'language', 'dialogue_act': 'Ta:request', 'frame': {'states': ['q3']}, '_raw_frame': {'input': '?'}}
Accuracy;4;Is q0 the only final state in this automaton?;The final state is q0.;['simbolo-q0'];1.0;0;False;{'user_input': 'Is q0 the only final state in this automaton?', 'intent': 'fsa-practical', 'argument': 'state', 'dialogue_act': 'Ta:request', 'frame': {'finalStates': 'q0'}}
Accuracy;4;in this automaton, which state is the final state? i think it is q0.;The final state is q0.;['simbolo-q0'];1.0;0;False;{'user_input': 'in this automaton, which state is the final state? i think it is q0.', 'intent': 'fsa-practical', 'argument': 'state', 'dialogue_act': 'Ta:request', 'frame': {'finalStates': 'q0'}}
Accuracy;4;Set the question about the states of this automaton by specifying that the only final state is q0.;The state q0 exists.;['simbolo-q0'];0.1;1;False;{'user_input': 'Set the question about the states of this automaton by specifying that the only final state is q0.', 'intent': 'fsa-practical', 'argument': 'state', 'dialogue_act': 'Ta:request', 'frame': {'states': 'q0'}}
Accuracy;4;Which state do I reach if I follow the anti-clockwise pattern in this automaton?;The state q0 exists.;['simbolo-q0'];0.2;2;False;{'user_input': 'Which state do I reach if I follow the anti-clockwise pattern in this automaton?', 'intent': 'fsa-practical', 'argument': 'state', 'dialogue_act': 'Ta:request', 'frame': {'states': '?'}}
Accuracy;4;sorry, i meant state, not transition: the state i’m talking about is q0.;The automaton has 5 states: q0, q1, q2, q3 and q4.;['simbolo-q0', 'simbolo-q1', 'simbolo-q2', 'simbolo-q3', 'simbolo-q4'];0.2;3;False;{'user_input': 'sorry, i meant state, not transition: the state i’m talking about is q0.', 'intent': 'fsa-practical', 'argument': 'state', 'dialogue_act': 'Ta:request', 'frame': {'state': 'q0'}}
Accuracy;4;Can you list all the states of this automaton starting from q0?;The state q0 exists.;['simbolo-q0'];0.2;4;False;{'user_input': 'Can you list all the states of this automaton starting from q0?', 'intent': 'fsa-practical', 'argument': 'state', 'dialogue_act': 'Ta:request', 'frame': {'states': 'q0'}}
Accuracy;4;q0 is not a state of this automaton.;The automaton has 5 states: q0, q1, q2, q3 and q4.;['simbolo-q0', 'simbolo-q1', 'simbolo-q2', 'simbolo-q3', 'simbolo-q4'];1.0;4;False;{'user_input': 'q0 is not a state of this automaton.', 'intent': 'fsa-practical', 'argument': 'state', 'dialogue_act': 'Ta:propositionalQuestion', 'frame': {'state': 'q0'}}
Accuracy;4;goodbye, i’ve understood that the current state of the automaton is q0.;The automaton has 5 states: q0, q1, q2, q3 and q4.;['simbolo-q0', 'simbolo-q1', 'simbolo-q2', 'simbolo-q3', 'simbolo-q4'];0.2;5;False;{'user_input': 'goodbye, i’ve understood that the current state of the automaton is q0.', 'intent': 'fsa-practical', 'argument': 'state', 'dialogue_act': 'Ta:request', 'frame': {'state': 'q0'}}
Accuracy;5;What kind of language does this automaton recognize, regular or not?;Could you be more specific?;[];0.0;1;False;{'user_input': 'What kind of language does this automaton recognize, regular or not?', 'intent': 'fsa-practical', 'argument': 'language', 'dialogue_act': 'Ta:request', 'frame': {'input': '?'}}
Accuracy;5;what is the language recognized by this finite state automaton for an input string?;Could you be more specific?;[];0.0;2;False;{'user_input': 'what is the language recognized by this finite state automaton for an input string?', 'intent': 'fsa-practical', 'argument': 'language', 'dialogue_act': 'Ta:request', 'frame': {'input': '?'}}
Accuracy;5;what is the language recognized by this automaton for the input string?;Could you be more specific?;[];0.0;3;False;{'user_input': 'what is the language recognized by this automaton for the input string?', 'intent': 'fsa-practical', 'argument': 'language', 'dialogue_act': 'Ta:request', 'frame': {'input': '?'}}
Accuracy;5;What is the language accepted by this finite state automaton for an unspecified input string?;Could you be more specific?;[];0.1;4;False;{'user_input': 'What is the language accepted by this finite state automaton for an unspecified input string?', 'intent': 'fsa-practical', 'argument': 'language', 'dialogue_act': 'Ta:request', 'frame': {'input': '?'}}
Accuracy;5;what is the language accepted by this automaton for the input string “11000”?;Could you be more specific?;[];0.0;5;False;{'user_input': 'what is the language accepted by this automaton for the input string “11000”?', 'intent': 'fsa-practical', 'argument': 'language', 'dialogue_act': 'Ta:request', 'frame': {'input': '11000'}}
Accuracy;5;Given the shown automaton, does the input 11000 form a recognized pattern?;Could you be more specific?;[];0.0;6;False;{'user_input': 'Given the shown automaton, does the input 11000 form a recognized pattern?', 'intent': 'fsa-practical', 'argument': 'language', 'dialogue_act': 'Ta:propositionalQuestion', 'frame': {'input': '11000'}}
Accuracy;5;Before I leave, could you please tell me what language is recognized by this automaton for the input 11000?;Could you be more specific?;[];0.0;7;False;{'user_input': 'Before I leave, could you please tell me what language is recognized by this automaton for the input 11000?', 'intent': 'fsa-practical', 'argument': 'language', 'dialogue_act': 'Ta:request', 'frame': {'input': '11000'}}
Accuracy;5;for this automaton, in the practical sense of its accepted language, what happens when we give it the input string 11000?;Could you be more specific?;[];0.0;8;False;{'user_input': 'for this automaton, in the practical sense of its accepted language, what happens when we give it the input string 11000?', 'intent': 'fsa-practical', 'argument': 'language', 'dialogue_act': 'Ta:request', 'frame': {'input': '11000'}}
Accuracy;5;which states in this automaton have no transitions?;The state q0 exists.;['simbolo-q0'];0.0;9;False;{'user_input': 'which states in this automaton have no transitions?', 'intent': 'fsa-practical', 'argument': 'state', 'dialogue_act': 'Ta:request', 'frame': {'states': '?'}}
Accuracy;5;"there are 5 final states in this automaton; can you confirm that the number of final states is 5?";The automaton has 5 states: q0, q1, q2, q3 and q4.;['simbolo-q0', 'simbolo-q1', 'simbolo-q2', 'simbolo-q3', 'simbolo-q4'];0.0;10;False;"{'user_input': 'there are 5 final states in this automaton; can you confirm that the number of final states is 5?', 'intent': 'fsa-practical', 'argument': 'state', 'dialogue_act': 'Ta:request', 'frame': {'numberOfFinalStates': '5'}}"
Accuracy;5;what is the language accepted by this automaton if it has 5 final states?;Could you be more specific?;[];0.1;11;False;{'user_input': 'what is the language accepted by this automaton if it has 5 final states?', 'intent': 'fsa-practical', 'argument': 'language', 'dialogue_act': 'Ta:request', 'frame': {'numberOfFinalStates': '5'}}
Accuracy;5;before we say goodbye, let me just confirm: the automaton has 5 final states, right?;The automaton has 5 states: q0, q1, q2, q3 and q4.;['simbolo-q0', 'simbolo-q1', 'simbolo-q2', 'simbolo-q3', 'simbolo-q4'];0.2;12;False;{'user_input': 'before we say goodbye, let me just confirm: the automaton has 5 final states, right?', 'intent': 'fsa-practical', 'argument': 'state', 'dialogue_act': 'Ta:propositionalQuestion', 'frame': {'numberOfFinalStates': '5'}}
Accuracy;5;in this automaton, how many final states do the transitions lead to?;The automaton has 5 states: q0, q1, q2, q3 and q4.;['simbolo-q0', 'simbolo-q1', 'simbolo-q2', 'simbolo-q3', 'simbolo-q4'];0.0;13;False;{'user_input': 'in this automaton, how many final states do the transitions lead to?', 'intent': 'fsa-practical', 'argument': 'state', 'dialogue_act': 'Ta:request', 'frame': {'numberOfFinalStates': '?'}}
Accuracy;5;hi, about the states of this automaton: how many final states does it have?;The automaton has 5 states: q0, q1, q2, q3 and q4.;['simbolo-q0', 'simbolo-q1', 'simbolo-q2', 'simbolo-q3', 'simbolo-q4'];0.0;14;False;{'user_input': 'hi, about the states of this automaton: how many final states does it have?', 'intent': 'fsa-practical', 'argument': 'state', 'dialogue_act': 'Ta:request', 'frame': {'numberOfFinalStates': '?'}}
Accuracy;5;which state is q1 in this automaton?;The state q0 exists.;['simbolo-q0'];0.0;15;False;{'user_input': 'which state is q1 in this automaton?', 'intent': 'fsa-practical', 'argument': 'state', 'dialogue_act': 'Ta:request', 'frame': {'states': 'q1'}}
Relevancy;1;Is there any transition that goes directly from q2 to q4?;there is no transition between q2 and q4.;[];1.0;0;False;{'user_input': 'Is there any transition that goes directly from q2 to q4?', 'intent': 'fsa-practical', 'argument': 'transition', 'dialogue_act': 'Ta:request', 'frame': {'transitions': [['q2', 'q4', '?']]}}
Relevancy;1;Thanks, could you please tell me what the transition is from state q2 to state q4?;there is no transition between q2 and q4.;[];1.0;0;False;{'user_input': 'Thanks, could you please tell me what the transition is from state q2 to state q4?', 'intent': 'fsa-practical', 'argument': 'transition', 'dialogue_act': 'Ta:request', 'frame': {'transitions': [['q2', 'q4', '?']]}}
Relevancy;1;What is the label of the transition that goes from state q2 to state q4?;there is no transition between q2 and q4.;[];1.0;0;False;{'user_input': 'What is the label of the transition that goes from state q2 to state q4?', 'intent': 'fsa-practical', 'argument': 'transition', 'dialogue_act': 'Ta:request', 'frame': {'transitions': [['q2', 'q4', '?']]}}
Relevancy;1;What is the label of the transition that goes from state q2 to state q4?;there is no transition between q2 and q4.;[];1.0;0;False;{'user_input': 'What is the label of the transition that goes from state q2 to state q4?', 'intent': 'fsa-practical', 'argument': 'transition', 'dialogue_act': 'Ta:request', 'frame': {'transitions': [['q2', 'q4', '?']]}}
Relevancy;1;What is the symbol on the transition from state q2 to state q4?;there is no transition between q2 and q4.;[];1.0;0;False;{'user_input': 'What is the symbol on the transition from state q2 to state q4?', 'intent': 'fsa-practical', 'argument': 'transition', 'dialogue_act': 'Ta:request', 'frame': {'transitions': [['q2', 'q4', '?']]}}
Relevancy;1;i think i made a mistake: the transition should be from q2 to q4 with input symbol ?;there is no transition between q2 and q4.;[];0.95;0;False;{'user_input': 'i think i made a mistake: the transition should be from q2 to q4 with input symbol ?', 'intent': 'fsa-practical', 'argument': 'transition', 'dialogue_act': 'Ta:request', 'frame': {'transitions': [['q2', 'q4', '?']]}}
Relevancy;1;In this automaton there are 7 transitions in total, right?;The automaton has 5 transitions: q0 with value 1 goes to q1, q1 with value 1 goes to q2, q2 with value 0 goes to q3, q3 with value 0 goes to q4, q4 with value 0 goes to q0.;['simbolo-q0-q1', 'simbolo-q1-q2', 'simbolo-q2-q3', 'simbolo-q3-q4', 'simbolo-q4-q0'];1.0;0;False;{'user_input': 'In this automaton there are 7 transitions in total, right?', 'intent': 'fsa-practical', 'argument': 'transition', 'dialogue_act': 'Ta:request', 'frame': {'transitions': []}}
Relevancy;1;What is the alphabet of this automaton?;Could you be more specific?;[];0.1;1;False;{'user_input': 'What is the alphabet of this automaton?', 'intent': 'fsa-practical', 'argument': 'alphabet', 'dialogue_act': 'Ta:request', 'frame': {'alphabet': '?'}}
Relevancy;1;What is the alphabet of this automaton?;Could you be more specific?;[];0.1;2;False;{'user_input': 'What is the alphabet of this automaton?', 'intent': 'fsa-practical', 'argument': 'alphabet', 'dialogue_act': 'Ta:request', 'frame': {'alphabet': '?'}}
Relevancy;1;what is the alphabet of this automaton?;Could you be more specific?;[];0.1;3;False;{'user_input': 'what is the alphabet of this automaton?', 'intent': 'fsa-practical', 'argument': 'alphabet', 'dialogue_act': 'Ta:request', 'frame': {'alphabet': '?'}}
Relevancy;1;what is the alphabet of this automaton?;Could you be more specific?;[];0.1;4;False;{'user_input': 'what is the alphabet of this automaton?', 'intent': 'fsa-practical', 'argument': 'alphabet', 'dialogue_act': 'Ta:request', 'frame': {'alphabet': '?'}}
Relevancy;1;What is the alphabet of this automaton?;Could you be more specific?;[];0.1;5;False;{'user_input': 'What is the alphabet of this automaton?', 'intent': 'fsa-practical', 'argument': 'alphabet', 'dialogue_act': 'Ta:request', 'frame': {'alphabet': '?'}}
Relevancy;1;thank you! could you please tell me what the alphabet of this automaton is?;Could you be more specific?;[];0.1;6;False;{'user_input': 'thank you! could you please tell me what the alphabet of this automaton is?', 'intent': 'fsa-practical', 'argument': 'alphabet', 'dialogue_act': 'Ta:propositionalQuestion', 'frame': {'alphabet': '?'}}
Relevancy;1;for the automaton shown, what is the input alphabet that recognizes strings with more than three 1s followed by two 0s, like the pattern “longerthanthreeonesfollowedbytwozeros”?;Could you be more specific?;[];0.1;7;False;{'user_input': 'for the automaton shown, what is the input alphabet that recognizes strings with more than three 1s followed by two 0s, like the pattern “longerthanthreeonesfollowedbytwozeros”?', 'intent': 'fsa-practical', 'argument': 'alphabet', 'dialogue_act': 'Ta:request', 'frame': {'alphabet': '0'}}
Relevancy;1;what is the state reached by the automaton when it reads the symbol 0?;The state q0 exists.;['simbolo-q0'];0.2;8;False;{'user_input': 'what is the state reached by the automaton when it reads the symbol 0?', 'intent': 'fsa-practical', 'argument': 'state', 'dialogue_act': 'Ta:request', 'frame': {'states': '?'}}
Relevancy;2;What is the exact input sequence that takes the automaton from q0 back to q0 using all the states shown?;Could you be more specific?;[];0.1;1;False;{'user_input': 'What is the exact input sequence that takes the automaton from q0 back to q0 using all the states shown?', 'intent': 'fsa-practical', 'argument': 'pattern', 'dialogue_act': 'Ta:request', 'frame': {'input': '?'}}
Relevancy;2;Given the automaton shown on the tablet, what is the input that will be accepted by this finite state automaton?;Could you be more specific?;[];0.1;2;False;{'user_input': 'Given the automaton shown on the tablet, what is the input that will be accepted by this finite state automaton?', 'intent': 'fsa-practical', 'argument': 'language', 'dialogue_act': 'Ta:request', 'frame': {'input': '?'}}
Relevancy;2;what is the language accepted by this automaton for a given input string?;Could you be more specific?;[];0.1;3;False;{'user_input': 'what is the language accepted by this automaton for a given input string?', 'intent': 'fsa-practical', 'argument': 'language', 'dialogue_act': 'Ta:request', 'frame': {'input': '?'}}
Relevancy;2;What is the language accepted by this automaton for an input string?;Could you be more specific?;[];0.1;4;False;{'user_input': 'What is the language accepted by this automaton for an input string?', 'intent': 'fsa-practical', 'argument': 'language', 'dialogue_act': 'Ta:request', 'frame': {'input': '?'}}
Relevancy;2;What is the language accepted by this automaton for the input string “?”?;Could you be more specific?;[];0.3;5;False;{'user_input': 'What is the language accepted by this automaton for the input string “?”?', 'intent': 'fsa-practical', 'argument': 'language', 'dialogue_act': 'Ta:request', 'frame': {'input': '?'}}
Relevancy;2;"I don’t understand what language this automaton accepts; what input strings does it recognize?";Could you be more specific?;[];0.1;6;False;"{'user_input': 'I don’t understand what language this automaton accepts; what input strings does it recognize?', 'intent': 'fsa-practical', 'argument': 'language', 'dialogue_act': 'Ta:request', 'frame': {'input': '?'}}"
Relevancy;2;Given this automaton, what is the output for the input string 11000?;Could you be more specific?;[];0.1;7;False;{'user_input': 'Given this automaton, what is the output for the input string 11000?', 'intent': 'fsa-practical', 'argument': 'language', 'dialogue_act': 'Ta:request', 'frame': {'input': '11000'}}
Relevancy;2;what language is accepted by this automaton for the input string 11000?;Could you be more specific?;[];0.1;8;False;{'user_input': 'what language is accepted by this automaton for the input string 11000?', 'intent': 'fsa-practical', 'argument': 'language', 'dialogue_act': 'Ta:request', 'frame': {'input': '11000'}}
Relevancy;2;Goodbye, could you tell me what language is recognized by this automaton for the input 11000?;Could you be more specific?;[];0.1;9;False;{'user_input': 'Goodbye, could you tell me what language is recognized by this automaton for the input 11000?', 'intent': 'fsa-practical', 'argument': 'language', 'dialogue_act': 'Ta:request', 'frame': {'input': '11000'}}
Relevancy;2;before i go, in this practical exercise on finite state automata and their language, can you tell me whether the input 11000 is accepted by this automaton?;Could you be more specific?;[];0.1;10;False;{'user_input': 'before i go, in this practical exercise on finite state automata and their language, can you tell me whether the input 11000 is accepted by this automaton?', 'intent': 'fsa-practical', 'argument': 'language', 'dialogue_act': 'Ta:request', 'frame': {'input': '11000'}}
Relevancy;2;In this automaton, what is the language accepted by the machine with 5 states?;Could you be more specific?;[];0.1;11;False;{'user_input': 'In this automaton, what is the language accepted by the machine with 5 states?', 'intent': 'fsa-practical', 'argument': 'language', 'dialogue_act': 'Ta:request', 'frame': {'numberOfStates': '5'}}
Relevancy;2;What is the language accepted by this automaton?;Could you be more specific?;[];0.1;12;False;{'user_input': 'What is the language accepted by this automaton?', 'intent': 'fsa-practical', 'argument': 'language', 'dialogue_act': 'Ta:request', 'frame': {'input': '?'}}
Relevancy;2;what is the language recognized by this automaton when it follows an anti-clockwise pattern?;Could you be more specific?;[];0.2;13;False;{'user_input': 'what is the language recognized by this automaton when it follows an anti-clockwise pattern?', 'intent': 'fsa-practical', 'argument': 'language', 'dialogue_act': 'Ta:request', 'frame': {'alphabet': 'S', 'input': '?'}}
Relevancy;2;i’d like to correct myself: based on this automaton, what is the language it recognizes for a given input string?;Could you be more specific?;[];0.2;14;False;{'user_input': 'i’d like to correct myself: based on this automaton, what is the language it recognizes for a given input string?', 'intent': 'fsa-practical', 'argument': 'language', 'dialogue_act': 'Ta:request', 'frame': {'input': '?'}}
Relevancy;2;What is the language recognized by this automaton for the input string?;Could you be more specific?;[];0.1;15;False;{'user_input': 'What is the language recognized by this automaton for the input string?', 'intent': 'fsa-practical', 'argument': 'language', 'dialogue_act': 'Ta:request', 'frame': {'input': '?'}}
Relevancy;3;Is this automaton deterministic or nondeterministic?;The automaton accepts zero or more words formed by a sequence of the type 11000. In total there are 5 states: q0, q1, q2, q3 and q4. q0 is both the initial and the final state. The transitions are: q0 with value 1 goes to q1, q1 with value 1 goes to q2, q2 with value 0 goes to q3, q3 with value 0 goes to q4, q4 with value 0 goes to q0.;[];0.2;1;False;{'user_input': 'Is this automaton deterministic or nondeterministic?', 'intent': 'fsa-practical', 'argument': 'automaton', 'dialogue_act': 'Ta:propositionalQuestion', 'frame': {'input': 'automatonType'}}
Relevancy;3;Set me a practical question about the type of this automaton, for example asking what automatonType it has.;The automaton accepts zero or more words formed by a sequence of the type 11000. In total there are 5 states: q0, q1, q2, q3 and q4. q0 is both the initial and the final state. The transitions are: q0 with value 1 goes to q1, q1 with value 1 goes to q2, q2 with value 0 goes to q3, q3 with value 0 goes to q4, q4 with value 0 goes to q0.;[];0.3;2;False;{'user_input': 'Set me a practical question about the type of this automaton, for example asking what automatonType it has.', 'intent': 'fsa-practical', 'argument': 'automaton', 'dialogue_act': 'Ta:request', 'frame': {}}
Relevancy;3;What type of automaton is this?;The automaton accepts zero or more words formed by a sequence of the type 11000. In total there are 5 states: q0, q1, q2, q3 and q4. q0 is both the initial and the final state. The transitions are: q0 with value 1 goes to q1, q1 with value 1 goes to q2, q2 with value 0 goes to q3, q3 with value 0 goes to q4, q4 with value 0 goes to q0.;[];0.5;2;False;{'user_input': 'What type of automaton is this?', 'intent': 'fsa-practical', 'argument': 'automaton', 'dialogue_act': 'Ta:request', 'frame': {}}
Relevancy;3;what type of automaton is this one?;The automaton accepts zero or more words formed by a sequence of the type 11000. In total there are 5 states: q0, q1, q2, q3 and q4. q0 is both the initial and the final state. The transitions are: q0 with value 1 goes to q1, q1 with value 1 goes to q2, q2 with value 0 goes to q3, q3 with value 0 goes to q4, q4 with value 0 goes to q0.;[];0.4;2;False;{'user_input': 'what type of automaton is this one?', 'intent': 'fsa-practical', 'argument': 'automaton', 'dialogue_act': 'Ta:request', 'frame': {}}
Relevancy;3;what type of automaton is this?;The automaton accepts zero or more words formed by a sequence of the type 11000. In total there are 5 states: q0, q1, q2, q3 and q4. q0 is both the initial and the final state. The transitions are: q0 with value 1 goes to q1, q1 with value 1 goes to q2, q2 with value 0 goes to q3, q3 with value 0 goes to q4, q4 with value 0 goes to q0.;[];0.4;2;False;{'user_input': 'what type of automaton is this?', 'intent': 'fsa-practical', 'argument': 'automaton', 'dialogue_act': 'Ta:request', 'frame': {}}
Relevancy;3;What is the language accepted by this automaton for the input string?;Could you be more specific?;[];0.2;3;False;{'user_input': 'What is the language accepted by this automaton for the input string?', 'intent': 'fsa-practical', 'argument': 'language', 'dialogue_act': 'Ta:request', 'frame': {'input': '?'}}
Relevancy;3;What is the language accepted by this automaton over the alphabet [“1”, “0”]?;Could you be more specific?;[];0.1;4;False;{'user_input': 'What is the language accepted by this automaton over the alphabet [“1”, “0”]?', 'intent': 'fsa-practical', 'argument': 'language', 'dialogue_act': 'Ta:request', 'frame': {'alphabet': '0'}}
Relevancy;3;what is the language recognized by this automaton over the alphabet {0}?;Could you be more specific?;[];0.1;5;False;{'user_input': 'what is the language recognized by this automaton over the alphabet {0}?', 'intent': 'fsa-practical', 'argument': 'language', 'dialogue_act': 'Ta:request', 'frame': {'alphabet': ['0']}}
Relevancy;3;is the finite state automaton shown deterministic, and if so, what is the language it recognizes?;The automaton accepts zero or more words formed by a sequence of the type 11000. In total there are 5 states: q0, q1, q2, q3 and q4. q0 is both the initial and the final state. The transitions are: q0 with value 1 goes to q1, q1 with value 1 goes to q2, q2 with value 0 goes to q3, q3 with value 0 goes to q4, q4 with value 0 goes to q0.;[];0.95;5;False;{'user_input': 'is the finite state automaton shown deterministic, and if so, what is the language it recognizes?', 'intent': 'fsa-practical', 'argument': 'automaton', 'dialogue_act': 'Ta:request', 'frame': {'automatonType': 'deterministic', 'language': '?'}}
Relevancy;3;What is the language recognized by this automaton over the alphabet {0}?;Could you be more specific?;[];0.1;6;False;{'user_input': 'What is the language recognized by this automaton over the alphabet {0}?', 'intent': 'fsa-practical', 'argument': 'language', 'dialogue_act': 'Ta:request', 'frame': {'alphabet': '0'}}
Relevancy;3;What is the alphabet of this automaton if it only uses the symbol 0?;Could you be more specific?;[];0.1;7;False;{'user_input': 'What is the alphabet of this automaton if it only uses the symbol 0?', 'intent': 'fsa-practical', 'argument': 'alphabet', 'dialogue_act': 'Ta:request', 'frame': {'alphabet': '0'}}
Relevancy;3;The alphabet of this automaton is {0}.;Could you be more specific?;[];0.1;8;False;{'user_input': 'The alphabet of this automaton is {0}.', 'intent': 'fsa-practical', 'argument': 'alphabet', 'dialogue_act': 'Ta:request', 'frame': {'alphabet': '0'}}
Relevancy;3;The alphabet of this automaton is not {0}, since it must also contain the symbol 1.;Could you be more specific?;[];0.1;9;False;{'user_input': 'The alphabet of this automaton is not {0}, since it must also contain the symbol 1.', 'intent': 'fsa-practical', 'argument': 'alphabet', 'dialogue_act': 'Ta:propositionalQuestion', 'frame': {'alphabet': ['1']}}
Relevancy;3;What is the alphabet of this automaton if it only uses the symbol 1?;Could you be more specific?;[];0.1;10;False;{'user_input': 'What is the alphabet of this automaton if it only uses the symbol 1?', 'intent': 'fsa-practical', 'argument': 'alphabet', 'dialogue_act': 'Ta:request', 'frame': {'alphabet': '1'}}
Relevancy;3;What is the language accepted by this automaton if the alphabet is only {1}?;Could you be more specific?;[];0.1;11;False;{'user_input': 'What is the language accepted by this automaton if the alphabet is only {1}?', 'intent': 'fsa-practical', 'argument': 'language', 'dialogue_act': 'Ta:request', 'frame': {'alphabet': '1'}}
Relevancy;4;What language does this automaton accept, described in words and not just with example strings?;Could you be more specific?;[];0.1;1;False;{'user_input': 'What language does this automaton accept, described in words and not just with example strings?', 'intent': 'fsa-practical', 'argument': 'language', 'dialogue_act': 'Ta:request', 'frame': {'language': '?'}}
Relevancy;4;The language of this automaton is the set of all binary strings that contain the substring 11000.;Could you be more specific?;[];0.1;2;False;{'user_input': 'The language of this automaton is the set of all binary strings that contain the substring 11000.', 'intent': 'fsa-practical', 'argument': 'language', 'dialogue_act': 'Ta:request', 'frame': {'input': '11000'}}
Relevancy;4;What is the language accepted by this automaton for the input 11000?;Could you be more specific?;[];0.1;3;False;{'user_input': 'What is the language accepted by this automaton for the input 11000?', 'intent': 'fsa-practical', 'argument': 'language', 'dialogue_act': 'Ta:request', 'frame': {'input': '11000'}}
Relevancy;4;From state q3, what is the language accepted by this automaton?;Could you be more specific?;[];0.1;4;False;{'user_input': 'From state q3, what is the language accepted by this automaton?', 'intent': 'fsa-practical', 'argument': 'language', 'dialogue_act': 'Ta:request', 'frame': {'alphabet': 'q3', 'input': 'q3'}}
Relevancy;4;What is the language accepted by this automaton for the input q3, assuming q3 is in the alphabet?;Could you be more specific?;[];0.1;5;False;{'user_input': 'What is the language accepted by this automaton for the input q3, assuming q3 is in the alphabet?', 'intent': 'fsa-practical', 'argument': 'language', 'dialogue_act': 'Ta:request', 'frame': {'alphabet': 'q3'}}
Relevancy;4;What is the language accepted from state q3?;Could you be more specific?;[];0.2;6;False;{'user_input': 'What is the language accepted from state q3?', 'intent': 'fsa-practical', 'argument': 'language', 'dialogue_act': 'Ta:request', 'frame': {'input': 'q3'}}
Relevancy;4;What is the transition that starts from state q3?;the transition is not defined.;[];0.2;7;False;{'user_input': 'What is the transition that starts from state q3?', 'intent': 'fsa-practical', 'argument': 'transition', 'dialogue_act': 'Ta:request', 'frame': {'transitions': [['?', 'q3', '?']]}}
Relevancy;4;In the language recognized by this automaton, how many final states are there?;The automaton has 5 states: q0, q1, q2, q3 and q4.;['simbolo-q0', 'simbolo-q1', 'simbolo-q2', 'simbolo-q3', 'simbolo-q4'];0.2;8;False;{'user_input': 'In the language recognized by this automaton, how many final states are there?', 'intent': 'fsa-practical', 'argument': 'state', 'dialogue_act': 'Ta:request', 'frame': {'numberOfFinalStates': '?'}}
Relevancy;4;What is the language accepted by this automaton represented as a pentagon?;Could you be more specific?;[];0.1;9;False;{'user_input': 'What is the language accepted by this automaton represented as a pentagon?', 'intent': 'fsa-practical', 'argument': 'language', 'dialogue_act': 'Ta:request', 'frame': {'input': '?'}}
Relevancy;4;given the automaton shown, what state will the machine be in after processing the input string?;The automaton has 5 states: q0, q1, q2, q3 and q4.;['simbolo-q0', 'simbolo-q1', 'simbolo-q2', 'simbolo-q3', 'simbolo-q4'];0.2;10;False;{'user_input': 'given the automaton shown, what state will the machine be in after processing the input string?', 'intent': 'fsa-practical', 'argument': 'state', 'dialogue_act': 'Ta:request', 'frame': {'input': '?'}}
Relevancy;4;What is the language accepted by this automaton for a given input string?;Could you be more specific?;[];0.1;11;False;{'user_input': 'What is the language accepted by this automaton for a given input string?', 'intent': 'fsa-practical', 'argument': 'language', 'dialogue_act': 'Ta:request', 'frame': {'input': '?'}}
Relevancy;4;can you tell me what is the language recognized by this automaton for the input string ?;Could you be more specific?;[];0.1;12;False;{'user_input': 'can you tell me what is the language recognized by this automaton for the input string ?', 'intent': 'fsa-practical', 'argument': 'language', 'dialogue_act': 'Ta:request', 'frame': {'input': '?'}}
Relevancy;4;the language accepted by this automaton for an input string of 1s and 0s is ?;Could you be more specific?;[];0.1;13;False;{'user_input': 'the language accepted by this automaton for an input string of 1s and 0s is ?', 'intent': 'fsa-practical', 'argument': 'language', 'dialogue_act': 'Ta:request', 'frame': {'input': '1'}}
Relevancy;4;what is the language accepted by this automaton on the input string 1?;Could you be more specific?;[];0.1;14;False;{'user_input': 'what is the language accepted by this automaton on the input string 1?', 'intent': 'fsa-practical', 'argument': 'language', 'dialogue_act': 'Ta:request', 'frame': {'input': '1'}}
Relevancy;4;What is the language accepted by this automaton on the input string 1?;Could you be more specific?;[];0.2;15;False;{'user_input': 'What is the language accepted by this automaton on the input string 1?', 'intent': 'fsa-practical', 'argument': 'language', 'dialogue_act': 'Ta:propositionalQuestion', 'frame': {'input': '1'}}
Relevancy;5;If I start from q0 and the input is 1100, which states do I visit and is the string accepted?;The automaton has 5 states: q0, q1, q2, q3 and q4.;['simbolo-q0', 'simbolo-q1', 'simbolo-q2', 'simbolo-q3', 'simbolo-q4'];0.4;0;False;{'user_input': 'If I start from q0 and the input is 1100, which states do I visit and is the string accepted?', 'intent': 'fsa-practical', 'argument': 'state', 'dialogue_act': 'Ta:request', 'frame': {'transitions': [['q0', 'q1', '1100']]}}
Relevancy;5;Can you tell me the transition from q0 to q1 when the input pattern is 1100?;The transition between q0 and q1 is with value 1.;['simbolo-q0-q1'];1.0;0;False;{'user_input': 'Can you tell me the transition from q0 to q1 when the input pattern is 1100?', 'intent': 'fsa-practical', 'argument': 'transition', 'dialogue_act': 'Ta:request', 'frame': {'transitions': [['q0', 'q1', '?'], ['q0', '?', '?'], ['?', 'q1', '?'], ['?', '?', '1100']]}}
Relevancy;5;what is this when the input string is 1100?;Could you be more specific?;[];0.1;1;False;{'user_input': 'what is this when the input string is 1100?', 'intent': 'fsa-practical', 'argument': 'language', 'dialogue_act': 'Ta:request', 'frame': {'transitions': [['q0', 'q1', '?']]}, '_raw_frame': {'input': '1100'}}
Relevancy;5;what is the symbol of this?;Could you be more specific?;[];0.2;2;False;{'user_input': 'what is the symbol of this?', 'intent': 'fsa-practical', 'argument': 'alphabet', 'dialogue_act': 'Ta:request', 'frame': {'transitions': [['q0', 'q1', '?']]}, '_raw_frame': {'alphabet': '?'}}
Relevancy;5;What is the language recognized by this automaton, and what would be the optimal spatial representation to visualize it clearly?;Could you be more specific?;[];0.1;3;False;{'user_input': 'What is the language recognized by this automaton, and what would be the optimal spatial representation to visualize it clearly?', 'intent': 'fsa-practical', 'argument': 'language', 'dialogue_act': 'Ta:request', 'frame': {'language': '?', 'optimalRepresentation': ''}}
Relevancy;5;what is the language accepted by this automaton?;Could you be more specific?;[];0.1;4;False;{'user_input': 'what is the language accepted by this automaton?', 'intent': 'fsa-practical', 'argument': 'language', 'dialogue_act': 'Ta:request', 'frame': {'input': '?'}}
Relevancy;5;What is the language accepted by this automaton for the input string “?”?;Could you be more specific?;[];0.3;5;False;{'user_input': 'What is the language accepted by this automaton for the input string “?”?', 'intent': 'fsa-practical', 'argument': 'language', 'dialogue_act': 'Ta:request', 'frame': {'input': '?'}}
Relevancy;5;for which input strings does this automaton define its language?;Could you be more specific?;[];0.1;6;False;{'user_input': 'for which input strings does this automaton define its language?', 'intent': 'fsa-practical', 'argument': 'language', 'dialogue_act': 'Ta:request', 'frame': {'input': '?'}}
Relevancy;5;what is the language recognized by this automaton?;Could you be more specific?;[];0.1;7;False;{'user_input': 'what is the language recognized by this automaton?', 'intent': 'fsa-practical', 'argument': 'language', 'dialogue_act': 'Ta:request', 'frame': {'input': '?'}}
Relevancy;5;i’d like to correct myself: can you help me figure out the language recognized by this automaton for a given input?;Could you be more specific?;[];0.2;8;False;{'user_input': 'i’d like to correct myself: can you help me figure out the language recognized by this automaton for a given input?', 'intent': 'fsa-practical', 'argument': 'language', 'dialogue_act': 'Ta:propositionalQuestion', 'frame': {'input': '?'}}
Relevancy;5;Can you check whether the string I input is in the language recognized by this automaton?;Could you be more specific?;[];0.2;9;False;{'user_input': 'Can you check whether the string I input is in the language recognized by this automaton?', 'intent': 'fsa-practical', 'argument': 'language', 'dialogue_act': 'Ta:propositionalQuestion', 'frame': {'input': '?'}}
Relevancy;5;Given this automaton, what is the language it accepts for an arbitrary input string?;Could you be more specific?;[];0.1;10;False;{'user_input': 'Given this automaton, what is the language it accepts for an arbitrary input string?', 'intent': 'fsa-practical', 'argument': 'language', 'dialogue_act': 'Ta:request', 'frame': {'input': '?'}}
Relevancy;5;what is the input that this automaton accepts?;Could you be more specific?;[];0.1;11;False;{'user_input': 'what is the input that this automaton accepts?', 'intent': 'fsa-practical', 'argument': 'language', 'dialogue_act': 'Ta:request', 'frame': {'input': '?'}}
Relevancy;5;Which state in this automaton has the highest number of transitions?;The automaton has 5 states: q0, q1, q2, q3 and q4.;['simbolo-q0', 'simbolo-q1', 'simbolo-q2', 'simbolo-q3', 'simbolo-q4'];0.2;12;False;{'user_input': 'Which state in this automaton has the highest number of transitions?', 'intent': 'fsa-practical', 'argument': 'state', 'dialogue_act': 'Ta:request', 'frame': {'stateWithMostTransitions': '?'}}
Relevancy;5;What is the language recognized by this automaton for the input string?;Could you be more specific?;[];0.2;13;False;{'user_input': 'What is the language recognized by this automaton for the input string?', 'intent': 'fsa-practical', 'argument': 'language', 'dialogue_act': 'Ta:request', 'frame': {'input': '?'}}
Correctness;1;Is it possible to go from q2 to q4 in this automaton?;there is no transition between q2 and q4.;[];0.9;0;False;{'user_input': 'Is it possible to go from q2 to q4 in this automaton?', 'intent': 'fsa-practical', 'argument': None, 'dialogue_act': 'Ta:request', 'frame': {'transitions': [['q2', 'q4', '?']]}}
Correctness;1;thanks, can you tell me what is the label of the transition that goes from this to that?;There is no transition between q2 and q4.;[];1.0;0;False;{'user_input': 'thanks, can you tell me what is the label of the transition that goes from this to that?', 'intent': 'fsa-practical', 'argument': 'transition', 'dialogue_act': 'Ta:request', 'frame': {'states': ['q2', 'q4']}, '_raw_frame': {'transitions': []}}
Correctness;1;For the input string `11000`, does this automaton produce the output “denied”?;Could you be more specific?;[];0.0;1;False;{'user_input': 'For the input string `11000`, does this automaton produce the output “denied”?', 'intent': 'fsa-practical', 'argument': 'language', 'dialogue_act': 'Ta:request', 'frame': {'input': '11000'}}
Correctness;1;What is the language recognized by this automaton for the input 11000?;Could you be more specific?;[];0.0;2;False;{'user_input': 'What is the language recognized by this automaton for the input 11000?', 'intent': 'fsa-practical', 'argument': 'language', 'dialogue_act': 'Ta:request', 'frame': {'input': '11000'}}
Correctness;1;i’m leaving now, but before i go could you please tell me what language is recognized by this automaton for the input 11000?;Could you be more specific?;[];0.0;3;False;{'user_input': 'i’m leaving now, but before i go could you please tell me what language is recognized by this automaton for the input 11000?', 'intent': 'fsa-practical', 'argument': 'language', 'dialogue_act': 'Ta:propositionalQuestion', 'frame': {'input': '11000'}}
Correctness;1;thank you! for this automaton, what is the language it accepts for the input 11000?;Could you be more specific?;[];0.0;4;False;{'user_input': 'thank you! for this automaton, what is the language it accepts for the input 11000?', 'intent': 'fsa-practical', 'argument': 'language', 'dialogue_act': 'Ta:request', 'frame': {'input': '11000'}}
Correctness;1;what is the language recognized by this automaton, and what would be the optimal spatial representation for it?;The automaton accepts zero or more words formed by a sequence of the type 11000. In total there are 5 states: q0, q1, q2, q3 and q4. q0 is both the initial and the final state. The transitions are: q0 with value 1 goes to q1, q1 with value 1 goes to q2, q2 with value 0 goes to q3, q3 with value 0 goes to q4, q4 with value 0 goes to q0.;[];0.9;4;False;{'user_input': 'what is the language recognized by this automaton, and what would be the optimal spatial representation for it?', 'intent': None, 'argument': None, 'dialogue_act': None, 'frame': {}}
Correctness;1;in this finite state automaton, which state has the most transitions, and is it q3?;The automaton has 5 states: q0, q1, q2, q3 and q4.;['simbolo-q0', 'simbolo-q1', 'simbolo-q2', 'simbolo-q3', 'simbolo-q4'];0.0;5;False;{'user_input': 'in this finite state automaton, which state has the most transitions, and is it q3?', 'intent': 'fsa-practical', 'argument': 'state', 'dialogue_act': 'Ta:request', 'frame': {'stateWithMostTransitions': '?'}}
Correctness;1;Which state in this automaton has the highest number of transitions?;The automaton has 5 states: q0, q1, q2, q3 and q4.;['simbolo-q0', 'simbolo-q1', 'simbolo-q2', 'simbolo-q3', 'simbolo-q4'];0.0;6;False;{'user_input': 'Which state in this automaton has the highest number of transitions?', 'intent': 'fsa-practical', 'argument': 'state', 'dialogue_act': 'Ta:request', 'frame': {'stateWithMostTransitions': '?'}}
Correctness;1;Which states in this automaton have no outgoing transitions?;The state q0 exists.;['simbolo-q0'];0.0;7;False;{'user_input': 'Which states in this automaton have no outgoing transitions?', 'intent': 'fsa-practical', 'argument': 'state', 'dialogue_act': 'Ta:request', 'frame': {'states': '?'}}
Correctness;1;what are the states of this automaton?;The state q0 exists.;['simbolo-q0'];0.2;8;False;{'user_input': 'what are the states of this automaton?', 'intent': 'fsa-practical', 'argument': 'state', 'dialogue_act': 'Ta:request', 'frame': {'states': '?'}}
Correctness;1;Could you tell me the number of states of this automaton is 2?;The number of states is incorrect.;['simbolo-q0', 'simbolo-q1', 'simbolo-q2', 'simbolo-q3', 'simbolo-q4'];1.0;8;False;{'user_input': 'Could you tell me the number of states of this automaton is 2?', 'intent': 'fsa-practical', 'argument': 'state', 'dialogue_act': 'Ta:request', 'frame': {'numberOfStates': '2'}}
Correctness;1;there are 5 states in the automaton: q0, q1, q2, q3, and q4.;There are 5 states in this automaton.;['simbolo-q0', 'simbolo-q1', 'simbolo-q2', 'simbolo-q3', 'simbolo-q4'];1.0;8;False;{'user_input': 'there are 5 states in the automaton: q0, q1, q2, q3, and q4.', 'intent': 'fsa-practical', 'argument': 'state', 'dialogue_act': 'Ta:request', 'frame': {'numberOfStates': '5'}}
Correctness;1;Which states in this automaton have no transitions?;The state q0 exists.;['simbolo-q0'];0.0;9;False;{'user_input': 'Which states in this automaton have no transitions?', 'intent': 'fsa-practical', 'argument': 'state', 'dialogue_act': 'Ta:request', 'frame': {'states': '?'}}
Correctness;1;Hello! Could you tell me what the states of this automaton are?;The state q0 exists.;['simbolo-q0'];0.2;10;False;{'user_input': 'Hello! Could you tell me what the states of this automaton are?', 'intent': 'fsa-practical', 'argument': 'state', 'dialogue_act': 'Ta:request', 'frame': {'states': '?'}}
Correctness;2;What is the value of the transition from q1 to q2?;The transition between q1 and q2 is with value 1.;['simbolo-q1-q2'];1.0;0;False;{'user_input': 'What is the value of the transition from q1 to q2?', 'intent': 'fsa-practical', 'argument': 'transition', 'dialogue_act': 'Ta:request', 'frame': {'transitions': [['q1', 'q2', '?']]}}
Correctness;2;what is the value of this?;Could you be more specific?;[];0.1;1;False;{'user_input': 'what is the value of this?', 'intent': 'fsa-practical', 'argument': 'language', 'dialogue_act': 'Ta:request', 'frame': {'transitions': [['q1', 'q2', '?']]}, '_raw_frame': {'input': '?'}}
Correctness;2;what is the language accepted by the automaton for this, and which input symbol labels this transition?;Could you be more specific?;[];0.0;2;False;{'user_input': 'what is the language accepted by the automaton for this, and which input symbol labels this transition?', 'intent': 'fsa-practical', 'argument': 'language', 'dialogue_act': 'Ta:request', 'frame': {'transitions': [['q1', 'q2', '?']]}, '_raw_frame': {'transitions': []}}
Correctness;2;what is the label of this?;The automaton has 5 states: q0, q1, q2, q3 and q4.;['simbolo-q0', 'simbolo-q1', 'simbolo-q2', 'simbolo-q3', 'simbolo-q4'];0.2;3;False;{'user_input': 'what is the label of this?', 'intent': 'fsa-practical', 'argument': 'state', 'dialogue_act': 'Ta:request', 'frame': {'states': ['?'], 'transitions': [['q1', 'q2', '?']]}, '_raw_frame': {'states': '?'}}
Correctness;2;What is the language accepted by the automaton for the transition from q1 to q2?;Could you be more specific?;[];0.0;4;False;{'user_input': 'What is the language accepted by the automaton for the transition from q1 to q2?', 'intent': 'fsa-practical', 'argument': 'language', 'dialogue_act': 'Ta:request', 'frame': {'transitions': [['q1', 'q2', '?']]}}
Correctness;2;What is the alphabet used for the transition from state q1 to state q2?;Could you be more specific?;[];0.0;5;False;{'user_input': 'What is the alphabet used for the transition from state q1 to state q2?', 'intent': 'fsa-practical', 'argument': 'alphabet', 'dialogue_act': 'Ta:request', 'frame': {'alphabet': '?'}}
Correctness;2;What is the alphabet of this automaton?;Could you be more specific?;[];0.0;6;False;{'user_input': 'What is the alphabet of this automaton?', 'intent': 'fsa-practical', 'argument': 'alphabet', 'dialogue_act': 'Ta:request', 'frame': {'alphabet': '?'}}
Correctness;2;What is the alphabet of this automaton?;Could you be more specific?;[];0.0;7;False;{'user_input': 'What is the alphabet of this automaton?', 'intent': 'fsa-practical', 'argument': 'alphabet', 'dialogue_act': 'Ta:request', 'frame': {'alphabet': '?'}}
Correctness;2;What is the alphabet of this automaton?;Could you be more specific?;[];0.0;8;False;{'user_input': 'What is the alphabet of this automaton?', 'intent': 'fsa-practical', 'argument': 'alphabet', 'dialogue_act': 'Ta:request', 'frame': {'alphabet': '?'}}
Correctness;2;i meant to ask about the alphabet of this automaton, could you tell me what the alphabet is?;Could you be more specific?;[];0.0;9;False;{'user_input': 'i meant to ask about the alphabet of this automaton, could you tell me what the alphabet is?', 'intent': 'fsa-practical', 'argument': 'alphabet', 'dialogue_act': 'Ta:propositionalQuestion', 'frame': {'alphabet': '?'}}
Correctness;2;What is the alphabet of this automaton?;Could you be more specific?;[];0.0;10;False;{'user_input': 'What is the alphabet of this automaton?', 'intent': 'fsa-practical', 'argument': 'alphabet', 'dialogue_act': 'Ta:request', 'frame': {'alphabet': '?'}}
Correctness;2;what is the alphabet of this automaton?;Could you be more specific?;[];0.0;11;False;{'user_input': 'what is the alphabet of this automaton?', 'intent': 'fsa-practical', 'argument': 'alphabet', 'dialogue_act': 'Ta:request', 'frame': {'alphabet': '?'}}
Correctness;2;what is the alphabet of this automaton?;Could you be more specific?;[];0.0;12;False;{'user_input': 'what is the alphabet of this automaton?', 'intent': 'fsa-practical', 'argument': 'alphabet', 'dialogue_act': 'Ta:request', 'frame': {'alphabet': '?'}}
Correctness;2;what is the alphabet of this automaton?;Could you be more specific?;[];0.0;13;False;{'user_input': 'what is the alphabet of this automaton?', 'intent': 'fsa-practical', 'argument': 'alphabet', 'dialogue_act': 'Ta:request', 'frame': {'alphabet': '?'}}
Correctness;2;what is the alphabet of this automaton?;Could you be more specific?;[];0.0;14;False;{'user_input': 'what is the alphabet of this automaton?', 'intent': 'fsa-practical', 'argument': 'alphabet', 'dialogue_act': 'Ta:request', 'frame': {'alphabet': '?'}}
Correctness;3;Is q0 the only final state or are there other final states in the automaton?;The final state is q0.;['simbolo-q0'];1.0;0;False;{'user_input': 'Is q0 the only final state or are there other final states in the automaton?', 'intent': 'fsa-practical', 'argument': 'state', 'dialogue_act': 'Ta:propositionalQuestion', 'frame': {'finalStates': 'q0'}}
Correctness;3;Is q0 the only final state of this automaton?;The final state is q0.;['simbolo-q0'];1.0;0;False;{'user_input': 'Is q0 the only final state of this automaton?', 'intent': 'fsa-practical', 'argument': 'state', 'dialogue_act': 'Ta:request', 'frame': {'finalStates': 'q0'}}
Correctness;3;What is the language accepted by this automaton if the only final state is q0?;Could you be more specific?;[];0.0;1;False;{'user_input': 'What is the language accepted by this automaton if the only final state is q0?', 'intent': 'fsa-practical', 'argument': 'language', 'dialogue_act': 'Ta:request', 'frame': {'alphabet': 's', 'initialState': 'q0', 'finalStates': ['q0']}}
Correctness;3;what is the language recognized by the automaton over the alphabet {s}, given that the initial and final state is q0 and q0 is the only final state?;Could you be more specific?;[];0.1;2;False;{'user_input': 'what is the language recognized by the automaton over the alphabet {s}, given that the initial and final state is q0 and q0 is the only final state?', 'intent': 'fsa-practical', 'argument': 'language', 'dialogue_act': 'Ta:request', 'frame': {}}
Correctness;3;for this automaton, what is the language of strings that are accepted as output “accepted”?;Could you be more specific?;[];0.0;3;False;{'user_input': 'for this automaton, what is the language of strings that are accepted as output “accepted”?', 'intent': 'fsa-practical', 'argument': 'language', 'dialogue_act': 'Ta:request', 'frame': {'language': '?'}}
Correctness;3;What is the language accepted by this automaton?;Could you be more specific?;[];0.0;4;False;{'user_input': 'What is the language accepted by this automaton?', 'intent': 'fsa-practical', 'argument': 'language', 'dialogue_act': 'Ta:request', 'frame': {'input': '?'}}
Correctness;3;What is the language recognized by this automaton for the input string?;Could you be more specific?;[];0.0;5;False;{'user_input': 'What is the language recognized by this automaton for the input string?', 'intent': 'fsa-practical', 'argument': 'language', 'dialogue_act': 'Ta:request', 'frame': {'input': '?'}}
Correctness;3;Hello, could you help me understand what language is recognized by this finite state automaton for a given input?;The automaton accepts zero or more words formed by a sequence of the type 11000. In total there are 5 states: q0, q1, q2, q3 and q4. q0 is both the initial and the final state. The transitions are: q0 with value 1 goes to q1, q1 with value 1 goes to q2, q2 with value 0 goes to q3, q3 with value 0 goes to q4, q4 with value 0 goes to q0.;[];1.0;5;False;{'user_input': 'Hello, could you help me understand what language is recognized by this finite state automaton for a given input?', 'intent': 'fsa-practical', 'argument': 'automaton', 'dialogue_act': 'Ta:request', 'frame': {}}
Correctness;3;What is the language accepted by a finite state automaton that has only 2 states?;Could you be more specific?;[];0.1;6;False;{'user_input': 'What is the language accepted by a finite state automaton that has only 2 states?', 'intent': 'fsa-practical', 'argument': 'language', 'dialogue_act': 'Ta:request', 'frame': {'numberOfStates': '2'}}
Correctness;3;is the language recognized by this automaton one where the input 11000 is denied as output?;Could you be more specific?;[];0.0;7;False;{'user_input': 'is the language recognized by this automaton one where the input 11000 is denied as output?', 'intent': 'fsa-practical', 'argument': 'language', 'dialogue_act': 'Ta:propositionalQuestion', 'frame': {'input': '11000'}}
Correctness;3;I meant to ask about the language recognized by this automaton when the input is 11000.;Could you be more specific?;[];0.1;8;False;{'user_input': 'I meant to ask about the language recognized by this automaton when the input is 11000.', 'intent': 'fsa-practical', 'argument': 'language', 'dialogue_act': 'Ta:request', 'frame': {'input': '11000'}}
Correctness;3;In the language recognized by this automaton, which state is the one with the most transitions, q3?;The automaton has 5 states: q0, q1, q2, q3 and q4.;['simbolo-q0', 'simbolo-q1', 'simbolo-q2', 'simbolo-q3', 'simbolo-q4'];0.2;9;False;{'user_input': 'In the language recognized by this automaton, which state is the one with the most transitions, q3?', 'intent': 'fsa-practical', 'argument': 'state', 'dialogue_act': 'Ta:request', 'frame': {'stateWithMostTransitions': 'q3'}}
Correctness;3;What is the language accepted by this automaton for the input 11000?;Could you be more specific?;[];0.0;10;False;{'user_input': 'What is the language accepted by this automaton for the input 11000?', 'intent': 'fsa-practical', 'argument': 'language', 'dialogue_act': 'Ta:request', 'frame': {'input': '11000'}}
Correctness;3;hi, about the language of this automaton, can you please check the input 11000 for me?;Could you be more specific?;[];0.0;11;False;{'user_input': 'hi, about the language of this automaton, can you please check the input 11000 for me?', 'intent': 'fsa-practical', 'argument': 'language', 'dialogue_act': 'Ta:request', 'frame': {'input': '11000'}}
Correctness;3;For the input string 11000, what is the language recognized by this finite state automaton?;Could you be more specific?;[];0.0;12;False;{'user_input': 'For the input string 11000, what is the language recognized by this finite state automaton?', 'intent': 'fsa-practical', 'argument': 'language', 'dialogue_act': 'Ta:request', 'frame': {'input': '11000'}}
Correctness;4;For which input strings does this automaton end in an accepting state?;Could you be more specific?;[];0.0;1;False;{'user_input': 'For which input strings does this automaton end in an accepting state?', 'intent': 'fsa-practical', 'argument': 'language', 'dialogue_act': 'Ta:request', 'frame': {'input': '?'}}
Correctness;4;given the automaton shown, what state will the machine be in after processing the input string?;The automaton has 5 states: q0, q1, q2, q3 and q4.;['simbolo-q0', 'simbolo-q1', 'simbolo-q2', 'simbolo-q3', 'simbolo-q4'];0.0;2;False;{'user_input': 'given the automaton shown, what state will the machine be in after processing the input string?', 'intent': 'fsa-practical', 'argument': 'state', 'dialogue_act': 'Ta:request', 'frame': {'input': '?'}}
Correctness;4;what is the optimal spatial representation of the states in this automaton?;The automaton has 5 states: q0, q1, q2, q3 and q4.;['simbolo-q0', 'simbolo-q1', 'simbolo-q2', 'simbolo-q3', 'simbolo-q4'];0.1;3;False;{'user_input': 'what is the optimal spatial representation of the states in this automaton?', 'intent': 'fsa-practical', 'argument': 'state', 'dialogue_act': 'Ta:request', 'frame': {'optimalSpatialRepresentation': '?'}}
Correctness;4;which language is recognized by this automaton for the input string?;Could you be more specific?;[];0.1;4;False;{'user_input': 'which language is recognized by this automaton for the input string?', 'intent': 'fsa-practical', 'argument': 'language', 'dialogue_act': 'Ta:request', 'frame': {'input': '?'}}
Correctness;4;What is the input of this automaton?;Could you be more specific?;[];0.1;5;False;{'user_input': 'What is the input of this automaton?', 'intent': 'fsa-practical', 'argument': 'language', 'dialogue_act': 'Ta:request', 'frame': {'input': '?'}}
Correctness;4;Hi! For this finite state automaton, could you show me what happens to the states if the input is 11000?;The state q0 exists.;['simbolo-q0'];0.1;6;False;{'user_input': 'Hi! For this finite state automaton, could you show me what happens to the states if the input is 11000?', 'intent': 'fsa-practical', 'argument': 'state', 'dialogue_act': 'Ta:request', 'frame': {'states': '?'}}
Correctness;4;Hello, could you please help me with this finite state automaton by telling me what the input should be?;The automaton accepts zero or more words formed by a sequence of the type 11000. In total there are 5 states: q0, q1, q2, q3 and q4. q0 is both the initial and the final state. The transitions are: q0 with value 1 goes to q1, q1 with value 1 goes to q2, q2 with value 0 goes to q3, q3 with value 0 goes to q4, q4 with value 0 goes to q0.;[];1.0;6;False;{'user_input': 'Hello, could you please help me with this finite state automaton by telling me what the input should be?', 'intent': 'fsa-practical', 'argument': 'automaton', 'dialogue_act': 'Ta:request', 'frame': {}}
Correctness;5;What is the difference between a deterministic finite automaton and a non-deterministic one?;The automaton accepts zero or more words formed by a sequence of the type 11000. In total there are 5 states: q0, q1, q2, q3 and q4. q0 is both the initial and the final state. The transitions are: q0 with value 1 goes to q1, q1 with value 1 goes to q2, q2 with value 0 goes to q3, q3 with value 0 goes to q4, q4 with value 0 goes to q0.;[];0.0;1;False;{'user_input': 'What is the difference between a deterministic finite automaton and a non-deterministic one?', 'intent': 'fsa-practical', 'argument': 'automaton', 'dialogue_act': 'Ta:request', 'frame': {}}
Correctness;5;Can you show me the automaton and help me with some practical questions about it?;The automaton accepts zero or more words formed by a sequence of the type 11000. In total there are 5 states: q0, q1, q2, q3 and q4. q0 is both the initial and the final state. The transitions are: q0 with value 1 goes to q1, q1 with value 1 goes to q2, q2 with value 0 goes to q3, q3 with value 0 goes to q4, q4 with value 0 goes to q0.;[];0.9;1;False;{'user_input': 'Can you show me the automaton and help me with some practical questions about it?', 'intent': 'fsa-practical', 'argument': 'automaton', 'dialogue_act': 'Ta:request', 'frame': {}}
Correctness;5;is q3 the initial state of this automaton?;It is not the initial state.;[];1.0;1;False;{'user_input': 'is q3 the initial state of this automaton?', 'intent': 'fsa-practical', 'argument': 'state', 'dialogue_act': 'Ta:propositionalQuestion', 'frame': {'initialState': 'q3'}}
Correctness;5;Is the language recognized by this automaton regular or non-regular?;Could you be more specific?;[];0.0;2;False;{'user_input': 'Is the language recognized by this automaton regular or non-regular?', 'intent': 'fsa-practical', 'argument': 'language', 'dialogue_act': 'Ta:request', 'frame': {'input': '?'}}
Correctness;5;What is the language accepted by this finite state automaton for an unspecified input?;Could you be more specific?;[];0.1;3;False;{'user_input': 'What is the language accepted by this finite state automaton for an unspecified input?', 'intent': 'fsa-practical', 'argument': 'language', 'dialogue_act': 'Ta:request', 'frame': {'input': '?'}}
Correctness;5;In the language recognized by this automaton, which state corresponds to a state without outgoing transitions, for example q3?;The automaton has 5 states: q0, q1, q2, q3 and q4.;['simbolo-q0', 'simbolo-q1', 'simbolo-q2', 'simbolo-q3', 'simbolo-q4'];0.0;4;False;{'user_input': 'In the language recognized by this automaton, which state corresponds to a state without outgoing transitions, for example q3?', 'intent': 'fsa-practical', 'argument': 'state', 'dialogue_act': 'Ta:request', 'frame': {'stateWithoutOutgoingTransitions': '?'}}
Correctness;5;Which state in this automaton has no outgoing transitions?;The state q0 exists.;['simbolo-q0'];0.0;5;False;{'user_input': 'Which state in this automaton has no outgoing transitions?', 'intent': 'fsa-practical', 'argument': 'state', 'dialogue_act': 'Ta:request', 'frame': {'states': '?'}}
Correctness;5;what are the states of this automaton?;The state q0 exists.;['simbolo-q0'];0.2;6;False;{'user_input': 'what are the states of this automaton?', 'intent': 'fsa-practical', 'argument': 'state', 'dialogue_act': 'Ta:request', 'frame': {'states': '?'}}
Correctness;5;What are the states of this automaton?;The state q0 exists.;['simbolo-q0'];0.2;7;False;{'user_input': 'What are the states of this automaton?', 'intent': 'fsa-practical', 'argument': 'state', 'dialogue_act': 'Ta:request', 'frame': {'states': '?'}}
Correctness;5;sorry, i meant the number of states: how many states does this automaton have?;This automaton has 5 states;['simbolo-q0', 'simbolo-q1', 'simbolo-q2', 'simbolo-q3', 'simbolo-q4'];1.0;7;False;{'user_input': 'sorry, i meant the number of states: how many states does this automaton have?', 'intent': 'fsa-practical', 'argument': 'state', 'dialogue_act': 'Ta:request', 'frame': {'numberOfStates': '?'}}
Correctness;5;What are the states of this automaton?;The state q0 exists.;['simbolo-q0'];0.2;8;False;{'user_input': 'What are the states of this automaton?', 'intent': 'fsa-practical', 'argument': 'state', 'dialogue_act': 'Ta:request', 'frame': {'states': '?'}}
Correctness;5;what is the graphical representation of the states of this automaton?;The automaton has 5 states: q0, q1, q2, q3 and q4.;['simbolo-q0', 'simbolo-q1', 'simbolo-q2', 'simbolo-q3', 'simbolo-q4'];0.4;8;False;{'user_input': 'what is the graphical representation of the states of this automaton?', 'intent': 'fsa-practical', 'argument': 'state', 'dialogue_act': 'Ta:request', 'frame': {'graphicRepresentation': '?'}}
VisualRelevancy;1;What is the value of the transition from q1 to q2?;The transition between q1 and q2 is with value 1.;['simbolo-q1-q2'];1.0;0;False;{'user_input': 'What is the value of the transition from q1 to q2?', 'intent': 'fsa-practical', 'argument': 'transition', 'dialogue_act': 'Ta:request', 'frame': {'transitions': [['q1', 'q2', '?']]}}
VisualRelevancy;1;Hi, could you please tell me what the transition label is from state q1 to state q2?;The transition between q1 and q2 is with value 1.;['simbolo-q1-q2'];1.0;0;False;{'user_input': 'Hi, could you please tell me what the transition label is from state q1 to state q2?', 'intent': 'fsa-practical', 'argument': 'transition', 'dialogue_act': 'Ta:request', 'frame': {'transitions': [['q1', 'q2', '?']]}}
VisualRelevancy;1;What is the symbol that labels the transition from state q1 to state q2?;The transition between q1 and q2 is with value 1.;['simbolo-q1-q2'];1.0;0;False;{'user_input': 'What is the symbol that labels the transition from state q1 to state q2?', 'intent': 'fsa-practical', 'argument': 'transition', 'dialogue_act': 'Ta:request', 'frame': {'transitions': [['q1', 'q2', '?']]}}
VisualRelevancy;1;Which state of this automaton has the highest number of transitions?;The automaton has 5 states: q0, q1, q2, q3 and q4.;['simbolo-q0', 'simbolo-q1', 'simbolo-q2', 'simbolo-q3', 'simbolo-q4'];0.9;0;False;{'user_input': 'Which state of this automaton has the highest number of transitions?', 'intent': 'fsa-practical', 'argument': 'state', 'dialogue_act': 'Ta:request', 'frame': {'stateWithMostTransitions': '?'}}
VisualRelevancy;1;What are the source state, destination state, and input symbol of the transition from Q1 to Q2 with symbol 0?;The automaton has 5 transitions: q0 with value 1 goes to q1, q1 with value 1 goes to q2, q2 with value 0 goes to q3, q3 with value 0 goes to q4, q4 with value 0 goes to q0.;['simbolo-q0-q1', 'simbolo-q1-q2', 'simbolo-q2-q3', 'simbolo-q3-q4', 'simbolo-q4-q0'];0.9;0;False;{'user_input': 'What are the source state, destination state, and input symbol of the transition from Q1 to Q2 with symbol 0?', 'intent': 'fsa-practical', 'argument': 'transition', 'dialogue_act': 'Ta:request', 'frame': {}}
VisualRelevancy;1;what is the language recognized by this automaton?;Could you be more specific?;[];1.0;0;False;{'user_input': 'what is the language recognized by this automaton?', 'intent': 'fsa-practical', 'argument': 'language', 'dialogue_act': 'Ta:request', 'frame': {'language': '?'}}
VisualRelevancy;1;can you list all the transitions of this automaton for me?;The automaton has 5 transitions: q0 with value 1 goes to q1, q1 with value 1 goes to q2, q2 with value 0 goes to q3, q3 with value 0 goes to q4, q4 with value 0 goes to q0.;['simbolo-q0-q1', 'simbolo-q1-q2', 'simbolo-q2-q3', 'simbolo-q3-q4', 'simbolo-q4-q0'];1.0;0;False;{'user_input': 'can you list all the transitions of this automaton for me?', 'intent': 'fsa-practical', 'argument': 'transition', 'dialogue_act': 'Ta:request', 'frame': {}}
VisualRelevancy;1;can you explain what a transition is in this finite state automaton?;The automaton has 5 transitions: q0 with value 1 goes to q1, q1 with value 1 goes to q2, q2 with value 0 goes to q3, q3 with value 0 goes to q4, q4 with value 0 goes to q0.;['simbolo-q0-q1', 'simbolo-q1-q2', 'simbolo-q2-q3', 'simbolo-q3-q4', 'simbolo-q4-q0'];1.0;0;False;{'user_input': 'can you explain what a transition is in this finite state automaton?', 'intent': 'fsa-practical', 'argument': 'transition', 'dialogue_act': 'Ta:request', 'frame': {'transitions': []}}
VisualRelevancy;1;what are the transitions of this automaton?;The automaton has 5 transitions: q0 with value 1 goes to q1, q1 with value 1 goes to q2, q2 with value 0 goes to q3, q3 with value 0 goes to q4, q4 with value 0 goes to q0.;['simbolo-q0-q1', 'simbolo-q1-q2', 'simbolo-q2-q3', 'simbolo-q3-q4', 'simbolo-q4-q0'];1.0;0;False;{'user_input': 'what are the transitions of this automaton?', 'intent': 'fsa-practical', 'argument': 'transition', 'dialogue_act': 'Ta:request', 'frame': {'transitions': []}}
VisualRelevancy;1;Ok, I accept the turn and I want to talk about the transitions of this automaton.;The automaton has 5 transitions: q0 with value 1 goes to q1, q1 with value 1 goes to q2, q2 with value 0 goes to q3, q3 with value 0 goes to q4, q4 with value 0 goes to q0.;['simbolo-q0-q1', 'simbolo-q1-q2', 'simbolo-q2-q3', 'simbolo-q3-q4', 'simbolo-q4-q0'];1.0;0;False;{'user_input': 'Ok, I accept the turn and I want to talk about the transitions of this automaton.', 'intent': 'fsa-practical', 'argument': 'transition', 'dialogue_act': 'Ta:request', 'frame': {}}
VisualRelevancy;2;Is it possible to go from q2 to q4 with only one transition?;there is no transition between q2 and q4.;[];0.9;0;False;{'user_input': 'Is it possible to go from q2 to q4 with only one transition?', 'intent': 'fsa-practical', 'argument': 'transition', 'dialogue_act': 'Ta:propositionalQuestion', 'frame': {'transitions': [['q2', 'q4', '?']]}}
VisualRelevancy;2;is there a transition from this to that in this automaton, and if so, with which input symbol?;There is no transition between q2 and q4.;[];1.0;0;False;{'user_input': 'is there a transition from this to that in this automaton, and if so, with which input symbol?', 'intent': 'fsa-practical', 'argument': 'transition', 'dialogue_act': 'Ta:propositionalQuestion', 'frame': {'states': ['q2', 'q4']}, '_raw_frame': {'transitions': []}}
VisualRelevancy;2;Is there a transition from state q2 to state q4 in this automaton, and if so, with which input symbol?;there is no transition between q2 and q4.;[];1.0;0;False;{'user_input': 'Is there a transition from state q2 to state q4 in this automaton, and if so, with which input symbol?', 'intent': 'fsa-practical', 'argument': 'transition', 'dialogue_act': 'Ta:request', 'frame': {'transitions': [['q2', 'q4', '?']]}}
VisualRelevancy;2;What is the label of the transition from state q2 to state q4?;there is no transition between q2 and q4.;[];1.0;0;False;{'user_input': 'What is the label of the transition from state q2 to state q4?', 'intent': 'fsa-practical', 'argument': 'transition', 'dialogue_act': 'Ta:request', 'frame': {'transitions': [['q2', 'q4', '?']]}}
VisualRelevancy;2;what is the label of the transition from this to that?;There is no transition between q2 and q4.;[];1.0;0;False;{'user_input': 'what is the label of the transition from this to that?', 'intent': 'fsa-practical', 'argument': 'transition', 'dialogue_act': 'Ta:request', 'frame': {'states': ['q2', 'q4']}, '_raw_frame': {'transitions': []}}
VisualRelevancy;2;what is the label of the transition that goes from this to that?;There is no transition between q2 and q4.;[];1.0;0;False;{'user_input': 'what is the label of the transition that goes from this to that?', 'intent': 'fsa-practical', 'argument': 'transition', 'dialogue_act': 'Ta:request', 'frame': {'states': ['q2', 'q4']}, '_raw_frame': {'transitions': []}}
VisualRelevancy;3;What is the language accepted by this automaton?;Could you be more specific?;[];1.0;0;False;{'user_input': 'What is the language accepted by this automaton?', 'intent': 'fsa-practical', 'argument': 'language', 'dialogue_act': 'Ta:request', 'frame': {'input': '?'}}
VisualRelevancy;3;What is the language recognized by this automaton for the input string?;Could you be more specific?;[];1.0;0;False;{'user_input': 'What is the language recognized by this automaton for the input string?', 'intent': 'fsa-practical', 'argument': 'language', 'dialogue_act': 'Ta:request', 'frame': {'input': '?'}}
VisualRelevancy;3;what is the language accepted by this automaton, i.e., which strings return the machine to this?;Could you be more specific?;[];1.0;0;False;{'user_input': 'what is the language accepted by this automaton, i.e., which strings return the machine to this?', 'intent': 'fsa-practical', 'argument': 'language', 'dialogue_act': 'Ta:request', 'frame': {'states': ['q0']}, '_raw_frame': {'input': '?'}}
VisualRelevancy;3;on the basis of the automaton shown, what is the language accepted starting from this?;Could you be more specific?;[];1.0;0;False;{'user_input': 'on the basis of the automaton shown, what is the language accepted starting from this?', 'intent': 'fsa-practical', 'argument': 'language', 'dialogue_act': 'Ta:request', 'frame': {'states': ['q0']}, '_raw_frame': {'alphabet': 'a', 'input': '?'}}
VisualRelevancy;3;what is the language recognized by the automaton starting from this?;Could you be more specific?;[];1.0;0;False;{'user_input': 'what is the language recognized by the automaton starting from this?', 'intent': 'fsa-practical', 'argument': 'language', 'dialogue_act': 'Ta:request', 'frame': {'states': ['q0']}, '_raw_frame': {'input': '?'}}
VisualRelevancy;3;what is the language accepted by the automaton starting from this?;Could you be more specific?;[];1.0;0;False;{'user_input': 'what is the language accepted by the automaton starting from this?', 'intent': 'fsa-practical', 'argument': 'language', 'dialogue_act': 'Ta:request', 'frame': {'states': ['q0']}, '_raw_frame': {'input': '?'}}
VisualRelevancy;3;hello, can you help me understand the language recognized by this automaton starting from this?;Could you be more specific?;[];1.0;0;False;{'user_input': 'hello, can you help me understand the language recognized by this automaton starting from this?', 'intent': 'fsa-practical', 'argument': 'language', 'dialogue_act': 'Ta:propositionalQuestion', 'frame': {'states': ['q0']}, '_raw_frame': {'input': '?'}}
VisualRelevancy;3;what is the language accepted by the automaton starting from this?;Could you be more specific?;[];1.0;0;False;{'user_input': 'what is the language accepted by the automaton starting from this?', 'intent': 'fsa-practical', 'argument': 'language', 'dialogue_act': 'Ta:request', 'frame': {'states': ['q0']}, '_raw_frame': {'input': '?'}}
VisualRelevancy;3;Which states does the pattern recognized by this automaton involve, starting from state q0?;The state q0 exists.;['simbolo-q0'];0.8;0;False;{'user_input': 'Which states does the pattern recognized by this automaton involve, starting from state q0?', 'intent': 'fsa-practical', 'argument': 'state', 'dialogue_act': 'Ta:request', 'frame': {'states': 'q0'}}
VisualRelevancy;3;can you tell me which states are included in the automaton, starting from q0?;The state q0 exists.;['simbolo-q0'];0.9;0;False;{'user_input': 'can you tell me which states are included in the automaton, starting from q0?', 'intent': 'fsa-practical', 'argument': 'state', 'dialogue_act': 'Ta:request', 'frame': {'states': '?'}}
VisualRelevancy;3;what is the alphabet of the automaton in this?;Could you be more specific?;[];1.0;0;False;{'user_input': 'what is the alphabet of the automaton in this?', 'intent': 'fsa-practical', 'argument': 'alphabet', 'dialogue_act': 'Ta:request', 'frame': {'states': ['q0']}, '_raw_frame': {'alphabet': '?'}}
VisualRelevancy;3;What is the deterministic language type of this automaton’s states?;Could you be more specific?;[];1.0;0;False;{'user_input': 'What is the deterministic language type of this automaton’s states?', 'intent': 'fsa-practical', 'argument': 'language', 'dialogue_act': 'Ta:request', 'frame': {'states': '?'}}
VisualRelevancy;3;What can you tell me about the state q0 in this finite state automaton?;The state q0 exists.;['simbolo-q0'];0.9;0;False;{'user_input': 'What can you tell me about the state q0 in this finite state automaton?', 'intent': 'fsa-practical', 'argument': 'state', 'dialogue_act': 'Ta:request', 'frame': {'states': ['q0']}}
VisualRelevancy;3;can you tell me which states are included in the automaton, starting from q0?;The state q0 exists.;['simbolo-q0'];0.9;0;False;{'user_input': 'can you tell me which states are included in the automaton, starting from q0?', 'intent': 'fsa-practical', 'argument': 'state', 'dialogue_act': 'Ta:request', 'frame': {'states': '?'}}
VisualRelevancy;4;Is q0 the only final state of this automaton?;The automaton has 5 states: q0, q1, q2, q3 and q4.;['simbolo-q0', 'simbolo-q1', 'simbolo-q2', 'simbolo-q3', 'simbolo-q4'];0.8;0;False;{'user_input': 'Is q0 the only final state of this automaton?', 'intent': 'fsa-practical', 'argument': 'state', 'dialogue_act': 'Ta:propositionalQuestion', 'frame': {'state': 'q0'}}
VisualRelevancy;4;which information can you tell me about this in this automaton?;The automaton accepts zero or more words formed by a sequence of the type 11000. In total there are 5 states: q0, q1, q2, q3 and q4. q0 is both the initial and the final state. The transitions are: q0 with value 1 goes to q1, q1 with value 1 goes to q2, q2 with value 0 goes to q3, q3 with value 0 goes to q4, q4 with value 0 goes to q0.;[];1.0;0;False;{'user_input': 'which information can you tell me about this in this automaton?', 'intent': 'fsa-practical', 'argument': 'automaton', 'dialogue_act': 'Ta:request', 'frame': {'states': ['q0']}, '_raw_frame': {'input': '?'}}
VisualRelevancy;4;What information can you tell me about the state q0?;The automaton has 5 states: q0, q1, q2, q3 and q4.;['simbolo-q0', 'simbolo-q1', 'simbolo-q2', 'simbolo-q3', 'simbolo-q4'];0.1;1;False;{'user_input': 'What information can you tell me about the state q0?', 'intent': 'fsa-practical', 'argument': 'state', 'dialogue_act': 'Ta:request', 'frame': {'state': 'q0'}}
VisualRelevancy;4;Set the current question on the automaton to focus on state q0.;The state q0 exists.;['simbolo-q0'];0.9;1;False;{'user_input': 'Set the current question on the automaton to focus on state q0.', 'intent': 'fsa-practical', 'argument': 'state', 'dialogue_act': 'Ta:request', 'frame': {'states': 'q0'}}
VisualRelevancy;4;what information can you tell me about this in this automaton?;The automaton accepts zero or more words formed by a sequence of the type 11000. In total there are 5 states: q0, q1, q2, q3 and q4. q0 is both the initial and the final state. The transitions are: q0 with value 1 goes to q1, q1 with value 1 goes to q2, q2 with value 0 goes to q3, q3 with value 0 goes to q4, q4 with value 0 goes to q0.;[];1.0;1;False;{'user_input': 'what information can you tell me about this in this automaton?', 'intent': 'fsa-practical', 'argument': 'automaton', 'dialogue_act': 'Ta:request', 'frame': {'states': ['q0']}, '_raw_frame': {}}
VisualRelevancy;4;The final state of this automaton is Q3.;The final state is q0.;['simbolo-q0'];1.0;1;False;{'user_input': 'The final state of this automaton is Q3.', 'intent': 'fsa-practical', 'argument': 'state', 'dialogue_act': 'Ta:request', 'frame': {'finalStates': 'Q3'}}
VisualRelevancy;4;from this in this automaton, what practical information can you tell me?;The state q0 exists.;['simbolo-q0'];0.9;1;False;{'user_input': 'from this in this automaton, what practical information can you tell me?', 'intent': 'fsa-practical', 'argument': None, 'dialogue_act': 'Ta:request', 'frame': {'states': ['q0']}, '_raw_frame': {}}
VisualRelevancy;4;in this automaton, the final states are q1 and q2.;The final state is q0.;['simbolo-q0'];0.2;2;False;{'user_input': 'in this automaton, the final states are q1 and q2.', 'intent': 'fsa-practical', 'argument': 'state', 'dialogue_act': 'Ta:request', 'frame': {'finalStates': 'q1'}}
VisualRelevancy;5;Does this automaton accept the input string 11000?;Could you be more specific?;[];1.0;0;False;{'user_input': 'Does this automaton accept the input string 11000?', 'intent': 'fsa-practical', 'argument': 'language', 'dialogue_act': 'Ta:request', 'frame': {'input': '11000'}}
VisualRelevancy;5;Thanks! For this automaton’s language, could you please tell me what happens with the input string 11000?;Could you be more specific?;[];1.0;0;False;{'user_input': 'Thanks! For this automaton’s language, could you please tell me what happens with the input string 11000?', 'intent': 'fsa-practical', 'argument': 'language', 'dialogue_act': 'Ta:request', 'frame': {'input': '11000'}}
VisualRelevancy;5;what is the language accepted by this automaton for the input 11000?;Could you be more specific?;[];1.0;0;False;{'user_input': 'what is the language accepted by this automaton for the input 11000?', 'intent': 'fsa-practical', 'argument': 'language', 'dialogue_act': 'Ta:request', 'frame': {'input': '11000'}}
VisualRelevancy;5;is the language accepted by this deterministic automaton regular or deterministic?;Could you be more specific?;[];1.0;0;False;{'user_input': 'is the language accepted by this deterministic automaton regular or deterministic?', 'intent': 'fsa-practical', 'argument': 'language', 'dialogue_act': 'Ta:propositionalQuestion', 'frame': {'input': '?'}}
VisualRelevancy;5;in the language recognized by this automaton, which state is the one with the most transitions, q3?;The automaton has 5 states: q0, q1, q2, q3 and q4.;['simbolo-q0', 'simbolo-q1', 'simbolo-q2', 'simbolo-q3', 'simbolo-q4'];0.8;0;False;{'user_input': 'in the language recognized by this automaton, which state is the one with the most transitions, q3?', 'intent': 'fsa-practical', 'argument': 'state', 'dialogue_act': 'Ta:request', 'frame': {'stateCount': 'q3'}}
VisualRelevancy;5;thank you for helping me understand the automaton’s states, especially this.;The state q3 exists.;['simbolo-q3'];1.0;0;False;{'user_input': 'thank you for helping me understand the automaton’s states, especially this.', 'intent': 'fsa-practical', 'argument': None, 'dialogue_act': 'Ta:request', 'frame': {'states': ['q3']}, '_raw_frame': {'states': '?', 'transitions': [], 'input': '?'}}
VisualRelevancy;5;What are the transitions that involve state Q4?;the transition is not defined.;[];1.0;0;False;{'user_input': 'What are the transitions that involve state Q4?', 'intent': 'fsa-practical', 'argument': 'transition', 'dialogue_act': 'Ta:request', 'frame': {'transitions': [['Q4', '?', '?']]}}
VisualRelevancy;5;i meant to say that q3 is a state of the automaton.;The automaton has 5 states: q0, q1, q2, q3 and q4.;['simbolo-q0', 'simbolo-q1', 'simbolo-q2', 'simbolo-q3', 'simbolo-q4'];1.0;0;False;{'user_input': 'i meant to say that q3 is a state of the automaton.', 'intent': 'fsa-practical', 'argument': 'state', 'dialogue_act': 'Ta:propositionalQuestion', 'frame': {'state': 'q3'}}
VisualRelevancy;5;What is the language accepted by the automaton starting from state q3?;Could you be more specific?;[];1.0;0;False;{'user_input': 'What is the language accepted by the automaton starting from state q3?', 'intent': 'fsa-practical', 'argument': 'language', 'dialogue_act': 'Ta:request', 'frame': {'initialState': 'q3'}}
VisualRelevancy;5;From state q3, which state does the automaton go to on input 0?;The automaton has 5 states: q0, q1, q2, q3 and q4.;['simbolo-q0', 'simbolo-q1', 'simbolo-q2', 'simbolo-q3', 'simbolo-q4'];0.3;1;False;{'user_input': 'From state q3, which state does the automaton go to on input 0?', 'intent': 'fsa-practical', 'argument': 'state', 'dialogue_act': 'Ta:request', 'frame': {'transitions': [['q3', '?', '0']]}}
VisualRelevancy;5;which state is q1 in this automaton?;The automaton has 5 states: q0, q1, q2, q3 and q4.;['simbolo-q0', 'simbolo-q1', 'simbolo-q2', 'simbolo-q3', 'simbolo-q4'];0.2;2;False;{'user_input': 'which state is q1 in this automaton?', 'intent': 'fsa-practical', 'argument': 'state', 'dialogue_act': 'Ta:request', 'frame': {'stateNames': 'q1'}}
VisualRelevancy;5;The state that has exactly 2 transitions in this automaton is q0, right?;The automaton has 5 states: q0, q1, q2, q3 and q4.;['simbolo-q0', 'simbolo-q1', 'simbolo-q2', 'simbolo-q3', 'simbolo-q4'];0.3;3;False;{'user_input': 'The state that has exactly 2 transitions in this automaton is q0, right?', 'intent': 'fsa-practical', 'argument': 'state', 'dialogue_act': 'Ta:request', 'frame': {'state': 'q0'}}
VisualRelevancy;5;Which information can you tell me about state q1 in this automaton?;The state q0 exists.;['simbolo-q0'];0.2;4;False;{'user_input': 'Which information can you tell me about state q1 in this automaton?', 'intent': 'fsa-practical', 'argument': 'state', 'dialogue_act': 'Ta:request', 'frame': {'states': 'q1'}}
VisualRelevancy;5;How many states does this automaton have if I consider only 2 states?;This automaton has 5 states;['simbolo-q0', 'simbolo-q1', 'simbolo-q2', 'simbolo-q3', 'simbolo-q4'];1.0;4;False;{'user_input': 'How many states does this automaton have if I consider only 2 states?', 'intent': 'fsa-practical', 'argument': 'state', 'dialogue_act': 'Ta:request', 'frame': {'numberOfStates': '?'}}
VisualRelevancy;5;hi, i’d like to ask something practical about the states of this automaton, specifically about this.;The automaton accepts zero or more words formed by a sequence of the type 11000. In total there are 5 states: q0, q1, q2, q3 and q4. q0 is both the initial and the final state. The transitions are: q0 with value 1 goes to q1, q1 with value 1 goes to q2, q2 with value 0 goes to q3, q3 with value 0 goes to q4, q4 with value 0 goes to q0.;[];1.0;4;False;{'user_input': 'hi, i’d like to ask something practical about the states of this automaton, specifically about this.', 'intent': 'fsa-practical', 'argument': 'automaton', 'dialogue_act': 'Ta:request', 'frame': {'states': ['q1']}, '_raw_frame': {'states': '?'}}
BaseLine;4;Is there any transition that leaves q3 on input 1?;the transition is not defined.;[];-1;-1;False;{'user_input': 'Is there any transition that leaves q3 on input 1?', 'intent': 'fsa-practical', 'argument': 'transition', 'dialogue_act': 'Ta:request', 'frame': {'transitions': [['?', 'q3', '?', '1']]}};[1.0, 1.0, 1.0, 1.0]
BaseLine;5;Does this automaton represent a regular language or not?;Could you be more specific?;[];-1;-1;False;{'user_input': 'Does this automaton represent a regular language or not?', 'intent': 'fsa-practical', 'argument': 'language', 'dialogue_act': 'Ta:propositionalQuestion', 'frame': {'input': '?'}};[0.0, 0.1, 0.0, 1.0]
BaseLine;6;Can q2 reach q4 by following any path in this automaton?;there is no transition between q2 and q4.;[];-1;-1;False;{'user_input': 'Can q2 reach q4 by following any path in this automaton?', 'intent': 'fsa-practical', 'argument': 'transition', 'dialogue_act': 'Ta:request', 'frame': {'transitions': [['q2', 'q4', '?']]}};[0.2, 0.4, 0.2, 1.0]
BaseLine;7;Tell me the symbol on the arrow that goes from q1 to q2.;The transition between q1 and q2 is with value 1.;['simbolo-q1-q2'];-1;-1;False;{'user_input': 'Tell me the symbol on the arrow that goes from q1 to q2.', 'intent': 'fsa-practical', 'argument': 'transition', 'dialogue_act': 'Ta:request', 'frame': {'transitions': [['q1', 'q2', '?']]}};[1.0, 1.0, 1.0, 1.0]
BaseLine;8;From q0, what exact input gets me back to q0 using only shown transitions?;there is no transition between q0 and q0.;[];-1;-1;False;{'user_input': 'From q0, what exact input gets me back to q0 using only shown transitions?', 'intent': 'fsa-practical', 'argument': 'transition', 'dialogue_act': 'Ta:request', 'frame': {'transitions': [['q0', 'q0', 'input:?']]}};[0.0, 0.2, 0.0, 1.0]
BaseLine;9;Which states in this machine are counted as accepting?;The automaton has 5 states: q0, q1, q2, q3 and q4.;['simbolo-q0', 'simbolo-q1', 'simbolo-q2', 'simbolo-q3', 'simbolo-q4'];-1;-1;False;{'user_input': 'Which states in this machine are counted as accepting?', 'intent': 'fsa-practical', 'argument': 'state', 'dialogue_act': 'Ta:request', 'frame': {'stateTypes': '?'}};[0.0, 0.2, 0.0, 0.2]
BaseLine;10;Is the drawing meant to show a deterministic automaton or not?;The automaton accepts zero or more words formed by a sequence of the type 11000. In total there are 5 states: q0, q1, q2, q3 and q4. q0 is both the initial and the final state. The transitions are: q0 with value 1 goes to q1, q1 with value 1 goes to q2, q2 with value 0 goes to q3, q3 with value 0 goes to q4, q4 with value 0 goes to q0.;[];-1;-1;False;{'user_input': 'Is the drawing meant to show a deterministic automaton or not?', 'intent': 'fsa-practical', 'argument': 'automaton', 'dialogue_act': 'Ta:propositionalQuestion', 'frame': {'graphicInput': '?'}};[0.1, 0.2, 0.2, 1.0]
BaseLine;11;What is the complete alphabet that this automaton uses?;Could you be more specific?;[];-1;-1;False;{'user_input': 'What is the complete alphabet that this automaton uses?', 'intent': 'fsa-practical', 'argument': 'alphabet', 'dialogue_act': 'Ta:request', 'frame': {'alphabet': '?'}};[0.0, 0.1, 0.0, 1.0]
BaseLine;12;How many different states are in this picture in total?;This automaton has 5 states;['simbolo-q0', 'simbolo-q1', 'simbolo-q2', 'simbolo-q3', 'simbolo-q4'];-1;-1;False;{'user_input': 'How many different states are in this picture in total?', 'intent': 'fsa-practical', 'argument': 'state', 'dialogue_act': 'Ta:request', 'frame': {'numberOfStates': '?'}};[1.0, 1.0, 1.0, 1.0]
BaseLine;13;List every transition that starts from q3.;The automaton has 5 transitions: q0 with value 1 goes to q1, q1 with value 1 goes to q2, q2 with value 0 goes to q3, q3 with value 0 goes to q4, q4 with value 0 goes to q0.;['simbolo-q0-q1', 'simbolo-q1-q2', 'simbolo-q2-q3', 'simbolo-q3-q4', 'simbolo-q4-q0'];-1;-1;False;{'user_input': 'List every transition that starts from q3.', 'intent': 'fsa-practical', 'argument': 'transition', 'dialogue_act': 'Ta:request', 'frame': {'transitions': []}};[0.2, 0.3, 0.5, 0.9]
BaseLine;14;Does this automaton accept any string that ends in 000?;Could you be more specific?;[];-1;-1;False;{'user_input': 'Does this automaton accept any string that ends in 000?', 'intent': 'fsa-practical', 'argument': 'language', 'dialogue_act': 'Ta:propositionalQuestion', 'frame': {'input': '000'}};[0.0, 0.1, 0.0, 1.0]
BaseLine;15;What is the shortest input that takes me from q0 to q3?;The automaton accepts zero or more words formed by a sequence of the type 11000. In total there are 5 states: q0, q1, q2, q3 and q4. q0 is both the initial and the final state. The transitions are: q0 with value 1 goes to q1, q1 with value 1 goes to q2, q2 with value 0 goes to q3, q3 with value 0 goes to q4, q4 with value 0 goes to q0.;[];-1;-1;False;{'user_input': 'What is the shortest input that takes me from q0 to q3?', 'intent': 'fsa-practical', 'argument': None, 'dialogue_act': 'Ta:request', 'frame': {'input': '?'}};[0.2, 0.4, 0.3, 1.0]
BaseLine;16;Is q0 the only final state in this automaton?;The final state is q0.;['simbolo-q0'];-1;-1;False;{'user_input': 'Is q0 the only final state in this automaton?', 'intent': 'fsa-practical', 'argument': 'state', 'dialogue_act': 'Ta:propositionalQuestion', 'frame': {'finalStates': 'q0'}};[1.0, 1.0, 1.0, 1.0]
BaseLine;17;What kind of language does this automaton recognize, regular or something else?;Could you be more specific?;[];-1;-1;False;{'user_input': 'What kind of language does this automaton recognize, regular or something else?', 'intent': 'fsa-practical', 'argument': 'language', 'dialogue_act': 'Ta:propositionalQuestion', 'frame': {'input': '?'}};[0.0, 0.1, 0.0, 1.0]
BaseLine;18;Tell me the transition label between q4 and q0.;The transition between q4 and q0 is with value 0.;['simbolo-q4-q0'];-1;-1;False;{'user_input': 'Tell me the transition label between q4 and q0.', 'intent': 'fsa-practical', 'argument': 'transition', 'dialogue_act': 'Ta:request', 'frame': {'transitions': [['q4', 'q0', '?']]}};[1.0, 1.0, 1.0, 1.0]
BaseLine;19;If I start in q1, what is the output for the input 1000?;The transition between q1 and q2 is with value 1.;['simbolo-q1-q2'];-1;-1;False;{'user_input': 'If I start in q1, what is the output for the input 1000?', 'intent': 'fsa-practical', 'argument': 'transition', 'dialogue_act': 'Ta:request', 'frame': {'transitions': [['q1', 'q2', '?']]}};[0.1, 0.3, 0.2, 0.9]
BaseLine;20;Is there any state here that has no outgoing transitions at all?;The state q0 exists.;['simbolo-q0'];-1;-1;False;{'user_input': 'Is there any state here that has no outgoing transitions at all?', 'intent': 'fsa-practical', 'argument': 'state', 'dialogue_act': 'Ta:request', 'frame': {'states': '?'}};[0.0, 0.2, 0.0, 0.2]
BaseLine;21;Is q0 the only state where a run can finish?;The automaton has 5 states: q0, q1, q2, q3 and q4.;['simbolo-q0', 'simbolo-q1', 'simbolo-q2', 'simbolo-q3', 'simbolo-q4'];-1;-1;False;{'user_input': 'Is q0 the only state where a run can finish?', 'intent': 'fsa-practical', 'argument': 'state', 'dialogue_act': 'Ta:propositionalQuestion', 'frame': {'onlyState': 'q0'}};[0.0, 0.2, 0.0, 0.3]
BaseLine;22;From q2, can I ever reach q4 using just the shown transitions?;there is no transition between q2 and q4.;[];-1;-1;False;{'user_input': 'From q2, can I ever reach q4 using just the shown transitions?', 'intent': 'fsa-practical', 'argument': 'transition', 'dialogue_act': 'Ta:request', 'frame': {'transitions': [['q2', 'q4', '?']]}};[0.2, 0.4, 0.2, 1.0]
BaseLine;23;Tell me the symbol on the arrow that goes from q1 to q2.;The transition between q1 and q2 is with value 1.;['simbolo-q1-q2'];-1;-1;False;{'user_input': 'Tell me the symbol on the arrow that goes from q1 to q2.', 'intent': 'fsa-practical', 'argument': 'transition', 'dialogue_act': 'Ta:request', 'frame': {'transitions': [['q1', 'q2', '?']]}};[1.0, 1.0, 1.0, 1.0]
BaseLine;24;Show me a path that starts in q0 and uses every state exactly once.;The automaton accepts zero or more words formed by a sequence of the type 11000. In total there are 5 states: q0, q1, q2, q3 and q4. q0 is both the initial and the final state. The transitions are: q0 with value 1 goes to q1, q1 with value 1 goes to q2, q2 with value 0 goes to q3, q3 with value 0 goes to q4, q4 with value 0 goes to q0.;[];-1;-1;False;{'user_input': 'Show me a path that starts in q0 and uses every state exactly once.', 'intent': None, 'argument': None, 'dialogue_act': None, 'frame': {}};[0.1, 0.3, 0.2, 1.0]
BaseLine;25;Does this machine ever stop in a state that is not q0 after reading a full input?;The automaton has 5 transitions: q0 with value 1 goes to q1, q1 with value 1 goes to q2, q2 with value 0 goes to q3, q3 with value 0 goes to q4, q4 with value 0 goes to q0.;['simbolo-q0-q1', 'simbolo-q1-q2', 'simbolo-q2-q3', 'simbolo-q3-q4', 'simbolo-q4-q0'];-1;-1;False;{'user_input': 'Does this machine ever stop in a state that is not q0 after reading a full input?', 'intent': 'fsa-practical', 'argument': 'transition', 'dialogue_act': 'Ta:propositionalQuestion', 'frame': {'transitions': []}};[0.1, 0.2, 0.2, 0.9]
BaseLine;26;What kind of strings does this automaton accept in general terms?;Could you be more specific?;[];-1;-1;False;{'user_input': 'What kind of strings does this automaton accept in general terms?', 'intent': 'fsa-practical', 'argument': 'language', 'dialogue_act': 'Ta:request', 'frame': {'input': 'type'}};[0.0, 0.1, 0.0, 1.0]
BaseLine;27;Is this automaton deterministic or not?;The automaton accepts zero or more words formed by a sequence of the type 11000. In total there are 5 states: q0, q1, q2, q3 and q4. q0 is both the initial and the final state. The transitions are: q0 with value 1 goes to q1, q1 with value 1 goes to q2, q2 with value 0 goes to q3, q3 with value 0 goes to q4, q4 with value 0 goes to q0.;[];-1;-1;False;{'user_input': 'Is this automaton deterministic or not?', 'intent': 'fsa-practical', 'argument': 'automaton', 'dialogue_act': 'Ta:propositionalQuestion', 'frame': {'automatonType': '?'}};[0.1, 0.2, 0.2, 1.0]
BaseLine;28;How many different arrows are drawn between all the states in the picture?;The automaton has 5 transitions: q0 with value 1 goes to q1, q1 with value 1 goes to q2, q2 with value 0 goes to q3, q3 with value 0 goes to q4, q4 with value 0 goes to q0.;['simbolo-q0-q1', 'simbolo-q1-q2', 'simbolo-q2-q3', 'simbolo-q3-q4', 'simbolo-q4-q0'];-1;-1;False;{'user_input': 'How many different arrows are drawn between all the states in the picture?', 'intent': 'fsa-practical', 'argument': 'transition', 'dialogue_act': 'Ta:request', 'frame': {'numberOfTransitions': '?'}};[1.0, 1.0, 1.0, 1.0]
BaseLine;29;Which state do I start from if I want the automaton to run?;The initial state is q0.;['simbolo-q0'];-1;-1;False;{'user_input': 'Which state do I start from if I want the automaton to run?', 'intent': 'fsa-practical', 'argument': 'state', 'dialogue_act': 'Ta:request', 'frame': {'initialState': '?'}};[1.0, 1.0, 1.0, 1.0]
BaseLine;30;List every state that counts as an accepting state in this diagram.;The state q0 exists.;['simbolo-q0'];-1;-1;False;{'user_input': 'List every state that counts as an accepting state in this diagram.', 'intent': 'fsa-practical', 'argument': 'state', 'dialogue_act': 'Ta:request', 'frame': {'states': '?'}};[1.0, 1.0, 1.0, 1.0]
BaseLine;31;What is the smallest number of symbols that can take me from q0 back to q0?;there is no transition between q0 and q0.;[];-1;-1;False;{'user_input': 'What is the smallest number of symbols that can take me from q0 back to q0?', 'intent': 'fsa-practical', 'argument': 'transition', 'dialogue_act': 'Ta:request', 'frame': {'transitions': [['q0', 'q0', '?']]}};[0.0, 0.2, 0.0, 1.0]
BaseLine;32;If the alphabet were changed to {a,b}, would the same picture still make sense?;Could you be more specific?;[];-1;-1;False;{'user_input': 'If the alphabet were changed to {a,b}, would the same picture still make sense?', 'intent': 'fsa-practical', 'argument': 'alphabet', 'dialogue_act': 'Ta:request', 'frame': {'alphabet': 'a'}};[0.1, 0.1, 0.1, 1.0]
BaseLine;33;Describe the pattern you see in the labels of the transitions around the cycle.;Could you be more specific?;[];-1;-1;False;{'user_input': 'Describe the pattern you see in the labels of the transitions around the cycle.', 'intent': 'fsa-practical', 'argument': 'pattern', 'dialogue_act': 'Ta:request', 'frame': {'patternType': '?'}};[0.0, 0.1, 0.0, 1.0]
BaseLine;34;Does the machine ever read a 0 when it moves out of q0 in this drawing?;the transition is not defined.;[];-1;-1;False;{'user_input': 'Does the machine ever read a 0 when it moves out of q0 in this drawing?', 'intent': 'fsa-practical', 'argument': 'transition', 'dialogue_act': 'Ta:propositionalQuestion', 'frame': {'transitions': [['q0', '?', '0'], ['?', 'q0', '?']]}};[1.0, 1.0, 1.0, 1.0]
BaseLine;35;What output should I expect when the machine finishes reading an input string?;Could you be more specific?;[];-1;-1;False;{'user_input': 'What output should I expect when the machine finishes reading an input string?', 'intent': 'fsa-practical', 'argument': 'language', 'dialogue_act': 'Ta:request', 'frame': {'output': '?'}};[0.1, 0.2, 0.1, 1.0]
BaseLine;36;Can you tell me what happens from q1 if I see another 1?;there is no transition between q1 and q1.;[];-1;-1;False;{'user_input': 'Can you tell me what happens from q1 if I see another 1?', 'intent': 'fsa-practical', 'argument': 'transition', 'dialogue_act': 'Ta:request', 'frame': {'transitions': [['q1', 'q1', '?'], ['q1', '?', '1']]}};[0.9, 0.9, 0.9, 1.0]
BaseLine;37;From q3, where do I end up after reading one more 0?;there is no transition between q3 and q3.;[];-1;-1;False;{'user_input': 'From q3, where do I end up after reading one more 0?', 'intent': 'fsa-practical', 'argument': 'transition', 'dialogue_act': 'Ta:request', 'frame': {'transitions': [['q3', 'q3', 'input:0']]}};[0.0, 0.2, 0.0, 0.9]
BaseLine;38;Is there any way to jump directly from q2 to q4 in this machine?;there is no transition between q2 and q4.;[];-1;-1;False;{'user_input': 'Is there any way to jump directly from q2 to q4 in this machine?', 'intent': 'fsa-practical', 'argument': 'transition', 'dialogue_act': 'Ta:propositionalQuestion', 'frame': {'transitions': [['q2', 'q4', '?']]}};[1.0, 1.0, 1.0, 1.0]
BaseLine;39;What is written on the arrow that goes out of q0 toward q1?;The transition between q0 and q1 is with value 1.;['simbolo-q0-q1'];-1;-1;False;{'user_input': 'What is written on the arrow that goes out of q0 toward q1?', 'intent': 'fsa-practical', 'argument': 'transition', 'dialogue_act': 'Ta:request', 'frame': {'transitions': [['q0', 'q1', '?']]}};[1.0, 1.0, 1.0, 1.0]
BaseLine;40;Which states in this automaton count as final for accepting a word?;The final state is q0.;['simbolo-q0'];-1;-1;False;{'user_input': 'Which states in this automaton count as final for accepting a word?', 'intent': 'fsa-practical', 'argument': 'state', 'dialogue_act': 'Ta:request', 'frame': {'finalStates': '?'}};[1.0, 1.0, 1.0, 1.0]
BaseLine;41;Tell me the total number of arrows between all the states in this picture.;The automaton has 5 transitions: q0 with value 1 goes to q1, q1 with value 1 goes to q2, q2 with value 0 goes to q3, q3 with value 0 goes to q4, q4 with value 0 goes to q0.;['simbolo-q0-q1', 'simbolo-q1-q2', 'simbolo-q2-q3', 'simbolo-q3-q4', 'simbolo-q4-q0'];-1;-1;False;{'user_input': 'Tell me the total number of arrows between all the states in this picture.', 'intent': 'fsa-practical', 'argument': 'transition', 'dialogue_act': 'Ta:request', 'frame': {'numberOfTransitions': '?'}};[1.0, 1.0, 1.0, 1.0]
BaseLine;42;Does this automaton accept the input string 11000?;Could you be more specific?;[];-1;-1;False;{'user_input': 'Does this automaton accept the input string 11000?', 'intent': 'fsa-practical', 'argument': 'language', 'dialogue_act': 'Ta:propositionalQuestion', 'frame': {'input': '11000'}};[0.0, 0.1, 0.0, 1.0]
BaseLine;43;What is the name of the state where the run always begins?;The initial state is q0.;['simbolo-q0'];-1;-1;False;{'user_input': 'What is the name of the state where the run always begins?', 'intent': 'fsa-practical', 'argument': 'state', 'dialogue_act': 'Ta:request', 'frame': {'initialState': '?'}};[1.0, 1.0, 1.0, 1.0]
BaseLine;44;Is this machine supposed to be deterministic or something else?;The state q0 exists.;['simbolo-q0'];-1;-1;False;{'user_input': 'Is this machine supposed to be deterministic or something else?', 'intent': 'fsa-practical', 'argument': 'state', 'dialogue_act': 'Ta:request', 'frame': {'states': '?'}};[0.0, 0.1, 0.0, 0.8]
BaseLine;45;Explain what kind of language this automaton is meant to recognize.;Could you be more specific?;[];-1;-1;False;{'user_input': 'Explain what kind of language this automaton is meant to recognize.', 'intent': 'fsa-practical', 'argument': 'language', 'dialogue_act': 'Ta:request', 'frame': {'input': '?'}};[0.0, 0.1, 0.0, 1.0]
BaseLine;46;Show me the full list of states that appear in this diagram.;The state q0 exists.;['simbolo-q0'];-1;-1;False;{'user_input': 'Show me the full list of states that appear in this diagram.', 'intent': 'fsa-practical', 'argument': 'state', 'dialogue_act': 'Ta:request', 'frame': {'states': '?'}};[0.2, 0.3, 0.2, 0.8]
BaseLine;47;Which state do I return to after three zeros starting from q2?;The state q0 exists.;['simbolo-q0'];-1;-1;False;{'user_input': 'Which state do I return to after three zeros starting from q2?', 'intent': 'fsa-practical', 'argument': 'state', 'dialogue_act': 'Ta:request', 'frame': {'states': 'q2'}};[0.0, 0.1, 0.0, 0.0]
BaseLine;48;What is the alphabet used for the transitions in this automaton?;Could you be more specific?;[];-1;-1;False;{'user_input': 'What is the alphabet used for the transitions in this automaton?', 'intent': 'fsa-practical', 'argument': 'alphabet', 'dialogue_act': 'Ta:request', 'frame': {'alphabet': '?'}};[0.0, 0.1, 0.0, 1.0]
BaseLine;49;Point out the state that is both the starting state and an accepting state.;The state q0 exists.;['simbolo-q0'];-1;-1;False;{'user_input': 'Point out the state that is both the starting state and an accepting state.', 'intent': 'fsa-practical', 'argument': 'state', 'dialogue_act': 'Ta:request', 'frame': {'states': '?'}};[0.9, 0.9, 1.0, 1.0]
BaseLine;50;Does any state here have no arrows leaving it at all?;The state q0 exists.;['simbolo-q0'];-1;-1;False;{'user_input': 'Does any state here have no arrows leaving it at all?', 'intent': 'fsa-practical', 'argument': 'state', 'dialogue_act': 'Ta:request', 'frame': {'states': '?'}};[0.0, 0.1, 0.0, 0.2]
BaseLine;51;Can you tell me which state we start from in this picture?;The automaton has 5 states: q0, q1, q2, q3 and q4.;['simbolo-q0', 'simbolo-q1', 'simbolo-q2', 'simbolo-q3', 'simbolo-q4'];-1;-1;False;{'user_input': 'Can you tell me which state we start from in this picture?', 'intent': 'fsa-practical', 'argument': 'state', 'dialogue_act': 'Ta:request', 'frame': {'state': '?'}};[0.0, 0.3, 0.2, 0.2]
BaseLine;52;From q1, what single symbol takes me to q2?;The transition between q1 and q2 is with value 1.;['simbolo-q1-q2'];-1;-1;False;{'user_input': 'From q1, what single symbol takes me to q2?', 'intent': 'fsa-practical', 'argument': 'transition', 'dialogue_act': 'Ta:request', 'frame': {'transitions': [['q1', 'q2', '?']]}};[1.0, 1.0, 1.0, 1.0]
BaseLine;53;Is there any way to reach q4 directly from q2 in this automaton?;there is no transition between q2 and q4.;[];-1;-1;False;{'user_input': 'Is there any way to reach q4 directly from q2 in this automaton?', 'intent': 'fsa-practical', 'argument': 'transition', 'dialogue_act': 'Ta:propositionalQuestion', 'frame': {'transitions': [['q2', 'q4', '?']]}};[0.95, 1.0, 1.0, 1.0]
BaseLine;54;What is the label on the transition that returns me to q0 from q4?;The transition between q4 and q0 is with value 0.;['simbolo-q4-q0'];-1;-1;False;{'user_input': 'What is the label on the transition that returns me to q0 from q4?', 'intent': 'fsa-practical', 'argument': 'transition', 'dialogue_act': 'Ta:request', 'frame': {'transitions': [['q4', 'q0', '?']]}};[1.0, 1.0, 1.0, 1.0]
BaseLine;55;How many different states appear in this machine’s diagram?;This automaton has 5 states;['simbolo-q0', 'simbolo-q1', 'simbolo-q2', 'simbolo-q3', 'simbolo-q4'];-1;-1;False;{'user_input': 'How many different states appear in this machine’s diagram?', 'intent': 'fsa-practical', 'argument': 'state', 'dialogue_act': 'Ta:request', 'frame': {'numberOfStates': '?'}};[1.0, 1.0, 1.0, 1.0]
BaseLine;56;Which of these states count as final in this automaton?;The final state is q0.;['simbolo-q0'];-1;-1;False;{'user_input': 'Which of these states count as final in this automaton?', 'intent': 'fsa-practical', 'argument': 'state', 'dialogue_act': 'Ta:request', 'frame': {'finalStates': '?'}};[1.0, 1.0, 1.0, 1.0]
BaseLine;57;Does the machine accept the input string 11000?;Could you be more specific?;[];-1;-1;False;{'user_input': 'Does the machine accept the input string 11000?', 'intent': 'fsa-practical', 'argument': 'language', 'dialogue_act': 'Ta:request', 'frame': {'input': '11000'}};[0.0, 0.1, 0.0, 1.0]
BaseLine;58;What kind of automaton is this, deterministic or not?;The automaton accepts zero or more words formed by a sequence of the type 11000. In total there are 5 states: q0, q1, q2, q3 and q4. q0 is both the initial and the final state. The transitions are: q0 with value 1 goes to q1, q1 with value 1 goes to q2, q2 with value 0 goes to q3, q3 with value 0 goes to q4, q4 with value 0 goes to q0.;[];-1;-1;False;{'user_input': 'What kind of automaton is this, deterministic or not?', 'intent': 'fsa-practical', 'argument': 'automaton', 'dialogue_act': 'Ta:request', 'frame': {}};[0.1, 0.3, 0.2, 1.0]
BaseLine;59;What symbols form the alphabet used by this machine?;Could you be more specific?;[];-1;-1;False;{'user_input': 'What symbols form the alphabet used by this machine?', 'intent': 'fsa-practical', 'argument': 'alphabet', 'dialogue_act': 'Ta:request', 'frame': {'alphabet': '?'}};[0.0, 0.1, 0.0, 1.0]
BaseLine;60;How many transitions are drawn in total in the diagram?;The automaton has 5 transitions: q0 with value 1 goes to q1, q1 with value 1 goes to q2, q2 with value 0 goes to q3, q3 with value 0 goes to q4, q4 with value 0 goes to q0.;['simbolo-q0-q1', 'simbolo-q1-q2', 'simbolo-q2-q3', 'simbolo-q3-q4', 'simbolo-q4-q0'];-1;-1;False;{'user_input': 'How many transitions are drawn in total in the diagram?', 'intent': 'fsa-practical', 'argument': 'transition', 'dialogue_act': 'Ta:request', 'frame': {'numberOfTransitions': '?'}};[1.0, 1.0, 1.0, 1.0]
BaseLine;61;If I start in q0 and read 11, which state do I end up in?;The automaton has 5 states: q0, q1, q2, q3 and q4.;['simbolo-q0', 'simbolo-q1', 'simbolo-q2', 'simbolo-q3', 'simbolo-q4'];-1;-1;False;{'user_input': 'If I start in q0 and read 11, which state do I end up in?', 'intent': 'fsa-practical', 'argument': 'state', 'dialogue_act': 'Ta:request', 'frame': {'input': '11'}};[0.0, 0.2, 0.0, 0.1]
BaseLine;62;What language does this automaton recognize in terms of binary strings?;Could you be more specific?;[];-1;-1;False;{'user_input': 'What language does this automaton recognize in terms of binary strings?', 'intent': 'fsa-practical', 'argument': 'language', 'dialogue_act': 'Ta:request', 'frame': {'input': '?'}};[0.0, 0.1, 0.0, 1.0]
BaseLine;63;Is q0 the only accepting state in this example?;The automaton has 5 states: q0, q1, q2, q3 and q4.;['simbolo-q0', 'simbolo-q1', 'simbolo-q2', 'simbolo-q3', 'simbolo-q4'];-1;-1;False;{'user_input': 'Is q0 the only accepting state in this example?', 'intent': 'fsa-practical', 'argument': 'state', 'dialogue_act': 'Ta:request', 'frame': {'onlyStates': 'q0'}};[0.0, 0.2, 0.2, 0.8]
BaseLine;64;Which state in this diagram seems to have the most transitions?;The state q0 exists.;['simbolo-q0'];-1;-1;False;{'user_input': 'Which state in this diagram seems to have the most transitions?', 'intent': 'fsa-practical', 'argument': 'state', 'dialogue_act': 'Ta:request', 'frame': {'states': '?'}};[0.0, 0.1, 0.0, 0.2]
BaseLine;65;Can you describe the overall shape of the automaton’s graph as it appears on the tablet?;The automaton accepts zero or more words formed by a sequence of the type 11000. In total there are 5 states: q0, q1, q2, q3 and q4. q0 is both the initial and the final state. The transitions are: q0 with value 1 goes to q1, q1 with value 1 goes to q2, q2 with value 0 goes to q3, q3 with value 0 goes to q4, q4 with value 0 goes to q0.;[];-1;-1;False;{'user_input': 'Can you describe the overall shape of the automaton’s graph as it appears on the tablet?', 'intent': 'fsa-practical', 'argument': None, 'dialogue_act': 'Ta:request', 'frame': {'graphShape': '?'}};[0.4, 0.5, 0.5, 1.0]
BaseLine;-9;Can you tell me what happens if I follow the arrows from q1 until I get back to q1?;The automaton accepts zero or more words formed by a sequence of the type 11000. In total there are 5 states: q0, q1, q2, q3 and q4. q0 is both the initial and the final state. The transitions are: q0 with value 1 goes to q1, q1 with value 1 goes to q2, q2 with value 0 goes to q3, q3 with value 0 goes to q4, q4 with value 0 goes to q0.;[];-1;-1;False;{'user_input': 'Can you tell me what happens if I follow the arrows from q1 until I get back to q1?', 'intent': 'fsa-practical', 'argument': None, 'dialogue_act': 'Ta:request', 'frame': {'path': '?'}};[0.2, 0.3, 0.3, 0.9]
BaseLine;-8;From q2, is there any way to end up in q4 by only obeying this machine?;there is no transition between q2 and q4.;[];-1;-1;False;{'user_input': 'From q2, is there any way to end up in q4 by only obeying this machine?', 'intent': 'fsa-practical', 'argument': 'transition', 'dialogue_act': 'Ta:request', 'frame': {'transitions': [['q2', 'q4', '?']]}};[0.2, 0.4, 0.2, 1.0]
BaseLine;-7;What is written on the arrow that goes directly from q1 to q2?;The transition between q1 and q2 is with value 1.;['simbolo-q1-q2'];-1;-1;False;{'user_input': 'What is written on the arrow that goes directly from q1 to q2?', 'intent': 'fsa-practical', 'argument': 'transition', 'dialogue_act': 'Ta:request', 'frame': {'transitions': [['q1', 'q2', '?']]}};[1.0, 1.0, 1.0, 1.0]
BaseLine;-6;Show me the full list of states that can ever be final in this automaton.;The automaton has 5 states: q0, q1, q2, q3 and q4.;['simbolo-q0', 'simbolo-q1', 'simbolo-q2', 'simbolo-q3', 'simbolo-q4'];-1;-1;False;{'user_input': 'Show me the full list of states that can ever be final in this automaton.', 'intent': 'fsa-practical', 'argument': 'state', 'dialogue_act': 'Ta:request', 'frame': {'?': '?'}};[0.0, 0.2, 0.0, 0.2]
BaseLine;-5;Which state on this picture is supposed to be the very first one the machine starts in?;The initial state is q0.;['simbolo-q0'];-1;-1;False;{'user_input': 'Which state on this picture is supposed to be the very first one the machine starts in?', 'intent': 'fsa-practical', 'argument': 'state', 'dialogue_act': 'Ta:request', 'frame': {'initialState': '?'}};[1.0, 1.0, 1.0, 1.0]
BaseLine;-4;Tell me how many different arrows in total are drawn between all the states here.;The automaton has 5 transitions: q0 with value 1 goes to q1, q1 with value 1 goes to q2, q2 with value 0 goes to q3, q3 with value 0 goes to q4, q4 with value 0 goes to q0.;['simbolo-q0-q1', 'simbolo-q1-q2', 'simbolo-q2-q3', 'simbolo-q3-q4', 'simbolo-q4-q0'];-1;-1;False;{'user_input': 'Tell me how many different arrows in total are drawn between all the states here.', 'intent': 'fsa-practical', 'argument': 'transition', 'dialogue_act': 'Ta:request', 'frame': {'numberOfTransitions': '?'}};[1.0, 1.0, 1.0, 1.0]
BaseLine;-3;Does this automaton ever use any symbol other than 0 or 1 on its arrows?;Could you be more specific?;[];-1;-1;False;{'user_input': 'Does this automaton ever use any symbol other than 0 or 1 on its arrows?', 'intent': 'fsa-practical', 'argument': 'pattern', 'dialogue_act': 'Ta:request', 'frame': {'patternType': '?'}};[0.0, 0.1, 0.0, 1.0]
BaseLine;-2;Explain what kind of strings this automaton accepts in general terms.;Could you be more specific?;[];-1;-1;False;{'user_input': 'Explain what kind of strings this automaton accepts in general terms.', 'intent': 'fsa-practical', 'argument': 'language', 'dialogue_act': 'Ta:request', 'frame': {'input': '?'}};[0.0, 0.1, 0.0, 1.0]
BaseLine;-1;Tell me whether this machine is deterministic or not based on the diagram.;The automaton accepts zero or more words formed by a sequence of the type 11000. In total there are 5 states: q0, q1, q2, q3 and q4. q0 is both the initial and the final state. The transitions are: q0 with value 1 goes to q1, q1 with value 1 goes to q2, q2 with value 0 goes to q3, q3 with value 0 goes to q4, q4 with value 0 goes to q0.;[];-1;-1;False;{'user_input': 'Tell me whether this machine is deterministic or not based on the diagram.', 'intent': 'fsa-practical', 'argument': 'automaton', 'dialogue_act': 'Ta:request', 'frame': {'automatonType': '?'}};[0.1, 0.2, 0.2, 1.0]
BaseLine;0;Give me one example of an input that this automaton would reject.;Could you be more specific?;[];-1;-1;False;{'user_input': 'Give me one example of an input that this automaton would reject.', 'intent': 'fsa-practical', 'argument': 'language', 'dialogue_act': 'Ta:request', 'frame': {'input': '?'}};[0.0, 0.1, 0.0, 1.0]
BaseLine;1;What output does this automaton give me after it finishes reading an input?;Could you be more specific?;[];-1;-1;False;{'user_input': 'What output does this automaton give me after it finishes reading an input?', 'intent': 'fsa-practical', 'argument': 'language', 'dialogue_act': 'Ta:request', 'frame': {'output': '?'}};[0.1, 0.2, 0.1, 1.0]
BaseLine;2;From q0, what exact sequence of 0s and 1s sends me back to q0 using every state at least once?;Could you be more specific?;[];-1;-1;False;{'user_input': 'From q0, what exact sequence of 0s and 1s sends me back to q0 using every state at least once?', 'intent': 'fsa-practical', 'argument': 'pattern', 'dialogue_act': 'Ta:request', 'frame': {'input': 'q0'}};[0.0, 0.1, 0.0, 1.0]
BaseLine;3;Please name the state that has no arrows going into it from any other state in this drawing.;The state q0 exists.;['simbolo-q0'];-1;-1;False;{'user_input': 'Please name the state that has no arrows going into it from any other state in this drawing.', 'intent': 'fsa-practical', 'argument': 'state', 'dialogue_act': 'Ta:request', 'frame': {'states': '?'}};[0.0, 0.2, 0.0, 0.2]
